solid OpenSCAD_Model
  facet normal 0 0 -1
    outer loop
      vertex 54.9995 0.239975 0
      vertex 136.499 0.595581 0
      vertex 136.5 0 0
    endloop
  endfacet
  facet normal -0 0 -1
    outer loop
      vertex 136.499 0.595581 0
      vertex 54.9979 0.47995 0
      vertex 136.495 1.19116 0
    endloop
  endfacet
  facet normal -0 0 -1
    outer loop
      vertex 136.495 1.19116 0
      vertex 54.9979 0.47995 0
      vertex 136.488 1.78673 0
    endloop
  endfacet
  facet normal -0 0 -1
    outer loop
      vertex 136.488 1.78673 0
      vertex 54.9953 0.719925 0
      vertex 136.479 2.38225 0
    endloop
  endfacet
  facet normal 0 0 -1
    outer loop
      vertex 54.9916 0.959869 0
      vertex 136.479 2.38225 0
      vertex 54.9953 0.719925 0
    endloop
  endfacet
  facet normal 0 0 -1
    outer loop
      vertex 54.9869 1.19981 0
      vertex 136.468 2.97772 0
      vertex 54.9916 0.959869 0
    endloop
  endfacet
  facet normal -0 0 -1
    outer loop
      vertex 136.468 2.97772 0
      vertex 54.9869 1.19981 0
      vertex 136.453 3.57315 0
    endloop
  endfacet
  facet normal -0 0 -1
    outer loop
      vertex 136.453 3.57315 0
      vertex 54.9811 1.43973 0
      vertex 136.436 4.1685 0
    endloop
  endfacet
  facet normal 0 0 -1
    outer loop
      vertex 54.9743 1.67961 0
      vertex 136.436 4.1685 0
      vertex 54.9811 1.43973 0
    endloop
  endfacet
  facet normal 0 0 -1
    outer loop
      vertex 54.9665 1.91946 0
      vertex 136.417 4.76378 0
      vertex 54.9743 1.67961 0
    endloop
  endfacet
  facet normal -0 0 -1
    outer loop
      vertex 136.417 4.76378 0
      vertex 54.9665 1.91946 0
      vertex 136.395 5.35896 0
    endloop
  endfacet
  facet normal -0 0 -1
    outer loop
      vertex 136.395 5.35896 0
      vertex 54.9576 2.15929 0
      vertex 136.37 5.95404 0
    endloop
  endfacet
  facet normal 0 0 -1
    outer loop
      vertex 54.9476 2.39906 0
      vertex 136.37 5.95404 0
      vertex 54.9576 2.15929 0
    endloop
  endfacet
  facet normal 0 0 -1
    outer loop
      vertex 54.9367 2.63879 0
      vertex 136.343 6.54901 0
      vertex 54.9476 2.39906 0
    endloop
  endfacet
  facet normal -0 0 -1
    outer loop
      vertex 136.343 6.54901 0
      vertex 54.9367 2.63879 0
      vertex 136.313 7.14384 0
    endloop
  endfacet
  facet normal -0 0 -1
    outer loop
      vertex 136.313 7.14384 0
      vertex 54.9246 2.87846 0
      vertex 136.28 7.73856 0
    endloop
  endfacet
  facet normal 0 0 -1
    outer loop
      vertex 54.9115 3.1181 0
      vertex 136.28 7.73856 0
      vertex 54.9246 2.87846 0
    endloop
  endfacet
  facet normal 0 0 -1
    outer loop
      vertex 54.8974 3.35767 0
      vertex 136.245 8.33311 0
      vertex 54.9115 3.1181 0
    endloop
  endfacet
  facet normal -0 0 -1
    outer loop
      vertex 136.245 8.33311 0
      vertex 54.8974 3.35767 0
      vertex 136.208 8.92752 0
    endloop
  endfacet
  facet normal -0 0 -1
    outer loop
      vertex 136.208 8.92752 0
      vertex 54.8822 3.59717 0
      vertex 136.167 9.52174 0
    endloop
  endfacet
  facet normal 0 0 -1
    outer loop
      vertex 54.866 3.83659 0
      vertex 136.167 9.52174 0
      vertex 54.8822 3.59717 0
    endloop
  endfacet
  facet normal 0 0 -1
    outer loop
      vertex 54.8488 4.07596 0
      vertex 136.125 10.1158 0
      vertex 54.866 3.83659 0
    endloop
  endfacet
  facet normal -0 0 -1
    outer loop
      vertex 136.125 10.1158 0
      vertex 54.8488 4.07596 0
      vertex 136.079 10.7097 0
    endloop
  endfacet
  facet normal -0 0 -1
    outer loop
      vertex 136.079 10.7097 0
      vertex 54.8304 4.31525 0
      vertex 136.031 11.3033 0
    endloop
  endfacet
  facet normal 0 0 -1
    outer loop
      vertex 54.8111 4.55444 0
      vertex 136.031 11.3033 0
      vertex 54.8304 4.31525 0
    endloop
  endfacet
  facet normal 0 0 -1
    outer loop
      vertex 54.7907 4.79356 0
      vertex 135.981 11.8967 0
      vertex 54.8111 4.55444 0
    endloop
  endfacet
  facet normal -0 0 -1
    outer loop
      vertex 135.981 11.8967 0
      vertex 54.7907 4.79356 0
      vertex 135.927 12.49 0
    endloop
  endfacet
  facet normal -0 0 -1
    outer loop
      vertex 135.927 12.49 0
      vertex 54.7693 5.03258 0
      vertex 135.872 13.0829 0
    endloop
  endfacet
  facet normal 0 0 -1
    outer loop
      vertex 54.7468 5.27151 0
      vertex 135.872 13.0829 0
      vertex 54.7693 5.03258 0
    endloop
  endfacet
  facet normal 0 0 -1
    outer loop
      vertex 54.7233 5.51033 0
      vertex 135.813 13.6757 0
      vertex 54.7468 5.27151 0
    endloop
  endfacet
  facet normal -0 0 -1
    outer loop
      vertex 135.813 13.6757 0
      vertex 54.7233 5.51033 0
      vertex 135.752 14.2681 0
    endloop
  endfacet
  facet normal -0 0 -1
    outer loop
      vertex 135.752 14.2681 0
      vertex 54.6987 5.74905 0
      vertex 135.689 14.8603 0
    endloop
  endfacet
  facet normal 0 0 -1
    outer loop
      vertex 54.6731 5.98767 0
      vertex 135.689 14.8603 0
      vertex 54.6987 5.74905 0
    endloop
  endfacet
  facet normal 0 0 -1
    outer loop
      vertex 54.6464 6.22617 0
      vertex 135.623 15.4522 0
      vertex 54.6731 5.98767 0
    endloop
  endfacet
  facet normal -0 0 -1
    outer loop
      vertex 135.623 15.4522 0
      vertex 54.6464 6.22617 0
      vertex 135.554 16.0439 0
    endloop
  endfacet
  facet normal -0 0 -1
    outer loop
      vertex 135.554 16.0439 0
      vertex 54.6188 6.46455 0
      vertex 135.483 16.6352 0
    endloop
  endfacet
  facet normal 0 0 -1
    outer loop
      vertex 54.59 6.7028 0
      vertex 135.483 16.6352 0
      vertex 54.6188 6.46455 0
    endloop
  endfacet
  facet normal 0 0 -1
    outer loop
      vertex 54.5603 6.94093 0
      vertex 135.409 17.2262 0
      vertex 54.59 6.7028 0
    endloop
  endfacet
  facet normal -0 0 -1
    outer loop
      vertex 135.409 17.2262 0
      vertex 54.5603 6.94093 0
      vertex 135.332 17.8168 0
    endloop
  endfacet
  facet normal -0 0 -1
    outer loop
      vertex 135.332 17.8168 0
      vertex 54.5295 7.17894 0
      vertex 135.253 18.4072 0
    endloop
  endfacet
  facet normal 0 0 -1
    outer loop
      vertex 54.4976 7.41679 0
      vertex 135.253 18.4072 0
      vertex 54.5295 7.17894 0
    endloop
  endfacet
  facet normal 0 0 -1
    outer loop
      vertex 54.4647 7.65451 0
      vertex 135.172 18.9971 0
      vertex 54.4976 7.41679 0
    endloop
  endfacet
  facet normal -0 0 -1
    outer loop
      vertex 135.172 18.9971 0
      vertex 54.4647 7.65451 0
      vertex 135.087 19.5867 0
    endloop
  endfacet
  facet normal -0 0 -1
    outer loop
      vertex 135.087 19.5867 0
      vertex 54.4308 7.89209 0
      vertex 135.001 20.176 0
    endloop
  endfacet
  facet normal 0 0 -1
    outer loop
      vertex 54.3959 8.12952 0
      vertex 135.001 20.176 0
      vertex 54.4308 7.89209 0
    endloop
  endfacet
  facet normal 0 0 -1
    outer loop
      vertex 54.3599 8.36678 0
      vertex 134.911 20.7648 0
      vertex 54.3959 8.12952 0
    endloop
  endfacet
  facet normal -0 0 -1
    outer loop
      vertex 134.911 20.7648 0
      vertex 54.3599 8.36678 0
      vertex 134.819 21.3533 0
    endloop
  endfacet
  facet normal -0 0 -1
    outer loop
      vertex 134.819 21.3533 0
      vertex 54.3228 8.60388 0
      vertex 134.725 21.9413 0
    endloop
  endfacet
  facet normal 0 0 -1
    outer loop
      vertex 54.2848 8.84084 0
      vertex 134.725 21.9413 0
      vertex 54.3228 8.60388 0
    endloop
  endfacet
  facet normal 0 0 -1
    outer loop
      vertex 54.2457 9.07761 0
      vertex 134.628 22.529 0
      vertex 54.2848 8.84084 0
    endloop
  endfacet
  facet normal -0 0 -1
    outer loop
      vertex 134.628 22.529 0
      vertex 54.2457 9.07761 0
      vertex 134.528 23.1162 0
    endloop
  endfacet
  facet normal -0 0 -1
    outer loop
      vertex 134.528 23.1162 0
      vertex 54.2056 9.31421 0
      vertex 134.426 23.703 0
    endloop
  endfacet
  facet normal 0 0 -1
    outer loop
      vertex 54.1644 9.55064 0
      vertex 134.426 23.703 0
      vertex 54.2056 9.31421 0
    endloop
  endfacet
  facet normal 0 0 -1
    outer loop
      vertex 54.1222 9.78688 0
      vertex 134.322 24.2893 0
      vertex 54.1644 9.55064 0
    endloop
  endfacet
  facet normal -0 0 -1
    outer loop
      vertex 134.322 24.2893 0
      vertex 54.1222 9.78688 0
      vertex 134.214 24.8751 0
    endloop
  endfacet
  facet normal -0 0 -1
    outer loop
      vertex 134.214 24.8751 0
      vertex 54.079 10.0229 0
      vertex 134.104 25.4605 0
    endloop
  endfacet
  facet normal 0 0 -1
    outer loop
      vertex 54.0348 10.2588 0
      vertex 134.104 25.4605 0
      vertex 54.079 10.0229 0
    endloop
  endfacet
  facet normal 0 0 -1
    outer loop
      vertex 53.9895 10.4945 0
      vertex 133.992 26.0454 0
      vertex 54.0348 10.2588 0
    endloop
  endfacet
  facet normal -0 0 -1
    outer loop
      vertex 133.992 26.0454 0
      vertex 53.9895 10.4945 0
      vertex 133.877 26.6298 0
    endloop
  endfacet
  facet normal -0 0 -1
    outer loop
      vertex 133.877 26.6298 0
      vertex 53.9432 10.73 0
      vertex 133.76 27.2137 0
    endloop
  endfacet
  facet normal 0 0 -1
    outer loop
      vertex 53.8958 10.9652 0
      vertex 133.76 27.2137 0
      vertex 53.9432 10.73 0
    endloop
  endfacet
  facet normal 0 0 -1
    outer loop
      vertex 53.8475 11.2003 0
      vertex 133.64 27.7971 0
      vertex 53.8958 10.9652 0
    endloop
  endfacet
  facet normal -0 0 -1
    outer loop
      vertex 133.64 27.7971 0
      vertex 53.8475 11.2003 0
      vertex 133.517 28.3799 0
    endloop
  endfacet
  facet normal -0 0 -1
    outer loop
      vertex 133.517 28.3799 0
      vertex 53.7981 11.4351 0
      vertex 133.392 28.9622 0
    endloop
  endfacet
  facet normal 0 0 -1
    outer loop
      vertex 53.7477 11.6698 0
      vertex 133.392 28.9622 0
      vertex 53.7981 11.4351 0
    endloop
  endfacet
  facet normal 0 0 -1
    outer loop
      vertex 53.6963 11.9042 0
      vertex 133.264 29.544 0
      vertex 53.7477 11.6698 0
    endloop
  endfacet
  facet normal 0 0 -1
    outer loop
      vertex 53.6438 12.1384 0
      vertex 133.134 30.1252 0
      vertex 53.6963 11.9042 0
    endloop
  endfacet
  facet normal -0 0 -1
    outer loop
      vertex 133.134 30.1252 0
      vertex 53.6438 12.1384 0
      vertex 133.002 30.7058 0
    endloop
  endfacet
  facet normal 0 0 -1
    outer loop
      vertex 53.5903 12.3723 0
      vertex 133.002 30.7058 0
      vertex 53.6438 12.1384 0
    endloop
  endfacet
  facet normal 0 0 -1
    outer loop
      vertex 53.5359 12.606 0
      vertex 132.866 31.2858 0
      vertex 53.5903 12.3723 0
    endloop
  endfacet
  facet normal 0 0 -1
    outer loop
      vertex 53.4803 12.8395 0
      vertex 132.728 31.8653 0
      vertex 53.5359 12.606 0
    endloop
  endfacet
  facet normal -0 0 -1
    outer loop
      vertex 132.728 31.8653 0
      vertex 53.4803 12.8395 0
      vertex 132.588 32.4441 0
    endloop
  endfacet
  facet normal -0 0 -1
    outer loop
      vertex 132.588 32.4441 0
      vertex 53.4238 13.0727 0
      vertex 132.445 33.0223 0
    endloop
  endfacet
  facet normal 0 0 -1
    outer loop
      vertex 53.3663 13.3057 0
      vertex 132.445 33.0223 0
      vertex 53.4238 13.0727 0
    endloop
  endfacet
  facet normal 0 0 -1
    outer loop
      vertex 53.3077 13.5384 0
      vertex 132.3 33.5999 0
      vertex 53.3663 13.3057 0
    endloop
  endfacet
  facet normal -0 0 -1
    outer loop
      vertex 132.3 33.5999 0
      vertex 53.3077 13.5384 0
      vertex 132.152 34.1769 0
    endloop
  endfacet
  facet normal -0 0 -1
    outer loop
      vertex 132.152 34.1769 0
      vertex 53.2481 13.7709 0
      vertex 132.002 34.7532 0
    endloop
  endfacet
  facet normal 0 0 -1
    outer loop
      vertex 53.1875 14.0031 0
      vertex 132.002 34.7532 0
      vertex 53.2481 13.7709 0
    endloop
  endfacet
  facet normal 0 0 -1
    outer loop
      vertex 53.1259 14.235 0
      vertex 131.849 35.3288 0
      vertex 53.1875 14.0031 0
    endloop
  endfacet
  facet normal -0 0 -1
    outer loop
      vertex 131.849 35.3288 0
      vertex 53.1259 14.235 0
      vertex 131.693 35.9037 0
    endloop
  endfacet
  facet normal -0 0 -1
    outer loop
      vertex 131.693 35.9037 0
      vertex 53.0633 14.4667 0
      vertex 131.536 36.478 0
    endloop
  endfacet
  facet normal 0 0 -1
    outer loop
      vertex 52.9997 14.6981 0
      vertex 131.536 36.478 0
      vertex 53.0633 14.4667 0
    endloop
  endfacet
  facet normal 0 0 -1
    outer loop
      vertex 52.935 14.9292 0
      vertex 131.375 37.0516 0
      vertex 52.9997 14.6981 0
    endloop
  endfacet
  facet normal -0 0 -1
    outer loop
      vertex 131.375 37.0516 0
      vertex 52.935 14.9292 0
      vertex 131.212 37.6245 0
    endloop
  endfacet
  facet normal -0 0 -1
    outer loop
      vertex 131.212 37.6245 0
      vertex 52.8694 15.16 0
      vertex 131.047 38.1967 0
    endloop
  endfacet
  facet normal 0 0 -1
    outer loop
      vertex 52.8027 15.3906 0
      vertex 131.047 38.1967 0
      vertex 52.8694 15.16 0
    endloop
  endfacet
  facet normal 0 0 -1
    outer loop
      vertex 52.7351 15.6208 0
      vertex 130.879 38.7681 0
      vertex 52.8027 15.3906 0
    endloop
  endfacet
  facet normal -0 0 -1
    outer loop
      vertex 130.879 38.7681 0
      vertex 52.7351 15.6208 0
      vertex 130.708 39.3388 0
    endloop
  endfacet
  facet normal -0 0 -1
    outer loop
      vertex 130.708 39.3388 0
      vertex 52.6664 15.8508 0
      vertex 130.536 39.9087 0
    endloop
  endfacet
  facet normal 0 0 -1
    outer loop
      vertex 52.5968 16.0804 0
      vertex 130.536 39.9087 0
      vertex 52.6664 15.8508 0
    endloop
  endfacet
  facet normal 0 0 -1
    outer loop
      vertex 52.5261 16.3098 0
      vertex 130.36 40.4779 0
      vertex 52.5968 16.0804 0
    endloop
  endfacet
  facet normal -0 0 -1
    outer loop
      vertex 130.36 40.4779 0
      vertex 52.5261 16.3098 0
      vertex 130.182 41.0463 0
    endloop
  endfacet
  facet normal -0 0 -1
    outer loop
      vertex 130.182 41.0463 0
      vertex 52.4544 16.5388 0
      vertex 130.002 41.614 0
    endloop
  endfacet
  facet normal 0 0 -1
    outer loop
      vertex 52.3818 16.7675 0
      vertex 130.002 41.614 0
      vertex 52.4544 16.5388 0
    endloop
  endfacet
  facet normal 0 0 -1
    outer loop
      vertex 52.3081 16.9959 0
      vertex 129.819 42.1808 0
      vertex 52.3818 16.7675 0
    endloop
  endfacet
  facet normal -0 0 -1
    outer loop
      vertex 129.819 42.1808 0
      vertex 52.3081 16.9959 0
      vertex 129.634 42.7469 0
    endloop
  endfacet
  facet normal 0 -0 -1
    outer loop
      vertex 61.7678 58.2322 0
      vertex 129.446 43.3121 0
      vertex 52.3081 16.9959 0
    endloop
  endfacet
  facet normal 0 0 -1
    outer loop
      vertex 129.446 43.3121 0
      vertex 61.7678 58.2322 0
      vertex 129.256 43.8765 0
    endloop
  endfacet
  facet normal 0 0 -1
    outer loop
      vertex 129.256 43.8765 0
      vertex 61.8524 58.3211 0
      vertex 129.063 44.44 0
    endloop
  endfacet
  facet normal 0 0 -1
    outer loop
      vertex 129.063 44.44 0
      vertex 61.8524 58.3211 0
      vertex 128.868 45.0028 0
    endloop
  endfacet
  facet normal 0 0 -1
    outer loop
      vertex 128.471 46.1256 0
      vertex 61.8524 58.3211 0
      vertex 128.268 46.6857 0
    endloop
  endfacet
  facet normal 0 0 -1
    outer loop
      vertex 128.063 47.245 0
      vertex 61.9325 58.414 0
      vertex 127.856 47.8033 0
    endloop
  endfacet
  facet normal 0 0 -1
    outer loop
      vertex 127.646 48.3607 0
      vertex 61.9325 58.414 0
      vertex 127.434 48.9172 0
    endloop
  endfacet
  facet normal 0 -0 -1
    outer loop
      vertex 62.008 58.5107 0
      vertex 127.434 48.9172 0
      vertex 61.9325 58.414 0
    endloop
  endfacet
  facet normal 0 0 -1
    outer loop
      vertex 127.219 49.4728 0
      vertex 62.008 58.5107 0
      vertex 127.002 50.0274 0
    endloop
  endfacet
  facet normal 0 0 -1
    outer loop
      vertex 127.002 50.0274 0
      vertex 62.008 58.5107 0
      vertex 126.783 50.5811 0
    endloop
  endfacet
  facet normal 0 0 -1
    outer loop
      vertex 126.561 51.1338 0
      vertex 62.008 58.5107 0
      vertex 126.336 51.6855 0
    endloop
  endfacet
  facet normal 0 -0 -1
    outer loop
      vertex 62.0787 58.6111 0
      vertex 126.336 51.6855 0
      vertex 62.008 58.5107 0
    endloop
  endfacet
  facet normal 0 0 -1
    outer loop
      vertex 126.11 52.2363 0
      vertex 62.0787 58.6111 0
      vertex 125.88 52.786 0
    endloop
  endfacet
  facet normal 0 0 -1
    outer loop
      vertex 125.88 52.786 0
      vertex 62.0787 58.6111 0
      vertex 125.649 53.3348 0
    endloop
  endfacet
  facet normal 0 -0 -1
    outer loop
      vertex 62.1443 58.7147 0
      vertex 125.415 53.8825 0
      vertex 62.0787 58.6111 0
    endloop
  endfacet
  facet normal 0 0 -1
    outer loop
      vertex 125.415 53.8825 0
      vertex 62.1443 58.7147 0
      vertex 125.179 54.4292 0
    endloop
  endfacet
  facet normal 0 0 -1
    outer loop
      vertex 124.94 54.9749 0
      vertex 62.1443 58.7147 0
      vertex 124.699 55.5195 0
    endloop
  endfacet
  facet normal 0 -0 -1
    outer loop
      vertex 62.2048 58.8215 0
      vertex 124.456 56.0631 0
      vertex 62.1443 58.7147 0
    endloop
  endfacet
  facet normal 0 0 -1
    outer loop
      vertex 124.21 56.6056 0
      vertex 62.2048 58.8215 0
      vertex 123.962 57.147 0
    endloop
  endfacet
  facet normal 0 0 -1
    outer loop
      vertex 123.962 57.147 0
      vertex 62.2048 58.8215 0
      vertex 123.711 57.6874 0
    endloop
  endfacet
  facet normal 0 0 -1
    outer loop
      vertex 123.458 58.2266 0
      vertex 62.26 58.9311 0
      vertex 123.203 58.7648 0
    endloop
  endfacet
  facet normal 0 0 -1
    outer loop
      vertex 123.203 58.7648 0
      vertex 62.26 58.9311 0
      vertex 122.945 59.3018 0
    endloop
  endfacet
  facet normal 0 -0 -1
    outer loop
      vertex 62.3097 59.0433 0
      vertex 122.423 60.3724 0
      vertex 62.26 58.9311 0
    endloop
  endfacet
  facet normal -0 0 -1
    outer loop
      vertex 122.423 60.3724 0
      vertex 62.3097 59.0433 0
      vertex 122.159 60.906 0
    endloop
  endfacet
  facet normal -0 0 -1
    outer loop
      vertex 121.892 61.4384 0
      vertex 62.3097 59.0433 0
      vertex 121.622 61.9697 0
    endloop
  endfacet
  facet normal -0 0 -1
    outer loop
      vertex 121.077 63.0287 0
      vertex 62.3539 59.1578 0
      vertex 120.801 63.5564 0
    endloop
  endfacet
  facet normal -0 0 -1
    outer loop
      vertex 120.522 64.0829 0
      vertex 62.3539 59.1578 0
      vertex 120.242 64.6081 0
    endloop
  endfacet
  facet normal 0 -0 -1
    outer loop
      vertex 62.3923 59.2743 0
      vertex 120.242 64.6081 0
      vertex 62.3539 59.1578 0
    endloop
  endfacet
  facet normal -0 0 -1
    outer loop
      vertex 119.959 65.1322 0
      vertex 62.3923 59.2743 0
      vertex 119.673 65.655 0
    endloop
  endfacet
  facet normal -0 0 -1
    outer loop
      vertex 119.673 65.655 0
      vertex 62.3923 59.2743 0
      vertex 119.386 66.1765 0
    endloop
  endfacet
  facet normal -0 0 -1
    outer loop
      vertex 119.096 66.6968 0
      vertex 62.4251 59.3925 0
      vertex 118.804 67.2158 0
    endloop
  endfacet
  facet normal -0 0 -1
    outer loop
      vertex 118.804 67.2158 0
      vertex 62.4251 59.3925 0
      vertex 118.509 67.7336 0
    endloop
  endfacet
  facet normal -0 0 -1
    outer loop
      vertex 118.509 67.7336 0
      vertex 62.4251 59.3925 0
      vertex 118.212 68.25 0
    endloop
  endfacet
  facet normal 0 -0 -1
    outer loop
      vertex 62.452 59.5123 0
      vertex 118.212 68.25 0
      vertex 62.4251 59.3925 0
    endloop
  endfacet
  facet normal -0 0 -1
    outer loop
      vertex 117.914 68.7651 0
      vertex 62.452 59.5123 0
      vertex 117.612 69.279 0
    endloop
  endfacet
  facet normal -0 0 -1
    outer loop
      vertex 117.612 69.279 0
      vertex 62.452 59.5123 0
      vertex 117.309 69.7915 0
    endloop
  endfacet
  facet normal 0 -0 -1
    outer loop
      vertex 62.4729 59.6332 0
      vertex 117.309 69.7915 0
      vertex 62.452 59.5123 0
    endloop
  endfacet
  facet normal -0 0 -1
    outer loop
      vertex 117.309 69.7915 0
      vertex 62.4729 59.6332 0
      vertex 117.003 70.3027 0
    endloop
  endfacet
  facet normal -0 0 -1
    outer loop
      vertex 117.003 70.3027 0
      vertex 62.4729 59.6332 0
      vertex 116.695 70.8125 0
    endloop
  endfacet
  facet normal -0 0 -1
    outer loop
      vertex 116.695 70.8125 0
      vertex 62.4729 59.6332 0
      vertex 116.385 71.321 0
    endloop
  endfacet
  facet normal 0 -0 -1
    outer loop
      vertex 62.488 59.755 0
      vertex 116.073 71.8282 0
      vertex 62.4729 59.6332 0
    endloop
  endfacet
  facet normal -0 0 -1
    outer loop
      vertex 116.073 71.8282 0
      vertex 62.488 59.755 0
      vertex 115.759 72.334 0
    endloop
  endfacet
  facet normal -0 0 -1
    outer loop
      vertex 115.759 72.334 0
      vertex 62.488 59.755 0
      vertex 115.442 72.8384 0
    endloop
  endfacet
  facet normal -0 0 -1
    outer loop
      vertex 115.442 72.8384 0
      vertex 62.488 59.755 0
      vertex 115.123 73.3414 0
    endloop
  endfacet
  facet normal 0 -0 -1
    outer loop
      vertex 62.497 59.8773 0
      vertex 115.123 73.3414 0
      vertex 62.488 59.755 0
    endloop
  endfacet
  facet normal -0 0 -1
    outer loop
      vertex 115.123 73.3414 0
      vertex 62.497 59.8773 0
      vertex 114.802 73.843 0
    endloop
  endfacet
  facet normal -0 0 -1
    outer loop
      vertex 114.479 74.3432 0
      vertex 62.497 59.8773 0
      vertex 114.153 74.842 0
    endloop
  endfacet
  facet normal 0 -0 -1
    outer loop
      vertex 62.5 60 0
      vertex 114.153 74.842 0
      vertex 62.497 59.8773 0
    endloop
  endfacet
  facet normal -0 0 -1
    outer loop
      vertex 114.153 74.842 0
      vertex 62.5 60 0
      vertex 113.825 75.3394 0
    endloop
  endfacet
  facet normal -0 0 -1
    outer loop
      vertex 113.825 75.3394 0
      vertex 62.5 60 0
      vertex 113.496 75.8353 0
    endloop
  endfacet
  facet normal -0 0 -1
    outer loop
      vertex 113.496 75.8353 0
      vertex 62.5 60 0
      vertex 113.164 76.3298 0
    endloop
  endfacet
  facet normal 0 0 -1
    outer loop
      vertex 62.497 60.1227 0
      vertex 113.164 76.3298 0
      vertex 62.5 60 0
    endloop
  endfacet
  facet normal -0 0 -1
    outer loop
      vertex 112.829 76.8229 0
      vertex 62.497 60.1227 0
      vertex 112.493 77.3144 0
    endloop
  endfacet
  facet normal -0 0 -1
    outer loop
      vertex 112.493 77.3144 0
      vertex 62.497 60.1227 0
      vertex 112.155 77.8046 0
    endloop
  endfacet
  facet normal 0 0 -1
    outer loop
      vertex 62.488 60.245 0
      vertex 112.155 77.8046 0
      vertex 62.497 60.1227 0
    endloop
  endfacet
  facet normal -0 0 -1
    outer loop
      vertex 112.155 77.8046 0
      vertex 62.488 60.245 0
      vertex 111.814 78.2932 0
    endloop
  endfacet
  facet normal -0 0 -1
    outer loop
      vertex 111.814 78.2932 0
      vertex 62.488 60.245 0
      vertex 111.472 78.7803 0
    endloop
  endfacet
  facet normal -0 0 -1
    outer loop
      vertex 111.472 78.7803 0
      vertex 62.488 60.245 0
      vertex 111.127 79.2659 0
    endloop
  endfacet
  facet normal 0 0 -1
    outer loop
      vertex 62.4729 60.3668 0
      vertex 110.78 79.7501 0
      vertex 62.488 60.245 0
    endloop
  endfacet
  facet normal -0 0 -1
    outer loop
      vertex 110.78 79.7501 0
      vertex 62.4729 60.3668 0
      vertex 110.431 80.2327 0
    endloop
  endfacet
  facet normal -0 0 -1
    outer loop
      vertex 110.431 80.2327 0
      vertex 62.4729 60.3668 0
      vertex 110.08 80.7138 0
    endloop
  endfacet
  facet normal 0 0 -1
    outer loop
      vertex 62.452 60.4877 0
      vertex 110.08 80.7138 0
      vertex 62.4729 60.3668 0
    endloop
  endfacet
  facet normal -0 0 -1
    outer loop
      vertex 110.08 80.7138 0
      vertex 62.452 60.4877 0
      vertex 109.726 81.1933 0
    endloop
  endfacet
  facet normal -0 0 -1
    outer loop
      vertex 109.371 81.6713 0
      vertex 62.452 60.4877 0
      vertex 109.014 82.1477 0
    endloop
  endfacet
  facet normal 0 0 -1
    outer loop
      vertex 62.4251 60.6074 0
      vertex 109.014 82.1477 0
      vertex 62.452 60.4877 0
    endloop
  endfacet
  facet normal -0 0 -1
    outer loop
      vertex 109.014 82.1477 0
      vertex 62.4251 60.6074 0
      vertex 108.654 82.6226 0
    endloop
  endfacet
  facet normal -0 0 -1
    outer loop
      vertex 108.654 82.6226 0
      vertex 62.4251 60.6074 0
      vertex 108.293 83.0959 0
    endloop
  endfacet
  facet normal -0 0 -1
    outer loop
      vertex 108.293 83.0959 0
      vertex 62.4251 60.6074 0
      vertex 107.929 83.5677 0
    endloop
  endfacet
  facet normal 0 0 -1
    outer loop
      vertex 62.3923 60.7257 0
      vertex 107.929 83.5677 0
      vertex 62.4251 60.6074 0
    endloop
  endfacet
  facet normal -0 0 -1
    outer loop
      vertex 107.563 84.0378 0
      vertex 62.3923 60.7257 0
      vertex 107.196 84.5063 0
    endloop
  endfacet
  facet normal -0 0 -1
    outer loop
      vertex 107.196 84.5063 0
      vertex 62.3923 60.7257 0
      vertex 106.826 84.9732 0
    endloop
  endfacet
  facet normal 0 0 -1
    outer loop
      vertex 62.3539 60.8422 0
      vertex 106.826 84.9732 0
      vertex 62.3923 60.7257 0
    endloop
  endfacet
  facet normal -0 0 -1
    outer loop
      vertex 106.826 84.9732 0
      vertex 62.3539 60.8422 0
      vertex 106.454 85.4386 0
    endloop
  endfacet
  facet normal -0 0 -1
    outer loop
      vertex 106.454 85.4386 0
      vertex 62.3539 60.8422 0
      vertex 106.08 85.9022 0
    endloop
  endfacet
  facet normal 0 0 -1
    outer loop
      vertex 62.3097 60.9567 0
      vertex 105.705 86.3643 0
      vertex 62.3539 60.8422 0
    endloop
  endfacet
  facet normal -0 0 -1
    outer loop
      vertex 105.705 86.3643 0
      vertex 62.3097 60.9567 0
      vertex 105.327 86.8247 0
    endloop
  endfacet
  facet normal -0 0 -1
    outer loop
      vertex 105.327 86.8247 0
      vertex 62.3097 60.9567 0
      vertex 104.947 87.2834 0
    endloop
  endfacet
  facet normal -0 0 -1
    outer loop
      vertex 104.947 87.2834 0
      vertex 62.3097 60.9567 0
      vertex 104.565 87.7405 0
    endloop
  endfacet
  facet normal 0 0 -1
    outer loop
      vertex 62.26 61.0689 0
      vertex 104.565 87.7405 0
      vertex 62.3097 60.9567 0
    endloop
  endfacet
  facet normal -0 0 -1
    outer loop
      vertex 104.181 88.1959 0
      vertex 62.26 61.0689 0
      vertex 103.795 88.6497 0
    endloop
  endfacet
  facet normal -0 0 -1
    outer loop
      vertex 103.795 88.6497 0
      vertex 62.26 61.0689 0
      vertex 103.408 89.1017 0
    endloop
  endfacet
  facet normal 0 0 -1
    outer loop
      vertex 62.2048 61.1785 0
      vertex 103.408 89.1017 0
      vertex 62.26 61.0689 0
    endloop
  endfacet
  facet normal -0 0 -1
    outer loop
      vertex 103.408 89.1017 0
      vertex 62.2048 61.1785 0
      vertex 103.018 89.552 0
    endloop
  endfacet
  facet normal -0 0 -1
    outer loop
      vertex 103.018 89.552 0
      vertex 62.2048 61.1785 0
      vertex 102.626 90.0007 0
    endloop
  endfacet
  facet normal 0 0 -1
    outer loop
      vertex 62.1443 61.2853 0
      vertex 102.626 90.0007 0
      vertex 62.2048 61.1785 0
    endloop
  endfacet
  facet normal -0 0 -1
    outer loop
      vertex 102.232 90.4476 0
      vertex 62.1443 61.2853 0
      vertex 101.837 90.8928 0
    endloop
  endfacet
  facet normal -0 0 -1
    outer loop
      vertex 101.837 90.8928 0
      vertex 62.1443 61.2853 0
      vertex 101.439 91.3363 0
    endloop
  endfacet
  facet normal 0 0 -1
    outer loop
      vertex 62.0787 61.3889 0
      vertex 101.439 91.3363 0
      vertex 62.1443 61.2853 0
    endloop
  endfacet
  facet normal -0 0 -1
    outer loop
      vertex 101.439 91.3363 0
      vertex 62.0787 61.3889 0
      vertex 101.04 91.7781 0
    endloop
  endfacet
  facet normal -0 0 -1
    outer loop
      vertex 101.04 91.7781 0
      vertex 62.0787 61.3889 0
      vertex 100.638 92.218 0
    endloop
  endfacet
  facet normal 0 0 -1
    outer loop
      vertex 62.008 61.4892 0
      vertex 100.235 92.6563 0
      vertex 62.0787 61.3889 0
    endloop
  endfacet
  facet normal -0 0 -1
    outer loop
      vertex 100.235 92.6563 0
      vertex 62.008 61.4892 0
      vertex 99.8298 93.0928 0
    endloop
  endfacet
  facet normal -0 0 -1
    outer loop
      vertex 99.8298 93.0928 0
      vertex 62.008 61.4892 0
      vertex 99.4226 93.5275 0
    endloop
  endfacet
  facet normal -0 0 -1
    outer loop
      vertex 99.4226 93.5275 0
      vertex 62.008 61.4892 0
      vertex 99.0136 93.9604 0
    endloop
  endfacet
  facet normal 0 0 -1
    outer loop
      vertex 61.9325 61.586 0
      vertex 99.0136 93.9604 0
      vertex 62.008 61.4892 0
    endloop
  endfacet
  facet normal -0 0 -1
    outer loop
      vertex 98.6027 94.3915 0
      vertex 61.9325 61.586 0
      vertex 98.1899 94.8209 0
    endloop
  endfacet
  facet normal 0 0 -1
    outer loop
      vertex 61.8524 61.6789 0
      vertex 98.1899 94.8209 0
      vertex 61.9325 61.586 0
    endloop
  endfacet
  facet normal -0 0 -1
    outer loop
      vertex 98.1899 94.8209 0
      vertex 61.8524 61.6789 0
      vertex 97.7752 95.2484 0
    endloop
  endfacet
  facet normal -0 0 -1
    outer loop
      vertex 97.7752 95.2484 0
      vertex 61.8524 61.6789 0
      vertex 97.3587 95.6741 0
    endloop
  endfacet
  facet normal -0 0 -1
    outer loop
      vertex 97.3587 95.6741 0
      vertex 61.8524 61.6789 0
      vertex 96.9403 96.098 0
    endloop
  endfacet
  facet normal 0 0 -1
    outer loop
      vertex 61.7678 61.7678 0
      vertex 96.9403 96.098 0
      vertex 61.8524 61.6789 0
    endloop
  endfacet
  facet normal -0 0 -1
    outer loop
      vertex 96.5201 96.5201 0
      vertex 61.7678 61.7678 0
      vertex 96.098 96.9403 0
    endloop
  endfacet
  facet normal -0 0 -1
    outer loop
      vertex 96.098 96.9403 0
      vertex 61.7678 61.7678 0
      vertex 95.6741 97.3587 0
    endloop
  endfacet
  facet normal 0 0 -1
    outer loop
      vertex 61.6789 61.8524 0
      vertex 95.6741 97.3587 0
      vertex 61.7678 61.7678 0
    endloop
  endfacet
  facet normal -0 0 -1
    outer loop
      vertex 95.6741 97.3587 0
      vertex 61.6789 61.8524 0
      vertex 95.2484 97.7752 0
    endloop
  endfacet
  facet normal -0 0 -1
    outer loop
      vertex 95.2484 97.7752 0
      vertex 61.6789 61.8524 0
      vertex 94.8209 98.1899 0
    endloop
  endfacet
  facet normal 0 0 -1
    outer loop
      vertex 61.586 61.9325 0
      vertex 94.3915 98.6027 0
      vertex 61.6789 61.8524 0
    endloop
  endfacet
  facet normal -0 0 -1
    outer loop
      vertex 94.3915 98.6027 0
      vertex 61.586 61.9325 0
      vertex 93.9604 99.0136 0
    endloop
  endfacet
  facet normal -0 0 -1
    outer loop
      vertex 93.9604 99.0136 0
      vertex 61.586 61.9325 0
      vertex 93.5275 99.4226 0
    endloop
  endfacet
  facet normal 0 0 -1
    outer loop
      vertex 61.4892 62.008 0
      vertex 93.5275 99.4226 0
      vertex 61.586 61.9325 0
    endloop
  endfacet
  facet normal -0 0 -1
    outer loop
      vertex 93.5275 99.4226 0
      vertex 61.4892 62.008 0
      vertex 93.0928 99.8298 0
    endloop
  endfacet
  facet normal -0 0 -1
    outer loop
      vertex 93.0928 99.8298 0
      vertex 61.4892 62.008 0
      vertex 92.6563 100.235 0
    endloop
  endfacet
  facet normal 0 0 -1
    outer loop
      vertex 61.3889 62.0787 0
      vertex 92.218 100.638 0
      vertex 61.4892 62.008 0
    endloop
  endfacet
  facet normal -0 0 -1
    outer loop
      vertex 92.218 100.638 0
      vertex 61.3889 62.0787 0
      vertex 91.7781 101.04 0
    endloop
  endfacet
  facet normal -0 0 -1
    outer loop
      vertex 91.7781 101.04 0
      vertex 61.3889 62.0787 0
      vertex 91.3363 101.439 0
    endloop
  endfacet
  facet normal -0 0 -1
    outer loop
      vertex 91.3363 101.439 0
      vertex 61.3889 62.0787 0
      vertex 90.8928 101.837 0
    endloop
  endfacet
  facet normal 0 0 -1
    outer loop
      vertex 61.2853 62.1443 0
      vertex 90.8928 101.837 0
      vertex 61.3889 62.0787 0
    endloop
  endfacet
  facet normal -0 0 -1
    outer loop
      vertex 90.8928 101.837 0
      vertex 61.2853 62.1443 0
      vertex 90.4476 102.232 0
    endloop
  endfacet
  facet normal -0 0 -1
    outer loop
      vertex 90.0007 102.626 0
      vertex 61.2853 62.1443 0
      vertex 89.552 103.018 0
    endloop
  endfacet
  facet normal 0 0 -1
    outer loop
      vertex 61.1785 62.2048 0
      vertex 89.552 103.018 0
      vertex 61.2853 62.1443 0
    endloop
  endfacet
  facet normal -0 0 -1
    outer loop
      vertex 89.552 103.018 0
      vertex 61.1785 62.2048 0
      vertex 89.1017 103.408 0
    endloop
  endfacet
  facet normal -0 0 -1
    outer loop
      vertex 89.1017 103.408 0
      vertex 61.1785 62.2048 0
      vertex 88.6497 103.795 0
    endloop
  endfacet
  facet normal 0 0 -1
    outer loop
      vertex 61.0689 62.26 0
      vertex 88.6497 103.795 0
      vertex 61.1785 62.2048 0
    endloop
  endfacet
  facet normal -0 0 -1
    outer loop
      vertex 88.6497 103.795 0
      vertex 61.0689 62.26 0
      vertex 88.1959 104.181 0
    endloop
  endfacet
  facet normal -0 0 -1
    outer loop
      vertex 87.7405 104.565 0
      vertex 61.0689 62.26 0
      vertex 87.2834 104.947 0
    endloop
  endfacet
  facet normal 0 0 -1
    outer loop
      vertex 60.9567 62.3097 0
      vertex 87.2834 104.947 0
      vertex 61.0689 62.26 0
    endloop
  endfacet
  facet normal -0 0 -1
    outer loop
      vertex 87.2834 104.947 0
      vertex 60.9567 62.3097 0
      vertex 86.8247 105.327 0
    endloop
  endfacet
  facet normal -0 0 -1
    outer loop
      vertex 86.8247 105.327 0
      vertex 60.9567 62.3097 0
      vertex 86.3643 105.705 0
    endloop
  endfacet
  facet normal -0 0 -1
    outer loop
      vertex 86.3643 105.705 0
      vertex 60.9567 62.3097 0
      vertex 85.9022 106.08 0
    endloop
  endfacet
  facet normal 0 0 -1
    outer loop
      vertex 60.8422 62.3539 0
      vertex 85.9022 106.08 0
      vertex 60.9567 62.3097 0
    endloop
  endfacet
  facet normal -0 0 -1
    outer loop
      vertex 85.4386 106.454 0
      vertex 60.8422 62.3539 0
      vertex 84.9732 106.826 0
    endloop
  endfacet
  facet normal -0 0 -1
    outer loop
      vertex 84.9732 106.826 0
      vertex 60.8422 62.3539 0
      vertex 84.5063 107.196 0
    endloop
  endfacet
  facet normal 0 0 -1
    outer loop
      vertex 60.7257 62.3923 0
      vertex 84.5063 107.196 0
      vertex 60.8422 62.3539 0
    endloop
  endfacet
  facet normal -0 0 -1
    outer loop
      vertex 84.5063 107.196 0
      vertex 60.7257 62.3923 0
      vertex 84.0378 107.563 0
    endloop
  endfacet
  facet normal -0 0 -1
    outer loop
      vertex 84.0378 107.563 0
      vertex 60.7257 62.3923 0
      vertex 83.5677 107.929 0
    endloop
  endfacet
  facet normal -0 0 -1
    outer loop
      vertex 83.5677 107.929 0
      vertex 60.7257 62.3923 0
      vertex 83.0959 108.293 0
    endloop
  endfacet
  facet normal 0 0 -1
    outer loop
      vertex 60.6074 62.4251 0
      vertex 83.0959 108.293 0
      vertex 60.7257 62.3923 0
    endloop
  endfacet
  facet normal -0 0 -1
    outer loop
      vertex 82.6226 108.654 0
      vertex 60.6074 62.4251 0
      vertex 82.1477 109.014 0
    endloop
  endfacet
  facet normal -0 0 -1
    outer loop
      vertex 82.1477 109.014 0
      vertex 60.6074 62.4251 0
      vertex 81.6713 109.371 0
    endloop
  endfacet
  facet normal 0 0 -1
    outer loop
      vertex 60.4877 62.452 0
      vertex 81.6713 109.371 0
      vertex 60.6074 62.4251 0
    endloop
  endfacet
  facet normal -0 0 -1
    outer loop
      vertex 81.6713 109.371 0
      vertex 60.4877 62.452 0
      vertex 81.1933 109.726 0
    endloop
  endfacet
  facet normal -0 0 -1
    outer loop
      vertex 81.1933 109.726 0
      vertex 60.4877 62.452 0
      vertex 80.7138 110.08 0
    endloop
  endfacet
  facet normal -0 0 -1
    outer loop
      vertex 80.7138 110.08 0
      vertex 60.4877 62.452 0
      vertex 80.2327 110.431 0
    endloop
  endfacet
  facet normal 0 0 -1
    outer loop
      vertex 60.3668 62.4729 0
      vertex 80.2327 110.431 0
      vertex 60.4877 62.452 0
    endloop
  endfacet
  facet normal -0 0 -1
    outer loop
      vertex 79.7501 110.78 0
      vertex 60.3668 62.4729 0
      vertex 79.2659 111.127 0
    endloop
  endfacet
  facet normal -0 0 -1
    outer loop
      vertex 79.2659 111.127 0
      vertex 60.3668 62.4729 0
      vertex 78.7803 111.472 0
    endloop
  endfacet
  facet normal 0 0 -1
    outer loop
      vertex 60.245 62.488 0
      vertex 78.7803 111.472 0
      vertex 60.3668 62.4729 0
    endloop
  endfacet
  facet normal -0 0 -1
    outer loop
      vertex 78.7803 111.472 0
      vertex 60.245 62.488 0
      vertex 78.2932 111.814 0
    endloop
  endfacet
  facet normal -0 0 -1
    outer loop
      vertex 78.2932 111.814 0
      vertex 60.245 62.488 0
      vertex 77.8046 112.155 0
    endloop
  endfacet
  facet normal -0 0 -1
    outer loop
      vertex 77.8046 112.155 0
      vertex 60.245 62.488 0
      vertex 77.3144 112.493 0
    endloop
  endfacet
  facet normal 0 0 -1
    outer loop
      vertex 60.1227 62.497 0
      vertex 77.3144 112.493 0
      vertex 60.245 62.488 0
    endloop
  endfacet
  facet normal -0 0 -1
    outer loop
      vertex 77.3144 112.493 0
      vertex 60.1227 62.497 0
      vertex 76.8229 112.829 0
    endloop
  endfacet
  facet normal -0 0 -1
    outer loop
      vertex 76.8229 112.829 0
      vertex 60.1227 62.497 0
      vertex 76.3298 113.164 0
    endloop
  endfacet
  facet normal -0 0 -1
    outer loop
      vertex 92.6563 100.235 0
      vertex 61.4892 62.008 0
      vertex 92.218 100.638 0
    endloop
  endfacet
  facet normal -0 0 -1
    outer loop
      vertex 94.8209 98.1899 0
      vertex 61.6789 61.8524 0
      vertex 94.3915 98.6027 0
    endloop
  endfacet
  facet normal -0 0 -1
    outer loop
      vertex 96.9403 96.098 0
      vertex 61.7678 61.7678 0
      vertex 96.5201 96.5201 0
    endloop
  endfacet
  facet normal -0 0 -1
    outer loop
      vertex 99.0136 93.9604 0
      vertex 61.9325 61.586 0
      vertex 98.6027 94.3915 0
    endloop
  endfacet
  facet normal -0 0 -1
    outer loop
      vertex 100.638 92.218 0
      vertex 62.0787 61.3889 0
      vertex 100.235 92.6563 0
    endloop
  endfacet
  facet normal -0 0 -1
    outer loop
      vertex 102.626 90.0007 0
      vertex 62.1443 61.2853 0
      vertex 102.232 90.4476 0
    endloop
  endfacet
  facet normal -0 0 -1
    outer loop
      vertex 104.565 87.7405 0
      vertex 62.26 61.0689 0
      vertex 104.181 88.1959 0
    endloop
  endfacet
  facet normal -0 0 -1
    outer loop
      vertex 106.08 85.9022 0
      vertex 62.3539 60.8422 0
      vertex 105.705 86.3643 0
    endloop
  endfacet
  facet normal -0 0 -1
    outer loop
      vertex 107.929 83.5677 0
      vertex 62.3923 60.7257 0
      vertex 107.563 84.0378 0
    endloop
  endfacet
  facet normal -0 0 -1
    outer loop
      vertex 109.726 81.1933 0
      vertex 62.452 60.4877 0
      vertex 109.371 81.6713 0
    endloop
  endfacet
  facet normal -0 0 -1
    outer loop
      vertex 111.127 79.2659 0
      vertex 62.488 60.245 0
      vertex 110.78 79.7501 0
    endloop
  endfacet
  facet normal -0 0 -1
    outer loop
      vertex 113.164 76.3298 0
      vertex 62.497 60.1227 0
      vertex 112.829 76.8229 0
    endloop
  endfacet
  facet normal -0 0 -1
    outer loop
      vertex 114.802 73.843 0
      vertex 62.497 59.8773 0
      vertex 114.479 74.3432 0
    endloop
  endfacet
  facet normal -0 0 -1
    outer loop
      vertex 116.385 71.321 0
      vertex 62.4729 59.6332 0
      vertex 116.073 71.8282 0
    endloop
  endfacet
  facet normal -0 0 -1
    outer loop
      vertex 118.212 68.25 0
      vertex 62.452 59.5123 0
      vertex 117.914 68.7651 0
    endloop
  endfacet
  facet normal -0 0 -1
    outer loop
      vertex 119.386 66.1765 0
      vertex 62.4251 59.3925 0
      vertex 119.096 66.6968 0
    endloop
  endfacet
  facet normal -0 0 -1
    outer loop
      vertex 121.351 62.4998 0
      vertex 62.3539 59.1578 0
      vertex 121.077 63.0287 0
    endloop
  endfacet
  facet normal 0 -0 -1
    outer loop
      vertex 62.3539 59.1578 0
      vertex 121.351 62.4998 0
      vertex 62.3097 59.0433 0
    endloop
  endfacet
  facet normal -0 0 -1
    outer loop
      vertex 121.622 61.9697 0
      vertex 62.3097 59.0433 0
      vertex 121.351 62.4998 0
    endloop
  endfacet
  facet normal -0 0 -1
    outer loop
      vertex 122.685 59.8376 0
      vertex 62.26 58.9311 0
      vertex 122.423 60.3724 0
    endloop
  endfacet
  facet normal 0 -0 -1
    outer loop
      vertex 62.26 58.9311 0
      vertex 123.458 58.2266 0
      vertex 62.2048 58.8215 0
    endloop
  endfacet
  facet normal 0 0 -1
    outer loop
      vertex 124.699 55.5195 0
      vertex 62.1443 58.7147 0
      vertex 124.456 56.0631 0
    endloop
  endfacet
  facet normal 0 0 -1
    outer loop
      vertex 128.268 46.6857 0
      vertex 61.9325 58.414 0
      vertex 128.063 47.245 0
    endloop
  endfacet
  facet normal 0 -0 -1
    outer loop
      vertex 61.9325 58.414 0
      vertex 128.268 46.6857 0
      vertex 61.8524 58.3211 0
    endloop
  endfacet
  facet normal 0 0 -1
    outer loop
      vertex 52.2334 17.224 0
      vertex 61.7678 58.2322 0
      vertex 52.3081 16.9959 0
    endloop
  endfacet
  facet normal 0 0 -1
    outer loop
      vertex 52.1578 17.4518 0
      vertex 61.7678 58.2322 0
      vertex 52.2334 17.224 0
    endloop
  endfacet
  facet normal 0 0 -1
    outer loop
      vertex 52.0811 17.6792 0
      vertex 61.7678 58.2322 0
      vertex 52.1578 17.4518 0
    endloop
  endfacet
  facet normal 0 0 -1
    outer loop
      vertex 52.0035 17.9062 0
      vertex 61.7678 58.2322 0
      vertex 52.0811 17.6792 0
    endloop
  endfacet
  facet normal 0 0 -1
    outer loop
      vertex 61.7678 58.2322 0
      vertex 52.0035 17.9062 0
      vertex 61.6789 58.1476 0
    endloop
  endfacet
  facet normal 0 0 -1
    outer loop
      vertex 51.9249 18.133 0
      vertex 61.6789 58.1476 0
      vertex 52.0035 17.9062 0
    endloop
  endfacet
  facet normal 0 0 -1
    outer loop
      vertex 51.8453 18.3594 0
      vertex 61.6789 58.1476 0
      vertex 51.9249 18.133 0
    endloop
  endfacet
  facet normal 0 0 -1
    outer loop
      vertex 51.6831 18.8111 0
      vertex 61.6789 58.1476 0
      vertex 51.7647 18.5854 0
    endloop
  endfacet
  facet normal 0 0 -1
    outer loop
      vertex 61.6789 58.1476 0
      vertex 51.6831 18.8111 0
      vertex 61.586 58.0675 0
    endloop
  endfacet
  facet normal 0 0 -1
    outer loop
      vertex 51.6005 19.0364 0
      vertex 61.586 58.0675 0
      vertex 51.6831 18.8111 0
    endloop
  endfacet
  facet normal 0 0 -1
    outer loop
      vertex 51.517 19.2614 0
      vertex 61.586 58.0675 0
      vertex 51.6005 19.0364 0
    endloop
  endfacet
  facet normal 0 0 -1
    outer loop
      vertex 51.3469 19.7102 0
      vertex 61.586 58.0675 0
      vertex 51.4324 19.486 0
    endloop
  endfacet
  facet normal 0 0 -1
    outer loop
      vertex 51.2604 19.9341 0
      vertex 61.586 58.0675 0
      vertex 51.3469 19.7102 0
    endloop
  endfacet
  facet normal 0 0 -1
    outer loop
      vertex 61.586 58.0675 0
      vertex 51.2604 19.9341 0
      vertex 61.4892 57.992 0
    endloop
  endfacet
  facet normal 0 0 -1
    outer loop
      vertex 51.173 20.1576 0
      vertex 61.4892 57.992 0
      vertex 51.2604 19.9341 0
    endloop
  endfacet
  facet normal 0 0 -1
    outer loop
      vertex 51.0845 20.3806 0
      vertex 61.4892 57.992 0
      vertex 51.173 20.1576 0
    endloop
  endfacet
  facet normal 0 0 -1
    outer loop
      vertex 50.9951 20.6033 0
      vertex 61.4892 57.992 0
      vertex 51.0845 20.3806 0
    endloop
  endfacet
  facet normal 0 0 -1
    outer loop
      vertex 50.9047 20.8257 0
      vertex 61.4892 57.992 0
      vertex 50.9951 20.6033 0
    endloop
  endfacet
  facet normal 0 0 -1
    outer loop
      vertex 61.4892 57.992 0
      vertex 50.9047 20.8257 0
      vertex 61.3889 57.9213 0
    endloop
  endfacet
  facet normal 0 0 -1
    outer loop
      vertex 50.8134 21.0476 0
      vertex 61.3889 57.9213 0
      vertex 50.9047 20.8257 0
    endloop
  endfacet
  facet normal 0 0 -1
    outer loop
      vertex 50.721 21.2691 0
      vertex 61.3889 57.9213 0
      vertex 50.8134 21.0476 0
    endloop
  endfacet
  facet normal 0 0 -1
    outer loop
      vertex 50.6278 21.4902 0
      vertex 61.3889 57.9213 0
      vertex 50.721 21.2691 0
    endloop
  endfacet
  facet normal 0 0 -1
    outer loop
      vertex 58.8215 62.2048 0
      vertex 56.6056 124.21 0
      vertex 57.147 123.962 0
    endloop
  endfacet
  facet normal 0 0 -1
    outer loop
      vertex 57.503 60.1227 0
      vertex 56.0631 124.456 0
      vertex 56.6056 124.21 0
    endloop
  endfacet
  facet normal 0 0 -1
    outer loop
      vertex 57.503 60.1227 0
      vertex 55.5195 124.699 0
      vertex 56.0631 124.456 0
    endloop
  endfacet
  facet normal 0 0 -1
    outer loop
      vertex 30.7556 45.5971 0
      vertex 57.5 60 0
      vertex 57.503 59.8773 0
    endloop
  endfacet
  facet normal 0 0 -1
    outer loop
      vertex 54.9995 0.239975 0
      vertex 136.5 0 0
      vertex 55 0 0
    endloop
  endfacet
  facet normal 0 0 -1
    outer loop
      vertex 136.499 0.595581 0
      vertex 54.9995 0.239975 0
      vertex 54.9979 0.47995 0
    endloop
  endfacet
  facet normal 0 0 -1
    outer loop
      vertex 136.488 1.78673 0
      vertex 54.9979 0.47995 0
      vertex 54.9953 0.719925 0
    endloop
  endfacet
  facet normal -0 0 -1
    outer loop
      vertex 136.479 2.38225 0
      vertex 54.9916 0.959869 0
      vertex 136.468 2.97772 0
    endloop
  endfacet
  facet normal 0 0 -1
    outer loop
      vertex 54.9811 1.43973 0
      vertex 136.453 3.57315 0
      vertex 54.9869 1.19981 0
    endloop
  endfacet
  facet normal -0 0 -1
    outer loop
      vertex 136.436 4.1685 0
      vertex 54.9743 1.67961 0
      vertex 136.417 4.76378 0
    endloop
  endfacet
  facet normal 0 0 -1
    outer loop
      vertex 54.9576 2.15929 0
      vertex 136.395 5.35896 0
      vertex 54.9665 1.91946 0
    endloop
  endfacet
  facet normal -0 0 -1
    outer loop
      vertex 136.37 5.95404 0
      vertex 54.9476 2.39906 0
      vertex 136.343 6.54901 0
    endloop
  endfacet
  facet normal 0 0 -1
    outer loop
      vertex 54.9246 2.87846 0
      vertex 136.313 7.14384 0
      vertex 54.9367 2.63879 0
    endloop
  endfacet
  facet normal -0 0 -1
    outer loop
      vertex 136.28 7.73856 0
      vertex 54.9115 3.1181 0
      vertex 136.245 8.33311 0
    endloop
  endfacet
  facet normal 0 0 -1
    outer loop
      vertex 54.8822 3.59717 0
      vertex 136.208 8.92752 0
      vertex 54.8974 3.35767 0
    endloop
  endfacet
  facet normal -0 0 -1
    outer loop
      vertex 136.167 9.52174 0
      vertex 54.866 3.83659 0
      vertex 136.125 10.1158 0
    endloop
  endfacet
  facet normal 0 0 -1
    outer loop
      vertex 54.8304 4.31525 0
      vertex 136.079 10.7097 0
      vertex 54.8488 4.07596 0
    endloop
  endfacet
  facet normal -0 0 -1
    outer loop
      vertex 136.031 11.3033 0
      vertex 54.8111 4.55444 0
      vertex 135.981 11.8967 0
    endloop
  endfacet
  facet normal 0 0 -1
    outer loop
      vertex 54.7693 5.03258 0
      vertex 135.927 12.49 0
      vertex 54.7907 4.79356 0
    endloop
  endfacet
  facet normal -0 0 -1
    outer loop
      vertex 135.872 13.0829 0
      vertex 54.7468 5.27151 0
      vertex 135.813 13.6757 0
    endloop
  endfacet
  facet normal 0 0 -1
    outer loop
      vertex 54.6987 5.74905 0
      vertex 135.752 14.2681 0
      vertex 54.7233 5.51033 0
    endloop
  endfacet
  facet normal -0 0 -1
    outer loop
      vertex 135.689 14.8603 0
      vertex 54.6731 5.98767 0
      vertex 135.623 15.4522 0
    endloop
  endfacet
  facet normal 0 0 -1
    outer loop
      vertex 54.6188 6.46455 0
      vertex 135.554 16.0439 0
      vertex 54.6464 6.22617 0
    endloop
  endfacet
  facet normal -0 0 -1
    outer loop
      vertex 135.483 16.6352 0
      vertex 54.59 6.7028 0
      vertex 135.409 17.2262 0
    endloop
  endfacet
  facet normal 0 0 -1
    outer loop
      vertex 54.5295 7.17894 0
      vertex 135.332 17.8168 0
      vertex 54.5603 6.94093 0
    endloop
  endfacet
  facet normal -0 0 -1
    outer loop
      vertex 135.253 18.4072 0
      vertex 54.4976 7.41679 0
      vertex 135.172 18.9971 0
    endloop
  endfacet
  facet normal 0 0 -1
    outer loop
      vertex 54.4308 7.89209 0
      vertex 135.087 19.5867 0
      vertex 54.4647 7.65451 0
    endloop
  endfacet
  facet normal -0 0 -1
    outer loop
      vertex 135.001 20.176 0
      vertex 54.3959 8.12952 0
      vertex 134.911 20.7648 0
    endloop
  endfacet
  facet normal 0 0 -1
    outer loop
      vertex 54.3228 8.60388 0
      vertex 134.819 21.3533 0
      vertex 54.3599 8.36678 0
    endloop
  endfacet
  facet normal -0 0 -1
    outer loop
      vertex 134.725 21.9413 0
      vertex 54.2848 8.84084 0
      vertex 134.628 22.529 0
    endloop
  endfacet
  facet normal 0 0 -1
    outer loop
      vertex 54.2056 9.31421 0
      vertex 134.528 23.1162 0
      vertex 54.2457 9.07761 0
    endloop
  endfacet
  facet normal -0 0 -1
    outer loop
      vertex 134.426 23.703 0
      vertex 54.1644 9.55064 0
      vertex 134.322 24.2893 0
    endloop
  endfacet
  facet normal 0 0 -1
    outer loop
      vertex 54.079 10.0229 0
      vertex 134.214 24.8751 0
      vertex 54.1222 9.78688 0
    endloop
  endfacet
  facet normal -0 0 -1
    outer loop
      vertex 134.104 25.4605 0
      vertex 54.0348 10.2588 0
      vertex 133.992 26.0454 0
    endloop
  endfacet
  facet normal 0 0 -1
    outer loop
      vertex 53.9432 10.73 0
      vertex 133.877 26.6298 0
      vertex 53.9895 10.4945 0
    endloop
  endfacet
  facet normal -0 0 -1
    outer loop
      vertex 133.76 27.2137 0
      vertex 53.8958 10.9652 0
      vertex 133.64 27.7971 0
    endloop
  endfacet
  facet normal 0 0 -1
    outer loop
      vertex 53.7981 11.4351 0
      vertex 133.517 28.3799 0
      vertex 53.8475 11.2003 0
    endloop
  endfacet
  facet normal -0 0 -1
    outer loop
      vertex 133.392 28.9622 0
      vertex 53.7477 11.6698 0
      vertex 133.264 29.544 0
    endloop
  endfacet
  facet normal -0 0 -1
    outer loop
      vertex 133.264 29.544 0
      vertex 53.6963 11.9042 0
      vertex 133.134 30.1252 0
    endloop
  endfacet
  facet normal -0 0 -1
    outer loop
      vertex 133.002 30.7058 0
      vertex 53.5903 12.3723 0
      vertex 132.866 31.2858 0
    endloop
  endfacet
  facet normal -0 0 -1
    outer loop
      vertex 132.866 31.2858 0
      vertex 53.5359 12.606 0
      vertex 132.728 31.8653 0
    endloop
  endfacet
  facet normal 0 0 -1
    outer loop
      vertex 53.4238 13.0727 0
      vertex 132.588 32.4441 0
      vertex 53.4803 12.8395 0
    endloop
  endfacet
  facet normal -0 0 -1
    outer loop
      vertex 132.445 33.0223 0
      vertex 53.3663 13.3057 0
      vertex 132.3 33.5999 0
    endloop
  endfacet
  facet normal 0 0 -1
    outer loop
      vertex 53.2481 13.7709 0
      vertex 132.152 34.1769 0
      vertex 53.3077 13.5384 0
    endloop
  endfacet
  facet normal -0 0 -1
    outer loop
      vertex 132.002 34.7532 0
      vertex 53.1875 14.0031 0
      vertex 131.849 35.3288 0
    endloop
  endfacet
  facet normal 0 0 -1
    outer loop
      vertex 53.0633 14.4667 0
      vertex 131.693 35.9037 0
      vertex 53.1259 14.235 0
    endloop
  endfacet
  facet normal -0 0 -1
    outer loop
      vertex 131.536 36.478 0
      vertex 52.9997 14.6981 0
      vertex 131.375 37.0516 0
    endloop
  endfacet
  facet normal 0 0 -1
    outer loop
      vertex 52.8694 15.16 0
      vertex 131.212 37.6245 0
      vertex 52.935 14.9292 0
    endloop
  endfacet
  facet normal -0 0 -1
    outer loop
      vertex 131.047 38.1967 0
      vertex 52.8027 15.3906 0
      vertex 130.879 38.7681 0
    endloop
  endfacet
  facet normal 0 0 -1
    outer loop
      vertex 52.6664 15.8508 0
      vertex 130.708 39.3388 0
      vertex 52.7351 15.6208 0
    endloop
  endfacet
  facet normal -0 0 -1
    outer loop
      vertex 130.536 39.9087 0
      vertex 52.5968 16.0804 0
      vertex 130.36 40.4779 0
    endloop
  endfacet
  facet normal 0 0 -1
    outer loop
      vertex 52.4544 16.5388 0
      vertex 130.182 41.0463 0
      vertex 52.5261 16.3098 0
    endloop
  endfacet
  facet normal -0 0 -1
    outer loop
      vertex 130.002 41.614 0
      vertex 52.3818 16.7675 0
      vertex 129.819 42.1808 0
    endloop
  endfacet
  facet normal -0 0 -1
    outer loop
      vertex 129.634 42.7469 0
      vertex 52.3081 16.9959 0
      vertex 129.446 43.3121 0
    endloop
  endfacet
  facet normal 0 -0 -1
    outer loop
      vertex 61.8524 58.3211 0
      vertex 129.256 43.8765 0
      vertex 61.7678 58.2322 0
    endloop
  endfacet
  facet normal 0 0 -1
    outer loop
      vertex 128.671 45.5646 0
      vertex 61.8524 58.3211 0
      vertex 128.471 46.1256 0
    endloop
  endfacet
  facet normal 0 0 -1
    outer loop
      vertex 127.856 47.8033 0
      vertex 61.9325 58.414 0
      vertex 127.646 48.3607 0
    endloop
  endfacet
  facet normal 0 0 -1
    outer loop
      vertex 127.434 48.9172 0
      vertex 62.008 58.5107 0
      vertex 127.219 49.4728 0
    endloop
  endfacet
  facet normal 0 0 -1
    outer loop
      vertex 126.783 50.5811 0
      vertex 62.008 58.5107 0
      vertex 126.561 51.1338 0
    endloop
  endfacet
  facet normal 0 0 -1
    outer loop
      vertex 126.336 51.6855 0
      vertex 62.0787 58.6111 0
      vertex 126.11 52.2363 0
    endloop
  endfacet
  facet normal 0 0 -1
    outer loop
      vertex 125.649 53.3348 0
      vertex 62.0787 58.6111 0
      vertex 125.415 53.8825 0
    endloop
  endfacet
  facet normal 0 0 -1
    outer loop
      vertex 125.179 54.4292 0
      vertex 62.1443 58.7147 0
      vertex 124.94 54.9749 0
    endloop
  endfacet
  facet normal 0 0 -1
    outer loop
      vertex 124.456 56.0631 0
      vertex 62.2048 58.8215 0
      vertex 124.21 56.6056 0
    endloop
  endfacet
  facet normal 0 0 -1
    outer loop
      vertex 123.711 57.6874 0
      vertex 62.2048 58.8215 0
      vertex 123.458 58.2266 0
    endloop
  endfacet
  facet normal -0 0 -1
    outer loop
      vertex 122.945 59.3018 0
      vertex 62.26 58.9311 0
      vertex 122.685 59.8376 0
    endloop
  endfacet
  facet normal -0 0 -1
    outer loop
      vertex 122.159 60.906 0
      vertex 62.3097 59.0433 0
      vertex 121.892 61.4384 0
    endloop
  endfacet
  facet normal -0 0 -1
    outer loop
      vertex 120.801 63.5564 0
      vertex 62.3539 59.1578 0
      vertex 120.522 64.0829 0
    endloop
  endfacet
  facet normal -0 0 -1
    outer loop
      vertex 120.242 64.6081 0
      vertex 62.3923 59.2743 0
      vertex 119.959 65.1322 0
    endloop
  endfacet
  facet normal 0 -0 -1
    outer loop
      vertex 62.4251 59.3925 0
      vertex 119.386 66.1765 0
      vertex 62.3923 59.2743 0
    endloop
  endfacet
  facet normal 0 0 -1
    outer loop
      vertex 128.868 45.0028 0
      vertex 61.8524 58.3211 0
      vertex 128.671 45.5646 0
    endloop
  endfacet
  facet normal 0 0 -1
    outer loop
      vertex 51.7647 18.5854 0
      vertex 61.6789 58.1476 0
      vertex 51.8453 18.3594 0
    endloop
  endfacet
  facet normal 0 0 -1
    outer loop
      vertex 51.4324 19.486 0
      vertex 61.586 58.0675 0
      vertex 51.517 19.2614 0
    endloop
  endfacet
  facet normal 0 0 -1
    outer loop
      vertex 50.5335 21.7109 0
      vertex 61.3889 57.9213 0
      vertex 50.6278 21.4902 0
    endloop
  endfacet
  facet normal 0 0 -1
    outer loop
      vertex 50.4383 21.9312 0
      vertex 61.3889 57.9213 0
      vertex 50.5335 21.7109 0
    endloop
  endfacet
  facet normal 0 0 -1
    outer loop
      vertex 61.3889 57.9213 0
      vertex 50.4383 21.9312 0
      vertex 61.2853 57.8557 0
    endloop
  endfacet
  facet normal 0 0 -1
    outer loop
      vertex 50.3421 22.1511 0
      vertex 61.2853 57.8557 0
      vertex 50.4383 21.9312 0
    endloop
  endfacet
  facet normal 0 0 -1
    outer loop
      vertex 50.245 22.3705 0
      vertex 61.2853 57.8557 0
      vertex 50.3421 22.1511 0
    endloop
  endfacet
  facet normal 0 0 -1
    outer loop
      vertex 50.1469 22.5895 0
      vertex 61.2853 57.8557 0
      vertex 50.245 22.3705 0
    endloop
  endfacet
  facet normal 0 0 -1
    outer loop
      vertex 50.0479 22.8081 0
      vertex 61.2853 57.8557 0
      vertex 50.1469 22.5895 0
    endloop
  endfacet
  facet normal 0 0 -1
    outer loop
      vertex 61.2853 57.8557 0
      vertex 50.0479 22.8081 0
      vertex 61.1785 57.7952 0
    endloop
  endfacet
  facet normal 0 0 -1
    outer loop
      vertex 49.9479 23.0263 0
      vertex 61.1785 57.7952 0
      vertex 50.0479 22.8081 0
    endloop
  endfacet
  facet normal 0 0 -1
    outer loop
      vertex 49.8469 23.244 0
      vertex 61.1785 57.7952 0
      vertex 49.9479 23.0263 0
    endloop
  endfacet
  facet normal 0 0 -1
    outer loop
      vertex 49.745 23.4613 0
      vertex 61.1785 57.7952 0
      vertex 49.8469 23.244 0
    endloop
  endfacet
  facet normal 0 0 -1
    outer loop
      vertex 49.6422 23.6781 0
      vertex 61.1785 57.7952 0
      vertex 49.745 23.4613 0
    endloop
  endfacet
  facet normal 0 0 -1
    outer loop
      vertex 61.1785 57.7952 0
      vertex 49.6422 23.6781 0
      vertex 61.0689 57.74 0
    endloop
  endfacet
  facet normal 0 0 -1
    outer loop
      vertex 49.5384 23.8945 0
      vertex 61.0689 57.74 0
      vertex 49.6422 23.6781 0
    endloop
  endfacet
  facet normal 0 0 -1
    outer loop
      vertex 49.4337 24.1104 0
      vertex 61.0689 57.74 0
      vertex 49.5384 23.8945 0
    endloop
  endfacet
  facet normal 0 0 -1
    outer loop
      vertex 49.328 24.3259 0
      vertex 61.0689 57.74 0
      vertex 49.4337 24.1104 0
    endloop
  endfacet
  facet normal 0 0 -1
    outer loop
      vertex 49.2214 24.5409 0
      vertex 61.0689 57.74 0
      vertex 49.328 24.3259 0
    endloop
  endfacet
  facet normal 0 0 -1
    outer loop
      vertex 61.0689 57.74 0
      vertex 49.2214 24.5409 0
      vertex 60.9567 57.6903 0
    endloop
  endfacet
  facet normal 0 0 -1
    outer loop
      vertex 49.1138 24.7554 0
      vertex 60.9567 57.6903 0
      vertex 49.2214 24.5409 0
    endloop
  endfacet
  facet normal 0 0 -1
    outer loop
      vertex 49.0054 24.9695 0
      vertex 60.9567 57.6903 0
      vertex 49.1138 24.7554 0
    endloop
  endfacet
  facet normal 0 0 -1
    outer loop
      vertex 48.8959 25.1831 0
      vertex 60.9567 57.6903 0
      vertex 49.0054 24.9695 0
    endloop
  endfacet
  facet normal 0 0 -1
    outer loop
      vertex 48.7856 25.3962 0
      vertex 60.9567 57.6903 0
      vertex 48.8959 25.1831 0
    endloop
  endfacet
  facet normal 0 0 -1
    outer loop
      vertex 60.9567 57.6903 0
      vertex 48.7856 25.3962 0
      vertex 60.8422 57.6461 0
    endloop
  endfacet
  facet normal 0 0 -1
    outer loop
      vertex 48.6743 25.6088 0
      vertex 60.8422 57.6461 0
      vertex 48.7856 25.3962 0
    endloop
  endfacet
  facet normal 0 0 -1
    outer loop
      vertex 48.5621 25.8209 0
      vertex 60.8422 57.6461 0
      vertex 48.6743 25.6088 0
    endloop
  endfacet
  facet normal 0 0 -1
    outer loop
      vertex 48.449 26.0326 0
      vertex 60.8422 57.6461 0
      vertex 48.5621 25.8209 0
    endloop
  endfacet
  facet normal 0 0 -1
    outer loop
      vertex 60.8422 57.6461 0
      vertex 48.449 26.0326 0
      vertex 60.7257 57.6077 0
    endloop
  endfacet
  facet normal 0 0 -1
    outer loop
      vertex 48.3349 26.2437 0
      vertex 60.7257 57.6077 0
      vertex 48.449 26.0326 0
    endloop
  endfacet
  facet normal 0 0 -1
    outer loop
      vertex 48.22 26.4544 0
      vertex 60.7257 57.6077 0
      vertex 48.3349 26.2437 0
    endloop
  endfacet
  facet normal 0 0 -1
    outer loop
      vertex 48.1041 26.6645 0
      vertex 60.7257 57.6077 0
      vertex 48.22 26.4544 0
    endloop
  endfacet
  facet normal 0 0 -1
    outer loop
      vertex 47.9873 26.8742 0
      vertex 60.7257 57.6077 0
      vertex 48.1041 26.6645 0
    endloop
  endfacet
  facet normal 0 0 -1
    outer loop
      vertex 60.7257 57.6077 0
      vertex 47.9873 26.8742 0
      vertex 60.6074 57.5749 0
    endloop
  endfacet
  facet normal 0 0 -1
    outer loop
      vertex 47.8696 27.0833 0
      vertex 60.6074 57.5749 0
      vertex 47.9873 26.8742 0
    endloop
  endfacet
  facet normal 0 0 -1
    outer loop
      vertex 47.7509 27.2919 0
      vertex 60.6074 57.5749 0
      vertex 47.8696 27.0833 0
    endloop
  endfacet
  facet normal 0 0 -1
    outer loop
      vertex 47.6314 27.5 0
      vertex 60.6074 57.5749 0
      vertex 47.7509 27.2919 0
    endloop
  endfacet
  facet normal 0 0 -1
    outer loop
      vertex 60.6074 57.5749 0
      vertex 47.6314 27.5 0
      vertex 60.4877 57.548 0
    endloop
  endfacet
  facet normal 0 0 -1
    outer loop
      vertex 47.5109 27.7076 0
      vertex 60.4877 57.548 0
      vertex 47.6314 27.5 0
    endloop
  endfacet
  facet normal 0 0 -1
    outer loop
      vertex 47.3896 27.9146 0
      vertex 60.4877 57.548 0
      vertex 47.5109 27.7076 0
    endloop
  endfacet
  facet normal 0 0 -1
    outer loop
      vertex 47.2673 28.1211 0
      vertex 60.4877 57.548 0
      vertex 47.3896 27.9146 0
    endloop
  endfacet
  facet normal 0 0 -1
    outer loop
      vertex 47.1442 28.3271 0
      vertex 60.4877 57.548 0
      vertex 47.2673 28.1211 0
    endloop
  endfacet
  facet normal 0 0 -1
    outer loop
      vertex 60.4877 57.548 0
      vertex 47.1442 28.3271 0
      vertex 60.3668 57.5271 0
    endloop
  endfacet
  facet normal 0 0 -1
    outer loop
      vertex 47.0201 28.5325 0
      vertex 60.3668 57.5271 0
      vertex 47.1442 28.3271 0
    endloop
  endfacet
  facet normal 0 0 -1
    outer loop
      vertex 46.8952 28.7374 0
      vertex 60.3668 57.5271 0
      vertex 47.0201 28.5325 0
    endloop
  endfacet
  facet normal 0 0 -1
    outer loop
      vertex 46.7694 28.9418 0
      vertex 60.3668 57.5271 0
      vertex 46.8952 28.7374 0
    endloop
  endfacet
  facet normal 0 0 -1
    outer loop
      vertex 60.3668 57.5271 0
      vertex 46.7694 28.9418 0
      vertex 60.245 57.512 0
    endloop
  endfacet
  facet normal 0 0 -1
    outer loop
      vertex 46.6426 29.1456 0
      vertex 60.245 57.512 0
      vertex 46.7694 28.9418 0
    endloop
  endfacet
  facet normal 0 0 -1
    outer loop
      vertex 46.515 29.3488 0
      vertex 60.245 57.512 0
      vertex 46.6426 29.1456 0
    endloop
  endfacet
  facet normal 0 0 -1
    outer loop
      vertex 46.3865 29.5515 0
      vertex 60.245 57.512 0
      vertex 46.515 29.3488 0
    endloop
  endfacet
  facet normal 0 0 -1
    outer loop
      vertex 60.245 57.512 0
      vertex 46.3865 29.5515 0
      vertex 60.1227 57.503 0
    endloop
  endfacet
  facet normal 0 0 -1
    outer loop
      vertex 46.2571 29.7536 0
      vertex 60.1227 57.503 0
      vertex 46.3865 29.5515 0
    endloop
  endfacet
  facet normal 0 0 -1
    outer loop
      vertex 46.1269 29.9551 0
      vertex 60.1227 57.503 0
      vertex 46.2571 29.7536 0
    endloop
  endfacet
  facet normal 0 0 -1
    outer loop
      vertex 45.9957 30.1561 0
      vertex 60.1227 57.503 0
      vertex 46.1269 29.9551 0
    endloop
  endfacet
  facet normal 0 0 -1
    outer loop
      vertex 60.1227 57.503 0
      vertex 45.9957 30.1561 0
      vertex 60 57.5 0
    endloop
  endfacet
  facet normal 0 0 -1
    outer loop
      vertex 45.8637 30.3565 0
      vertex 60 57.5 0
      vertex 45.9957 30.1561 0
    endloop
  endfacet
  facet normal 0 0 -1
    outer loop
      vertex 45.7308 30.5564 0
      vertex 60 57.5 0
      vertex 45.8637 30.3565 0
    endloop
  endfacet
  facet normal 0 0 -1
    outer loop
      vertex 45.5971 30.7556 0
      vertex 60 57.5 0
      vertex 45.7308 30.5564 0
    endloop
  endfacet
  facet normal -0 0 -1
    outer loop
      vertex 60 57.5 0
      vertex 45.5971 30.7556 0
      vertex 59.8773 57.503 0
    endloop
  endfacet
  facet normal 0 0 -1
    outer loop
      vertex 45.4624 30.9543 0
      vertex 59.8773 57.503 0
      vertex 45.5971 30.7556 0
    endloop
  endfacet
  facet normal 0 0 -1
    outer loop
      vertex 45.3269 31.1523 0
      vertex 59.8773 57.503 0
      vertex 45.4624 30.9543 0
    endloop
  endfacet
  facet normal 0 0 -1
    outer loop
      vertex 45.1906 31.3498 0
      vertex 59.8773 57.503 0
      vertex 45.3269 31.1523 0
    endloop
  endfacet
  facet normal -0 0 -1
    outer loop
      vertex 59.8773 57.503 0
      vertex 45.1906 31.3498 0
      vertex 59.755 57.512 0
    endloop
  endfacet
  facet normal 0 0 -1
    outer loop
      vertex 45.0534 31.5467 0
      vertex 59.755 57.512 0
      vertex 45.1906 31.3498 0
    endloop
  endfacet
  facet normal 0 0 -1
    outer loop
      vertex 44.9153 31.743 0
      vertex 59.755 57.512 0
      vertex 45.0534 31.5467 0
    endloop
  endfacet
  facet normal 0 0 -1
    outer loop
      vertex 44.7764 31.9387 0
      vertex 59.755 57.512 0
      vertex 44.9153 31.743 0
    endloop
  endfacet
  facet normal -0 0 -1
    outer loop
      vertex 59.755 57.512 0
      vertex 44.7764 31.9387 0
      vertex 59.6332 57.5271 0
    endloop
  endfacet
  facet normal 0 0 -1
    outer loop
      vertex 44.6366 32.1337 0
      vertex 59.6332 57.5271 0
      vertex 44.7764 31.9387 0
    endloop
  endfacet
  facet normal 0 0 -1
    outer loop
      vertex 44.4959 32.3282 0
      vertex 59.6332 57.5271 0
      vertex 44.6366 32.1337 0
    endloop
  endfacet
  facet normal 0 0 -1
    outer loop
      vertex 44.3544 32.522 0
      vertex 59.6332 57.5271 0
      vertex 44.4959 32.3282 0
    endloop
  endfacet
  facet normal -0 0 -1
    outer loop
      vertex 59.6332 57.5271 0
      vertex 44.3544 32.522 0
      vertex 59.5123 57.548 0
    endloop
  endfacet
  facet normal 0 0 -1
    outer loop
      vertex 44.2121 32.7152 0
      vertex 59.5123 57.548 0
      vertex 44.3544 32.522 0
    endloop
  endfacet
  facet normal 0 0 -1
    outer loop
      vertex 44.069 32.9079 0
      vertex 59.5123 57.548 0
      vertex 44.2121 32.7152 0
    endloop
  endfacet
  facet normal 0 0 -1
    outer loop
      vertex 43.9249 33.0998 0
      vertex 59.5123 57.548 0
      vertex 44.069 32.9079 0
    endloop
  endfacet
  facet normal -0 0 -1
    outer loop
      vertex 59.5123 57.548 0
      vertex 43.9249 33.0998 0
      vertex 59.3925 57.5749 0
    endloop
  endfacet
  facet normal 0 0 -1
    outer loop
      vertex 43.7801 33.2912 0
      vertex 59.3925 57.5749 0
      vertex 43.9249 33.0998 0
    endloop
  endfacet
  facet normal 0 0 -1
    outer loop
      vertex 43.6344 33.4819 0
      vertex 59.3925 57.5749 0
      vertex 43.7801 33.2912 0
    endloop
  endfacet
  facet normal 0 0 -1
    outer loop
      vertex 43.4879 33.6719 0
      vertex 59.3925 57.5749 0
      vertex 43.6344 33.4819 0
    endloop
  endfacet
  facet normal -0 0 -1
    outer loop
      vertex 59.3925 57.5749 0
      vertex 43.4879 33.6719 0
      vertex 59.2743 57.6077 0
    endloop
  endfacet
  facet normal 0 0 -1
    outer loop
      vertex 43.3406 33.8614 0
      vertex 59.2743 57.6077 0
      vertex 43.4879 33.6719 0
    endloop
  endfacet
  facet normal 0 0 -1
    outer loop
      vertex 43.1924 34.0502 0
      vertex 59.2743 57.6077 0
      vertex 43.3406 33.8614 0
    endloop
  endfacet
  facet normal 0 0 -1
    outer loop
      vertex 43.0434 34.2383 0
      vertex 59.2743 57.6077 0
      vertex 43.1924 34.0502 0
    endloop
  endfacet
  facet normal -0 0 -1
    outer loop
      vertex 59.2743 57.6077 0
      vertex 43.0434 34.2383 0
      vertex 59.1578 57.6461 0
    endloop
  endfacet
  facet normal 0 0 -1
    outer loop
      vertex 42.8936 34.4258 0
      vertex 59.1578 57.6461 0
      vertex 43.0434 34.2383 0
    endloop
  endfacet
  facet normal 0 0 -1
    outer loop
      vertex 42.743 34.6126 0
      vertex 59.1578 57.6461 0
      vertex 42.8936 34.4258 0
    endloop
  endfacet
  facet normal 0 0 -1
    outer loop
      vertex 42.5916 34.7988 0
      vertex 59.1578 57.6461 0
      vertex 42.743 34.6126 0
    endloop
  endfacet
  facet normal -0 0 -1
    outer loop
      vertex 59.1578 57.6461 0
      vertex 42.5916 34.7988 0
      vertex 59.0433 57.6903 0
    endloop
  endfacet
  facet normal 0 0 -1
    outer loop
      vertex 42.4393 34.9843 0
      vertex 59.0433 57.6903 0
      vertex 42.5916 34.7988 0
    endloop
  endfacet
  facet normal 0 0 -1
    outer loop
      vertex 42.2863 35.1691 0
      vertex 59.0433 57.6903 0
      vertex 42.4393 34.9843 0
    endloop
  endfacet
  facet normal -0 0 -1
    outer loop
      vertex 59.0433 57.6903 0
      vertex 42.2863 35.1691 0
      vertex 58.9311 57.74 0
    endloop
  endfacet
  facet normal 0 0 -1
    outer loop
      vertex 42.1324 35.3533 0
      vertex 58.9311 57.74 0
      vertex 42.2863 35.1691 0
    endloop
  endfacet
  facet normal 0 0 -1
    outer loop
      vertex 41.9778 35.5368 0
      vertex 58.9311 57.74 0
      vertex 42.1324 35.3533 0
    endloop
  endfacet
  facet normal 0 0 -1
    outer loop
      vertex 41.8223 35.7196 0
      vertex 58.9311 57.74 0
      vertex 41.9778 35.5368 0
    endloop
  endfacet
  facet normal -0 0 -1
    outer loop
      vertex 58.9311 57.74 0
      vertex 41.8223 35.7196 0
      vertex 58.8215 57.7952 0
    endloop
  endfacet
  facet normal 0 0 -1
    outer loop
      vertex 41.6661 35.9018 0
      vertex 58.8215 57.7952 0
      vertex 41.8223 35.7196 0
    endloop
  endfacet
  facet normal 0 0 -1
    outer loop
      vertex 41.509 36.0832 0
      vertex 58.8215 57.7952 0
      vertex 41.6661 35.9018 0
    endloop
  endfacet
  facet normal 0 0 -1
    outer loop
      vertex 41.3512 36.264 0
      vertex 58.8215 57.7952 0
      vertex 41.509 36.0832 0
    endloop
  endfacet
  facet normal -0 0 -1
    outer loop
      vertex 58.8215 57.7952 0
      vertex 41.3512 36.264 0
      vertex 58.7147 57.8557 0
    endloop
  endfacet
  facet normal 0 0 -1
    outer loop
      vertex 41.1926 36.4441 0
      vertex 58.7147 57.8557 0
      vertex 41.3512 36.264 0
    endloop
  endfacet
  facet normal 0 0 -1
    outer loop
      vertex 41.0331 36.6235 0
      vertex 58.7147 57.8557 0
      vertex 41.1926 36.4441 0
    endloop
  endfacet
  facet normal 0 0 -1
    outer loop
      vertex 40.873 36.8022 0
      vertex 58.7147 57.8557 0
      vertex 41.0331 36.6235 0
    endloop
  endfacet
  facet normal -0 0 -1
    outer loop
      vertex 58.7147 57.8557 0
      vertex 40.873 36.8022 0
      vertex 58.6111 57.9213 0
    endloop
  endfacet
  facet normal 0 0 -1
    outer loop
      vertex 40.712 36.9802 0
      vertex 58.6111 57.9213 0
      vertex 40.873 36.8022 0
    endloop
  endfacet
  facet normal 0 0 -1
    outer loop
      vertex 40.5502 37.1575 0
      vertex 58.6111 57.9213 0
      vertex 40.712 36.9802 0
    endloop
  endfacet
  facet normal -0 0 -1
    outer loop
      vertex 58.6111 57.9213 0
      vertex 40.5502 37.1575 0
      vertex 58.5107 57.992 0
    endloop
  endfacet
  facet normal 0 0 -1
    outer loop
      vertex 40.3877 37.334 0
      vertex 58.5107 57.992 0
      vertex 40.5502 37.1575 0
    endloop
  endfacet
  facet normal 0 0 -1
    outer loop
      vertex 40.2244 37.5099 0
      vertex 58.5107 57.992 0
      vertex 40.3877 37.334 0
    endloop
  endfacet
  facet normal 0 0 -1
    outer loop
      vertex 40.0604 37.6851 0
      vertex 58.5107 57.992 0
      vertex 40.2244 37.5099 0
    endloop
  endfacet
  facet normal -0 0 -1
    outer loop
      vertex 58.5107 57.992 0
      vertex 40.0604 37.6851 0
      vertex 58.414 58.0675 0
    endloop
  endfacet
  facet normal 0 0 -1
    outer loop
      vertex 39.8956 37.8595 0
      vertex 58.414 58.0675 0
      vertex 40.0604 37.6851 0
    endloop
  endfacet
  facet normal 0 0 -1
    outer loop
      vertex 39.73 38.0332 0
      vertex 58.414 58.0675 0
      vertex 39.8956 37.8595 0
    endloop
  endfacet
  facet normal 0 0 -1
    outer loop
      vertex 39.5637 38.2062 0
      vertex 58.414 58.0675 0
      vertex 39.73 38.0332 0
    endloop
  endfacet
  facet normal -0 0 -1
    outer loop
      vertex 58.414 58.0675 0
      vertex 39.5637 38.2062 0
      vertex 58.3211 58.1476 0
    endloop
  endfacet
  facet normal 0 0 -1
    outer loop
      vertex 39.3966 38.3785 0
      vertex 58.3211 58.1476 0
      vertex 39.5637 38.2062 0
    endloop
  endfacet
  facet normal 0 0 -1
    outer loop
      vertex 39.2288 38.55 0
      vertex 58.3211 58.1476 0
      vertex 39.3966 38.3785 0
    endloop
  endfacet
  facet normal -0 0 -1
    outer loop
      vertex 58.3211 58.1476 0
      vertex 39.2288 38.55 0
      vertex 58.2322 58.2322 0
    endloop
  endfacet
  facet normal 0 0 -1
    outer loop
      vertex 39.0602 38.7208 0
      vertex 58.2322 58.2322 0
      vertex 39.2288 38.55 0
    endloop
  endfacet
  facet normal 0 0 -1
    outer loop
      vertex 38.8909 38.8909 0
      vertex 58.2322 58.2322 0
      vertex 39.0602 38.7208 0
    endloop
  endfacet
  facet normal 0 0 -1
    outer loop
      vertex 38.7208 39.0602 0
      vertex 58.2322 58.2322 0
      vertex 38.8909 38.8909 0
    endloop
  endfacet
  facet normal -0 0 -1
    outer loop
      vertex 58.2322 58.2322 0
      vertex 38.7208 39.0602 0
      vertex 58.1476 58.3211 0
    endloop
  endfacet
  facet normal 0 0 -1
    outer loop
      vertex 38.55 39.2288 0
      vertex 58.1476 58.3211 0
      vertex 38.7208 39.0602 0
    endloop
  endfacet
  facet normal 0 0 -1
    outer loop
      vertex 38.3785 39.3966 0
      vertex 58.1476 58.3211 0
      vertex 38.55 39.2288 0
    endloop
  endfacet
  facet normal 0 0 -1
    outer loop
      vertex 38.2062 39.5637 0
      vertex 58.1476 58.3211 0
      vertex 38.3785 39.3966 0
    endloop
  endfacet
  facet normal -0 0 -1
    outer loop
      vertex 58.1476 58.3211 0
      vertex 38.2062 39.5637 0
      vertex 58.0675 58.414 0
    endloop
  endfacet
  facet normal 0 0 -1
    outer loop
      vertex 38.0332 39.73 0
      vertex 58.0675 58.414 0
      vertex 38.2062 39.5637 0
    endloop
  endfacet
  facet normal 0 0 -1
    outer loop
      vertex 37.8595 39.8956 0
      vertex 58.0675 58.414 0
      vertex 38.0332 39.73 0
    endloop
  endfacet
  facet normal -0 0 -1
    outer loop
      vertex 58.0675 58.414 0
      vertex 37.8595 39.8956 0
      vertex 57.992 58.5107 0
    endloop
  endfacet
  facet normal 0 0 -1
    outer loop
      vertex 37.6851 40.0604 0
      vertex 57.992 58.5107 0
      vertex 37.8595 39.8956 0
    endloop
  endfacet
  facet normal 0 0 -1
    outer loop
      vertex 37.5099 40.2244 0
      vertex 57.992 58.5107 0
      vertex 37.6851 40.0604 0
    endloop
  endfacet
  facet normal 0 0 -1
    outer loop
      vertex 37.334 40.3877 0
      vertex 57.992 58.5107 0
      vertex 37.5099 40.2244 0
    endloop
  endfacet
  facet normal -0 0 -1
    outer loop
      vertex 57.992 58.5107 0
      vertex 37.334 40.3877 0
      vertex 57.9213 58.6111 0
    endloop
  endfacet
  facet normal 0 0 -1
    outer loop
      vertex 37.1575 40.5502 0
      vertex 57.9213 58.6111 0
      vertex 37.334 40.3877 0
    endloop
  endfacet
  facet normal 0 0 -1
    outer loop
      vertex 36.9802 40.712 0
      vertex 57.9213 58.6111 0
      vertex 37.1575 40.5502 0
    endloop
  endfacet
  facet normal 0 0 -1
    outer loop
      vertex 36.8022 40.873 0
      vertex 57.9213 58.6111 0
      vertex 36.9802 40.712 0
    endloop
  endfacet
  facet normal -0 0 -1
    outer loop
      vertex 57.9213 58.6111 0
      vertex 36.8022 40.873 0
      vertex 57.8557 58.7147 0
    endloop
  endfacet
  facet normal 0 0 -1
    outer loop
      vertex 36.6235 41.0331 0
      vertex 57.8557 58.7147 0
      vertex 36.8022 40.873 0
    endloop
  endfacet
  facet normal 0 0 -1
    outer loop
      vertex 36.4441 41.1926 0
      vertex 57.8557 58.7147 0
      vertex 36.6235 41.0331 0
    endloop
  endfacet
  facet normal -0 0 -1
    outer loop
      vertex 57.8557 58.7147 0
      vertex 36.4441 41.1926 0
      vertex 57.7952 58.8215 0
    endloop
  endfacet
  facet normal 0 0 -1
    outer loop
      vertex 36.264 41.3512 0
      vertex 57.7952 58.8215 0
      vertex 36.4441 41.1926 0
    endloop
  endfacet
  facet normal 0 0 -1
    outer loop
      vertex 36.0832 41.509 0
      vertex 57.7952 58.8215 0
      vertex 36.264 41.3512 0
    endloop
  endfacet
  facet normal 0 0 -1
    outer loop
      vertex 35.9018 41.6661 0
      vertex 57.7952 58.8215 0
      vertex 36.0832 41.509 0
    endloop
  endfacet
  facet normal -0 0 -1
    outer loop
      vertex 57.7952 58.8215 0
      vertex 35.9018 41.6661 0
      vertex 57.74 58.9311 0
    endloop
  endfacet
  facet normal 0 0 -1
    outer loop
      vertex 35.7196 41.8223 0
      vertex 57.74 58.9311 0
      vertex 35.9018 41.6661 0
    endloop
  endfacet
  facet normal 0 0 -1
    outer loop
      vertex 35.5368 41.9778 0
      vertex 57.74 58.9311 0
      vertex 35.7196 41.8223 0
    endloop
  endfacet
  facet normal 0 0 -1
    outer loop
      vertex 35.3533 42.1324 0
      vertex 57.74 58.9311 0
      vertex 35.5368 41.9778 0
    endloop
  endfacet
  facet normal -0 0 -1
    outer loop
      vertex 57.74 58.9311 0
      vertex 35.3533 42.1324 0
      vertex 57.6903 59.0433 0
    endloop
  endfacet
  facet normal 0 0 -1
    outer loop
      vertex 35.1691 42.2863 0
      vertex 57.6903 59.0433 0
      vertex 35.3533 42.1324 0
    endloop
  endfacet
  facet normal 0 0 -1
    outer loop
      vertex 34.9843 42.4393 0
      vertex 57.6903 59.0433 0
      vertex 35.1691 42.2863 0
    endloop
  endfacet
  facet normal -0 0 -1
    outer loop
      vertex 57.6903 59.0433 0
      vertex 34.9843 42.4393 0
      vertex 57.6461 59.1578 0
    endloop
  endfacet
  facet normal 0 0 -1
    outer loop
      vertex 34.7988 42.5916 0
      vertex 57.6461 59.1578 0
      vertex 34.9843 42.4393 0
    endloop
  endfacet
  facet normal 0 0 -1
    outer loop
      vertex 34.6126 42.743 0
      vertex 57.6461 59.1578 0
      vertex 34.7988 42.5916 0
    endloop
  endfacet
  facet normal 0 0 -1
    outer loop
      vertex 34.4258 42.8936 0
      vertex 57.6461 59.1578 0
      vertex 34.6126 42.743 0
    endloop
  endfacet
  facet normal -0 0 -1
    outer loop
      vertex 57.6461 59.1578 0
      vertex 34.4258 42.8936 0
      vertex 57.6077 59.2743 0
    endloop
  endfacet
  facet normal 0 0 -1
    outer loop
      vertex 34.2383 43.0434 0
      vertex 57.6077 59.2743 0
      vertex 34.4258 42.8936 0
    endloop
  endfacet
  facet normal 0 0 -1
    outer loop
      vertex 34.0502 43.1924 0
      vertex 57.6077 59.2743 0
      vertex 34.2383 43.0434 0
    endloop
  endfacet
  facet normal 0 0 -1
    outer loop
      vertex 33.8614 43.3406 0
      vertex 57.6077 59.2743 0
      vertex 34.0502 43.1924 0
    endloop
  endfacet
  facet normal -0 0 -1
    outer loop
      vertex 57.6077 59.2743 0
      vertex 33.8614 43.3406 0
      vertex 57.5749 59.3925 0
    endloop
  endfacet
  facet normal 0 0 -1
    outer loop
      vertex 33.6719 43.4879 0
      vertex 57.5749 59.3925 0
      vertex 33.8614 43.3406 0
    endloop
  endfacet
  facet normal 0 0 -1
    outer loop
      vertex 33.4819 43.6344 0
      vertex 57.5749 59.3925 0
      vertex 33.6719 43.4879 0
    endloop
  endfacet
  facet normal 0 0 -1
    outer loop
      vertex 33.2912 43.7801 0
      vertex 57.5749 59.3925 0
      vertex 33.4819 43.6344 0
    endloop
  endfacet
  facet normal -0 0 -1
    outer loop
      vertex 57.5749 59.3925 0
      vertex 33.2912 43.7801 0
      vertex 57.548 59.5123 0
    endloop
  endfacet
  facet normal 0 0 -1
    outer loop
      vertex 33.0998 43.9249 0
      vertex 57.548 59.5123 0
      vertex 33.2912 43.7801 0
    endloop
  endfacet
  facet normal 0 0 -1
    outer loop
      vertex 32.9079 44.069 0
      vertex 57.548 59.5123 0
      vertex 33.0998 43.9249 0
    endloop
  endfacet
  facet normal 0 0 -1
    outer loop
      vertex 32.7152 44.2121 0
      vertex 57.548 59.5123 0
      vertex 32.9079 44.069 0
    endloop
  endfacet
  facet normal -0 0 -1
    outer loop
      vertex 57.548 59.5123 0
      vertex 32.7152 44.2121 0
      vertex 57.5271 59.6332 0
    endloop
  endfacet
  facet normal 0 0 -1
    outer loop
      vertex 32.522 44.3544 0
      vertex 57.5271 59.6332 0
      vertex 32.7152 44.2121 0
    endloop
  endfacet
  facet normal 0 0 -1
    outer loop
      vertex 32.3282 44.4959 0
      vertex 57.5271 59.6332 0
      vertex 32.522 44.3544 0
    endloop
  endfacet
  facet normal 0 0 -1
    outer loop
      vertex 32.1337 44.6366 0
      vertex 57.5271 59.6332 0
      vertex 32.3282 44.4959 0
    endloop
  endfacet
  facet normal -0 0 -1
    outer loop
      vertex 57.5271 59.6332 0
      vertex 32.1337 44.6366 0
      vertex 57.512 59.755 0
    endloop
  endfacet
  facet normal 0 0 -1
    outer loop
      vertex 31.9387 44.7764 0
      vertex 57.512 59.755 0
      vertex 32.1337 44.6366 0
    endloop
  endfacet
  facet normal 0 0 -1
    outer loop
      vertex 31.743 44.9153 0
      vertex 57.512 59.755 0
      vertex 31.9387 44.7764 0
    endloop
  endfacet
  facet normal -0 0 -1
    outer loop
      vertex 57.512 59.755 0
      vertex 31.743 44.9153 0
      vertex 57.503 59.8773 0
    endloop
  endfacet
  facet normal 0 0 -1
    outer loop
      vertex 31.5467 45.0534 0
      vertex 57.503 59.8773 0
      vertex 31.743 44.9153 0
    endloop
  endfacet
  facet normal 0 0 -1
    outer loop
      vertex 31.3498 45.1906 0
      vertex 57.503 59.8773 0
      vertex 31.5467 45.0534 0
    endloop
  endfacet
  facet normal 0 0 -1
    outer loop
      vertex 31.1523 45.3269 0
      vertex 57.503 59.8773 0
      vertex 31.3498 45.1906 0
    endloop
  endfacet
  facet normal 0 0 -1
    outer loop
      vertex 30.9543 45.4624 0
      vertex 57.503 59.8773 0
      vertex 31.1523 45.3269 0
    endloop
  endfacet
  facet normal 0 0 -1
    outer loop
      vertex 30.7556 45.5971 0
      vertex 57.503 59.8773 0
      vertex 30.9543 45.4624 0
    endloop
  endfacet
  facet normal 0 0 -1
    outer loop
      vertex 57.5 60 0
      vertex 30.7556 45.5971 0
      vertex 30.5564 45.7308 0
    endloop
  endfacet
  facet normal 0 0 -1
    outer loop
      vertex 57.5 60 0
      vertex 30.5564 45.7308 0
      vertex 30.3565 45.8637 0
    endloop
  endfacet
  facet normal 0 0 -1
    outer loop
      vertex 57.5 60 0
      vertex 30.3565 45.8637 0
      vertex 30.1561 45.9957 0
    endloop
  endfacet
  facet normal 0 0 -1
    outer loop
      vertex 57.503 60.1227 0
      vertex 30.1561 45.9957 0
      vertex 29.9551 46.1269 0
    endloop
  endfacet
  facet normal 0 0 -1
    outer loop
      vertex 57.503 60.1227 0
      vertex 29.9551 46.1269 0
      vertex 29.7536 46.2571 0
    endloop
  endfacet
  facet normal 0 0 -1
    outer loop
      vertex 57.503 60.1227 0
      vertex 29.7536 46.2571 0
      vertex 29.5515 46.3865 0
    endloop
  endfacet
  facet normal 0 0 -1
    outer loop
      vertex 57.503 60.1227 0
      vertex 29.5515 46.3865 0
      vertex 29.3488 46.515 0
    endloop
  endfacet
  facet normal 0 0 -1
    outer loop
      vertex 57.503 60.1227 0
      vertex 29.3488 46.515 0
      vertex 29.1456 46.6426 0
    endloop
  endfacet
  facet normal 0 0 -1
    outer loop
      vertex 57.503 60.1227 0
      vertex 29.1456 46.6426 0
      vertex 28.9418 46.7694 0
    endloop
  endfacet
  facet normal 0 0 -1
    outer loop
      vertex 57.503 60.1227 0
      vertex 28.9418 46.7694 0
      vertex 28.7374 46.8952 0
    endloop
  endfacet
  facet normal 0 0 -1
    outer loop
      vertex 57.503 60.1227 0
      vertex 28.7374 46.8952 0
      vertex 28.5325 47.0201 0
    endloop
  endfacet
  facet normal 0 0 -1
    outer loop
      vertex 57.503 60.1227 0
      vertex 28.5325 47.0201 0
      vertex 28.3271 47.1442 0
    endloop
  endfacet
  facet normal 0 0 -1
    outer loop
      vertex 57.503 60.1227 0
      vertex 28.3271 47.1442 0
      vertex 28.1211 47.2673 0
    endloop
  endfacet
  facet normal 0 0 -1
    outer loop
      vertex 57.503 60.1227 0
      vertex 28.1211 47.2673 0
      vertex 27.9146 47.3896 0
    endloop
  endfacet
  facet normal 0 0 -1
    outer loop
      vertex 57.503 60.1227 0
      vertex 27.9146 47.3896 0
      vertex 27.7076 47.5109 0
    endloop
  endfacet
  facet normal 0 0 -1
    outer loop
      vertex 57.503 60.1227 0
      vertex 27.7076 47.5109 0
      vertex 27.5 47.6314 0
    endloop
  endfacet
  facet normal 0 0 -1
    outer loop
      vertex 57.503 60.1227 0
      vertex 27.5 47.6314 0
      vertex 27.2919 47.7509 0
    endloop
  endfacet
  facet normal 0 0 -1
    outer loop
      vertex 57.503 60.1227 0
      vertex 27.2919 47.7509 0
      vertex 27.0833 47.8696 0
    endloop
  endfacet
  facet normal 0 0 -1
    outer loop
      vertex 57.503 60.1227 0
      vertex 27.0833 47.8696 0
      vertex 26.8742 47.9873 0
    endloop
  endfacet
  facet normal 0 0 -1
    outer loop
      vertex 57.503 60.1227 0
      vertex 26.8742 47.9873 0
      vertex 26.6645 48.1041 0
    endloop
  endfacet
  facet normal 0 0 -1
    outer loop
      vertex 57.503 60.1227 0
      vertex 26.6645 48.1041 0
      vertex 26.4544 48.22 0
    endloop
  endfacet
  facet normal 0 0 -1
    outer loop
      vertex 57.503 60.1227 0
      vertex 26.4544 48.22 0
      vertex 26.2437 48.3349 0
    endloop
  endfacet
  facet normal 0 0 -1
    outer loop
      vertex 57.503 60.1227 0
      vertex 26.2437 48.3349 0
      vertex 26.0326 48.449 0
    endloop
  endfacet
  facet normal 0 0 -1
    outer loop
      vertex 57.503 60.1227 0
      vertex 26.0326 48.449 0
      vertex 25.8209 48.5621 0
    endloop
  endfacet
  facet normal 0 0 -1
    outer loop
      vertex 57.503 60.1227 0
      vertex 25.8209 48.5621 0
      vertex 25.6088 48.6743 0
    endloop
  endfacet
  facet normal 0 0 -1
    outer loop
      vertex 57.503 60.1227 0
      vertex 25.6088 48.6743 0
      vertex 25.3962 48.7856 0
    endloop
  endfacet
  facet normal 0 0 -1
    outer loop
      vertex 57.503 60.1227 0
      vertex 25.3962 48.7856 0
      vertex 25.1831 48.8959 0
    endloop
  endfacet
  facet normal 0 0 -1
    outer loop
      vertex 57.503 60.1227 0
      vertex 25.1831 48.8959 0
      vertex 24.9695 49.0054 0
    endloop
  endfacet
  facet normal 0 0 -1
    outer loop
      vertex 57.503 60.1227 0
      vertex 24.9695 49.0054 0
      vertex 24.7554 49.1138 0
    endloop
  endfacet
  facet normal 0 0 -1
    outer loop
      vertex 57.503 60.1227 0
      vertex 24.7554 49.1138 0
      vertex 24.5409 49.2214 0
    endloop
  endfacet
  facet normal 0 0 -1
    outer loop
      vertex 57.503 60.1227 0
      vertex 24.5409 49.2214 0
      vertex 24.3259 49.328 0
    endloop
  endfacet
  facet normal 0 0 -1
    outer loop
      vertex 57.503 60.1227 0
      vertex 24.3259 49.328 0
      vertex 24.1104 49.4337 0
    endloop
  endfacet
  facet normal 0 0 -1
    outer loop
      vertex 57.503 60.1227 0
      vertex 24.1104 49.4337 0
      vertex 23.8945 49.5384 0
    endloop
  endfacet
  facet normal 0 0 -1
    outer loop
      vertex 57.503 60.1227 0
      vertex 23.8945 49.5384 0
      vertex 23.6781 49.6422 0
    endloop
  endfacet
  facet normal 0 0 -1
    outer loop
      vertex 57.503 60.1227 0
      vertex 23.6781 49.6422 0
      vertex 23.4613 49.745 0
    endloop
  endfacet
  facet normal 0 0 -1
    outer loop
      vertex 57.503 60.1227 0
      vertex 23.4613 49.745 0
      vertex 23.244 49.8469 0
    endloop
  endfacet
  facet normal 0 0 -1
    outer loop
      vertex 57.503 60.1227 0
      vertex 23.244 49.8469 0
      vertex 23.0263 49.9479 0
    endloop
  endfacet
  facet normal 0 0 -1
    outer loop
      vertex 57.503 60.1227 0
      vertex 23.0263 49.9479 0
      vertex 22.8081 50.0479 0
    endloop
  endfacet
  facet normal 0 0 -1
    outer loop
      vertex 57.503 60.1227 0
      vertex 22.8081 50.0479 0
      vertex 22.5895 50.1469 0
    endloop
  endfacet
  facet normal 0 0 -1
    outer loop
      vertex 57.503 60.1227 0
      vertex 22.5895 50.1469 0
      vertex 22.3705 50.245 0
    endloop
  endfacet
  facet normal 0 0 -1
    outer loop
      vertex 57.503 60.1227 0
      vertex 22.3705 50.245 0
      vertex 22.1511 50.3421 0
    endloop
  endfacet
  facet normal 0 0 -1
    outer loop
      vertex 57.503 60.1227 0
      vertex 54.9749 124.94 0
      vertex 55.5195 124.699 0
    endloop
  endfacet
  facet normal 0 0 -1
    outer loop
      vertex 57.503 60.1227 0
      vertex 22.1511 50.3421 0
      vertex 21.9312 50.4383 0
    endloop
  endfacet
  facet normal 0 0 -1
    outer loop
      vertex 57.503 60.1227 0
      vertex 54.4292 125.179 0
      vertex 54.9749 124.94 0
    endloop
  endfacet
  facet normal 0 0 -1
    outer loop
      vertex 57.503 60.1227 0
      vertex 21.9312 50.4383 0
      vertex 21.7109 50.5335 0
    endloop
  endfacet
  facet normal 0 0 -1
    outer loop
      vertex 57.503 60.1227 0
      vertex 53.8825 125.415 0
      vertex 54.4292 125.179 0
    endloop
  endfacet
  facet normal 0 0 -1
    outer loop
      vertex 57.503 60.1227 0
      vertex 21.7109 50.5335 0
      vertex 21.4902 50.6278 0
    endloop
  endfacet
  facet normal 0 0 -1
    outer loop
      vertex 57.503 60.1227 0
      vertex 53.3348 125.649 0
      vertex 53.8825 125.415 0
    endloop
  endfacet
  facet normal 0 0 -1
    outer loop
      vertex 57.503 60.1227 0
      vertex 21.4902 50.6278 0
      vertex 21.2691 50.721 0
    endloop
  endfacet
  facet normal 0 0 -1
    outer loop
      vertex 57.503 60.1227 0
      vertex 52.786 125.88 0
      vertex 53.3348 125.649 0
    endloop
  endfacet
  facet normal 0 0 -1
    outer loop
      vertex 57.503 60.1227 0
      vertex 21.2691 50.721 0
      vertex 21.0476 50.8134 0
    endloop
  endfacet
  facet normal 0 0 -1
    outer loop
      vertex 57.503 60.1227 0
      vertex 52.2363 126.11 0
      vertex 52.786 125.88 0
    endloop
  endfacet
  facet normal 0 0 -1
    outer loop
      vertex 57.503 60.1227 0
      vertex 21.0476 50.8134 0
      vertex 20.8257 50.9047 0
    endloop
  endfacet
  facet normal 0 0 -1
    outer loop
      vertex 57.503 60.1227 0
      vertex 51.6855 126.336 0
      vertex 52.2363 126.11 0
    endloop
  endfacet
  facet normal 0 0 -1
    outer loop
      vertex 57.503 60.1227 0
      vertex 20.8257 50.9047 0
      vertex 20.6033 50.9951 0
    endloop
  endfacet
  facet normal 0 0 -1
    outer loop
      vertex 57.503 60.1227 0
      vertex 51.1338 126.561 0
      vertex 51.6855 126.336 0
    endloop
  endfacet
  facet normal 0 0 -1
    outer loop
      vertex 57.503 60.1227 0
      vertex 20.6033 50.9951 0
      vertex 20.3806 51.0845 0
    endloop
  endfacet
  facet normal 0 0 -1
    outer loop
      vertex 57.503 60.1227 0
      vertex 50.5811 126.783 0
      vertex 51.1338 126.561 0
    endloop
  endfacet
  facet normal 0 0 -1
    outer loop
      vertex 57.503 60.1227 0
      vertex 20.3806 51.0845 0
      vertex 20.1576 51.173 0
    endloop
  endfacet
  facet normal 0 0 -1
    outer loop
      vertex 57.503 60.1227 0
      vertex 50.0274 127.002 0
      vertex 50.5811 126.783 0
    endloop
  endfacet
  facet normal 0 0 -1
    outer loop
      vertex 57.503 60.1227 0
      vertex 20.1576 51.173 0
      vertex 19.9341 51.2604 0
    endloop
  endfacet
  facet normal 0 0 -1
    outer loop
      vertex 57.503 60.1227 0
      vertex 49.4728 127.219 0
      vertex 50.0274 127.002 0
    endloop
  endfacet
  facet normal 0 0 -1
    outer loop
      vertex 57.503 60.1227 0
      vertex 19.9341 51.2604 0
      vertex 19.7102 51.3469 0
    endloop
  endfacet
  facet normal 0 0 -1
    outer loop
      vertex 57.503 60.1227 0
      vertex 48.9172 127.434 0
      vertex 49.4728 127.219 0
    endloop
  endfacet
  facet normal 0 0 -1
    outer loop
      vertex 57.503 60.1227 0
      vertex 19.7102 51.3469 0
      vertex 19.486 51.4324 0
    endloop
  endfacet
  facet normal 0 0 -1
    outer loop
      vertex 57.503 60.1227 0
      vertex 48.3607 127.646 0
      vertex 48.9172 127.434 0
    endloop
  endfacet
  facet normal 0 0 -1
    outer loop
      vertex 57.503 60.1227 0
      vertex 19.486 51.4324 0
      vertex 19.2614 51.517 0
    endloop
  endfacet
  facet normal 0 0 -1
    outer loop
      vertex 57.503 60.1227 0
      vertex 47.8033 127.856 0
      vertex 48.3607 127.646 0
    endloop
  endfacet
  facet normal 0 0 -1
    outer loop
      vertex 57.503 60.1227 0
      vertex 19.2614 51.517 0
      vertex 19.0364 51.6005 0
    endloop
  endfacet
  facet normal 0 0 -1
    outer loop
      vertex 57.503 60.1227 0
      vertex 47.245 128.063 0
      vertex 47.8033 127.856 0
    endloop
  endfacet
  facet normal 0 0 -1
    outer loop
      vertex 57.503 60.1227 0
      vertex 19.0364 51.6005 0
      vertex 18.8111 51.6831 0
    endloop
  endfacet
  facet normal 0 0 -1
    outer loop
      vertex 57.503 60.1227 0
      vertex 46.6857 128.268 0
      vertex 47.245 128.063 0
    endloop
  endfacet
  facet normal 0 0 -1
    outer loop
      vertex 57.503 60.1227 0
      vertex 18.8111 51.6831 0
      vertex 18.5854 51.7647 0
    endloop
  endfacet
  facet normal 0 0 -1
    outer loop
      vertex 57.503 60.1227 0
      vertex 46.1256 128.471 0
      vertex 46.6857 128.268 0
    endloop
  endfacet
  facet normal 0 0 -1
    outer loop
      vertex 57.503 60.1227 0
      vertex 18.5854 51.7647 0
      vertex 18.3594 51.8453 0
    endloop
  endfacet
  facet normal 0 0 -1
    outer loop
      vertex 57.503 60.1227 0
      vertex 45.5646 128.671 0
      vertex 46.1256 128.471 0
    endloop
  endfacet
  facet normal 0 0 -1
    outer loop
      vertex 57.503 60.1227 0
      vertex 18.3594 51.8453 0
      vertex 18.133 51.9249 0
    endloop
  endfacet
  facet normal 0 0 -1
    outer loop
      vertex 57.503 60.1227 0
      vertex 45.0028 128.868 0
      vertex 45.5646 128.671 0
    endloop
  endfacet
  facet normal 0 0 -1
    outer loop
      vertex 57.503 60.1227 0
      vertex 18.133 51.9249 0
      vertex 17.9062 52.0035 0
    endloop
  endfacet
  facet normal 0 0 -1
    outer loop
      vertex 57.503 60.1227 0
      vertex 44.44 129.063 0
      vertex 45.0028 128.868 0
    endloop
  endfacet
  facet normal -0 0 -1
    outer loop
      vertex 57.503 60.1227 0
      vertex 17.9062 52.0035 0
      vertex 44.44 129.063 0
    endloop
  endfacet
  facet normal -0 0 -1
    outer loop
      vertex 44.44 129.063 0
      vertex 17.9062 52.0035 0
      vertex 43.8765 129.256 0
    endloop
  endfacet
  facet normal 0 0 -1
    outer loop
      vertex 17.6792 52.0811 0
      vertex 43.8765 129.256 0
      vertex 17.9062 52.0035 0
    endloop
  endfacet
  facet normal -0 0 -1
    outer loop
      vertex 43.8765 129.256 0
      vertex 17.6792 52.0811 0
      vertex 43.3121 129.446 0
    endloop
  endfacet
  facet normal 0 0 -1
    outer loop
      vertex 17.4518 52.1578 0
      vertex 43.3121 129.446 0
      vertex 17.6792 52.0811 0
    endloop
  endfacet
  facet normal -0 0 -1
    outer loop
      vertex 43.3121 129.446 0
      vertex 17.4518 52.1578 0
      vertex 42.7469 129.634 0
    endloop
  endfacet
  facet normal 0 0 -1
    outer loop
      vertex 17.224 52.2334 0
      vertex 42.7469 129.634 0
      vertex 17.4518 52.1578 0
    endloop
  endfacet
  facet normal -0 0 -1
    outer loop
      vertex 42.7469 129.634 0
      vertex 17.224 52.2334 0
      vertex 42.1808 129.819 0
    endloop
  endfacet
  facet normal 0 0 -1
    outer loop
      vertex 16.9959 52.3081 0
      vertex 42.1808 129.819 0
      vertex 17.224 52.2334 0
    endloop
  endfacet
  facet normal -0 0 -1
    outer loop
      vertex 42.1808 129.819 0
      vertex 16.9959 52.3081 0
      vertex 41.614 130.002 0
    endloop
  endfacet
  facet normal 0 0 -1
    outer loop
      vertex 16.7675 52.3818 0
      vertex 41.614 130.002 0
      vertex 16.9959 52.3081 0
    endloop
  endfacet
  facet normal -0 0 -1
    outer loop
      vertex 41.614 130.002 0
      vertex 16.7675 52.3818 0
      vertex 41.0463 130.182 0
    endloop
  endfacet
  facet normal 0 0 -1
    outer loop
      vertex 16.5388 52.4544 0
      vertex 41.0463 130.182 0
      vertex 16.7675 52.3818 0
    endloop
  endfacet
  facet normal -0 0 -1
    outer loop
      vertex 41.0463 130.182 0
      vertex 16.5388 52.4544 0
      vertex 40.4779 130.36 0
    endloop
  endfacet
  facet normal 0 0 -1
    outer loop
      vertex 16.3098 52.5261 0
      vertex 40.4779 130.36 0
      vertex 16.5388 52.4544 0
    endloop
  endfacet
  facet normal -0 0 -1
    outer loop
      vertex 40.4779 130.36 0
      vertex 16.3098 52.5261 0
      vertex 39.9087 130.536 0
    endloop
  endfacet
  facet normal 0 0 -1
    outer loop
      vertex 16.0804 52.5968 0
      vertex 39.9087 130.536 0
      vertex 16.3098 52.5261 0
    endloop
  endfacet
  facet normal -0 0 -1
    outer loop
      vertex 39.9087 130.536 0
      vertex 16.0804 52.5968 0
      vertex 39.3388 130.708 0
    endloop
  endfacet
  facet normal 0 0 -1
    outer loop
      vertex 15.8508 52.6664 0
      vertex 39.3388 130.708 0
      vertex 16.0804 52.5968 0
    endloop
  endfacet
  facet normal -0 0 -1
    outer loop
      vertex 39.3388 130.708 0
      vertex 15.8508 52.6664 0
      vertex 38.7681 130.879 0
    endloop
  endfacet
  facet normal 0 0 -1
    outer loop
      vertex 15.6208 52.7351 0
      vertex 38.7681 130.879 0
      vertex 15.8508 52.6664 0
    endloop
  endfacet
  facet normal -0 0 -1
    outer loop
      vertex 38.7681 130.879 0
      vertex 15.6208 52.7351 0
      vertex 38.1967 131.047 0
    endloop
  endfacet
  facet normal 0 0 -1
    outer loop
      vertex 15.3906 52.8027 0
      vertex 38.1967 131.047 0
      vertex 15.6208 52.7351 0
    endloop
  endfacet
  facet normal -0 0 -1
    outer loop
      vertex 38.1967 131.047 0
      vertex 15.3906 52.8027 0
      vertex 37.6245 131.212 0
    endloop
  endfacet
  facet normal 0 0 -1
    outer loop
      vertex 15.16 52.8694 0
      vertex 37.6245 131.212 0
      vertex 15.3906 52.8027 0
    endloop
  endfacet
  facet normal -0 0 -1
    outer loop
      vertex 37.6245 131.212 0
      vertex 15.16 52.8694 0
      vertex 37.0516 131.375 0
    endloop
  endfacet
  facet normal 0 0 -1
    outer loop
      vertex 14.9292 52.935 0
      vertex 37.0516 131.375 0
      vertex 15.16 52.8694 0
    endloop
  endfacet
  facet normal -0 0 -1
    outer loop
      vertex 37.0516 131.375 0
      vertex 14.9292 52.935 0
      vertex 36.478 131.536 0
    endloop
  endfacet
  facet normal 0 0 -1
    outer loop
      vertex 14.6981 52.9997 0
      vertex 36.478 131.536 0
      vertex 14.9292 52.935 0
    endloop
  endfacet
  facet normal -0 0 -1
    outer loop
      vertex 36.478 131.536 0
      vertex 14.6981 52.9997 0
      vertex 35.9037 131.693 0
    endloop
  endfacet
  facet normal 0 0 -1
    outer loop
      vertex 14.4667 53.0633 0
      vertex 35.9037 131.693 0
      vertex 14.6981 52.9997 0
    endloop
  endfacet
  facet normal -0 0 -1
    outer loop
      vertex 35.9037 131.693 0
      vertex 14.4667 53.0633 0
      vertex 35.3288 131.849 0
    endloop
  endfacet
  facet normal 0 0 -1
    outer loop
      vertex 14.235 53.1259 0
      vertex 35.3288 131.849 0
      vertex 14.4667 53.0633 0
    endloop
  endfacet
  facet normal -0 0 -1
    outer loop
      vertex 35.3288 131.849 0
      vertex 14.235 53.1259 0
      vertex 34.7532 132.002 0
    endloop
  endfacet
  facet normal 0 0 -1
    outer loop
      vertex 14.0031 53.1875 0
      vertex 34.7532 132.002 0
      vertex 14.235 53.1259 0
    endloop
  endfacet
  facet normal -0 0 -1
    outer loop
      vertex 34.7532 132.002 0
      vertex 14.0031 53.1875 0
      vertex 34.1769 132.152 0
    endloop
  endfacet
  facet normal 0 0 -1
    outer loop
      vertex 13.7709 53.2481 0
      vertex 34.1769 132.152 0
      vertex 14.0031 53.1875 0
    endloop
  endfacet
  facet normal -0 0 -1
    outer loop
      vertex 34.1769 132.152 0
      vertex 13.7709 53.2481 0
      vertex 33.5999 132.3 0
    endloop
  endfacet
  facet normal 0 0 -1
    outer loop
      vertex 13.5384 53.3077 0
      vertex 33.5999 132.3 0
      vertex 13.7709 53.2481 0
    endloop
  endfacet
  facet normal -0 0 -1
    outer loop
      vertex 33.5999 132.3 0
      vertex 13.5384 53.3077 0
      vertex 33.0223 132.445 0
    endloop
  endfacet
  facet normal 0 0 -1
    outer loop
      vertex 13.3057 53.3663 0
      vertex 33.0223 132.445 0
      vertex 13.5384 53.3077 0
    endloop
  endfacet
  facet normal -0 0 -1
    outer loop
      vertex 33.0223 132.445 0
      vertex 13.3057 53.3663 0
      vertex 32.4441 132.588 0
    endloop
  endfacet
  facet normal 0 0 -1
    outer loop
      vertex 13.0727 53.4238 0
      vertex 32.4441 132.588 0
      vertex 13.3057 53.3663 0
    endloop
  endfacet
  facet normal -0 0 -1
    outer loop
      vertex 32.4441 132.588 0
      vertex 13.0727 53.4238 0
      vertex 31.8653 132.728 0
    endloop
  endfacet
  facet normal 0 0 -1
    outer loop
      vertex 12.8395 53.4803 0
      vertex 31.8653 132.728 0
      vertex 13.0727 53.4238 0
    endloop
  endfacet
  facet normal -0 0 -1
    outer loop
      vertex 31.8653 132.728 0
      vertex 12.8395 53.4803 0
      vertex 31.2858 132.866 0
    endloop
  endfacet
  facet normal 0 0 -1
    outer loop
      vertex 12.606 53.5359 0
      vertex 31.2858 132.866 0
      vertex 12.8395 53.4803 0
    endloop
  endfacet
  facet normal -0 0 -1
    outer loop
      vertex 31.2858 132.866 0
      vertex 12.606 53.5359 0
      vertex 30.7058 133.002 0
    endloop
  endfacet
  facet normal 0 0 -1
    outer loop
      vertex 12.3723 53.5903 0
      vertex 30.7058 133.002 0
      vertex 12.606 53.5359 0
    endloop
  endfacet
  facet normal -0 0 -1
    outer loop
      vertex 30.7058 133.002 0
      vertex 12.3723 53.5903 0
      vertex 30.1252 133.134 0
    endloop
  endfacet
  facet normal 0 0 -1
    outer loop
      vertex 12.1384 53.6438 0
      vertex 30.1252 133.134 0
      vertex 12.3723 53.5903 0
    endloop
  endfacet
  facet normal -0 0 -1
    outer loop
      vertex 30.1252 133.134 0
      vertex 12.1384 53.6438 0
      vertex 29.544 133.264 0
    endloop
  endfacet
  facet normal 0 0 -1
    outer loop
      vertex 11.9042 53.6963 0
      vertex 29.544 133.264 0
      vertex 12.1384 53.6438 0
    endloop
  endfacet
  facet normal -0 0 -1
    outer loop
      vertex 29.544 133.264 0
      vertex 11.9042 53.6963 0
      vertex 28.9622 133.392 0
    endloop
  endfacet
  facet normal 0 0 -1
    outer loop
      vertex 11.6698 53.7477 0
      vertex 28.9622 133.392 0
      vertex 11.9042 53.6963 0
    endloop
  endfacet
  facet normal -0 0 -1
    outer loop
      vertex 28.9622 133.392 0
      vertex 11.6698 53.7477 0
      vertex 28.3799 133.517 0
    endloop
  endfacet
  facet normal 0 0 -1
    outer loop
      vertex 11.4351 53.7981 0
      vertex 28.3799 133.517 0
      vertex 11.6698 53.7477 0
    endloop
  endfacet
  facet normal -0 0 -1
    outer loop
      vertex 28.3799 133.517 0
      vertex 11.4351 53.7981 0
      vertex 27.7971 133.64 0
    endloop
  endfacet
  facet normal 0 0 -1
    outer loop
      vertex 11.2003 53.8475 0
      vertex 27.7971 133.64 0
      vertex 11.4351 53.7981 0
    endloop
  endfacet
  facet normal -0 0 -1
    outer loop
      vertex 27.7971 133.64 0
      vertex 11.2003 53.8475 0
      vertex 27.2137 133.76 0
    endloop
  endfacet
  facet normal 0 0 -1
    outer loop
      vertex 10.9652 53.8958 0
      vertex 27.2137 133.76 0
      vertex 11.2003 53.8475 0
    endloop
  endfacet
  facet normal -0 0 -1
    outer loop
      vertex 27.2137 133.76 0
      vertex 10.9652 53.8958 0
      vertex 26.6298 133.877 0
    endloop
  endfacet
  facet normal 0 0 -1
    outer loop
      vertex 10.73 53.9432 0
      vertex 26.6298 133.877 0
      vertex 10.9652 53.8958 0
    endloop
  endfacet
  facet normal -0 0 -1
    outer loop
      vertex 26.6298 133.877 0
      vertex 10.73 53.9432 0
      vertex 26.0454 133.992 0
    endloop
  endfacet
  facet normal 0 0 -1
    outer loop
      vertex 10.4945 53.9895 0
      vertex 26.0454 133.992 0
      vertex 10.73 53.9432 0
    endloop
  endfacet
  facet normal -0 0 -1
    outer loop
      vertex 26.0454 133.992 0
      vertex 10.4945 53.9895 0
      vertex 25.4605 134.104 0
    endloop
  endfacet
  facet normal 0 0 -1
    outer loop
      vertex 10.2588 54.0348 0
      vertex 25.4605 134.104 0
      vertex 10.4945 53.9895 0
    endloop
  endfacet
  facet normal -0 0 -1
    outer loop
      vertex 25.4605 134.104 0
      vertex 10.2588 54.0348 0
      vertex 24.8751 134.214 0
    endloop
  endfacet
  facet normal 0 0 -1
    outer loop
      vertex 10.0229 54.079 0
      vertex 24.8751 134.214 0
      vertex 10.2588 54.0348 0
    endloop
  endfacet
  facet normal -0 0 -1
    outer loop
      vertex 24.8751 134.214 0
      vertex 10.0229 54.079 0
      vertex 24.2893 134.322 0
    endloop
  endfacet
  facet normal 0 0 -1
    outer loop
      vertex 9.78688 54.1222 0
      vertex 24.2893 134.322 0
      vertex 10.0229 54.079 0
    endloop
  endfacet
  facet normal -0 0 -1
    outer loop
      vertex 24.2893 134.322 0
      vertex 9.78688 54.1222 0
      vertex 23.703 134.426 0
    endloop
  endfacet
  facet normal 0 0 -1
    outer loop
      vertex 9.55064 54.1644 0
      vertex 23.703 134.426 0
      vertex 9.78688 54.1222 0
    endloop
  endfacet
  facet normal -0 0 -1
    outer loop
      vertex 23.703 134.426 0
      vertex 9.55064 54.1644 0
      vertex 23.1162 134.528 0
    endloop
  endfacet
  facet normal 0 0 -1
    outer loop
      vertex 9.31421 54.2056 0
      vertex 23.1162 134.528 0
      vertex 9.55064 54.1644 0
    endloop
  endfacet
  facet normal -0 0 -1
    outer loop
      vertex 23.1162 134.528 0
      vertex 9.31421 54.2056 0
      vertex 22.529 134.628 0
    endloop
  endfacet
  facet normal 0 0 -1
    outer loop
      vertex 9.07761 54.2457 0
      vertex 22.529 134.628 0
      vertex 9.31421 54.2056 0
    endloop
  endfacet
  facet normal -0 0 -1
    outer loop
      vertex 22.529 134.628 0
      vertex 9.07761 54.2457 0
      vertex 21.9413 134.725 0
    endloop
  endfacet
  facet normal 0 0 -1
    outer loop
      vertex 8.84084 54.2848 0
      vertex 21.9413 134.725 0
      vertex 9.07761 54.2457 0
    endloop
  endfacet
  facet normal -0 0 -1
    outer loop
      vertex 21.9413 134.725 0
      vertex 8.84084 54.2848 0
      vertex 21.3533 134.819 0
    endloop
  endfacet
  facet normal 0 0 -1
    outer loop
      vertex 8.60388 54.3228 0
      vertex 21.3533 134.819 0
      vertex 8.84084 54.2848 0
    endloop
  endfacet
  facet normal -0 0 -1
    outer loop
      vertex 21.3533 134.819 0
      vertex 8.60388 54.3228 0
      vertex 20.7648 134.911 0
    endloop
  endfacet
  facet normal 0 0 -1
    outer loop
      vertex 8.36678 54.3599 0
      vertex 20.7648 134.911 0
      vertex 8.60388 54.3228 0
    endloop
  endfacet
  facet normal -0 0 -1
    outer loop
      vertex 20.7648 134.911 0
      vertex 8.36678 54.3599 0
      vertex 20.176 135.001 0
    endloop
  endfacet
  facet normal 0 0 -1
    outer loop
      vertex 8.12952 54.3959 0
      vertex 20.176 135.001 0
      vertex 8.36678 54.3599 0
    endloop
  endfacet
  facet normal -0 0 -1
    outer loop
      vertex 20.176 135.001 0
      vertex 8.12952 54.3959 0
      vertex 19.5867 135.087 0
    endloop
  endfacet
  facet normal 0 0 -1
    outer loop
      vertex 7.89209 54.4308 0
      vertex 19.5867 135.087 0
      vertex 8.12952 54.3959 0
    endloop
  endfacet
  facet normal -0 0 -1
    outer loop
      vertex 19.5867 135.087 0
      vertex 7.89209 54.4308 0
      vertex 18.9971 135.172 0
    endloop
  endfacet
  facet normal 0 0 -1
    outer loop
      vertex 7.65451 54.4647 0
      vertex 18.9971 135.172 0
      vertex 7.89209 54.4308 0
    endloop
  endfacet
  facet normal -0 0 -1
    outer loop
      vertex 18.9971 135.172 0
      vertex 7.65451 54.4647 0
      vertex 18.4072 135.253 0
    endloop
  endfacet
  facet normal 0 0 -1
    outer loop
      vertex 7.41679 54.4976 0
      vertex 18.4072 135.253 0
      vertex 7.65451 54.4647 0
    endloop
  endfacet
  facet normal -0 0 -1
    outer loop
      vertex 18.4072 135.253 0
      vertex 7.41679 54.4976 0
      vertex 17.8168 135.332 0
    endloop
  endfacet
  facet normal 0 0 -1
    outer loop
      vertex 7.17894 54.5295 0
      vertex 17.8168 135.332 0
      vertex 7.41679 54.4976 0
    endloop
  endfacet
  facet normal -0 0 -1
    outer loop
      vertex 17.8168 135.332 0
      vertex 7.17894 54.5295 0
      vertex 17.2262 135.409 0
    endloop
  endfacet
  facet normal 0 0 -1
    outer loop
      vertex 6.94093 54.5603 0
      vertex 17.2262 135.409 0
      vertex 7.17894 54.5295 0
    endloop
  endfacet
  facet normal -0 0 -1
    outer loop
      vertex 17.2262 135.409 0
      vertex 6.94093 54.5603 0
      vertex 16.6352 135.483 0
    endloop
  endfacet
  facet normal 0 0 -1
    outer loop
      vertex 6.7028 54.59 0
      vertex 16.6352 135.483 0
      vertex 6.94093 54.5603 0
    endloop
  endfacet
  facet normal -0 0 -1
    outer loop
      vertex 16.6352 135.483 0
      vertex 6.7028 54.59 0
      vertex 16.0439 135.554 0
    endloop
  endfacet
  facet normal 0 0 -1
    outer loop
      vertex 6.46455 54.6188 0
      vertex 16.0439 135.554 0
      vertex 6.7028 54.59 0
    endloop
  endfacet
  facet normal -0 0 -1
    outer loop
      vertex 16.0439 135.554 0
      vertex 6.46455 54.6188 0
      vertex 15.4522 135.623 0
    endloop
  endfacet
  facet normal 0 0 -1
    outer loop
      vertex 6.22617 54.6464 0
      vertex 15.4522 135.623 0
      vertex 6.46455 54.6188 0
    endloop
  endfacet
  facet normal -0 0 -1
    outer loop
      vertex 15.4522 135.623 0
      vertex 6.22617 54.6464 0
      vertex 14.8603 135.689 0
    endloop
  endfacet
  facet normal 0 0 -1
    outer loop
      vertex 5.98767 54.6731 0
      vertex 14.8603 135.689 0
      vertex 6.22617 54.6464 0
    endloop
  endfacet
  facet normal -0 0 -1
    outer loop
      vertex 14.8603 135.689 0
      vertex 5.98767 54.6731 0
      vertex 14.2681 135.752 0
    endloop
  endfacet
  facet normal 0 0 -1
    outer loop
      vertex 5.74905 54.6987 0
      vertex 14.2681 135.752 0
      vertex 5.98767 54.6731 0
    endloop
  endfacet
  facet normal -0 0 -1
    outer loop
      vertex 14.2681 135.752 0
      vertex 5.74905 54.6987 0
      vertex 13.6757 135.813 0
    endloop
  endfacet
  facet normal 0 0 -1
    outer loop
      vertex 5.51033 54.7233 0
      vertex 13.6757 135.813 0
      vertex 5.74905 54.6987 0
    endloop
  endfacet
  facet normal -0 0 -1
    outer loop
      vertex 13.6757 135.813 0
      vertex 5.51033 54.7233 0
      vertex 13.0829 135.872 0
    endloop
  endfacet
  facet normal 0 0 -1
    outer loop
      vertex 5.27151 54.7468 0
      vertex 13.0829 135.872 0
      vertex 5.51033 54.7233 0
    endloop
  endfacet
  facet normal -0 0 -1
    outer loop
      vertex 13.0829 135.872 0
      vertex 5.27151 54.7468 0
      vertex 12.49 135.927 0
    endloop
  endfacet
  facet normal 0 0 -1
    outer loop
      vertex 5.03258 54.7693 0
      vertex 12.49 135.927 0
      vertex 5.27151 54.7468 0
    endloop
  endfacet
  facet normal -0 0 -1
    outer loop
      vertex 12.49 135.927 0
      vertex 5.03258 54.7693 0
      vertex 11.8967 135.981 0
    endloop
  endfacet
  facet normal 0 0 -1
    outer loop
      vertex 4.79356 54.7907 0
      vertex 11.8967 135.981 0
      vertex 5.03258 54.7693 0
    endloop
  endfacet
  facet normal -0 0 -1
    outer loop
      vertex 11.8967 135.981 0
      vertex 4.79356 54.7907 0
      vertex 11.3033 136.031 0
    endloop
  endfacet
  facet normal 0 0 -1
    outer loop
      vertex 4.55444 54.8111 0
      vertex 11.3033 136.031 0
      vertex 4.79356 54.7907 0
    endloop
  endfacet
  facet normal -0 0 -1
    outer loop
      vertex 11.3033 136.031 0
      vertex 4.55444 54.8111 0
      vertex 10.7097 136.079 0
    endloop
  endfacet
  facet normal 0 0 -1
    outer loop
      vertex 4.31525 54.8304 0
      vertex 10.7097 136.079 0
      vertex 4.55444 54.8111 0
    endloop
  endfacet
  facet normal -0 0 -1
    outer loop
      vertex 10.7097 136.079 0
      vertex 4.31525 54.8304 0
      vertex 10.1158 136.125 0
    endloop
  endfacet
  facet normal 0 0 -1
    outer loop
      vertex 4.07596 54.8488 0
      vertex 10.1158 136.125 0
      vertex 4.31525 54.8304 0
    endloop
  endfacet
  facet normal -0 0 -1
    outer loop
      vertex 10.1158 136.125 0
      vertex 4.07596 54.8488 0
      vertex 9.52174 136.167 0
    endloop
  endfacet
  facet normal 0 0 -1
    outer loop
      vertex 9.52174 136.167 0
      vertex 4.07596 54.8488 0
      vertex 3.83659 54.866 0
    endloop
  endfacet
  facet normal -0 0 -1
    outer loop
      vertex 90.4476 102.232 0
      vertex 61.2853 62.1443 0
      vertex 90.0007 102.626 0
    endloop
  endfacet
  facet normal -0 0 -1
    outer loop
      vertex 88.1959 104.181 0
      vertex 61.0689 62.26 0
      vertex 87.7405 104.565 0
    endloop
  endfacet
  facet normal -0 0 -1
    outer loop
      vertex 85.9022 106.08 0
      vertex 60.8422 62.3539 0
      vertex 85.4386 106.454 0
    endloop
  endfacet
  facet normal -0 0 -1
    outer loop
      vertex 83.0959 108.293 0
      vertex 60.6074 62.4251 0
      vertex 82.6226 108.654 0
    endloop
  endfacet
  facet normal -0 0 -1
    outer loop
      vertex 80.2327 110.431 0
      vertex 60.3668 62.4729 0
      vertex 79.7501 110.78 0
    endloop
  endfacet
  facet normal -0 0 -1
    outer loop
      vertex 76.3298 113.164 0
      vertex 60.1227 62.497 0
      vertex 75.8353 113.496 0
    endloop
  endfacet
  facet normal 0 0 -1
    outer loop
      vertex 60 62.5 0
      vertex 75.8353 113.496 0
      vertex 60.1227 62.497 0
    endloop
  endfacet
  facet normal -0 0 -1
    outer loop
      vertex 75.8353 113.496 0
      vertex 60 62.5 0
      vertex 75.3394 113.825 0
    endloop
  endfacet
  facet normal -0 0 -1
    outer loop
      vertex 75.3394 113.825 0
      vertex 60 62.5 0
      vertex 74.842 114.153 0
    endloop
  endfacet
  facet normal -0 0 -1
    outer loop
      vertex 74.842 114.153 0
      vertex 60 62.5 0
      vertex 74.3432 114.479 0
    endloop
  endfacet
  facet normal 0 0 -1
    outer loop
      vertex 59.8773 62.497 0
      vertex 74.3432 114.479 0
      vertex 60 62.5 0
    endloop
  endfacet
  facet normal -0 0 -1
    outer loop
      vertex 74.3432 114.479 0
      vertex 59.8773 62.497 0
      vertex 73.843 114.802 0
    endloop
  endfacet
  facet normal -0 0 -1
    outer loop
      vertex 73.843 114.802 0
      vertex 59.8773 62.497 0
      vertex 73.3414 115.123 0
    endloop
  endfacet
  facet normal -0 0 -1
    outer loop
      vertex 73.3414 115.123 0
      vertex 59.8773 62.497 0
      vertex 72.8384 115.442 0
    endloop
  endfacet
  facet normal 0 0 -1
    outer loop
      vertex 59.755 62.488 0
      vertex 72.8384 115.442 0
      vertex 59.8773 62.497 0
    endloop
  endfacet
  facet normal -0 0 -1
    outer loop
      vertex 72.8384 115.442 0
      vertex 59.755 62.488 0
      vertex 72.334 115.759 0
    endloop
  endfacet
  facet normal -0 0 -1
    outer loop
      vertex 72.334 115.759 0
      vertex 59.755 62.488 0
      vertex 71.8282 116.073 0
    endloop
  endfacet
  facet normal -0 0 -1
    outer loop
      vertex 71.8282 116.073 0
      vertex 59.755 62.488 0
      vertex 71.321 116.385 0
    endloop
  endfacet
  facet normal 0 0 -1
    outer loop
      vertex 59.6332 62.4729 0
      vertex 71.321 116.385 0
      vertex 59.755 62.488 0
    endloop
  endfacet
  facet normal -0 0 -1
    outer loop
      vertex 71.321 116.385 0
      vertex 59.6332 62.4729 0
      vertex 70.8125 116.695 0
    endloop
  endfacet
  facet normal -0 0 -1
    outer loop
      vertex 70.8125 116.695 0
      vertex 59.6332 62.4729 0
      vertex 70.3027 117.003 0
    endloop
  endfacet
  facet normal -0 0 -1
    outer loop
      vertex 70.3027 117.003 0
      vertex 59.6332 62.4729 0
      vertex 69.7915 117.309 0
    endloop
  endfacet
  facet normal -0 0 -1
    outer loop
      vertex 69.7915 117.309 0
      vertex 59.6332 62.4729 0
      vertex 69.279 117.612 0
    endloop
  endfacet
  facet normal 0 0 -1
    outer loop
      vertex 59.5123 62.452 0
      vertex 69.279 117.612 0
      vertex 59.6332 62.4729 0
    endloop
  endfacet
  facet normal -0 0 -1
    outer loop
      vertex 69.279 117.612 0
      vertex 59.5123 62.452 0
      vertex 68.7651 117.914 0
    endloop
  endfacet
  facet normal -0 0 -1
    outer loop
      vertex 68.7651 117.914 0
      vertex 59.5123 62.452 0
      vertex 68.25 118.212 0
    endloop
  endfacet
  facet normal -0 0 -1
    outer loop
      vertex 68.25 118.212 0
      vertex 59.5123 62.452 0
      vertex 67.7336 118.509 0
    endloop
  endfacet
  facet normal 0 0 -1
    outer loop
      vertex 59.3925 62.4251 0
      vertex 67.7336 118.509 0
      vertex 59.5123 62.452 0
    endloop
  endfacet
  facet normal -0 0 -1
    outer loop
      vertex 67.7336 118.509 0
      vertex 59.3925 62.4251 0
      vertex 67.2158 118.804 0
    endloop
  endfacet
  facet normal -0 0 -1
    outer loop
      vertex 67.2158 118.804 0
      vertex 59.3925 62.4251 0
      vertex 66.6968 119.096 0
    endloop
  endfacet
  facet normal -0 0 -1
    outer loop
      vertex 66.6968 119.096 0
      vertex 59.3925 62.4251 0
      vertex 66.1765 119.386 0
    endloop
  endfacet
  facet normal -0 0 -1
    outer loop
      vertex 66.1765 119.386 0
      vertex 59.3925 62.4251 0
      vertex 65.655 119.673 0
    endloop
  endfacet
  facet normal 0 0 -1
    outer loop
      vertex 59.2743 62.3923 0
      vertex 65.655 119.673 0
      vertex 59.3925 62.4251 0
    endloop
  endfacet
  facet normal -0 0 -1
    outer loop
      vertex 65.655 119.673 0
      vertex 59.2743 62.3923 0
      vertex 65.1322 119.959 0
    endloop
  endfacet
  facet normal -0 0 -1
    outer loop
      vertex 65.1322 119.959 0
      vertex 59.2743 62.3923 0
      vertex 64.6081 120.242 0
    endloop
  endfacet
  facet normal -0 0 -1
    outer loop
      vertex 64.6081 120.242 0
      vertex 59.2743 62.3923 0
      vertex 64.0829 120.522 0
    endloop
  endfacet
  facet normal -0 0 -1
    outer loop
      vertex 64.0829 120.522 0
      vertex 59.2743 62.3923 0
      vertex 63.5564 120.801 0
    endloop
  endfacet
  facet normal 0 0 -1
    outer loop
      vertex 59.1578 62.3539 0
      vertex 63.5564 120.801 0
      vertex 59.2743 62.3923 0
    endloop
  endfacet
  facet normal -0 0 -1
    outer loop
      vertex 63.5564 120.801 0
      vertex 59.1578 62.3539 0
      vertex 63.0287 121.077 0
    endloop
  endfacet
  facet normal -0 0 -1
    outer loop
      vertex 63.0287 121.077 0
      vertex 59.1578 62.3539 0
      vertex 62.4998 121.351 0
    endloop
  endfacet
  facet normal -0 0 -1
    outer loop
      vertex 62.4998 121.351 0
      vertex 59.1578 62.3539 0
      vertex 61.9697 121.622 0
    endloop
  endfacet
  facet normal 0 0 -1
    outer loop
      vertex 59.0433 62.3097 0
      vertex 61.9697 121.622 0
      vertex 59.1578 62.3539 0
    endloop
  endfacet
  facet normal -0 0 -1
    outer loop
      vertex 61.9697 121.622 0
      vertex 59.0433 62.3097 0
      vertex 61.4384 121.892 0
    endloop
  endfacet
  facet normal -0 0 -1
    outer loop
      vertex 61.4384 121.892 0
      vertex 59.0433 62.3097 0
      vertex 60.906 122.159 0
    endloop
  endfacet
  facet normal -0 0 -1
    outer loop
      vertex 60.906 122.159 0
      vertex 59.0433 62.3097 0
      vertex 60.3724 122.423 0
    endloop
  endfacet
  facet normal -0 0 -1
    outer loop
      vertex 60.3724 122.423 0
      vertex 59.0433 62.3097 0
      vertex 59.8376 122.685 0
    endloop
  endfacet
  facet normal 0 0 -1
    outer loop
      vertex 58.9311 62.26 0
      vertex 59.8376 122.685 0
      vertex 59.0433 62.3097 0
    endloop
  endfacet
  facet normal -0 0 -1
    outer loop
      vertex 59.8376 122.685 0
      vertex 58.9311 62.26 0
      vertex 59.3018 122.945 0
    endloop
  endfacet
  facet normal 0 0 -1
    outer loop
      vertex 58.2266 123.458 0
      vertex 58.9311 62.26 0
      vertex 58.8215 62.2048 0
    endloop
  endfacet
  facet normal 0 0 -1
    outer loop
      vertex 58.9311 62.26 0
      vertex 58.7648 123.203 0
      vertex 59.3018 122.945 0
    endloop
  endfacet
  facet normal 0 0 -1
    outer loop
      vertex 56.6056 124.21 0
      vertex 58.8215 62.2048 0
      vertex 58.7147 62.1443 0
    endloop
  endfacet
  facet normal 0 0 -1
    outer loop
      vertex 56.6056 124.21 0
      vertex 58.7147 62.1443 0
      vertex 58.6111 62.0787 0
    endloop
  endfacet
  facet normal 0 0 -1
    outer loop
      vertex 56.6056 124.21 0
      vertex 58.6111 62.0787 0
      vertex 58.5107 62.008 0
    endloop
  endfacet
  facet normal 0 0 -1
    outer loop
      vertex 56.6056 124.21 0
      vertex 58.5107 62.008 0
      vertex 58.414 61.9325 0
    endloop
  endfacet
  facet normal 0 0 -1
    outer loop
      vertex 56.6056 124.21 0
      vertex 58.414 61.9325 0
      vertex 58.3211 61.8524 0
    endloop
  endfacet
  facet normal 0 0 -1
    outer loop
      vertex 56.6056 124.21 0
      vertex 58.3211 61.8524 0
      vertex 58.2322 61.7678 0
    endloop
  endfacet
  facet normal 0 0 -1
    outer loop
      vertex 58.9311 62.26 0
      vertex 58.2266 123.458 0
      vertex 58.7648 123.203 0
    endloop
  endfacet
  facet normal 0 0 -1
    outer loop
      vertex 56.6056 124.21 0
      vertex 58.2322 61.7678 0
      vertex 58.1476 61.6789 0
    endloop
  endfacet
  facet normal 0 0 -1
    outer loop
      vertex 56.6056 124.21 0
      vertex 58.1476 61.6789 0
      vertex 58.0675 61.586 0
    endloop
  endfacet
  facet normal 0 0 -1
    outer loop
      vertex 56.6056 124.21 0
      vertex 58.0675 61.586 0
      vertex 57.992 61.4892 0
    endloop
  endfacet
  facet normal 0 0 -1
    outer loop
      vertex 56.6056 124.21 0
      vertex 57.992 61.4892 0
      vertex 57.9213 61.3889 0
    endloop
  endfacet
  facet normal 0 0 -1
    outer loop
      vertex 56.6056 124.21 0
      vertex 57.9213 61.3889 0
      vertex 57.8557 61.2853 0
    endloop
  endfacet
  facet normal 0 0 -1
    outer loop
      vertex 56.6056 124.21 0
      vertex 57.8557 61.2853 0
      vertex 57.7952 61.1785 0
    endloop
  endfacet
  facet normal 0 0 -1
    outer loop
      vertex 56.6056 124.21 0
      vertex 57.7952 61.1785 0
      vertex 57.74 61.0689 0
    endloop
  endfacet
  facet normal 0 0 -1
    outer loop
      vertex 56.6056 124.21 0
      vertex 57.74 61.0689 0
      vertex 57.6903 60.9567 0
    endloop
  endfacet
  facet normal 0 0 -1
    outer loop
      vertex 58.8215 62.2048 0
      vertex 57.6874 123.711 0
      vertex 58.2266 123.458 0
    endloop
  endfacet
  facet normal 0 0 -1
    outer loop
      vertex 56.6056 124.21 0
      vertex 57.6903 60.9567 0
      vertex 57.6461 60.8422 0
    endloop
  endfacet
  facet normal 0 0 -1
    outer loop
      vertex 56.6056 124.21 0
      vertex 57.6461 60.8422 0
      vertex 57.6077 60.7257 0
    endloop
  endfacet
  facet normal 0 0 -1
    outer loop
      vertex 56.6056 124.21 0
      vertex 57.6077 60.7257 0
      vertex 57.5749 60.6074 0
    endloop
  endfacet
  facet normal 0 0 -1
    outer loop
      vertex 56.6056 124.21 0
      vertex 57.5749 60.6074 0
      vertex 57.548 60.4877 0
    endloop
  endfacet
  facet normal 0 0 -1
    outer loop
      vertex 56.6056 124.21 0
      vertex 57.548 60.4877 0
      vertex 57.5271 60.3668 0
    endloop
  endfacet
  facet normal 0 0 -1
    outer loop
      vertex 56.6056 124.21 0
      vertex 57.5271 60.3668 0
      vertex 57.512 60.245 0
    endloop
  endfacet
  facet normal 0 0 -1
    outer loop
      vertex 56.6056 124.21 0
      vertex 57.512 60.245 0
      vertex 57.503 60.1227 0
    endloop
  endfacet
  facet normal 0 0 -1
    outer loop
      vertex 30.1561 45.9957 0
      vertex 57.503 60.1227 0
      vertex 57.5 60 0
    endloop
  endfacet
  facet normal 0 0 -1
    outer loop
      vertex 58.8215 62.2048 0
      vertex 57.147 123.962 0
      vertex 57.6874 123.711 0
    endloop
  endfacet
  facet normal 0 0 1
    outer loop
      vertex 113.496 75.8353 3
      vertex 64.994 60.2453 3
      vertex 65 60 3
    endloop
  endfacet
  facet normal 0 0 1
    outer loop
      vertex 65.655 119.673 3
      vertex 64.9759 60.4901 3
      vertex 64.994 60.2453 3
    endloop
  endfacet
  facet normal 0 0 1
    outer loop
      vertex 65.655 119.673 3
      vertex 64.9459 60.7337 3
      vertex 64.9759 60.4901 3
    endloop
  endfacet
  facet normal 0 0 1
    outer loop
      vertex 65.655 119.673 3
      vertex 64.9039 60.9755 3
      vertex 64.9459 60.7337 3
    endloop
  endfacet
  facet normal 0 0 1
    outer loop
      vertex 65.655 119.673 3
      vertex 64.8502 61.2149 3
      vertex 64.9039 60.9755 3
    endloop
  endfacet
  facet normal 0 0 1
    outer loop
      vertex 65.655 119.673 3
      vertex 64.7847 61.4514 3
      vertex 64.8502 61.2149 3
    endloop
  endfacet
  facet normal 0 0 1
    outer loop
      vertex 65.655 119.673 3
      vertex 64.7077 61.6844 3
      vertex 64.7847 61.4514 3
    endloop
  endfacet
  facet normal 0 0 1
    outer loop
      vertex 65.655 119.673 3
      vertex 64.6194 61.9134 3
      vertex 64.7077 61.6844 3
    endloop
  endfacet
  facet normal 0 0 1
    outer loop
      vertex 58.7851 64.8502 3
      vertex 65.1322 119.959 3
      vertex 64.6081 120.242 3
    endloop
  endfacet
  facet normal 0 0 1
    outer loop
      vertex 65.655 119.673 3
      vertex 64.5199 62.1378 3
      vertex 64.6194 61.9134 3
    endloop
  endfacet
  facet normal 0 0 1
    outer loop
      vertex 65.655 119.673 3
      vertex 64.4096 62.357 3
      vertex 64.5199 62.1378 3
    endloop
  endfacet
  facet normal 0 0 1
    outer loop
      vertex 65.655 119.673 3
      vertex 64.2886 62.5705 3
      vertex 64.4096 62.357 3
    endloop
  endfacet
  facet normal 0 0 1
    outer loop
      vertex 65.655 119.673 3
      vertex 64.1573 62.7779 3
      vertex 64.2886 62.5705 3
    endloop
  endfacet
  facet normal 0 0 1
    outer loop
      vertex 58.5486 64.7847 3
      vertex 64.6081 120.242 3
      vertex 64.0829 120.522 3
    endloop
  endfacet
  facet normal 0 0 1
    outer loop
      vertex 65.655 119.673 3
      vertex 64.016 62.9785 3
      vertex 64.1573 62.7779 3
    endloop
  endfacet
  facet normal 0 0 1
    outer loop
      vertex 65.655 119.673 3
      vertex 63.8651 63.172 3
      vertex 64.016 62.9785 3
    endloop
  endfacet
  facet normal 0 0 1
    outer loop
      vertex 65.655 119.673 3
      vertex 63.7048 63.3578 3
      vertex 63.8651 63.172 3
    endloop
  endfacet
  facet normal 0 0 1
    outer loop
      vertex 58.5486 64.7847 3
      vertex 64.0829 120.522 3
      vertex 63.5564 120.801 3
    endloop
  endfacet
  facet normal 0 0 1
    outer loop
      vertex 65.655 119.673 3
      vertex 63.5355 63.5355 3
      vertex 63.7048 63.3578 3
    endloop
  endfacet
  facet normal 0 0 1
    outer loop
      vertex 65.655 119.673 3
      vertex 63.3578 63.7048 3
      vertex 63.5355 63.5355 3
    endloop
  endfacet
  facet normal 0 0 1
    outer loop
      vertex 65.655 119.673 3
      vertex 63.172 63.8651 3
      vertex 63.3578 63.7048 3
    endloop
  endfacet
  facet normal 0 0 1
    outer loop
      vertex 58.5486 64.7847 3
      vertex 63.5564 120.801 3
      vertex 63.0287 121.077 3
    endloop
  endfacet
  facet normal 0 0 1
    outer loop
      vertex 65.655 119.673 3
      vertex 62.9785 64.016 3
      vertex 63.172 63.8651 3
    endloop
  endfacet
  facet normal 0 0 1
    outer loop
      vertex 65.655 119.673 3
      vertex 62.7779 64.1573 3
      vertex 62.9785 64.016 3
    endloop
  endfacet
  facet normal 0 0 1
    outer loop
      vertex 65.655 119.673 3
      vertex 62.5705 64.2886 3
      vertex 62.7779 64.1573 3
    endloop
  endfacet
  facet normal 0 0 1
    outer loop
      vertex 58.5486 64.7847 3
      vertex 63.0287 121.077 3
      vertex 62.4998 121.351 3
    endloop
  endfacet
  facet normal 0 0 1
    outer loop
      vertex 65.655 119.673 3
      vertex 62.357 64.4096 3
      vertex 62.5705 64.2886 3
    endloop
  endfacet
  facet normal 0 0 1
    outer loop
      vertex 65.655 119.673 3
      vertex 62.1378 64.5199 3
      vertex 62.357 64.4096 3
    endloop
  endfacet
  facet normal 0 0 1
    outer loop
      vertex 58.3156 64.7077 3
      vertex 62.4998 121.351 3
      vertex 61.9697 121.622 3
    endloop
  endfacet
  facet normal 0 0 1
    outer loop
      vertex 65.655 119.673 3
      vertex 61.9134 64.6194 3
      vertex 62.1378 64.5199 3
    endloop
  endfacet
  facet normal 0 0 1
    outer loop
      vertex 65.655 119.673 3
      vertex 61.6844 64.7077 3
      vertex 61.9134 64.6194 3
    endloop
  endfacet
  facet normal 0 0 1
    outer loop
      vertex 65.655 119.673 3
      vertex 61.4514 64.7847 3
      vertex 61.6844 64.7077 3
    endloop
  endfacet
  facet normal 0 0 1
    outer loop
      vertex 58.3156 64.7077 3
      vertex 61.9697 121.622 3
      vertex 61.4384 121.892 3
    endloop
  endfacet
  facet normal 0 0 1
    outer loop
      vertex 65.655 119.673 3
      vertex 61.2149 64.8502 3
      vertex 61.4514 64.7847 3
    endloop
  endfacet
  facet normal 0 0 1
    outer loop
      vertex 65.655 119.673 3
      vertex 60.9755 64.9039 3
      vertex 61.2149 64.8502 3
    endloop
  endfacet
  facet normal 0 0 1
    outer loop
      vertex 58.3156 64.7077 3
      vertex 61.4384 121.892 3
      vertex 60.906 122.159 3
    endloop
  endfacet
  facet normal 0 0 1
    outer loop
      vertex 65.655 119.673 3
      vertex 60.7337 64.9459 3
      vertex 60.9755 64.9039 3
    endloop
  endfacet
  facet normal 0 0 1
    outer loop
      vertex 65.655 119.673 3
      vertex 60.4901 64.9759 3
      vertex 60.7337 64.9459 3
    endloop
  endfacet
  facet normal 0 0 1
    outer loop
      vertex 58.3156 64.7077 3
      vertex 60.906 122.159 3
      vertex 60.3724 122.423 3
    endloop
  endfacet
  facet normal 0 0 1
    outer loop
      vertex 65.655 119.673 3
      vertex 60.2453 64.994 3
      vertex 60.4901 64.9759 3
    endloop
  endfacet
  facet normal 0 0 1
    outer loop
      vertex 65.655 119.673 3
      vertex 60 65 3
      vertex 60.2453 64.994 3
    endloop
  endfacet
  facet normal 0 0 1
    outer loop
      vertex 58.0866 64.6194 3
      vertex 60.3724 122.423 3
      vertex 59.8376 122.685 3
    endloop
  endfacet
  facet normal 0 0 1
    outer loop
      vertex 65.655 119.673 3
      vertex 59.7547 64.994 3
      vertex 60 65 3
    endloop
  endfacet
  facet normal 0 0 1
    outer loop
      vertex 65.655 119.673 3
      vertex 59.5099 64.9759 3
      vertex 59.7547 64.994 3
    endloop
  endfacet
  facet normal 0 0 1
    outer loop
      vertex 58.0866 64.6194 3
      vertex 59.8376 122.685 3
      vertex 59.3018 122.945 3
    endloop
  endfacet
  facet normal 0 0 1
    outer loop
      vertex 65.655 119.673 3
      vertex 59.2663 64.9459 3
      vertex 59.5099 64.9759 3
    endloop
  endfacet
  facet normal 0 0 1
    outer loop
      vertex 65.655 119.673 3
      vertex 59.0245 64.9039 3
      vertex 59.2663 64.9459 3
    endloop
  endfacet
  facet normal 0 0 1
    outer loop
      vertex 65.655 119.673 3
      vertex 58.7851 64.8502 3
      vertex 59.0245 64.9039 3
    endloop
  endfacet
  facet normal 0 0 1
    outer loop
      vertex 58.0866 64.6194 3
      vertex 59.3018 122.945 3
      vertex 58.7648 123.203 3
    endloop
  endfacet
  facet normal 0 0 1
    outer loop
      vertex 64.6081 120.242 3
      vertex 58.5486 64.7847 3
      vertex 58.7851 64.8502 3
    endloop
  endfacet
  facet normal 0 0 1
    outer loop
      vertex 62.4998 121.351 3
      vertex 58.3156 64.7077 3
      vertex 58.5486 64.7847 3
    endloop
  endfacet
  facet normal 0 0 1
    outer loop
      vertex 58.0866 64.6194 3
      vertex 58.7648 123.203 3
      vertex 58.2266 123.458 3
    endloop
  endfacet
  facet normal 0 0 1
    outer loop
      vertex 60.3724 122.423 3
      vertex 58.0866 64.6194 3
      vertex 58.3156 64.7077 3
    endloop
  endfacet
  facet normal 0 0 1
    outer loop
      vertex 58.2266 123.458 3
      vertex 57.8622 64.5199 3
      vertex 58.0866 64.6194 3
    endloop
  endfacet
  facet normal 0 0 1
    outer loop
      vertex 57.6874 123.711 3
      vertex 57.8622 64.5199 3
      vertex 58.2266 123.458 3
    endloop
  endfacet
  facet normal 0 0 1
    outer loop
      vertex 57.147 123.962 3
      vertex 57.8622 64.5199 3
      vertex 57.6874 123.711 3
    endloop
  endfacet
  facet normal 0 0 1
    outer loop
      vertex 57.8622 64.5199 3
      vertex 57.147 123.962 3
      vertex 57.643 64.4096 3
    endloop
  endfacet
  facet normal 0 0 1
    outer loop
      vertex 56.6056 124.21 3
      vertex 57.643 64.4096 3
      vertex 57.147 123.962 3
    endloop
  endfacet
  facet normal 0 0 1
    outer loop
      vertex 56.0631 124.456 3
      vertex 57.643 64.4096 3
      vertex 56.6056 124.21 3
    endloop
  endfacet
  facet normal 0 0 1
    outer loop
      vertex 55.5195 124.699 3
      vertex 57.643 64.4096 3
      vertex 56.0631 124.456 3
    endloop
  endfacet
  facet normal 0 0 1
    outer loop
      vertex 54.9749 124.94 3
      vertex 57.643 64.4096 3
      vertex 55.5195 124.699 3
    endloop
  endfacet
  facet normal 0 0 1
    outer loop
      vertex 57.643 64.4096 3
      vertex 54.9749 124.94 3
      vertex 57.4295 64.2886 3
    endloop
  endfacet
  facet normal 0 0 1
    outer loop
      vertex 54.4292 125.179 3
      vertex 57.4295 64.2886 3
      vertex 54.9749 124.94 3
    endloop
  endfacet
  facet normal 0 0 1
    outer loop
      vertex 53.8825 125.415 3
      vertex 57.4295 64.2886 3
      vertex 54.4292 125.179 3
    endloop
  endfacet
  facet normal 0 0 1
    outer loop
      vertex 53.3348 125.649 3
      vertex 57.4295 64.2886 3
      vertex 53.8825 125.415 3
    endloop
  endfacet
  facet normal 0 0 1
    outer loop
      vertex 52.786 125.88 3
      vertex 57.4295 64.2886 3
      vertex 53.3348 125.649 3
    endloop
  endfacet
  facet normal 0 0 1
    outer loop
      vertex 52.2363 126.11 3
      vertex 57.4295 64.2886 3
      vertex 52.786 125.88 3
    endloop
  endfacet
  facet normal 0 0 1
    outer loop
      vertex 57.4295 64.2886 3
      vertex 52.2363 126.11 3
      vertex 57.2221 64.1573 3
    endloop
  endfacet
  facet normal 0 0 1
    outer loop
      vertex 51.6855 126.336 3
      vertex 57.2221 64.1573 3
      vertex 52.2363 126.11 3
    endloop
  endfacet
  facet normal 0 0 1
    outer loop
      vertex 51.1338 126.561 3
      vertex 57.2221 64.1573 3
      vertex 51.6855 126.336 3
    endloop
  endfacet
  facet normal 0 0 1
    outer loop
      vertex 50.5811 126.783 3
      vertex 57.2221 64.1573 3
      vertex 51.1338 126.561 3
    endloop
  endfacet
  facet normal 0 0 1
    outer loop
      vertex 50.0274 127.002 3
      vertex 57.2221 64.1573 3
      vertex 50.5811 126.783 3
    endloop
  endfacet
  facet normal 0 0 1
    outer loop
      vertex 57.2221 64.1573 3
      vertex 50.0274 127.002 3
      vertex 57.0215 64.016 3
    endloop
  endfacet
  facet normal 0 0 1
    outer loop
      vertex 49.4728 127.219 3
      vertex 57.0215 64.016 3
      vertex 50.0274 127.002 3
    endloop
  endfacet
  facet normal 0 0 1
    outer loop
      vertex 48.9172 127.434 3
      vertex 57.0215 64.016 3
      vertex 49.4728 127.219 3
    endloop
  endfacet
  facet normal 0 0 1
    outer loop
      vertex 48.3607 127.646 3
      vertex 57.0215 64.016 3
      vertex 48.9172 127.434 3
    endloop
  endfacet
  facet normal 0 0 1
    outer loop
      vertex 47.8033 127.856 3
      vertex 57.0215 64.016 3
      vertex 48.3607 127.646 3
    endloop
  endfacet
  facet normal 0 0 1
    outer loop
      vertex 47.245 128.063 3
      vertex 57.0215 64.016 3
      vertex 47.8033 127.856 3
    endloop
  endfacet
  facet normal 0 0 1
    outer loop
      vertex 57.0215 64.016 3
      vertex 47.245 128.063 3
      vertex 56.828 63.8651 3
    endloop
  endfacet
  facet normal 0 0 1
    outer loop
      vertex 46.6857 128.268 3
      vertex 56.828 63.8651 3
      vertex 47.245 128.063 3
    endloop
  endfacet
  facet normal 0 0 1
    outer loop
      vertex 46.1256 128.471 3
      vertex 56.828 63.8651 3
      vertex 46.6857 128.268 3
    endloop
  endfacet
  facet normal 0 0 1
    outer loop
      vertex 45.5646 128.671 3
      vertex 56.828 63.8651 3
      vertex 46.1256 128.471 3
    endloop
  endfacet
  facet normal 0 0 1
    outer loop
      vertex 136.499 0.595581 3
      vertex 54.9995 0.239975 3
      vertex 55 0 3
    endloop
  endfacet
  facet normal 0 0 1
    outer loop
      vertex 55.006 59.7547 3
      vertex 54.9979 0.47995 3
      vertex 54.9995 0.239975 3
    endloop
  endfacet
  facet normal 0 0 1
    outer loop
      vertex 55.006 59.7547 3
      vertex 54.9953 0.719925 3
      vertex 54.9979 0.47995 3
    endloop
  endfacet
  facet normal 0 0 1
    outer loop
      vertex 55.006 59.7547 3
      vertex 54.9916 0.959869 3
      vertex 54.9953 0.719925 3
    endloop
  endfacet
  facet normal 0 0 1
    outer loop
      vertex 55.006 59.7547 3
      vertex 54.9869 1.19981 3
      vertex 54.9916 0.959869 3
    endloop
  endfacet
  facet normal 0 0 1
    outer loop
      vertex 55.006 59.7547 3
      vertex 54.9811 1.43973 3
      vertex 54.9869 1.19981 3
    endloop
  endfacet
  facet normal 0 0 1
    outer loop
      vertex 45.0028 128.868 3
      vertex 56.828 63.8651 3
      vertex 45.5646 128.671 3
    endloop
  endfacet
  facet normal 0 0 1
    outer loop
      vertex 44.44 129.063 3
      vertex 56.828 63.8651 3
      vertex 45.0028 128.868 3
    endloop
  endfacet
  facet normal 0 0 1
    outer loop
      vertex 55.006 59.7547 3
      vertex 54.9743 1.67961 3
      vertex 54.9811 1.43973 3
    endloop
  endfacet
  facet normal 0 0 1
    outer loop
      vertex 55.006 59.7547 3
      vertex 54.9665 1.91946 3
      vertex 54.9743 1.67961 3
    endloop
  endfacet
  facet normal 0 0 1
    outer loop
      vertex 55.006 59.7547 3
      vertex 54.9576 2.15929 3
      vertex 54.9665 1.91946 3
    endloop
  endfacet
  facet normal 0 0 1
    outer loop
      vertex 55.006 59.7547 3
      vertex 54.9476 2.39906 3
      vertex 54.9576 2.15929 3
    endloop
  endfacet
  facet normal 0 0 1
    outer loop
      vertex 55.006 59.7547 3
      vertex 54.9367 2.63879 3
      vertex 54.9476 2.39906 3
    endloop
  endfacet
  facet normal 0 0 1
    outer loop
      vertex 55.006 59.7547 3
      vertex 54.9246 2.87846 3
      vertex 54.9367 2.63879 3
    endloop
  endfacet
  facet normal 0 0 1
    outer loop
      vertex 55.006 59.7547 3
      vertex 54.9115 3.1181 3
      vertex 54.9246 2.87846 3
    endloop
  endfacet
  facet normal 0 0 1
    outer loop
      vertex 55.006 59.7547 3
      vertex 54.8974 3.35767 3
      vertex 54.9115 3.1181 3
    endloop
  endfacet
  facet normal 0 0 1
    outer loop
      vertex 55.006 59.7547 3
      vertex 54.8822 3.59717 3
      vertex 54.8974 3.35767 3
    endloop
  endfacet
  facet normal 0 0 1
    outer loop
      vertex 55.006 59.7547 3
      vertex 54.866 3.83659 3
      vertex 54.8822 3.59717 3
    endloop
  endfacet
  facet normal 0 0 1
    outer loop
      vertex 55.006 59.7547 3
      vertex 54.8488 4.07596 3
      vertex 54.866 3.83659 3
    endloop
  endfacet
  facet normal 0 0 1
    outer loop
      vertex 55.006 59.7547 3
      vertex 54.8304 4.31525 3
      vertex 54.8488 4.07596 3
    endloop
  endfacet
  facet normal 0 0 1
    outer loop
      vertex 55.006 59.7547 3
      vertex 54.8111 4.55444 3
      vertex 54.8304 4.31525 3
    endloop
  endfacet
  facet normal 0 0 1
    outer loop
      vertex 55.006 59.7547 3
      vertex 54.7907 4.79356 3
      vertex 54.8111 4.55444 3
    endloop
  endfacet
  facet normal 0 0 1
    outer loop
      vertex 55.006 59.7547 3
      vertex 54.7693 5.03258 3
      vertex 54.7907 4.79356 3
    endloop
  endfacet
  facet normal 0 0 1
    outer loop
      vertex 55.006 59.7547 3
      vertex 54.7468 5.27151 3
      vertex 54.7693 5.03258 3
    endloop
  endfacet
  facet normal 0 0 1
    outer loop
      vertex 55.006 59.7547 3
      vertex 54.7233 5.51033 3
      vertex 54.7468 5.27151 3
    endloop
  endfacet
  facet normal 0 0 1
    outer loop
      vertex 55.006 59.7547 3
      vertex 54.6987 5.74905 3
      vertex 54.7233 5.51033 3
    endloop
  endfacet
  facet normal 0 0 1
    outer loop
      vertex 55.006 59.7547 3
      vertex 54.6731 5.98767 3
      vertex 54.6987 5.74905 3
    endloop
  endfacet
  facet normal 0 0 1
    outer loop
      vertex 55.006 59.7547 3
      vertex 54.6464 6.22617 3
      vertex 54.6731 5.98767 3
    endloop
  endfacet
  facet normal 0 0 1
    outer loop
      vertex 55.006 59.7547 3
      vertex 54.6188 6.46455 3
      vertex 54.6464 6.22617 3
    endloop
  endfacet
  facet normal 0 0 1
    outer loop
      vertex 55.006 59.7547 3
      vertex 54.59 6.7028 3
      vertex 54.6188 6.46455 3
    endloop
  endfacet
  facet normal 0 0 1
    outer loop
      vertex 55.006 59.7547 3
      vertex 54.5603 6.94093 3
      vertex 54.59 6.7028 3
    endloop
  endfacet
  facet normal 0 0 1
    outer loop
      vertex 55.006 59.7547 3
      vertex 54.5295 7.17894 3
      vertex 54.5603 6.94093 3
    endloop
  endfacet
  facet normal 0 0 1
    outer loop
      vertex 55.006 59.7547 3
      vertex 54.4976 7.41679 3
      vertex 54.5295 7.17894 3
    endloop
  endfacet
  facet normal 0 0 1
    outer loop
      vertex 55.006 59.7547 3
      vertex 54.4647 7.65451 3
      vertex 54.4976 7.41679 3
    endloop
  endfacet
  facet normal 0 0 1
    outer loop
      vertex 55.006 59.7547 3
      vertex 54.4308 7.89209 3
      vertex 54.4647 7.65451 3
    endloop
  endfacet
  facet normal 0 0 1
    outer loop
      vertex 56.828 63.8651 3
      vertex 44.44 129.063 3
      vertex 56.6422 63.7048 3
    endloop
  endfacet
  facet normal 0 0 1
    outer loop
      vertex 55.006 59.7547 3
      vertex 54.3959 8.12952 3
      vertex 54.4308 7.89209 3
    endloop
  endfacet
  facet normal 0 0 1
    outer loop
      vertex 55.006 59.7547 3
      vertex 54.3599 8.36678 3
      vertex 54.3959 8.12952 3
    endloop
  endfacet
  facet normal 0 0 1
    outer loop
      vertex 55.006 59.7547 3
      vertex 54.3228 8.60388 3
      vertex 54.3599 8.36678 3
    endloop
  endfacet
  facet normal 0 0 1
    outer loop
      vertex 55.006 59.7547 3
      vertex 54.2848 8.84084 3
      vertex 54.3228 8.60388 3
    endloop
  endfacet
  facet normal 0 0 1
    outer loop
      vertex 55.006 59.7547 3
      vertex 54.2457 9.07761 3
      vertex 54.2848 8.84084 3
    endloop
  endfacet
  facet normal 0 0 1
    outer loop
      vertex 55.006 59.7547 3
      vertex 54.2056 9.31421 3
      vertex 54.2457 9.07761 3
    endloop
  endfacet
  facet normal 0 0 1
    outer loop
      vertex 55.006 59.7547 3
      vertex 54.1644 9.55064 3
      vertex 54.2056 9.31421 3
    endloop
  endfacet
  facet normal 0 0 1
    outer loop
      vertex 55.006 59.7547 3
      vertex 54.1222 9.78688 3
      vertex 54.1644 9.55064 3
    endloop
  endfacet
  facet normal 0 0 1
    outer loop
      vertex 55.006 59.7547 3
      vertex 54.079 10.0229 3
      vertex 54.1222 9.78688 3
    endloop
  endfacet
  facet normal 0 0 1
    outer loop
      vertex 55.006 59.7547 3
      vertex 54.0348 10.2588 3
      vertex 54.079 10.0229 3
    endloop
  endfacet
  facet normal 0 0 1
    outer loop
      vertex 55.006 59.7547 3
      vertex 53.9895 10.4945 3
      vertex 54.0348 10.2588 3
    endloop
  endfacet
  facet normal 0 0 1
    outer loop
      vertex 55.006 59.7547 3
      vertex 53.9432 10.73 3
      vertex 53.9895 10.4945 3
    endloop
  endfacet
  facet normal 0 0 1
    outer loop
      vertex 55.006 59.7547 3
      vertex 53.8958 10.9652 3
      vertex 53.9432 10.73 3
    endloop
  endfacet
  facet normal 0 0 1
    outer loop
      vertex 43.8765 129.256 3
      vertex 56.6422 63.7048 3
      vertex 44.44 129.063 3
    endloop
  endfacet
  facet normal 0 0 1
    outer loop
      vertex 55.006 59.7547 3
      vertex 53.8475 11.2003 3
      vertex 53.8958 10.9652 3
    endloop
  endfacet
  facet normal 0 0 1
    outer loop
      vertex 55.006 59.7547 3
      vertex 53.7981 11.4351 3
      vertex 53.8475 11.2003 3
    endloop
  endfacet
  facet normal 0 0 1
    outer loop
      vertex 55.006 59.7547 3
      vertex 53.7477 11.6698 3
      vertex 53.7981 11.4351 3
    endloop
  endfacet
  facet normal 0 0 1
    outer loop
      vertex 55.006 59.7547 3
      vertex 53.6963 11.9042 3
      vertex 53.7477 11.6698 3
    endloop
  endfacet
  facet normal 0 0 1
    outer loop
      vertex 55.006 59.7547 3
      vertex 53.6438 12.1384 3
      vertex 53.6963 11.9042 3
    endloop
  endfacet
  facet normal 0 0 1
    outer loop
      vertex 55.006 59.7547 3
      vertex 53.5903 12.3723 3
      vertex 53.6438 12.1384 3
    endloop
  endfacet
  facet normal 0 0 1
    outer loop
      vertex 55.006 59.7547 3
      vertex 53.5359 12.606 3
      vertex 53.5903 12.3723 3
    endloop
  endfacet
  facet normal 0 0 1
    outer loop
      vertex 55.006 59.7547 3
      vertex 53.4803 12.8395 3
      vertex 53.5359 12.606 3
    endloop
  endfacet
  facet normal 0 0 1
    outer loop
      vertex 55.006 59.7547 3
      vertex 53.4238 13.0727 3
      vertex 53.4803 12.8395 3
    endloop
  endfacet
  facet normal 0 0 1
    outer loop
      vertex 55.006 59.7547 3
      vertex 53.3663 13.3057 3
      vertex 53.4238 13.0727 3
    endloop
  endfacet
  facet normal 0 0 1
    outer loop
      vertex 43.3121 129.446 3
      vertex 56.6422 63.7048 3
      vertex 43.8765 129.256 3
    endloop
  endfacet
  facet normal 0 0 1
    outer loop
      vertex 55.006 59.7547 3
      vertex 53.3077 13.5384 3
      vertex 53.3663 13.3057 3
    endloop
  endfacet
  facet normal 0 0 1
    outer loop
      vertex 55.006 59.7547 3
      vertex 53.2481 13.7709 3
      vertex 53.3077 13.5384 3
    endloop
  endfacet
  facet normal 0 0 1
    outer loop
      vertex 55.006 59.7547 3
      vertex 53.1875 14.0031 3
      vertex 53.2481 13.7709 3
    endloop
  endfacet
  facet normal 0 0 1
    outer loop
      vertex 55.006 59.7547 3
      vertex 53.1259 14.235 3
      vertex 53.1875 14.0031 3
    endloop
  endfacet
  facet normal 0 0 1
    outer loop
      vertex 55.006 59.7547 3
      vertex 53.0633 14.4667 3
      vertex 53.1259 14.235 3
    endloop
  endfacet
  facet normal 0 0 1
    outer loop
      vertex 55.006 59.7547 3
      vertex 52.9997 14.6981 3
      vertex 53.0633 14.4667 3
    endloop
  endfacet
  facet normal 0 0 1
    outer loop
      vertex 55.006 59.7547 3
      vertex 52.935 14.9292 3
      vertex 52.9997 14.6981 3
    endloop
  endfacet
  facet normal 0 0 1
    outer loop
      vertex 55.006 59.7547 3
      vertex 52.8694 15.16 3
      vertex 52.935 14.9292 3
    endloop
  endfacet
  facet normal 0 0 1
    outer loop
      vertex 55.006 59.7547 3
      vertex 52.8027 15.3906 3
      vertex 52.8694 15.16 3
    endloop
  endfacet
  facet normal 0 0 1
    outer loop
      vertex 42.7469 129.634 3
      vertex 56.6422 63.7048 3
      vertex 43.3121 129.446 3
    endloop
  endfacet
  facet normal 0 0 1
    outer loop
      vertex 55.006 59.7547 3
      vertex 52.7351 15.6208 3
      vertex 52.8027 15.3906 3
    endloop
  endfacet
  facet normal 0 0 1
    outer loop
      vertex 55.006 59.7547 3
      vertex 52.6664 15.8508 3
      vertex 52.7351 15.6208 3
    endloop
  endfacet
  facet normal 0 0 1
    outer loop
      vertex 55.006 59.7547 3
      vertex 52.5968 16.0804 3
      vertex 52.6664 15.8508 3
    endloop
  endfacet
  facet normal 0 0 1
    outer loop
      vertex 55.006 59.7547 3
      vertex 52.5261 16.3098 3
      vertex 52.5968 16.0804 3
    endloop
  endfacet
  facet normal 0 0 1
    outer loop
      vertex 55.006 59.7547 3
      vertex 52.4544 16.5388 3
      vertex 52.5261 16.3098 3
    endloop
  endfacet
  facet normal 0 0 1
    outer loop
      vertex 55.006 59.7547 3
      vertex 52.3818 16.7675 3
      vertex 52.4544 16.5388 3
    endloop
  endfacet
  facet normal 0 0 1
    outer loop
      vertex 55.006 59.7547 3
      vertex 52.3081 16.9959 3
      vertex 52.3818 16.7675 3
    endloop
  endfacet
  facet normal 0 0 1
    outer loop
      vertex 42.1808 129.819 3
      vertex 56.6422 63.7048 3
      vertex 42.7469 129.634 3
    endloop
  endfacet
  facet normal 0 0 1
    outer loop
      vertex 55.006 59.7547 3
      vertex 52.2334 17.224 3
      vertex 52.3081 16.9959 3
    endloop
  endfacet
  facet normal 0 0 1
    outer loop
      vertex 55.006 59.7547 3
      vertex 52.1578 17.4518 3
      vertex 52.2334 17.224 3
    endloop
  endfacet
  facet normal 0 0 1
    outer loop
      vertex 55.006 59.7547 3
      vertex 52.0811 17.6792 3
      vertex 52.1578 17.4518 3
    endloop
  endfacet
  facet normal 0 0 1
    outer loop
      vertex 55.006 59.7547 3
      vertex 52.0035 17.9062 3
      vertex 52.0811 17.6792 3
    endloop
  endfacet
  facet normal 0 0 1
    outer loop
      vertex 55.006 59.7547 3
      vertex 51.9249 18.133 3
      vertex 52.0035 17.9062 3
    endloop
  endfacet
  facet normal 0 0 1
    outer loop
      vertex 55.006 59.7547 3
      vertex 51.8453 18.3594 3
      vertex 51.9249 18.133 3
    endloop
  endfacet
  facet normal 0 0 1
    outer loop
      vertex 55.006 59.7547 3
      vertex 51.7647 18.5854 3
      vertex 51.8453 18.3594 3
    endloop
  endfacet
  facet normal 0 0 1
    outer loop
      vertex 41.614 130.002 3
      vertex 56.6422 63.7048 3
      vertex 42.1808 129.819 3
    endloop
  endfacet
  facet normal 0 0 1
    outer loop
      vertex 55.006 59.7547 3
      vertex 51.6831 18.8111 3
      vertex 51.7647 18.5854 3
    endloop
  endfacet
  facet normal 0 0 1
    outer loop
      vertex 55.006 59.7547 3
      vertex 51.6005 19.0364 3
      vertex 51.6831 18.8111 3
    endloop
  endfacet
  facet normal 0 0 1
    outer loop
      vertex 55.006 59.7547 3
      vertex 51.517 19.2614 3
      vertex 51.6005 19.0364 3
    endloop
  endfacet
  facet normal 0 0 1
    outer loop
      vertex 55.006 59.7547 3
      vertex 51.4324 19.486 3
      vertex 51.517 19.2614 3
    endloop
  endfacet
  facet normal 0 0 1
    outer loop
      vertex 55.006 59.7547 3
      vertex 51.3469 19.7102 3
      vertex 51.4324 19.486 3
    endloop
  endfacet
  facet normal 0 0 1
    outer loop
      vertex 55.006 59.7547 3
      vertex 51.2604 19.9341 3
      vertex 51.3469 19.7102 3
    endloop
  endfacet
  facet normal 0 0 1
    outer loop
      vertex 55.006 59.7547 3
      vertex 51.173 20.1576 3
      vertex 51.2604 19.9341 3
    endloop
  endfacet
  facet normal 0 0 1
    outer loop
      vertex 56.6422 63.7048 3
      vertex 41.614 130.002 3
      vertex 56.4645 63.5355 3
    endloop
  endfacet
  facet normal 0 0 1
    outer loop
      vertex 55.006 59.7547 3
      vertex 51.0845 20.3806 3
      vertex 51.173 20.1576 3
    endloop
  endfacet
  facet normal 0 0 1
    outer loop
      vertex 55.006 59.7547 3
      vertex 50.9951 20.6033 3
      vertex 51.0845 20.3806 3
    endloop
  endfacet
  facet normal 0 0 1
    outer loop
      vertex 55.006 59.7547 3
      vertex 50.9047 20.8257 3
      vertex 50.9951 20.6033 3
    endloop
  endfacet
  facet normal 0 0 1
    outer loop
      vertex 55.006 59.7547 3
      vertex 50.8134 21.0476 3
      vertex 50.9047 20.8257 3
    endloop
  endfacet
  facet normal 0 0 1
    outer loop
      vertex 55.006 59.7547 3
      vertex 50.721 21.2691 3
      vertex 50.8134 21.0476 3
    endloop
  endfacet
  facet normal 0 0 1
    outer loop
      vertex 55.006 59.7547 3
      vertex 50.6278 21.4902 3
      vertex 50.721 21.2691 3
    endloop
  endfacet
  facet normal 0 0 1
    outer loop
      vertex 41.0463 130.182 3
      vertex 56.4645 63.5355 3
      vertex 41.614 130.002 3
    endloop
  endfacet
  facet normal 0 0 1
    outer loop
      vertex 55.006 59.7547 3
      vertex 50.5335 21.7109 3
      vertex 50.6278 21.4902 3
    endloop
  endfacet
  facet normal 0 0 1
    outer loop
      vertex 55.006 59.7547 3
      vertex 50.4383 21.9312 3
      vertex 50.5335 21.7109 3
    endloop
  endfacet
  facet normal 0 0 1
    outer loop
      vertex 55.006 59.7547 3
      vertex 50.3421 22.1511 3
      vertex 50.4383 21.9312 3
    endloop
  endfacet
  facet normal 0 0 1
    outer loop
      vertex 55.006 59.7547 3
      vertex 50.245 22.3705 3
      vertex 50.3421 22.1511 3
    endloop
  endfacet
  facet normal 0 0 1
    outer loop
      vertex 55.006 59.7547 3
      vertex 50.1469 22.5895 3
      vertex 50.245 22.3705 3
    endloop
  endfacet
  facet normal 0 0 1
    outer loop
      vertex 55.006 59.7547 3
      vertex 50.0479 22.8081 3
      vertex 50.1469 22.5895 3
    endloop
  endfacet
  facet normal 0 0 1
    outer loop
      vertex 40.4779 130.36 3
      vertex 56.4645 63.5355 3
      vertex 41.0463 130.182 3
    endloop
  endfacet
  facet normal 0 0 1
    outer loop
      vertex 55.006 59.7547 3
      vertex 49.9479 23.0263 3
      vertex 50.0479 22.8081 3
    endloop
  endfacet
  facet normal 0 0 1
    outer loop
      vertex 55.006 59.7547 3
      vertex 49.8469 23.244 3
      vertex 49.9479 23.0263 3
    endloop
  endfacet
  facet normal 0 0 1
    outer loop
      vertex 55.006 59.7547 3
      vertex 49.745 23.4613 3
      vertex 49.8469 23.244 3
    endloop
  endfacet
  facet normal 0 0 1
    outer loop
      vertex 55.006 59.7547 3
      vertex 49.6422 23.6781 3
      vertex 49.745 23.4613 3
    endloop
  endfacet
  facet normal 0 0 1
    outer loop
      vertex 55.006 59.7547 3
      vertex 49.5384 23.8945 3
      vertex 49.6422 23.6781 3
    endloop
  endfacet
  facet normal 0 0 1
    outer loop
      vertex 39.9087 130.536 3
      vertex 56.4645 63.5355 3
      vertex 40.4779 130.36 3
    endloop
  endfacet
  facet normal 0 0 1
    outer loop
      vertex 55.006 59.7547 3
      vertex 49.4337 24.1104 3
      vertex 49.5384 23.8945 3
    endloop
  endfacet
  facet normal 0 0 1
    outer loop
      vertex 55.006 59.7547 3
      vertex 49.328 24.3259 3
      vertex 49.4337 24.1104 3
    endloop
  endfacet
  facet normal 0 0 1
    outer loop
      vertex 55.006 59.7547 3
      vertex 49.2214 24.5409 3
      vertex 49.328 24.3259 3
    endloop
  endfacet
  facet normal 0 0 1
    outer loop
      vertex 55.006 59.7547 3
      vertex 49.1138 24.7554 3
      vertex 49.2214 24.5409 3
    endloop
  endfacet
  facet normal 0 0 1
    outer loop
      vertex 55.006 59.7547 3
      vertex 49.0054 24.9695 3
      vertex 49.1138 24.7554 3
    endloop
  endfacet
  facet normal 0 0 1
    outer loop
      vertex 39.3388 130.708 3
      vertex 56.4645 63.5355 3
      vertex 39.9087 130.536 3
    endloop
  endfacet
  facet normal 0 0 1
    outer loop
      vertex 55.006 59.7547 3
      vertex 48.8959 25.1831 3
      vertex 49.0054 24.9695 3
    endloop
  endfacet
  facet normal 0 0 1
    outer loop
      vertex 55.006 59.7547 3
      vertex 48.7856 25.3962 3
      vertex 48.8959 25.1831 3
    endloop
  endfacet
  facet normal 0 0 1
    outer loop
      vertex 55.006 59.7547 3
      vertex 48.6743 25.6088 3
      vertex 48.7856 25.3962 3
    endloop
  endfacet
  facet normal 0 0 1
    outer loop
      vertex 55.006 59.7547 3
      vertex 48.5621 25.8209 3
      vertex 48.6743 25.6088 3
    endloop
  endfacet
  facet normal 0 0 1
    outer loop
      vertex 55.006 59.7547 3
      vertex 48.449 26.0326 3
      vertex 48.5621 25.8209 3
    endloop
  endfacet
  facet normal 0 0 1
    outer loop
      vertex 56.4645 63.5355 3
      vertex 39.3388 130.708 3
      vertex 56.2952 63.3578 3
    endloop
  endfacet
  facet normal 0 0 1
    outer loop
      vertex 55.006 59.7547 3
      vertex 48.3349 26.2437 3
      vertex 48.449 26.0326 3
    endloop
  endfacet
  facet normal 0 0 1
    outer loop
      vertex 55.006 59.7547 3
      vertex 48.22 26.4544 3
      vertex 48.3349 26.2437 3
    endloop
  endfacet
  facet normal 0 0 1
    outer loop
      vertex 55.006 59.7547 3
      vertex 48.1041 26.6645 3
      vertex 48.22 26.4544 3
    endloop
  endfacet
  facet normal 0 0 1
    outer loop
      vertex 55.006 59.7547 3
      vertex 47.9873 26.8742 3
      vertex 48.1041 26.6645 3
    endloop
  endfacet
  facet normal 0 0 1
    outer loop
      vertex 55.006 59.7547 3
      vertex 47.8696 27.0833 3
      vertex 47.9873 26.8742 3
    endloop
  endfacet
  facet normal 0 0 1
    outer loop
      vertex 15.8508 52.6664 3
      vertex 56.2952 63.3578 3
      vertex 39.3388 130.708 3
    endloop
  endfacet
  facet normal 0 0 1
    outer loop
      vertex 55.006 59.7547 3
      vertex 47.7509 27.2919 3
      vertex 47.8696 27.0833 3
    endloop
  endfacet
  facet normal 0 0 1
    outer loop
      vertex 55.006 59.7547 3
      vertex 47.6314 27.5 3
      vertex 47.7509 27.2919 3
    endloop
  endfacet
  facet normal 0 0 1
    outer loop
      vertex 55.006 59.7547 3
      vertex 47.5109 27.7076 3
      vertex 47.6314 27.5 3
    endloop
  endfacet
  facet normal 0 0 1
    outer loop
      vertex 55.006 59.7547 3
      vertex 47.3896 27.9146 3
      vertex 47.5109 27.7076 3
    endloop
  endfacet
  facet normal 0 0 1
    outer loop
      vertex 55.006 59.7547 3
      vertex 47.2673 28.1211 3
      vertex 47.3896 27.9146 3
    endloop
  endfacet
  facet normal 0 -0 1
    outer loop
      vertex 16.0804 52.5968 3
      vertex 56.2952 63.3578 3
      vertex 15.8508 52.6664 3
    endloop
  endfacet
  facet normal 0 0 1
    outer loop
      vertex 55.006 59.7547 3
      vertex 47.1442 28.3271 3
      vertex 47.2673 28.1211 3
    endloop
  endfacet
  facet normal 0 0 1
    outer loop
      vertex 55.006 59.7547 3
      vertex 47.0201 28.5325 3
      vertex 47.1442 28.3271 3
    endloop
  endfacet
  facet normal 0 0 1
    outer loop
      vertex 55.006 59.7547 3
      vertex 46.8952 28.7374 3
      vertex 47.0201 28.5325 3
    endloop
  endfacet
  facet normal 0 0 1
    outer loop
      vertex 55.006 59.7547 3
      vertex 46.7694 28.9418 3
      vertex 46.8952 28.7374 3
    endloop
  endfacet
  facet normal 0 -0 1
    outer loop
      vertex 16.3098 52.5261 3
      vertex 56.2952 63.3578 3
      vertex 16.0804 52.5968 3
    endloop
  endfacet
  facet normal 0 0 1
    outer loop
      vertex 55.006 59.7547 3
      vertex 46.6426 29.1456 3
      vertex 46.7694 28.9418 3
    endloop
  endfacet
  facet normal 0 0 1
    outer loop
      vertex 55.006 59.7547 3
      vertex 46.515 29.3488 3
      vertex 46.6426 29.1456 3
    endloop
  endfacet
  facet normal 0 0 1
    outer loop
      vertex 55.006 59.7547 3
      vertex 46.3865 29.5515 3
      vertex 46.515 29.3488 3
    endloop
  endfacet
  facet normal 0 0 1
    outer loop
      vertex 55.006 59.7547 3
      vertex 46.2571 29.7536 3
      vertex 46.3865 29.5515 3
    endloop
  endfacet
  facet normal 0 0 1
    outer loop
      vertex 55.006 59.7547 3
      vertex 46.1269 29.9551 3
      vertex 46.2571 29.7536 3
    endloop
  endfacet
  facet normal 0 -0 1
    outer loop
      vertex 16.5388 52.4544 3
      vertex 56.2952 63.3578 3
      vertex 16.3098 52.5261 3
    endloop
  endfacet
  facet normal 0 0 1
    outer loop
      vertex 55.006 59.7547 3
      vertex 45.9957 30.1561 3
      vertex 46.1269 29.9551 3
    endloop
  endfacet
  facet normal 0 0 1
    outer loop
      vertex 55.006 59.7547 3
      vertex 45.8637 30.3565 3
      vertex 45.9957 30.1561 3
    endloop
  endfacet
  facet normal 0 0 1
    outer loop
      vertex 55.006 59.7547 3
      vertex 45.7308 30.5564 3
      vertex 45.8637 30.3565 3
    endloop
  endfacet
  facet normal 0 0 1
    outer loop
      vertex 55.006 59.7547 3
      vertex 45.5971 30.7556 3
      vertex 45.7308 30.5564 3
    endloop
  endfacet
  facet normal 0 -0 1
    outer loop
      vertex 16.7675 52.3818 3
      vertex 56.2952 63.3578 3
      vertex 16.5388 52.4544 3
    endloop
  endfacet
  facet normal 0 0 1
    outer loop
      vertex 55.006 59.7547 3
      vertex 45.4624 30.9543 3
      vertex 45.5971 30.7556 3
    endloop
  endfacet
  facet normal 0 0 1
    outer loop
      vertex 55.006 59.7547 3
      vertex 45.3269 31.1523 3
      vertex 45.4624 30.9543 3
    endloop
  endfacet
  facet normal 0 0 1
    outer loop
      vertex 55.006 59.7547 3
      vertex 45.1906 31.3498 3
      vertex 45.3269 31.1523 3
    endloop
  endfacet
  facet normal 0 0 1
    outer loop
      vertex 55.006 59.7547 3
      vertex 45.0534 31.5467 3
      vertex 45.1906 31.3498 3
    endloop
  endfacet
  facet normal 0 -0 1
    outer loop
      vertex 17.224 52.2334 3
      vertex 56.1349 63.172 3
      vertex 16.9959 52.3081 3
    endloop
  endfacet
  facet normal 0 0 1
    outer loop
      vertex 55.006 59.7547 3
      vertex 44.9153 31.743 3
      vertex 45.0534 31.5467 3
    endloop
  endfacet
  facet normal 0 0 1
    outer loop
      vertex 55.006 59.7547 3
      vertex 44.7764 31.9387 3
      vertex 44.9153 31.743 3
    endloop
  endfacet
  facet normal 0 0 1
    outer loop
      vertex 55.006 59.7547 3
      vertex 44.6366 32.1337 3
      vertex 44.7764 31.9387 3
    endloop
  endfacet
  facet normal 0 0 1
    outer loop
      vertex 55.006 59.7547 3
      vertex 44.4959 32.3282 3
      vertex 44.6366 32.1337 3
    endloop
  endfacet
  facet normal 0 -0 1
    outer loop
      vertex 17.4518 52.1578 3
      vertex 56.1349 63.172 3
      vertex 17.224 52.2334 3
    endloop
  endfacet
  facet normal 0 0 1
    outer loop
      vertex 55.006 59.7547 3
      vertex 44.3544 32.522 3
      vertex 44.4959 32.3282 3
    endloop
  endfacet
  facet normal 0 0 1
    outer loop
      vertex 55.006 59.7547 3
      vertex 44.2121 32.7152 3
      vertex 44.3544 32.522 3
    endloop
  endfacet
  facet normal 0 0 1
    outer loop
      vertex 55.006 59.7547 3
      vertex 44.069 32.9079 3
      vertex 44.2121 32.7152 3
    endloop
  endfacet
  facet normal 0 0 1
    outer loop
      vertex 55.006 59.7547 3
      vertex 43.9249 33.0998 3
      vertex 44.069 32.9079 3
    endloop
  endfacet
  facet normal 0 0 1
    outer loop
      vertex 56.1349 63.172 3
      vertex 17.9062 52.0035 3
      vertex 55.984 62.9785 3
    endloop
  endfacet
  facet normal 0 0 1
    outer loop
      vertex 55.006 59.7547 3
      vertex 43.7801 33.2912 3
      vertex 43.9249 33.0998 3
    endloop
  endfacet
  facet normal 0 0 1
    outer loop
      vertex 55.006 59.7547 3
      vertex 43.6344 33.4819 3
      vertex 43.7801 33.2912 3
    endloop
  endfacet
  facet normal 0 0 1
    outer loop
      vertex 55.006 59.7547 3
      vertex 43.4879 33.6719 3
      vertex 43.6344 33.4819 3
    endloop
  endfacet
  facet normal 0 0 1
    outer loop
      vertex 55.006 59.7547 3
      vertex 43.3406 33.8614 3
      vertex 43.4879 33.6719 3
    endloop
  endfacet
  facet normal 0 -0 1
    outer loop
      vertex 18.133 51.9249 3
      vertex 55.984 62.9785 3
      vertex 17.9062 52.0035 3
    endloop
  endfacet
  facet normal 0 0 1
    outer loop
      vertex 55.006 59.7547 3
      vertex 43.1924 34.0502 3
      vertex 43.3406 33.8614 3
    endloop
  endfacet
  facet normal 0 0 1
    outer loop
      vertex 55.006 59.7547 3
      vertex 43.0434 34.2383 3
      vertex 43.1924 34.0502 3
    endloop
  endfacet
  facet normal 0 0 1
    outer loop
      vertex 55.006 59.7547 3
      vertex 42.8936 34.4258 3
      vertex 43.0434 34.2383 3
    endloop
  endfacet
  facet normal 0 -0 1
    outer loop
      vertex 18.8111 51.6831 3
      vertex 55.984 62.9785 3
      vertex 18.5854 51.7647 3
    endloop
  endfacet
  facet normal 0 0 1
    outer loop
      vertex 55.006 59.7547 3
      vertex 42.743 34.6126 3
      vertex 42.8936 34.4258 3
    endloop
  endfacet
  facet normal 0 0 1
    outer loop
      vertex 55.006 59.7547 3
      vertex 42.5916 34.7988 3
      vertex 42.743 34.6126 3
    endloop
  endfacet
  facet normal 0 0 1
    outer loop
      vertex 55.006 59.7547 3
      vertex 42.4393 34.9843 3
      vertex 42.5916 34.7988 3
    endloop
  endfacet
  facet normal 0 0 1
    outer loop
      vertex 55.006 59.7547 3
      vertex 42.2863 35.1691 3
      vertex 42.4393 34.9843 3
    endloop
  endfacet
  facet normal 0 -0 1
    outer loop
      vertex 19.2614 51.517 3
      vertex 55.8427 62.7779 3
      vertex 19.0364 51.6005 3
    endloop
  endfacet
  facet normal 0 0 1
    outer loop
      vertex 55.006 59.7547 3
      vertex 42.1324 35.3533 3
      vertex 42.2863 35.1691 3
    endloop
  endfacet
  facet normal 0 0 1
    outer loop
      vertex 55.006 59.7547 3
      vertex 41.9778 35.5368 3
      vertex 42.1324 35.3533 3
    endloop
  endfacet
  facet normal 0 0 1
    outer loop
      vertex 55.006 59.7547 3
      vertex 41.8223 35.7196 3
      vertex 41.9778 35.5368 3
    endloop
  endfacet
  facet normal 0 0 1
    outer loop
      vertex 55.006 59.7547 3
      vertex 41.6661 35.9018 3
      vertex 41.8223 35.7196 3
    endloop
  endfacet
  facet normal 0 -0 1
    outer loop
      vertex 19.486 51.4324 3
      vertex 55.8427 62.7779 3
      vertex 19.2614 51.517 3
    endloop
  endfacet
  facet normal 0 0 1
    outer loop
      vertex 55.006 59.7547 3
      vertex 41.509 36.0832 3
      vertex 41.6661 35.9018 3
    endloop
  endfacet
  facet normal 0 0 1
    outer loop
      vertex 55.006 59.7547 3
      vertex 41.3512 36.264 3
      vertex 41.509 36.0832 3
    endloop
  endfacet
  facet normal 0 0 1
    outer loop
      vertex 55.006 59.7547 3
      vertex 41.1926 36.4441 3
      vertex 41.3512 36.264 3
    endloop
  endfacet
  facet normal 0 -0 1
    outer loop
      vertex 19.0364 51.6005 3
      vertex 55.984 62.9785 3
      vertex 18.8111 51.6831 3
    endloop
  endfacet
  facet normal 0 0 1
    outer loop
      vertex 55.006 59.7547 3
      vertex 41.0331 36.6235 3
      vertex 41.1926 36.4441 3
    endloop
  endfacet
  facet normal 0 0 1
    outer loop
      vertex 55.006 59.7547 3
      vertex 40.873 36.8022 3
      vertex 41.0331 36.6235 3
    endloop
  endfacet
  facet normal 0 0 1
    outer loop
      vertex 55.006 59.7547 3
      vertex 40.712 36.9802 3
      vertex 40.873 36.8022 3
    endloop
  endfacet
  facet normal 0 0 1
    outer loop
      vertex 55.006 59.7547 3
      vertex 40.5502 37.1575 3
      vertex 40.712 36.9802 3
    endloop
  endfacet
  facet normal 0 -0 1
    outer loop
      vertex 18.3594 51.8453 3
      vertex 55.984 62.9785 3
      vertex 18.133 51.9249 3
    endloop
  endfacet
  facet normal 0 0 1
    outer loop
      vertex 55.006 59.7547 3
      vertex 40.3877 37.334 3
      vertex 40.5502 37.1575 3
    endloop
  endfacet
  facet normal 0 0 1
    outer loop
      vertex 55.006 59.7547 3
      vertex 40.2244 37.5099 3
      vertex 40.3877 37.334 3
    endloop
  endfacet
  facet normal 0 0 1
    outer loop
      vertex 55.006 59.7547 3
      vertex 40.0604 37.6851 3
      vertex 40.2244 37.5099 3
    endloop
  endfacet
  facet normal 0 -0 1
    outer loop
      vertex 17.6792 52.0811 3
      vertex 56.1349 63.172 3
      vertex 17.4518 52.1578 3
    endloop
  endfacet
  facet normal 0 0 1
    outer loop
      vertex 55.006 59.7547 3
      vertex 39.8956 37.8595 3
      vertex 40.0604 37.6851 3
    endloop
  endfacet
  facet normal 0 0 1
    outer loop
      vertex 55.006 59.7547 3
      vertex 39.73 38.0332 3
      vertex 39.8956 37.8595 3
    endloop
  endfacet
  facet normal 0 0 1
    outer loop
      vertex 55.006 59.7547 3
      vertex 39.5637 38.2062 3
      vertex 39.73 38.0332 3
    endloop
  endfacet
  facet normal 0 0 1
    outer loop
      vertex 55.006 59.7547 3
      vertex 39.3966 38.3785 3
      vertex 39.5637 38.2062 3
    endloop
  endfacet
  facet normal 0 0 1
    outer loop
      vertex 56.2952 63.3578 3
      vertex 16.7675 52.3818 3
      vertex 56.1349 63.172 3
    endloop
  endfacet
  facet normal 0 0 1
    outer loop
      vertex 55.006 59.7547 3
      vertex 39.2288 38.55 3
      vertex 39.3966 38.3785 3
    endloop
  endfacet
  facet normal 0 0 1
    outer loop
      vertex 55.006 59.7547 3
      vertex 39.0602 38.7208 3
      vertex 39.2288 38.55 3
    endloop
  endfacet
  facet normal 0 0 1
    outer loop
      vertex 55.006 59.7547 3
      vertex 38.8909 38.8909 3
      vertex 39.0602 38.7208 3
    endloop
  endfacet
  facet normal 0 0 1
    outer loop
      vertex 15.8508 52.6664 3
      vertex 39.3388 130.708 3
      vertex 38.7681 130.879 3
    endloop
  endfacet
  facet normal 0 0 1
    outer loop
      vertex 55.006 59.7547 3
      vertex 38.7208 39.0602 3
      vertex 38.8909 38.8909 3
    endloop
  endfacet
  facet normal 0 0 1
    outer loop
      vertex 55.006 59.7547 3
      vertex 38.55 39.2288 3
      vertex 38.7208 39.0602 3
    endloop
  endfacet
  facet normal 0 0 1
    outer loop
      vertex 55.006 59.7547 3
      vertex 38.3785 39.3966 3
      vertex 38.55 39.2288 3
    endloop
  endfacet
  facet normal 0 0 1
    outer loop
      vertex 55.006 59.7547 3
      vertex 38.2062 39.5637 3
      vertex 38.3785 39.3966 3
    endloop
  endfacet
  facet normal 0 0 1
    outer loop
      vertex 15.6208 52.7351 3
      vertex 38.7681 130.879 3
      vertex 38.1967 131.047 3
    endloop
  endfacet
  facet normal 0 0 1
    outer loop
      vertex 55.006 59.7547 3
      vertex 38.0332 39.73 3
      vertex 38.2062 39.5637 3
    endloop
  endfacet
  facet normal 0 0 1
    outer loop
      vertex 55.006 59.7547 3
      vertex 37.8595 39.8956 3
      vertex 38.0332 39.73 3
    endloop
  endfacet
  facet normal 0 0 1
    outer loop
      vertex 55.006 59.7547 3
      vertex 37.6851 40.0604 3
      vertex 37.8595 39.8956 3
    endloop
  endfacet
  facet normal 0 0 1
    outer loop
      vertex 15.3906 52.8027 3
      vertex 38.1967 131.047 3
      vertex 37.6245 131.212 3
    endloop
  endfacet
  facet normal 0 0 1
    outer loop
      vertex 55.006 59.7547 3
      vertex 37.5099 40.2244 3
      vertex 37.6851 40.0604 3
    endloop
  endfacet
  facet normal 0 0 1
    outer loop
      vertex 55.006 59.7547 3
      vertex 37.334 40.3877 3
      vertex 37.5099 40.2244 3
    endloop
  endfacet
  facet normal 0 0 1
    outer loop
      vertex 55.006 59.7547 3
      vertex 37.1575 40.5502 3
      vertex 37.334 40.3877 3
    endloop
  endfacet
  facet normal 0 0 1
    outer loop
      vertex 15.16 52.8694 3
      vertex 37.6245 131.212 3
      vertex 37.0516 131.375 3
    endloop
  endfacet
  facet normal 0 0 1
    outer loop
      vertex 55.006 59.7547 3
      vertex 36.9802 40.712 3
      vertex 37.1575 40.5502 3
    endloop
  endfacet
  facet normal 0 0 1
    outer loop
      vertex 55.006 59.7547 3
      vertex 36.8022 40.873 3
      vertex 36.9802 40.712 3
    endloop
  endfacet
  facet normal 0 0 1
    outer loop
      vertex 55.006 59.7547 3
      vertex 36.6235 41.0331 3
      vertex 36.8022 40.873 3
    endloop
  endfacet
  facet normal 0 0 1
    outer loop
      vertex 14.9292 52.935 3
      vertex 37.0516 131.375 3
      vertex 36.478 131.536 3
    endloop
  endfacet
  facet normal 0 0 1
    outer loop
      vertex 55.006 59.7547 3
      vertex 36.4441 41.1926 3
      vertex 36.6235 41.0331 3
    endloop
  endfacet
  facet normal 0 0 1
    outer loop
      vertex 55.006 59.7547 3
      vertex 36.264 41.3512 3
      vertex 36.4441 41.1926 3
    endloop
  endfacet
  facet normal 0 0 1
    outer loop
      vertex 55.006 59.7547 3
      vertex 36.0832 41.509 3
      vertex 36.264 41.3512 3
    endloop
  endfacet
  facet normal 0 0 1
    outer loop
      vertex 14.6981 52.9997 3
      vertex 36.478 131.536 3
      vertex 35.9037 131.693 3
    endloop
  endfacet
  facet normal 0 0 1
    outer loop
      vertex 55.006 59.7547 3
      vertex 35.9018 41.6661 3
      vertex 36.0832 41.509 3
    endloop
  endfacet
  facet normal 0 0 1
    outer loop
      vertex 55.006 59.7547 3
      vertex 35.7196 41.8223 3
      vertex 35.9018 41.6661 3
    endloop
  endfacet
  facet normal 0 0 1
    outer loop
      vertex 55.006 59.7547 3
      vertex 35.5368 41.9778 3
      vertex 35.7196 41.8223 3
    endloop
  endfacet
  facet normal 0 0 1
    outer loop
      vertex 55.006 59.7547 3
      vertex 35.3533 42.1324 3
      vertex 35.5368 41.9778 3
    endloop
  endfacet
  facet normal 0 0 1
    outer loop
      vertex 14.4667 53.0633 3
      vertex 35.9037 131.693 3
      vertex 35.3288 131.849 3
    endloop
  endfacet
  facet normal 0 0 1
    outer loop
      vertex 55.006 59.7547 3
      vertex 35.1691 42.2863 3
      vertex 35.3533 42.1324 3
    endloop
  endfacet
  facet normal 0 0 1
    outer loop
      vertex 55.006 59.7547 3
      vertex 34.9843 42.4393 3
      vertex 35.1691 42.2863 3
    endloop
  endfacet
  facet normal 0 0 1
    outer loop
      vertex 55.006 59.7547 3
      vertex 34.7988 42.5916 3
      vertex 34.9843 42.4393 3
    endloop
  endfacet
  facet normal 0 0 1
    outer loop
      vertex 14.235 53.1259 3
      vertex 35.3288 131.849 3
      vertex 34.7532 132.002 3
    endloop
  endfacet
  facet normal 0 0 1
    outer loop
      vertex 55.006 59.7547 3
      vertex 34.6126 42.743 3
      vertex 34.7988 42.5916 3
    endloop
  endfacet
  facet normal 0 0 1
    outer loop
      vertex 55.006 59.7547 3
      vertex 34.4258 42.8936 3
      vertex 34.6126 42.743 3
    endloop
  endfacet
  facet normal 0 0 1
    outer loop
      vertex 55.006 59.7547 3
      vertex 34.2383 43.0434 3
      vertex 34.4258 42.8936 3
    endloop
  endfacet
  facet normal 0 0 1
    outer loop
      vertex 14.0031 53.1875 3
      vertex 34.7532 132.002 3
      vertex 34.1769 132.152 3
    endloop
  endfacet
  facet normal 0 0 1
    outer loop
      vertex 55.006 59.7547 3
      vertex 34.0502 43.1924 3
      vertex 34.2383 43.0434 3
    endloop
  endfacet
  facet normal 0 0 1
    outer loop
      vertex 55.006 59.7547 3
      vertex 33.8614 43.3406 3
      vertex 34.0502 43.1924 3
    endloop
  endfacet
  facet normal 0 0 1
    outer loop
      vertex 55.006 59.7547 3
      vertex 33.6719 43.4879 3
      vertex 33.8614 43.3406 3
    endloop
  endfacet
  facet normal 0 0 1
    outer loop
      vertex 13.7709 53.2481 3
      vertex 34.1769 132.152 3
      vertex 33.5999 132.3 3
    endloop
  endfacet
  facet normal 0 0 1
    outer loop
      vertex 55.006 59.7547 3
      vertex 33.4819 43.6344 3
      vertex 33.6719 43.4879 3
    endloop
  endfacet
  facet normal 0 0 1
    outer loop
      vertex 55.006 59.7547 3
      vertex 33.2912 43.7801 3
      vertex 33.4819 43.6344 3
    endloop
  endfacet
  facet normal 0 0 1
    outer loop
      vertex 55.006 59.7547 3
      vertex 33.0998 43.9249 3
      vertex 33.2912 43.7801 3
    endloop
  endfacet
  facet normal 0 0 1
    outer loop
      vertex 13.5384 53.3077 3
      vertex 33.5999 132.3 3
      vertex 33.0223 132.445 3
    endloop
  endfacet
  facet normal 0 0 1
    outer loop
      vertex 55.006 59.7547 3
      vertex 32.9079 44.069 3
      vertex 33.0998 43.9249 3
    endloop
  endfacet
  facet normal 0 0 1
    outer loop
      vertex 55.006 59.7547 3
      vertex 32.7152 44.2121 3
      vertex 32.9079 44.069 3
    endloop
  endfacet
  facet normal 0 0 1
    outer loop
      vertex 55.006 59.7547 3
      vertex 32.522 44.3544 3
      vertex 32.7152 44.2121 3
    endloop
  endfacet
  facet normal 0 0 1
    outer loop
      vertex 13.3057 53.3663 3
      vertex 33.0223 132.445 3
      vertex 32.4441 132.588 3
    endloop
  endfacet
  facet normal 0 0 1
    outer loop
      vertex 55.006 59.7547 3
      vertex 32.3282 44.4959 3
      vertex 32.522 44.3544 3
    endloop
  endfacet
  facet normal 0 0 1
    outer loop
      vertex 55.006 59.7547 3
      vertex 32.1337 44.6366 3
      vertex 32.3282 44.4959 3
    endloop
  endfacet
  facet normal 0 0 1
    outer loop
      vertex 55.006 59.7547 3
      vertex 31.9387 44.7764 3
      vertex 32.1337 44.6366 3
    endloop
  endfacet
  facet normal 0 0 1
    outer loop
      vertex 13.0727 53.4238 3
      vertex 32.4441 132.588 3
      vertex 31.8653 132.728 3
    endloop
  endfacet
  facet normal 0 0 1
    outer loop
      vertex 55.006 59.7547 3
      vertex 31.743 44.9153 3
      vertex 31.9387 44.7764 3
    endloop
  endfacet
  facet normal 0 0 1
    outer loop
      vertex 55.006 59.7547 3
      vertex 31.5467 45.0534 3
      vertex 31.743 44.9153 3
    endloop
  endfacet
  facet normal 0 0 1
    outer loop
      vertex 55.006 59.7547 3
      vertex 31.3498 45.1906 3
      vertex 31.5467 45.0534 3
    endloop
  endfacet
  facet normal 0 0 1
    outer loop
      vertex 12.8395 53.4803 3
      vertex 31.8653 132.728 3
      vertex 31.2858 132.866 3
    endloop
  endfacet
  facet normal 0 0 1
    outer loop
      vertex 55.006 59.7547 3
      vertex 31.1523 45.3269 3
      vertex 31.3498 45.1906 3
    endloop
  endfacet
  facet normal 0 0 1
    outer loop
      vertex 55.006 59.7547 3
      vertex 30.9543 45.4624 3
      vertex 31.1523 45.3269 3
    endloop
  endfacet
  facet normal 0 0 1
    outer loop
      vertex 55.006 59.7547 3
      vertex 30.7556 45.5971 3
      vertex 30.9543 45.4624 3
    endloop
  endfacet
  facet normal 0 0 1
    outer loop
      vertex 12.606 53.5359 3
      vertex 31.2858 132.866 3
      vertex 30.7058 133.002 3
    endloop
  endfacet
  facet normal 0 0 1
    outer loop
      vertex 55.006 59.7547 3
      vertex 30.5564 45.7308 3
      vertex 30.7556 45.5971 3
    endloop
  endfacet
  facet normal 0 0 1
    outer loop
      vertex 55.006 59.7547 3
      vertex 30.3565 45.8637 3
      vertex 30.5564 45.7308 3
    endloop
  endfacet
  facet normal 0 0 1
    outer loop
      vertex 55.006 59.7547 3
      vertex 30.1561 45.9957 3
      vertex 30.3565 45.8637 3
    endloop
  endfacet
  facet normal 0 0 1
    outer loop
      vertex 12.3723 53.5903 3
      vertex 30.7058 133.002 3
      vertex 30.1252 133.134 3
    endloop
  endfacet
  facet normal 0 0 1
    outer loop
      vertex 55 60 3
      vertex 29.9551 46.1269 3
      vertex 30.1561 45.9957 3
    endloop
  endfacet
  facet normal 0 0 1
    outer loop
      vertex 55 60 3
      vertex 29.7536 46.2571 3
      vertex 29.9551 46.1269 3
    endloop
  endfacet
  facet normal 0 0 1
    outer loop
      vertex 55 60 3
      vertex 29.5515 46.3865 3
      vertex 29.7536 46.2571 3
    endloop
  endfacet
  facet normal 0 0 1
    outer loop
      vertex 12.1384 53.6438 3
      vertex 30.1252 133.134 3
      vertex 29.544 133.264 3
    endloop
  endfacet
  facet normal 0 0 1
    outer loop
      vertex 55 60 3
      vertex 29.3488 46.515 3
      vertex 29.5515 46.3865 3
    endloop
  endfacet
  facet normal 0 0 1
    outer loop
      vertex 55.006 60.2453 3
      vertex 29.3488 46.515 3
      vertex 55 60 3
    endloop
  endfacet
  facet normal 0 0 1
    outer loop
      vertex 11.9042 53.6963 3
      vertex 29.544 133.264 3
      vertex 28.9622 133.392 3
    endloop
  endfacet
  facet normal 0 -0 1
    outer loop
      vertex 29.3488 46.515 3
      vertex 55.006 60.2453 3
      vertex 29.1456 46.6426 3
    endloop
  endfacet
  facet normal 0 -0 1
    outer loop
      vertex 29.1456 46.6426 3
      vertex 55.006 60.2453 3
      vertex 28.9418 46.7694 3
    endloop
  endfacet
  facet normal 0 -0 1
    outer loop
      vertex 28.9418 46.7694 3
      vertex 55.006 60.2453 3
      vertex 28.7374 46.8952 3
    endloop
  endfacet
  facet normal 0 0 1
    outer loop
      vertex 11.6698 53.7477 3
      vertex 28.9622 133.392 3
      vertex 28.3799 133.517 3
    endloop
  endfacet
  facet normal 0 -0 1
    outer loop
      vertex 28.7374 46.8952 3
      vertex 55.006 60.2453 3
      vertex 28.5325 47.0201 3
    endloop
  endfacet
  facet normal 0 0 1
    outer loop
      vertex 55.0241 60.4901 3
      vertex 28.5325 47.0201 3
      vertex 55.006 60.2453 3
    endloop
  endfacet
  facet normal 0 -0 1
    outer loop
      vertex 28.5325 47.0201 3
      vertex 55.0241 60.4901 3
      vertex 28.3271 47.1442 3
    endloop
  endfacet
  facet normal 0 0 1
    outer loop
      vertex 11.4351 53.7981 3
      vertex 28.3799 133.517 3
      vertex 27.7971 133.64 3
    endloop
  endfacet
  facet normal 0 -0 1
    outer loop
      vertex 28.3271 47.1442 3
      vertex 55.0241 60.4901 3
      vertex 28.1211 47.2673 3
    endloop
  endfacet
  facet normal 0 -0 1
    outer loop
      vertex 28.1211 47.2673 3
      vertex 55.0241 60.4901 3
      vertex 27.9146 47.3896 3
    endloop
  endfacet
  facet normal 0 0 1
    outer loop
      vertex 55.0541 60.7337 3
      vertex 27.9146 47.3896 3
      vertex 55.0241 60.4901 3
    endloop
  endfacet
  facet normal 0 0 1
    outer loop
      vertex 11.2003 53.8475 3
      vertex 27.7971 133.64 3
      vertex 27.2137 133.76 3
    endloop
  endfacet
  facet normal 0 -0 1
    outer loop
      vertex 27.9146 47.3896 3
      vertex 55.0541 60.7337 3
      vertex 27.7076 47.5109 3
    endloop
  endfacet
  facet normal 0 -0 1
    outer loop
      vertex 27.7076 47.5109 3
      vertex 55.0541 60.7337 3
      vertex 27.5 47.6314 3
    endloop
  endfacet
  facet normal 0 -0 1
    outer loop
      vertex 27.5 47.6314 3
      vertex 55.0541 60.7337 3
      vertex 27.2919 47.7509 3
    endloop
  endfacet
  facet normal 0 0 1
    outer loop
      vertex 10.9652 53.8958 3
      vertex 27.2137 133.76 3
      vertex 26.6298 133.877 3
    endloop
  endfacet
  facet normal 0 -0 1
    outer loop
      vertex 27.2919 47.7509 3
      vertex 55.0541 60.7337 3
      vertex 27.0833 47.8696 3
    endloop
  endfacet
  facet normal 0 0 1
    outer loop
      vertex 55.0961 60.9755 3
      vertex 27.0833 47.8696 3
      vertex 55.0541 60.7337 3
    endloop
  endfacet
  facet normal 0 0 1
    outer loop
      vertex 10.73 53.9432 3
      vertex 26.6298 133.877 3
      vertex 26.0454 133.992 3
    endloop
  endfacet
  facet normal 0 -0 1
    outer loop
      vertex 27.0833 47.8696 3
      vertex 55.0961 60.9755 3
      vertex 26.8742 47.9873 3
    endloop
  endfacet
  facet normal 0 -0 1
    outer loop
      vertex 26.8742 47.9873 3
      vertex 55.0961 60.9755 3
      vertex 26.6645 48.1041 3
    endloop
  endfacet
  facet normal 0 -0 1
    outer loop
      vertex 26.6645 48.1041 3
      vertex 55.0961 60.9755 3
      vertex 26.4544 48.22 3
    endloop
  endfacet
  facet normal 0 0 1
    outer loop
      vertex 10.4945 53.9895 3
      vertex 26.0454 133.992 3
      vertex 25.4605 134.104 3
    endloop
  endfacet
  facet normal 0 0 1
    outer loop
      vertex 55.1498 61.2149 3
      vertex 26.4544 48.22 3
      vertex 55.0961 60.9755 3
    endloop
  endfacet
  facet normal 0 -0 1
    outer loop
      vertex 26.4544 48.22 3
      vertex 55.1498 61.2149 3
      vertex 26.2437 48.3349 3
    endloop
  endfacet
  facet normal 0 -0 1
    outer loop
      vertex 26.2437 48.3349 3
      vertex 55.1498 61.2149 3
      vertex 26.0326 48.449 3
    endloop
  endfacet
  facet normal 0 0 1
    outer loop
      vertex 10.2588 54.0348 3
      vertex 25.4605 134.104 3
      vertex 24.8751 134.214 3
    endloop
  endfacet
  facet normal 0 -0 1
    outer loop
      vertex 26.0326 48.449 3
      vertex 55.1498 61.2149 3
      vertex 25.8209 48.5621 3
    endloop
  endfacet
  facet normal 0 -0 1
    outer loop
      vertex 25.8209 48.5621 3
      vertex 55.1498 61.2149 3
      vertex 25.6088 48.6743 3
    endloop
  endfacet
  facet normal 0 0 1
    outer loop
      vertex 55.2153 61.4514 3
      vertex 25.6088 48.6743 3
      vertex 55.1498 61.2149 3
    endloop
  endfacet
  facet normal 0 0 1
    outer loop
      vertex 10.0229 54.079 3
      vertex 24.8751 134.214 3
      vertex 24.2893 134.322 3
    endloop
  endfacet
  facet normal 0 -0 1
    outer loop
      vertex 25.6088 48.6743 3
      vertex 55.2153 61.4514 3
      vertex 25.3962 48.7856 3
    endloop
  endfacet
  facet normal 0 -0 1
    outer loop
      vertex 25.3962 48.7856 3
      vertex 55.2153 61.4514 3
      vertex 25.1831 48.8959 3
    endloop
  endfacet
  facet normal 0 0 1
    outer loop
      vertex 9.78688 54.1222 3
      vertex 24.2893 134.322 3
      vertex 23.703 134.426 3
    endloop
  endfacet
  facet normal 0 -0 1
    outer loop
      vertex 25.1831 48.8959 3
      vertex 55.2153 61.4514 3
      vertex 24.9695 49.0054 3
    endloop
  endfacet
  facet normal 0 -0 1
    outer loop
      vertex 24.9695 49.0054 3
      vertex 55.2153 61.4514 3
      vertex 24.7554 49.1138 3
    endloop
  endfacet
  facet normal 0 0 1
    outer loop
      vertex 55.2923 61.6844 3
      vertex 24.7554 49.1138 3
      vertex 55.2153 61.4514 3
    endloop
  endfacet
  facet normal 0 0 1
    outer loop
      vertex 9.55064 54.1644 3
      vertex 23.703 134.426 3
      vertex 23.1162 134.528 3
    endloop
  endfacet
  facet normal 0 -0 1
    outer loop
      vertex 24.7554 49.1138 3
      vertex 55.2923 61.6844 3
      vertex 24.5409 49.2214 3
    endloop
  endfacet
  facet normal 0 -0 1
    outer loop
      vertex 24.5409 49.2214 3
      vertex 55.2923 61.6844 3
      vertex 24.3259 49.328 3
    endloop
  endfacet
  facet normal 0 -0 1
    outer loop
      vertex 24.3259 49.328 3
      vertex 55.2923 61.6844 3
      vertex 24.1104 49.4337 3
    endloop
  endfacet
  facet normal 0 0 1
    outer loop
      vertex 9.31421 54.2056 3
      vertex 23.1162 134.528 3
      vertex 22.529 134.628 3
    endloop
  endfacet
  facet normal 0 -0 1
    outer loop
      vertex 24.1104 49.4337 3
      vertex 55.2923 61.6844 3
      vertex 23.8945 49.5384 3
    endloop
  endfacet
  facet normal 0 0 1
    outer loop
      vertex 55.3806 61.9134 3
      vertex 23.8945 49.5384 3
      vertex 55.2923 61.6844 3
    endloop
  endfacet
  facet normal 0 0 1
    outer loop
      vertex 9.07761 54.2457 3
      vertex 22.529 134.628 3
      vertex 21.9413 134.725 3
    endloop
  endfacet
  facet normal 0 -0 1
    outer loop
      vertex 23.8945 49.5384 3
      vertex 55.3806 61.9134 3
      vertex 23.6781 49.6422 3
    endloop
  endfacet
  facet normal 0 -0 1
    outer loop
      vertex 23.6781 49.6422 3
      vertex 55.3806 61.9134 3
      vertex 23.4613 49.745 3
    endloop
  endfacet
  facet normal 0 -0 1
    outer loop
      vertex 23.4613 49.745 3
      vertex 55.3806 61.9134 3
      vertex 23.244 49.8469 3
    endloop
  endfacet
  facet normal 0 0 1
    outer loop
      vertex 8.84084 54.2848 3
      vertex 21.9413 134.725 3
      vertex 21.3533 134.819 3
    endloop
  endfacet
  facet normal 0 -0 1
    outer loop
      vertex 23.244 49.8469 3
      vertex 55.3806 61.9134 3
      vertex 23.0263 49.9479 3
    endloop
  endfacet
  facet normal 0 0 1
    outer loop
      vertex 55.4801 62.1378 3
      vertex 23.0263 49.9479 3
      vertex 55.3806 61.9134 3
    endloop
  endfacet
  facet normal 0 -0 1
    outer loop
      vertex 23.0263 49.9479 3
      vertex 55.4801 62.1378 3
      vertex 22.8081 50.0479 3
    endloop
  endfacet
  facet normal 0 0 1
    outer loop
      vertex 8.60388 54.3228 3
      vertex 21.3533 134.819 3
      vertex 20.7648 134.911 3
    endloop
  endfacet
  facet normal 0 -0 1
    outer loop
      vertex 22.8081 50.0479 3
      vertex 55.4801 62.1378 3
      vertex 22.5895 50.1469 3
    endloop
  endfacet
  facet normal 0 -0 1
    outer loop
      vertex 22.5895 50.1469 3
      vertex 55.4801 62.1378 3
      vertex 22.3705 50.245 3
    endloop
  endfacet
  facet normal 0 0 1
    outer loop
      vertex 8.36678 54.3599 3
      vertex 20.7648 134.911 3
      vertex 20.176 135.001 3
    endloop
  endfacet
  facet normal 0 -0 1
    outer loop
      vertex 22.3705 50.245 3
      vertex 55.4801 62.1378 3
      vertex 22.1511 50.3421 3
    endloop
  endfacet
  facet normal 0 0 1
    outer loop
      vertex 55.5904 62.357 3
      vertex 22.1511 50.3421 3
      vertex 55.4801 62.1378 3
    endloop
  endfacet
  facet normal 0 -0 1
    outer loop
      vertex 22.1511 50.3421 3
      vertex 55.5904 62.357 3
      vertex 21.9312 50.4383 3
    endloop
  endfacet
  facet normal 0 0 1
    outer loop
      vertex 8.12952 54.3959 3
      vertex 20.176 135.001 3
      vertex 19.5867 135.087 3
    endloop
  endfacet
  facet normal 0 -0 1
    outer loop
      vertex 21.9312 50.4383 3
      vertex 55.5904 62.357 3
      vertex 21.7109 50.5335 3
    endloop
  endfacet
  facet normal 0 -0 1
    outer loop
      vertex 21.7109 50.5335 3
      vertex 55.5904 62.357 3
      vertex 21.4902 50.6278 3
    endloop
  endfacet
  facet normal 0 -0 1
    outer loop
      vertex 21.4902 50.6278 3
      vertex 55.5904 62.357 3
      vertex 21.2691 50.721 3
    endloop
  endfacet
  facet normal 0 0 1
    outer loop
      vertex 7.89209 54.4308 3
      vertex 19.5867 135.087 3
      vertex 18.9971 135.172 3
    endloop
  endfacet
  facet normal 0 -0 1
    outer loop
      vertex 21.2691 50.721 3
      vertex 55.5904 62.357 3
      vertex 21.0476 50.8134 3
    endloop
  endfacet
  facet normal 0 0 1
    outer loop
      vertex 55.7114 62.5705 3
      vertex 21.0476 50.8134 3
      vertex 55.5904 62.357 3
    endloop
  endfacet
  facet normal 0 0 1
    outer loop
      vertex 7.65451 54.4647 3
      vertex 18.9971 135.172 3
      vertex 18.4072 135.253 3
    endloop
  endfacet
  facet normal 0 -0 1
    outer loop
      vertex 21.0476 50.8134 3
      vertex 55.7114 62.5705 3
      vertex 20.8257 50.9047 3
    endloop
  endfacet
  facet normal 0 -0 1
    outer loop
      vertex 20.8257 50.9047 3
      vertex 55.7114 62.5705 3
      vertex 20.6033 50.9951 3
    endloop
  endfacet
  facet normal 0 -0 1
    outer loop
      vertex 20.6033 50.9951 3
      vertex 55.7114 62.5705 3
      vertex 20.3806 51.0845 3
    endloop
  endfacet
  facet normal 0 0 1
    outer loop
      vertex 7.41679 54.4976 3
      vertex 18.4072 135.253 3
      vertex 17.8168 135.332 3
    endloop
  endfacet
  facet normal 0 -0 1
    outer loop
      vertex 20.3806 51.0845 3
      vertex 55.7114 62.5705 3
      vertex 20.1576 51.173 3
    endloop
  endfacet
  facet normal 0 0 1
    outer loop
      vertex 55.8427 62.7779 3
      vertex 20.1576 51.173 3
      vertex 55.7114 62.5705 3
    endloop
  endfacet
  facet normal 0 0 1
    outer loop
      vertex 7.17894 54.5295 3
      vertex 17.8168 135.332 3
      vertex 17.2262 135.409 3
    endloop
  endfacet
  facet normal 0 -0 1
    outer loop
      vertex 20.1576 51.173 3
      vertex 55.8427 62.7779 3
      vertex 19.9341 51.2604 3
    endloop
  endfacet
  facet normal 0 -0 1
    outer loop
      vertex 19.9341 51.2604 3
      vertex 55.8427 62.7779 3
      vertex 19.7102 51.3469 3
    endloop
  endfacet
  facet normal 0 -0 1
    outer loop
      vertex 19.7102 51.3469 3
      vertex 55.8427 62.7779 3
      vertex 19.486 51.4324 3
    endloop
  endfacet
  facet normal 0 0 1
    outer loop
      vertex 6.94093 54.5603 3
      vertex 17.2262 135.409 3
      vertex 16.6352 135.483 3
    endloop
  endfacet
  facet normal 0 0 1
    outer loop
      vertex 55.984 62.9785 3
      vertex 19.0364 51.6005 3
      vertex 55.8427 62.7779 3
    endloop
  endfacet
  facet normal 0 -0 1
    outer loop
      vertex 18.5854 51.7647 3
      vertex 55.984 62.9785 3
      vertex 18.3594 51.8453 3
    endloop
  endfacet
  facet normal 0 -0 1
    outer loop
      vertex 17.9062 52.0035 3
      vertex 56.1349 63.172 3
      vertex 17.6792 52.0811 3
    endloop
  endfacet
  facet normal 0 0 1
    outer loop
      vertex 6.7028 54.59 3
      vertex 16.6352 135.483 3
      vertex 16.0439 135.554 3
    endloop
  endfacet
  facet normal 0 -0 1
    outer loop
      vertex 16.9959 52.3081 3
      vertex 56.1349 63.172 3
      vertex 16.7675 52.3818 3
    endloop
  endfacet
  facet normal 0 0 1
    outer loop
      vertex 38.7681 130.879 3
      vertex 15.6208 52.7351 3
      vertex 15.8508 52.6664 3
    endloop
  endfacet
  facet normal 0 0 1
    outer loop
      vertex 6.46455 54.6188 3
      vertex 16.0439 135.554 3
      vertex 15.4522 135.623 3
    endloop
  endfacet
  facet normal 0 0 1
    outer loop
      vertex 38.1967 131.047 3
      vertex 15.3906 52.8027 3
      vertex 15.6208 52.7351 3
    endloop
  endfacet
  facet normal 0 0 1
    outer loop
      vertex 37.6245 131.212 3
      vertex 15.16 52.8694 3
      vertex 15.3906 52.8027 3
    endloop
  endfacet
  facet normal 0 0 1
    outer loop
      vertex 37.0516 131.375 3
      vertex 14.9292 52.935 3
      vertex 15.16 52.8694 3
    endloop
  endfacet
  facet normal 0 0 1
    outer loop
      vertex 6.22617 54.6464 3
      vertex 15.4522 135.623 3
      vertex 14.8603 135.689 3
    endloop
  endfacet
  facet normal 0 0 1
    outer loop
      vertex 36.478 131.536 3
      vertex 14.6981 52.9997 3
      vertex 14.9292 52.935 3
    endloop
  endfacet
  facet normal 0 0 1
    outer loop
      vertex 35.9037 131.693 3
      vertex 14.4667 53.0633 3
      vertex 14.6981 52.9997 3
    endloop
  endfacet
  facet normal 0 0 1
    outer loop
      vertex 5.98767 54.6731 3
      vertex 14.8603 135.689 3
      vertex 14.2681 135.752 3
    endloop
  endfacet
  facet normal 0 0 1
    outer loop
      vertex 35.3288 131.849 3
      vertex 14.235 53.1259 3
      vertex 14.4667 53.0633 3
    endloop
  endfacet
  facet normal 0 0 1
    outer loop
      vertex 34.7532 132.002 3
      vertex 14.0031 53.1875 3
      vertex 14.235 53.1259 3
    endloop
  endfacet
  facet normal 0 0 1
    outer loop
      vertex 34.1769 132.152 3
      vertex 13.7709 53.2481 3
      vertex 14.0031 53.1875 3
    endloop
  endfacet
  facet normal 0 0 1
    outer loop
      vertex 5.74905 54.6987 3
      vertex 14.2681 135.752 3
      vertex 13.6757 135.813 3
    endloop
  endfacet
  facet normal 0 0 1
    outer loop
      vertex 33.5999 132.3 3
      vertex 13.5384 53.3077 3
      vertex 13.7709 53.2481 3
    endloop
  endfacet
  facet normal 0 0 1
    outer loop
      vertex 33.0223 132.445 3
      vertex 13.3057 53.3663 3
      vertex 13.5384 53.3077 3
    endloop
  endfacet
  facet normal 0 0 1
    outer loop
      vertex 5.51033 54.7233 3
      vertex 13.6757 135.813 3
      vertex 13.0829 135.872 3
    endloop
  endfacet
  facet normal 0 0 1
    outer loop
      vertex 32.4441 132.588 3
      vertex 13.0727 53.4238 3
      vertex 13.3057 53.3663 3
    endloop
  endfacet
  facet normal 0 0 1
    outer loop
      vertex 31.8653 132.728 3
      vertex 12.8395 53.4803 3
      vertex 13.0727 53.4238 3
    endloop
  endfacet
  facet normal 0 0 1
    outer loop
      vertex 31.2858 132.866 3
      vertex 12.606 53.5359 3
      vertex 12.8395 53.4803 3
    endloop
  endfacet
  facet normal 0 0 1
    outer loop
      vertex 5.27151 54.7468 3
      vertex 13.0829 135.872 3
      vertex 12.49 135.927 3
    endloop
  endfacet
  facet normal 0 0 1
    outer loop
      vertex 30.7058 133.002 3
      vertex 12.3723 53.5903 3
      vertex 12.606 53.5359 3
    endloop
  endfacet
  facet normal 0 0 1
    outer loop
      vertex 30.1252 133.134 3
      vertex 12.1384 53.6438 3
      vertex 12.3723 53.5903 3
    endloop
  endfacet
  facet normal 0 0 1
    outer loop
      vertex 29.544 133.264 3
      vertex 11.9042 53.6963 3
      vertex 12.1384 53.6438 3
    endloop
  endfacet
  facet normal 0 0 1
    outer loop
      vertex 5.03258 54.7693 3
      vertex 12.49 135.927 3
      vertex 11.8967 135.981 3
    endloop
  endfacet
  facet normal 0 0 1
    outer loop
      vertex 28.9622 133.392 3
      vertex 11.6698 53.7477 3
      vertex 11.9042 53.6963 3
    endloop
  endfacet
  facet normal 0 0 1
    outer loop
      vertex 28.3799 133.517 3
      vertex 11.4351 53.7981 3
      vertex 11.6698 53.7477 3
    endloop
  endfacet
  facet normal 0 0 1
    outer loop
      vertex 4.79356 54.7907 3
      vertex 11.8967 135.981 3
      vertex 11.3033 136.031 3
    endloop
  endfacet
  facet normal 0 0 1
    outer loop
      vertex 27.7971 133.64 3
      vertex 11.2003 53.8475 3
      vertex 11.4351 53.7981 3
    endloop
  endfacet
  facet normal 0 0 1
    outer loop
      vertex 27.2137 133.76 3
      vertex 10.9652 53.8958 3
      vertex 11.2003 53.8475 3
    endloop
  endfacet
  facet normal 0 0 1
    outer loop
      vertex 26.6298 133.877 3
      vertex 10.73 53.9432 3
      vertex 10.9652 53.8958 3
    endloop
  endfacet
  facet normal 0 0 1
    outer loop
      vertex 4.55444 54.8111 3
      vertex 11.3033 136.031 3
      vertex 10.7097 136.079 3
    endloop
  endfacet
  facet normal 0 0 1
    outer loop
      vertex 26.0454 133.992 3
      vertex 10.4945 53.9895 3
      vertex 10.73 53.9432 3
    endloop
  endfacet
  facet normal 0 0 1
    outer loop
      vertex 25.4605 134.104 3
      vertex 10.2588 54.0348 3
      vertex 10.4945 53.9895 3
    endloop
  endfacet
  facet normal 0 0 1
    outer loop
      vertex 4.31525 54.8304 3
      vertex 10.7097 136.079 3
      vertex 10.1158 136.125 3
    endloop
  endfacet
  facet normal 0 0 1
    outer loop
      vertex 24.8751 134.214 3
      vertex 10.0229 54.079 3
      vertex 10.2588 54.0348 3
    endloop
  endfacet
  facet normal 0 0 1
    outer loop
      vertex 24.2893 134.322 3
      vertex 9.78688 54.1222 3
      vertex 10.0229 54.079 3
    endloop
  endfacet
  facet normal 0 0 1
    outer loop
      vertex 23.703 134.426 3
      vertex 9.55064 54.1644 3
      vertex 9.78688 54.1222 3
    endloop
  endfacet
  facet normal 0 0 1
    outer loop
      vertex 4.07596 54.8488 3
      vertex 10.1158 136.125 3
      vertex 9.52174 136.167 3
    endloop
  endfacet
  facet normal 0 0 1
    outer loop
      vertex 23.1162 134.528 3
      vertex 9.31421 54.2056 3
      vertex 9.55064 54.1644 3
    endloop
  endfacet
  facet normal 0 0 1
    outer loop
      vertex 22.529 134.628 3
      vertex 9.07761 54.2457 3
      vertex 9.31421 54.2056 3
    endloop
  endfacet
  facet normal 0 0 1
    outer loop
      vertex 21.9413 134.725 3
      vertex 8.84084 54.2848 3
      vertex 9.07761 54.2457 3
    endloop
  endfacet
  facet normal 0 0 1
    outer loop
      vertex 21.3533 134.819 3
      vertex 8.60388 54.3228 3
      vertex 8.84084 54.2848 3
    endloop
  endfacet
  facet normal 0 0 1
    outer loop
      vertex 20.7648 134.911 3
      vertex 8.36678 54.3599 3
      vertex 8.60388 54.3228 3
    endloop
  endfacet
  facet normal 0 0 1
    outer loop
      vertex 20.176 135.001 3
      vertex 8.12952 54.3959 3
      vertex 8.36678 54.3599 3
    endloop
  endfacet
  facet normal 0 0 1
    outer loop
      vertex 19.5867 135.087 3
      vertex 7.89209 54.4308 3
      vertex 8.12952 54.3959 3
    endloop
  endfacet
  facet normal 0 0 1
    outer loop
      vertex 18.9971 135.172 3
      vertex 7.65451 54.4647 3
      vertex 7.89209 54.4308 3
    endloop
  endfacet
  facet normal 0 0 1
    outer loop
      vertex 18.4072 135.253 3
      vertex 7.41679 54.4976 3
      vertex 7.65451 54.4647 3
    endloop
  endfacet
  facet normal 0 0 1
    outer loop
      vertex 17.8168 135.332 3
      vertex 7.17894 54.5295 3
      vertex 7.41679 54.4976 3
    endloop
  endfacet
  facet normal 0 0 1
    outer loop
      vertex 17.2262 135.409 3
      vertex 6.94093 54.5603 3
      vertex 7.17894 54.5295 3
    endloop
  endfacet
  facet normal 0 0 1
    outer loop
      vertex 16.6352 135.483 3
      vertex 6.7028 54.59 3
      vertex 6.94093 54.5603 3
    endloop
  endfacet
  facet normal 0 0 1
    outer loop
      vertex 16.0439 135.554 3
      vertex 6.46455 54.6188 3
      vertex 6.7028 54.59 3
    endloop
  endfacet
  facet normal 0 0 1
    outer loop
      vertex 15.4522 135.623 3
      vertex 6.22617 54.6464 3
      vertex 6.46455 54.6188 3
    endloop
  endfacet
  facet normal 0 0 1
    outer loop
      vertex 14.8603 135.689 3
      vertex 5.98767 54.6731 3
      vertex 6.22617 54.6464 3
    endloop
  endfacet
  facet normal 0 0 1
    outer loop
      vertex 14.2681 135.752 3
      vertex 5.74905 54.6987 3
      vertex 5.98767 54.6731 3
    endloop
  endfacet
  facet normal 0 0 1
    outer loop
      vertex 13.6757 135.813 3
      vertex 5.51033 54.7233 3
      vertex 5.74905 54.6987 3
    endloop
  endfacet
  facet normal 0 0 1
    outer loop
      vertex 13.0829 135.872 3
      vertex 5.27151 54.7468 3
      vertex 5.51033 54.7233 3
    endloop
  endfacet
  facet normal 0 0 1
    outer loop
      vertex 12.49 135.927 3
      vertex 5.03258 54.7693 3
      vertex 5.27151 54.7468 3
    endloop
  endfacet
  facet normal 0 0 1
    outer loop
      vertex 11.8967 135.981 3
      vertex 4.79356 54.7907 3
      vertex 5.03258 54.7693 3
    endloop
  endfacet
  facet normal 0 0 1
    outer loop
      vertex 11.3033 136.031 3
      vertex 4.55444 54.8111 3
      vertex 4.79356 54.7907 3
    endloop
  endfacet
  facet normal 0 0 1
    outer loop
      vertex 10.7097 136.079 3
      vertex 4.31525 54.8304 3
      vertex 4.55444 54.8111 3
    endloop
  endfacet
  facet normal 0 0 1
    outer loop
      vertex 10.1158 136.125 3
      vertex 4.07596 54.8488 3
      vertex 4.31525 54.8304 3
    endloop
  endfacet
  facet normal 0 -0 1
    outer loop
      vertex 4.07596 54.8488 3
      vertex 9.52174 136.167 3
      vertex 3.83659 54.866 3
    endloop
  endfacet
  facet normal 0 0 1
    outer loop
      vertex 54.9995 0.239975 3
      vertex 136.499 0.595581 3
      vertex 136.495 1.19116 3
    endloop
  endfacet
  facet normal 0 0 1
    outer loop
      vertex 54.9995 0.239975 3
      vertex 136.495 1.19116 3
      vertex 136.488 1.78673 3
    endloop
  endfacet
  facet normal 0 0 1
    outer loop
      vertex 54.9995 0.239975 3
      vertex 136.488 1.78673 3
      vertex 136.479 2.38225 3
    endloop
  endfacet
  facet normal 0 0 1
    outer loop
      vertex 54.9995 0.239975 3
      vertex 136.479 2.38225 3
      vertex 136.468 2.97772 3
    endloop
  endfacet
  facet normal 0 0 1
    outer loop
      vertex 54.9995 0.239975 3
      vertex 136.468 2.97772 3
      vertex 136.453 3.57315 3
    endloop
  endfacet
  facet normal 0 0 1
    outer loop
      vertex 54.9995 0.239975 3
      vertex 136.453 3.57315 3
      vertex 136.436 4.1685 3
    endloop
  endfacet
  facet normal 0 0 1
    outer loop
      vertex 54.9995 0.239975 3
      vertex 136.436 4.1685 3
      vertex 136.417 4.76378 3
    endloop
  endfacet
  facet normal 0 0 1
    outer loop
      vertex 54.9995 0.239975 3
      vertex 136.417 4.76378 3
      vertex 136.395 5.35896 3
    endloop
  endfacet
  facet normal 0 0 1
    outer loop
      vertex 54.9995 0.239975 3
      vertex 136.395 5.35896 3
      vertex 136.37 5.95404 3
    endloop
  endfacet
  facet normal 0 0 1
    outer loop
      vertex 54.9995 0.239975 3
      vertex 136.37 5.95404 3
      vertex 136.343 6.54901 3
    endloop
  endfacet
  facet normal 0 0 1
    outer loop
      vertex 54.9995 0.239975 3
      vertex 136.343 6.54901 3
      vertex 136.313 7.14384 3
    endloop
  endfacet
  facet normal 0 0 1
    outer loop
      vertex 54.9995 0.239975 3
      vertex 136.313 7.14384 3
      vertex 136.28 7.73856 3
    endloop
  endfacet
  facet normal 0 0 1
    outer loop
      vertex 54.9995 0.239975 3
      vertex 136.28 7.73856 3
      vertex 136.245 8.33311 3
    endloop
  endfacet
  facet normal 0 0 1
    outer loop
      vertex 54.9995 0.239975 3
      vertex 136.245 8.33311 3
      vertex 136.208 8.92752 3
    endloop
  endfacet
  facet normal 0 0 1
    outer loop
      vertex 54.9995 0.239975 3
      vertex 136.208 8.92752 3
      vertex 136.167 9.52174 3
    endloop
  endfacet
  facet normal 0 0 1
    outer loop
      vertex 54.9995 0.239975 3
      vertex 136.167 9.52174 3
      vertex 136.125 10.1158 3
    endloop
  endfacet
  facet normal 0 0 1
    outer loop
      vertex 54.9995 0.239975 3
      vertex 136.125 10.1158 3
      vertex 136.079 10.7097 3
    endloop
  endfacet
  facet normal 0 0 1
    outer loop
      vertex 54.9995 0.239975 3
      vertex 136.079 10.7097 3
      vertex 136.031 11.3033 3
    endloop
  endfacet
  facet normal 0 0 1
    outer loop
      vertex 54.9995 0.239975 3
      vertex 136.031 11.3033 3
      vertex 135.981 11.8967 3
    endloop
  endfacet
  facet normal 0 0 1
    outer loop
      vertex 54.9995 0.239975 3
      vertex 135.981 11.8967 3
      vertex 135.927 12.49 3
    endloop
  endfacet
  facet normal 0 0 1
    outer loop
      vertex 54.9995 0.239975 3
      vertex 135.927 12.49 3
      vertex 135.872 13.0829 3
    endloop
  endfacet
  facet normal 0 0 1
    outer loop
      vertex 54.9995 0.239975 3
      vertex 135.872 13.0829 3
      vertex 135.813 13.6757 3
    endloop
  endfacet
  facet normal 0 0 1
    outer loop
      vertex 54.9995 0.239975 3
      vertex 135.813 13.6757 3
      vertex 135.752 14.2681 3
    endloop
  endfacet
  facet normal 0 0 1
    outer loop
      vertex 54.9995 0.239975 3
      vertex 135.752 14.2681 3
      vertex 135.689 14.8603 3
    endloop
  endfacet
  facet normal 0 0 1
    outer loop
      vertex 54.9995 0.239975 3
      vertex 135.689 14.8603 3
      vertex 135.623 15.4522 3
    endloop
  endfacet
  facet normal 0 0 1
    outer loop
      vertex 54.9995 0.239975 3
      vertex 135.623 15.4522 3
      vertex 135.554 16.0439 3
    endloop
  endfacet
  facet normal 0 0 1
    outer loop
      vertex 54.9995 0.239975 3
      vertex 135.554 16.0439 3
      vertex 135.483 16.6352 3
    endloop
  endfacet
  facet normal 0 0 1
    outer loop
      vertex 54.9995 0.239975 3
      vertex 135.483 16.6352 3
      vertex 135.409 17.2262 3
    endloop
  endfacet
  facet normal 0 0 1
    outer loop
      vertex 54.9995 0.239975 3
      vertex 135.409 17.2262 3
      vertex 135.332 17.8168 3
    endloop
  endfacet
  facet normal 0 0 1
    outer loop
      vertex 54.9995 0.239975 3
      vertex 135.332 17.8168 3
      vertex 135.253 18.4072 3
    endloop
  endfacet
  facet normal 0 0 1
    outer loop
      vertex 54.9995 0.239975 3
      vertex 135.253 18.4072 3
      vertex 135.172 18.9971 3
    endloop
  endfacet
  facet normal 0 0 1
    outer loop
      vertex 54.9995 0.239975 3
      vertex 135.172 18.9971 3
      vertex 135.087 19.5867 3
    endloop
  endfacet
  facet normal 0 0 1
    outer loop
      vertex 54.9995 0.239975 3
      vertex 135.087 19.5867 3
      vertex 135.001 20.176 3
    endloop
  endfacet
  facet normal 0 0 1
    outer loop
      vertex 54.9995 0.239975 3
      vertex 135.001 20.176 3
      vertex 134.911 20.7648 3
    endloop
  endfacet
  facet normal 0 0 1
    outer loop
      vertex 54.9995 0.239975 3
      vertex 134.911 20.7648 3
      vertex 134.819 21.3533 3
    endloop
  endfacet
  facet normal 0 0 1
    outer loop
      vertex 54.9995 0.239975 3
      vertex 134.819 21.3533 3
      vertex 134.725 21.9413 3
    endloop
  endfacet
  facet normal 0 0 1
    outer loop
      vertex 54.9995 0.239975 3
      vertex 134.725 21.9413 3
      vertex 134.628 22.529 3
    endloop
  endfacet
  facet normal 0 0 1
    outer loop
      vertex 54.9995 0.239975 3
      vertex 134.628 22.529 3
      vertex 134.528 23.1162 3
    endloop
  endfacet
  facet normal 0 0 1
    outer loop
      vertex 54.9995 0.239975 3
      vertex 134.528 23.1162 3
      vertex 134.426 23.703 3
    endloop
  endfacet
  facet normal 0 0 1
    outer loop
      vertex 54.9995 0.239975 3
      vertex 134.426 23.703 3
      vertex 134.322 24.2893 3
    endloop
  endfacet
  facet normal 0 0 1
    outer loop
      vertex 54.9995 0.239975 3
      vertex 134.322 24.2893 3
      vertex 134.214 24.8751 3
    endloop
  endfacet
  facet normal 0 0 1
    outer loop
      vertex 54.9995 0.239975 3
      vertex 134.214 24.8751 3
      vertex 134.104 25.4605 3
    endloop
  endfacet
  facet normal 0 0 1
    outer loop
      vertex 54.9995 0.239975 3
      vertex 134.104 25.4605 3
      vertex 133.992 26.0454 3
    endloop
  endfacet
  facet normal 0 0 1
    outer loop
      vertex 54.9995 0.239975 3
      vertex 133.992 26.0454 3
      vertex 133.877 26.6298 3
    endloop
  endfacet
  facet normal 0 0 1
    outer loop
      vertex 54.9995 0.239975 3
      vertex 133.877 26.6298 3
      vertex 133.76 27.2137 3
    endloop
  endfacet
  facet normal 0 0 1
    outer loop
      vertex 54.9995 0.239975 3
      vertex 133.76 27.2137 3
      vertex 133.64 27.7971 3
    endloop
  endfacet
  facet normal 0 0 1
    outer loop
      vertex 54.9995 0.239975 3
      vertex 133.64 27.7971 3
      vertex 133.517 28.3799 3
    endloop
  endfacet
  facet normal 0 0 1
    outer loop
      vertex 54.9995 0.239975 3
      vertex 133.517 28.3799 3
      vertex 133.392 28.9622 3
    endloop
  endfacet
  facet normal 0 0 1
    outer loop
      vertex 54.9995 0.239975 3
      vertex 133.392 28.9622 3
      vertex 133.264 29.544 3
    endloop
  endfacet
  facet normal 0 0 1
    outer loop
      vertex 54.9995 0.239975 3
      vertex 133.264 29.544 3
      vertex 133.134 30.1252 3
    endloop
  endfacet
  facet normal 0 0 1
    outer loop
      vertex 54.9995 0.239975 3
      vertex 133.134 30.1252 3
      vertex 133.002 30.7058 3
    endloop
  endfacet
  facet normal 0 0 1
    outer loop
      vertex 54.9995 0.239975 3
      vertex 133.002 30.7058 3
      vertex 132.866 31.2858 3
    endloop
  endfacet
  facet normal 0 0 1
    outer loop
      vertex 54.9995 0.239975 3
      vertex 132.866 31.2858 3
      vertex 132.728 31.8653 3
    endloop
  endfacet
  facet normal 0 0 1
    outer loop
      vertex 54.9995 0.239975 3
      vertex 132.728 31.8653 3
      vertex 132.588 32.4441 3
    endloop
  endfacet
  facet normal 0 0 1
    outer loop
      vertex 54.9995 0.239975 3
      vertex 132.588 32.4441 3
      vertex 132.445 33.0223 3
    endloop
  endfacet
  facet normal 0 0 1
    outer loop
      vertex 54.9995 0.239975 3
      vertex 132.445 33.0223 3
      vertex 132.3 33.5999 3
    endloop
  endfacet
  facet normal 0 0 1
    outer loop
      vertex 54.9995 0.239975 3
      vertex 132.3 33.5999 3
      vertex 132.152 34.1769 3
    endloop
  endfacet
  facet normal 0 0 1
    outer loop
      vertex 54.9995 0.239975 3
      vertex 132.152 34.1769 3
      vertex 132.002 34.7532 3
    endloop
  endfacet
  facet normal 0 0 1
    outer loop
      vertex 63.172 56.1349 3
      vertex 132.002 34.7532 3
      vertex 131.849 35.3288 3
    endloop
  endfacet
  facet normal 0 0 1
    outer loop
      vertex 63.3578 56.2952 3
      vertex 131.849 35.3288 3
      vertex 131.693 35.9037 3
    endloop
  endfacet
  facet normal 0 0 1
    outer loop
      vertex 63.3578 56.2952 3
      vertex 131.693 35.9037 3
      vertex 131.536 36.478 3
    endloop
  endfacet
  facet normal 0 0 1
    outer loop
      vertex 63.3578 56.2952 3
      vertex 131.536 36.478 3
      vertex 131.375 37.0516 3
    endloop
  endfacet
  facet normal 0 0 1
    outer loop
      vertex 63.3578 56.2952 3
      vertex 131.375 37.0516 3
      vertex 131.212 37.6245 3
    endloop
  endfacet
  facet normal 0 0 1
    outer loop
      vertex 63.3578 56.2952 3
      vertex 131.212 37.6245 3
      vertex 131.047 38.1967 3
    endloop
  endfacet
  facet normal 0 0 1
    outer loop
      vertex 63.3578 56.2952 3
      vertex 131.047 38.1967 3
      vertex 130.879 38.7681 3
    endloop
  endfacet
  facet normal 0 0 1
    outer loop
      vertex 63.5355 56.4645 3
      vertex 130.879 38.7681 3
      vertex 130.708 39.3388 3
    endloop
  endfacet
  facet normal 0 0 1
    outer loop
      vertex 63.5355 56.4645 3
      vertex 130.708 39.3388 3
      vertex 130.536 39.9087 3
    endloop
  endfacet
  facet normal 0 0 1
    outer loop
      vertex 63.5355 56.4645 3
      vertex 130.536 39.9087 3
      vertex 130.36 40.4779 3
    endloop
  endfacet
  facet normal 0 0 1
    outer loop
      vertex 63.5355 56.4645 3
      vertex 130.36 40.4779 3
      vertex 130.182 41.0463 3
    endloop
  endfacet
  facet normal 0 0 1
    outer loop
      vertex 63.5355 56.4645 3
      vertex 130.182 41.0463 3
      vertex 130.002 41.614 3
    endloop
  endfacet
  facet normal 0 0 1
    outer loop
      vertex 63.7048 56.6422 3
      vertex 130.002 41.614 3
      vertex 129.819 42.1808 3
    endloop
  endfacet
  facet normal 0 0 1
    outer loop
      vertex 63.7048 56.6422 3
      vertex 129.819 42.1808 3
      vertex 129.634 42.7469 3
    endloop
  endfacet
  facet normal 0 0 1
    outer loop
      vertex 63.7048 56.6422 3
      vertex 129.634 42.7469 3
      vertex 129.446 43.3121 3
    endloop
  endfacet
  facet normal 0 0 1
    outer loop
      vertex 63.7048 56.6422 3
      vertex 129.446 43.3121 3
      vertex 129.256 43.8765 3
    endloop
  endfacet
  facet normal 0 0 1
    outer loop
      vertex 63.7048 56.6422 3
      vertex 129.256 43.8765 3
      vertex 129.063 44.44 3
    endloop
  endfacet
  facet normal 0 0 1
    outer loop
      vertex 63.8651 56.828 3
      vertex 129.063 44.44 3
      vertex 128.868 45.0028 3
    endloop
  endfacet
  facet normal 0 0 1
    outer loop
      vertex 63.8651 56.828 3
      vertex 128.868 45.0028 3
      vertex 128.671 45.5646 3
    endloop
  endfacet
  facet normal 0 0 1
    outer loop
      vertex 63.8651 56.828 3
      vertex 128.671 45.5646 3
      vertex 128.471 46.1256 3
    endloop
  endfacet
  facet normal 0 0 1
    outer loop
      vertex 63.8651 56.828 3
      vertex 128.471 46.1256 3
      vertex 128.268 46.6857 3
    endloop
  endfacet
  facet normal 0 0 1
    outer loop
      vertex 63.8651 56.828 3
      vertex 128.268 46.6857 3
      vertex 128.063 47.245 3
    endloop
  endfacet
  facet normal 0 0 1
    outer loop
      vertex 64.016 57.0215 3
      vertex 128.063 47.245 3
      vertex 127.856 47.8033 3
    endloop
  endfacet
  facet normal 0 0 1
    outer loop
      vertex 64.016 57.0215 3
      vertex 127.856 47.8033 3
      vertex 127.646 48.3607 3
    endloop
  endfacet
  facet normal 0 0 1
    outer loop
      vertex 64.016 57.0215 3
      vertex 127.646 48.3607 3
      vertex 127.434 48.9172 3
    endloop
  endfacet
  facet normal 0 0 1
    outer loop
      vertex 64.016 57.0215 3
      vertex 127.434 48.9172 3
      vertex 127.219 49.4728 3
    endloop
  endfacet
  facet normal 0 0 1
    outer loop
      vertex 64.016 57.0215 3
      vertex 127.219 49.4728 3
      vertex 127.002 50.0274 3
    endloop
  endfacet
  facet normal 0 0 1
    outer loop
      vertex 64.1573 57.2221 3
      vertex 127.002 50.0274 3
      vertex 126.783 50.5811 3
    endloop
  endfacet
  facet normal 0 0 1
    outer loop
      vertex 64.1573 57.2221 3
      vertex 126.783 50.5811 3
      vertex 126.561 51.1338 3
    endloop
  endfacet
  facet normal 0 0 1
    outer loop
      vertex 64.1573 57.2221 3
      vertex 126.561 51.1338 3
      vertex 126.336 51.6855 3
    endloop
  endfacet
  facet normal 0 0 1
    outer loop
      vertex 64.1573 57.2221 3
      vertex 126.336 51.6855 3
      vertex 126.11 52.2363 3
    endloop
  endfacet
  facet normal 0 0 1
    outer loop
      vertex 64.2886 57.4295 3
      vertex 126.11 52.2363 3
      vertex 125.88 52.786 3
    endloop
  endfacet
  facet normal 0 0 1
    outer loop
      vertex 64.2886 57.4295 3
      vertex 125.88 52.786 3
      vertex 125.649 53.3348 3
    endloop
  endfacet
  facet normal 0 0 1
    outer loop
      vertex 64.2886 57.4295 3
      vertex 125.649 53.3348 3
      vertex 125.415 53.8825 3
    endloop
  endfacet
  facet normal 0 0 1
    outer loop
      vertex 64.2886 57.4295 3
      vertex 125.415 53.8825 3
      vertex 125.179 54.4292 3
    endloop
  endfacet
  facet normal 0 0 1
    outer loop
      vertex 64.2886 57.4295 3
      vertex 125.179 54.4292 3
      vertex 124.94 54.9749 3
    endloop
  endfacet
  facet normal 0 0 1
    outer loop
      vertex 64.4096 57.643 3
      vertex 124.94 54.9749 3
      vertex 124.699 55.5195 3
    endloop
  endfacet
  facet normal 0 0 1
    outer loop
      vertex 64.4096 57.643 3
      vertex 124.699 55.5195 3
      vertex 124.456 56.0631 3
    endloop
  endfacet
  facet normal 0 0 1
    outer loop
      vertex 64.4096 57.643 3
      vertex 124.456 56.0631 3
      vertex 124.21 56.6056 3
    endloop
  endfacet
  facet normal 0 0 1
    outer loop
      vertex 64.4096 57.643 3
      vertex 124.21 56.6056 3
      vertex 123.962 57.147 3
    endloop
  endfacet
  facet normal 0 0 1
    outer loop
      vertex 64.5199 57.8622 3
      vertex 123.962 57.147 3
      vertex 123.711 57.6874 3
    endloop
  endfacet
  facet normal -0 0 1
    outer loop
      vertex 64.5199 57.8622 3
      vertex 123.711 57.6874 3
      vertex 123.458 58.2266 3
    endloop
  endfacet
  facet normal 0 0 1
    outer loop
      vertex 64.5199 57.8622 3
      vertex 123.458 58.2266 3
      vertex 123.203 58.7648 3
    endloop
  endfacet
  facet normal 0 0 1
    outer loop
      vertex 64.5199 57.8622 3
      vertex 123.203 58.7648 3
      vertex 122.945 59.3018 3
    endloop
  endfacet
  facet normal 0 0 1
    outer loop
      vertex 64.6194 58.0866 3
      vertex 122.945 59.3018 3
      vertex 122.685 59.8376 3
    endloop
  endfacet
  facet normal 0 0 1
    outer loop
      vertex 64.6194 58.0866 3
      vertex 122.685 59.8376 3
      vertex 122.423 60.3724 3
    endloop
  endfacet
  facet normal 0 0 1
    outer loop
      vertex 64.6194 58.0866 3
      vertex 122.423 60.3724 3
      vertex 122.159 60.906 3
    endloop
  endfacet
  facet normal 0 0 1
    outer loop
      vertex 64.6194 58.0866 3
      vertex 122.159 60.906 3
      vertex 121.892 61.4384 3
    endloop
  endfacet
  facet normal 0 0 1
    outer loop
      vertex 64.7077 58.3156 3
      vertex 121.892 61.4384 3
      vertex 121.622 61.9697 3
    endloop
  endfacet
  facet normal 0 0 1
    outer loop
      vertex 64.7077 58.3156 3
      vertex 121.622 61.9697 3
      vertex 121.351 62.4998 3
    endloop
  endfacet
  facet normal 0 0 1
    outer loop
      vertex 64.7077 58.3156 3
      vertex 121.351 62.4998 3
      vertex 121.077 63.0287 3
    endloop
  endfacet
  facet normal 0 0 1
    outer loop
      vertex 64.7077 58.3156 3
      vertex 121.077 63.0287 3
      vertex 120.801 63.5564 3
    endloop
  endfacet
  facet normal 0 0 1
    outer loop
      vertex 64.7847 58.5486 3
      vertex 120.801 63.5564 3
      vertex 120.522 64.0829 3
    endloop
  endfacet
  facet normal 0 0 1
    outer loop
      vertex 64.7847 58.5486 3
      vertex 120.522 64.0829 3
      vertex 120.242 64.6081 3
    endloop
  endfacet
  facet normal 0 0 1
    outer loop
      vertex 64.7847 58.5486 3
      vertex 120.242 64.6081 3
      vertex 119.959 65.1322 3
    endloop
  endfacet
  facet normal 0 0 1
    outer loop
      vertex 64.8502 58.7851 3
      vertex 119.959 65.1322 3
      vertex 119.673 65.655 3
    endloop
  endfacet
  facet normal 0 0 1
    outer loop
      vertex 64.8502 58.7851 3
      vertex 119.673 65.655 3
      vertex 119.386 66.1765 3
    endloop
  endfacet
  facet normal 0 0 1
    outer loop
      vertex 64.8502 58.7851 3
      vertex 119.386 66.1765 3
      vertex 119.096 66.6968 3
    endloop
  endfacet
  facet normal 0 0 1
    outer loop
      vertex 64.8502 58.7851 3
      vertex 119.096 66.6968 3
      vertex 118.804 67.2158 3
    endloop
  endfacet
  facet normal 0 0 1
    outer loop
      vertex 64.9039 59.0245 3
      vertex 118.804 67.2158 3
      vertex 118.509 67.7336 3
    endloop
  endfacet
  facet normal 0 0 1
    outer loop
      vertex 64.9039 59.0245 3
      vertex 118.509 67.7336 3
      vertex 118.212 68.25 3
    endloop
  endfacet
  facet normal 0 0 1
    outer loop
      vertex 64.9039 59.0245 3
      vertex 118.212 68.25 3
      vertex 117.914 68.7651 3
    endloop
  endfacet
  facet normal 0 0 1
    outer loop
      vertex 64.9459 59.2663 3
      vertex 117.914 68.7651 3
      vertex 117.612 69.279 3
    endloop
  endfacet
  facet normal 0 0 1
    outer loop
      vertex 64.9459 59.2663 3
      vertex 117.612 69.279 3
      vertex 117.309 69.7915 3
    endloop
  endfacet
  facet normal 0 0 1
    outer loop
      vertex 64.9459 59.2663 3
      vertex 117.309 69.7915 3
      vertex 117.003 70.3027 3
    endloop
  endfacet
  facet normal 0 0 1
    outer loop
      vertex 64.9459 59.2663 3
      vertex 117.003 70.3027 3
      vertex 116.695 70.8125 3
    endloop
  endfacet
  facet normal 0 0 1
    outer loop
      vertex 64.9759 59.5099 3
      vertex 116.695 70.8125 3
      vertex 116.385 71.321 3
    endloop
  endfacet
  facet normal 0 0 1
    outer loop
      vertex 64.9759 59.5099 3
      vertex 116.385 71.321 3
      vertex 116.073 71.8282 3
    endloop
  endfacet
  facet normal 0 0 1
    outer loop
      vertex 64.9759 59.5099 3
      vertex 116.073 71.8282 3
      vertex 115.759 72.334 3
    endloop
  endfacet
  facet normal 0 0 1
    outer loop
      vertex 64.994 59.7547 3
      vertex 115.759 72.334 3
      vertex 115.442 72.8384 3
    endloop
  endfacet
  facet normal 0 0 1
    outer loop
      vertex 64.994 59.7547 3
      vertex 115.442 72.8384 3
      vertex 115.123 73.3414 3
    endloop
  endfacet
  facet normal 0 0 1
    outer loop
      vertex 64.994 59.7547 3
      vertex 115.123 73.3414 3
      vertex 114.802 73.843 3
    endloop
  endfacet
  facet normal 0 0 1
    outer loop
      vertex 64.994 59.7547 3
      vertex 114.802 73.843 3
      vertex 114.479 74.3432 3
    endloop
  endfacet
  facet normal 0 0 1
    outer loop
      vertex 65 60 3
      vertex 114.479 74.3432 3
      vertex 114.153 74.842 3
    endloop
  endfacet
  facet normal 0 0 1
    outer loop
      vertex 65 60 3
      vertex 114.153 74.842 3
      vertex 113.825 75.3394 3
    endloop
  endfacet
  facet normal 0 0 1
    outer loop
      vertex 65 60 3
      vertex 113.825 75.3394 3
      vertex 113.496 75.8353 3
    endloop
  endfacet
  facet normal 0 0 1
    outer loop
      vertex 64.994 60.2453 3
      vertex 113.496 75.8353 3
      vertex 113.164 76.3298 3
    endloop
  endfacet
  facet normal 0 0 1
    outer loop
      vertex 64.994 60.2453 3
      vertex 113.164 76.3298 3
      vertex 112.829 76.8229 3
    endloop
  endfacet
  facet normal 0 0 1
    outer loop
      vertex 64.994 60.2453 3
      vertex 112.829 76.8229 3
      vertex 112.493 77.3144 3
    endloop
  endfacet
  facet normal 0 0 1
    outer loop
      vertex 64.994 60.2453 3
      vertex 112.493 77.3144 3
      vertex 112.155 77.8046 3
    endloop
  endfacet
  facet normal 0 0 1
    outer loop
      vertex 64.994 60.2453 3
      vertex 112.155 77.8046 3
      vertex 111.814 78.2932 3
    endloop
  endfacet
  facet normal 0 0 1
    outer loop
      vertex 64.994 60.2453 3
      vertex 111.814 78.2932 3
      vertex 111.472 78.7803 3
    endloop
  endfacet
  facet normal 0 0 1
    outer loop
      vertex 64.994 60.2453 3
      vertex 111.472 78.7803 3
      vertex 111.127 79.2659 3
    endloop
  endfacet
  facet normal 0 0 1
    outer loop
      vertex 64.994 60.2453 3
      vertex 111.127 79.2659 3
      vertex 110.78 79.7501 3
    endloop
  endfacet
  facet normal 0 0 1
    outer loop
      vertex 64.994 60.2453 3
      vertex 110.78 79.7501 3
      vertex 110.431 80.2327 3
    endloop
  endfacet
  facet normal 0 0 1
    outer loop
      vertex 64.994 60.2453 3
      vertex 110.431 80.2327 3
      vertex 110.08 80.7138 3
    endloop
  endfacet
  facet normal 0 0 1
    outer loop
      vertex 64.994 60.2453 3
      vertex 110.08 80.7138 3
      vertex 109.726 81.1933 3
    endloop
  endfacet
  facet normal 0 0 1
    outer loop
      vertex 64.994 60.2453 3
      vertex 109.726 81.1933 3
      vertex 109.371 81.6713 3
    endloop
  endfacet
  facet normal 0 0 1
    outer loop
      vertex 64.994 60.2453 3
      vertex 109.371 81.6713 3
      vertex 109.014 82.1477 3
    endloop
  endfacet
  facet normal 0 0 1
    outer loop
      vertex 64.994 60.2453 3
      vertex 109.014 82.1477 3
      vertex 108.654 82.6226 3
    endloop
  endfacet
  facet normal 0 0 1
    outer loop
      vertex 64.994 60.2453 3
      vertex 108.654 82.6226 3
      vertex 108.293 83.0959 3
    endloop
  endfacet
  facet normal 0 0 1
    outer loop
      vertex 64.994 60.2453 3
      vertex 108.293 83.0959 3
      vertex 107.929 83.5677 3
    endloop
  endfacet
  facet normal 0 0 1
    outer loop
      vertex 64.994 60.2453 3
      vertex 107.929 83.5677 3
      vertex 107.563 84.0378 3
    endloop
  endfacet
  facet normal 0 0 1
    outer loop
      vertex 64.994 60.2453 3
      vertex 107.563 84.0378 3
      vertex 107.196 84.5063 3
    endloop
  endfacet
  facet normal 0 0 1
    outer loop
      vertex 64.994 60.2453 3
      vertex 107.196 84.5063 3
      vertex 106.826 84.9732 3
    endloop
  endfacet
  facet normal 0 0 1
    outer loop
      vertex 64.994 60.2453 3
      vertex 106.826 84.9732 3
      vertex 106.454 85.4386 3
    endloop
  endfacet
  facet normal 0 0 1
    outer loop
      vertex 64.994 60.2453 3
      vertex 106.454 85.4386 3
      vertex 106.08 85.9022 3
    endloop
  endfacet
  facet normal 0 0 1
    outer loop
      vertex 64.994 60.2453 3
      vertex 106.08 85.9022 3
      vertex 105.705 86.3643 3
    endloop
  endfacet
  facet normal 0 0 1
    outer loop
      vertex 64.994 60.2453 3
      vertex 105.705 86.3643 3
      vertex 105.327 86.8247 3
    endloop
  endfacet
  facet normal 0 0 1
    outer loop
      vertex 64.994 60.2453 3
      vertex 105.327 86.8247 3
      vertex 104.947 87.2834 3
    endloop
  endfacet
  facet normal 0 0 1
    outer loop
      vertex 64.994 60.2453 3
      vertex 104.947 87.2834 3
      vertex 104.565 87.7405 3
    endloop
  endfacet
  facet normal 0 0 1
    outer loop
      vertex 64.994 60.2453 3
      vertex 104.565 87.7405 3
      vertex 104.181 88.1959 3
    endloop
  endfacet
  facet normal 0 0 1
    outer loop
      vertex 64.994 60.2453 3
      vertex 104.181 88.1959 3
      vertex 103.795 88.6497 3
    endloop
  endfacet
  facet normal 0 0 1
    outer loop
      vertex 64.994 60.2453 3
      vertex 103.795 88.6497 3
      vertex 103.408 89.1017 3
    endloop
  endfacet
  facet normal 0 0 1
    outer loop
      vertex 64.994 60.2453 3
      vertex 103.408 89.1017 3
      vertex 103.018 89.552 3
    endloop
  endfacet
  facet normal 0 0 1
    outer loop
      vertex 64.994 60.2453 3
      vertex 103.018 89.552 3
      vertex 102.626 90.0007 3
    endloop
  endfacet
  facet normal 0 0 1
    outer loop
      vertex 64.994 60.2453 3
      vertex 102.626 90.0007 3
      vertex 102.232 90.4476 3
    endloop
  endfacet
  facet normal 0 0 1
    outer loop
      vertex 64.994 60.2453 3
      vertex 102.232 90.4476 3
      vertex 101.837 90.8928 3
    endloop
  endfacet
  facet normal 0 0 1
    outer loop
      vertex 64.994 60.2453 3
      vertex 101.837 90.8928 3
      vertex 101.439 91.3363 3
    endloop
  endfacet
  facet normal 0 0 1
    outer loop
      vertex 64.994 60.2453 3
      vertex 101.439 91.3363 3
      vertex 101.04 91.7781 3
    endloop
  endfacet
  facet normal 0 0 1
    outer loop
      vertex 64.994 60.2453 3
      vertex 101.04 91.7781 3
      vertex 100.638 92.218 3
    endloop
  endfacet
  facet normal 0 0 1
    outer loop
      vertex 64.994 60.2453 3
      vertex 100.638 92.218 3
      vertex 100.235 92.6563 3
    endloop
  endfacet
  facet normal 0 0 1
    outer loop
      vertex 64.994 60.2453 3
      vertex 100.235 92.6563 3
      vertex 99.8298 93.0928 3
    endloop
  endfacet
  facet normal 0 0 1
    outer loop
      vertex 64.994 60.2453 3
      vertex 99.8298 93.0928 3
      vertex 99.4226 93.5275 3
    endloop
  endfacet
  facet normal 0 0 1
    outer loop
      vertex 64.994 60.2453 3
      vertex 99.4226 93.5275 3
      vertex 99.0136 93.9604 3
    endloop
  endfacet
  facet normal 0 0 1
    outer loop
      vertex 64.994 60.2453 3
      vertex 99.0136 93.9604 3
      vertex 98.6027 94.3915 3
    endloop
  endfacet
  facet normal 0 0 1
    outer loop
      vertex 64.994 60.2453 3
      vertex 98.6027 94.3915 3
      vertex 98.1899 94.8209 3
    endloop
  endfacet
  facet normal 0 0 1
    outer loop
      vertex 64.994 60.2453 3
      vertex 98.1899 94.8209 3
      vertex 97.7752 95.2484 3
    endloop
  endfacet
  facet normal 0 0 1
    outer loop
      vertex 64.994 60.2453 3
      vertex 97.7752 95.2484 3
      vertex 97.3587 95.6741 3
    endloop
  endfacet
  facet normal 0 0 1
    outer loop
      vertex 64.994 60.2453 3
      vertex 97.3587 95.6741 3
      vertex 96.9403 96.098 3
    endloop
  endfacet
  facet normal 0 0 1
    outer loop
      vertex 64.994 60.2453 3
      vertex 96.9403 96.098 3
      vertex 96.5201 96.5201 3
    endloop
  endfacet
  facet normal 0 0 1
    outer loop
      vertex 64.994 60.2453 3
      vertex 96.5201 96.5201 3
      vertex 96.098 96.9403 3
    endloop
  endfacet
  facet normal 0 0 1
    outer loop
      vertex 64.994 60.2453 3
      vertex 96.098 96.9403 3
      vertex 95.6741 97.3587 3
    endloop
  endfacet
  facet normal 0 0 1
    outer loop
      vertex 64.994 60.2453 3
      vertex 95.6741 97.3587 3
      vertex 95.2484 97.7752 3
    endloop
  endfacet
  facet normal 0 0 1
    outer loop
      vertex 64.994 60.2453 3
      vertex 95.2484 97.7752 3
      vertex 94.8209 98.1899 3
    endloop
  endfacet
  facet normal 0 0 1
    outer loop
      vertex 64.994 60.2453 3
      vertex 94.8209 98.1899 3
      vertex 94.3915 98.6027 3
    endloop
  endfacet
  facet normal 0 0 1
    outer loop
      vertex 64.994 60.2453 3
      vertex 94.3915 98.6027 3
      vertex 93.9604 99.0136 3
    endloop
  endfacet
  facet normal 0 0 1
    outer loop
      vertex 64.994 60.2453 3
      vertex 93.9604 99.0136 3
      vertex 93.5275 99.4226 3
    endloop
  endfacet
  facet normal 0 0 1
    outer loop
      vertex 64.994 60.2453 3
      vertex 93.5275 99.4226 3
      vertex 93.0928 99.8298 3
    endloop
  endfacet
  facet normal 0 0 1
    outer loop
      vertex 64.994 60.2453 3
      vertex 93.0928 99.8298 3
      vertex 92.6563 100.235 3
    endloop
  endfacet
  facet normal 0 0 1
    outer loop
      vertex 64.994 60.2453 3
      vertex 92.6563 100.235 3
      vertex 92.218 100.638 3
    endloop
  endfacet
  facet normal 0 0 1
    outer loop
      vertex 64.994 60.2453 3
      vertex 92.218 100.638 3
      vertex 91.7781 101.04 3
    endloop
  endfacet
  facet normal 0 0 1
    outer loop
      vertex 64.994 60.2453 3
      vertex 91.7781 101.04 3
      vertex 91.3363 101.439 3
    endloop
  endfacet
  facet normal 0 0 1
    outer loop
      vertex 64.994 60.2453 3
      vertex 91.3363 101.439 3
      vertex 90.8928 101.837 3
    endloop
  endfacet
  facet normal 0 0 1
    outer loop
      vertex 64.994 60.2453 3
      vertex 90.8928 101.837 3
      vertex 90.4476 102.232 3
    endloop
  endfacet
  facet normal 0 0 1
    outer loop
      vertex 64.994 60.2453 3
      vertex 90.4476 102.232 3
      vertex 90.0007 102.626 3
    endloop
  endfacet
  facet normal 0 0 1
    outer loop
      vertex 64.994 60.2453 3
      vertex 90.0007 102.626 3
      vertex 89.552 103.018 3
    endloop
  endfacet
  facet normal 0 0 1
    outer loop
      vertex 64.994 60.2453 3
      vertex 89.552 103.018 3
      vertex 89.1017 103.408 3
    endloop
  endfacet
  facet normal 0 0 1
    outer loop
      vertex 64.994 60.2453 3
      vertex 89.1017 103.408 3
      vertex 88.6497 103.795 3
    endloop
  endfacet
  facet normal 0 0 1
    outer loop
      vertex 64.994 60.2453 3
      vertex 88.6497 103.795 3
      vertex 88.1959 104.181 3
    endloop
  endfacet
  facet normal 0 0 1
    outer loop
      vertex 64.994 60.2453 3
      vertex 88.1959 104.181 3
      vertex 87.7405 104.565 3
    endloop
  endfacet
  facet normal 0 0 1
    outer loop
      vertex 64.994 60.2453 3
      vertex 87.7405 104.565 3
      vertex 87.2834 104.947 3
    endloop
  endfacet
  facet normal 0 0 1
    outer loop
      vertex 64.994 60.2453 3
      vertex 87.2834 104.947 3
      vertex 86.8247 105.327 3
    endloop
  endfacet
  facet normal 0 0 1
    outer loop
      vertex 64.994 60.2453 3
      vertex 86.8247 105.327 3
      vertex 86.3643 105.705 3
    endloop
  endfacet
  facet normal 0 0 1
    outer loop
      vertex 64.994 60.2453 3
      vertex 86.3643 105.705 3
      vertex 85.9022 106.08 3
    endloop
  endfacet
  facet normal 0 0 1
    outer loop
      vertex 64.994 60.2453 3
      vertex 85.9022 106.08 3
      vertex 85.4386 106.454 3
    endloop
  endfacet
  facet normal 0 0 1
    outer loop
      vertex 64.994 60.2453 3
      vertex 85.4386 106.454 3
      vertex 84.9732 106.826 3
    endloop
  endfacet
  facet normal 0 0 1
    outer loop
      vertex 64.994 60.2453 3
      vertex 84.9732 106.826 3
      vertex 84.5063 107.196 3
    endloop
  endfacet
  facet normal 0 0 1
    outer loop
      vertex 64.994 60.2453 3
      vertex 84.5063 107.196 3
      vertex 84.0378 107.563 3
    endloop
  endfacet
  facet normal 0 0 1
    outer loop
      vertex 64.994 60.2453 3
      vertex 84.0378 107.563 3
      vertex 83.5677 107.929 3
    endloop
  endfacet
  facet normal 0 0 1
    outer loop
      vertex 64.994 60.2453 3
      vertex 83.5677 107.929 3
      vertex 83.0959 108.293 3
    endloop
  endfacet
  facet normal 0 0 1
    outer loop
      vertex 64.994 60.2453 3
      vertex 83.0959 108.293 3
      vertex 82.6226 108.654 3
    endloop
  endfacet
  facet normal 0 0 1
    outer loop
      vertex 64.994 60.2453 3
      vertex 82.6226 108.654 3
      vertex 82.1477 109.014 3
    endloop
  endfacet
  facet normal 0 0 1
    outer loop
      vertex 64.994 60.2453 3
      vertex 82.1477 109.014 3
      vertex 81.6713 109.371 3
    endloop
  endfacet
  facet normal 0 0 1
    outer loop
      vertex 64.994 60.2453 3
      vertex 81.6713 109.371 3
      vertex 81.1933 109.726 3
    endloop
  endfacet
  facet normal 0 0 1
    outer loop
      vertex 64.994 60.2453 3
      vertex 81.1933 109.726 3
      vertex 80.7138 110.08 3
    endloop
  endfacet
  facet normal 0 0 1
    outer loop
      vertex 64.994 60.2453 3
      vertex 80.7138 110.08 3
      vertex 80.2327 110.431 3
    endloop
  endfacet
  facet normal 0 0 1
    outer loop
      vertex 64.994 60.2453 3
      vertex 80.2327 110.431 3
      vertex 79.7501 110.78 3
    endloop
  endfacet
  facet normal 0 0 1
    outer loop
      vertex 64.994 60.2453 3
      vertex 79.7501 110.78 3
      vertex 79.2659 111.127 3
    endloop
  endfacet
  facet normal 0 0 1
    outer loop
      vertex 64.994 60.2453 3
      vertex 79.2659 111.127 3
      vertex 78.7803 111.472 3
    endloop
  endfacet
  facet normal 0 0 1
    outer loop
      vertex 64.994 60.2453 3
      vertex 78.7803 111.472 3
      vertex 78.2932 111.814 3
    endloop
  endfacet
  facet normal 0 0 1
    outer loop
      vertex 64.994 60.2453 3
      vertex 78.2932 111.814 3
      vertex 77.8046 112.155 3
    endloop
  endfacet
  facet normal 0 0 1
    outer loop
      vertex 64.994 60.2453 3
      vertex 77.8046 112.155 3
      vertex 77.3144 112.493 3
    endloop
  endfacet
  facet normal 0 0 1
    outer loop
      vertex 64.994 60.2453 3
      vertex 77.3144 112.493 3
      vertex 76.8229 112.829 3
    endloop
  endfacet
  facet normal 0 0 1
    outer loop
      vertex 64.994 60.2453 3
      vertex 76.8229 112.829 3
      vertex 76.3298 113.164 3
    endloop
  endfacet
  facet normal 0 0 1
    outer loop
      vertex 64.994 60.2453 3
      vertex 76.3298 113.164 3
      vertex 75.8353 113.496 3
    endloop
  endfacet
  facet normal 0 0 1
    outer loop
      vertex 64.994 60.2453 3
      vertex 75.8353 113.496 3
      vertex 75.3394 113.825 3
    endloop
  endfacet
  facet normal 0 0 1
    outer loop
      vertex 64.994 60.2453 3
      vertex 75.3394 113.825 3
      vertex 74.842 114.153 3
    endloop
  endfacet
  facet normal 0 0 1
    outer loop
      vertex 64.994 60.2453 3
      vertex 74.842 114.153 3
      vertex 74.3432 114.479 3
    endloop
  endfacet
  facet normal 0 0 1
    outer loop
      vertex 64.994 60.2453 3
      vertex 74.3432 114.479 3
      vertex 73.843 114.802 3
    endloop
  endfacet
  facet normal 0 0 1
    outer loop
      vertex 64.994 60.2453 3
      vertex 73.843 114.802 3
      vertex 73.3414 115.123 3
    endloop
  endfacet
  facet normal 0 0 1
    outer loop
      vertex 64.994 60.2453 3
      vertex 73.3414 115.123 3
      vertex 72.8384 115.442 3
    endloop
  endfacet
  facet normal 0 0 1
    outer loop
      vertex 64.994 60.2453 3
      vertex 72.8384 115.442 3
      vertex 72.334 115.759 3
    endloop
  endfacet
  facet normal 0 0 1
    outer loop
      vertex 64.994 60.2453 3
      vertex 72.334 115.759 3
      vertex 71.8282 116.073 3
    endloop
  endfacet
  facet normal 0 0 1
    outer loop
      vertex 64.994 60.2453 3
      vertex 71.8282 116.073 3
      vertex 71.321 116.385 3
    endloop
  endfacet
  facet normal 0 0 1
    outer loop
      vertex 64.994 60.2453 3
      vertex 71.321 116.385 3
      vertex 70.8125 116.695 3
    endloop
  endfacet
  facet normal 0 0 1
    outer loop
      vertex 64.994 60.2453 3
      vertex 70.8125 116.695 3
      vertex 70.3027 117.003 3
    endloop
  endfacet
  facet normal 0 0 1
    outer loop
      vertex 64.994 60.2453 3
      vertex 70.3027 117.003 3
      vertex 69.7915 117.309 3
    endloop
  endfacet
  facet normal 0 0 1
    outer loop
      vertex 64.994 60.2453 3
      vertex 69.7915 117.309 3
      vertex 69.279 117.612 3
    endloop
  endfacet
  facet normal 0 0 1
    outer loop
      vertex 64.994 60.2453 3
      vertex 69.279 117.612 3
      vertex 68.7651 117.914 3
    endloop
  endfacet
  facet normal 0 0 1
    outer loop
      vertex 64.994 60.2453 3
      vertex 68.7651 117.914 3
      vertex 68.25 118.212 3
    endloop
  endfacet
  facet normal 0 0 1
    outer loop
      vertex 64.994 60.2453 3
      vertex 68.25 118.212 3
      vertex 67.7336 118.509 3
    endloop
  endfacet
  facet normal 0 0 1
    outer loop
      vertex 64.994 60.2453 3
      vertex 67.7336 118.509 3
      vertex 67.2158 118.804 3
    endloop
  endfacet
  facet normal 0 0 1
    outer loop
      vertex 64.994 60.2453 3
      vertex 67.2158 118.804 3
      vertex 66.6968 119.096 3
    endloop
  endfacet
  facet normal 0 0 1
    outer loop
      vertex 64.994 60.2453 3
      vertex 66.6968 119.096 3
      vertex 66.1765 119.386 3
    endloop
  endfacet
  facet normal 0 0 1
    outer loop
      vertex 64.994 60.2453 3
      vertex 66.1765 119.386 3
      vertex 65.655 119.673 3
    endloop
  endfacet
  facet normal 0 0 1
    outer loop
      vertex 58.7851 64.8502 3
      vertex 65.655 119.673 3
      vertex 65.1322 119.959 3
    endloop
  endfacet
  facet normal 0 0 1
    outer loop
      vertex 114.479 74.3432 3
      vertex 65 60 3
      vertex 64.994 59.7547 3
    endloop
  endfacet
  facet normal 0 0 1
    outer loop
      vertex 115.759 72.334 3
      vertex 64.994 59.7547 3
      vertex 64.9759 59.5099 3
    endloop
  endfacet
  facet normal 0 0 1
    outer loop
      vertex 116.695 70.8125 3
      vertex 64.9759 59.5099 3
      vertex 64.9459 59.2663 3
    endloop
  endfacet
  facet normal 0 0 1
    outer loop
      vertex 117.914 68.7651 3
      vertex 64.9459 59.2663 3
      vertex 64.9039 59.0245 3
    endloop
  endfacet
  facet normal 0 0 1
    outer loop
      vertex 118.804 67.2158 3
      vertex 64.9039 59.0245 3
      vertex 64.8502 58.7851 3
    endloop
  endfacet
  facet normal 0 0 1
    outer loop
      vertex 119.959 65.1322 3
      vertex 64.8502 58.7851 3
      vertex 64.7847 58.5486 3
    endloop
  endfacet
  facet normal 0 0 1
    outer loop
      vertex 120.801 63.5564 3
      vertex 64.7847 58.5486 3
      vertex 64.7077 58.3156 3
    endloop
  endfacet
  facet normal 0 0 1
    outer loop
      vertex 121.892 61.4384 3
      vertex 64.7077 58.3156 3
      vertex 64.6194 58.0866 3
    endloop
  endfacet
  facet normal 0 0 1
    outer loop
      vertex 122.945 59.3018 3
      vertex 64.6194 58.0866 3
      vertex 64.5199 57.8622 3
    endloop
  endfacet
  facet normal 0 0 1
    outer loop
      vertex 123.962 57.147 3
      vertex 64.5199 57.8622 3
      vertex 64.4096 57.643 3
    endloop
  endfacet
  facet normal 0 0 1
    outer loop
      vertex 124.94 54.9749 3
      vertex 64.4096 57.643 3
      vertex 64.2886 57.4295 3
    endloop
  endfacet
  facet normal 0 0 1
    outer loop
      vertex 126.11 52.2363 3
      vertex 64.2886 57.4295 3
      vertex 64.1573 57.2221 3
    endloop
  endfacet
  facet normal 0 0 1
    outer loop
      vertex 127.002 50.0274 3
      vertex 64.1573 57.2221 3
      vertex 64.016 57.0215 3
    endloop
  endfacet
  facet normal 0 0 1
    outer loop
      vertex 128.063 47.245 3
      vertex 64.016 57.0215 3
      vertex 63.8651 56.828 3
    endloop
  endfacet
  facet normal 0 0 1
    outer loop
      vertex 129.063 44.44 3
      vertex 63.8651 56.828 3
      vertex 63.7048 56.6422 3
    endloop
  endfacet
  facet normal 0 0 1
    outer loop
      vertex 130.002 41.614 3
      vertex 63.7048 56.6422 3
      vertex 63.5355 56.4645 3
    endloop
  endfacet
  facet normal 0 0 1
    outer loop
      vertex 130.879 38.7681 3
      vertex 63.5355 56.4645 3
      vertex 63.3578 56.2952 3
    endloop
  endfacet
  facet normal 0 0 1
    outer loop
      vertex 131.849 35.3288 3
      vertex 63.3578 56.2952 3
      vertex 63.172 56.1349 3
    endloop
  endfacet
  facet normal 0 0 1
    outer loop
      vertex 54.9995 0.239975 3
      vertex 132.002 34.7532 3
      vertex 63.172 56.1349 3
    endloop
  endfacet
  facet normal 0 0 1
    outer loop
      vertex 54.9995 0.239975 3
      vertex 63.172 56.1349 3
      vertex 62.9785 55.984 3
    endloop
  endfacet
  facet normal 0 0 1
    outer loop
      vertex 54.9995 0.239975 3
      vertex 62.9785 55.984 3
      vertex 62.7779 55.8427 3
    endloop
  endfacet
  facet normal 0 0 1
    outer loop
      vertex 54.9995 0.239975 3
      vertex 62.7779 55.8427 3
      vertex 62.5705 55.7114 3
    endloop
  endfacet
  facet normal 0 0 1
    outer loop
      vertex 54.9995 0.239975 3
      vertex 62.5705 55.7114 3
      vertex 62.357 55.5904 3
    endloop
  endfacet
  facet normal 0 0 1
    outer loop
      vertex 54.9995 0.239975 3
      vertex 62.357 55.5904 3
      vertex 62.1378 55.4801 3
    endloop
  endfacet
  facet normal 0 0 1
    outer loop
      vertex 54.9995 0.239975 3
      vertex 62.1378 55.4801 3
      vertex 61.9134 55.3806 3
    endloop
  endfacet
  facet normal 0 0 1
    outer loop
      vertex 54.9995 0.239975 3
      vertex 61.9134 55.3806 3
      vertex 61.6844 55.2923 3
    endloop
  endfacet
  facet normal 0 0 1
    outer loop
      vertex 54.9995 0.239975 3
      vertex 61.6844 55.2923 3
      vertex 61.4514 55.2153 3
    endloop
  endfacet
  facet normal 0 0 1
    outer loop
      vertex 54.9995 0.239975 3
      vertex 61.4514 55.2153 3
      vertex 61.2149 55.1498 3
    endloop
  endfacet
  facet normal 0 0 1
    outer loop
      vertex 54.9995 0.239975 3
      vertex 61.2149 55.1498 3
      vertex 60.9755 55.0961 3
    endloop
  endfacet
  facet normal 0 0 1
    outer loop
      vertex 54.9995 0.239975 3
      vertex 60.9755 55.0961 3
      vertex 60.7337 55.0541 3
    endloop
  endfacet
  facet normal 0 0 1
    outer loop
      vertex 54.9995 0.239975 3
      vertex 60.7337 55.0541 3
      vertex 60.4901 55.0241 3
    endloop
  endfacet
  facet normal 0 0 1
    outer loop
      vertex 54.9995 0.239975 3
      vertex 60.4901 55.0241 3
      vertex 60.2453 55.006 3
    endloop
  endfacet
  facet normal 0 0 1
    outer loop
      vertex 54.9995 0.239975 3
      vertex 60.2453 55.006 3
      vertex 60 55 3
    endloop
  endfacet
  facet normal 0 0 1
    outer loop
      vertex 54.9995 0.239975 3
      vertex 60 55 3
      vertex 59.7547 55.006 3
    endloop
  endfacet
  facet normal 0 0 1
    outer loop
      vertex 54.9995 0.239975 3
      vertex 59.7547 55.006 3
      vertex 59.5099 55.0241 3
    endloop
  endfacet
  facet normal 0 0 1
    outer loop
      vertex 54.9995 0.239975 3
      vertex 59.5099 55.0241 3
      vertex 59.2663 55.0541 3
    endloop
  endfacet
  facet normal 0 0 1
    outer loop
      vertex 54.9995 0.239975 3
      vertex 59.2663 55.0541 3
      vertex 59.0245 55.0961 3
    endloop
  endfacet
  facet normal 0 0 1
    outer loop
      vertex 54.9995 0.239975 3
      vertex 59.0245 55.0961 3
      vertex 58.7851 55.1498 3
    endloop
  endfacet
  facet normal 0 0 1
    outer loop
      vertex 54.9995 0.239975 3
      vertex 58.7851 55.1498 3
      vertex 58.5486 55.2153 3
    endloop
  endfacet
  facet normal 0 0 1
    outer loop
      vertex 54.9995 0.239975 3
      vertex 58.5486 55.2153 3
      vertex 58.3156 55.2923 3
    endloop
  endfacet
  facet normal 0 0 1
    outer loop
      vertex 54.9995 0.239975 3
      vertex 58.3156 55.2923 3
      vertex 58.0866 55.3806 3
    endloop
  endfacet
  facet normal 0 0 1
    outer loop
      vertex 54.9995 0.239975 3
      vertex 58.0866 55.3806 3
      vertex 57.8622 55.4801 3
    endloop
  endfacet
  facet normal 0 0 1
    outer loop
      vertex 54.9995 0.239975 3
      vertex 57.8622 55.4801 3
      vertex 57.643 55.5904 3
    endloop
  endfacet
  facet normal 0 0 1
    outer loop
      vertex 54.9995 0.239975 3
      vertex 57.643 55.5904 3
      vertex 57.4295 55.7114 3
    endloop
  endfacet
  facet normal 0 0 1
    outer loop
      vertex 54.9995 0.239975 3
      vertex 57.4295 55.7114 3
      vertex 57.2221 55.8427 3
    endloop
  endfacet
  facet normal 0 0 1
    outer loop
      vertex 54.9995 0.239975 3
      vertex 57.2221 55.8427 3
      vertex 57.0215 55.984 3
    endloop
  endfacet
  facet normal 0 0 1
    outer loop
      vertex 136.499 0.595581 3
      vertex 55 0 3
      vertex 136.5 0 3
    endloop
  endfacet
  facet normal 0 0 1
    outer loop
      vertex 54.9995 0.239975 3
      vertex 57.0215 55.984 3
      vertex 56.828 56.1349 3
    endloop
  endfacet
  facet normal 0 0 1
    outer loop
      vertex 54.9995 0.239975 3
      vertex 56.828 56.1349 3
      vertex 56.6422 56.2952 3
    endloop
  endfacet
  facet normal 0 0 1
    outer loop
      vertex 54.9995 0.239975 3
      vertex 56.6422 56.2952 3
      vertex 56.4645 56.4645 3
    endloop
  endfacet
  facet normal 0 0 1
    outer loop
      vertex 54.9995 0.239975 3
      vertex 56.4645 56.4645 3
      vertex 56.2952 56.6422 3
    endloop
  endfacet
  facet normal 0 0 1
    outer loop
      vertex 54.9995 0.239975 3
      vertex 56.2952 56.6422 3
      vertex 56.1349 56.828 3
    endloop
  endfacet
  facet normal 0 0 1
    outer loop
      vertex 54.9995 0.239975 3
      vertex 56.1349 56.828 3
      vertex 55.984 57.0215 3
    endloop
  endfacet
  facet normal 0 0 1
    outer loop
      vertex 54.9995 0.239975 3
      vertex 55.984 57.0215 3
      vertex 55.8427 57.2221 3
    endloop
  endfacet
  facet normal 0 0 1
    outer loop
      vertex 54.9995 0.239975 3
      vertex 55.8427 57.2221 3
      vertex 55.7114 57.4295 3
    endloop
  endfacet
  facet normal 0 0 1
    outer loop
      vertex 54.9995 0.239975 3
      vertex 55.7114 57.4295 3
      vertex 55.5904 57.643 3
    endloop
  endfacet
  facet normal 0 0 1
    outer loop
      vertex 54.9995 0.239975 3
      vertex 55.5904 57.643 3
      vertex 55.4801 57.8622 3
    endloop
  endfacet
  facet normal 0 0 1
    outer loop
      vertex 54.9995 0.239975 3
      vertex 55.4801 57.8622 3
      vertex 55.3806 58.0866 3
    endloop
  endfacet
  facet normal 0 0 1
    outer loop
      vertex 54.9995 0.239975 3
      vertex 55.3806 58.0866 3
      vertex 55.2923 58.3156 3
    endloop
  endfacet
  facet normal 0 0 1
    outer loop
      vertex 54.9995 0.239975 3
      vertex 55.2923 58.3156 3
      vertex 55.2153 58.5486 3
    endloop
  endfacet
  facet normal 0 0 1
    outer loop
      vertex 54.9995 0.239975 3
      vertex 55.2153 58.5486 3
      vertex 55.1498 58.7851 3
    endloop
  endfacet
  facet normal 0 0 1
    outer loop
      vertex 54.9995 0.239975 3
      vertex 55.1498 58.7851 3
      vertex 55.0961 59.0245 3
    endloop
  endfacet
  facet normal 0 0 1
    outer loop
      vertex 54.9995 0.239975 3
      vertex 55.0961 59.0245 3
      vertex 55.0541 59.2663 3
    endloop
  endfacet
  facet normal 0 0 1
    outer loop
      vertex 54.9995 0.239975 3
      vertex 55.0541 59.2663 3
      vertex 55.0241 59.5099 3
    endloop
  endfacet
  facet normal 0 0 1
    outer loop
      vertex 54.9995 0.239975 3
      vertex 55.0241 59.5099 3
      vertex 55.006 59.7547 3
    endloop
  endfacet
  facet normal 0 0 1
    outer loop
      vertex 30.1561 45.9957 3
      vertex 55.006 59.7547 3
      vertex 55 60 3
    endloop
  endfacet
  facet normal 0.999977 0.006716 0
    outer loop
      vertex 136.499 0.595581 3
      vertex 136.495 1.19116 0
      vertex 136.495 1.19116 3
    endloop
  endfacet
  facet normal 0.999977 0.006716 0
    outer loop
      vertex 136.495 1.19116 0
      vertex 136.499 0.595581 3
      vertex 136.499 0.595581 0
    endloop
  endfacet
  facet normal 0.999931 0.0117526 0
    outer loop
      vertex 136.495 1.19116 3
      vertex 136.488 1.78673 0
      vertex 136.488 1.78673 3
    endloop
  endfacet
  facet normal 0.999931 0.0117526 0
    outer loop
      vertex 136.488 1.78673 0
      vertex 136.495 1.19116 3
      vertex 136.495 1.19116 0
    endloop
  endfacet
  facet normal 0.999886 0.0151111 0
    outer loop
      vertex 136.488 1.78673 3
      vertex 136.479 2.38225 0
      vertex 136.479 2.38225 3
    endloop
  endfacet
  facet normal 0.999886 0.0151111 0
    outer loop
      vertex 136.479 2.38225 0
      vertex 136.488 1.78673 3
      vertex 136.488 1.78673 0
    endloop
  endfacet
  facet normal 0.999829 0.0184697 0
    outer loop
      vertex 136.479 2.38225 3
      vertex 136.468 2.97772 0
      vertex 136.468 2.97772 3
    endloop
  endfacet
  facet normal 0.999829 0.0184697 0
    outer loop
      vertex 136.468 2.97772 0
      vertex 136.479 2.38225 3
      vertex 136.479 2.38225 0
    endloop
  endfacet
  facet normal 0.999683 0.0251839 0
    outer loop
      vertex 136.468 2.97772 3
      vertex 136.453 3.57315 0
      vertex 136.453 3.57315 3
    endloop
  endfacet
  facet normal 0.999683 0.0251839 0
    outer loop
      vertex 136.453 3.57315 0
      vertex 136.468 2.97772 3
      vertex 136.468 2.97772 0
    endloop
  endfacet
  facet normal 0.999593 0.028543 0
    outer loop
      vertex 136.453 3.57315 3
      vertex 136.436 4.1685 0
      vertex 136.436 4.1685 3
    endloop
  endfacet
  facet normal 0.999593 0.028543 0
    outer loop
      vertex 136.436 4.1685 0
      vertex 136.453 3.57315 3
      vertex 136.453 3.57315 0
    endloop
  endfacet
  facet normal 0.999491 0.0319015 0
    outer loop
      vertex 136.436 4.1685 3
      vertex 136.417 4.76378 0
      vertex 136.417 4.76378 3
    endloop
  endfacet
  facet normal 0.999491 0.0319015 0
    outer loop
      vertex 136.417 4.76378 0
      vertex 136.436 4.1685 3
      vertex 136.436 4.1685 0
    endloop
  endfacet
  facet normal 0.999318 0.0369384 0
    outer loop
      vertex 136.417 4.76378 3
      vertex 136.395 5.35896 0
      vertex 136.395 5.35896 3
    endloop
  endfacet
  facet normal 0.999318 0.0369384 0
    outer loop
      vertex 136.395 5.35896 0
      vertex 136.417 4.76378 3
      vertex 136.417 4.76378 0
    endloop
  endfacet
  facet normal 0.999119 0.0419741 0
    outer loop
      vertex 136.395 5.35896 3
      vertex 136.37 5.95404 0
      vertex 136.37 5.95404 3
    endloop
  endfacet
  facet normal 0.999119 0.0419741 0
    outer loop
      vertex 136.37 5.95404 0
      vertex 136.395 5.35896 3
      vertex 136.395 5.35896 0
    endloop
  endfacet
  facet normal 0.998972 0.0453338 0
    outer loop
      vertex 136.37 5.95404 3
      vertex 136.343 6.54901 0
      vertex 136.343 6.54901 3
    endloop
  endfacet
  facet normal 0.998972 0.0453338 0
    outer loop
      vertex 136.343 6.54901 0
      vertex 136.37 5.95404 3
      vertex 136.37 5.95404 0
    endloop
  endfacet
  facet normal 0.998731 0.0503706 0
    outer loop
      vertex 136.343 6.54901 3
      vertex 136.313 7.14384 0
      vertex 136.313 7.14384 3
    endloop
  endfacet
  facet normal 0.998731 0.0503706 0
    outer loop
      vertex 136.313 7.14384 0
      vertex 136.343 6.54901 3
      vertex 136.343 6.54901 0
    endloop
  endfacet
  facet normal 0.998464 0.0554031 0
    outer loop
      vertex 136.313 7.14384 3
      vertex 136.28 7.73856 0
      vertex 136.28 7.73856 3
    endloop
  endfacet
  facet normal 0.998464 0.0554031 0
    outer loop
      vertex 136.28 7.73856 0
      vertex 136.313 7.14384 3
      vertex 136.313 7.14384 0
    endloop
  endfacet
  facet normal 0.998272 0.0587663 0
    outer loop
      vertex 136.28 7.73856 3
      vertex 136.245 8.33311 0
      vertex 136.245 8.33311 3
    endloop
  endfacet
  facet normal 0.998272 0.0587663 0
    outer loop
      vertex 136.245 8.33311 0
      vertex 136.28 7.73856 3
      vertex 136.28 7.73856 0
    endloop
  endfacet
  facet normal 0.998068 0.0621264 0
    outer loop
      vertex 136.245 8.33311 3
      vertex 136.208 8.92752 0
      vertex 136.208 8.92752 3
    endloop
  endfacet
  facet normal 0.998068 0.0621264 0
    outer loop
      vertex 136.208 8.92752 0
      vertex 136.245 8.33311 3
      vertex 136.245 8.33311 0
    endloop
  endfacet
  facet normal 0.997628 0.0688344 0
    outer loop
      vertex 136.208 8.92752 3
      vertex 136.167 9.52174 0
      vertex 136.167 9.52174 3
    endloop
  endfacet
  facet normal 0.997628 0.0688344 0
    outer loop
      vertex 136.167 9.52174 0
      vertex 136.208 8.92752 3
      vertex 136.208 8.92752 0
    endloop
  endfacet
  facet normal 0.99751 0.0705239 0
    outer loop
      vertex 136.167 9.52174 3
      vertex 136.125 10.1158 0
      vertex 136.125 10.1158 3
    endloop
  endfacet
  facet normal 0.99751 0.0705239 0
    outer loop
      vertex 136.125 10.1158 0
      vertex 136.167 9.52174 3
      vertex 136.167 9.52174 0
    endloop
  endfacet
  facet normal 0.997014 0.0772228 0
    outer loop
      vertex 136.125 10.1158 3
      vertex 136.079 10.7097 0
      vertex 136.079 10.7097 3
    endloop
  endfacet
  facet normal 0.997014 0.0772228 0
    outer loop
      vertex 136.079 10.7097 0
      vertex 136.125 10.1158 3
      vertex 136.125 10.1158 0
    endloop
  endfacet
  facet normal 0.996747 0.0805995 0
    outer loop
      vertex 136.079 10.7097 3
      vertex 136.031 11.3033 0
      vertex 136.031 11.3033 3
    endloop
  endfacet
  facet normal 0.996747 0.0805995 0
    outer loop
      vertex 136.031 11.3033 0
      vertex 136.079 10.7097 3
      vertex 136.079 10.7097 0
    endloop
  endfacet
  facet normal 0.996469 0.0839627 0
    outer loop
      vertex 136.031 11.3033 3
      vertex 135.981 11.8967 0
      vertex 135.981 11.8967 3
    endloop
  endfacet
  facet normal 0.996469 0.0839627 0
    outer loop
      vertex 135.981 11.8967 0
      vertex 136.031 11.3033 3
      vertex 136.031 11.3033 0
    endloop
  endfacet
  facet normal 0.995884 0.0906417 0
    outer loop
      vertex 135.981 11.8967 3
      vertex 135.927 12.49 0
      vertex 135.927 12.49 3
    endloop
  endfacet
  facet normal 0.995884 0.0906417 0
    outer loop
      vertex 135.927 12.49 0
      vertex 135.981 11.8967 3
      vertex 135.981 11.8967 0
    endloop
  endfacet
  facet normal 0.995725 0.0923678 0
    outer loop
      vertex 135.927 12.49 3
      vertex 135.872 13.0829 0
      vertex 135.872 13.0829 3
    endloop
  endfacet
  facet normal 0.995725 0.0923678 0
    outer loop
      vertex 135.872 13.0829 0
      vertex 135.927 12.49 3
      vertex 135.927 12.49 0
    endloop
  endfacet
  facet normal 0.995084 0.0990383 0
    outer loop
      vertex 135.872 13.0829 3
      vertex 135.813 13.6757 0
      vertex 135.813 13.6757 3
    endloop
  endfacet
  facet normal 0.995084 0.0990383 0
    outer loop
      vertex 135.813 13.6757 0
      vertex 135.872 13.0829 3
      vertex 135.872 13.0829 0
    endloop
  endfacet
  facet normal 0.99474 0.102429 0
    outer loop
      vertex 135.813 13.6757 3
      vertex 135.752 14.2681 0
      vertex 135.752 14.2681 3
    endloop
  endfacet
  facet normal 0.99474 0.102429 0
    outer loop
      vertex 135.752 14.2681 0
      vertex 135.813 13.6757 3
      vertex 135.813 13.6757 0
    endloop
  endfacet
  facet normal 0.994389 0.105786 0
    outer loop
      vertex 135.752 14.2681 3
      vertex 135.689 14.8603 0
      vertex 135.689 14.8603 3
    endloop
  endfacet
  facet normal 0.994389 0.105786 0
    outer loop
      vertex 135.689 14.8603 0
      vertex 135.752 14.2681 3
      vertex 135.752 14.2681 0
    endloop
  endfacet
  facet normal 0.993841 0.110819 0
    outer loop
      vertex 135.689 14.8603 3
      vertex 135.623 15.4522 0
      vertex 135.623 15.4522 3
    endloop
  endfacet
  facet normal 0.993841 0.110819 0
    outer loop
      vertex 135.623 15.4522 0
      vertex 135.689 14.8603 3
      vertex 135.689 14.8603 0
    endloop
  endfacet
  facet normal 0.993269 0.115828 0
    outer loop
      vertex 135.623 15.4522 3
      vertex 135.554 16.0439 0
      vertex 135.554 16.0439 3
    endloop
  endfacet
  facet normal 0.993269 0.115828 0
    outer loop
      vertex 135.554 16.0439 0
      vertex 135.623 15.4522 3
      vertex 135.623 15.4522 0
    endloop
  endfacet
  facet normal 0.992868 0.119218 0
    outer loop
      vertex 135.554 16.0439 3
      vertex 135.483 16.6352 0
      vertex 135.483 16.6352 3
    endloop
  endfacet
  facet normal 0.992868 0.119218 0
    outer loop
      vertex 135.483 16.6352 0
      vertex 135.554 16.0439 3
      vertex 135.554 16.0439 0
    endloop
  endfacet
  facet normal 0.992252 0.124241 0
    outer loop
      vertex 135.483 16.6352 3
      vertex 135.409 17.2262 0
      vertex 135.409 17.2262 3
    endloop
  endfacet
  facet normal 0.992252 0.124241 0
    outer loop
      vertex 135.409 17.2262 0
      vertex 135.483 16.6352 3
      vertex 135.483 16.6352 0
    endloop
  endfacet
  facet normal 0.991608 0.129282 0
    outer loop
      vertex 135.409 17.2262 3
      vertex 135.332 17.8168 0
      vertex 135.332 17.8168 3
    endloop
  endfacet
  facet normal 0.991608 0.129282 0
    outer loop
      vertex 135.332 17.8168 0
      vertex 135.409 17.2262 3
      vertex 135.409 17.2262 0
    endloop
  endfacet
  facet normal 0.991166 0.132626 0
    outer loop
      vertex 135.332 17.8168 3
      vertex 135.253 18.4072 0
      vertex 135.253 18.4072 3
    endloop
  endfacet
  facet normal 0.991166 0.132626 0
    outer loop
      vertex 135.253 18.4072 0
      vertex 135.332 17.8168 3
      vertex 135.332 17.8168 0
    endloop
  endfacet
  facet normal 0.990704 0.136035 0
    outer loop
      vertex 135.253 18.4072 3
      vertex 135.172 18.9971 0
      vertex 135.172 18.9971 3
    endloop
  endfacet
  facet normal 0.990704 0.136035 0
    outer loop
      vertex 135.172 18.9971 0
      vertex 135.253 18.4072 3
      vertex 135.253 18.4072 0
    endloop
  endfacet
  facet normal 0.989767 0.14269 0
    outer loop
      vertex 135.172 18.9971 3
      vertex 135.087 19.5867 0
      vertex 135.087 19.5867 3
    endloop
  endfacet
  facet normal 0.989767 0.14269 0
    outer loop
      vertex 135.087 19.5867 0
      vertex 135.172 18.9971 3
      vertex 135.172 18.9971 0
    endloop
  endfacet
  facet normal 0.989518 0.144406 0
    outer loop
      vertex 135.087 19.5867 3
      vertex 135.001 20.176 0
      vertex 135.001 20.176 3
    endloop
  endfacet
  facet normal 0.989518 0.144406 0
    outer loop
      vertex 135.001 20.176 0
      vertex 135.087 19.5867 3
      vertex 135.087 19.5867 0
    endloop
  endfacet
  facet normal 0.988519 0.151098 0
    outer loop
      vertex 135.001 20.176 3
      vertex 134.911 20.7648 0
      vertex 134.911 20.7648 3
    endloop
  endfacet
  facet normal 0.988519 0.151098 0
    outer loop
      vertex 134.911 20.7648 0
      vertex 135.001 20.176 3
      vertex 135.001 20.176 0
    endloop
  endfacet
  facet normal 0.988 0.154454 0
    outer loop
      vertex 134.911 20.7648 3
      vertex 134.819 21.3533 0
      vertex 134.819 21.3533 3
    endloop
  endfacet
  facet normal 0.988 0.154454 0
    outer loop
      vertex 134.819 21.3533 0
      vertex 134.911 20.7648 3
      vertex 134.911 20.7648 0
    endloop
  endfacet
  facet normal 0.987462 0.15786 0
    outer loop
      vertex 134.819 21.3533 3
      vertex 134.725 21.9413 0
      vertex 134.725 21.9413 3
    endloop
  endfacet
  facet normal 0.987462 0.15786 0
    outer loop
      vertex 134.725 21.9413 0
      vertex 134.819 21.3533 3
      vertex 134.819 21.3533 0
    endloop
  endfacet
  facet normal 0.986651 0.162847 0
    outer loop
      vertex 134.725 21.9413 3
      vertex 134.628 22.529 0
      vertex 134.628 22.529 3
    endloop
  endfacet
  facet normal 0.986651 0.162847 0
    outer loop
      vertex 134.628 22.529 0
      vertex 134.725 21.9413 3
      vertex 134.725 21.9413 0
    endloop
  endfacet
  facet normal 0.985807 0.167883 0
    outer loop
      vertex 134.628 22.529 3
      vertex 134.528 23.1162 0
      vertex 134.528 23.1162 3
    endloop
  endfacet
  facet normal 0.985807 0.167883 0
    outer loop
      vertex 134.528 23.1162 0
      vertex 134.628 22.529 3
      vertex 134.628 22.529 0
    endloop
  endfacet
  facet normal 0.985227 0.171256 0
    outer loop
      vertex 134.528 23.1162 3
      vertex 134.426 23.703 0
      vertex 134.426 23.703 3
    endloop
  endfacet
  facet normal 0.985227 0.171256 0
    outer loop
      vertex 134.426 23.703 0
      vertex 134.528 23.1162 3
      vertex 134.528 23.1162 0
    endloop
  endfacet
  facet normal 0.984629 0.174657 0
    outer loop
      vertex 134.426 23.703 3
      vertex 134.322 24.2893 0
      vertex 134.322 24.2893 3
    endloop
  endfacet
  facet normal 0.984629 0.174657 0
    outer loop
      vertex 134.322 24.2893 0
      vertex 134.426 23.703 3
      vertex 134.426 23.703 0
    endloop
  endfacet
  facet normal 0.983426 0.181308 0
    outer loop
      vertex 134.322 24.2893 3
      vertex 134.214 24.8751 0
      vertex 134.214 24.8751 3
    endloop
  endfacet
  facet normal 0.983426 0.181308 0
    outer loop
      vertex 134.214 24.8751 0
      vertex 134.322 24.2893 3
      vertex 134.322 24.2893 0
    endloop
  endfacet
  facet normal 0.9828 0.184674 0
    outer loop
      vertex 134.214 24.8751 3
      vertex 134.104 25.4605 0
      vertex 134.104 25.4605 3
    endloop
  endfacet
  facet normal 0.9828 0.184674 0
    outer loop
      vertex 134.104 25.4605 0
      vertex 134.214 24.8751 3
      vertex 134.214 24.8751 0
    endloop
  endfacet
  facet normal 0.982156 0.188069 0
    outer loop
      vertex 134.104 25.4605 3
      vertex 133.992 26.0454 0
      vertex 133.992 26.0454 3
    endloop
  endfacet
  facet normal 0.982156 0.188069 0
    outer loop
      vertex 133.992 26.0454 0
      vertex 134.104 25.4605 3
      vertex 134.104 25.4605 0
    endloop
  endfacet
  facet normal 0.981183 0.19308 0
    outer loop
      vertex 133.992 26.0454 3
      vertex 133.877 26.6298 0
      vertex 133.877 26.6298 3
    endloop
  endfacet
  facet normal 0.981183 0.19308 0
    outer loop
      vertex 133.877 26.6298 0
      vertex 133.992 26.0454 3
      vertex 133.992 26.0454 0
    endloop
  endfacet
  facet normal 0.98051 0.196471 0
    outer loop
      vertex 133.877 26.6298 3
      vertex 133.76 27.2137 0
      vertex 133.76 27.2137 3
    endloop
  endfacet
  facet normal 0.98051 0.196471 0
    outer loop
      vertex 133.76 27.2137 0
      vertex 133.877 26.6298 3
      vertex 133.877 26.6298 0
    endloop
  endfacet
  facet normal 0.979494 0.201473 0
    outer loop
      vertex 133.76 27.2137 3
      vertex 133.64 27.7971 0
      vertex 133.64 27.7971 3
    endloop
  endfacet
  facet normal 0.979494 0.201473 0
    outer loop
      vertex 133.64 27.7971 0
      vertex 133.76 27.2137 3
      vertex 133.76 27.2137 0
    endloop
  endfacet
  facet normal 0.978446 0.206501 0
    outer loop
      vertex 133.64 27.7971 3
      vertex 133.517 28.3799 0
      vertex 133.517 28.3799 3
    endloop
  endfacet
  facet normal 0.978446 0.206501 0
    outer loop
      vertex 133.517 28.3799 0
      vertex 133.64 27.7971 3
      vertex 133.64 27.7971 0
    endloop
  endfacet
  facet normal 0.977726 0.209885 0
    outer loop
      vertex 133.517 28.3799 3
      vertex 133.392 28.9622 0
      vertex 133.392 28.9622 3
    endloop
  endfacet
  facet normal 0.977726 0.209885 0
    outer loop
      vertex 133.392 28.9622 0
      vertex 133.517 28.3799 3
      vertex 133.517 28.3799 0
    endloop
  endfacet
  facet normal 0.976643 0.214868 0
    outer loop
      vertex 133.392 28.9622 3
      vertex 133.264 29.544 0
      vertex 133.264 29.544 3
    endloop
  endfacet
  facet normal 0.976643 0.214868 0
    outer loop
      vertex 133.264 29.544 0
      vertex 133.392 28.9622 3
      vertex 133.392 28.9622 0
    endloop
  endfacet
  facet normal 0.975886 0.218281 0
    outer loop
      vertex 133.264 29.544 3
      vertex 133.134 30.1252 0
      vertex 133.134 30.1252 3
    endloop
  endfacet
  facet normal 0.975886 0.218281 0
    outer loop
      vertex 133.134 30.1252 0
      vertex 133.264 29.544 3
      vertex 133.264 29.544 0
    endloop
  endfacet
  facet normal 0.975116 0.221694 0
    outer loop
      vertex 133.134 30.1252 3
      vertex 133.002 30.7058 0
      vertex 133.002 30.7058 3
    endloop
  endfacet
  facet normal 0.975116 0.221694 0
    outer loop
      vertex 133.002 30.7058 0
      vertex 133.134 30.1252 3
      vertex 133.134 30.1252 0
    endloop
  endfacet
  facet normal 0.973593 0.228291 0
    outer loop
      vertex 133.002 30.7058 3
      vertex 132.866 31.2858 0
      vertex 132.866 31.2858 3
    endloop
  endfacet
  facet normal 0.973593 0.228291 0
    outer loop
      vertex 132.866 31.2858 0
      vertex 133.002 30.7058 3
      vertex 133.002 30.7058 0
    endloop
  endfacet
  facet normal 0.972797 0.231658 0
    outer loop
      vertex 132.866 31.2858 3
      vertex 132.728 31.8653 0
      vertex 132.728 31.8653 3
    endloop
  endfacet
  facet normal 0.972797 0.231658 0
    outer loop
      vertex 132.728 31.8653 0
      vertex 132.866 31.2858 3
      vertex 132.866 31.2858 0
    endloop
  endfacet
  facet normal 0.971971 0.2351 0
    outer loop
      vertex 132.728 31.8653 3
      vertex 132.588 32.4441 0
      vertex 132.588 32.4441 3
    endloop
  endfacet
  facet normal 0.971971 0.2351 0
    outer loop
      vertex 132.588 32.4441 0
      vertex 132.728 31.8653 3
      vertex 132.728 31.8653 0
    endloop
  endfacet
  facet normal 0.970752 0.240086 0
    outer loop
      vertex 132.588 32.4441 3
      vertex 132.445 33.0223 0
      vertex 132.445 33.0223 3
    endloop
  endfacet
  facet normal 0.970752 0.240086 0
    outer loop
      vertex 132.445 33.0223 0
      vertex 132.588 32.4441 3
      vertex 132.588 32.4441 0
    endloop
  endfacet
  facet normal 0.969905 0.243484 0
    outer loop
      vertex 132.445 33.0223 3
      vertex 132.3 33.5999 0
      vertex 132.3 33.5999 3
    endloop
  endfacet
  facet normal 0.969905 0.243484 0
    outer loop
      vertex 132.3 33.5999 0
      vertex 132.445 33.0223 3
      vertex 132.445 33.0223 0
    endloop
  endfacet
  facet normal 0.968643 0.248456 0
    outer loop
      vertex 132.3 33.5999 3
      vertex 132.152 34.1769 0
      vertex 132.152 34.1769 3
    endloop
  endfacet
  facet normal 0.968643 0.248456 0
    outer loop
      vertex 132.152 34.1769 0
      vertex 132.3 33.5999 3
      vertex 132.3 33.5999 0
    endloop
  endfacet
  facet normal 0.967756 0.251889 0
    outer loop
      vertex 132.152 34.1769 3
      vertex 132.002 34.7532 0
      vertex 132.002 34.7532 3
    endloop
  endfacet
  facet normal 0.967756 0.251889 0
    outer loop
      vertex 132.002 34.7532 0
      vertex 132.152 34.1769 3
      vertex 132.152 34.1769 0
    endloop
  endfacet
  facet normal 0.966441 0.256889 0
    outer loop
      vertex 132.002 34.7532 3
      vertex 131.849 35.3288 0
      vertex 131.849 35.3288 3
    endloop
  endfacet
  facet normal 0.966441 0.256889 0
    outer loop
      vertex 131.849 35.3288 0
      vertex 132.002 34.7532 3
      vertex 132.002 34.7532 0
    endloop
  endfacet
  facet normal 0.9651 0.261881 0
    outer loop
      vertex 131.849 35.3288 3
      vertex 131.693 35.9037 0
      vertex 131.693 35.9037 3
    endloop
  endfacet
  facet normal 0.9651 0.261881 0
    outer loop
      vertex 131.693 35.9037 0
      vertex 131.849 35.3288 3
      vertex 131.849 35.3288 0
    endloop
  endfacet
  facet normal 0.964605 0.2637 0
    outer loop
      vertex 131.693 35.9037 3
      vertex 131.536 36.478 0
      vertex 131.536 36.478 3
    endloop
  endfacet
  facet normal 0.964605 0.2637 0
    outer loop
      vertex 131.536 36.478 0
      vertex 131.693 35.9037 3
      vertex 131.693 35.9037 0
    endloop
  endfacet
  facet normal 0.962793 0.27024 0
    outer loop
      vertex 131.536 36.478 3
      vertex 131.375 37.0516 0
      vertex 131.375 37.0516 3
    endloop
  endfacet
  facet normal 0.962793 0.27024 0
    outer loop
      vertex 131.375 37.0516 0
      vertex 131.536 36.478 3
      vertex 131.536 36.478 0
    endloop
  endfacet
  facet normal 0.961827 0.273657 0
    outer loop
      vertex 131.375 37.0516 3
      vertex 131.212 37.6245 0
      vertex 131.212 37.6245 3
    endloop
  endfacet
  facet normal 0.961827 0.273657 0
    outer loop
      vertex 131.212 37.6245 0
      vertex 131.375 37.0516 3
      vertex 131.375 37.0516 0
    endloop
  endfacet
  facet normal 0.960849 0.277071 0
    outer loop
      vertex 131.212 37.6245 3
      vertex 131.047 38.1967 0
      vertex 131.047 38.1967 3
    endloop
  endfacet
  facet normal 0.960849 0.277071 0
    outer loop
      vertex 131.047 38.1967 0
      vertex 131.212 37.6245 3
      vertex 131.212 37.6245 0
    endloop
  endfacet
  facet normal 0.959392 0.282075 0
    outer loop
      vertex 131.047 38.1967 3
      vertex 130.879 38.7681 0
      vertex 130.879 38.7681 3
    endloop
  endfacet
  facet normal 0.959392 0.282075 0
    outer loop
      vertex 130.879 38.7681 0
      vertex 131.047 38.1967 3
      vertex 131.047 38.1967 0
    endloop
  endfacet
  facet normal 0.957923 0.287024 0
    outer loop
      vertex 130.879 38.7681 3
      vertex 130.708 39.3388 0
      vertex 130.708 39.3388 3
    endloop
  endfacet
  facet normal 0.957923 0.287024 0
    outer loop
      vertex 130.708 39.3388 0
      vertex 130.879 38.7681 3
      vertex 130.879 38.7681 0
    endloop
  endfacet
  facet normal 0.957349 0.288935 0
    outer loop
      vertex 130.708 39.3388 3
      vertex 130.536 39.9087 0
      vertex 130.536 39.9087 3
    endloop
  endfacet
  facet normal 0.957349 0.288935 0
    outer loop
      vertex 130.536 39.9087 0
      vertex 130.708 39.3388 3
      vertex 130.708 39.3388 0
    endloop
  endfacet
  facet normal 0.955372 0.295407 0
    outer loop
      vertex 130.536 39.9087 3
      vertex 130.36 40.4779 0
      vertex 130.36 40.4779 3
    endloop
  endfacet
  facet normal 0.955372 0.295407 0
    outer loop
      vertex 130.36 40.4779 0
      vertex 130.536 39.9087 3
      vertex 130.536 39.9087 0
    endloop
  endfacet
  facet normal 0.954301 0.298849 0
    outer loop
      vertex 130.36 40.4779 3
      vertex 130.182 41.0463 0
      vertex 130.182 41.0463 3
    endloop
  endfacet
  facet normal 0.954301 0.298849 0
    outer loop
      vertex 130.182 41.0463 0
      vertex 130.36 40.4779 3
      vertex 130.36 40.4779 0
    endloop
  endfacet
  facet normal 0.953232 0.30224 0
    outer loop
      vertex 130.182 41.0463 3
      vertex 130.002 41.614 0
      vertex 130.002 41.614 3
    endloop
  endfacet
  facet normal 0.953232 0.30224 0
    outer loop
      vertex 130.002 41.614 0
      vertex 130.182 41.0463 3
      vertex 130.182 41.0463 0
    endloop
  endfacet
  facet normal 0.951629 0.307248 0
    outer loop
      vertex 130.002 41.614 3
      vertex 129.819 42.1808 0
      vertex 129.819 42.1808 3
    endloop
  endfacet
  facet normal 0.951629 0.307248 0
    outer loop
      vertex 129.819 42.1808 0
      vertex 130.002 41.614 3
      vertex 130.002 41.614 0
    endloop
  endfacet
  facet normal 0.950531 0.310631 0
    outer loop
      vertex 129.819 42.1808 3
      vertex 129.634 42.7469 0
      vertex 129.634 42.7469 3
    endloop
  endfacet
  facet normal 0.950531 0.310631 0
    outer loop
      vertex 129.634 42.7469 0
      vertex 129.819 42.1808 3
      vertex 129.819 42.1808 0
    endloop
  endfacet
  facet normal 0.948885 0.315623 0
    outer loop
      vertex 129.634 42.7469 3
      vertex 129.446 43.3121 0
      vertex 129.446 43.3121 3
    endloop
  endfacet
  facet normal 0.948885 0.315623 0
    outer loop
      vertex 129.446 43.3121 0
      vertex 129.634 42.7469 3
      vertex 129.634 42.7469 0
    endloop
  endfacet
  facet normal 0.947739 0.319047 0
    outer loop
      vertex 129.446 43.3121 3
      vertex 129.256 43.8765 0
      vertex 129.256 43.8765 3
    endloop
  endfacet
  facet normal 0.947739 0.319047 0
    outer loop
      vertex 129.256 43.8765 0
      vertex 129.446 43.3121 3
      vertex 129.446 43.3121 0
    endloop
  endfacet
  facet normal 0.946049 0.324024 0
    outer loop
      vertex 129.256 43.8765 3
      vertex 129.063 44.44 0
      vertex 129.063 44.44 3
    endloop
  endfacet
  facet normal 0.946049 0.324024 0
    outer loop
      vertex 129.063 44.44 0
      vertex 129.256 43.8765 3
      vertex 129.256 43.8765 0
    endloop
  endfacet
  facet normal 0.94489 0.327387 0
    outer loop
      vertex 129.063 44.44 3
      vertex 128.868 45.0028 0
      vertex 128.868 45.0028 3
    endloop
  endfacet
  facet normal 0.94489 0.327387 0
    outer loop
      vertex 128.868 45.0028 0
      vertex 129.063 44.44 3
      vertex 129.063 44.44 0
    endloop
  endfacet
  facet normal 0.943664 0.330904 0
    outer loop
      vertex 128.868 45.0028 3
      vertex 128.671 45.5646 0
      vertex 128.671 45.5646 3
    endloop
  endfacet
  facet normal 0.943664 0.330904 0
    outer loop
      vertex 128.671 45.5646 0
      vertex 128.868 45.0028 3
      vertex 128.868 45.0028 0
    endloop
  endfacet
  facet normal 0.941932 0.335805 0
    outer loop
      vertex 128.671 45.5646 3
      vertex 128.471 46.1256 0
      vertex 128.471 46.1256 3
    endloop
  endfacet
  facet normal 0.941932 0.335805 0
    outer loop
      vertex 128.471 46.1256 0
      vertex 128.671 45.5646 3
      vertex 128.671 45.5646 0
    endloop
  endfacet
  facet normal 0.940156 0.340746 0
    outer loop
      vertex 128.471 46.1256 3
      vertex 128.268 46.6857 0
      vertex 128.268 46.6857 3
    endloop
  endfacet
  facet normal 0.940156 0.340746 0
    outer loop
      vertex 128.268 46.6857 0
      vertex 128.471 46.1256 3
      vertex 128.471 46.1256 0
    endloop
  endfacet
  facet normal 0.938918 0.344141 0
    outer loop
      vertex 128.268 46.6857 3
      vertex 128.063 47.245 0
      vertex 128.063 47.245 3
    endloop
  endfacet
  facet normal 0.938918 0.344141 0
    outer loop
      vertex 128.063 47.245 0
      vertex 128.268 46.6857 3
      vertex 128.268 46.6857 0
    endloop
  endfacet
  facet normal 0.937627 0.347643 0
    outer loop
      vertex 128.063 47.245 3
      vertex 127.856 47.8033 0
      vertex 127.856 47.8033 3
    endloop
  endfacet
  facet normal 0.937627 0.347643 0
    outer loop
      vertex 127.856 47.8033 0
      vertex 128.063 47.245 3
      vertex 128.063 47.245 0
    endloop
  endfacet
  facet normal 0.93579 0.352558 0
    outer loop
      vertex 127.856 47.8033 3
      vertex 127.646 48.3607 0
      vertex 127.646 48.3607 3
    endloop
  endfacet
  facet normal 0.93579 0.352558 0
    outer loop
      vertex 127.646 48.3607 0
      vertex 127.856 47.8033 3
      vertex 127.856 47.8033 0
    endloop
  endfacet
  facet normal 0.934488 0.355995 0
    outer loop
      vertex 127.646 48.3607 3
      vertex 127.434 48.9172 0
      vertex 127.434 48.9172 3
    endloop
  endfacet
  facet normal 0.934488 0.355995 0
    outer loop
      vertex 127.434 48.9172 0
      vertex 127.646 48.3607 3
      vertex 127.646 48.3607 0
    endloop
  endfacet
  facet normal 0.932608 0.360891 0
    outer loop
      vertex 127.434 48.9172 3
      vertex 127.219 49.4728 0
      vertex 127.219 49.4728 3
    endloop
  endfacet
  facet normal 0.932608 0.360891 0
    outer loop
      vertex 127.219 49.4728 0
      vertex 127.434 48.9172 3
      vertex 127.434 48.9172 0
    endloop
  endfacet
  facet normal 0.931253 0.364374 0
    outer loop
      vertex 127.219 49.4728 3
      vertex 127.002 50.0274 0
      vertex 127.002 50.0274 3
    endloop
  endfacet
  facet normal 0.931253 0.364374 0
    outer loop
      vertex 127.002 50.0274 0
      vertex 127.219 49.4728 3
      vertex 127.219 49.4728 0
    endloop
  endfacet
  facet normal 0.929906 0.367797 0
    outer loop
      vertex 127.002 50.0274 3
      vertex 126.783 50.5811 0
      vertex 126.783 50.5811 3
    endloop
  endfacet
  facet normal 0.929906 0.367797 0
    outer loop
      vertex 126.783 50.5811 0
      vertex 127.002 50.0274 3
      vertex 127.002 50.0274 0
    endloop
  endfacet
  facet normal 0.927943 0.372722 0
    outer loop
      vertex 126.783 50.5811 3
      vertex 126.561 51.1338 0
      vertex 126.561 51.1338 3
    endloop
  endfacet
  facet normal 0.927943 0.372722 0
    outer loop
      vertex 126.561 51.1338 0
      vertex 126.783 50.5811 3
      vertex 126.783 50.5811 0
    endloop
  endfacet
  facet normal 0.925955 0.377633 0
    outer loop
      vertex 126.561 51.1338 3
      vertex 126.336 51.6855 0
      vertex 126.336 51.6855 3
    endloop
  endfacet
  facet normal 0.925955 0.377633 0
    outer loop
      vertex 126.336 51.6855 0
      vertex 126.561 51.1338 3
      vertex 126.561 51.1338 0
    endloop
  endfacet
  facet normal 0.92515 0.379601 0
    outer loop
      vertex 126.336 51.6855 3
      vertex 126.11 52.2363 0
      vertex 126.11 52.2363 3
    endloop
  endfacet
  facet normal 0.92515 0.379601 0
    outer loop
      vertex 126.11 52.2363 0
      vertex 126.336 51.6855 3
      vertex 126.336 51.6855 0
    endloop
  endfacet
  facet normal 0.922505 0.385985 0
    outer loop
      vertex 126.11 52.2363 3
      vertex 125.88 52.786 0
      vertex 125.88 52.786 3
    endloop
  endfacet
  facet normal 0.922505 0.385985 0
    outer loop
      vertex 125.88 52.786 0
      vertex 126.11 52.2363 3
      vertex 126.11 52.2363 0
    endloop
  endfacet
  facet normal 0.92168 0.387952 0
    outer loop
      vertex 125.88 52.786 3
      vertex 125.649 53.3348 0
      vertex 125.649 53.3348 3
    endloop
  endfacet
  facet normal 0.92168 0.387952 0
    outer loop
      vertex 125.649 53.3348 0
      vertex 125.88 52.786 3
      vertex 125.88 52.786 0
    endloop
  endfacet
  facet normal 0.919587 0.392886 0
    outer loop
      vertex 125.649 53.3348 3
      vertex 125.415 53.8825 0
      vertex 125.415 53.8825 3
    endloop
  endfacet
  facet normal 0.919587 0.392886 0
    outer loop
      vertex 125.415 53.8825 0
      vertex 125.649 53.3348 3
      vertex 125.649 53.3348 0
    endloop
  endfacet
  facet normal 0.918108 0.39633 0
    outer loop
      vertex 125.415 53.8825 3
      vertex 125.179 54.4292 0
      vertex 125.179 54.4292 3
    endloop
  endfacet
  facet normal 0.918108 0.39633 0
    outer loop
      vertex 125.179 54.4292 0
      vertex 125.415 53.8825 3
      vertex 125.415 53.8825 0
    endloop
  endfacet
  facet normal 0.915999 0.40118 0
    outer loop
      vertex 125.179 54.4292 3
      vertex 124.94 54.9749 0
      vertex 124.94 54.9749 3
    endloop
  endfacet
  facet normal 0.915999 0.40118 0
    outer loop
      vertex 124.94 54.9749 0
      vertex 125.179 54.4292 3
      vertex 125.179 54.4292 0
    endloop
  endfacet
  facet normal 0.914461 0.404673 0
    outer loop
      vertex 124.94 54.9749 3
      vertex 124.699 55.5195 0
      vertex 124.699 55.5195 3
    endloop
  endfacet
  facet normal 0.914461 0.404673 0
    outer loop
      vertex 124.699 55.5195 0
      vertex 124.94 54.9749 3
      vertex 124.94 54.9749 0
    endloop
  endfacet
  facet normal 0.912937 0.408101 0
    outer loop
      vertex 124.699 55.5195 3
      vertex 124.456 56.0631 0
      vertex 124.456 56.0631 3
    endloop
  endfacet
  facet normal 0.912937 0.408101 0
    outer loop
      vertex 124.456 56.0631 0
      vertex 124.699 55.5195 3
      vertex 124.699 55.5195 0
    endloop
  endfacet
  facet normal 0.91074 0.412981 0
    outer loop
      vertex 124.456 56.0631 3
      vertex 124.21 56.6056 0
      vertex 124.21 56.6056 3
    endloop
  endfacet
  facet normal 0.91074 0.412981 0
    outer loop
      vertex 124.21 56.6056 0
      vertex 124.456 56.0631 3
      vertex 124.456 56.0631 0
    endloop
  endfacet
  facet normal 0.909155 0.416458 0
    outer loop
      vertex 124.21 56.6056 3
      vertex 123.962 57.147 0
      vertex 123.962 57.147 3
    endloop
  endfacet
  facet normal 0.909155 0.416458 0
    outer loop
      vertex 123.962 57.147 0
      vertex 124.21 56.6056 3
      vertex 124.21 56.6056 0
    endloop
  endfacet
  facet normal 0.906945 0.421249 0
    outer loop
      vertex 123.962 57.147 3
      vertex 123.711 57.6874 0
      vertex 123.711 57.6874 3
    endloop
  endfacet
  facet normal 0.906945 0.421249 0
    outer loop
      vertex 123.711 57.6874 0
      vertex 123.962 57.147 3
      vertex 123.962 57.147 0
    endloop
  endfacet
  facet normal 0.905298 0.424778 0
    outer loop
      vertex 123.711 57.6874 3
      vertex 123.458 58.2266 0
      vertex 123.458 58.2266 3
    endloop
  endfacet
  facet normal 0.905298 0.424778 0
    outer loop
      vertex 123.458 58.2266 0
      vertex 123.711 57.6874 3
      vertex 123.711 57.6874 0
    endloop
  endfacet
  facet normal 0.903697 0.428173 0
    outer loop
      vertex 123.458 58.2266 3
      vertex 123.203 58.7648 0
      vertex 123.203 58.7648 3
    endloop
  endfacet
  facet normal 0.903697 0.428173 0
    outer loop
      vertex 123.203 58.7648 0
      vertex 123.458 58.2266 3
      vertex 123.458 58.2266 0
    endloop
  endfacet
  facet normal 0.901366 0.433058 0
    outer loop
      vertex 123.203 58.7648 3
      vertex 122.945 59.3018 0
      vertex 122.945 59.3018 3
    endloop
  endfacet
  facet normal 0.901366 0.433058 0
    outer loop
      vertex 122.945 59.3018 0
      vertex 123.203 58.7648 3
      vertex 123.203 58.7648 0
    endloop
  endfacet
  facet normal 0.89967 0.43657 0
    outer loop
      vertex 122.945 59.3018 3
      vertex 122.685 59.8376 0
      vertex 122.685 59.8376 3
    endloop
  endfacet
  facet normal 0.89967 0.43657 0
    outer loop
      vertex 122.685 59.8376 0
      vertex 122.945 59.3018 3
      vertex 122.945 59.3018 0
    endloop
  endfacet
  facet normal 0.898025 0.439945 0
    outer loop
      vertex 122.685 59.8376 3
      vertex 122.423 60.3724 0
      vertex 122.423 60.3724 3
    endloop
  endfacet
  facet normal 0.898025 0.439945 0
    outer loop
      vertex 122.423 60.3724 0
      vertex 122.685 59.8376 3
      vertex 122.685 59.8376 0
    endloop
  endfacet
  facet normal 0.896301 0.443447 0
    outer loop
      vertex 122.423 60.3724 3
      vertex 122.159 60.906 0
      vertex 122.159 60.906 3
    endloop
  endfacet
  facet normal 0.896301 0.443447 0
    outer loop
      vertex 122.159 60.906 0
      vertex 122.423 60.3724 3
      vertex 122.423 60.3724 0
    endloop
  endfacet
  facet normal 0.893889 0.448288 0
    outer loop
      vertex 122.159 60.906 3
      vertex 121.892 61.4384 0
      vertex 121.892 61.4384 3
    endloop
  endfacet
  facet normal 0.893889 0.448288 0
    outer loop
      vertex 121.892 61.4384 0
      vertex 122.159 60.906 3
      vertex 122.159 60.906 0
    endloop
  endfacet
  facet normal 0.891489 0.453043 0
    outer loop
      vertex 121.892 61.4384 3
      vertex 121.622 61.9697 0
      vertex 121.622 61.9697 3
    endloop
  endfacet
  facet normal 0.891489 0.453043 0
    outer loop
      vertex 121.622 61.9697 0
      vertex 121.892 61.4384 3
      vertex 121.892 61.4384 0
    endloop
  endfacet
  facet normal 0.890394 0.455191 0
    outer loop
      vertex 121.622 61.9697 3
      vertex 121.351 62.4998 0
      vertex 121.351 62.4998 3
    endloop
  endfacet
  facet normal 0.890394 0.455191 0
    outer loop
      vertex 121.351 62.4998 0
      vertex 121.622 61.9697 3
      vertex 121.622 61.9697 0
    endloop
  endfacet
  facet normal 0.887922 0.459994 0
    outer loop
      vertex 121.351 62.4998 3
      vertex 121.077 63.0287 0
      vertex 121.077 63.0287 3
    endloop
  endfacet
  facet normal 0.887922 0.459994 0
    outer loop
      vertex 121.077 63.0287 0
      vertex 121.351 62.4998 3
      vertex 121.351 62.4998 0
    endloop
  endfacet
  facet normal 0.886117 0.463461 0
    outer loop
      vertex 121.077 63.0287 3
      vertex 120.801 63.5564 0
      vertex 120.801 63.5564 3
    endloop
  endfacet
  facet normal 0.886117 0.463461 0
    outer loop
      vertex 120.801 63.5564 0
      vertex 121.077 63.0287 3
      vertex 121.077 63.0287 0
    endloop
  endfacet
  facet normal 0.883604 0.468235 0
    outer loop
      vertex 120.801 63.5564 3
      vertex 120.522 64.0829 0
      vertex 120.522 64.0829 3
    endloop
  endfacet
  facet normal 0.883604 0.468235 0
    outer loop
      vertex 120.522 64.0829 0
      vertex 120.801 63.5564 3
      vertex 120.801 63.5564 0
    endloop
  endfacet
  facet normal 0.882427 0.470449 0
    outer loop
      vertex 120.522 64.0829 3
      vertex 120.242 64.6081 0
      vertex 120.242 64.6081 3
    endloop
  endfacet
  facet normal 0.882427 0.470449 0
    outer loop
      vertex 120.242 64.6081 0
      vertex 120.522 64.0829 3
      vertex 120.522 64.0829 0
    endloop
  endfacet
  facet normal 0.879915 0.475131 0
    outer loop
      vertex 120.242 64.6081 3
      vertex 119.959 65.1322 0
      vertex 119.959 65.1322 3
    endloop
  endfacet
  facet normal 0.879915 0.475131 0
    outer loop
      vertex 119.959 65.1322 0
      vertex 120.242 64.6081 3
      vertex 120.242 64.6081 0
    endloop
  endfacet
  facet normal 0.877305 0.479933 0
    outer loop
      vertex 119.959 65.1322 3
      vertex 119.673 65.655 0
      vertex 119.673 65.655 3
    endloop
  endfacet
  facet normal 0.877305 0.479933 0
    outer loop
      vertex 119.673 65.655 0
      vertex 119.959 65.1322 3
      vertex 119.959 65.1322 0
    endloop
  endfacet
  facet normal 0.876092 0.482144 0
    outer loop
      vertex 119.673 65.655 3
      vertex 119.386 66.1765 0
      vertex 119.386 66.1765 3
    endloop
  endfacet
  facet normal 0.876092 0.482144 0
    outer loop
      vertex 119.386 66.1765 0
      vertex 119.673 65.655 3
      vertex 119.673 65.655 0
    endloop
  endfacet
  facet normal 0.873483 0.486854 0
    outer loop
      vertex 119.386 66.1765 3
      vertex 119.096 66.6968 0
      vertex 119.096 66.6968 3
    endloop
  endfacet
  facet normal 0.873483 0.486854 0
    outer loop
      vertex 119.096 66.6968 0
      vertex 119.386 66.1765 3
      vertex 119.386 66.1765 0
    endloop
  endfacet
  facet normal 0.871531 0.490341 0
    outer loop
      vertex 119.096 66.6968 3
      vertex 118.804 67.2158 0
      vertex 118.804 67.2158 3
    endloop
  endfacet
  facet normal 0.871531 0.490341 0
    outer loop
      vertex 118.804 67.2158 0
      vertex 119.096 66.6968 3
      vertex 119.096 66.6968 0
    endloop
  endfacet
  facet normal 0.868883 0.495018 0
    outer loop
      vertex 118.804 67.2158 3
      vertex 118.509 67.7336 0
      vertex 118.509 67.7336 3
    endloop
  endfacet
  facet normal 0.868883 0.495018 0
    outer loop
      vertex 118.509 67.7336 0
      vertex 118.804 67.2158 3
      vertex 118.804 67.2158 0
    endloop
  endfacet
  facet normal 0.866856 0.498559 0
    outer loop
      vertex 118.509 67.7336 3
      vertex 118.212 68.25 0
      vertex 118.212 68.25 3
    endloop
  endfacet
  facet normal 0.866856 0.498559 0
    outer loop
      vertex 118.212 68.25 0
      vertex 118.509 67.7336 3
      vertex 118.509 67.7336 0
    endloop
  endfacet
  facet normal 0.865583 0.500765 0
    outer loop
      vertex 118.212 68.25 3
      vertex 117.914 68.7651 0
      vertex 117.914 68.7651 3
    endloop
  endfacet
  facet normal 0.865583 0.500765 0
    outer loop
      vertex 117.914 68.7651 0
      vertex 118.212 68.25 3
      vertex 118.212 68.25 0
    endloop
  endfacet
  facet normal 0.86215 0.506653 0
    outer loop
      vertex 117.914 68.7651 3
      vertex 117.612 69.279 0
      vertex 117.612 69.279 3
    endloop
  endfacet
  facet normal 0.86215 0.506653 0
    outer loop
      vertex 117.612 69.279 0
      vertex 117.914 68.7651 3
      vertex 117.914 68.7651 0
    endloop
  endfacet
  facet normal 0.860809 0.508927 0
    outer loop
      vertex 117.612 69.279 3
      vertex 117.309 69.7915 0
      vertex 117.309 69.7915 3
    endloop
  endfacet
  facet normal 0.860809 0.508927 0
    outer loop
      vertex 117.309 69.7915 0
      vertex 117.612 69.279 3
      vertex 117.612 69.279 0
    endloop
  endfacet
  facet normal 0.858026 0.513607 0
    outer loop
      vertex 117.309 69.7915 3
      vertex 117.003 70.3027 0
      vertex 117.003 70.3027 3
    endloop
  endfacet
  facet normal 0.858026 0.513607 0
    outer loop
      vertex 117.003 70.3027 0
      vertex 117.309 69.7915 3
      vertex 117.309 69.7915 0
    endloop
  endfacet
  facet normal 0.855919 0.517111 0
    outer loop
      vertex 117.003 70.3027 3
      vertex 116.695 70.8125 0
      vertex 116.695 70.8125 3
    endloop
  endfacet
  facet normal 0.855919 0.517111 0
    outer loop
      vertex 116.695 70.8125 0
      vertex 117.003 70.3027 3
      vertex 117.003 70.3027 0
    endloop
  endfacet
  facet normal 0.853842 0.520533 0
    outer loop
      vertex 116.695 70.8125 3
      vertex 116.385 71.321 0
      vertex 116.385 71.321 3
    endloop
  endfacet
  facet normal 0.853842 0.520533 0
    outer loop
      vertex 116.385 71.321 0
      vertex 116.695 70.8125 3
      vertex 116.695 70.8125 0
    endloop
  endfacet
  facet normal 0.851751 0.523948 0
    outer loop
      vertex 116.385 71.321 3
      vertex 116.073 71.8282 0
      vertex 116.073 71.8282 3
    endloop
  endfacet
  facet normal 0.851751 0.523948 0
    outer loop
      vertex 116.073 71.8282 0
      vertex 116.385 71.321 3
      vertex 116.385 71.321 0
    endloop
  endfacet
  facet normal 0.849599 0.52743 0
    outer loop
      vertex 116.073 71.8282 3
      vertex 115.759 72.334 0
      vertex 115.759 72.334 3
    endloop
  endfacet
  facet normal 0.849599 0.52743 0
    outer loop
      vertex 115.759 72.334 0
      vertex 116.073 71.8282 3
      vertex 116.073 71.8282 0
    endloop
  endfacet
  facet normal 0.846675 0.53211 0
    outer loop
      vertex 115.759 72.334 3
      vertex 115.442 72.8384 0
      vertex 115.442 72.8384 3
    endloop
  endfacet
  facet normal 0.846675 0.53211 0
    outer loop
      vertex 115.442 72.8384 0
      vertex 115.759 72.334 3
      vertex 115.759 72.334 0
    endloop
  endfacet
  facet normal 0.84449 0.535571 0
    outer loop
      vertex 115.442 72.8384 3
      vertex 115.123 73.3414 0
      vertex 115.123 73.3414 3
    endloop
  endfacet
  facet normal 0.84449 0.535571 0
    outer loop
      vertex 115.123 73.3414 0
      vertex 115.442 72.8384 3
      vertex 115.442 72.8384 0
    endloop
  endfacet
  facet normal 0.84229 0.539025 0
    outer loop
      vertex 115.123 73.3414 3
      vertex 114.802 73.843 0
      vertex 114.802 73.843 3
    endloop
  endfacet
  facet normal 0.84229 0.539025 0
    outer loop
      vertex 114.802 73.843 0
      vertex 115.123 73.3414 3
      vertex 115.123 73.3414 0
    endloop
  endfacet
  facet normal 0.840074 0.542471 0
    outer loop
      vertex 114.802 73.843 3
      vertex 114.479 74.3432 0
      vertex 114.479 74.3432 3
    endloop
  endfacet
  facet normal 0.840074 0.542471 0
    outer loop
      vertex 114.479 74.3432 0
      vertex 114.802 73.843 3
      vertex 114.802 73.843 0
    endloop
  endfacet
  facet normal 0.837076 0.547087 0
    outer loop
      vertex 114.479 74.3432 3
      vertex 114.153 74.842 0
      vertex 114.153 74.842 3
    endloop
  endfacet
  facet normal 0.837076 0.547087 0
    outer loop
      vertex 114.153 74.842 0
      vertex 114.479 74.3432 3
      vertex 114.479 74.3432 0
    endloop
  endfacet
  facet normal 0.834828 0.55051 0
    outer loop
      vertex 114.153 74.842 3
      vertex 113.825 75.3394 0
      vertex 113.825 75.3394 3
    endloop
  endfacet
  facet normal 0.834828 0.55051 0
    outer loop
      vertex 113.825 75.3394 0
      vertex 114.153 74.842 3
      vertex 114.153 74.842 0
    endloop
  endfacet
  facet normal 0.833289 0.552837 0
    outer loop
      vertex 113.825 75.3394 3
      vertex 113.496 75.8353 0
      vertex 113.496 75.8353 3
    endloop
  endfacet
  facet normal 0.833289 0.552837 0
    outer loop
      vertex 113.496 75.8353 0
      vertex 113.825 75.3394 3
      vertex 113.825 75.3394 0
    endloop
  endfacet
  facet normal 0.830238 0.557409 0
    outer loop
      vertex 113.496 75.8353 3
      vertex 113.164 76.3298 0
      vertex 113.164 76.3298 3
    endloop
  endfacet
  facet normal 0.830238 0.557409 0
    outer loop
      vertex 113.164 76.3298 0
      vertex 113.496 75.8353 3
      vertex 113.496 75.8353 0
    endloop
  endfacet
  facet normal 0.827167 0.561957 0
    outer loop
      vertex 113.164 76.3298 3
      vertex 112.829 76.8229 0
      vertex 112.829 76.8229 3
    endloop
  endfacet
  facet normal 0.827167 0.561957 0
    outer loop
      vertex 112.829 76.8229 0
      vertex 113.164 76.3298 3
      vertex 113.164 76.3298 0
    endloop
  endfacet
  facet normal 0.825534 0.564353 0
    outer loop
      vertex 112.829 76.8229 3
      vertex 112.493 77.3144 0
      vertex 112.493 77.3144 3
    endloop
  endfacet
  facet normal 0.825534 0.564353 0
    outer loop
      vertex 112.493 77.3144 0
      vertex 112.829 76.8229 3
      vertex 112.829 76.8229 0
    endloop
  endfacet
  facet normal 0.823267 0.567654 0
    outer loop
      vertex 112.493 77.3144 3
      vertex 112.155 77.8046 0
      vertex 112.155 77.8046 3
    endloop
  endfacet
  facet normal 0.823267 0.567654 0
    outer loop
      vertex 112.155 77.8046 0
      vertex 112.493 77.3144 3
      vertex 112.493 77.3144 0
    endloop
  endfacet
  facet normal 0.820035 0.572313 0
    outer loop
      vertex 112.155 77.8046 3
      vertex 111.814 78.2932 0
      vertex 111.814 78.2932 3
    endloop
  endfacet
  facet normal 0.820035 0.572313 0
    outer loop
      vertex 111.814 78.2932 0
      vertex 112.155 77.8046 3
      vertex 112.155 77.8046 0
    endloop
  endfacet
  facet normal 0.818418 0.574623 0
    outer loop
      vertex 111.814 78.2932 3
      vertex 111.472 78.7803 0
      vertex 111.472 78.7803 3
    endloop
  endfacet
  facet normal 0.818418 0.574623 0
    outer loop
      vertex 111.472 78.7803 0
      vertex 111.814 78.2932 3
      vertex 111.814 78.2932 0
    endloop
  endfacet
  facet normal 0.815205 0.579172 0
    outer loop
      vertex 111.472 78.7803 3
      vertex 111.127 79.2659 0
      vertex 111.127 79.2659 3
    endloop
  endfacet
  facet normal 0.815205 0.579172 0
    outer loop
      vertex 111.127 79.2659 0
      vertex 111.472 78.7803 3
      vertex 111.472 78.7803 0
    endloop
  endfacet
  facet normal 0.812825 0.582508 0
    outer loop
      vertex 111.127 79.2659 3
      vertex 110.78 79.7501 0
      vertex 110.78 79.7501 3
    endloop
  endfacet
  facet normal 0.812825 0.582508 0
    outer loop
      vertex 110.78 79.7501 0
      vertex 111.127 79.2659 3
      vertex 111.127 79.2659 0
    endloop
  endfacet
  facet normal 0.810316 0.585993 0
    outer loop
      vertex 110.78 79.7501 3
      vertex 110.431 80.2327 0
      vertex 110.431 80.2327 3
    endloop
  endfacet
  facet normal 0.810316 0.585993 0
    outer loop
      vertex 110.431 80.2327 0
      vertex 110.78 79.7501 3
      vertex 110.78 79.7501 0
    endloop
  endfacet
  facet normal 0.807849 0.589389 0
    outer loop
      vertex 110.431 80.2327 3
      vertex 110.08 80.7138 0
      vertex 110.08 80.7138 3
    endloop
  endfacet
  facet normal 0.807849 0.589389 0
    outer loop
      vertex 110.08 80.7138 0
      vertex 110.431 80.2327 3
      vertex 110.431 80.2327 0
    endloop
  endfacet
  facet normal 0.804507 0.593943 0
    outer loop
      vertex 110.08 80.7138 3
      vertex 109.726 81.1933 0
      vertex 109.726 81.1933 3
    endloop
  endfacet
  facet normal 0.804507 0.593943 0
    outer loop
      vertex 109.726 81.1933 0
      vertex 110.08 80.7138 3
      vertex 110.08 80.7138 0
    endloop
  endfacet
  facet normal 0.802813 0.596231 0
    outer loop
      vertex 109.726 81.1933 3
      vertex 109.371 81.6713 0
      vertex 109.371 81.6713 3
    endloop
  endfacet
  facet normal 0.802813 0.596231 0
    outer loop
      vertex 109.371 81.6713 0
      vertex 109.726 81.1933 3
      vertex 109.726 81.1933 0
    endloop
  endfacet
  facet normal 0.800242 0.599677 0
    outer loop
      vertex 109.371 81.6713 3
      vertex 109.014 82.1477 0
      vertex 109.014 82.1477 3
    endloop
  endfacet
  facet normal 0.800242 0.599677 0
    outer loop
      vertex 109.014 82.1477 0
      vertex 109.371 81.6713 3
      vertex 109.371 81.6713 0
    endloop
  endfacet
  facet normal 0.796909 0.6041 0
    outer loop
      vertex 109.014 82.1477 3
      vertex 108.654 82.6226 0
      vertex 108.654 82.6226 3
    endloop
  endfacet
  facet normal 0.796909 0.6041 0
    outer loop
      vertex 108.654 82.6226 0
      vertex 109.014 82.1477 3
      vertex 109.014 82.1477 0
    endloop
  endfacet
  facet normal 0.795115 0.606458 0
    outer loop
      vertex 108.654 82.6226 3
      vertex 108.293 83.0959 0
      vertex 108.293 83.0959 3
    endloop
  endfacet
  facet normal 0.795115 0.606458 0
    outer loop
      vertex 108.293 83.0959 0
      vertex 108.654 82.6226 3
      vertex 108.654 82.6226 0
    endloop
  endfacet
  facet normal 0.79175 0.610846 0
    outer loop
      vertex 108.293 83.0959 3
      vertex 107.929 83.5677 0
      vertex 107.929 83.5677 3
    endloop
  endfacet
  facet normal 0.79175 0.610846 0
    outer loop
      vertex 107.929 83.5677 0
      vertex 108.293 83.0959 3
      vertex 108.293 83.0959 0
    endloop
  endfacet
  facet normal 0.789054 0.614324 0
    outer loop
      vertex 107.929 83.5677 3
      vertex 107.563 84.0378 0
      vertex 107.563 84.0378 3
    endloop
  endfacet
  facet normal 0.789054 0.614324 0
    outer loop
      vertex 107.563 84.0378 0
      vertex 107.929 83.5677 3
      vertex 107.929 83.5677 0
    endloop
  endfacet
  facet normal 0.787221 0.616671 0
    outer loop
      vertex 107.563 84.0378 3
      vertex 107.196 84.5063 0
      vertex 107.196 84.5063 3
    endloop
  endfacet
  facet normal 0.787221 0.616671 0
    outer loop
      vertex 107.196 84.5063 0
      vertex 107.563 84.0378 3
      vertex 107.563 84.0378 0
    endloop
  endfacet
  facet normal 0.783743 0.621086 0
    outer loop
      vertex 107.196 84.5063 3
      vertex 106.826 84.9732 0
      vertex 106.826 84.9732 3
    endloop
  endfacet
  facet normal 0.783743 0.621086 0
    outer loop
      vertex 106.826 84.9732 0
      vertex 107.196 84.5063 3
      vertex 107.196 84.5063 0
    endloop
  endfacet
  facet normal 0.781131 0.624367 0
    outer loop
      vertex 106.826 84.9732 3
      vertex 106.454 85.4386 0
      vertex 106.454 85.4386 3
    endloop
  endfacet
  facet normal 0.781131 0.624367 0
    outer loop
      vertex 106.454 85.4386 0
      vertex 106.826 84.9732 3
      vertex 106.826 84.9732 0
    endloop
  endfacet
  facet normal 0.778307 0.627884 0
    outer loop
      vertex 106.454 85.4386 3
      vertex 106.08 85.9022 0
      vertex 106.08 85.9022 3
    endloop
  endfacet
  facet normal 0.778307 0.627884 0
    outer loop
      vertex 106.08 85.9022 0
      vertex 106.454 85.4386 3
      vertex 106.454 85.4386 0
    endloop
  endfacet
  facet normal 0.776489 0.630131 0
    outer loop
      vertex 106.08 85.9022 3
      vertex 105.705 86.3643 0
      vertex 105.705 86.3643 3
    endloop
  endfacet
  facet normal 0.776489 0.630131 0
    outer loop
      vertex 105.705 86.3643 0
      vertex 106.08 85.9022 3
      vertex 106.08 85.9022 0
    endloop
  endfacet
  facet normal 0.772879 0.634553 0
    outer loop
      vertex 105.705 86.3643 3
      vertex 105.327 86.8247 0
      vertex 105.327 86.8247 3
    endloop
  endfacet
  facet normal 0.772879 0.634553 0
    outer loop
      vertex 105.327 86.8247 0
      vertex 105.705 86.3643 3
      vertex 105.705 86.3643 0
    endloop
  endfacet
  facet normal 0.770076 0.637952 0
    outer loop
      vertex 105.327 86.8247 3
      vertex 104.947 87.2834 0
      vertex 104.947 87.2834 3
    endloop
  endfacet
  facet normal 0.770076 0.637952 0
    outer loop
      vertex 104.947 87.2834 0
      vertex 105.327 86.8247 3
      vertex 105.327 86.8247 0
    endloop
  endfacet
  facet normal 0.767326 0.641257 0
    outer loop
      vertex 104.947 87.2834 3
      vertex 104.565 87.7405 0
      vertex 104.565 87.7405 3
    endloop
  endfacet
  facet normal 0.767326 0.641257 0
    outer loop
      vertex 104.565 87.7405 0
      vertex 104.947 87.2834 3
      vertex 104.947 87.2834 0
    endloop
  endfacet
  facet normal 0.764493 0.644632 0
    outer loop
      vertex 104.565 87.7405 3
      vertex 104.181 88.1959 0
      vertex 104.181 88.1959 3
    endloop
  endfacet
  facet normal 0.764493 0.644632 0
    outer loop
      vertex 104.181 88.1959 0
      vertex 104.565 87.7405 3
      vertex 104.565 87.7405 0
    endloop
  endfacet
  facet normal 0.761716 0.647911 0
    outer loop
      vertex 104.181 88.1959 3
      vertex 103.795 88.6497 0
      vertex 103.795 88.6497 3
    endloop
  endfacet
  facet normal 0.761716 0.647911 0
    outer loop
      vertex 103.795 88.6497 0
      vertex 104.181 88.1959 3
      vertex 104.181 88.1959 0
    endloop
  endfacet
  facet normal 0.759612 0.650376 0
    outer loop
      vertex 103.795 88.6497 3
      vertex 103.408 89.1017 0
      vertex 103.408 89.1017 3
    endloop
  endfacet
  facet normal 0.759612 0.650376 0
    outer loop
      vertex 103.408 89.1017 0
      vertex 103.795 88.6497 3
      vertex 103.795 88.6497 0
    endloop
  endfacet
  facet normal 0.755905 0.654681 0
    outer loop
      vertex 103.408 89.1017 3
      vertex 103.018 89.552 0
      vertex 103.018 89.552 3
    endloop
  endfacet
  facet normal 0.755905 0.654681 0
    outer loop
      vertex 103.018 89.552 0
      vertex 103.408 89.1017 3
      vertex 103.408 89.1017 0
    endloop
  endfacet
  facet normal 0.753086 0.657922 0
    outer loop
      vertex 103.018 89.552 3
      vertex 102.626 90.0007 0
      vertex 102.626 90.0007 3
    endloop
  endfacet
  facet normal 0.753086 0.657922 0
    outer loop
      vertex 102.626 90.0007 0
      vertex 103.018 89.552 3
      vertex 103.018 89.552 0
    endloop
  endfacet
  facet normal 0.750107 0.661316 0
    outer loop
      vertex 102.626 90.0007 3
      vertex 102.232 90.4476 0
      vertex 102.232 90.4476 3
    endloop
  endfacet
  facet normal 0.750107 0.661316 0
    outer loop
      vertex 102.232 90.4476 0
      vertex 102.626 90.0007 3
      vertex 102.626 90.0007 0
    endloop
  endfacet
  facet normal 0.748021 0.663675 0
    outer loop
      vertex 102.232 90.4476 3
      vertex 101.837 90.8928 0
      vertex 101.837 90.8928 3
    endloop
  endfacet
  facet normal 0.748021 0.663675 0
    outer loop
      vertex 101.837 90.8928 0
      vertex 102.232 90.4476 3
      vertex 102.232 90.4476 0
    endloop
  endfacet
  facet normal 0.744253 0.667898 0
    outer loop
      vertex 101.837 90.8928 3
      vertex 101.439 91.3363 0
      vertex 101.439 91.3363 3
    endloop
  endfacet
  facet normal 0.744253 0.667898 0
    outer loop
      vertex 101.439 91.3363 0
      vertex 101.837 90.8928 3
      vertex 101.837 90.8928 0
    endloop
  endfacet
  facet normal 0.74214 0.670244 0
    outer loop
      vertex 101.439 91.3363 3
      vertex 101.04 91.7781 0
      vertex 101.04 91.7781 3
    endloop
  endfacet
  facet normal 0.74214 0.670244 0
    outer loop
      vertex 101.04 91.7781 0
      vertex 101.439 91.3363 3
      vertex 101.439 91.3363 0
    endloop
  endfacet
  facet normal 0.738191 0.674592 0
    outer loop
      vertex 101.04 91.7781 3
      vertex 100.638 92.218 0
      vertex 100.638 92.218 3
    endloop
  endfacet
  facet normal 0.738191 0.674592 0
    outer loop
      vertex 100.638 92.218 0
      vertex 101.04 91.7781 3
      vertex 101.04 91.7781 0
    endloop
  endfacet
  facet normal 0.736128 0.676842 0
    outer loop
      vertex 100.638 92.218 3
      vertex 100.235 92.6563 0
      vertex 100.235 92.6563 3
    endloop
  endfacet
  facet normal 0.736128 0.676842 0
    outer loop
      vertex 100.235 92.6563 0
      vertex 100.638 92.218 3
      vertex 100.638 92.218 0
    endloop
  endfacet
  facet normal 0.732895 0.680342 0
    outer loop
      vertex 100.235 92.6563 3
      vertex 99.8298 93.0928 0
      vertex 99.8298 93.0928 3
    endloop
  endfacet
  facet normal 0.732895 0.680342 0
    outer loop
      vertex 99.8298 93.0928 0
      vertex 100.235 92.6563 3
      vertex 100.235 92.6563 0
    endloop
  endfacet
  facet normal 0.729815 0.683645 0
    outer loop
      vertex 99.8298 93.0928 3
      vertex 99.4226 93.5275 0
      vertex 99.4226 93.5275 3
    endloop
  endfacet
  facet normal 0.729815 0.683645 0
    outer loop
      vertex 99.4226 93.5275 0
      vertex 99.8298 93.0928 3
      vertex 99.8298 93.0928 0
    endloop
  endfacet
  facet normal 0.726887 0.686757 0
    outer loop
      vertex 99.4226 93.5275 3
      vertex 99.0136 93.9604 0
      vertex 99.0136 93.9604 3
    endloop
  endfacet
  facet normal 0.726887 0.686757 0
    outer loop
      vertex 99.0136 93.9604 0
      vertex 99.4226 93.5275 3
      vertex 99.4226 93.5275 0
    endloop
  endfacet
  facet normal 0.723862 0.689944 0
    outer loop
      vertex 99.0136 93.9604 3
      vertex 98.6027 94.3915 0
      vertex 98.6027 94.3915 3
    endloop
  endfacet
  facet normal 0.723862 0.689944 0
    outer loop
      vertex 98.6027 94.3915 0
      vertex 99.0136 93.9604 3
      vertex 99.0136 93.9604 0
    endloop
  endfacet
  facet normal 0.720904 0.693035 0
    outer loop
      vertex 98.6027 94.3915 3
      vertex 98.1899 94.8209 0
      vertex 98.1899 94.8209 3
    endloop
  endfacet
  facet normal 0.720904 0.693035 0
    outer loop
      vertex 98.1899 94.8209 0
      vertex 98.6027 94.3915 3
      vertex 98.6027 94.3915 0
    endloop
  endfacet
  facet normal 0.717771 0.69628 0
    outer loop
      vertex 98.1899 94.8209 3
      vertex 97.7752 95.2484 0
      vertex 97.7752 95.2484 3
    endloop
  endfacet
  facet normal 0.717771 0.69628 0
    outer loop
      vertex 97.7752 95.2484 0
      vertex 98.1899 94.8209 3
      vertex 98.1899 94.8209 0
    endloop
  endfacet
  facet normal 0.714788 0.699341 0
    outer loop
      vertex 97.7752 95.2484 3
      vertex 97.3587 95.6741 0
      vertex 97.3587 95.6741 3
    endloop
  endfacet
  facet normal 0.714788 0.699341 0
    outer loop
      vertex 97.3587 95.6741 0
      vertex 97.7752 95.2484 3
      vertex 97.7752 95.2484 0
    endloop
  endfacet
  facet normal 0.711709 0.702475 0
    outer loop
      vertex 97.3587 95.6741 3
      vertex 96.9403 96.098 0
      vertex 96.9403 96.098 3
    endloop
  endfacet
  facet normal 0.711709 0.702475 0
    outer loop
      vertex 96.9403 96.098 0
      vertex 97.3587 95.6741 3
      vertex 97.3587 95.6741 0
    endloop
  endfacet
  facet normal 0.7087 0.70551 0
    outer loop
      vertex 96.9403 96.098 3
      vertex 96.5201 96.5201 0
      vertex 96.5201 96.5201 3
    endloop
  endfacet
  facet normal 0.7087 0.70551 0
    outer loop
      vertex 96.5201 96.5201 0
      vertex 96.9403 96.098 3
      vertex 96.9403 96.098 0
    endloop
  endfacet
  facet normal 0.70551 0.7087 -0
    outer loop
      vertex 96.5201 96.5201 0
      vertex 96.098 96.9403 3
      vertex 96.5201 96.5201 3
    endloop
  endfacet
  facet normal 0.70551 0.7087 0
    outer loop
      vertex 96.098 96.9403 3
      vertex 96.5201 96.5201 0
      vertex 96.098 96.9403 0
    endloop
  endfacet
  facet normal 0.702475 0.711709 -0
    outer loop
      vertex 96.098 96.9403 0
      vertex 95.6741 97.3587 3
      vertex 96.098 96.9403 3
    endloop
  endfacet
  facet normal 0.702475 0.711709 0
    outer loop
      vertex 95.6741 97.3587 3
      vertex 96.098 96.9403 0
      vertex 95.6741 97.3587 0
    endloop
  endfacet
  facet normal 0.699341 0.714788 -0
    outer loop
      vertex 95.6741 97.3587 0
      vertex 95.2484 97.7752 3
      vertex 95.6741 97.3587 3
    endloop
  endfacet
  facet normal 0.699341 0.714788 0
    outer loop
      vertex 95.2484 97.7752 3
      vertex 95.6741 97.3587 0
      vertex 95.2484 97.7752 0
    endloop
  endfacet
  facet normal 0.69628 0.717771 -0
    outer loop
      vertex 95.2484 97.7752 0
      vertex 94.8209 98.1899 3
      vertex 95.2484 97.7752 3
    endloop
  endfacet
  facet normal 0.69628 0.717771 0
    outer loop
      vertex 94.8209 98.1899 3
      vertex 95.2484 97.7752 0
      vertex 94.8209 98.1899 0
    endloop
  endfacet
  facet normal 0.693035 0.720904 -0
    outer loop
      vertex 94.8209 98.1899 0
      vertex 94.3915 98.6027 3
      vertex 94.8209 98.1899 3
    endloop
  endfacet
  facet normal 0.693035 0.720904 0
    outer loop
      vertex 94.3915 98.6027 3
      vertex 94.8209 98.1899 0
      vertex 94.3915 98.6027 0
    endloop
  endfacet
  facet normal 0.689944 0.723862 -0
    outer loop
      vertex 94.3915 98.6027 0
      vertex 93.9604 99.0136 3
      vertex 94.3915 98.6027 3
    endloop
  endfacet
  facet normal 0.689944 0.723862 0
    outer loop
      vertex 93.9604 99.0136 3
      vertex 94.3915 98.6027 0
      vertex 93.9604 99.0136 0
    endloop
  endfacet
  facet normal 0.686757 0.726887 -0
    outer loop
      vertex 93.9604 99.0136 0
      vertex 93.5275 99.4226 3
      vertex 93.9604 99.0136 3
    endloop
  endfacet
  facet normal 0.686757 0.726887 0
    outer loop
      vertex 93.5275 99.4226 3
      vertex 93.9604 99.0136 0
      vertex 93.5275 99.4226 0
    endloop
  endfacet
  facet normal 0.683645 0.729815 -0
    outer loop
      vertex 93.5275 99.4226 0
      vertex 93.0928 99.8298 3
      vertex 93.5275 99.4226 3
    endloop
  endfacet
  facet normal 0.683645 0.729815 0
    outer loop
      vertex 93.0928 99.8298 3
      vertex 93.5275 99.4226 0
      vertex 93.0928 99.8298 0
    endloop
  endfacet
  facet normal 0.680342 0.732895 -0
    outer loop
      vertex 93.0928 99.8298 0
      vertex 92.6563 100.235 3
      vertex 93.0928 99.8298 3
    endloop
  endfacet
  facet normal 0.680342 0.732895 0
    outer loop
      vertex 92.6563 100.235 3
      vertex 93.0928 99.8298 0
      vertex 92.6563 100.235 0
    endloop
  endfacet
  facet normal 0.676842 0.736128 -0
    outer loop
      vertex 92.6563 100.235 0
      vertex 92.218 100.638 3
      vertex 92.6563 100.235 3
    endloop
  endfacet
  facet normal 0.676842 0.736128 0
    outer loop
      vertex 92.218 100.638 3
      vertex 92.6563 100.235 0
      vertex 92.218 100.638 0
    endloop
  endfacet
  facet normal 0.674592 0.738191 -0
    outer loop
      vertex 92.218 100.638 0
      vertex 91.7781 101.04 3
      vertex 92.218 100.638 3
    endloop
  endfacet
  facet normal 0.674592 0.738191 0
    outer loop
      vertex 91.7781 101.04 3
      vertex 92.218 100.638 0
      vertex 91.7781 101.04 0
    endloop
  endfacet
  facet normal 0.670244 0.74214 -0
    outer loop
      vertex 91.7781 101.04 0
      vertex 91.3363 101.439 3
      vertex 91.7781 101.04 3
    endloop
  endfacet
  facet normal 0.670244 0.74214 0
    outer loop
      vertex 91.3363 101.439 3
      vertex 91.7781 101.04 0
      vertex 91.3363 101.439 0
    endloop
  endfacet
  facet normal 0.667898 0.744253 -0
    outer loop
      vertex 91.3363 101.439 0
      vertex 90.8928 101.837 3
      vertex 91.3363 101.439 3
    endloop
  endfacet
  facet normal 0.667898 0.744253 0
    outer loop
      vertex 90.8928 101.837 3
      vertex 91.3363 101.439 0
      vertex 90.8928 101.837 0
    endloop
  endfacet
  facet normal 0.663675 0.748021 -0
    outer loop
      vertex 90.8928 101.837 0
      vertex 90.4476 102.232 3
      vertex 90.8928 101.837 3
    endloop
  endfacet
  facet normal 0.663675 0.748021 0
    outer loop
      vertex 90.4476 102.232 3
      vertex 90.8928 101.837 0
      vertex 90.4476 102.232 0
    endloop
  endfacet
  facet normal 0.661316 0.750107 -0
    outer loop
      vertex 90.4476 102.232 0
      vertex 90.0007 102.626 3
      vertex 90.4476 102.232 3
    endloop
  endfacet
  facet normal 0.661316 0.750107 0
    outer loop
      vertex 90.0007 102.626 3
      vertex 90.4476 102.232 0
      vertex 90.0007 102.626 0
    endloop
  endfacet
  facet normal 0.657922 0.753086 -0
    outer loop
      vertex 90.0007 102.626 0
      vertex 89.552 103.018 3
      vertex 90.0007 102.626 3
    endloop
  endfacet
  facet normal 0.657922 0.753086 0
    outer loop
      vertex 89.552 103.018 3
      vertex 90.0007 102.626 0
      vertex 89.552 103.018 0
    endloop
  endfacet
  facet normal 0.654681 0.755905 -0
    outer loop
      vertex 89.552 103.018 0
      vertex 89.1017 103.408 3
      vertex 89.552 103.018 3
    endloop
  endfacet
  facet normal 0.654681 0.755905 0
    outer loop
      vertex 89.1017 103.408 3
      vertex 89.552 103.018 0
      vertex 89.1017 103.408 0
    endloop
  endfacet
  facet normal 0.650376 0.759612 -0
    outer loop
      vertex 89.1017 103.408 0
      vertex 88.6497 103.795 3
      vertex 89.1017 103.408 3
    endloop
  endfacet
  facet normal 0.650376 0.759612 0
    outer loop
      vertex 88.6497 103.795 3
      vertex 89.1017 103.408 0
      vertex 88.6497 103.795 0
    endloop
  endfacet
  facet normal 0.647911 0.761716 -0
    outer loop
      vertex 88.6497 103.795 0
      vertex 88.1959 104.181 3
      vertex 88.6497 103.795 3
    endloop
  endfacet
  facet normal 0.647911 0.761716 0
    outer loop
      vertex 88.1959 104.181 3
      vertex 88.6497 103.795 0
      vertex 88.1959 104.181 0
    endloop
  endfacet
  facet normal 0.644632 0.764493 -0
    outer loop
      vertex 88.1959 104.181 0
      vertex 87.7405 104.565 3
      vertex 88.1959 104.181 3
    endloop
  endfacet
  facet normal 0.644632 0.764493 0
    outer loop
      vertex 87.7405 104.565 3
      vertex 88.1959 104.181 0
      vertex 87.7405 104.565 0
    endloop
  endfacet
  facet normal 0.641257 0.767326 -0
    outer loop
      vertex 87.7405 104.565 0
      vertex 87.2834 104.947 3
      vertex 87.7405 104.565 3
    endloop
  endfacet
  facet normal 0.641257 0.767326 0
    outer loop
      vertex 87.2834 104.947 3
      vertex 87.7405 104.565 0
      vertex 87.2834 104.947 0
    endloop
  endfacet
  facet normal 0.637952 0.770076 -0
    outer loop
      vertex 87.2834 104.947 0
      vertex 86.8247 105.327 3
      vertex 87.2834 104.947 3
    endloop
  endfacet
  facet normal 0.637952 0.770076 0
    outer loop
      vertex 86.8247 105.327 3
      vertex 87.2834 104.947 0
      vertex 86.8247 105.327 0
    endloop
  endfacet
  facet normal 0.634553 0.772879 -0
    outer loop
      vertex 86.8247 105.327 0
      vertex 86.3643 105.705 3
      vertex 86.8247 105.327 3
    endloop
  endfacet
  facet normal 0.634553 0.772879 0
    outer loop
      vertex 86.3643 105.705 3
      vertex 86.8247 105.327 0
      vertex 86.3643 105.705 0
    endloop
  endfacet
  facet normal 0.630131 0.776489 -0
    outer loop
      vertex 86.3643 105.705 0
      vertex 85.9022 106.08 3
      vertex 86.3643 105.705 3
    endloop
  endfacet
  facet normal 0.630131 0.776489 0
    outer loop
      vertex 85.9022 106.08 3
      vertex 86.3643 105.705 0
      vertex 85.9022 106.08 0
    endloop
  endfacet
  facet normal 0.627884 0.778307 -0
    outer loop
      vertex 85.9022 106.08 0
      vertex 85.4386 106.454 3
      vertex 85.9022 106.08 3
    endloop
  endfacet
  facet normal 0.627884 0.778307 0
    outer loop
      vertex 85.4386 106.454 3
      vertex 85.9022 106.08 0
      vertex 85.4386 106.454 0
    endloop
  endfacet
  facet normal 0.624367 0.781131 -0
    outer loop
      vertex 85.4386 106.454 0
      vertex 84.9732 106.826 3
      vertex 85.4386 106.454 3
    endloop
  endfacet
  facet normal 0.624367 0.781131 0
    outer loop
      vertex 84.9732 106.826 3
      vertex 85.4386 106.454 0
      vertex 84.9732 106.826 0
    endloop
  endfacet
  facet normal 0.621086 0.783743 -0
    outer loop
      vertex 84.9732 106.826 0
      vertex 84.5063 107.196 3
      vertex 84.9732 106.826 3
    endloop
  endfacet
  facet normal 0.621086 0.783743 0
    outer loop
      vertex 84.5063 107.196 3
      vertex 84.9732 106.826 0
      vertex 84.5063 107.196 0
    endloop
  endfacet
  facet normal 0.616671 0.787221 -0
    outer loop
      vertex 84.5063 107.196 0
      vertex 84.0378 107.563 3
      vertex 84.5063 107.196 3
    endloop
  endfacet
  facet normal 0.616671 0.787221 0
    outer loop
      vertex 84.0378 107.563 3
      vertex 84.5063 107.196 0
      vertex 84.0378 107.563 0
    endloop
  endfacet
  facet normal 0.614324 0.789054 -0
    outer loop
      vertex 84.0378 107.563 0
      vertex 83.5677 107.929 3
      vertex 84.0378 107.563 3
    endloop
  endfacet
  facet normal 0.614324 0.789054 0
    outer loop
      vertex 83.5677 107.929 3
      vertex 84.0378 107.563 0
      vertex 83.5677 107.929 0
    endloop
  endfacet
  facet normal 0.610846 0.79175 -0
    outer loop
      vertex 83.5677 107.929 0
      vertex 83.0959 108.293 3
      vertex 83.5677 107.929 3
    endloop
  endfacet
  facet normal 0.610846 0.79175 0
    outer loop
      vertex 83.0959 108.293 3
      vertex 83.5677 107.929 0
      vertex 83.0959 108.293 0
    endloop
  endfacet
  facet normal 0.606458 0.795115 -0
    outer loop
      vertex 83.0959 108.293 0
      vertex 82.6226 108.654 3
      vertex 83.0959 108.293 3
    endloop
  endfacet
  facet normal 0.606458 0.795115 0
    outer loop
      vertex 82.6226 108.654 3
      vertex 83.0959 108.293 0
      vertex 82.6226 108.654 0
    endloop
  endfacet
  facet normal 0.6041 0.796909 -0
    outer loop
      vertex 82.6226 108.654 0
      vertex 82.1477 109.014 3
      vertex 82.6226 108.654 3
    endloop
  endfacet
  facet normal 0.6041 0.796909 0
    outer loop
      vertex 82.1477 109.014 3
      vertex 82.6226 108.654 0
      vertex 82.1477 109.014 0
    endloop
  endfacet
  facet normal 0.599677 0.800242 -0
    outer loop
      vertex 82.1477 109.014 0
      vertex 81.6713 109.371 3
      vertex 82.1477 109.014 3
    endloop
  endfacet
  facet normal 0.599677 0.800242 0
    outer loop
      vertex 81.6713 109.371 3
      vertex 82.1477 109.014 0
      vertex 81.6713 109.371 0
    endloop
  endfacet
  facet normal 0.596231 0.802813 -0
    outer loop
      vertex 81.6713 109.371 0
      vertex 81.1933 109.726 3
      vertex 81.6713 109.371 3
    endloop
  endfacet
  facet normal 0.596231 0.802813 0
    outer loop
      vertex 81.1933 109.726 3
      vertex 81.6713 109.371 0
      vertex 81.1933 109.726 0
    endloop
  endfacet
  facet normal 0.593943 0.804507 -0
    outer loop
      vertex 81.1933 109.726 0
      vertex 80.7138 110.08 3
      vertex 81.1933 109.726 3
    endloop
  endfacet
  facet normal 0.593943 0.804507 0
    outer loop
      vertex 80.7138 110.08 3
      vertex 81.1933 109.726 0
      vertex 80.7138 110.08 0
    endloop
  endfacet
  facet normal 0.589389 0.807849 -0
    outer loop
      vertex 80.7138 110.08 0
      vertex 80.2327 110.431 3
      vertex 80.7138 110.08 3
    endloop
  endfacet
  facet normal 0.589389 0.807849 0
    outer loop
      vertex 80.2327 110.431 3
      vertex 80.7138 110.08 0
      vertex 80.2327 110.431 0
    endloop
  endfacet
  facet normal 0.585993 0.810316 -0
    outer loop
      vertex 80.2327 110.431 0
      vertex 79.7501 110.78 3
      vertex 80.2327 110.431 3
    endloop
  endfacet
  facet normal 0.585993 0.810316 0
    outer loop
      vertex 79.7501 110.78 3
      vertex 80.2327 110.431 0
      vertex 79.7501 110.78 0
    endloop
  endfacet
  facet normal 0.582508 0.812825 -0
    outer loop
      vertex 79.7501 110.78 0
      vertex 79.2659 111.127 3
      vertex 79.7501 110.78 3
    endloop
  endfacet
  facet normal 0.582508 0.812825 0
    outer loop
      vertex 79.2659 111.127 3
      vertex 79.7501 110.78 0
      vertex 79.2659 111.127 0
    endloop
  endfacet
  facet normal 0.579172 0.815205 -0
    outer loop
      vertex 79.2659 111.127 0
      vertex 78.7803 111.472 3
      vertex 79.2659 111.127 3
    endloop
  endfacet
  facet normal 0.579172 0.815205 0
    outer loop
      vertex 78.7803 111.472 3
      vertex 79.2659 111.127 0
      vertex 78.7803 111.472 0
    endloop
  endfacet
  facet normal 0.574623 0.818418 -0
    outer loop
      vertex 78.7803 111.472 0
      vertex 78.2932 111.814 3
      vertex 78.7803 111.472 3
    endloop
  endfacet
  facet normal 0.574623 0.818418 0
    outer loop
      vertex 78.2932 111.814 3
      vertex 78.7803 111.472 0
      vertex 78.2932 111.814 0
    endloop
  endfacet
  facet normal 0.572313 0.820035 -0
    outer loop
      vertex 78.2932 111.814 0
      vertex 77.8046 112.155 3
      vertex 78.2932 111.814 3
    endloop
  endfacet
  facet normal 0.572313 0.820035 0
    outer loop
      vertex 77.8046 112.155 3
      vertex 78.2932 111.814 0
      vertex 77.8046 112.155 0
    endloop
  endfacet
  facet normal 0.567654 0.823267 -0
    outer loop
      vertex 77.8046 112.155 0
      vertex 77.3144 112.493 3
      vertex 77.8046 112.155 3
    endloop
  endfacet
  facet normal 0.567654 0.823267 0
    outer loop
      vertex 77.3144 112.493 3
      vertex 77.8046 112.155 0
      vertex 77.3144 112.493 0
    endloop
  endfacet
  facet normal 0.564353 0.825534 -0
    outer loop
      vertex 77.3144 112.493 0
      vertex 76.8229 112.829 3
      vertex 77.3144 112.493 3
    endloop
  endfacet
  facet normal 0.564353 0.825534 0
    outer loop
      vertex 76.8229 112.829 3
      vertex 77.3144 112.493 0
      vertex 76.8229 112.829 0
    endloop
  endfacet
  facet normal 0.561957 0.827167 -0
    outer loop
      vertex 76.8229 112.829 0
      vertex 76.3298 113.164 3
      vertex 76.8229 112.829 3
    endloop
  endfacet
  facet normal 0.561957 0.827167 0
    outer loop
      vertex 76.3298 113.164 3
      vertex 76.8229 112.829 0
      vertex 76.3298 113.164 0
    endloop
  endfacet
  facet normal 0.557409 0.830238 -0
    outer loop
      vertex 76.3298 113.164 0
      vertex 75.8353 113.496 3
      vertex 76.3298 113.164 3
    endloop
  endfacet
  facet normal 0.557409 0.830238 0
    outer loop
      vertex 75.8353 113.496 3
      vertex 76.3298 113.164 0
      vertex 75.8353 113.496 0
    endloop
  endfacet
  facet normal 0.552837 0.833289 -0
    outer loop
      vertex 75.8353 113.496 0
      vertex 75.3394 113.825 3
      vertex 75.8353 113.496 3
    endloop
  endfacet
  facet normal 0.552837 0.833289 0
    outer loop
      vertex 75.3394 113.825 3
      vertex 75.8353 113.496 0
      vertex 75.3394 113.825 0
    endloop
  endfacet
  facet normal 0.55051 0.834828 -0
    outer loop
      vertex 75.3394 113.825 0
      vertex 74.842 114.153 3
      vertex 75.3394 113.825 3
    endloop
  endfacet
  facet normal 0.55051 0.834828 0
    outer loop
      vertex 74.842 114.153 3
      vertex 75.3394 113.825 0
      vertex 74.842 114.153 0
    endloop
  endfacet
  facet normal 0.547087 0.837076 -0
    outer loop
      vertex 74.842 114.153 0
      vertex 74.3432 114.479 3
      vertex 74.842 114.153 3
    endloop
  endfacet
  facet normal 0.547087 0.837076 0
    outer loop
      vertex 74.3432 114.479 3
      vertex 74.842 114.153 0
      vertex 74.3432 114.479 0
    endloop
  endfacet
  facet normal 0.542471 0.840074 -0
    outer loop
      vertex 74.3432 114.479 0
      vertex 73.843 114.802 3
      vertex 74.3432 114.479 3
    endloop
  endfacet
  facet normal 0.542471 0.840074 0
    outer loop
      vertex 73.843 114.802 3
      vertex 74.3432 114.479 0
      vertex 73.843 114.802 0
    endloop
  endfacet
  facet normal 0.539025 0.84229 -0
    outer loop
      vertex 73.843 114.802 0
      vertex 73.3414 115.123 3
      vertex 73.843 114.802 3
    endloop
  endfacet
  facet normal 0.539025 0.84229 0
    outer loop
      vertex 73.3414 115.123 3
      vertex 73.843 114.802 0
      vertex 73.3414 115.123 0
    endloop
  endfacet
  facet normal 0.535571 0.84449 -0
    outer loop
      vertex 73.3414 115.123 0
      vertex 72.8384 115.442 3
      vertex 73.3414 115.123 3
    endloop
  endfacet
  facet normal 0.535571 0.84449 0
    outer loop
      vertex 72.8384 115.442 3
      vertex 73.3414 115.123 0
      vertex 72.8384 115.442 0
    endloop
  endfacet
  facet normal 0.53211 0.846675 -0
    outer loop
      vertex 72.8384 115.442 0
      vertex 72.334 115.759 3
      vertex 72.8384 115.442 3
    endloop
  endfacet
  facet normal 0.53211 0.846675 0
    outer loop
      vertex 72.334 115.759 3
      vertex 72.8384 115.442 0
      vertex 72.334 115.759 0
    endloop
  endfacet
  facet normal 0.52743 0.849599 -0
    outer loop
      vertex 72.334 115.759 0
      vertex 71.8282 116.073 3
      vertex 72.334 115.759 3
    endloop
  endfacet
  facet normal 0.52743 0.849599 0
    outer loop
      vertex 71.8282 116.073 3
      vertex 72.334 115.759 0
      vertex 71.8282 116.073 0
    endloop
  endfacet
  facet normal 0.523948 0.851751 -0
    outer loop
      vertex 71.8282 116.073 0
      vertex 71.321 116.385 3
      vertex 71.8282 116.073 3
    endloop
  endfacet
  facet normal 0.523948 0.851751 0
    outer loop
      vertex 71.321 116.385 3
      vertex 71.8282 116.073 0
      vertex 71.321 116.385 0
    endloop
  endfacet
  facet normal 0.520533 0.853842 -0
    outer loop
      vertex 71.321 116.385 0
      vertex 70.8125 116.695 3
      vertex 71.321 116.385 3
    endloop
  endfacet
  facet normal 0.520533 0.853842 0
    outer loop
      vertex 70.8125 116.695 3
      vertex 71.321 116.385 0
      vertex 70.8125 116.695 0
    endloop
  endfacet
  facet normal 0.517111 0.855919 -0
    outer loop
      vertex 70.8125 116.695 0
      vertex 70.3027 117.003 3
      vertex 70.8125 116.695 3
    endloop
  endfacet
  facet normal 0.517111 0.855919 0
    outer loop
      vertex 70.3027 117.003 3
      vertex 70.8125 116.695 0
      vertex 70.3027 117.003 0
    endloop
  endfacet
  facet normal 0.513607 0.858026 -0
    outer loop
      vertex 70.3027 117.003 0
      vertex 69.7915 117.309 3
      vertex 70.3027 117.003 3
    endloop
  endfacet
  facet normal 0.513607 0.858026 0
    outer loop
      vertex 69.7915 117.309 3
      vertex 70.3027 117.003 0
      vertex 69.7915 117.309 0
    endloop
  endfacet
  facet normal 0.508927 0.860809 -0
    outer loop
      vertex 69.7915 117.309 0
      vertex 69.279 117.612 3
      vertex 69.7915 117.309 3
    endloop
  endfacet
  facet normal 0.508927 0.860809 0
    outer loop
      vertex 69.279 117.612 3
      vertex 69.7915 117.309 0
      vertex 69.279 117.612 0
    endloop
  endfacet
  facet normal 0.506653 0.86215 -0
    outer loop
      vertex 69.279 117.612 0
      vertex 68.7651 117.914 3
      vertex 69.279 117.612 3
    endloop
  endfacet
  facet normal 0.506653 0.86215 0
    outer loop
      vertex 68.7651 117.914 3
      vertex 69.279 117.612 0
      vertex 68.7651 117.914 0
    endloop
  endfacet
  facet normal 0.500765 0.865583 -0
    outer loop
      vertex 68.7651 117.914 0
      vertex 68.25 118.212 3
      vertex 68.7651 117.914 3
    endloop
  endfacet
  facet normal 0.500765 0.865583 0
    outer loop
      vertex 68.25 118.212 3
      vertex 68.7651 117.914 0
      vertex 68.25 118.212 0
    endloop
  endfacet
  facet normal 0.498559 0.866856 -0
    outer loop
      vertex 68.25 118.212 0
      vertex 67.7336 118.509 3
      vertex 68.25 118.212 3
    endloop
  endfacet
  facet normal 0.498559 0.866856 0
    outer loop
      vertex 67.7336 118.509 3
      vertex 68.25 118.212 0
      vertex 67.7336 118.509 0
    endloop
  endfacet
  facet normal 0.495018 0.868883 -0
    outer loop
      vertex 67.7336 118.509 0
      vertex 67.2158 118.804 3
      vertex 67.7336 118.509 3
    endloop
  endfacet
  facet normal 0.495018 0.868883 0
    outer loop
      vertex 67.2158 118.804 3
      vertex 67.7336 118.509 0
      vertex 67.2158 118.804 0
    endloop
  endfacet
  facet normal 0.490341 0.871531 -0
    outer loop
      vertex 67.2158 118.804 0
      vertex 66.6968 119.096 3
      vertex 67.2158 118.804 3
    endloop
  endfacet
  facet normal 0.490341 0.871531 0
    outer loop
      vertex 66.6968 119.096 3
      vertex 67.2158 118.804 0
      vertex 66.6968 119.096 0
    endloop
  endfacet
  facet normal 0.486854 0.873483 -0
    outer loop
      vertex 66.6968 119.096 0
      vertex 66.1765 119.386 3
      vertex 66.6968 119.096 3
    endloop
  endfacet
  facet normal 0.486854 0.873483 0
    outer loop
      vertex 66.1765 119.386 3
      vertex 66.6968 119.096 0
      vertex 66.1765 119.386 0
    endloop
  endfacet
  facet normal 0.482144 0.876092 -0
    outer loop
      vertex 66.1765 119.386 0
      vertex 65.655 119.673 3
      vertex 66.1765 119.386 3
    endloop
  endfacet
  facet normal 0.482144 0.876092 0
    outer loop
      vertex 65.655 119.673 3
      vertex 66.1765 119.386 0
      vertex 65.655 119.673 0
    endloop
  endfacet
  facet normal 0.479933 0.877305 -0
    outer loop
      vertex 65.655 119.673 0
      vertex 65.1322 119.959 3
      vertex 65.655 119.673 3
    endloop
  endfacet
  facet normal 0.479933 0.877305 0
    outer loop
      vertex 65.1322 119.959 3
      vertex 65.655 119.673 0
      vertex 65.1322 119.959 0
    endloop
  endfacet
  facet normal 0.475131 0.879915 -0
    outer loop
      vertex 65.1322 119.959 0
      vertex 64.6081 120.242 3
      vertex 65.1322 119.959 3
    endloop
  endfacet
  facet normal 0.475131 0.879915 0
    outer loop
      vertex 64.6081 120.242 3
      vertex 65.1322 119.959 0
      vertex 64.6081 120.242 0
    endloop
  endfacet
  facet normal 0.470449 0.882427 -0
    outer loop
      vertex 64.6081 120.242 0
      vertex 64.0829 120.522 3
      vertex 64.6081 120.242 3
    endloop
  endfacet
  facet normal 0.470449 0.882427 0
    outer loop
      vertex 64.0829 120.522 3
      vertex 64.6081 120.242 0
      vertex 64.0829 120.522 0
    endloop
  endfacet
  facet normal 0.468235 0.883604 -0
    outer loop
      vertex 64.0829 120.522 0
      vertex 63.5564 120.801 3
      vertex 64.0829 120.522 3
    endloop
  endfacet
  facet normal 0.468235 0.883604 0
    outer loop
      vertex 63.5564 120.801 3
      vertex 64.0829 120.522 0
      vertex 63.5564 120.801 0
    endloop
  endfacet
  facet normal 0.463461 0.886117 -0
    outer loop
      vertex 63.5564 120.801 0
      vertex 63.0287 121.077 3
      vertex 63.5564 120.801 3
    endloop
  endfacet
  facet normal 0.463461 0.886117 0
    outer loop
      vertex 63.0287 121.077 3
      vertex 63.5564 120.801 0
      vertex 63.0287 121.077 0
    endloop
  endfacet
  facet normal 0.459994 0.887922 -0
    outer loop
      vertex 63.0287 121.077 0
      vertex 62.4998 121.351 3
      vertex 63.0287 121.077 3
    endloop
  endfacet
  facet normal 0.459994 0.887922 0
    outer loop
      vertex 62.4998 121.351 3
      vertex 63.0287 121.077 0
      vertex 62.4998 121.351 0
    endloop
  endfacet
  facet normal 0.455191 0.890394 -0
    outer loop
      vertex 62.4998 121.351 0
      vertex 61.9697 121.622 3
      vertex 62.4998 121.351 3
    endloop
  endfacet
  facet normal 0.455191 0.890394 0
    outer loop
      vertex 61.9697 121.622 3
      vertex 62.4998 121.351 0
      vertex 61.9697 121.622 0
    endloop
  endfacet
  facet normal 0.453043 0.891489 -0
    outer loop
      vertex 61.9697 121.622 0
      vertex 61.4384 121.892 3
      vertex 61.9697 121.622 3
    endloop
  endfacet
  facet normal 0.453043 0.891489 0
    outer loop
      vertex 61.4384 121.892 3
      vertex 61.9697 121.622 0
      vertex 61.4384 121.892 0
    endloop
  endfacet
  facet normal 0.448288 0.893889 -0
    outer loop
      vertex 61.4384 121.892 0
      vertex 60.906 122.159 3
      vertex 61.4384 121.892 3
    endloop
  endfacet
  facet normal 0.448288 0.893889 0
    outer loop
      vertex 60.906 122.159 3
      vertex 61.4384 121.892 0
      vertex 60.906 122.159 0
    endloop
  endfacet
  facet normal 0.443447 0.896301 -0
    outer loop
      vertex 60.906 122.159 0
      vertex 60.3724 122.423 3
      vertex 60.906 122.159 3
    endloop
  endfacet
  facet normal 0.443447 0.896301 0
    outer loop
      vertex 60.3724 122.423 3
      vertex 60.906 122.159 0
      vertex 60.3724 122.423 0
    endloop
  endfacet
  facet normal 0.439945 0.898025 -0
    outer loop
      vertex 60.3724 122.423 0
      vertex 59.8376 122.685 3
      vertex 60.3724 122.423 3
    endloop
  endfacet
  facet normal 0.439945 0.898025 0
    outer loop
      vertex 59.8376 122.685 3
      vertex 60.3724 122.423 0
      vertex 59.8376 122.685 0
    endloop
  endfacet
  facet normal 0.43657 0.89967 -0
    outer loop
      vertex 59.8376 122.685 0
      vertex 59.3018 122.945 3
      vertex 59.8376 122.685 3
    endloop
  endfacet
  facet normal 0.43657 0.89967 0
    outer loop
      vertex 59.3018 122.945 3
      vertex 59.8376 122.685 0
      vertex 59.3018 122.945 0
    endloop
  endfacet
  facet normal 0.433058 0.901366 -0
    outer loop
      vertex 59.3018 122.945 0
      vertex 58.7648 123.203 3
      vertex 59.3018 122.945 3
    endloop
  endfacet
  facet normal 0.433058 0.901366 0
    outer loop
      vertex 58.7648 123.203 3
      vertex 59.3018 122.945 0
      vertex 58.7648 123.203 0
    endloop
  endfacet
  facet normal 0.428173 0.903697 -0
    outer loop
      vertex 58.7648 123.203 0
      vertex 58.2266 123.458 3
      vertex 58.7648 123.203 3
    endloop
  endfacet
  facet normal 0.428173 0.903697 0
    outer loop
      vertex 58.2266 123.458 3
      vertex 58.7648 123.203 0
      vertex 58.2266 123.458 0
    endloop
  endfacet
  facet normal 0.424778 0.905298 -0
    outer loop
      vertex 58.2266 123.458 0
      vertex 57.6874 123.711 3
      vertex 58.2266 123.458 3
    endloop
  endfacet
  facet normal 0.424778 0.905298 0
    outer loop
      vertex 57.6874 123.711 3
      vertex 58.2266 123.458 0
      vertex 57.6874 123.711 0
    endloop
  endfacet
  facet normal 0.421249 0.906945 -0
    outer loop
      vertex 57.6874 123.711 0
      vertex 57.147 123.962 3
      vertex 57.6874 123.711 3
    endloop
  endfacet
  facet normal 0.421249 0.906945 0
    outer loop
      vertex 57.147 123.962 3
      vertex 57.6874 123.711 0
      vertex 57.147 123.962 0
    endloop
  endfacet
  facet normal 0.416458 0.909155 -0
    outer loop
      vertex 57.147 123.962 0
      vertex 56.6056 124.21 3
      vertex 57.147 123.962 3
    endloop
  endfacet
  facet normal 0.416458 0.909155 0
    outer loop
      vertex 56.6056 124.21 3
      vertex 57.147 123.962 0
      vertex 56.6056 124.21 0
    endloop
  endfacet
  facet normal 0.412981 0.91074 -0
    outer loop
      vertex 56.6056 124.21 0
      vertex 56.0631 124.456 3
      vertex 56.6056 124.21 3
    endloop
  endfacet
  facet normal 0.412981 0.91074 0
    outer loop
      vertex 56.0631 124.456 3
      vertex 56.6056 124.21 0
      vertex 56.0631 124.456 0
    endloop
  endfacet
  facet normal 0.408101 0.912937 -0
    outer loop
      vertex 56.0631 124.456 0
      vertex 55.5195 124.699 3
      vertex 56.0631 124.456 3
    endloop
  endfacet
  facet normal 0.408101 0.912937 0
    outer loop
      vertex 55.5195 124.699 3
      vertex 56.0631 124.456 0
      vertex 55.5195 124.699 0
    endloop
  endfacet
  facet normal 0.404673 0.914461 -0
    outer loop
      vertex 55.5195 124.699 0
      vertex 54.9749 124.94 3
      vertex 55.5195 124.699 3
    endloop
  endfacet
  facet normal 0.404673 0.914461 0
    outer loop
      vertex 54.9749 124.94 3
      vertex 55.5195 124.699 0
      vertex 54.9749 124.94 0
    endloop
  endfacet
  facet normal 0.40118 0.915999 -0
    outer loop
      vertex 54.9749 124.94 0
      vertex 54.4292 125.179 3
      vertex 54.9749 124.94 3
    endloop
  endfacet
  facet normal 0.40118 0.915999 0
    outer loop
      vertex 54.4292 125.179 3
      vertex 54.9749 124.94 0
      vertex 54.4292 125.179 0
    endloop
  endfacet
  facet normal 0.39633 0.918108 -0
    outer loop
      vertex 54.4292 125.179 0
      vertex 53.8825 125.415 3
      vertex 54.4292 125.179 3
    endloop
  endfacet
  facet normal 0.39633 0.918108 0
    outer loop
      vertex 53.8825 125.415 3
      vertex 54.4292 125.179 0
      vertex 53.8825 125.415 0
    endloop
  endfacet
  facet normal 0.392886 0.919587 -0
    outer loop
      vertex 53.8825 125.415 0
      vertex 53.3348 125.649 3
      vertex 53.8825 125.415 3
    endloop
  endfacet
  facet normal 0.392886 0.919587 0
    outer loop
      vertex 53.3348 125.649 3
      vertex 53.8825 125.415 0
      vertex 53.3348 125.649 0
    endloop
  endfacet
  facet normal 0.387952 0.92168 -0
    outer loop
      vertex 53.3348 125.649 0
      vertex 52.786 125.88 3
      vertex 53.3348 125.649 3
    endloop
  endfacet
  facet normal 0.387952 0.92168 0
    outer loop
      vertex 52.786 125.88 3
      vertex 53.3348 125.649 0
      vertex 52.786 125.88 0
    endloop
  endfacet
  facet normal 0.385985 0.922505 -0
    outer loop
      vertex 52.786 125.88 0
      vertex 52.2363 126.11 3
      vertex 52.786 125.88 3
    endloop
  endfacet
  facet normal 0.385985 0.922505 0
    outer loop
      vertex 52.2363 126.11 3
      vertex 52.786 125.88 0
      vertex 52.2363 126.11 0
    endloop
  endfacet
  facet normal 0.379601 0.92515 -0
    outer loop
      vertex 52.2363 126.11 0
      vertex 51.6855 126.336 3
      vertex 52.2363 126.11 3
    endloop
  endfacet
  facet normal 0.379601 0.92515 0
    outer loop
      vertex 51.6855 126.336 3
      vertex 52.2363 126.11 0
      vertex 51.6855 126.336 0
    endloop
  endfacet
  facet normal 0.377633 0.925955 -0
    outer loop
      vertex 51.6855 126.336 0
      vertex 51.1338 126.561 3
      vertex 51.6855 126.336 3
    endloop
  endfacet
  facet normal 0.377633 0.925955 0
    outer loop
      vertex 51.1338 126.561 3
      vertex 51.6855 126.336 0
      vertex 51.1338 126.561 0
    endloop
  endfacet
  facet normal 0.372722 0.927943 -0
    outer loop
      vertex 51.1338 126.561 0
      vertex 50.5811 126.783 3
      vertex 51.1338 126.561 3
    endloop
  endfacet
  facet normal 0.372722 0.927943 0
    outer loop
      vertex 50.5811 126.783 3
      vertex 51.1338 126.561 0
      vertex 50.5811 126.783 0
    endloop
  endfacet
  facet normal 0.367797 0.929906 -0
    outer loop
      vertex 50.5811 126.783 0
      vertex 50.0274 127.002 3
      vertex 50.5811 126.783 3
    endloop
  endfacet
  facet normal 0.367797 0.929906 0
    outer loop
      vertex 50.0274 127.002 3
      vertex 50.5811 126.783 0
      vertex 50.0274 127.002 0
    endloop
  endfacet
  facet normal 0.364374 0.931253 -0
    outer loop
      vertex 50.0274 127.002 0
      vertex 49.4728 127.219 3
      vertex 50.0274 127.002 3
    endloop
  endfacet
  facet normal 0.364374 0.931253 0
    outer loop
      vertex 49.4728 127.219 3
      vertex 50.0274 127.002 0
      vertex 49.4728 127.219 0
    endloop
  endfacet
  facet normal 0.360891 0.932608 -0
    outer loop
      vertex 49.4728 127.219 0
      vertex 48.9172 127.434 3
      vertex 49.4728 127.219 3
    endloop
  endfacet
  facet normal 0.360891 0.932608 0
    outer loop
      vertex 48.9172 127.434 3
      vertex 49.4728 127.219 0
      vertex 48.9172 127.434 0
    endloop
  endfacet
  facet normal 0.355995 0.934488 -0
    outer loop
      vertex 48.9172 127.434 0
      vertex 48.3607 127.646 3
      vertex 48.9172 127.434 3
    endloop
  endfacet
  facet normal 0.355995 0.934488 0
    outer loop
      vertex 48.3607 127.646 3
      vertex 48.9172 127.434 0
      vertex 48.3607 127.646 0
    endloop
  endfacet
  facet normal 0.352558 0.93579 -0
    outer loop
      vertex 48.3607 127.646 0
      vertex 47.8033 127.856 3
      vertex 48.3607 127.646 3
    endloop
  endfacet
  facet normal 0.352558 0.93579 0
    outer loop
      vertex 47.8033 127.856 3
      vertex 48.3607 127.646 0
      vertex 47.8033 127.856 0
    endloop
  endfacet
  facet normal 0.347643 0.937627 -0
    outer loop
      vertex 47.8033 127.856 0
      vertex 47.245 128.063 3
      vertex 47.8033 127.856 3
    endloop
  endfacet
  facet normal 0.347643 0.937627 0
    outer loop
      vertex 47.245 128.063 3
      vertex 47.8033 127.856 0
      vertex 47.245 128.063 0
    endloop
  endfacet
  facet normal 0.344141 0.938918 -0
    outer loop
      vertex 47.245 128.063 0
      vertex 46.6857 128.268 3
      vertex 47.245 128.063 3
    endloop
  endfacet
  facet normal 0.344141 0.938918 0
    outer loop
      vertex 46.6857 128.268 3
      vertex 47.245 128.063 0
      vertex 46.6857 128.268 0
    endloop
  endfacet
  facet normal 0.340746 0.940156 -0
    outer loop
      vertex 46.6857 128.268 0
      vertex 46.1256 128.471 3
      vertex 46.6857 128.268 3
    endloop
  endfacet
  facet normal 0.340746 0.940156 0
    outer loop
      vertex 46.1256 128.471 3
      vertex 46.6857 128.268 0
      vertex 46.1256 128.471 0
    endloop
  endfacet
  facet normal 0.335805 0.941932 -0
    outer loop
      vertex 46.1256 128.471 0
      vertex 45.5646 128.671 3
      vertex 46.1256 128.471 3
    endloop
  endfacet
  facet normal 0.335805 0.941932 0
    outer loop
      vertex 45.5646 128.671 3
      vertex 46.1256 128.471 0
      vertex 45.5646 128.671 0
    endloop
  endfacet
  facet normal 0.330904 0.943664 -0
    outer loop
      vertex 45.5646 128.671 0
      vertex 45.0028 128.868 3
      vertex 45.5646 128.671 3
    endloop
  endfacet
  facet normal 0.330904 0.943664 0
    outer loop
      vertex 45.0028 128.868 3
      vertex 45.5646 128.671 0
      vertex 45.0028 128.868 0
    endloop
  endfacet
  facet normal 0.327387 0.94489 -0
    outer loop
      vertex 45.0028 128.868 0
      vertex 44.44 129.063 3
      vertex 45.0028 128.868 3
    endloop
  endfacet
  facet normal 0.327387 0.94489 0
    outer loop
      vertex 44.44 129.063 3
      vertex 45.0028 128.868 0
      vertex 44.44 129.063 0
    endloop
  endfacet
  facet normal 0.324024 0.946049 -0
    outer loop
      vertex 44.44 129.063 0
      vertex 43.8765 129.256 3
      vertex 44.44 129.063 3
    endloop
  endfacet
  facet normal 0.324024 0.946049 0
    outer loop
      vertex 43.8765 129.256 3
      vertex 44.44 129.063 0
      vertex 43.8765 129.256 0
    endloop
  endfacet
  facet normal 0.319047 0.947739 -0
    outer loop
      vertex 43.8765 129.256 0
      vertex 43.3121 129.446 3
      vertex 43.8765 129.256 3
    endloop
  endfacet
  facet normal 0.319047 0.947739 0
    outer loop
      vertex 43.3121 129.446 3
      vertex 43.8765 129.256 0
      vertex 43.3121 129.446 0
    endloop
  endfacet
  facet normal 0.315623 0.948885 -0
    outer loop
      vertex 43.3121 129.446 0
      vertex 42.7469 129.634 3
      vertex 43.3121 129.446 3
    endloop
  endfacet
  facet normal 0.315623 0.948885 0
    outer loop
      vertex 42.7469 129.634 3
      vertex 43.3121 129.446 0
      vertex 42.7469 129.634 0
    endloop
  endfacet
  facet normal 0.310631 0.950531 -0
    outer loop
      vertex 42.7469 129.634 0
      vertex 42.1808 129.819 3
      vertex 42.7469 129.634 3
    endloop
  endfacet
  facet normal 0.310631 0.950531 0
    outer loop
      vertex 42.1808 129.819 3
      vertex 42.7469 129.634 0
      vertex 42.1808 129.819 0
    endloop
  endfacet
  facet normal 0.307248 0.951629 -0
    outer loop
      vertex 42.1808 129.819 0
      vertex 41.614 130.002 3
      vertex 42.1808 129.819 3
    endloop
  endfacet
  facet normal 0.307248 0.951629 0
    outer loop
      vertex 41.614 130.002 3
      vertex 42.1808 129.819 0
      vertex 41.614 130.002 0
    endloop
  endfacet
  facet normal 0.30224 0.953232 -0
    outer loop
      vertex 41.614 130.002 0
      vertex 41.0463 130.182 3
      vertex 41.614 130.002 3
    endloop
  endfacet
  facet normal 0.30224 0.953232 0
    outer loop
      vertex 41.0463 130.182 3
      vertex 41.614 130.002 0
      vertex 41.0463 130.182 0
    endloop
  endfacet
  facet normal 0.298849 0.954301 -0
    outer loop
      vertex 41.0463 130.182 0
      vertex 40.4779 130.36 3
      vertex 41.0463 130.182 3
    endloop
  endfacet
  facet normal 0.298849 0.954301 0
    outer loop
      vertex 40.4779 130.36 3
      vertex 41.0463 130.182 0
      vertex 40.4779 130.36 0
    endloop
  endfacet
  facet normal 0.295407 0.955372 -0
    outer loop
      vertex 40.4779 130.36 0
      vertex 39.9087 130.536 3
      vertex 40.4779 130.36 3
    endloop
  endfacet
  facet normal 0.295407 0.955372 0
    outer loop
      vertex 39.9087 130.536 3
      vertex 40.4779 130.36 0
      vertex 39.9087 130.536 0
    endloop
  endfacet
  facet normal 0.288935 0.957349 -0
    outer loop
      vertex 39.9087 130.536 0
      vertex 39.3388 130.708 3
      vertex 39.9087 130.536 3
    endloop
  endfacet
  facet normal 0.288935 0.957349 0
    outer loop
      vertex 39.3388 130.708 3
      vertex 39.9087 130.536 0
      vertex 39.3388 130.708 0
    endloop
  endfacet
  facet normal 0.287024 0.957923 -0
    outer loop
      vertex 39.3388 130.708 0
      vertex 38.7681 130.879 3
      vertex 39.3388 130.708 3
    endloop
  endfacet
  facet normal 0.287024 0.957923 0
    outer loop
      vertex 38.7681 130.879 3
      vertex 39.3388 130.708 0
      vertex 38.7681 130.879 0
    endloop
  endfacet
  facet normal 0.282075 0.959392 -0
    outer loop
      vertex 38.7681 130.879 0
      vertex 38.1967 131.047 3
      vertex 38.7681 130.879 3
    endloop
  endfacet
  facet normal 0.282075 0.959392 0
    outer loop
      vertex 38.1967 131.047 3
      vertex 38.7681 130.879 0
      vertex 38.1967 131.047 0
    endloop
  endfacet
  facet normal 0.277071 0.960849 -0
    outer loop
      vertex 38.1967 131.047 0
      vertex 37.6245 131.212 3
      vertex 38.1967 131.047 3
    endloop
  endfacet
  facet normal 0.277071 0.960849 0
    outer loop
      vertex 37.6245 131.212 3
      vertex 38.1967 131.047 0
      vertex 37.6245 131.212 0
    endloop
  endfacet
  facet normal 0.273657 0.961827 -0
    outer loop
      vertex 37.6245 131.212 0
      vertex 37.0516 131.375 3
      vertex 37.6245 131.212 3
    endloop
  endfacet
  facet normal 0.273657 0.961827 0
    outer loop
      vertex 37.0516 131.375 3
      vertex 37.6245 131.212 0
      vertex 37.0516 131.375 0
    endloop
  endfacet
  facet normal 0.27024 0.962793 -0
    outer loop
      vertex 37.0516 131.375 0
      vertex 36.478 131.536 3
      vertex 37.0516 131.375 3
    endloop
  endfacet
  facet normal 0.27024 0.962793 0
    outer loop
      vertex 36.478 131.536 3
      vertex 37.0516 131.375 0
      vertex 36.478 131.536 0
    endloop
  endfacet
  facet normal 0.2637 0.964605 -0
    outer loop
      vertex 36.478 131.536 0
      vertex 35.9037 131.693 3
      vertex 36.478 131.536 3
    endloop
  endfacet
  facet normal 0.2637 0.964605 0
    outer loop
      vertex 35.9037 131.693 3
      vertex 36.478 131.536 0
      vertex 35.9037 131.693 0
    endloop
  endfacet
  facet normal 0.261881 0.9651 -0
    outer loop
      vertex 35.9037 131.693 0
      vertex 35.3288 131.849 3
      vertex 35.9037 131.693 3
    endloop
  endfacet
  facet normal 0.261881 0.9651 0
    outer loop
      vertex 35.3288 131.849 3
      vertex 35.9037 131.693 0
      vertex 35.3288 131.849 0
    endloop
  endfacet
  facet normal 0.256889 0.966441 -0
    outer loop
      vertex 35.3288 131.849 0
      vertex 34.7532 132.002 3
      vertex 35.3288 131.849 3
    endloop
  endfacet
  facet normal 0.256889 0.966441 0
    outer loop
      vertex 34.7532 132.002 3
      vertex 35.3288 131.849 0
      vertex 34.7532 132.002 0
    endloop
  endfacet
  facet normal 0.251889 0.967756 -0
    outer loop
      vertex 34.7532 132.002 0
      vertex 34.1769 132.152 3
      vertex 34.7532 132.002 3
    endloop
  endfacet
  facet normal 0.251889 0.967756 0
    outer loop
      vertex 34.1769 132.152 3
      vertex 34.7532 132.002 0
      vertex 34.1769 132.152 0
    endloop
  endfacet
  facet normal 0.248456 0.968643 -0
    outer loop
      vertex 34.1769 132.152 0
      vertex 33.5999 132.3 3
      vertex 34.1769 132.152 3
    endloop
  endfacet
  facet normal 0.248456 0.968643 0
    outer loop
      vertex 33.5999 132.3 3
      vertex 34.1769 132.152 0
      vertex 33.5999 132.3 0
    endloop
  endfacet
  facet normal 0.243484 0.969905 -0
    outer loop
      vertex 33.5999 132.3 0
      vertex 33.0223 132.445 3
      vertex 33.5999 132.3 3
    endloop
  endfacet
  facet normal 0.243484 0.969905 0
    outer loop
      vertex 33.0223 132.445 3
      vertex 33.5999 132.3 0
      vertex 33.0223 132.445 0
    endloop
  endfacet
  facet normal 0.240086 0.970752 -0
    outer loop
      vertex 33.0223 132.445 0
      vertex 32.4441 132.588 3
      vertex 33.0223 132.445 3
    endloop
  endfacet
  facet normal 0.240086 0.970752 0
    outer loop
      vertex 32.4441 132.588 3
      vertex 33.0223 132.445 0
      vertex 32.4441 132.588 0
    endloop
  endfacet
  facet normal 0.2351 0.971971 -0
    outer loop
      vertex 32.4441 132.588 0
      vertex 31.8653 132.728 3
      vertex 32.4441 132.588 3
    endloop
  endfacet
  facet normal 0.2351 0.971971 0
    outer loop
      vertex 31.8653 132.728 3
      vertex 32.4441 132.588 0
      vertex 31.8653 132.728 0
    endloop
  endfacet
  facet normal 0.231658 0.972797 -0
    outer loop
      vertex 31.8653 132.728 0
      vertex 31.2858 132.866 3
      vertex 31.8653 132.728 3
    endloop
  endfacet
  facet normal 0.231658 0.972797 0
    outer loop
      vertex 31.2858 132.866 3
      vertex 31.8653 132.728 0
      vertex 31.2858 132.866 0
    endloop
  endfacet
  facet normal 0.228291 0.973593 -0
    outer loop
      vertex 31.2858 132.866 0
      vertex 30.7058 133.002 3
      vertex 31.2858 132.866 3
    endloop
  endfacet
  facet normal 0.228291 0.973593 0
    outer loop
      vertex 30.7058 133.002 3
      vertex 31.2858 132.866 0
      vertex 30.7058 133.002 0
    endloop
  endfacet
  facet normal 0.221694 0.975116 -0
    outer loop
      vertex 30.7058 133.002 0
      vertex 30.1252 133.134 3
      vertex 30.7058 133.002 3
    endloop
  endfacet
  facet normal 0.221694 0.975116 0
    outer loop
      vertex 30.1252 133.134 3
      vertex 30.7058 133.002 0
      vertex 30.1252 133.134 0
    endloop
  endfacet
  facet normal 0.218281 0.975886 -0
    outer loop
      vertex 30.1252 133.134 0
      vertex 29.544 133.264 3
      vertex 30.1252 133.134 3
    endloop
  endfacet
  facet normal 0.218281 0.975886 0
    outer loop
      vertex 29.544 133.264 3
      vertex 30.1252 133.134 0
      vertex 29.544 133.264 0
    endloop
  endfacet
  facet normal 0.214868 0.976643 -0
    outer loop
      vertex 29.544 133.264 0
      vertex 28.9622 133.392 3
      vertex 29.544 133.264 3
    endloop
  endfacet
  facet normal 0.214868 0.976643 0
    outer loop
      vertex 28.9622 133.392 3
      vertex 29.544 133.264 0
      vertex 28.9622 133.392 0
    endloop
  endfacet
  facet normal 0.209885 0.977726 -0
    outer loop
      vertex 28.9622 133.392 0
      vertex 28.3799 133.517 3
      vertex 28.9622 133.392 3
    endloop
  endfacet
  facet normal 0.209885 0.977726 0
    outer loop
      vertex 28.3799 133.517 3
      vertex 28.9622 133.392 0
      vertex 28.3799 133.517 0
    endloop
  endfacet
  facet normal 0.206501 0.978446 -0
    outer loop
      vertex 28.3799 133.517 0
      vertex 27.7971 133.64 3
      vertex 28.3799 133.517 3
    endloop
  endfacet
  facet normal 0.206501 0.978446 0
    outer loop
      vertex 27.7971 133.64 3
      vertex 28.3799 133.517 0
      vertex 27.7971 133.64 0
    endloop
  endfacet
  facet normal 0.201473 0.979494 -0
    outer loop
      vertex 27.7971 133.64 0
      vertex 27.2137 133.76 3
      vertex 27.7971 133.64 3
    endloop
  endfacet
  facet normal 0.201473 0.979494 0
    outer loop
      vertex 27.2137 133.76 3
      vertex 27.7971 133.64 0
      vertex 27.2137 133.76 0
    endloop
  endfacet
  facet normal 0.196471 0.98051 -0
    outer loop
      vertex 27.2137 133.76 0
      vertex 26.6298 133.877 3
      vertex 27.2137 133.76 3
    endloop
  endfacet
  facet normal 0.196471 0.98051 0
    outer loop
      vertex 26.6298 133.877 3
      vertex 27.2137 133.76 0
      vertex 26.6298 133.877 0
    endloop
  endfacet
  facet normal 0.19308 0.981183 -0
    outer loop
      vertex 26.6298 133.877 0
      vertex 26.0454 133.992 3
      vertex 26.6298 133.877 3
    endloop
  endfacet
  facet normal 0.19308 0.981183 0
    outer loop
      vertex 26.0454 133.992 3
      vertex 26.6298 133.877 0
      vertex 26.0454 133.992 0
    endloop
  endfacet
  facet normal 0.188069 0.982156 -0
    outer loop
      vertex 26.0454 133.992 0
      vertex 25.4605 134.104 3
      vertex 26.0454 133.992 3
    endloop
  endfacet
  facet normal 0.188069 0.982156 0
    outer loop
      vertex 25.4605 134.104 3
      vertex 26.0454 133.992 0
      vertex 25.4605 134.104 0
    endloop
  endfacet
  facet normal 0.184674 0.9828 -0
    outer loop
      vertex 25.4605 134.104 0
      vertex 24.8751 134.214 3
      vertex 25.4605 134.104 3
    endloop
  endfacet
  facet normal 0.184674 0.9828 0
    outer loop
      vertex 24.8751 134.214 3
      vertex 25.4605 134.104 0
      vertex 24.8751 134.214 0
    endloop
  endfacet
  facet normal 0.181308 0.983426 -0
    outer loop
      vertex 24.8751 134.214 0
      vertex 24.2893 134.322 3
      vertex 24.8751 134.214 3
    endloop
  endfacet
  facet normal 0.181308 0.983426 0
    outer loop
      vertex 24.2893 134.322 3
      vertex 24.8751 134.214 0
      vertex 24.2893 134.322 0
    endloop
  endfacet
  facet normal 0.174657 0.984629 -0
    outer loop
      vertex 24.2893 134.322 0
      vertex 23.703 134.426 3
      vertex 24.2893 134.322 3
    endloop
  endfacet
  facet normal 0.174657 0.984629 0
    outer loop
      vertex 23.703 134.426 3
      vertex 24.2893 134.322 0
      vertex 23.703 134.426 0
    endloop
  endfacet
  facet normal 0.171256 0.985227 -0
    outer loop
      vertex 23.703 134.426 0
      vertex 23.1162 134.528 3
      vertex 23.703 134.426 3
    endloop
  endfacet
  facet normal 0.171256 0.985227 0
    outer loop
      vertex 23.1162 134.528 3
      vertex 23.703 134.426 0
      vertex 23.1162 134.528 0
    endloop
  endfacet
  facet normal 0.167883 0.985807 -0
    outer loop
      vertex 23.1162 134.528 0
      vertex 22.529 134.628 3
      vertex 23.1162 134.528 3
    endloop
  endfacet
  facet normal 0.167883 0.985807 0
    outer loop
      vertex 22.529 134.628 3
      vertex 23.1162 134.528 0
      vertex 22.529 134.628 0
    endloop
  endfacet
  facet normal 0.162847 0.986651 -0
    outer loop
      vertex 22.529 134.628 0
      vertex 21.9413 134.725 3
      vertex 22.529 134.628 3
    endloop
  endfacet
  facet normal 0.162847 0.986651 0
    outer loop
      vertex 21.9413 134.725 3
      vertex 22.529 134.628 0
      vertex 21.9413 134.725 0
    endloop
  endfacet
  facet normal 0.15786 0.987462 -0
    outer loop
      vertex 21.9413 134.725 0
      vertex 21.3533 134.819 3
      vertex 21.9413 134.725 3
    endloop
  endfacet
  facet normal 0.15786 0.987462 0
    outer loop
      vertex 21.3533 134.819 3
      vertex 21.9413 134.725 0
      vertex 21.3533 134.819 0
    endloop
  endfacet
  facet normal 0.154454 0.988 -0
    outer loop
      vertex 21.3533 134.819 0
      vertex 20.7648 134.911 3
      vertex 21.3533 134.819 3
    endloop
  endfacet
  facet normal 0.154454 0.988 0
    outer loop
      vertex 20.7648 134.911 3
      vertex 21.3533 134.819 0
      vertex 20.7648 134.911 0
    endloop
  endfacet
  facet normal 0.151098 0.988519 -0
    outer loop
      vertex 20.7648 134.911 0
      vertex 20.176 135.001 3
      vertex 20.7648 134.911 3
    endloop
  endfacet
  facet normal 0.151098 0.988519 0
    outer loop
      vertex 20.176 135.001 3
      vertex 20.7648 134.911 0
      vertex 20.176 135.001 0
    endloop
  endfacet
  facet normal 0.144406 0.989518 -0
    outer loop
      vertex 20.176 135.001 0
      vertex 19.5867 135.087 3
      vertex 20.176 135.001 3
    endloop
  endfacet
  facet normal 0.144406 0.989518 0
    outer loop
      vertex 19.5867 135.087 3
      vertex 20.176 135.001 0
      vertex 19.5867 135.087 0
    endloop
  endfacet
  facet normal 0.14269 0.989767 -0
    outer loop
      vertex 19.5867 135.087 0
      vertex 18.9971 135.172 3
      vertex 19.5867 135.087 3
    endloop
  endfacet
  facet normal 0.14269 0.989767 0
    outer loop
      vertex 18.9971 135.172 3
      vertex 19.5867 135.087 0
      vertex 18.9971 135.172 0
    endloop
  endfacet
  facet normal 0.136035 0.990704 -0
    outer loop
      vertex 18.9971 135.172 0
      vertex 18.4072 135.253 3
      vertex 18.9971 135.172 3
    endloop
  endfacet
  facet normal 0.136035 0.990704 0
    outer loop
      vertex 18.4072 135.253 3
      vertex 18.9971 135.172 0
      vertex 18.4072 135.253 0
    endloop
  endfacet
  facet normal 0.132626 0.991166 -0
    outer loop
      vertex 18.4072 135.253 0
      vertex 17.8168 135.332 3
      vertex 18.4072 135.253 3
    endloop
  endfacet
  facet normal 0.132626 0.991166 0
    outer loop
      vertex 17.8168 135.332 3
      vertex 18.4072 135.253 0
      vertex 17.8168 135.332 0
    endloop
  endfacet
  facet normal 0.129282 0.991608 -0
    outer loop
      vertex 17.8168 135.332 0
      vertex 17.2262 135.409 3
      vertex 17.8168 135.332 3
    endloop
  endfacet
  facet normal 0.129282 0.991608 0
    outer loop
      vertex 17.2262 135.409 3
      vertex 17.8168 135.332 0
      vertex 17.2262 135.409 0
    endloop
  endfacet
  facet normal 0.124241 0.992252 -0
    outer loop
      vertex 17.2262 135.409 0
      vertex 16.6352 135.483 3
      vertex 17.2262 135.409 3
    endloop
  endfacet
  facet normal 0.124241 0.992252 0
    outer loop
      vertex 16.6352 135.483 3
      vertex 17.2262 135.409 0
      vertex 16.6352 135.483 0
    endloop
  endfacet
  facet normal 0.119218 0.992868 -0
    outer loop
      vertex 16.6352 135.483 0
      vertex 16.0439 135.554 3
      vertex 16.6352 135.483 3
    endloop
  endfacet
  facet normal 0.119218 0.992868 0
    outer loop
      vertex 16.0439 135.554 3
      vertex 16.6352 135.483 0
      vertex 16.0439 135.554 0
    endloop
  endfacet
  facet normal 0.115828 0.993269 -0
    outer loop
      vertex 16.0439 135.554 0
      vertex 15.4522 135.623 3
      vertex 16.0439 135.554 3
    endloop
  endfacet
  facet normal 0.115828 0.993269 0
    outer loop
      vertex 15.4522 135.623 3
      vertex 16.0439 135.554 0
      vertex 15.4522 135.623 0
    endloop
  endfacet
  facet normal 0.110819 0.993841 -0
    outer loop
      vertex 15.4522 135.623 0
      vertex 14.8603 135.689 3
      vertex 15.4522 135.623 3
    endloop
  endfacet
  facet normal 0.110819 0.993841 0
    outer loop
      vertex 14.8603 135.689 3
      vertex 15.4522 135.623 0
      vertex 14.8603 135.689 0
    endloop
  endfacet
  facet normal 0.105786 0.994389 -0
    outer loop
      vertex 14.8603 135.689 0
      vertex 14.2681 135.752 3
      vertex 14.8603 135.689 3
    endloop
  endfacet
  facet normal 0.105786 0.994389 0
    outer loop
      vertex 14.2681 135.752 3
      vertex 14.8603 135.689 0
      vertex 14.2681 135.752 0
    endloop
  endfacet
  facet normal 0.102429 0.99474 -0
    outer loop
      vertex 14.2681 135.752 0
      vertex 13.6757 135.813 3
      vertex 14.2681 135.752 3
    endloop
  endfacet
  facet normal 0.102429 0.99474 0
    outer loop
      vertex 13.6757 135.813 3
      vertex 14.2681 135.752 0
      vertex 13.6757 135.813 0
    endloop
  endfacet
  facet normal 0.0990383 0.995084 -0
    outer loop
      vertex 13.6757 135.813 0
      vertex 13.0829 135.872 3
      vertex 13.6757 135.813 3
    endloop
  endfacet
  facet normal 0.0990383 0.995084 0
    outer loop
      vertex 13.0829 135.872 3
      vertex 13.6757 135.813 0
      vertex 13.0829 135.872 0
    endloop
  endfacet
  facet normal 0.0923678 0.995725 -0
    outer loop
      vertex 13.0829 135.872 0
      vertex 12.49 135.927 3
      vertex 13.0829 135.872 3
    endloop
  endfacet
  facet normal 0.0923678 0.995725 0
    outer loop
      vertex 12.49 135.927 3
      vertex 13.0829 135.872 0
      vertex 12.49 135.927 0
    endloop
  endfacet
  facet normal 0.0906417 0.995884 -0
    outer loop
      vertex 12.49 135.927 0
      vertex 11.8967 135.981 3
      vertex 12.49 135.927 3
    endloop
  endfacet
  facet normal 0.0906417 0.995884 0
    outer loop
      vertex 11.8967 135.981 3
      vertex 12.49 135.927 0
      vertex 11.8967 135.981 0
    endloop
  endfacet
  facet normal 0.0839627 0.996469 -0
    outer loop
      vertex 11.8967 135.981 0
      vertex 11.3033 136.031 3
      vertex 11.8967 135.981 3
    endloop
  endfacet
  facet normal 0.0839627 0.996469 0
    outer loop
      vertex 11.3033 136.031 3
      vertex 11.8967 135.981 0
      vertex 11.3033 136.031 0
    endloop
  endfacet
  facet normal 0.0805995 0.996747 -0
    outer loop
      vertex 11.3033 136.031 0
      vertex 10.7097 136.079 3
      vertex 11.3033 136.031 3
    endloop
  endfacet
  facet normal 0.0805995 0.996747 0
    outer loop
      vertex 10.7097 136.079 3
      vertex 11.3033 136.031 0
      vertex 10.7097 136.079 0
    endloop
  endfacet
  facet normal 0.0772228 0.997014 -0
    outer loop
      vertex 10.7097 136.079 0
      vertex 10.1158 136.125 3
      vertex 10.7097 136.079 3
    endloop
  endfacet
  facet normal 0.0772228 0.997014 0
    outer loop
      vertex 10.1158 136.125 3
      vertex 10.7097 136.079 0
      vertex 10.1158 136.125 0
    endloop
  endfacet
  facet normal 0.0705239 0.99751 -0
    outer loop
      vertex 10.1158 136.125 0
      vertex 9.52174 136.167 3
      vertex 10.1158 136.125 3
    endloop
  endfacet
  facet normal 0.0705239 0.99751 0
    outer loop
      vertex 9.52174 136.167 3
      vertex 10.1158 136.125 0
      vertex 9.52174 136.167 0
    endloop
  endfacet
  facet normal -0.997564 0.0697568 0
    outer loop
      vertex 3.83659 54.866 0
      vertex 9.52174 136.167 3
      vertex 9.52174 136.167 0
    endloop
  endfacet
  facet normal -0.997564 0.0697568 0
    outer loop
      vertex 9.52174 136.167 3
      vertex 3.83659 54.866 0
      vertex 3.83659 54.866 3
    endloop
  endfacet
  facet normal -0.0716705 -0.997428 0
    outer loop
      vertex 3.83659 54.866 0
      vertex 4.07596 54.8488 3
      vertex 3.83659 54.866 3
    endloop
  endfacet
  facet normal -0.0716705 -0.997428 -0
    outer loop
      vertex 4.07596 54.8488 3
      vertex 3.83659 54.866 0
      vertex 4.07596 54.8488 0
    endloop
  endfacet
  facet normal -0.0766678 -0.997057 0
    outer loop
      vertex 4.07596 54.8488 0
      vertex 4.31525 54.8304 3
      vertex 4.07596 54.8488 3
    endloop
  endfacet
  facet normal -0.0766678 -0.997057 -0
    outer loop
      vertex 4.31525 54.8304 3
      vertex 4.07596 54.8488 0
      vertex 4.31525 54.8304 0
    endloop
  endfacet
  facet normal -0.0804276 -0.99676 0
    outer loop
      vertex 4.31525 54.8304 0
      vertex 4.55444 54.8111 3
      vertex 4.31525 54.8304 3
    endloop
  endfacet
  facet normal -0.0804276 -0.99676 -0
    outer loop
      vertex 4.55444 54.8111 3
      vertex 4.31525 54.8304 0
      vertex 4.55444 54.8111 0
    endloop
  endfacet
  facet normal -0.085004 -0.996381 0
    outer loop
      vertex 4.55444 54.8111 0
      vertex 4.79356 54.7907 3
      vertex 4.55444 54.8111 3
    endloop
  endfacet
  facet normal -0.085004 -0.996381 -0
    outer loop
      vertex 4.79356 54.7907 3
      vertex 4.55444 54.8111 0
      vertex 4.79356 54.7907 0
    endloop
  endfacet
  facet normal -0.0891756 -0.996016 0
    outer loop
      vertex 4.79356 54.7907 0
      vertex 5.03258 54.7693 3
      vertex 4.79356 54.7907 3
    endloop
  endfacet
  facet normal -0.0891756 -0.996016 -0
    outer loop
      vertex 5.03258 54.7693 3
      vertex 4.79356 54.7907 0
      vertex 5.03258 54.7693 0
    endloop
  endfacet
  facet normal -0.0937551 -0.995595 0
    outer loop
      vertex 5.03258 54.7693 0
      vertex 5.27151 54.7468 3
      vertex 5.03258 54.7693 3
    endloop
  endfacet
  facet normal -0.0937551 -0.995595 -0
    outer loop
      vertex 5.27151 54.7468 3
      vertex 5.03258 54.7693 0
      vertex 5.27151 54.7468 0
    endloop
  endfacet
  facet normal -0.0979275 -0.995194 0
    outer loop
      vertex 5.27151 54.7468 0
      vertex 5.51033 54.7233 3
      vertex 5.27151 54.7468 3
    endloop
  endfacet
  facet normal -0.0979275 -0.995194 -0
    outer loop
      vertex 5.51033 54.7233 3
      vertex 5.27151 54.7468 0
      vertex 5.51033 54.7233 0
    endloop
  endfacet
  facet normal -0.102507 -0.994732 0
    outer loop
      vertex 5.51033 54.7233 0
      vertex 5.74905 54.6987 3
      vertex 5.51033 54.7233 3
    endloop
  endfacet
  facet normal -0.102507 -0.994732 -0
    outer loop
      vertex 5.74905 54.6987 3
      vertex 5.51033 54.7233 0
      vertex 5.74905 54.6987 0
    endloop
  endfacet
  facet normal -0.106671 -0.994294 0
    outer loop
      vertex 5.74905 54.6987 0
      vertex 5.98767 54.6731 3
      vertex 5.74905 54.6987 3
    endloop
  endfacet
  facet normal -0.106671 -0.994294 -0
    outer loop
      vertex 5.98767 54.6731 3
      vertex 5.74905 54.6987 0
      vertex 5.98767 54.6731 0
    endloop
  endfacet
  facet normal -0.111255 -0.993792 0
    outer loop
      vertex 5.98767 54.6731 0
      vertex 6.22617 54.6464 3
      vertex 5.98767 54.6731 3
    endloop
  endfacet
  facet normal -0.111255 -0.993792 -0
    outer loop
      vertex 6.22617 54.6464 3
      vertex 5.98767 54.6731 0
      vertex 6.22617 54.6464 0
    endloop
  endfacet
  facet normal -0.115013 -0.993364 0
    outer loop
      vertex 6.22617 54.6464 0
      vertex 6.46455 54.6188 3
      vertex 6.22617 54.6464 3
    endloop
  endfacet
  facet normal -0.115013 -0.993364 -0
    outer loop
      vertex 6.46455 54.6188 3
      vertex 6.22617 54.6464 0
      vertex 6.46455 54.6188 0
    endloop
  endfacet
  facet normal -0.120008 -0.992773 0
    outer loop
      vertex 6.46455 54.6188 0
      vertex 6.7028 54.59 3
      vertex 6.46455 54.6188 3
    endloop
  endfacet
  facet normal -0.120008 -0.992773 -0
    outer loop
      vertex 6.7028 54.59 3
      vertex 6.46455 54.6188 0
      vertex 6.7028 54.59 0
    endloop
  endfacet
  facet normal -0.123763 -0.992312 0
    outer loop
      vertex 6.7028 54.59 0
      vertex 6.94093 54.5603 3
      vertex 6.7028 54.59 3
    endloop
  endfacet
  facet normal -0.123763 -0.992312 -0
    outer loop
      vertex 6.94093 54.5603 3
      vertex 6.7028 54.59 0
      vertex 6.94093 54.5603 0
    endloop
  endfacet
  facet normal -0.128336 -0.991731 0
    outer loop
      vertex 6.94093 54.5603 0
      vertex 7.17894 54.5295 3
      vertex 6.94093 54.5603 3
    endloop
  endfacet
  facet normal -0.128336 -0.991731 -0
    outer loop
      vertex 7.17894 54.5295 3
      vertex 6.94093 54.5603 0
      vertex 7.17894 54.5295 0
    endloop
  endfacet
  facet normal -0.132928 -0.991126 0
    outer loop
      vertex 7.17894 54.5295 0
      vertex 7.41679 54.4976 3
      vertex 7.17894 54.5295 3
    endloop
  endfacet
  facet normal -0.132928 -0.991126 -0
    outer loop
      vertex 7.41679 54.4976 3
      vertex 7.17894 54.5295 0
      vertex 7.41679 54.4976 0
    endloop
  endfacet
  facet normal -0.137091 -0.990558 0
    outer loop
      vertex 7.41679 54.4976 0
      vertex 7.65451 54.4647 3
      vertex 7.41679 54.4976 3
    endloop
  endfacet
  facet normal -0.137091 -0.990558 -0
    outer loop
      vertex 7.65451 54.4647 3
      vertex 7.41679 54.4976 0
      vertex 7.65451 54.4647 0
    endloop
  endfacet
  facet normal -0.141258 -0.989973 0
    outer loop
      vertex 7.65451 54.4647 0
      vertex 7.89209 54.4308 3
      vertex 7.65451 54.4647 3
    endloop
  endfacet
  facet normal -0.141258 -0.989973 -0
    outer loop
      vertex 7.89209 54.4308 3
      vertex 7.65451 54.4647 0
      vertex 7.89209 54.4308 0
    endloop
  endfacet
  facet normal -0.145428 -0.989369 0
    outer loop
      vertex 7.89209 54.4308 0
      vertex 8.12952 54.3959 3
      vertex 7.89209 54.4308 3
    endloop
  endfacet
  facet normal -0.145428 -0.989369 -0
    outer loop
      vertex 8.12952 54.3959 3
      vertex 7.89209 54.4308 0
      vertex 8.12952 54.3959 0
    endloop
  endfacet
  facet normal -0.150015 -0.988684 0
    outer loop
      vertex 8.12952 54.3959 0
      vertex 8.36678 54.3599 3
      vertex 8.12952 54.3959 3
    endloop
  endfacet
  facet normal -0.150015 -0.988684 -0
    outer loop
      vertex 8.36678 54.3599 3
      vertex 8.12952 54.3959 0
      vertex 8.36678 54.3599 0
    endloop
  endfacet
  facet normal -0.154593 -0.987978 0
    outer loop
      vertex 8.36678 54.3599 0
      vertex 8.60388 54.3228 3
      vertex 8.36678 54.3599 3
    endloop
  endfacet
  facet normal -0.154593 -0.987978 -0
    outer loop
      vertex 8.60388 54.3228 3
      vertex 8.36678 54.3599 0
      vertex 8.60388 54.3228 0
    endloop
  endfacet
  facet normal -0.158342 -0.987384 0
    outer loop
      vertex 8.60388 54.3228 0
      vertex 8.84084 54.2848 3
      vertex 8.60388 54.3228 3
    endloop
  endfacet
  facet normal -0.158342 -0.987384 -0
    outer loop
      vertex 8.84084 54.2848 3
      vertex 8.60388 54.3228 0
      vertex 8.84084 54.2848 0
    endloop
  endfacet
  facet normal -0.162932 -0.986637 0
    outer loop
      vertex 8.84084 54.2848 0
      vertex 9.07761 54.2457 3
      vertex 8.84084 54.2848 3
    endloop
  endfacet
  facet normal -0.162932 -0.986637 -0
    outer loop
      vertex 9.07761 54.2457 3
      vertex 8.84084 54.2848 0
      vertex 9.07761 54.2457 0
    endloop
  endfacet
  facet normal -0.167101 -0.98594 0
    outer loop
      vertex 9.07761 54.2457 0
      vertex 9.31421 54.2056 3
      vertex 9.07761 54.2457 3
    endloop
  endfacet
  facet normal -0.167101 -0.98594 -0
    outer loop
      vertex 9.31421 54.2056 3
      vertex 9.07761 54.2457 0
      vertex 9.31421 54.2056 0
    endloop
  endfacet
  facet normal -0.171672 -0.985154 0
    outer loop
      vertex 9.31421 54.2056 0
      vertex 9.55064 54.1644 3
      vertex 9.31421 54.2056 3
    endloop
  endfacet
  facet normal -0.171672 -0.985154 -0
    outer loop
      vertex 9.55064 54.1644 3
      vertex 9.31421 54.2056 0
      vertex 9.55064 54.1644 0
    endloop
  endfacet
  facet normal -0.175848 -0.984417 0
    outer loop
      vertex 9.55064 54.1644 0
      vertex 9.78688 54.1222 3
      vertex 9.55064 54.1644 3
    endloop
  endfacet
  facet normal -0.175848 -0.984417 -0
    outer loop
      vertex 9.78688 54.1222 3
      vertex 9.55064 54.1644 0
      vertex 9.78688 54.1222 0
    endloop
  endfacet
  facet normal -0.180044 -0.983659 0
    outer loop
      vertex 9.78688 54.1222 0
      vertex 10.0229 54.079 3
      vertex 9.78688 54.1222 3
    endloop
  endfacet
  facet normal -0.180044 -0.983659 -0
    outer loop
      vertex 10.0229 54.079 3
      vertex 9.78688 54.1222 0
      vertex 10.0229 54.079 0
    endloop
  endfacet
  facet normal -0.184163 -0.982896 0
    outer loop
      vertex 10.0229 54.079 0
      vertex 10.2588 54.0348 3
      vertex 10.0229 54.079 3
    endloop
  endfacet
  facet normal -0.184163 -0.982896 -0
    outer loop
      vertex 10.2588 54.0348 3
      vertex 10.0229 54.079 0
      vertex 10.2588 54.0348 0
    endloop
  endfacet
  facet normal -0.188739 -0.982027 0
    outer loop
      vertex 10.2588 54.0348 0
      vertex 10.4945 53.9895 3
      vertex 10.2588 54.0348 3
    endloop
  endfacet
  facet normal -0.188739 -0.982027 -0
    outer loop
      vertex 10.4945 53.9895 3
      vertex 10.2588 54.0348 0
      vertex 10.4945 53.9895 0
    endloop
  endfacet
  facet normal -0.19291 -0.981216 0
    outer loop
      vertex 10.4945 53.9895 0
      vertex 10.73 53.9432 3
      vertex 10.4945 53.9895 3
    endloop
  endfacet
  facet normal -0.19291 -0.981216 -0
    outer loop
      vertex 10.73 53.9432 3
      vertex 10.4945 53.9895 0
      vertex 10.73 53.9432 0
    endloop
  endfacet
  facet normal -0.197559 -0.980291 0
    outer loop
      vertex 10.73 53.9432 0
      vertex 10.9652 53.8958 3
      vertex 10.73 53.9432 3
    endloop
  endfacet
  facet normal -0.197559 -0.980291 -0
    outer loop
      vertex 10.9652 53.8958 3
      vertex 10.73 53.9432 0
      vertex 10.9652 53.8958 0
    endloop
  endfacet
  facet normal -0.201241 -0.979542 0
    outer loop
      vertex 10.9652 53.8958 0
      vertex 11.2003 53.8475 3
      vertex 10.9652 53.8958 3
    endloop
  endfacet
  facet normal -0.201241 -0.979542 -0
    outer loop
      vertex 11.2003 53.8475 3
      vertex 10.9652 53.8958 0
      vertex 11.2003 53.8475 0
    endloop
  endfacet
  facet normal -0.205884 -0.978576 0
    outer loop
      vertex 11.2003 53.8475 0
      vertex 11.4351 53.7981 3
      vertex 11.2003 53.8475 3
    endloop
  endfacet
  facet normal -0.205884 -0.978576 -0
    outer loop
      vertex 11.4351 53.7981 3
      vertex 11.2003 53.8475 0
      vertex 11.4351 53.7981 0
    endloop
  endfacet
  facet normal -0.209956 -0.977711 0
    outer loop
      vertex 11.4351 53.7981 0
      vertex 11.6698 53.7477 3
      vertex 11.4351 53.7981 3
    endloop
  endfacet
  facet normal -0.209956 -0.977711 -0
    outer loop
      vertex 11.6698 53.7477 3
      vertex 11.4351 53.7981 0
      vertex 11.6698 53.7477 0
    endloop
  endfacet
  facet normal -0.214194 -0.976791 0
    outer loop
      vertex 11.6698 53.7477 0
      vertex 11.9042 53.6963 3
      vertex 11.6698 53.7477 3
    endloop
  endfacet
  facet normal -0.214194 -0.976791 -0
    outer loop
      vertex 11.9042 53.6963 3
      vertex 11.6698 53.7477 0
      vertex 11.9042 53.6963 0
    endloop
  endfacet
  facet normal -0.218739 -0.975783 0
    outer loop
      vertex 11.9042 53.6963 0
      vertex 12.1384 53.6438 3
      vertex 11.9042 53.6963 3
    endloop
  endfacet
  facet normal -0.218739 -0.975783 -0
    outer loop
      vertex 12.1384 53.6438 3
      vertex 11.9042 53.6963 0
      vertex 12.1384 53.6438 0
    endloop
  endfacet
  facet normal -0.222972 -0.974825 0
    outer loop
      vertex 12.1384 53.6438 0
      vertex 12.3723 53.5903 3
      vertex 12.1384 53.6438 3
    endloop
  endfacet
  facet normal -0.222972 -0.974825 -0
    outer loop
      vertex 12.3723 53.5903 3
      vertex 12.1384 53.6438 0
      vertex 12.3723 53.5903 0
    endloop
  endfacet
  facet normal -0.226716 -0.973961 0
    outer loop
      vertex 12.3723 53.5903 0
      vertex 12.606 53.5359 3
      vertex 12.3723 53.5903 3
    endloop
  endfacet
  facet normal -0.226716 -0.973961 -0
    outer loop
      vertex 12.606 53.5359 3
      vertex 12.3723 53.5903 0
      vertex 12.606 53.5359 0
    endloop
  endfacet
  facet normal -0.231639 -0.972802 0
    outer loop
      vertex 12.606 53.5359 0
      vertex 12.8395 53.4803 3
      vertex 12.606 53.5359 3
    endloop
  endfacet
  facet normal -0.231639 -0.972802 -0
    outer loop
      vertex 12.8395 53.4803 3
      vertex 12.606 53.5359 0
      vertex 12.8395 53.4803 0
    endloop
  endfacet
  facet normal -0.235469 -0.971882 0
    outer loop
      vertex 12.8395 53.4803 0
      vertex 13.0727 53.4238 3
      vertex 12.8395 53.4803 3
    endloop
  endfacet
  facet normal -0.235469 -0.971882 -0
    outer loop
      vertex 13.0727 53.4238 3
      vertex 12.8395 53.4803 0
      vertex 13.0727 53.4238 0
    endloop
  endfacet
  facet normal -0.239593 -0.970873 0
    outer loop
      vertex 13.0727 53.4238 0
      vertex 13.3057 53.3663 3
      vertex 13.0727 53.4238 3
    endloop
  endfacet
  facet normal -0.239593 -0.970873 -0
    outer loop
      vertex 13.3057 53.3663 3
      vertex 13.0727 53.4238 0
      vertex 13.3057 53.3663 0
    endloop
  endfacet
  facet normal -0.244202 -0.969724 0
    outer loop
      vertex 13.3057 53.3663 0
      vertex 13.5384 53.3077 3
      vertex 13.3057 53.3663 3
    endloop
  endfacet
  facet normal -0.244202 -0.969724 -0
    outer loop
      vertex 13.5384 53.3077 3
      vertex 13.3057 53.3663 0
      vertex 13.5384 53.3077 0
    endloop
  endfacet
  facet normal -0.248315 -0.968679 0
    outer loop
      vertex 13.5384 53.3077 0
      vertex 13.7709 53.2481 3
      vertex 13.5384 53.3077 3
    endloop
  endfacet
  facet normal -0.248315 -0.968679 -0
    outer loop
      vertex 13.7709 53.2481 3
      vertex 13.5384 53.3077 0
      vertex 13.7709 53.2481 0
    endloop
  endfacet
  facet normal -0.252524 -0.967591 0
    outer loop
      vertex 13.7709 53.2481 0
      vertex 14.0031 53.1875 3
      vertex 13.7709 53.2481 3
    endloop
  endfacet
  facet normal -0.252524 -0.967591 -0
    outer loop
      vertex 14.0031 53.1875 3
      vertex 13.7709 53.2481 0
      vertex 14.0031 53.1875 0
    endloop
  endfacet
  facet normal -0.256729 -0.966484 0
    outer loop
      vertex 14.0031 53.1875 0
      vertex 14.235 53.1259 3
      vertex 14.0031 53.1875 3
    endloop
  endfacet
  facet normal -0.256729 -0.966484 -0
    outer loop
      vertex 14.235 53.1259 3
      vertex 14.0031 53.1875 0
      vertex 14.235 53.1259 0
    endloop
  endfacet
  facet normal -0.260825 -0.965386 0
    outer loop
      vertex 14.235 53.1259 0
      vertex 14.4667 53.0633 3
      vertex 14.235 53.1259 3
    endloop
  endfacet
  facet normal -0.260825 -0.965386 -0
    outer loop
      vertex 14.4667 53.0633 3
      vertex 14.235 53.1259 0
      vertex 14.4667 53.0633 0
    endloop
  endfacet
  facet normal -0.265021 -0.964243 0
    outer loop
      vertex 14.4667 53.0633 0
      vertex 14.6981 52.9997 3
      vertex 14.4667 53.0633 3
    endloop
  endfacet
  facet normal -0.265021 -0.964243 -0
    outer loop
      vertex 14.6981 52.9997 3
      vertex 14.4667 53.0633 0
      vertex 14.6981 52.9997 0
    endloop
  endfacet
  facet normal -0.269599 -0.962973 0
    outer loop
      vertex 14.6981 52.9997 0
      vertex 14.9292 52.935 3
      vertex 14.6981 52.9997 3
    endloop
  endfacet
  facet normal -0.269599 -0.962973 -0
    outer loop
      vertex 14.9292 52.935 3
      vertex 14.6981 52.9997 0
      vertex 14.9292 52.935 0
    endloop
  endfacet
  facet normal -0.2734 -0.9619 0
    outer loop
      vertex 14.9292 52.935 0
      vertex 15.16 52.8694 3
      vertex 14.9292 52.935 3
    endloop
  endfacet
  facet normal -0.2734 -0.9619 -0
    outer loop
      vertex 15.16 52.8694 3
      vertex 14.9292 52.935 0
      vertex 15.16 52.8694 0
    endloop
  endfacet
  facet normal -0.277856 -0.960623 0
    outer loop
      vertex 15.16 52.8694 0
      vertex 15.3906 52.8027 3
      vertex 15.16 52.8694 3
    endloop
  endfacet
  facet normal -0.277856 -0.960623 -0
    outer loop
      vertex 15.3906 52.8027 3
      vertex 15.16 52.8694 0
      vertex 15.3906 52.8027 0
    endloop
  endfacet
  facet normal -0.28176 -0.959485 0
    outer loop
      vertex 15.3906 52.8027 0
      vertex 15.6208 52.7351 3
      vertex 15.3906 52.8027 3
    endloop
  endfacet
  facet normal -0.28176 -0.959485 -0
    outer loop
      vertex 15.6208 52.7351 3
      vertex 15.3906 52.8027 0
      vertex 15.6208 52.7351 0
    endloop
  endfacet
  facet normal -0.286201 -0.95817 0
    outer loop
      vertex 15.6208 52.7351 0
      vertex 15.8508 52.6664 3
      vertex 15.6208 52.7351 3
    endloop
  endfacet
  facet normal -0.286201 -0.95817 -0
    outer loop
      vertex 15.8508 52.6664 3
      vertex 15.6208 52.7351 0
      vertex 15.8508 52.6664 0
    endloop
  endfacet
  facet normal -0.2901 -0.956996 0
    outer loop
      vertex 15.8508 52.6664 0
      vertex 16.0804 52.5968 3
      vertex 15.8508 52.6664 3
    endloop
  endfacet
  facet normal -0.2901 -0.956996 -0
    outer loop
      vertex 16.0804 52.5968 3
      vertex 15.8508 52.6664 0
      vertex 16.0804 52.5968 0
    endloop
  endfacet
  facet normal -0.294525 -0.955644 0
    outer loop
      vertex 16.0804 52.5968 0
      vertex 16.3098 52.5261 3
      vertex 16.0804 52.5968 3
    endloop
  endfacet
  facet normal -0.294525 -0.955644 -0
    outer loop
      vertex 16.3098 52.5261 3
      vertex 16.0804 52.5968 0
      vertex 16.3098 52.5261 0
    endloop
  endfacet
  facet normal -0.298797 -0.954317 0
    outer loop
      vertex 16.3098 52.5261 0
      vertex 16.5388 52.4544 3
      vertex 16.3098 52.5261 3
    endloop
  endfacet
  facet normal -0.298797 -0.954317 -0
    outer loop
      vertex 16.5388 52.4544 3
      vertex 16.3098 52.5261 0
      vertex 16.5388 52.4544 0
    endloop
  endfacet
  facet normal -0.302567 -0.953128 0
    outer loop
      vertex 16.5388 52.4544 0
      vertex 16.7675 52.3818 3
      vertex 16.5388 52.4544 3
    endloop
  endfacet
  facet normal -0.302567 -0.953128 -0
    outer loop
      vertex 16.7675 52.3818 3
      vertex 16.5388 52.4544 0
      vertex 16.7675 52.3818 0
    endloop
  endfacet
  facet normal -0.307088 -0.951681 0
    outer loop
      vertex 16.7675 52.3818 0
      vertex 16.9959 52.3081 3
      vertex 16.7675 52.3818 3
    endloop
  endfacet
  facet normal -0.307088 -0.951681 -0
    outer loop
      vertex 16.9959 52.3081 3
      vertex 16.7675 52.3818 0
      vertex 16.9959 52.3081 0
    endloop
  endfacet
  facet normal -0.311224 -0.950337 0
    outer loop
      vertex 16.9959 52.3081 0
      vertex 17.224 52.2334 3
      vertex 16.9959 52.3081 3
    endloop
  endfacet
  facet normal -0.311224 -0.950337 -0
    outer loop
      vertex 17.224 52.2334 3
      vertex 16.9959 52.3081 0
      vertex 17.224 52.2334 0
    endloop
  endfacet
  facet normal -0.314978 -0.949099 0
    outer loop
      vertex 17.224 52.2334 0
      vertex 17.4518 52.1578 3
      vertex 17.224 52.2334 3
    endloop
  endfacet
  facet normal -0.314978 -0.949099 -0
    outer loop
      vertex 17.4518 52.1578 3
      vertex 17.224 52.2334 0
      vertex 17.4518 52.1578 0
    endloop
  endfacet
  facet normal -0.319601 -0.947552 0
    outer loop
      vertex 17.4518 52.1578 0
      vertex 17.6792 52.0811 3
      vertex 17.4518 52.1578 3
    endloop
  endfacet
  facet normal -0.319601 -0.947552 -0
    outer loop
      vertex 17.6792 52.0811 3
      vertex 17.4518 52.1578 0
      vertex 17.6792 52.0811 0
    endloop
  endfacet
  facet normal -0.323472 -0.946238 0
    outer loop
      vertex 17.6792 52.0811 0
      vertex 17.9062 52.0035 3
      vertex 17.6792 52.0811 3
    endloop
  endfacet
  facet normal -0.323472 -0.946238 -0
    outer loop
      vertex 17.9062 52.0035 3
      vertex 17.6792 52.0811 0
      vertex 17.9062 52.0035 0
    endloop
  endfacet
  facet normal -0.327454 -0.944867 0
    outer loop
      vertex 17.9062 52.0035 0
      vertex 18.133 51.9249 3
      vertex 17.9062 52.0035 3
    endloop
  endfacet
  facet normal -0.327454 -0.944867 -0
    outer loop
      vertex 18.133 51.9249 3
      vertex 17.9062 52.0035 0
      vertex 18.133 51.9249 0
    endloop
  endfacet
  facet normal -0.331686 -0.94339 0
    outer loop
      vertex 18.133 51.9249 0
      vertex 18.3594 51.8453 3
      vertex 18.133 51.9249 3
    endloop
  endfacet
  facet normal -0.331686 -0.94339 -0
    outer loop
      vertex 18.3594 51.8453 3
      vertex 18.133 51.9249 0
      vertex 18.3594 51.8453 0
    endloop
  endfacet
  facet normal -0.335914 -0.941893 0
    outer loop
      vertex 18.3594 51.8453 0
      vertex 18.5854 51.7647 3
      vertex 18.3594 51.8453 3
    endloop
  endfacet
  facet normal -0.335914 -0.941893 -0
    outer loop
      vertex 18.5854 51.7647 3
      vertex 18.3594 51.8453 0
      vertex 18.5854 51.7647 0
    endloop
  endfacet
  facet normal -0.340003 -0.940424 0
    outer loop
      vertex 18.5854 51.7647 0
      vertex 18.8111 51.6831 3
      vertex 18.5854 51.7647 3
    endloop
  endfacet
  facet normal -0.340003 -0.940424 -0
    outer loop
      vertex 18.8111 51.6831 3
      vertex 18.5854 51.7647 0
      vertex 18.8111 51.6831 0
    endloop
  endfacet
  facet normal -0.344218 -0.93889 0
    outer loop
      vertex 18.8111 51.6831 0
      vertex 19.0364 51.6005 3
      vertex 18.8111 51.6831 3
    endloop
  endfacet
  facet normal -0.344218 -0.93889 -0
    outer loop
      vertex 19.0364 51.6005 3
      vertex 18.8111 51.6831 0
      vertex 19.0364 51.6005 0
    endloop
  endfacet
  facet normal -0.347925 -0.937522 0
    outer loop
      vertex 19.0364 51.6005 0
      vertex 19.2614 51.517 3
      vertex 19.0364 51.6005 3
    endloop
  endfacet
  facet normal -0.347925 -0.937522 -0
    outer loop
      vertex 19.2614 51.517 3
      vertex 19.0364 51.6005 0
      vertex 19.2614 51.517 0
    endloop
  endfacet
  facet normal -0.352493 -0.935814 0
    outer loop
      vertex 19.2614 51.517 0
      vertex 19.486 51.4324 3
      vertex 19.2614 51.517 3
    endloop
  endfacet
  facet normal -0.352493 -0.935814 -0
    outer loop
      vertex 19.486 51.4324 3
      vertex 19.2614 51.517 0
      vertex 19.486 51.4324 0
    endloop
  endfacet
  facet normal -0.356325 -0.934362 0
    outer loop
      vertex 19.486 51.4324 0
      vertex 19.7102 51.3469 3
      vertex 19.486 51.4324 3
    endloop
  endfacet
  facet normal -0.356325 -0.934362 -0
    outer loop
      vertex 19.7102 51.3469 3
      vertex 19.486 51.4324 0
      vertex 19.7102 51.3469 0
    endloop
  endfacet
  facet normal -0.360375 -0.932808 0
    outer loop
      vertex 19.7102 51.3469 0
      vertex 19.9341 51.2604 3
      vertex 19.7102 51.3469 3
    endloop
  endfacet
  facet normal -0.360375 -0.932808 -0
    outer loop
      vertex 19.9341 51.2604 3
      vertex 19.7102 51.3469 0
      vertex 19.9341 51.2604 0
    endloop
  endfacet
  facet normal -0.364195 -0.931323 0
    outer loop
      vertex 19.9341 51.2604 0
      vertex 20.1576 51.173 3
      vertex 19.9341 51.2604 3
    endloop
  endfacet
  facet normal -0.364195 -0.931323 -0
    outer loop
      vertex 20.1576 51.173 3
      vertex 19.9341 51.2604 0
      vertex 20.1576 51.173 0
    endloop
  endfacet
  facet normal -0.368874 -0.929479 0
    outer loop
      vertex 20.1576 51.173 0
      vertex 20.3806 51.0845 3
      vertex 20.1576 51.173 3
    endloop
  endfacet
  facet normal -0.368874 -0.929479 -0
    outer loop
      vertex 20.3806 51.0845 3
      vertex 20.1576 51.173 0
      vertex 20.3806 51.0845 0
    endloop
  endfacet
  facet normal -0.37254 -0.928016 0
    outer loop
      vertex 20.3806 51.0845 0
      vertex 20.6033 50.9951 3
      vertex 20.3806 51.0845 3
    endloop
  endfacet
  facet normal -0.37254 -0.928016 -0
    outer loop
      vertex 20.6033 50.9951 3
      vertex 20.3806 51.0845 0
      vertex 20.6033 50.9951 0
    endloop
  endfacet
  facet normal -0.376556 -0.926394 0
    outer loop
      vertex 20.6033 50.9951 0
      vertex 20.8257 50.9047 3
      vertex 20.6033 50.9951 3
    endloop
  endfacet
  facet normal -0.376556 -0.926394 -0
    outer loop
      vertex 20.8257 50.9047 3
      vertex 20.6033 50.9951 0
      vertex 20.8257 50.9047 0
    endloop
  endfacet
  facet normal -0.380498 -0.924782 0
    outer loop
      vertex 20.8257 50.9047 0
      vertex 21.0476 50.8134 3
      vertex 20.8257 50.9047 3
    endloop
  endfacet
  facet normal -0.380498 -0.924782 -0
    outer loop
      vertex 21.0476 50.8134 3
      vertex 20.8257 50.9047 0
      vertex 21.0476 50.8134 0
    endloop
  endfacet
  facet normal -0.385 -0.922917 0
    outer loop
      vertex 21.0476 50.8134 0
      vertex 21.2691 50.721 3
      vertex 21.0476 50.8134 3
    endloop
  endfacet
  facet normal -0.385 -0.922917 -0
    outer loop
      vertex 21.2691 50.721 3
      vertex 21.0476 50.8134 0
      vertex 21.2691 50.721 0
    endloop
  endfacet
  facet normal -0.38843 -0.921478 0
    outer loop
      vertex 21.2691 50.721 0
      vertex 21.4902 50.6278 3
      vertex 21.2691 50.721 3
    endloop
  endfacet
  facet normal -0.38843 -0.921478 -0
    outer loop
      vertex 21.4902 50.6278 3
      vertex 21.2691 50.721 0
      vertex 21.4902 50.6278 0
    endloop
  endfacet
  facet normal -0.392913 -0.919576 0
    outer loop
      vertex 21.4902 50.6278 0
      vertex 21.7109 50.5335 3
      vertex 21.4902 50.6278 3
    endloop
  endfacet
  facet normal -0.392913 -0.919576 -0
    outer loop
      vertex 21.7109 50.5335 3
      vertex 21.4902 50.6278 0
      vertex 21.7109 50.5335 0
    endloop
  endfacet
  facet normal -0.396683 -0.917955 0
    outer loop
      vertex 21.7109 50.5335 0
      vertex 21.9312 50.4383 3
      vertex 21.7109 50.5335 3
    endloop
  endfacet
  facet normal -0.396683 -0.917955 -0
    outer loop
      vertex 21.9312 50.4383 3
      vertex 21.7109 50.5335 0
      vertex 21.9312 50.4383 0
    endloop
  endfacet
  facet normal -0.400797 -0.916167 0
    outer loop
      vertex 21.9312 50.4383 0
      vertex 22.1511 50.3421 3
      vertex 21.9312 50.4383 3
    endloop
  endfacet
  facet normal -0.400797 -0.916167 -0
    outer loop
      vertex 22.1511 50.3421 3
      vertex 21.9312 50.4383 0
      vertex 22.1511 50.3421 0
    endloop
  endfacet
  facet normal -0.404707 -0.914446 0
    outer loop
      vertex 22.1511 50.3421 0
      vertex 22.3705 50.245 3
      vertex 22.1511 50.3421 3
    endloop
  endfacet
  facet normal -0.404707 -0.914446 -0
    outer loop
      vertex 22.3705 50.245 3
      vertex 22.1511 50.3421 0
      vertex 22.3705 50.245 0
    endloop
  endfacet
  facet normal -0.408805 -0.912622 0
    outer loop
      vertex 22.3705 50.245 0
      vertex 22.5895 50.1469 3
      vertex 22.3705 50.245 3
    endloop
  endfacet
  facet normal -0.408805 -0.912622 -0
    outer loop
      vertex 22.5895 50.1469 3
      vertex 22.3705 50.245 0
      vertex 22.5895 50.1469 0
    endloop
  endfacet
  facet normal -0.412547 -0.910936 0
    outer loop
      vertex 22.5895 50.1469 0
      vertex 22.8081 50.0479 3
      vertex 22.5895 50.1469 3
    endloop
  endfacet
  facet normal -0.412547 -0.910936 -0
    outer loop
      vertex 22.8081 50.0479 3
      vertex 22.5895 50.1469 0
      vertex 22.8081 50.0479 0
    endloop
  endfacet
  facet normal -0.416626 -0.909078 0
    outer loop
      vertex 22.8081 50.0479 0
      vertex 23.0263 49.9479 3
      vertex 22.8081 50.0479 3
    endloop
  endfacet
  facet normal -0.416626 -0.909078 -0
    outer loop
      vertex 23.0263 49.9479 3
      vertex 22.8081 50.0479 0
      vertex 23.0263 49.9479 0
    endloop
  endfacet
  facet normal -0.420854 -0.907128 0
    outer loop
      vertex 23.0263 49.9479 0
      vertex 23.244 49.8469 3
      vertex 23.0263 49.9479 3
    endloop
  endfacet
  facet normal -0.420854 -0.907128 -0
    outer loop
      vertex 23.244 49.8469 3
      vertex 23.0263 49.9479 0
      vertex 23.244 49.8469 0
    endloop
  endfacet
  facet normal -0.424573 -0.905394 0
    outer loop
      vertex 23.244 49.8469 0
      vertex 23.4613 49.745 3
      vertex 23.244 49.8469 3
    endloop
  endfacet
  facet normal -0.424573 -0.905394 -0
    outer loop
      vertex 23.4613 49.745 3
      vertex 23.244 49.8469 0
      vertex 23.4613 49.745 0
    endloop
  endfacet
  facet normal -0.428445 -0.903568 0
    outer loop
      vertex 23.4613 49.745 0
      vertex 23.6781 49.6422 3
      vertex 23.4613 49.745 3
    endloop
  endfacet
  facet normal -0.428445 -0.903568 -0
    outer loop
      vertex 23.6781 49.6422 3
      vertex 23.4613 49.745 0
      vertex 23.6781 49.6422 0
    endloop
  endfacet
  facet normal -0.432487 -0.90164 0
    outer loop
      vertex 23.6781 49.6422 0
      vertex 23.8945 49.5384 3
      vertex 23.6781 49.6422 3
    endloop
  endfacet
  facet normal -0.432487 -0.90164 -0
    outer loop
      vertex 23.8945 49.5384 3
      vertex 23.6781 49.6422 0
      vertex 23.8945 49.5384 0
    endloop
  endfacet
  facet normal -0.436345 -0.899779 0
    outer loop
      vertex 23.8945 49.5384 0
      vertex 24.1104 49.4337 3
      vertex 23.8945 49.5384 3
    endloop
  endfacet
  facet normal -0.436345 -0.899779 -0
    outer loop
      vertex 24.1104 49.4337 3
      vertex 23.8945 49.5384 0
      vertex 24.1104 49.4337 0
    endloop
  endfacet
  facet normal -0.440368 -0.897817 0
    outer loop
      vertex 24.1104 49.4337 0
      vertex 24.3259 49.328 3
      vertex 24.1104 49.4337 3
    endloop
  endfacet
  facet normal -0.440368 -0.897817 -0
    outer loop
      vertex 24.3259 49.328 3
      vertex 24.1104 49.4337 0
      vertex 24.3259 49.328 0
    endloop
  endfacet
  facet normal -0.444211 -0.895922 0
    outer loop
      vertex 24.3259 49.328 0
      vertex 24.5409 49.2214 3
      vertex 24.3259 49.328 3
    endloop
  endfacet
  facet normal -0.444211 -0.895922 -0
    outer loop
      vertex 24.5409 49.2214 3
      vertex 24.3259 49.328 0
      vertex 24.5409 49.2214 0
    endloop
  endfacet
  facet normal -0.44838 -0.893843 0
    outer loop
      vertex 24.5409 49.2214 0
      vertex 24.7554 49.1138 3
      vertex 24.5409 49.2214 3
    endloop
  endfacet
  facet normal -0.44838 -0.893843 -0
    outer loop
      vertex 24.7554 49.1138 3
      vertex 24.5409 49.2214 0
      vertex 24.7554 49.1138 0
    endloop
  endfacet
  facet normal -0.451708 -0.892166 0
    outer loop
      vertex 24.7554 49.1138 0
      vertex 24.9695 49.0054 3
      vertex 24.7554 49.1138 3
    endloop
  endfacet
  facet normal -0.451708 -0.892166 -0
    outer loop
      vertex 24.9695 49.0054 3
      vertex 24.7554 49.1138 0
      vertex 24.9695 49.0054 0
    endloop
  endfacet
  facet normal -0.45619 -0.889883 0
    outer loop
      vertex 24.9695 49.0054 0
      vertex 25.1831 48.8959 3
      vertex 24.9695 49.0054 3
    endloop
  endfacet
  facet normal -0.45619 -0.889883 -0
    outer loop
      vertex 25.1831 48.8959 3
      vertex 24.9695 49.0054 0
      vertex 25.1831 48.8959 0
    endloop
  endfacet
  facet normal -0.459672 -0.888089 0
    outer loop
      vertex 25.1831 48.8959 0
      vertex 25.3962 48.7856 3
      vertex 25.1831 48.8959 3
    endloop
  endfacet
  facet normal -0.459672 -0.888089 -0
    outer loop
      vertex 25.3962 48.7856 3
      vertex 25.1831 48.8959 0
      vertex 25.3962 48.7856 0
    endloop
  endfacet
  facet normal -0.463805 -0.885938 0
    outer loop
      vertex 25.3962 48.7856 0
      vertex 25.6088 48.6743 3
      vertex 25.3962 48.7856 3
    endloop
  endfacet
  facet normal -0.463805 -0.885938 -0
    outer loop
      vertex 25.6088 48.6743 3
      vertex 25.3962 48.7856 0
      vertex 25.6088 48.6743 0
    endloop
  endfacet
  facet normal -0.4676 -0.88394 0
    outer loop
      vertex 25.6088 48.6743 0
      vertex 25.8209 48.5621 3
      vertex 25.6088 48.6743 3
    endloop
  endfacet
  facet normal -0.4676 -0.88394 -0
    outer loop
      vertex 25.8209 48.5621 3
      vertex 25.6088 48.6743 0
      vertex 25.8209 48.5621 0
    endloop
  endfacet
  facet normal -0.471215 -0.882018 0
    outer loop
      vertex 25.8209 48.5621 0
      vertex 26.0326 48.449 3
      vertex 25.8209 48.5621 3
    endloop
  endfacet
  facet normal -0.471215 -0.882018 -0
    outer loop
      vertex 26.0326 48.449 3
      vertex 25.8209 48.5621 0
      vertex 26.0326 48.449 0
    endloop
  endfacet
  facet normal -0.475491 -0.879721 0
    outer loop
      vertex 26.0326 48.449 0
      vertex 26.2437 48.3349 3
      vertex 26.0326 48.449 3
    endloop
  endfacet
  facet normal -0.475491 -0.879721 -0
    outer loop
      vertex 26.2437 48.3349 3
      vertex 26.0326 48.449 0
      vertex 26.2437 48.3349 0
    endloop
  endfacet
  facet normal -0.478765 -0.877943 0
    outer loop
      vertex 26.2437 48.3349 0
      vertex 26.4544 48.22 3
      vertex 26.2437 48.3349 3
    endloop
  endfacet
  facet normal -0.478765 -0.877943 -0
    outer loop
      vertex 26.4544 48.22 3
      vertex 26.2437 48.3349 0
      vertex 26.4544 48.22 0
    endloop
  endfacet
  facet normal -0.483022 -0.875608 0
    outer loop
      vertex 26.4544 48.22 0
      vertex 26.6645 48.1041 3
      vertex 26.4544 48.22 3
    endloop
  endfacet
  facet normal -0.483022 -0.875608 -0
    outer loop
      vertex 26.6645 48.1041 3
      vertex 26.4544 48.22 0
      vertex 26.6645 48.1041 0
    endloop
  endfacet
  facet normal -0.486598 -0.873626 0
    outer loop
      vertex 26.6645 48.1041 0
      vertex 26.8742 47.9873 3
      vertex 26.6645 48.1041 3
    endloop
  endfacet
  facet normal -0.486598 -0.873626 -0
    outer loop
      vertex 26.8742 47.9873 3
      vertex 26.6645 48.1041 0
      vertex 26.8742 47.9873 0
    endloop
  endfacet
  facet normal -0.490518 -0.871431 0
    outer loop
      vertex 26.8742 47.9873 0
      vertex 27.0833 47.8696 3
      vertex 26.8742 47.9873 3
    endloop
  endfacet
  facet normal -0.490518 -0.871431 -0
    outer loop
      vertex 27.0833 47.8696 3
      vertex 26.8742 47.9873 0
      vertex 27.0833 47.8696 0
    endloop
  endfacet
  facet normal -0.494568 -0.869139 0
    outer loop
      vertex 27.0833 47.8696 0
      vertex 27.2919 47.7509 3
      vertex 27.0833 47.8696 3
    endloop
  endfacet
  facet normal -0.494568 -0.869139 -0
    outer loop
      vertex 27.2919 47.7509 3
      vertex 27.0833 47.8696 0
      vertex 27.2919 47.7509 0
    endloop
  endfacet
  facet normal -0.497978 -0.86719 0
    outer loop
      vertex 27.2919 47.7509 0
      vertex 27.5 47.6314 3
      vertex 27.2919 47.7509 3
    endloop
  endfacet
  facet normal -0.497978 -0.86719 -0
    outer loop
      vertex 27.5 47.6314 3
      vertex 27.2919 47.7509 0
      vertex 27.5 47.6314 0
    endloop
  endfacet
  facet normal -0.502005 -0.864865 0
    outer loop
      vertex 27.5 47.6314 0
      vertex 27.7076 47.5109 3
      vertex 27.5 47.6314 3
    endloop
  endfacet
  facet normal -0.502005 -0.864865 -0
    outer loop
      vertex 27.7076 47.5109 3
      vertex 27.5 47.6314 0
      vertex 27.7076 47.5109 0
    endloop
  endfacet
  facet normal -0.50558 -0.862779 0
    outer loop
      vertex 27.7076 47.5109 0
      vertex 27.9146 47.3896 3
      vertex 27.7076 47.5109 3
    endloop
  endfacet
  facet normal -0.50558 -0.862779 -0
    outer loop
      vertex 27.9146 47.3896 3
      vertex 27.7076 47.5109 0
      vertex 27.9146 47.3896 0
    endloop
  endfacet
  facet normal -0.509585 -0.86042 0
    outer loop
      vertex 27.9146 47.3896 0
      vertex 28.1211 47.2673 3
      vertex 27.9146 47.3896 3
    endloop
  endfacet
  facet normal -0.509585 -0.86042 -0
    outer loop
      vertex 28.1211 47.2673 3
      vertex 27.9146 47.3896 0
      vertex 28.1211 47.2673 0
    endloop
  endfacet
  facet normal -0.512963 -0.858411 0
    outer loop
      vertex 28.1211 47.2673 0
      vertex 28.3271 47.1442 3
      vertex 28.1211 47.2673 3
    endloop
  endfacet
  facet normal -0.512963 -0.858411 -0
    outer loop
      vertex 28.3271 47.1442 3
      vertex 28.1211 47.2673 0
      vertex 28.3271 47.1442 0
    endloop
  endfacet
  facet normal -0.517128 -0.855908 0
    outer loop
      vertex 28.3271 47.1442 0
      vertex 28.5325 47.0201 3
      vertex 28.3271 47.1442 3
    endloop
  endfacet
  facet normal -0.517128 -0.855908 -0
    outer loop
      vertex 28.5325 47.0201 3
      vertex 28.3271 47.1442 0
      vertex 28.5325 47.0201 0
    endloop
  endfacet
  facet normal -0.520489 -0.853868 0
    outer loop
      vertex 28.5325 47.0201 0
      vertex 28.7374 46.8952 3
      vertex 28.5325 47.0201 3
    endloop
  endfacet
  facet normal -0.520489 -0.853868 -0
    outer loop
      vertex 28.7374 46.8952 3
      vertex 28.5325 47.0201 0
      vertex 28.7374 46.8952 0
    endloop
  endfacet
  facet normal -0.524144 -0.85163 0
    outer loop
      vertex 28.7374 46.8952 0
      vertex 28.9418 46.7694 3
      vertex 28.7374 46.8952 3
    endloop
  endfacet
  facet normal -0.524144 -0.85163 -0
    outer loop
      vertex 28.9418 46.7694 3
      vertex 28.7374 46.8952 0
      vertex 28.9418 46.7694 0
    endloop
  endfacet
  facet normal -0.528275 -0.849073 0
    outer loop
      vertex 28.9418 46.7694 0
      vertex 29.1456 46.6426 3
      vertex 28.9418 46.7694 3
    endloop
  endfacet
  facet normal -0.528275 -0.849073 -0
    outer loop
      vertex 29.1456 46.6426 3
      vertex 28.9418 46.7694 0
      vertex 29.1456 46.6426 0
    endloop
  endfacet
  facet normal -0.531796 -0.846873 0
    outer loop
      vertex 29.1456 46.6426 0
      vertex 29.3488 46.515 3
      vertex 29.1456 46.6426 3
    endloop
  endfacet
  facet normal -0.531796 -0.846873 -0
    outer loop
      vertex 29.3488 46.515 3
      vertex 29.1456 46.6426 0
      vertex 29.3488 46.515 0
    endloop
  endfacet
  facet normal -0.535419 -0.844587 0
    outer loop
      vertex 29.3488 46.515 0
      vertex 29.5515 46.3865 3
      vertex 29.3488 46.515 3
    endloop
  endfacet
  facet normal -0.535419 -0.844587 -0
    outer loop
      vertex 29.5515 46.3865 3
      vertex 29.3488 46.515 0
      vertex 29.5515 46.3865 0
    endloop
  endfacet
  facet normal -0.539219 -0.842165 0
    outer loop
      vertex 29.5515 46.3865 0
      vertex 29.7536 46.2571 3
      vertex 29.5515 46.3865 3
    endloop
  endfacet
  facet normal -0.539219 -0.842165 -0
    outer loop
      vertex 29.7536 46.2571 3
      vertex 29.5515 46.3865 0
      vertex 29.7536 46.2571 0
    endloop
  endfacet
  facet normal -0.542715 -0.839917 0
    outer loop
      vertex 29.7536 46.2571 0
      vertex 29.9551 46.1269 3
      vertex 29.7536 46.2571 3
    endloop
  endfacet
  facet normal -0.542715 -0.839917 -0
    outer loop
      vertex 29.9551 46.1269 3
      vertex 29.7536 46.2571 0
      vertex 29.9551 46.1269 0
    endloop
  endfacet
  facet normal -0.546598 -0.837395 0
    outer loop
      vertex 29.9551 46.1269 0
      vertex 30.1561 45.9957 3
      vertex 29.9551 46.1269 3
    endloop
  endfacet
  facet normal -0.546598 -0.837395 -0
    outer loop
      vertex 30.1561 45.9957 3
      vertex 29.9551 46.1269 0
      vertex 30.1561 45.9957 0
    endloop
  endfacet
  facet normal -0.550076 -0.835115 0
    outer loop
      vertex 30.1561 45.9957 0
      vertex 30.3565 45.8637 3
      vertex 30.1561 45.9957 3
    endloop
  endfacet
  facet normal -0.550076 -0.835115 -0
    outer loop
      vertex 30.3565 45.8637 3
      vertex 30.1561 45.9957 0
      vertex 30.3565 45.8637 0
    endloop
  endfacet
  facet normal -0.553642 -0.832755 0
    outer loop
      vertex 30.3565 45.8637 0
      vertex 30.5564 45.7308 3
      vertex 30.3565 45.8637 3
    endloop
  endfacet
  facet normal -0.553642 -0.832755 -0
    outer loop
      vertex 30.5564 45.7308 3
      vertex 30.3565 45.8637 0
      vertex 30.5564 45.7308 0
    endloop
  endfacet
  facet normal -0.557295 -0.830315 0
    outer loop
      vertex 30.5564 45.7308 0
      vertex 30.7556 45.5971 3
      vertex 30.5564 45.7308 3
    endloop
  endfacet
  facet normal -0.557295 -0.830315 -0
    outer loop
      vertex 30.7556 45.5971 3
      vertex 30.5564 45.7308 0
      vertex 30.7556 45.5971 0
    endloop
  endfacet
  facet normal -0.561124 -0.827731 0
    outer loop
      vertex 30.7556 45.5971 0
      vertex 30.9543 45.4624 3
      vertex 30.7556 45.5971 3
    endloop
  endfacet
  facet normal -0.561124 -0.827731 -0
    outer loop
      vertex 30.9543 45.4624 3
      vertex 30.7556 45.5971 0
      vertex 30.9543 45.4624 0
    endloop
  endfacet
  facet normal -0.564759 -0.825256 0
    outer loop
      vertex 30.9543 45.4624 0
      vertex 31.1523 45.3269 3
      vertex 30.9543 45.4624 3
    endloop
  endfacet
  facet normal -0.564759 -0.825256 -0
    outer loop
      vertex 31.1523 45.3269 3
      vertex 30.9543 45.4624 0
      vertex 31.1523 45.3269 0
    endloop
  endfacet
  facet normal -0.567996 -0.823031 0
    outer loop
      vertex 31.1523 45.3269 0
      vertex 31.3498 45.1906 3
      vertex 31.1523 45.3269 3
    endloop
  endfacet
  facet normal -0.567996 -0.823031 -0
    outer loop
      vertex 31.3498 45.1906 3
      vertex 31.1523 45.3269 0
      vertex 31.3498 45.1906 0
    endloop
  endfacet
  facet normal -0.571699 -0.820463 0
    outer loop
      vertex 31.3498 45.1906 0
      vertex 31.5467 45.0534 3
      vertex 31.3498 45.1906 3
    endloop
  endfacet
  facet normal -0.571699 -0.820463 -0
    outer loop
      vertex 31.5467 45.0534 3
      vertex 31.3498 45.1906 0
      vertex 31.5467 45.0534 0
    endloop
  endfacet
  facet normal -0.57539 -0.817879 0
    outer loop
      vertex 31.5467 45.0534 0
      vertex 31.743 44.9153 3
      vertex 31.5467 45.0534 3
    endloop
  endfacet
  facet normal -0.57539 -0.817879 -0
    outer loop
      vertex 31.743 44.9153 3
      vertex 31.5467 45.0534 0
      vertex 31.743 44.9153 0
    endloop
  endfacet
  facet normal -0.578792 -0.815475 0
    outer loop
      vertex 31.743 44.9153 0
      vertex 31.9387 44.7764 3
      vertex 31.743 44.9153 3
    endloop
  endfacet
  facet normal -0.578792 -0.815475 -0
    outer loop
      vertex 31.9387 44.7764 3
      vertex 31.743 44.9153 0
      vertex 31.9387 44.7764 0
    endloop
  endfacet
  facet normal -0.582657 -0.812718 0
    outer loop
      vertex 31.9387 44.7764 0
      vertex 32.1337 44.6366 3
      vertex 31.9387 44.7764 3
    endloop
  endfacet
  facet normal -0.582657 -0.812718 -0
    outer loop
      vertex 32.1337 44.6366 3
      vertex 31.9387 44.7764 0
      vertex 32.1337 44.6366 0
    endloop
  endfacet
  facet normal -0.586114 -0.810229 0
    outer loop
      vertex 32.1337 44.6366 0
      vertex 32.3282 44.4959 3
      vertex 32.1337 44.6366 3
    endloop
  endfacet
  facet normal -0.586114 -0.810229 -0
    outer loop
      vertex 32.3282 44.4959 3
      vertex 32.1337 44.6366 0
      vertex 32.3282 44.4959 0
    endloop
  endfacet
  facet normal -0.589682 -0.807635 0
    outer loop
      vertex 32.3282 44.4959 0
      vertex 32.522 44.3544 3
      vertex 32.3282 44.4959 3
    endloop
  endfacet
  facet normal -0.589682 -0.807635 -0
    outer loop
      vertex 32.522 44.3544 3
      vertex 32.3282 44.4959 0
      vertex 32.522 44.3544 0
    endloop
  endfacet
  facet normal -0.593043 -0.805171 0
    outer loop
      vertex 32.522 44.3544 0
      vertex 32.7152 44.2121 3
      vertex 32.522 44.3544 3
    endloop
  endfacet
  facet normal -0.593043 -0.805171 -0
    outer loop
      vertex 32.7152 44.2121 3
      vertex 32.522 44.3544 0
      vertex 32.7152 44.2121 0
    endloop
  endfacet
  facet normal -0.596194 -0.802841 0
    outer loop
      vertex 32.7152 44.2121 0
      vertex 32.9079 44.069 3
      vertex 32.7152 44.2121 3
    endloop
  endfacet
  facet normal -0.596194 -0.802841 -0
    outer loop
      vertex 32.9079 44.069 3
      vertex 32.7152 44.2121 0
      vertex 32.9079 44.069 0
    endloop
  endfacet
  facet normal -0.600467 -0.79965 0
    outer loop
      vertex 32.9079 44.069 0
      vertex 33.0998 43.9249 3
      vertex 32.9079 44.069 3
    endloop
  endfacet
  facet normal -0.600467 -0.79965 -0
    outer loop
      vertex 33.0998 43.9249 3
      vertex 32.9079 44.069 0
      vertex 33.0998 43.9249 0
    endloop
  endfacet
  facet normal -0.603328 -0.797493 0
    outer loop
      vertex 33.0998 43.9249 0
      vertex 33.2912 43.7801 3
      vertex 33.0998 43.9249 3
    endloop
  endfacet
  facet normal -0.603328 -0.797493 -0
    outer loop
      vertex 33.2912 43.7801 3
      vertex 33.0998 43.9249 0
      vertex 33.2912 43.7801 0
    endloop
  endfacet
  facet normal -0.60711 -0.794618 0
    outer loop
      vertex 33.2912 43.7801 0
      vertex 33.4819 43.6344 3
      vertex 33.2912 43.7801 3
    endloop
  endfacet
  facet normal -0.60711 -0.794618 -0
    outer loop
      vertex 33.4819 43.6344 3
      vertex 33.2912 43.7801 0
      vertex 33.4819 43.6344 0
    endloop
  endfacet
  facet normal -0.610617 -0.791926 0
    outer loop
      vertex 33.4819 43.6344 0
      vertex 33.6719 43.4879 3
      vertex 33.4819 43.6344 3
    endloop
  endfacet
  facet normal -0.610617 -0.791926 -0
    outer loop
      vertex 33.6719 43.4879 3
      vertex 33.4819 43.6344 0
      vertex 33.6719 43.4879 0
    endloop
  endfacet
  facet normal -0.61371 -0.789532 0
    outer loop
      vertex 33.6719 43.4879 0
      vertex 33.8614 43.3406 3
      vertex 33.6719 43.4879 3
    endloop
  endfacet
  facet normal -0.61371 -0.789532 -0
    outer loop
      vertex 33.8614 43.3406 3
      vertex 33.6719 43.4879 0
      vertex 33.8614 43.3406 0
    endloop
  endfacet
  facet normal -0.617453 -0.786607 0
    outer loop
      vertex 33.8614 43.3406 0
      vertex 34.0502 43.1924 3
      vertex 33.8614 43.3406 3
    endloop
  endfacet
  facet normal -0.617453 -0.786607 -0
    outer loop
      vertex 34.0502 43.1924 3
      vertex 33.8614 43.3406 0
      vertex 34.0502 43.1924 0
    endloop
  endfacet
  facet normal -0.620927 -0.783868 0
    outer loop
      vertex 34.0502 43.1924 0
      vertex 34.2383 43.0434 3
      vertex 34.0502 43.1924 3
    endloop
  endfacet
  facet normal -0.620927 -0.783868 -0
    outer loop
      vertex 34.2383 43.0434 3
      vertex 34.0502 43.1924 0
      vertex 34.2383 43.0434 0
    endloop
  endfacet
  facet normal -0.624187 -0.781275 0
    outer loop
      vertex 34.2383 43.0434 0
      vertex 34.4258 42.8936 3
      vertex 34.2383 43.0434 3
    endloop
  endfacet
  facet normal -0.624187 -0.781275 -0
    outer loop
      vertex 34.4258 42.8936 3
      vertex 34.2383 43.0434 0
      vertex 34.4258 42.8936 0
    endloop
  endfacet
  facet normal -0.627638 -0.778505 0
    outer loop
      vertex 34.4258 42.8936 0
      vertex 34.6126 42.743 3
      vertex 34.4258 42.8936 3
    endloop
  endfacet
  facet normal -0.627638 -0.778505 -0
    outer loop
      vertex 34.6126 42.743 3
      vertex 34.4258 42.8936 0
      vertex 34.6126 42.743 0
    endloop
  endfacet
  facet normal -0.630875 -0.775885 0
    outer loop
      vertex 34.6126 42.743 0
      vertex 34.7988 42.5916 3
      vertex 34.6126 42.743 3
    endloop
  endfacet
  facet normal -0.630875 -0.775885 -0
    outer loop
      vertex 34.7988 42.5916 3
      vertex 34.6126 42.743 0
      vertex 34.7988 42.5916 0
    endloop
  endfacet
  facet normal -0.634553 -0.772879 0
    outer loop
      vertex 34.7988 42.5916 0
      vertex 34.9843 42.4393 3
      vertex 34.7988 42.5916 3
    endloop
  endfacet
  facet normal -0.634553 -0.772879 -0
    outer loop
      vertex 34.9843 42.4393 3
      vertex 34.7988 42.5916 0
      vertex 34.9843 42.4393 0
    endloop
  endfacet
  facet normal -0.637721 -0.770267 0
    outer loop
      vertex 34.9843 42.4393 0
      vertex 35.1691 42.2863 3
      vertex 34.9843 42.4393 3
    endloop
  endfacet
  facet normal -0.637721 -0.770267 -0
    outer loop
      vertex 35.1691 42.2863 3
      vertex 34.9843 42.4393 0
      vertex 35.1691 42.2863 0
    endloop
  endfacet
  facet normal -0.641167 -0.767401 0
    outer loop
      vertex 35.1691 42.2863 0
      vertex 35.3533 42.1324 3
      vertex 35.1691 42.2863 3
    endloop
  endfacet
  facet normal -0.641167 -0.767401 -0
    outer loop
      vertex 35.3533 42.1324 3
      vertex 35.1691 42.2863 0
      vertex 35.3533 42.1324 0
    endloop
  endfacet
  facet normal -0.644315 -0.76476 0
    outer loop
      vertex 35.3533 42.1324 0
      vertex 35.5368 41.9778 3
      vertex 35.3533 42.1324 3
    endloop
  endfacet
  facet normal -0.644315 -0.76476 -0
    outer loop
      vertex 35.5368 41.9778 3
      vertex 35.3533 42.1324 0
      vertex 35.5368 41.9778 0
    endloop
  endfacet
  facet normal -0.647939 -0.761693 0
    outer loop
      vertex 35.5368 41.9778 0
      vertex 35.7196 41.8223 3
      vertex 35.5368 41.9778 3
    endloop
  endfacet
  facet normal -0.647939 -0.761693 -0
    outer loop
      vertex 35.7196 41.8223 3
      vertex 35.5368 41.9778 0
      vertex 35.7196 41.8223 0
    endloop
  endfacet
  facet normal -0.65086 -0.759198 0
    outer loop
      vertex 35.7196 41.8223 0
      vertex 35.9018 41.6661 3
      vertex 35.7196 41.8223 3
    endloop
  endfacet
  facet normal -0.65086 -0.759198 -0
    outer loop
      vertex 35.9018 41.6661 3
      vertex 35.7196 41.8223 0
      vertex 35.9018 41.6661 0
    endloop
  endfacet
  facet normal -0.654661 -0.755923 0
    outer loop
      vertex 35.9018 41.6661 0
      vertex 36.0832 41.509 3
      vertex 35.9018 41.6661 3
    endloop
  endfacet
  facet normal -0.654661 -0.755923 -0
    outer loop
      vertex 36.0832 41.509 3
      vertex 35.9018 41.6661 0
      vertex 36.0832 41.509 0
    endloop
  endfacet
  facet normal -0.65756 -0.753402 0
    outer loop
      vertex 36.0832 41.509 0
      vertex 36.264 41.3512 3
      vertex 36.0832 41.509 3
    endloop
  endfacet
  facet normal -0.65756 -0.753402 -0
    outer loop
      vertex 36.264 41.3512 3
      vertex 36.0832 41.509 0
      vertex 36.264 41.3512 0
    endloop
  endfacet
  facet normal -0.660891 -0.750482 0
    outer loop
      vertex 36.264 41.3512 0
      vertex 36.4441 41.1926 3
      vertex 36.264 41.3512 3
    endloop
  endfacet
  facet normal -0.660891 -0.750482 -0
    outer loop
      vertex 36.4441 41.1926 3
      vertex 36.264 41.3512 0
      vertex 36.4441 41.1926 0
    endloop
  endfacet
  facet normal -0.664441 -0.74734 0
    outer loop
      vertex 36.4441 41.1926 0
      vertex 36.6235 41.0331 3
      vertex 36.4441 41.1926 3
    endloop
  endfacet
  facet normal -0.664441 -0.74734 -0
    outer loop
      vertex 36.6235 41.0331 3
      vertex 36.4441 41.1926 0
      vertex 36.6235 41.0331 0
    endloop
  endfacet
  facet normal -0.667282 -0.744805 0
    outer loop
      vertex 36.6235 41.0331 0
      vertex 36.8022 40.873 3
      vertex 36.6235 41.0331 3
    endloop
  endfacet
  facet normal -0.667282 -0.744805 -0
    outer loop
      vertex 36.8022 40.873 3
      vertex 36.6235 41.0331 0
      vertex 36.8022 40.873 0
    endloop
  endfacet
  facet normal -0.670804 -0.741634 0
    outer loop
      vertex 36.8022 40.873 0
      vertex 36.9802 40.712 3
      vertex 36.8022 40.873 3
    endloop
  endfacet
  facet normal -0.670804 -0.741634 -0
    outer loop
      vertex 36.9802 40.712 3
      vertex 36.8022 40.873 0
      vertex 36.9802 40.712 0
    endloop
  endfacet
  facet normal -0.674082 -0.738657 0
    outer loop
      vertex 36.9802 40.712 0
      vertex 37.1575 40.5502 3
      vertex 36.9802 40.712 3
    endloop
  endfacet
  facet normal -0.674082 -0.738657 -0
    outer loop
      vertex 37.1575 40.5502 3
      vertex 36.9802 40.712 0
      vertex 37.1575 40.5502 0
    endloop
  endfacet
  facet normal -0.677327 -0.735682 0
    outer loop
      vertex 37.1575 40.5502 0
      vertex 37.334 40.3877 3
      vertex 37.1575 40.5502 3
    endloop
  endfacet
  facet normal -0.677327 -0.735682 -0
    outer loop
      vertex 37.334 40.3877 3
      vertex 37.1575 40.5502 0
      vertex 37.334 40.3877 0
    endloop
  endfacet
  facet normal -0.680371 -0.732868 0
    outer loop
      vertex 37.334 40.3877 0
      vertex 37.5099 40.2244 3
      vertex 37.334 40.3877 3
    endloop
  endfacet
  facet normal -0.680371 -0.732868 -0
    outer loop
      vertex 37.5099 40.2244 3
      vertex 37.334 40.3877 0
      vertex 37.5099 40.2244 0
    endloop
  endfacet
  facet normal -0.683386 -0.730057 0
    outer loop
      vertex 37.5099 40.2244 0
      vertex 37.6851 40.0604 3
      vertex 37.5099 40.2244 3
    endloop
  endfacet
  facet normal -0.683386 -0.730057 -0
    outer loop
      vertex 37.6851 40.0604 3
      vertex 37.5099 40.2244 0
      vertex 37.6851 40.0604 0
    endloop
  endfacet
  facet normal -0.686819 -0.726828 0
    outer loop
      vertex 37.6851 40.0604 0
      vertex 37.8595 39.8956 3
      vertex 37.6851 40.0604 3
    endloop
  endfacet
  facet normal -0.686819 -0.726828 -0
    outer loop
      vertex 37.8595 39.8956 3
      vertex 37.6851 40.0604 0
      vertex 37.8595 39.8956 0
    endloop
  endfacet
  facet normal -0.69003 -0.723781 0
    outer loop
      vertex 37.8595 39.8956 0
      vertex 38.0332 39.73 3
      vertex 37.8595 39.8956 3
    endloop
  endfacet
  facet normal -0.69003 -0.723781 -0
    outer loop
      vertex 38.0332 39.73 3
      vertex 37.8595 39.8956 0
      vertex 38.0332 39.73 0
    endloop
  endfacet
  facet normal -0.693009 -0.720929 0
    outer loop
      vertex 38.0332 39.73 0
      vertex 38.2062 39.5637 3
      vertex 38.0332 39.73 3
    endloop
  endfacet
  facet normal -0.693009 -0.720929 -0
    outer loop
      vertex 38.2062 39.5637 3
      vertex 38.0332 39.73 0
      vertex 38.2062 39.5637 0
    endloop
  endfacet
  facet normal -0.696191 -0.717856 0
    outer loop
      vertex 38.2062 39.5637 0
      vertex 38.3785 39.3966 3
      vertex 38.2062 39.5637 3
    endloop
  endfacet
  facet normal -0.696191 -0.717856 -0
    outer loop
      vertex 38.3785 39.3966 3
      vertex 38.2062 39.5637 0
      vertex 38.3785 39.3966 0
    endloop
  endfacet
  facet normal -0.699354 -0.714775 0
    outer loop
      vertex 38.3785 39.3966 0
      vertex 38.55 39.2288 3
      vertex 38.3785 39.3966 3
    endloop
  endfacet
  facet normal -0.699354 -0.714775 -0
    outer loop
      vertex 38.55 39.2288 3
      vertex 38.3785 39.3966 0
      vertex 38.55 39.2288 0
    endloop
  endfacet
  facet normal -0.702509 -0.711675 0
    outer loop
      vertex 38.55 39.2288 0
      vertex 38.7208 39.0602 3
      vertex 38.55 39.2288 3
    endloop
  endfacet
  facet normal -0.702509 -0.711675 -0
    outer loop
      vertex 38.7208 39.0602 3
      vertex 38.55 39.2288 0
      vertex 38.7208 39.0602 0
    endloop
  endfacet
  facet normal -0.705438 -0.708772 0
    outer loop
      vertex 38.7208 39.0602 0
      vertex 38.8909 38.8909 3
      vertex 38.7208 39.0602 3
    endloop
  endfacet
  facet normal -0.705438 -0.708772 -0
    outer loop
      vertex 38.8909 38.8909 3
      vertex 38.7208 39.0602 0
      vertex 38.8909 38.8909 0
    endloop
  endfacet
  facet normal -0.708772 -0.705438 0
    outer loop
      vertex 39.0602 38.7208 0
      vertex 38.8909 38.8909 3
      vertex 38.8909 38.8909 0
    endloop
  endfacet
  facet normal -0.708772 -0.705438 0
    outer loop
      vertex 38.8909 38.8909 3
      vertex 39.0602 38.7208 0
      vertex 39.0602 38.7208 3
    endloop
  endfacet
  facet normal -0.711675 -0.702509 0
    outer loop
      vertex 39.2288 38.55 0
      vertex 39.0602 38.7208 3
      vertex 39.0602 38.7208 0
    endloop
  endfacet
  facet normal -0.711675 -0.702509 0
    outer loop
      vertex 39.0602 38.7208 3
      vertex 39.2288 38.55 0
      vertex 39.2288 38.55 3
    endloop
  endfacet
  facet normal -0.714775 -0.699354 0
    outer loop
      vertex 39.3966 38.3785 0
      vertex 39.2288 38.55 3
      vertex 39.2288 38.55 0
    endloop
  endfacet
  facet normal -0.714775 -0.699354 0
    outer loop
      vertex 39.2288 38.55 3
      vertex 39.3966 38.3785 0
      vertex 39.3966 38.3785 3
    endloop
  endfacet
  facet normal -0.717856 -0.696191 0
    outer loop
      vertex 39.5637 38.2062 0
      vertex 39.3966 38.3785 3
      vertex 39.3966 38.3785 0
    endloop
  endfacet
  facet normal -0.717856 -0.696191 0
    outer loop
      vertex 39.3966 38.3785 3
      vertex 39.5637 38.2062 0
      vertex 39.5637 38.2062 3
    endloop
  endfacet
  facet normal -0.720929 -0.693009 0
    outer loop
      vertex 39.73 38.0332 0
      vertex 39.5637 38.2062 3
      vertex 39.5637 38.2062 0
    endloop
  endfacet
  facet normal -0.720929 -0.693009 0
    outer loop
      vertex 39.5637 38.2062 3
      vertex 39.73 38.0332 0
      vertex 39.73 38.0332 3
    endloop
  endfacet
  facet normal -0.723781 -0.69003 0
    outer loop
      vertex 39.8956 37.8595 0
      vertex 39.73 38.0332 3
      vertex 39.73 38.0332 0
    endloop
  endfacet
  facet normal -0.723781 -0.69003 0
    outer loop
      vertex 39.73 38.0332 3
      vertex 39.8956 37.8595 0
      vertex 39.8956 37.8595 3
    endloop
  endfacet
  facet normal -0.726828 -0.686819 0
    outer loop
      vertex 40.0604 37.6851 0
      vertex 39.8956 37.8595 3
      vertex 39.8956 37.8595 0
    endloop
  endfacet
  facet normal -0.726828 -0.686819 0
    outer loop
      vertex 39.8956 37.8595 3
      vertex 40.0604 37.6851 0
      vertex 40.0604 37.6851 3
    endloop
  endfacet
  facet normal -0.730057 -0.683386 0
    outer loop
      vertex 40.2244 37.5099 0
      vertex 40.0604 37.6851 3
      vertex 40.0604 37.6851 0
    endloop
  endfacet
  facet normal -0.730057 -0.683386 0
    outer loop
      vertex 40.0604 37.6851 3
      vertex 40.2244 37.5099 0
      vertex 40.2244 37.5099 3
    endloop
  endfacet
  facet normal -0.732868 -0.680371 0
    outer loop
      vertex 40.3877 37.334 0
      vertex 40.2244 37.5099 3
      vertex 40.2244 37.5099 0
    endloop
  endfacet
  facet normal -0.732868 -0.680371 0
    outer loop
      vertex 40.2244 37.5099 3
      vertex 40.3877 37.334 0
      vertex 40.3877 37.334 3
    endloop
  endfacet
  facet normal -0.735682 -0.677327 0
    outer loop
      vertex 40.5502 37.1575 0
      vertex 40.3877 37.334 3
      vertex 40.3877 37.334 0
    endloop
  endfacet
  facet normal -0.735682 -0.677327 0
    outer loop
      vertex 40.3877 37.334 3
      vertex 40.5502 37.1575 0
      vertex 40.5502 37.1575 3
    endloop
  endfacet
  facet normal -0.738657 -0.674082 0
    outer loop
      vertex 40.712 36.9802 0
      vertex 40.5502 37.1575 3
      vertex 40.5502 37.1575 0
    endloop
  endfacet
  facet normal -0.738657 -0.674082 0
    outer loop
      vertex 40.5502 37.1575 3
      vertex 40.712 36.9802 0
      vertex 40.712 36.9802 3
    endloop
  endfacet
  facet normal -0.741634 -0.670804 0
    outer loop
      vertex 40.873 36.8022 0
      vertex 40.712 36.9802 3
      vertex 40.712 36.9802 0
    endloop
  endfacet
  facet normal -0.741634 -0.670804 0
    outer loop
      vertex 40.712 36.9802 3
      vertex 40.873 36.8022 0
      vertex 40.873 36.8022 3
    endloop
  endfacet
  facet normal -0.744805 -0.667282 0
    outer loop
      vertex 41.0331 36.6235 0
      vertex 40.873 36.8022 3
      vertex 40.873 36.8022 0
    endloop
  endfacet
  facet normal -0.744805 -0.667282 0
    outer loop
      vertex 40.873 36.8022 3
      vertex 41.0331 36.6235 0
      vertex 41.0331 36.6235 3
    endloop
  endfacet
  facet normal -0.74734 -0.664441 0
    outer loop
      vertex 41.1926 36.4441 0
      vertex 41.0331 36.6235 3
      vertex 41.0331 36.6235 0
    endloop
  endfacet
  facet normal -0.74734 -0.664441 0
    outer loop
      vertex 41.0331 36.6235 3
      vertex 41.1926 36.4441 0
      vertex 41.1926 36.4441 3
    endloop
  endfacet
  facet normal -0.750482 -0.660891 0
    outer loop
      vertex 41.3512 36.264 0
      vertex 41.1926 36.4441 3
      vertex 41.1926 36.4441 0
    endloop
  endfacet
  facet normal -0.750482 -0.660891 0
    outer loop
      vertex 41.1926 36.4441 3
      vertex 41.3512 36.264 0
      vertex 41.3512 36.264 3
    endloop
  endfacet
  facet normal -0.753402 -0.65756 0
    outer loop
      vertex 41.509 36.0832 0
      vertex 41.3512 36.264 3
      vertex 41.3512 36.264 0
    endloop
  endfacet
  facet normal -0.753402 -0.65756 0
    outer loop
      vertex 41.3512 36.264 3
      vertex 41.509 36.0832 0
      vertex 41.509 36.0832 3
    endloop
  endfacet
  facet normal -0.755923 -0.654661 0
    outer loop
      vertex 41.6661 35.9018 0
      vertex 41.509 36.0832 3
      vertex 41.509 36.0832 0
    endloop
  endfacet
  facet normal -0.755923 -0.654661 0
    outer loop
      vertex 41.509 36.0832 3
      vertex 41.6661 35.9018 0
      vertex 41.6661 35.9018 3
    endloop
  endfacet
  facet normal -0.759198 -0.65086 0
    outer loop
      vertex 41.8223 35.7196 0
      vertex 41.6661 35.9018 3
      vertex 41.6661 35.9018 0
    endloop
  endfacet
  facet normal -0.759198 -0.65086 0
    outer loop
      vertex 41.6661 35.9018 3
      vertex 41.8223 35.7196 0
      vertex 41.8223 35.7196 3
    endloop
  endfacet
  facet normal -0.761693 -0.647939 0
    outer loop
      vertex 41.9778 35.5368 0
      vertex 41.8223 35.7196 3
      vertex 41.8223 35.7196 0
    endloop
  endfacet
  facet normal -0.761693 -0.647939 0
    outer loop
      vertex 41.8223 35.7196 3
      vertex 41.9778 35.5368 0
      vertex 41.9778 35.5368 3
    endloop
  endfacet
  facet normal -0.76476 -0.644315 0
    outer loop
      vertex 42.1324 35.3533 0
      vertex 41.9778 35.5368 3
      vertex 41.9778 35.5368 0
    endloop
  endfacet
  facet normal -0.76476 -0.644315 0
    outer loop
      vertex 41.9778 35.5368 3
      vertex 42.1324 35.3533 0
      vertex 42.1324 35.3533 3
    endloop
  endfacet
  facet normal -0.767401 -0.641167 0
    outer loop
      vertex 42.2863 35.1691 0
      vertex 42.1324 35.3533 3
      vertex 42.1324 35.3533 0
    endloop
  endfacet
  facet normal -0.767401 -0.641167 0
    outer loop
      vertex 42.1324 35.3533 3
      vertex 42.2863 35.1691 0
      vertex 42.2863 35.1691 3
    endloop
  endfacet
  facet normal -0.770267 -0.637721 0
    outer loop
      vertex 42.4393 34.9843 0
      vertex 42.2863 35.1691 3
      vertex 42.2863 35.1691 0
    endloop
  endfacet
  facet normal -0.770267 -0.637721 0
    outer loop
      vertex 42.2863 35.1691 3
      vertex 42.4393 34.9843 0
      vertex 42.4393 34.9843 3
    endloop
  endfacet
  facet normal -0.772879 -0.634553 0
    outer loop
      vertex 42.5916 34.7988 0
      vertex 42.4393 34.9843 3
      vertex 42.4393 34.9843 0
    endloop
  endfacet
  facet normal -0.772879 -0.634553 0
    outer loop
      vertex 42.4393 34.9843 3
      vertex 42.5916 34.7988 0
      vertex 42.5916 34.7988 3
    endloop
  endfacet
  facet normal -0.775885 -0.630875 0
    outer loop
      vertex 42.743 34.6126 0
      vertex 42.5916 34.7988 3
      vertex 42.5916 34.7988 0
    endloop
  endfacet
  facet normal -0.775885 -0.630875 0
    outer loop
      vertex 42.5916 34.7988 3
      vertex 42.743 34.6126 0
      vertex 42.743 34.6126 3
    endloop
  endfacet
  facet normal -0.778505 -0.627638 0
    outer loop
      vertex 42.8936 34.4258 0
      vertex 42.743 34.6126 3
      vertex 42.743 34.6126 0
    endloop
  endfacet
  facet normal -0.778505 -0.627638 0
    outer loop
      vertex 42.743 34.6126 3
      vertex 42.8936 34.4258 0
      vertex 42.8936 34.4258 3
    endloop
  endfacet
  facet normal -0.781275 -0.624187 0
    outer loop
      vertex 43.0434 34.2383 0
      vertex 42.8936 34.4258 3
      vertex 42.8936 34.4258 0
    endloop
  endfacet
  facet normal -0.781275 -0.624187 0
    outer loop
      vertex 42.8936 34.4258 3
      vertex 43.0434 34.2383 0
      vertex 43.0434 34.2383 3
    endloop
  endfacet
  facet normal -0.783868 -0.620927 0
    outer loop
      vertex 43.1924 34.0502 0
      vertex 43.0434 34.2383 3
      vertex 43.0434 34.2383 0
    endloop
  endfacet
  facet normal -0.783868 -0.620927 0
    outer loop
      vertex 43.0434 34.2383 3
      vertex 43.1924 34.0502 0
      vertex 43.1924 34.0502 3
    endloop
  endfacet
  facet normal -0.786607 -0.617453 0
    outer loop
      vertex 43.3406 33.8614 0
      vertex 43.1924 34.0502 3
      vertex 43.1924 34.0502 0
    endloop
  endfacet
  facet normal -0.786607 -0.617453 0
    outer loop
      vertex 43.1924 34.0502 3
      vertex 43.3406 33.8614 0
      vertex 43.3406 33.8614 3
    endloop
  endfacet
  facet normal -0.789532 -0.61371 0
    outer loop
      vertex 43.4879 33.6719 0
      vertex 43.3406 33.8614 3
      vertex 43.3406 33.8614 0
    endloop
  endfacet
  facet normal -0.789532 -0.61371 0
    outer loop
      vertex 43.3406 33.8614 3
      vertex 43.4879 33.6719 0
      vertex 43.4879 33.6719 3
    endloop
  endfacet
  facet normal -0.791926 -0.610617 0
    outer loop
      vertex 43.6344 33.4819 0
      vertex 43.4879 33.6719 3
      vertex 43.4879 33.6719 0
    endloop
  endfacet
  facet normal -0.791926 -0.610617 0
    outer loop
      vertex 43.4879 33.6719 3
      vertex 43.6344 33.4819 0
      vertex 43.6344 33.4819 3
    endloop
  endfacet
  facet normal -0.794618 -0.60711 0
    outer loop
      vertex 43.7801 33.2912 0
      vertex 43.6344 33.4819 3
      vertex 43.6344 33.4819 0
    endloop
  endfacet
  facet normal -0.794618 -0.60711 0
    outer loop
      vertex 43.6344 33.4819 3
      vertex 43.7801 33.2912 0
      vertex 43.7801 33.2912 3
    endloop
  endfacet
  facet normal -0.797493 -0.603328 0
    outer loop
      vertex 43.9249 33.0998 0
      vertex 43.7801 33.2912 3
      vertex 43.7801 33.2912 0
    endloop
  endfacet
  facet normal -0.797493 -0.603328 0
    outer loop
      vertex 43.7801 33.2912 3
      vertex 43.9249 33.0998 0
      vertex 43.9249 33.0998 3
    endloop
  endfacet
  facet normal -0.79965 -0.600467 0
    outer loop
      vertex 44.069 32.9079 0
      vertex 43.9249 33.0998 3
      vertex 43.9249 33.0998 0
    endloop
  endfacet
  facet normal -0.79965 -0.600467 0
    outer loop
      vertex 43.9249 33.0998 3
      vertex 44.069 32.9079 0
      vertex 44.069 32.9079 3
    endloop
  endfacet
  facet normal -0.802841 -0.596194 0
    outer loop
      vertex 44.2121 32.7152 0
      vertex 44.069 32.9079 3
      vertex 44.069 32.9079 0
    endloop
  endfacet
  facet normal -0.802841 -0.596194 0
    outer loop
      vertex 44.069 32.9079 3
      vertex 44.2121 32.7152 0
      vertex 44.2121 32.7152 3
    endloop
  endfacet
  facet normal -0.805171 -0.593043 0
    outer loop
      vertex 44.3544 32.522 0
      vertex 44.2121 32.7152 3
      vertex 44.2121 32.7152 0
    endloop
  endfacet
  facet normal -0.805171 -0.593043 0
    outer loop
      vertex 44.2121 32.7152 3
      vertex 44.3544 32.522 0
      vertex 44.3544 32.522 3
    endloop
  endfacet
  facet normal -0.807635 -0.589682 0
    outer loop
      vertex 44.4959 32.3282 0
      vertex 44.3544 32.522 3
      vertex 44.3544 32.522 0
    endloop
  endfacet
  facet normal -0.807635 -0.589682 0
    outer loop
      vertex 44.3544 32.522 3
      vertex 44.4959 32.3282 0
      vertex 44.4959 32.3282 3
    endloop
  endfacet
  facet normal -0.810229 -0.586114 0
    outer loop
      vertex 44.6366 32.1337 0
      vertex 44.4959 32.3282 3
      vertex 44.4959 32.3282 0
    endloop
  endfacet
  facet normal -0.810229 -0.586114 0
    outer loop
      vertex 44.4959 32.3282 3
      vertex 44.6366 32.1337 0
      vertex 44.6366 32.1337 3
    endloop
  endfacet
  facet normal -0.812718 -0.582657 0
    outer loop
      vertex 44.7764 31.9387 0
      vertex 44.6366 32.1337 3
      vertex 44.6366 32.1337 0
    endloop
  endfacet
  facet normal -0.812718 -0.582657 0
    outer loop
      vertex 44.6366 32.1337 3
      vertex 44.7764 31.9387 0
      vertex 44.7764 31.9387 3
    endloop
  endfacet
  facet normal -0.815475 -0.578792 0
    outer loop
      vertex 44.9153 31.743 0
      vertex 44.7764 31.9387 3
      vertex 44.7764 31.9387 0
    endloop
  endfacet
  facet normal -0.815475 -0.578792 0
    outer loop
      vertex 44.7764 31.9387 3
      vertex 44.9153 31.743 0
      vertex 44.9153 31.743 3
    endloop
  endfacet
  facet normal -0.817879 -0.57539 0
    outer loop
      vertex 45.0534 31.5467 0
      vertex 44.9153 31.743 3
      vertex 44.9153 31.743 0
    endloop
  endfacet
  facet normal -0.817879 -0.57539 0
    outer loop
      vertex 44.9153 31.743 3
      vertex 45.0534 31.5467 0
      vertex 45.0534 31.5467 3
    endloop
  endfacet
  facet normal -0.820463 -0.571699 0
    outer loop
      vertex 45.1906 31.3498 0
      vertex 45.0534 31.5467 3
      vertex 45.0534 31.5467 0
    endloop
  endfacet
  facet normal -0.820463 -0.571699 0
    outer loop
      vertex 45.0534 31.5467 3
      vertex 45.1906 31.3498 0
      vertex 45.1906 31.3498 3
    endloop
  endfacet
  facet normal -0.823031 -0.567996 0
    outer loop
      vertex 45.3269 31.1523 0
      vertex 45.1906 31.3498 3
      vertex 45.1906 31.3498 0
    endloop
  endfacet
  facet normal -0.823031 -0.567996 0
    outer loop
      vertex 45.1906 31.3498 3
      vertex 45.3269 31.1523 0
      vertex 45.3269 31.1523 3
    endloop
  endfacet
  facet normal -0.825256 -0.564759 0
    outer loop
      vertex 45.4624 30.9543 0
      vertex 45.3269 31.1523 3
      vertex 45.3269 31.1523 0
    endloop
  endfacet
  facet normal -0.825256 -0.564759 0
    outer loop
      vertex 45.3269 31.1523 3
      vertex 45.4624 30.9543 0
      vertex 45.4624 30.9543 3
    endloop
  endfacet
  facet normal -0.827731 -0.561124 0
    outer loop
      vertex 45.5971 30.7556 0
      vertex 45.4624 30.9543 3
      vertex 45.4624 30.9543 0
    endloop
  endfacet
  facet normal -0.827731 -0.561124 0
    outer loop
      vertex 45.4624 30.9543 3
      vertex 45.5971 30.7556 0
      vertex 45.5971 30.7556 3
    endloop
  endfacet
  facet normal -0.830315 -0.557295 0
    outer loop
      vertex 45.7308 30.5564 0
      vertex 45.5971 30.7556 3
      vertex 45.5971 30.7556 0
    endloop
  endfacet
  facet normal -0.830315 -0.557295 0
    outer loop
      vertex 45.5971 30.7556 3
      vertex 45.7308 30.5564 0
      vertex 45.7308 30.5564 3
    endloop
  endfacet
  facet normal -0.832755 -0.553642 0
    outer loop
      vertex 45.8637 30.3565 0
      vertex 45.7308 30.5564 3
      vertex 45.7308 30.5564 0
    endloop
  endfacet
  facet normal -0.832755 -0.553642 0
    outer loop
      vertex 45.7308 30.5564 3
      vertex 45.8637 30.3565 0
      vertex 45.8637 30.3565 3
    endloop
  endfacet
  facet normal -0.835115 -0.550076 0
    outer loop
      vertex 45.9957 30.1561 0
      vertex 45.8637 30.3565 3
      vertex 45.8637 30.3565 0
    endloop
  endfacet
  facet normal -0.835115 -0.550076 0
    outer loop
      vertex 45.8637 30.3565 3
      vertex 45.9957 30.1561 0
      vertex 45.9957 30.1561 3
    endloop
  endfacet
  facet normal -0.837395 -0.546598 0
    outer loop
      vertex 46.1269 29.9551 0
      vertex 45.9957 30.1561 3
      vertex 45.9957 30.1561 0
    endloop
  endfacet
  facet normal -0.837395 -0.546598 0
    outer loop
      vertex 45.9957 30.1561 3
      vertex 46.1269 29.9551 0
      vertex 46.1269 29.9551 3
    endloop
  endfacet
  facet normal -0.839917 -0.542715 0
    outer loop
      vertex 46.2571 29.7536 0
      vertex 46.1269 29.9551 3
      vertex 46.1269 29.9551 0
    endloop
  endfacet
  facet normal -0.839917 -0.542715 0
    outer loop
      vertex 46.1269 29.9551 3
      vertex 46.2571 29.7536 0
      vertex 46.2571 29.7536 3
    endloop
  endfacet
  facet normal -0.842165 -0.539219 0
    outer loop
      vertex 46.3865 29.5515 0
      vertex 46.2571 29.7536 3
      vertex 46.2571 29.7536 0
    endloop
  endfacet
  facet normal -0.842165 -0.539219 0
    outer loop
      vertex 46.2571 29.7536 3
      vertex 46.3865 29.5515 0
      vertex 46.3865 29.5515 3
    endloop
  endfacet
  facet normal -0.844587 -0.535419 0
    outer loop
      vertex 46.515 29.3488 0
      vertex 46.3865 29.5515 3
      vertex 46.3865 29.5515 0
    endloop
  endfacet
  facet normal -0.844587 -0.535419 0
    outer loop
      vertex 46.3865 29.5515 3
      vertex 46.515 29.3488 0
      vertex 46.515 29.3488 3
    endloop
  endfacet
  facet normal -0.846873 -0.531796 0
    outer loop
      vertex 46.6426 29.1456 0
      vertex 46.515 29.3488 3
      vertex 46.515 29.3488 0
    endloop
  endfacet
  facet normal -0.846873 -0.531796 0
    outer loop
      vertex 46.515 29.3488 3
      vertex 46.6426 29.1456 0
      vertex 46.6426 29.1456 3
    endloop
  endfacet
  facet normal -0.849073 -0.528275 0
    outer loop
      vertex 46.7694 28.9418 0
      vertex 46.6426 29.1456 3
      vertex 46.6426 29.1456 0
    endloop
  endfacet
  facet normal -0.849073 -0.528275 0
    outer loop
      vertex 46.6426 29.1456 3
      vertex 46.7694 28.9418 0
      vertex 46.7694 28.9418 3
    endloop
  endfacet
  facet normal -0.85163 -0.524144 0
    outer loop
      vertex 46.8952 28.7374 0
      vertex 46.7694 28.9418 3
      vertex 46.7694 28.9418 0
    endloop
  endfacet
  facet normal -0.85163 -0.524144 0
    outer loop
      vertex 46.7694 28.9418 3
      vertex 46.8952 28.7374 0
      vertex 46.8952 28.7374 3
    endloop
  endfacet
  facet normal -0.853868 -0.520489 0
    outer loop
      vertex 47.0201 28.5325 0
      vertex 46.8952 28.7374 3
      vertex 46.8952 28.7374 0
    endloop
  endfacet
  facet normal -0.853868 -0.520489 0
    outer loop
      vertex 46.8952 28.7374 3
      vertex 47.0201 28.5325 0
      vertex 47.0201 28.5325 3
    endloop
  endfacet
  facet normal -0.855908 -0.517128 0
    outer loop
      vertex 47.1442 28.3271 0
      vertex 47.0201 28.5325 3
      vertex 47.0201 28.5325 0
    endloop
  endfacet
  facet normal -0.855908 -0.517128 0
    outer loop
      vertex 47.0201 28.5325 3
      vertex 47.1442 28.3271 0
      vertex 47.1442 28.3271 3
    endloop
  endfacet
  facet normal -0.858411 -0.512963 0
    outer loop
      vertex 47.2673 28.1211 0
      vertex 47.1442 28.3271 3
      vertex 47.1442 28.3271 0
    endloop
  endfacet
  facet normal -0.858411 -0.512963 0
    outer loop
      vertex 47.1442 28.3271 3
      vertex 47.2673 28.1211 0
      vertex 47.2673 28.1211 3
    endloop
  endfacet
  facet normal -0.86042 -0.509585 0
    outer loop
      vertex 47.3896 27.9146 0
      vertex 47.2673 28.1211 3
      vertex 47.2673 28.1211 0
    endloop
  endfacet
  facet normal -0.86042 -0.509585 0
    outer loop
      vertex 47.2673 28.1211 3
      vertex 47.3896 27.9146 0
      vertex 47.3896 27.9146 3
    endloop
  endfacet
  facet normal -0.862779 -0.50558 0
    outer loop
      vertex 47.5109 27.7076 0
      vertex 47.3896 27.9146 3
      vertex 47.3896 27.9146 0
    endloop
  endfacet
  facet normal -0.862779 -0.50558 0
    outer loop
      vertex 47.3896 27.9146 3
      vertex 47.5109 27.7076 0
      vertex 47.5109 27.7076 3
    endloop
  endfacet
  facet normal -0.864865 -0.502005 0
    outer loop
      vertex 47.6314 27.5 0
      vertex 47.5109 27.7076 3
      vertex 47.5109 27.7076 0
    endloop
  endfacet
  facet normal -0.864865 -0.502005 0
    outer loop
      vertex 47.5109 27.7076 3
      vertex 47.6314 27.5 0
      vertex 47.6314 27.5 3
    endloop
  endfacet
  facet normal -0.86719 -0.497978 0
    outer loop
      vertex 47.7509 27.2919 0
      vertex 47.6314 27.5 3
      vertex 47.6314 27.5 0
    endloop
  endfacet
  facet normal -0.86719 -0.497978 0
    outer loop
      vertex 47.6314 27.5 3
      vertex 47.7509 27.2919 0
      vertex 47.7509 27.2919 3
    endloop
  endfacet
  facet normal -0.869139 -0.494568 0
    outer loop
      vertex 47.8696 27.0833 0
      vertex 47.7509 27.2919 3
      vertex 47.7509 27.2919 0
    endloop
  endfacet
  facet normal -0.869139 -0.494568 0
    outer loop
      vertex 47.7509 27.2919 3
      vertex 47.8696 27.0833 0
      vertex 47.8696 27.0833 3
    endloop
  endfacet
  facet normal -0.871431 -0.490518 0
    outer loop
      vertex 47.9873 26.8742 0
      vertex 47.8696 27.0833 3
      vertex 47.8696 27.0833 0
    endloop
  endfacet
  facet normal -0.871431 -0.490518 0
    outer loop
      vertex 47.8696 27.0833 3
      vertex 47.9873 26.8742 0
      vertex 47.9873 26.8742 3
    endloop
  endfacet
  facet normal -0.873626 -0.486598 0
    outer loop
      vertex 48.1041 26.6645 0
      vertex 47.9873 26.8742 3
      vertex 47.9873 26.8742 0
    endloop
  endfacet
  facet normal -0.873626 -0.486598 0
    outer loop
      vertex 47.9873 26.8742 3
      vertex 48.1041 26.6645 0
      vertex 48.1041 26.6645 3
    endloop
  endfacet
  facet normal -0.875608 -0.483022 0
    outer loop
      vertex 48.22 26.4544 0
      vertex 48.1041 26.6645 3
      vertex 48.1041 26.6645 0
    endloop
  endfacet
  facet normal -0.875608 -0.483022 0
    outer loop
      vertex 48.1041 26.6645 3
      vertex 48.22 26.4544 0
      vertex 48.22 26.4544 3
    endloop
  endfacet
  facet normal -0.877943 -0.478765 0
    outer loop
      vertex 48.3349 26.2437 0
      vertex 48.22 26.4544 3
      vertex 48.22 26.4544 0
    endloop
  endfacet
  facet normal -0.877943 -0.478765 0
    outer loop
      vertex 48.22 26.4544 3
      vertex 48.3349 26.2437 0
      vertex 48.3349 26.2437 3
    endloop
  endfacet
  facet normal -0.879721 -0.475491 0
    outer loop
      vertex 48.449 26.0326 0
      vertex 48.3349 26.2437 3
      vertex 48.3349 26.2437 0
    endloop
  endfacet
  facet normal -0.879721 -0.475491 0
    outer loop
      vertex 48.3349 26.2437 3
      vertex 48.449 26.0326 0
      vertex 48.449 26.0326 3
    endloop
  endfacet
  facet normal -0.882018 -0.471215 0
    outer loop
      vertex 48.5621 25.8209 0
      vertex 48.449 26.0326 3
      vertex 48.449 26.0326 0
    endloop
  endfacet
  facet normal -0.882018 -0.471215 0
    outer loop
      vertex 48.449 26.0326 3
      vertex 48.5621 25.8209 0
      vertex 48.5621 25.8209 3
    endloop
  endfacet
  facet normal -0.88394 -0.4676 0
    outer loop
      vertex 48.6743 25.6088 0
      vertex 48.5621 25.8209 3
      vertex 48.5621 25.8209 0
    endloop
  endfacet
  facet normal -0.88394 -0.4676 0
    outer loop
      vertex 48.5621 25.8209 3
      vertex 48.6743 25.6088 0
      vertex 48.6743 25.6088 3
    endloop
  endfacet
  facet normal -0.885938 -0.463805 0
    outer loop
      vertex 48.7856 25.3962 0
      vertex 48.6743 25.6088 3
      vertex 48.6743 25.6088 0
    endloop
  endfacet
  facet normal -0.885938 -0.463805 0
    outer loop
      vertex 48.6743 25.6088 3
      vertex 48.7856 25.3962 0
      vertex 48.7856 25.3962 3
    endloop
  endfacet
  facet normal -0.888089 -0.459672 0
    outer loop
      vertex 48.8959 25.1831 0
      vertex 48.7856 25.3962 3
      vertex 48.7856 25.3962 0
    endloop
  endfacet
  facet normal -0.888089 -0.459672 0
    outer loop
      vertex 48.7856 25.3962 3
      vertex 48.8959 25.1831 0
      vertex 48.8959 25.1831 3
    endloop
  endfacet
  facet normal -0.889883 -0.45619 0
    outer loop
      vertex 49.0054 24.9695 0
      vertex 48.8959 25.1831 3
      vertex 48.8959 25.1831 0
    endloop
  endfacet
  facet normal -0.889883 -0.45619 0
    outer loop
      vertex 48.8959 25.1831 3
      vertex 49.0054 24.9695 0
      vertex 49.0054 24.9695 3
    endloop
  endfacet
  facet normal -0.892166 -0.451708 0
    outer loop
      vertex 49.1138 24.7554 0
      vertex 49.0054 24.9695 3
      vertex 49.0054 24.9695 0
    endloop
  endfacet
  facet normal -0.892166 -0.451708 0
    outer loop
      vertex 49.0054 24.9695 3
      vertex 49.1138 24.7554 0
      vertex 49.1138 24.7554 3
    endloop
  endfacet
  facet normal -0.893843 -0.44838 0
    outer loop
      vertex 49.2214 24.5409 0
      vertex 49.1138 24.7554 3
      vertex 49.1138 24.7554 0
    endloop
  endfacet
  facet normal -0.893843 -0.44838 0
    outer loop
      vertex 49.1138 24.7554 3
      vertex 49.2214 24.5409 0
      vertex 49.2214 24.5409 3
    endloop
  endfacet
  facet normal -0.895922 -0.444211 0
    outer loop
      vertex 49.328 24.3259 0
      vertex 49.2214 24.5409 3
      vertex 49.2214 24.5409 0
    endloop
  endfacet
  facet normal -0.895922 -0.444211 0
    outer loop
      vertex 49.2214 24.5409 3
      vertex 49.328 24.3259 0
      vertex 49.328 24.3259 3
    endloop
  endfacet
  facet normal -0.897817 -0.440368 0
    outer loop
      vertex 49.4337 24.1104 0
      vertex 49.328 24.3259 3
      vertex 49.328 24.3259 0
    endloop
  endfacet
  facet normal -0.897817 -0.440368 0
    outer loop
      vertex 49.328 24.3259 3
      vertex 49.4337 24.1104 0
      vertex 49.4337 24.1104 3
    endloop
  endfacet
  facet normal -0.899779 -0.436345 0
    outer loop
      vertex 49.5384 23.8945 0
      vertex 49.4337 24.1104 3
      vertex 49.4337 24.1104 0
    endloop
  endfacet
  facet normal -0.899779 -0.436345 0
    outer loop
      vertex 49.4337 24.1104 3
      vertex 49.5384 23.8945 0
      vertex 49.5384 23.8945 3
    endloop
  endfacet
  facet normal -0.90164 -0.432487 0
    outer loop
      vertex 49.6422 23.6781 0
      vertex 49.5384 23.8945 3
      vertex 49.5384 23.8945 0
    endloop
  endfacet
  facet normal -0.90164 -0.432487 0
    outer loop
      vertex 49.5384 23.8945 3
      vertex 49.6422 23.6781 0
      vertex 49.6422 23.6781 3
    endloop
  endfacet
  facet normal -0.903568 -0.428445 0
    outer loop
      vertex 49.745 23.4613 0
      vertex 49.6422 23.6781 3
      vertex 49.6422 23.6781 0
    endloop
  endfacet
  facet normal -0.903568 -0.428445 0
    outer loop
      vertex 49.6422 23.6781 3
      vertex 49.745 23.4613 0
      vertex 49.745 23.4613 3
    endloop
  endfacet
  facet normal -0.905394 -0.424573 0
    outer loop
      vertex 49.8469 23.244 0
      vertex 49.745 23.4613 3
      vertex 49.745 23.4613 0
    endloop
  endfacet
  facet normal -0.905394 -0.424573 0
    outer loop
      vertex 49.745 23.4613 3
      vertex 49.8469 23.244 0
      vertex 49.8469 23.244 3
    endloop
  endfacet
  facet normal -0.907128 -0.420854 0
    outer loop
      vertex 49.9479 23.0263 0
      vertex 49.8469 23.244 3
      vertex 49.8469 23.244 0
    endloop
  endfacet
  facet normal -0.907128 -0.420854 0
    outer loop
      vertex 49.8469 23.244 3
      vertex 49.9479 23.0263 0
      vertex 49.9479 23.0263 3
    endloop
  endfacet
  facet normal -0.909078 -0.416626 0
    outer loop
      vertex 50.0479 22.8081 0
      vertex 49.9479 23.0263 3
      vertex 49.9479 23.0263 0
    endloop
  endfacet
  facet normal -0.909078 -0.416626 0
    outer loop
      vertex 49.9479 23.0263 3
      vertex 50.0479 22.8081 0
      vertex 50.0479 22.8081 3
    endloop
  endfacet
  facet normal -0.910936 -0.412547 0
    outer loop
      vertex 50.1469 22.5895 0
      vertex 50.0479 22.8081 3
      vertex 50.0479 22.8081 0
    endloop
  endfacet
  facet normal -0.910936 -0.412547 0
    outer loop
      vertex 50.0479 22.8081 3
      vertex 50.1469 22.5895 0
      vertex 50.1469 22.5895 3
    endloop
  endfacet
  facet normal -0.912622 -0.408805 0
    outer loop
      vertex 50.245 22.3705 0
      vertex 50.1469 22.5895 3
      vertex 50.1469 22.5895 0
    endloop
  endfacet
  facet normal -0.912622 -0.408805 0
    outer loop
      vertex 50.1469 22.5895 3
      vertex 50.245 22.3705 0
      vertex 50.245 22.3705 3
    endloop
  endfacet
  facet normal -0.914446 -0.404707 0
    outer loop
      vertex 50.3421 22.1511 0
      vertex 50.245 22.3705 3
      vertex 50.245 22.3705 0
    endloop
  endfacet
  facet normal -0.914446 -0.404707 0
    outer loop
      vertex 50.245 22.3705 3
      vertex 50.3421 22.1511 0
      vertex 50.3421 22.1511 3
    endloop
  endfacet
  facet normal -0.916167 -0.400797 0
    outer loop
      vertex 50.4383 21.9312 0
      vertex 50.3421 22.1511 3
      vertex 50.3421 22.1511 0
    endloop
  endfacet
  facet normal -0.916167 -0.400797 0
    outer loop
      vertex 50.3421 22.1511 3
      vertex 50.4383 21.9312 0
      vertex 50.4383 21.9312 3
    endloop
  endfacet
  facet normal -0.917955 -0.396683 0
    outer loop
      vertex 50.5335 21.7109 0
      vertex 50.4383 21.9312 3
      vertex 50.4383 21.9312 0
    endloop
  endfacet
  facet normal -0.917955 -0.396683 0
    outer loop
      vertex 50.4383 21.9312 3
      vertex 50.5335 21.7109 0
      vertex 50.5335 21.7109 3
    endloop
  endfacet
  facet normal -0.919576 -0.392913 0
    outer loop
      vertex 50.6278 21.4902 0
      vertex 50.5335 21.7109 3
      vertex 50.5335 21.7109 0
    endloop
  endfacet
  facet normal -0.919576 -0.392913 0
    outer loop
      vertex 50.5335 21.7109 3
      vertex 50.6278 21.4902 0
      vertex 50.6278 21.4902 3
    endloop
  endfacet
  facet normal -0.921478 -0.38843 0
    outer loop
      vertex 50.721 21.2691 0
      vertex 50.6278 21.4902 3
      vertex 50.6278 21.4902 0
    endloop
  endfacet
  facet normal -0.921478 -0.38843 0
    outer loop
      vertex 50.6278 21.4902 3
      vertex 50.721 21.2691 0
      vertex 50.721 21.2691 3
    endloop
  endfacet
  facet normal -0.922917 -0.385 0
    outer loop
      vertex 50.8134 21.0476 0
      vertex 50.721 21.2691 3
      vertex 50.721 21.2691 0
    endloop
  endfacet
  facet normal -0.922917 -0.385 0
    outer loop
      vertex 50.721 21.2691 3
      vertex 50.8134 21.0476 0
      vertex 50.8134 21.0476 3
    endloop
  endfacet
  facet normal -0.924782 -0.380498 0
    outer loop
      vertex 50.9047 20.8257 0
      vertex 50.8134 21.0476 3
      vertex 50.8134 21.0476 0
    endloop
  endfacet
  facet normal -0.924782 -0.380498 0
    outer loop
      vertex 50.8134 21.0476 3
      vertex 50.9047 20.8257 0
      vertex 50.9047 20.8257 3
    endloop
  endfacet
  facet normal -0.926394 -0.376556 0
    outer loop
      vertex 50.9951 20.6033 0
      vertex 50.9047 20.8257 3
      vertex 50.9047 20.8257 0
    endloop
  endfacet
  facet normal -0.926394 -0.376556 0
    outer loop
      vertex 50.9047 20.8257 3
      vertex 50.9951 20.6033 0
      vertex 50.9951 20.6033 3
    endloop
  endfacet
  facet normal -0.928016 -0.37254 0
    outer loop
      vertex 51.0845 20.3806 0
      vertex 50.9951 20.6033 3
      vertex 50.9951 20.6033 0
    endloop
  endfacet
  facet normal -0.928016 -0.37254 0
    outer loop
      vertex 50.9951 20.6033 3
      vertex 51.0845 20.3806 0
      vertex 51.0845 20.3806 3
    endloop
  endfacet
  facet normal -0.929479 -0.368874 0
    outer loop
      vertex 51.173 20.1576 0
      vertex 51.0845 20.3806 3
      vertex 51.0845 20.3806 0
    endloop
  endfacet
  facet normal -0.929479 -0.368874 0
    outer loop
      vertex 51.0845 20.3806 3
      vertex 51.173 20.1576 0
      vertex 51.173 20.1576 3
    endloop
  endfacet
  facet normal -0.931323 -0.364195 0
    outer loop
      vertex 51.2604 19.9341 0
      vertex 51.173 20.1576 3
      vertex 51.173 20.1576 0
    endloop
  endfacet
  facet normal -0.931323 -0.364195 0
    outer loop
      vertex 51.173 20.1576 3
      vertex 51.2604 19.9341 0
      vertex 51.2604 19.9341 3
    endloop
  endfacet
  facet normal -0.932808 -0.360375 0
    outer loop
      vertex 51.3469 19.7102 0
      vertex 51.2604 19.9341 3
      vertex 51.2604 19.9341 0
    endloop
  endfacet
  facet normal -0.932808 -0.360375 0
    outer loop
      vertex 51.2604 19.9341 3
      vertex 51.3469 19.7102 0
      vertex 51.3469 19.7102 3
    endloop
  endfacet
  facet normal -0.934362 -0.356325 0
    outer loop
      vertex 51.4324 19.486 0
      vertex 51.3469 19.7102 3
      vertex 51.3469 19.7102 0
    endloop
  endfacet
  facet normal -0.934362 -0.356325 0
    outer loop
      vertex 51.3469 19.7102 3
      vertex 51.4324 19.486 0
      vertex 51.4324 19.486 3
    endloop
  endfacet
  facet normal -0.935814 -0.352493 0
    outer loop
      vertex 51.517 19.2614 0
      vertex 51.4324 19.486 3
      vertex 51.4324 19.486 0
    endloop
  endfacet
  facet normal -0.935814 -0.352493 0
    outer loop
      vertex 51.4324 19.486 3
      vertex 51.517 19.2614 0
      vertex 51.517 19.2614 3
    endloop
  endfacet
  facet normal -0.937522 -0.347925 0
    outer loop
      vertex 51.6005 19.0364 0
      vertex 51.517 19.2614 3
      vertex 51.517 19.2614 0
    endloop
  endfacet
  facet normal -0.937522 -0.347925 0
    outer loop
      vertex 51.517 19.2614 3
      vertex 51.6005 19.0364 0
      vertex 51.6005 19.0364 3
    endloop
  endfacet
  facet normal -0.93889 -0.344218 0
    outer loop
      vertex 51.6831 18.8111 0
      vertex 51.6005 19.0364 3
      vertex 51.6005 19.0364 0
    endloop
  endfacet
  facet normal -0.93889 -0.344218 0
    outer loop
      vertex 51.6005 19.0364 3
      vertex 51.6831 18.8111 0
      vertex 51.6831 18.8111 3
    endloop
  endfacet
  facet normal -0.940424 -0.340003 0
    outer loop
      vertex 51.7647 18.5854 0
      vertex 51.6831 18.8111 3
      vertex 51.6831 18.8111 0
    endloop
  endfacet
  facet normal -0.940424 -0.340003 0
    outer loop
      vertex 51.6831 18.8111 3
      vertex 51.7647 18.5854 0
      vertex 51.7647 18.5854 3
    endloop
  endfacet
  facet normal -0.941893 -0.335914 0
    outer loop
      vertex 51.8453 18.3594 0
      vertex 51.7647 18.5854 3
      vertex 51.7647 18.5854 0
    endloop
  endfacet
  facet normal -0.941893 -0.335914 0
    outer loop
      vertex 51.7647 18.5854 3
      vertex 51.8453 18.3594 0
      vertex 51.8453 18.3594 3
    endloop
  endfacet
  facet normal -0.94339 -0.331686 0
    outer loop
      vertex 51.9249 18.133 0
      vertex 51.8453 18.3594 3
      vertex 51.8453 18.3594 0
    endloop
  endfacet
  facet normal -0.94339 -0.331686 0
    outer loop
      vertex 51.8453 18.3594 3
      vertex 51.9249 18.133 0
      vertex 51.9249 18.133 3
    endloop
  endfacet
  facet normal -0.944867 -0.327454 0
    outer loop
      vertex 52.0035 17.9062 0
      vertex 51.9249 18.133 3
      vertex 51.9249 18.133 0
    endloop
  endfacet
  facet normal -0.944867 -0.327454 0
    outer loop
      vertex 51.9249 18.133 3
      vertex 52.0035 17.9062 0
      vertex 52.0035 17.9062 3
    endloop
  endfacet
  facet normal -0.946238 -0.323472 0
    outer loop
      vertex 52.0811 17.6792 0
      vertex 52.0035 17.9062 3
      vertex 52.0035 17.9062 0
    endloop
  endfacet
  facet normal -0.946238 -0.323472 0
    outer loop
      vertex 52.0035 17.9062 3
      vertex 52.0811 17.6792 0
      vertex 52.0811 17.6792 3
    endloop
  endfacet
  facet normal -0.947552 -0.319601 0
    outer loop
      vertex 52.1578 17.4518 0
      vertex 52.0811 17.6792 3
      vertex 52.0811 17.6792 0
    endloop
  endfacet
  facet normal -0.947552 -0.319601 0
    outer loop
      vertex 52.0811 17.6792 3
      vertex 52.1578 17.4518 0
      vertex 52.1578 17.4518 3
    endloop
  endfacet
  facet normal -0.949099 -0.314978 0
    outer loop
      vertex 52.2334 17.224 0
      vertex 52.1578 17.4518 3
      vertex 52.1578 17.4518 0
    endloop
  endfacet
  facet normal -0.949099 -0.314978 0
    outer loop
      vertex 52.1578 17.4518 3
      vertex 52.2334 17.224 0
      vertex 52.2334 17.224 3
    endloop
  endfacet
  facet normal -0.950337 -0.311224 0
    outer loop
      vertex 52.3081 16.9959 0
      vertex 52.2334 17.224 3
      vertex 52.2334 17.224 0
    endloop
  endfacet
  facet normal -0.950337 -0.311224 0
    outer loop
      vertex 52.2334 17.224 3
      vertex 52.3081 16.9959 0
      vertex 52.3081 16.9959 3
    endloop
  endfacet
  facet normal -0.951681 -0.307088 0
    outer loop
      vertex 52.3818 16.7675 0
      vertex 52.3081 16.9959 3
      vertex 52.3081 16.9959 0
    endloop
  endfacet
  facet normal -0.951681 -0.307088 0
    outer loop
      vertex 52.3081 16.9959 3
      vertex 52.3818 16.7675 0
      vertex 52.3818 16.7675 3
    endloop
  endfacet
  facet normal -0.953128 -0.302567 0
    outer loop
      vertex 52.4544 16.5388 0
      vertex 52.3818 16.7675 3
      vertex 52.3818 16.7675 0
    endloop
  endfacet
  facet normal -0.953128 -0.302567 0
    outer loop
      vertex 52.3818 16.7675 3
      vertex 52.4544 16.5388 0
      vertex 52.4544 16.5388 3
    endloop
  endfacet
  facet normal -0.954317 -0.298797 0
    outer loop
      vertex 52.5261 16.3098 0
      vertex 52.4544 16.5388 3
      vertex 52.4544 16.5388 0
    endloop
  endfacet
  facet normal -0.954317 -0.298797 0
    outer loop
      vertex 52.4544 16.5388 3
      vertex 52.5261 16.3098 0
      vertex 52.5261 16.3098 3
    endloop
  endfacet
  facet normal -0.955644 -0.294525 0
    outer loop
      vertex 52.5968 16.0804 0
      vertex 52.5261 16.3098 3
      vertex 52.5261 16.3098 0
    endloop
  endfacet
  facet normal -0.955644 -0.294525 0
    outer loop
      vertex 52.5261 16.3098 3
      vertex 52.5968 16.0804 0
      vertex 52.5968 16.0804 3
    endloop
  endfacet
  facet normal -0.956996 -0.2901 0
    outer loop
      vertex 52.6664 15.8508 0
      vertex 52.5968 16.0804 3
      vertex 52.5968 16.0804 0
    endloop
  endfacet
  facet normal -0.956996 -0.2901 0
    outer loop
      vertex 52.5968 16.0804 3
      vertex 52.6664 15.8508 0
      vertex 52.6664 15.8508 3
    endloop
  endfacet
  facet normal -0.95817 -0.286201 0
    outer loop
      vertex 52.7351 15.6208 0
      vertex 52.6664 15.8508 3
      vertex 52.6664 15.8508 0
    endloop
  endfacet
  facet normal -0.95817 -0.286201 0
    outer loop
      vertex 52.6664 15.8508 3
      vertex 52.7351 15.6208 0
      vertex 52.7351 15.6208 3
    endloop
  endfacet
  facet normal -0.959485 -0.28176 0
    outer loop
      vertex 52.8027 15.3906 0
      vertex 52.7351 15.6208 3
      vertex 52.7351 15.6208 0
    endloop
  endfacet
  facet normal -0.959485 -0.28176 0
    outer loop
      vertex 52.7351 15.6208 3
      vertex 52.8027 15.3906 0
      vertex 52.8027 15.3906 3
    endloop
  endfacet
  facet normal -0.960623 -0.277856 0
    outer loop
      vertex 52.8694 15.16 0
      vertex 52.8027 15.3906 3
      vertex 52.8027 15.3906 0
    endloop
  endfacet
  facet normal -0.960623 -0.277856 0
    outer loop
      vertex 52.8027 15.3906 3
      vertex 52.8694 15.16 0
      vertex 52.8694 15.16 3
    endloop
  endfacet
  facet normal -0.9619 -0.2734 0
    outer loop
      vertex 52.935 14.9292 0
      vertex 52.8694 15.16 3
      vertex 52.8694 15.16 0
    endloop
  endfacet
  facet normal -0.9619 -0.2734 0
    outer loop
      vertex 52.8694 15.16 3
      vertex 52.935 14.9292 0
      vertex 52.935 14.9292 3
    endloop
  endfacet
  facet normal -0.962973 -0.269599 0
    outer loop
      vertex 52.9997 14.6981 0
      vertex 52.935 14.9292 3
      vertex 52.935 14.9292 0
    endloop
  endfacet
  facet normal -0.962973 -0.269599 0
    outer loop
      vertex 52.935 14.9292 3
      vertex 52.9997 14.6981 0
      vertex 52.9997 14.6981 3
    endloop
  endfacet
  facet normal -0.964243 -0.265021 0
    outer loop
      vertex 53.0633 14.4667 0
      vertex 52.9997 14.6981 3
      vertex 52.9997 14.6981 0
    endloop
  endfacet
  facet normal -0.964243 -0.265021 0
    outer loop
      vertex 52.9997 14.6981 3
      vertex 53.0633 14.4667 0
      vertex 53.0633 14.4667 3
    endloop
  endfacet
  facet normal -0.965386 -0.260825 0
    outer loop
      vertex 53.1259 14.235 0
      vertex 53.0633 14.4667 3
      vertex 53.0633 14.4667 0
    endloop
  endfacet
  facet normal -0.965386 -0.260825 0
    outer loop
      vertex 53.0633 14.4667 3
      vertex 53.1259 14.235 0
      vertex 53.1259 14.235 3
    endloop
  endfacet
  facet normal -0.966484 -0.256729 0
    outer loop
      vertex 53.1875 14.0031 0
      vertex 53.1259 14.235 3
      vertex 53.1259 14.235 0
    endloop
  endfacet
  facet normal -0.966484 -0.256729 0
    outer loop
      vertex 53.1259 14.235 3
      vertex 53.1875 14.0031 0
      vertex 53.1875 14.0031 3
    endloop
  endfacet
  facet normal -0.967591 -0.252524 0
    outer loop
      vertex 53.2481 13.7709 0
      vertex 53.1875 14.0031 3
      vertex 53.1875 14.0031 0
    endloop
  endfacet
  facet normal -0.967591 -0.252524 0
    outer loop
      vertex 53.1875 14.0031 3
      vertex 53.2481 13.7709 0
      vertex 53.2481 13.7709 3
    endloop
  endfacet
  facet normal -0.968679 -0.248315 0
    outer loop
      vertex 53.3077 13.5384 0
      vertex 53.2481 13.7709 3
      vertex 53.2481 13.7709 0
    endloop
  endfacet
  facet normal -0.968679 -0.248315 0
    outer loop
      vertex 53.2481 13.7709 3
      vertex 53.3077 13.5384 0
      vertex 53.3077 13.5384 3
    endloop
  endfacet
  facet normal -0.969724 -0.244202 0
    outer loop
      vertex 53.3663 13.3057 0
      vertex 53.3077 13.5384 3
      vertex 53.3077 13.5384 0
    endloop
  endfacet
  facet normal -0.969724 -0.244202 0
    outer loop
      vertex 53.3077 13.5384 3
      vertex 53.3663 13.3057 0
      vertex 53.3663 13.3057 3
    endloop
  endfacet
  facet normal -0.970873 -0.239593 0
    outer loop
      vertex 53.4238 13.0727 0
      vertex 53.3663 13.3057 3
      vertex 53.3663 13.3057 0
    endloop
  endfacet
  facet normal -0.970873 -0.239593 0
    outer loop
      vertex 53.3663 13.3057 3
      vertex 53.4238 13.0727 0
      vertex 53.4238 13.0727 3
    endloop
  endfacet
  facet normal -0.971882 -0.235469 0
    outer loop
      vertex 53.4803 12.8395 0
      vertex 53.4238 13.0727 3
      vertex 53.4238 13.0727 0
    endloop
  endfacet
  facet normal -0.971882 -0.235469 0
    outer loop
      vertex 53.4238 13.0727 3
      vertex 53.4803 12.8395 0
      vertex 53.4803 12.8395 3
    endloop
  endfacet
  facet normal -0.972802 -0.231639 0
    outer loop
      vertex 53.5359 12.606 0
      vertex 53.4803 12.8395 3
      vertex 53.4803 12.8395 0
    endloop
  endfacet
  facet normal -0.972802 -0.231639 0
    outer loop
      vertex 53.4803 12.8395 3
      vertex 53.5359 12.606 0
      vertex 53.5359 12.606 3
    endloop
  endfacet
  facet normal -0.973961 -0.226716 0
    outer loop
      vertex 53.5903 12.3723 0
      vertex 53.5359 12.606 3
      vertex 53.5359 12.606 0
    endloop
  endfacet
  facet normal -0.973961 -0.226716 0
    outer loop
      vertex 53.5359 12.606 3
      vertex 53.5903 12.3723 0
      vertex 53.5903 12.3723 3
    endloop
  endfacet
  facet normal -0.974825 -0.222972 0
    outer loop
      vertex 53.6438 12.1384 0
      vertex 53.5903 12.3723 3
      vertex 53.5903 12.3723 0
    endloop
  endfacet
  facet normal -0.974825 -0.222972 0
    outer loop
      vertex 53.5903 12.3723 3
      vertex 53.6438 12.1384 0
      vertex 53.6438 12.1384 3
    endloop
  endfacet
  facet normal -0.975783 -0.218739 0
    outer loop
      vertex 53.6963 11.9042 0
      vertex 53.6438 12.1384 3
      vertex 53.6438 12.1384 0
    endloop
  endfacet
  facet normal -0.975783 -0.218739 0
    outer loop
      vertex 53.6438 12.1384 3
      vertex 53.6963 11.9042 0
      vertex 53.6963 11.9042 3
    endloop
  endfacet
  facet normal -0.976791 -0.214194 0
    outer loop
      vertex 53.7477 11.6698 0
      vertex 53.6963 11.9042 3
      vertex 53.6963 11.9042 0
    endloop
  endfacet
  facet normal -0.976791 -0.214194 0
    outer loop
      vertex 53.6963 11.9042 3
      vertex 53.7477 11.6698 0
      vertex 53.7477 11.6698 3
    endloop
  endfacet
  facet normal -0.977711 -0.209956 0
    outer loop
      vertex 53.7981 11.4351 0
      vertex 53.7477 11.6698 3
      vertex 53.7477 11.6698 0
    endloop
  endfacet
  facet normal -0.977711 -0.209956 0
    outer loop
      vertex 53.7477 11.6698 3
      vertex 53.7981 11.4351 0
      vertex 53.7981 11.4351 3
    endloop
  endfacet
  facet normal -0.978576 -0.205884 0
    outer loop
      vertex 53.8475 11.2003 0
      vertex 53.7981 11.4351 3
      vertex 53.7981 11.4351 0
    endloop
  endfacet
  facet normal -0.978576 -0.205884 0
    outer loop
      vertex 53.7981 11.4351 3
      vertex 53.8475 11.2003 0
      vertex 53.8475 11.2003 3
    endloop
  endfacet
  facet normal -0.979542 -0.201241 0
    outer loop
      vertex 53.8958 10.9652 0
      vertex 53.8475 11.2003 3
      vertex 53.8475 11.2003 0
    endloop
  endfacet
  facet normal -0.979542 -0.201241 0
    outer loop
      vertex 53.8475 11.2003 3
      vertex 53.8958 10.9652 0
      vertex 53.8958 10.9652 3
    endloop
  endfacet
  facet normal -0.980291 -0.197559 0
    outer loop
      vertex 53.9432 10.73 0
      vertex 53.8958 10.9652 3
      vertex 53.8958 10.9652 0
    endloop
  endfacet
  facet normal -0.980291 -0.197559 0
    outer loop
      vertex 53.8958 10.9652 3
      vertex 53.9432 10.73 0
      vertex 53.9432 10.73 3
    endloop
  endfacet
  facet normal -0.981216 -0.19291 0
    outer loop
      vertex 53.9895 10.4945 0
      vertex 53.9432 10.73 3
      vertex 53.9432 10.73 0
    endloop
  endfacet
  facet normal -0.981216 -0.19291 0
    outer loop
      vertex 53.9432 10.73 3
      vertex 53.9895 10.4945 0
      vertex 53.9895 10.4945 3
    endloop
  endfacet
  facet normal -0.982027 -0.188739 0
    outer loop
      vertex 54.0348 10.2588 0
      vertex 53.9895 10.4945 3
      vertex 53.9895 10.4945 0
    endloop
  endfacet
  facet normal -0.982027 -0.188739 0
    outer loop
      vertex 53.9895 10.4945 3
      vertex 54.0348 10.2588 0
      vertex 54.0348 10.2588 3
    endloop
  endfacet
  facet normal -0.982896 -0.184163 0
    outer loop
      vertex 54.079 10.0229 0
      vertex 54.0348 10.2588 3
      vertex 54.0348 10.2588 0
    endloop
  endfacet
  facet normal -0.982896 -0.184163 0
    outer loop
      vertex 54.0348 10.2588 3
      vertex 54.079 10.0229 0
      vertex 54.079 10.0229 3
    endloop
  endfacet
  facet normal -0.983659 -0.180044 0
    outer loop
      vertex 54.1222 9.78688 0
      vertex 54.079 10.0229 3
      vertex 54.079 10.0229 0
    endloop
  endfacet
  facet normal -0.983659 -0.180044 0
    outer loop
      vertex 54.079 10.0229 3
      vertex 54.1222 9.78688 0
      vertex 54.1222 9.78688 3
    endloop
  endfacet
  facet normal -0.984417 -0.175848 0
    outer loop
      vertex 54.1644 9.55064 0
      vertex 54.1222 9.78688 3
      vertex 54.1222 9.78688 0
    endloop
  endfacet
  facet normal -0.984417 -0.175848 0
    outer loop
      vertex 54.1222 9.78688 3
      vertex 54.1644 9.55064 0
      vertex 54.1644 9.55064 3
    endloop
  endfacet
  facet normal -0.985154 -0.171672 0
    outer loop
      vertex 54.2056 9.31421 0
      vertex 54.1644 9.55064 3
      vertex 54.1644 9.55064 0
    endloop
  endfacet
  facet normal -0.985154 -0.171672 0
    outer loop
      vertex 54.1644 9.55064 3
      vertex 54.2056 9.31421 0
      vertex 54.2056 9.31421 3
    endloop
  endfacet
  facet normal -0.98594 -0.167101 0
    outer loop
      vertex 54.2457 9.07761 0
      vertex 54.2056 9.31421 3
      vertex 54.2056 9.31421 0
    endloop
  endfacet
  facet normal -0.98594 -0.167101 0
    outer loop
      vertex 54.2056 9.31421 3
      vertex 54.2457 9.07761 0
      vertex 54.2457 9.07761 3
    endloop
  endfacet
  facet normal -0.986637 -0.162932 0
    outer loop
      vertex 54.2848 8.84084 0
      vertex 54.2457 9.07761 3
      vertex 54.2457 9.07761 0
    endloop
  endfacet
  facet normal -0.986637 -0.162932 0
    outer loop
      vertex 54.2457 9.07761 3
      vertex 54.2848 8.84084 0
      vertex 54.2848 8.84084 3
    endloop
  endfacet
  facet normal -0.987384 -0.158342 0
    outer loop
      vertex 54.3228 8.60388 0
      vertex 54.2848 8.84084 3
      vertex 54.2848 8.84084 0
    endloop
  endfacet
  facet normal -0.987384 -0.158342 0
    outer loop
      vertex 54.2848 8.84084 3
      vertex 54.3228 8.60388 0
      vertex 54.3228 8.60388 3
    endloop
  endfacet
  facet normal -0.987978 -0.154593 0
    outer loop
      vertex 54.3599 8.36678 0
      vertex 54.3228 8.60388 3
      vertex 54.3228 8.60388 0
    endloop
  endfacet
  facet normal -0.987978 -0.154593 0
    outer loop
      vertex 54.3228 8.60388 3
      vertex 54.3599 8.36678 0
      vertex 54.3599 8.36678 3
    endloop
  endfacet
  facet normal -0.988684 -0.150015 0
    outer loop
      vertex 54.3959 8.12952 0
      vertex 54.3599 8.36678 3
      vertex 54.3599 8.36678 0
    endloop
  endfacet
  facet normal -0.988684 -0.150015 0
    outer loop
      vertex 54.3599 8.36678 3
      vertex 54.3959 8.12952 0
      vertex 54.3959 8.12952 3
    endloop
  endfacet
  facet normal -0.989369 -0.145428 0
    outer loop
      vertex 54.4308 7.89209 0
      vertex 54.3959 8.12952 3
      vertex 54.3959 8.12952 0
    endloop
  endfacet
  facet normal -0.989369 -0.145428 0
    outer loop
      vertex 54.3959 8.12952 3
      vertex 54.4308 7.89209 0
      vertex 54.4308 7.89209 3
    endloop
  endfacet
  facet normal -0.989973 -0.141258 0
    outer loop
      vertex 54.4647 7.65451 0
      vertex 54.4308 7.89209 3
      vertex 54.4308 7.89209 0
    endloop
  endfacet
  facet normal -0.989973 -0.141258 0
    outer loop
      vertex 54.4308 7.89209 3
      vertex 54.4647 7.65451 0
      vertex 54.4647 7.65451 3
    endloop
  endfacet
  facet normal -0.990558 -0.137091 0
    outer loop
      vertex 54.4976 7.41679 0
      vertex 54.4647 7.65451 3
      vertex 54.4647 7.65451 0
    endloop
  endfacet
  facet normal -0.990558 -0.137091 0
    outer loop
      vertex 54.4647 7.65451 3
      vertex 54.4976 7.41679 0
      vertex 54.4976 7.41679 3
    endloop
  endfacet
  facet normal -0.991126 -0.132928 0
    outer loop
      vertex 54.5295 7.17894 0
      vertex 54.4976 7.41679 3
      vertex 54.4976 7.41679 0
    endloop
  endfacet
  facet normal -0.991126 -0.132928 0
    outer loop
      vertex 54.4976 7.41679 3
      vertex 54.5295 7.17894 0
      vertex 54.5295 7.17894 3
    endloop
  endfacet
  facet normal -0.991731 -0.128336 0
    outer loop
      vertex 54.5603 6.94093 0
      vertex 54.5295 7.17894 3
      vertex 54.5295 7.17894 0
    endloop
  endfacet
  facet normal -0.991731 -0.128336 0
    outer loop
      vertex 54.5295 7.17894 3
      vertex 54.5603 6.94093 0
      vertex 54.5603 6.94093 3
    endloop
  endfacet
  facet normal -0.992312 -0.123763 0
    outer loop
      vertex 54.59 6.7028 0
      vertex 54.5603 6.94093 3
      vertex 54.5603 6.94093 0
    endloop
  endfacet
  facet normal -0.992312 -0.123763 0
    outer loop
      vertex 54.5603 6.94093 3
      vertex 54.59 6.7028 0
      vertex 54.59 6.7028 3
    endloop
  endfacet
  facet normal -0.992773 -0.120008 0
    outer loop
      vertex 54.6188 6.46455 0
      vertex 54.59 6.7028 3
      vertex 54.59 6.7028 0
    endloop
  endfacet
  facet normal -0.992773 -0.120008 0
    outer loop
      vertex 54.59 6.7028 3
      vertex 54.6188 6.46455 0
      vertex 54.6188 6.46455 3
    endloop
  endfacet
  facet normal -0.993364 -0.115013 0
    outer loop
      vertex 54.6464 6.22617 0
      vertex 54.6188 6.46455 3
      vertex 54.6188 6.46455 0
    endloop
  endfacet
  facet normal -0.993364 -0.115013 0
    outer loop
      vertex 54.6188 6.46455 3
      vertex 54.6464 6.22617 0
      vertex 54.6464 6.22617 3
    endloop
  endfacet
  facet normal -0.993792 -0.111255 0
    outer loop
      vertex 54.6731 5.98767 0
      vertex 54.6464 6.22617 3
      vertex 54.6464 6.22617 0
    endloop
  endfacet
  facet normal -0.993792 -0.111255 0
    outer loop
      vertex 54.6464 6.22617 3
      vertex 54.6731 5.98767 0
      vertex 54.6731 5.98767 3
    endloop
  endfacet
  facet normal -0.994294 -0.106671 0
    outer loop
      vertex 54.6987 5.74905 0
      vertex 54.6731 5.98767 3
      vertex 54.6731 5.98767 0
    endloop
  endfacet
  facet normal -0.994294 -0.106671 0
    outer loop
      vertex 54.6731 5.98767 3
      vertex 54.6987 5.74905 0
      vertex 54.6987 5.74905 3
    endloop
  endfacet
  facet normal -0.994732 -0.102507 0
    outer loop
      vertex 54.7233 5.51033 0
      vertex 54.6987 5.74905 3
      vertex 54.6987 5.74905 0
    endloop
  endfacet
  facet normal -0.994732 -0.102507 0
    outer loop
      vertex 54.6987 5.74905 3
      vertex 54.7233 5.51033 0
      vertex 54.7233 5.51033 3
    endloop
  endfacet
  facet normal -0.995194 -0.0979275 0
    outer loop
      vertex 54.7468 5.27151 0
      vertex 54.7233 5.51033 3
      vertex 54.7233 5.51033 0
    endloop
  endfacet
  facet normal -0.995194 -0.0979275 0
    outer loop
      vertex 54.7233 5.51033 3
      vertex 54.7468 5.27151 0
      vertex 54.7468 5.27151 3
    endloop
  endfacet
  facet normal -0.995595 -0.0937551 0
    outer loop
      vertex 54.7693 5.03258 0
      vertex 54.7468 5.27151 3
      vertex 54.7468 5.27151 0
    endloop
  endfacet
  facet normal -0.995595 -0.0937551 0
    outer loop
      vertex 54.7468 5.27151 3
      vertex 54.7693 5.03258 0
      vertex 54.7693 5.03258 3
    endloop
  endfacet
  facet normal -0.996016 -0.0891756 0
    outer loop
      vertex 54.7907 4.79356 0
      vertex 54.7693 5.03258 3
      vertex 54.7693 5.03258 0
    endloop
  endfacet
  facet normal -0.996016 -0.0891756 0
    outer loop
      vertex 54.7693 5.03258 3
      vertex 54.7907 4.79356 0
      vertex 54.7907 4.79356 3
    endloop
  endfacet
  facet normal -0.996381 -0.085004 0
    outer loop
      vertex 54.8111 4.55444 0
      vertex 54.7907 4.79356 3
      vertex 54.7907 4.79356 0
    endloop
  endfacet
  facet normal -0.996381 -0.085004 0
    outer loop
      vertex 54.7907 4.79356 3
      vertex 54.8111 4.55444 0
      vertex 54.8111 4.55444 3
    endloop
  endfacet
  facet normal -0.99676 -0.0804276 0
    outer loop
      vertex 54.8304 4.31525 0
      vertex 54.8111 4.55444 3
      vertex 54.8111 4.55444 0
    endloop
  endfacet
  facet normal -0.99676 -0.0804276 0
    outer loop
      vertex 54.8111 4.55444 3
      vertex 54.8304 4.31525 0
      vertex 54.8304 4.31525 3
    endloop
  endfacet
  facet normal -0.997057 -0.0766678 0
    outer loop
      vertex 54.8488 4.07596 0
      vertex 54.8304 4.31525 3
      vertex 54.8304 4.31525 0
    endloop
  endfacet
  facet normal -0.997057 -0.0766678 0
    outer loop
      vertex 54.8304 4.31525 3
      vertex 54.8488 4.07596 0
      vertex 54.8488 4.07596 3
    endloop
  endfacet
  facet normal -0.997428 -0.0716705 0
    outer loop
      vertex 54.866 3.83659 0
      vertex 54.8488 4.07596 3
      vertex 54.8488 4.07596 0
    endloop
  endfacet
  facet normal -0.997428 -0.0716705 0
    outer loop
      vertex 54.8488 4.07596 3
      vertex 54.866 3.83659 0
      vertex 54.866 3.83659 3
    endloop
  endfacet
  facet normal -0.997719 -0.0675092 0
    outer loop
      vertex 54.8822 3.59717 0
      vertex 54.866 3.83659 3
      vertex 54.866 3.83659 0
    endloop
  endfacet
  facet normal -0.997719 -0.0675092 0
    outer loop
      vertex 54.866 3.83659 3
      vertex 54.8822 3.59717 0
      vertex 54.8822 3.59717 3
    endloop
  endfacet
  facet normal -0.997992 -0.0633381 0
    outer loop
      vertex 54.8974 3.35767 0
      vertex 54.8822 3.59717 3
      vertex 54.8822 3.59717 0
    endloop
  endfacet
  facet normal -0.997992 -0.0633381 0
    outer loop
      vertex 54.8822 3.59717 3
      vertex 54.8974 3.35767 0
      vertex 54.8974 3.35767 3
    endloop
  endfacet
  facet normal -0.998273 -0.0587538 0
    outer loop
      vertex 54.9115 3.1181 0
      vertex 54.8974 3.35767 3
      vertex 54.8974 3.35767 0
    endloop
  endfacet
  facet normal -0.998273 -0.0587538 0
    outer loop
      vertex 54.8974 3.35767 3
      vertex 54.9115 3.1181 0
      vertex 54.9115 3.1181 3
    endloop
  endfacet
  facet normal -0.998509 -0.0545838 0
    outer loop
      vertex 54.9246 2.87846 0
      vertex 54.9115 3.1181 3
      vertex 54.9115 3.1181 0
    endloop
  endfacet
  facet normal -0.998509 -0.0545838 0
    outer loop
      vertex 54.9115 3.1181 3
      vertex 54.9246 2.87846 0
      vertex 54.9246 2.87846 3
    endloop
  endfacet
  facet normal -0.998728 -0.0504219 0
    outer loop
      vertex 54.9367 2.63879 0
      vertex 54.9246 2.87846 3
      vertex 54.9246 2.87846 0
    endloop
  endfacet
  facet normal -0.998728 -0.0504219 0
    outer loop
      vertex 54.9246 2.87846 3
      vertex 54.9367 2.63879 0
      vertex 54.9367 2.63879 3
    endloop
  endfacet
  facet normal -0.998968 -0.0454209 0
    outer loop
      vertex 54.9476 2.39906 0
      vertex 54.9367 2.63879 3
      vertex 54.9367 2.63879 0
    endloop
  endfacet
  facet normal -0.998968 -0.0454209 0
    outer loop
      vertex 54.9367 2.63879 3
      vertex 54.9476 2.39906 0
      vertex 54.9476 2.39906 3
    endloop
  endfacet
  facet normal -0.999131 -0.0416704 0
    outer loop
      vertex 54.9576 2.15929 0
      vertex 54.9476 2.39906 3
      vertex 54.9476 2.39906 0
    endloop
  endfacet
  facet normal -0.999131 -0.0416704 0
    outer loop
      vertex 54.9476 2.39906 3
      vertex 54.9576 2.15929 0
      vertex 54.9576 2.15929 3
    endloop
  endfacet
  facet normal -0.999312 -0.0370841 0
    outer loop
      vertex 54.9665 1.91946 0
      vertex 54.9576 2.15929 3
      vertex 54.9576 2.15929 0
    endloop
  endfacet
  facet normal -0.999312 -0.0370841 0
    outer loop
      vertex 54.9576 2.15929 3
      vertex 54.9665 1.91946 0
      vertex 54.9665 1.91946 3
    endloop
  endfacet
  facet normal -0.999472 -0.0325031 0
    outer loop
      vertex 54.9743 1.67961 0
      vertex 54.9665 1.91946 3
      vertex 54.9665 1.91946 0
    endloop
  endfacet
  facet normal -0.999472 -0.0325031 0
    outer loop
      vertex 54.9665 1.91946 3
      vertex 54.9743 1.67961 0
      vertex 54.9743 1.67961 3
    endloop
  endfacet
  facet normal -0.999598 -0.0283361 0
    outer loop
      vertex 54.9811 1.43973 0
      vertex 54.9743 1.67961 3
      vertex 54.9743 1.67961 0
    endloop
  endfacet
  facet normal -0.999598 -0.0283361 0
    outer loop
      vertex 54.9743 1.67961 3
      vertex 54.9811 1.43973 0
      vertex 54.9811 1.43973 3
    endloop
  endfacet
  facet normal -0.999708 -0.0241677 0
    outer loop
      vertex 54.9869 1.19981 0
      vertex 54.9811 1.43973 3
      vertex 54.9811 1.43973 0
    endloop
  endfacet
  facet normal -0.999708 -0.0241677 0
    outer loop
      vertex 54.9811 1.43973 3
      vertex 54.9869 1.19981 0
      vertex 54.9869 1.19981 3
    endloop
  endfacet
  facet normal -0.999808 -0.0195844 0
    outer loop
      vertex 54.9916 0.959869 0
      vertex 54.9869 1.19981 3
      vertex 54.9869 1.19981 0
    endloop
  endfacet
  facet normal -0.999808 -0.0195844 0
    outer loop
      vertex 54.9869 1.19981 3
      vertex 54.9916 0.959869 0
      vertex 54.9916 0.959869 3
    endloop
  endfacet
  facet normal -0.999881 -0.0154184 0
    outer loop
      vertex 54.9953 0.719925 0
      vertex 54.9916 0.959869 3
      vertex 54.9916 0.959869 0
    endloop
  endfacet
  facet normal -0.999881 -0.0154184 0
    outer loop
      vertex 54.9916 0.959869 3
      vertex 54.9953 0.719925 0
      vertex 54.9953 0.719925 3
    endloop
  endfacet
  facet normal -0.999941 -0.0108338 0
    outer loop
      vertex 54.9979 0.47995 0
      vertex 54.9953 0.719925 3
      vertex 54.9953 0.719925 0
    endloop
  endfacet
  facet normal -0.999941 -0.0108338 0
    outer loop
      vertex 54.9953 0.719925 3
      vertex 54.9979 0.47995 0
      vertex 54.9979 0.47995 3
    endloop
  endfacet
  facet normal -0.999978 -0.00666721 0
    outer loop
      vertex 54.9995 0.239975 0
      vertex 54.9979 0.47995 3
      vertex 54.9979 0.47995 0
    endloop
  endfacet
  facet normal -0.999978 -0.00666721 0
    outer loop
      vertex 54.9979 0.47995 3
      vertex 54.9995 0.239975 0
      vertex 54.9995 0.239975 3
    endloop
  endfacet
  facet normal -0.999998 -0.00208355 0
    outer loop
      vertex 55 0 0
      vertex 54.9995 0.239975 3
      vertex 54.9995 0.239975 0
    endloop
  endfacet
  facet normal -0.999998 -0.00208355 0
    outer loop
      vertex 54.9995 0.239975 3
      vertex 55 0 0
      vertex 55 0 3
    endloop
  endfacet
  facet normal 0 -1 0
    outer loop
      vertex 55 0 0
      vertex 136.5 0 3
      vertex 55 0 3
    endloop
  endfacet
  facet normal 0 -1 -0
    outer loop
      vertex 136.5 0 3
      vertex 55 0 0
      vertex 136.5 0 0
    endloop
  endfacet
  facet normal 0.999999 0.00167903 0
    outer loop
      vertex 136.5 0 3
      vertex 136.499 0.595581 0
      vertex 136.499 0.595581 3
    endloop
  endfacet
  facet normal 0.999999 0.00167903 0
    outer loop
      vertex 136.499 0.595581 0
      vertex 136.5 0 3
      vertex 136.5 0 0
    endloop
  endfacet
  facet normal 0.997278 0.0737366 0
    outer loop
      vertex 64.994 60.2453 8
      vertex 64.9759 60.4901 3
      vertex 64.9759 60.4901 8
    endloop
  endfacet
  facet normal 0.997278 0.0737366 0
    outer loop
      vertex 64.9759 60.4901 3
      vertex 64.994 60.2453 8
      vertex 64.994 60.2453 3
    endloop
  endfacet
  facet normal 0.999701 0.0244525 0
    outer loop
      vertex 65 60 8
      vertex 64.994 60.2453 3
      vertex 64.994 60.2453 8
    endloop
  endfacet
  facet normal 0.999701 0.0244525 0
    outer loop
      vertex 64.994 60.2453 3
      vertex 65 60 8
      vertex 65 60 3
    endloop
  endfacet
  facet normal 0.992502 0.122229 0
    outer loop
      vertex 64.9759 60.4901 8
      vertex 64.9459 60.7337 3
      vertex 64.9459 60.7337 8
    endloop
  endfacet
  facet normal 0.992502 0.122229 0
    outer loop
      vertex 64.9459 60.7337 3
      vertex 64.9759 60.4901 8
      vertex 64.9759 60.4901 3
    endloop
  endfacet
  facet normal 0.757153 0.653238 0
    outer loop
      vertex 63.8651 63.172 8
      vertex 63.7048 63.3578 3
      vertex 63.7048 63.3578 8
    endloop
  endfacet
  facet normal 0.757153 0.653238 0
    outer loop
      vertex 63.7048 63.3578 3
      vertex 63.8651 63.172 8
      vertex 63.8651 63.172 3
    endloop
  endfacet
  facet normal 0.0244525 -0.999701 0
    outer loop
      vertex 60 55 3
      vertex 60.2453 55.006 8
      vertex 60 55 8
    endloop
  endfacet
  facet normal 0.0244525 -0.999701 0
    outer loop
      vertex 60.2453 55.006 8
      vertex 60 55 3
      vertex 60.2453 55.006 3
    endloop
  endfacet
  facet normal 0.122229 -0.992502 0
    outer loop
      vertex 60.4901 55.0241 3
      vertex 60.7337 55.0541 8
      vertex 60.4901 55.0241 8
    endloop
  endfacet
  facet normal 0.122229 -0.992502 0
    outer loop
      vertex 60.7337 55.0541 8
      vertex 60.4901 55.0241 3
      vertex 60.7337 55.0541 3
    endloop
  endfacet
  facet normal -0.614956 0.788562 0
    outer loop
      vertex 57.0215 64.016 3
      vertex 56.828 63.8651 8
      vertex 57.0215 64.016 8
    endloop
  endfacet
  facet normal -0.614956 0.788562 0
    outer loop
      vertex 56.828 63.8651 8
      vertex 57.0215 64.016 3
      vertex 56.828 63.8651 3
    endloop
  endfacet
  facet normal 0.653238 0.757153 -0
    outer loop
      vertex 63.3578 63.7048 3
      vertex 63.172 63.8651 8
      vertex 63.3578 63.7048 8
    endloop
  endfacet
  facet normal 0.653238 0.757153 0
    outer loop
      vertex 63.172 63.8651 8
      vertex 63.3578 63.7048 3
      vertex 63.172 63.8651 3
    endloop
  endfacet
  facet normal -0.359771 -0.933041 0
    outer loop
      vertex 58.0866 55.3806 3
      vertex 58.3156 55.2923 8
      vertex 58.0866 55.3806 8
    endloop
  endfacet
  facet normal -0.359771 -0.933041 -0
    outer loop
      vertex 58.3156 55.2923 8
      vertex 58.0866 55.3806 3
      vertex 58.3156 55.2923 3
    endloop
  endfacet
  facet normal 0.788562 -0.614956 0
    outer loop
      vertex 63.8651 56.828 8
      vertex 64.016 57.0215 3
      vertex 64.016 57.0215 8
    endloop
  endfacet
  facet normal 0.788562 -0.614956 0
    outer loop
      vertex 64.016 57.0215 3
      vertex 63.8651 56.828 8
      vertex 63.8651 56.828 3
    endloop
  endfacet
  facet normal 0.788562 0.614956 0
    outer loop
      vertex 64.016 62.9785 8
      vertex 63.8651 63.172 3
      vertex 63.8651 63.172 8
    endloop
  endfacet
  facet normal 0.788562 0.614956 0
    outer loop
      vertex 63.8651 63.172 3
      vertex 64.016 62.9785 8
      vertex 64.016 62.9785 3
    endloop
  endfacet
  facet normal -0.933041 -0.359771 0
    outer loop
      vertex 55.3806 58.0866 3
      vertex 55.2923 58.3156 8
      vertex 55.2923 58.3156 3
    endloop
  endfacet
  facet normal -0.933041 -0.359771 0
    outer loop
      vertex 55.2923 58.3156 8
      vertex 55.3806 58.0866 3
      vertex 55.3806 58.0866 8
    endloop
  endfacet
  facet normal 0.724012 -0.689787 0
    outer loop
      vertex 63.5355 56.4645 8
      vertex 63.7048 56.6422 3
      vertex 63.7048 56.6422 8
    endloop
  endfacet
  facet normal 0.724012 -0.689787 0
    outer loop
      vertex 63.7048 56.6422 3
      vertex 63.5355 56.4645 8
      vertex 63.5355 56.4645 3
    endloop
  endfacet
  facet normal 0.975754 -0.218872 0
    outer loop
      vertex 64.8502 58.7851 8
      vertex 64.9039 59.0245 3
      vertex 64.9039 59.0245 8
    endloop
  endfacet
  facet normal 0.975754 -0.218872 0
    outer loop
      vertex 64.9039 59.0245 3
      vertex 64.8502 58.7851 8
      vertex 64.8502 58.7851 3
    endloop
  endfacet
  facet normal 0.997278 -0.0737366 0
    outer loop
      vertex 64.9759 59.5099 8
      vertex 64.994 59.7547 3
      vertex 64.994 59.7547 8
    endloop
  endfacet
  facet normal 0.997278 -0.0737366 0
    outer loop
      vertex 64.994 59.7547 3
      vertex 64.9759 59.5099 8
      vertex 64.9759 59.5099 3
    endloop
  endfacet
  facet normal 0.949495 0.313782 0
    outer loop
      vertex 64.7847 61.4514 8
      vertex 64.7077 61.6844 3
      vertex 64.7077 61.6844 8
    endloop
  endfacet
  facet normal 0.949495 0.313782 0
    outer loop
      vertex 64.7077 61.6844 3
      vertex 64.7847 61.4514 8
      vertex 64.7847 61.4514 3
    endloop
  endfacet
  facet normal 0.0737366 -0.997278 0
    outer loop
      vertex 60.2453 55.006 3
      vertex 60.4901 55.0241 8
      vertex 60.2453 55.006 8
    endloop
  endfacet
  facet normal 0.0737366 -0.997278 0
    outer loop
      vertex 60.4901 55.0241 8
      vertex 60.2453 55.006 3
      vertex 60.4901 55.0241 3
    endloop
  endfacet
  facet normal 0.893283 -0.449494 0
    outer loop
      vertex 64.4096 57.643 8
      vertex 64.5199 57.8622 3
      vertex 64.5199 57.8622 8
    endloop
  endfacet
  facet normal 0.893283 -0.449494 0
    outer loop
      vertex 64.5199 57.8622 3
      vertex 64.4096 57.643 8
      vertex 64.4096 57.643 3
    endloop
  endfacet
  facet normal 0.313782 -0.949495 0
    outer loop
      vertex 61.4514 55.2153 3
      vertex 61.6844 55.2923 8
      vertex 61.4514 55.2153 8
    endloop
  endfacet
  facet normal 0.313782 -0.949495 0
    outer loop
      vertex 61.6844 55.2923 8
      vertex 61.4514 55.2153 3
      vertex 61.6844 55.2923 3
    endloop
  endfacet
  facet normal 0.869993 0.493064 0
    outer loop
      vertex 64.4096 62.357 8
      vertex 64.2886 62.5705 3
      vertex 64.2886 62.5705 8
    endloop
  endfacet
  facet normal 0.869993 0.493064 0
    outer loop
      vertex 64.2886 62.5705 3
      vertex 64.4096 62.357 8
      vertex 64.4096 62.357 3
    endloop
  endfacet
  facet normal 0.218872 -0.975754 0
    outer loop
      vertex 60.9755 55.0961 3
      vertex 61.2149 55.1498 8
      vertex 60.9755 55.0961 8
    endloop
  endfacet
  facet normal 0.218872 -0.975754 0
    outer loop
      vertex 61.2149 55.1498 8
      vertex 60.9755 55.0961 3
      vertex 61.2149 55.1498 3
    endloop
  endfacet
  facet normal 0.575867 0.817543 -0
    outer loop
      vertex 62.9785 64.016 3
      vertex 62.7779 64.1573 8
      vertex 62.9785 64.016 8
    endloop
  endfacet
  facet normal 0.575867 0.817543 0
    outer loop
      vertex 62.7779 64.1573 8
      vertex 62.9785 64.016 3
      vertex 62.7779 64.1573 3
    endloop
  endfacet
  facet normal -0.992502 0.122229 0
    outer loop
      vertex 55.0241 60.4901 3
      vertex 55.0541 60.7337 8
      vertex 55.0541 60.7337 3
    endloop
  endfacet
  facet normal -0.992502 0.122229 0
    outer loop
      vertex 55.0541 60.7337 8
      vertex 55.0241 60.4901 3
      vertex 55.0241 60.4901 8
    endloop
  endfacet
  facet normal 0.844917 -0.534897 0
    outer loop
      vertex 64.1573 57.2221 8
      vertex 64.2886 57.4295 3
      vertex 64.2886 57.4295 8
    endloop
  endfacet
  facet normal 0.844917 -0.534897 0
    outer loop
      vertex 64.2886 57.4295 3
      vertex 64.1573 57.2221 8
      vertex 64.1573 57.2221 3
    endloop
  endfacet
  facet normal 0.844917 0.534897 0
    outer loop
      vertex 64.2886 62.5705 8
      vertex 64.1573 62.7779 3
      vertex 64.1573 62.7779 8
    endloop
  endfacet
  facet normal 0.844917 0.534897 0
    outer loop
      vertex 64.1573 62.7779 3
      vertex 64.2886 62.5705 8
      vertex 64.2886 62.5705 3
    endloop
  endfacet
  facet normal 0.893283 0.449494 0
    outer loop
      vertex 64.5199 62.1378 8
      vertex 64.4096 62.357 3
      vertex 64.4096 62.357 8
    endloop
  endfacet
  facet normal 0.893283 0.449494 0
    outer loop
      vertex 64.4096 62.357 3
      vertex 64.5199 62.1378 8
      vertex 64.5199 62.1378 3
    endloop
  endfacet
  facet normal -0.844917 0.534897 0
    outer loop
      vertex 55.7114 62.5705 3
      vertex 55.8427 62.7779 8
      vertex 55.8427 62.7779 3
    endloop
  endfacet
  facet normal -0.844917 0.534897 0
    outer loop
      vertex 55.8427 62.7779 8
      vertex 55.7114 62.5705 3
      vertex 55.7114 62.5705 8
    endloop
  endfacet
  facet normal 0.985248 -0.171135 0
    outer loop
      vertex 64.9039 59.0245 8
      vertex 64.9459 59.2663 3
      vertex 64.9459 59.2663 8
    endloop
  endfacet
  facet normal 0.985248 -0.171135 0
    outer loop
      vertex 64.9459 59.2663 3
      vertex 64.9039 59.0245 8
      vertex 64.9039 59.0245 3
    endloop
  endfacet
  facet normal 0.449494 -0.893283 0
    outer loop
      vertex 62.1378 55.4801 3
      vertex 62.357 55.5904 8
      vertex 62.1378 55.4801 8
    endloop
  endfacet
  facet normal 0.449494 -0.893283 0
    outer loop
      vertex 62.357 55.5904 8
      vertex 62.1378 55.4801 3
      vertex 62.357 55.5904 3
    endloop
  endfacet
  facet normal 0.534897 -0.844917 0
    outer loop
      vertex 62.5705 55.7114 3
      vertex 62.7779 55.8427 8
      vertex 62.5705 55.7114 8
    endloop
  endfacet
  facet normal 0.534897 -0.844917 0
    outer loop
      vertex 62.7779 55.8427 8
      vertex 62.5705 55.7114 3
      vertex 62.7779 55.8427 3
    endloop
  endfacet
  facet normal -0.999701 -0.0244525 0
    outer loop
      vertex 55.006 59.7547 3
      vertex 55 60 8
      vertex 55 60 3
    endloop
  endfacet
  facet normal -0.999701 -0.0244525 0
    outer loop
      vertex 55 60 8
      vertex 55.006 59.7547 3
      vertex 55.006 59.7547 8
    endloop
  endfacet
  facet normal 0.963722 -0.266908 0
    outer loop
      vertex 64.7847 58.5486 8
      vertex 64.8502 58.7851 3
      vertex 64.8502 58.7851 8
    endloop
  endfacet
  facet normal 0.963722 -0.266908 0
    outer loop
      vertex 64.8502 58.7851 3
      vertex 64.7847 58.5486 8
      vertex 64.7847 58.5486 3
    endloop
  endfacet
  facet normal -0.122229 -0.992502 0
    outer loop
      vertex 59.2663 55.0541 3
      vertex 59.5099 55.0241 8
      vertex 59.2663 55.0541 8
    endloop
  endfacet
  facet normal -0.122229 -0.992502 -0
    outer loop
      vertex 59.5099 55.0241 8
      vertex 59.2663 55.0541 3
      vertex 59.5099 55.0241 3
    endloop
  endfacet
  facet normal -0.218872 0.975754 0
    outer loop
      vertex 59.0245 64.9039 3
      vertex 58.7851 64.8502 8
      vertex 59.0245 64.9039 8
    endloop
  endfacet
  facet normal -0.218872 0.975754 0
    outer loop
      vertex 58.7851 64.8502 8
      vertex 59.0245 64.9039 3
      vertex 58.7851 64.8502 3
    endloop
  endfacet
  facet normal -0.171135 -0.985248 0
    outer loop
      vertex 59.0245 55.0961 3
      vertex 59.2663 55.0541 8
      vertex 59.0245 55.0961 8
    endloop
  endfacet
  facet normal -0.171135 -0.985248 -0
    outer loop
      vertex 59.2663 55.0541 8
      vertex 59.0245 55.0961 3
      vertex 59.2663 55.0541 3
    endloop
  endfacet
  facet normal -0.985248 0.171135 0
    outer loop
      vertex 55.0541 60.7337 3
      vertex 55.0961 60.9755 8
      vertex 55.0961 60.9755 3
    endloop
  endfacet
  facet normal -0.985248 0.171135 0
    outer loop
      vertex 55.0961 60.9755 8
      vertex 55.0541 60.7337 3
      vertex 55.0541 60.7337 8
    endloop
  endfacet
  facet normal -0.992502 -0.122229 0
    outer loop
      vertex 55.0541 59.2663 3
      vertex 55.0241 59.5099 8
      vertex 55.0241 59.5099 3
    endloop
  endfacet
  facet normal -0.992502 -0.122229 0
    outer loop
      vertex 55.0241 59.5099 8
      vertex 55.0541 59.2663 3
      vertex 55.0541 59.2663 8
    endloop
  endfacet
  facet normal -0.724012 -0.689787 0
    outer loop
      vertex 56.4645 56.4645 3
      vertex 56.2952 56.6422 8
      vertex 56.2952 56.6422 3
    endloop
  endfacet
  facet normal -0.724012 -0.689787 0
    outer loop
      vertex 56.2952 56.6422 8
      vertex 56.4645 56.4645 3
      vertex 56.4645 56.4645 8
    endloop
  endfacet
  facet normal -0.914164 -0.405345 0
    outer loop
      vertex 55.4801 57.8622 3
      vertex 55.3806 58.0866 8
      vertex 55.3806 58.0866 3
    endloop
  endfacet
  facet normal -0.914164 -0.405345 0
    outer loop
      vertex 55.3806 58.0866 8
      vertex 55.4801 57.8622 3
      vertex 55.4801 57.8622 8
    endloop
  endfacet
  facet normal 0.992502 -0.122229 0
    outer loop
      vertex 64.9459 59.2663 8
      vertex 64.9759 59.5099 3
      vertex 64.9759 59.5099 8
    endloop
  endfacet
  facet normal 0.992502 -0.122229 0
    outer loop
      vertex 64.9759 59.5099 3
      vertex 64.9459 59.2663 8
      vertex 64.9459 59.2663 3
    endloop
  endfacet
  facet normal -0.218872 -0.975754 0
    outer loop
      vertex 58.7851 55.1498 3
      vertex 59.0245 55.0961 8
      vertex 58.7851 55.1498 8
    endloop
  endfacet
  facet normal -0.218872 -0.975754 -0
    outer loop
      vertex 59.0245 55.0961 8
      vertex 58.7851 55.1498 3
      vertex 59.0245 55.0961 3
    endloop
  endfacet
  facet normal 0.933041 0.359771 0
    outer loop
      vertex 64.7077 61.6844 8
      vertex 64.6194 61.9134 3
      vertex 64.6194 61.9134 8
    endloop
  endfacet
  facet normal 0.933041 0.359771 0
    outer loop
      vertex 64.6194 61.9134 3
      vertex 64.7077 61.6844 8
      vertex 64.7077 61.6844 3
    endloop
  endfacet
  facet normal -0.313782 -0.949495 0
    outer loop
      vertex 58.3156 55.2923 3
      vertex 58.5486 55.2153 8
      vertex 58.3156 55.2923 8
    endloop
  endfacet
  facet normal -0.313782 -0.949495 -0
    outer loop
      vertex 58.5486 55.2153 8
      vertex 58.3156 55.2923 3
      vertex 58.5486 55.2153 3
    endloop
  endfacet
  facet normal -0.689787 -0.724012 0
    outer loop
      vertex 56.4645 56.4645 3
      vertex 56.6422 56.2952 8
      vertex 56.4645 56.4645 8
    endloop
  endfacet
  facet normal -0.689787 -0.724012 -0
    outer loop
      vertex 56.6422 56.2952 8
      vertex 56.4645 56.4645 3
      vertex 56.6422 56.2952 3
    endloop
  endfacet
  facet normal 0.266908 0.963722 -0
    outer loop
      vertex 61.4514 64.7847 3
      vertex 61.2149 64.8502 8
      vertex 61.4514 64.7847 8
    endloop
  endfacet
  facet normal 0.266908 0.963722 0
    outer loop
      vertex 61.2149 64.8502 8
      vertex 61.4514 64.7847 3
      vertex 61.2149 64.8502 3
    endloop
  endfacet
  facet normal -0.817543 -0.575867 0
    outer loop
      vertex 55.984 57.0215 3
      vertex 55.8427 57.2221 8
      vertex 55.8427 57.2221 3
    endloop
  endfacet
  facet normal -0.817543 -0.575867 0
    outer loop
      vertex 55.8427 57.2221 8
      vertex 55.984 57.0215 3
      vertex 55.984 57.0215 8
    endloop
  endfacet
  facet normal 0.757153 -0.653238 0
    outer loop
      vertex 63.7048 56.6422 8
      vertex 63.8651 56.828 3
      vertex 63.8651 56.828 8
    endloop
  endfacet
  facet normal 0.757153 -0.653238 0
    outer loop
      vertex 63.8651 56.828 3
      vertex 63.7048 56.6422 8
      vertex 63.7048 56.6422 3
    endloop
  endfacet
  facet normal 0.0244525 0.999701 -0
    outer loop
      vertex 60.2453 64.994 3
      vertex 60 65 8
      vertex 60.2453 64.994 8
    endloop
  endfacet
  facet normal 0.0244525 0.999701 0
    outer loop
      vertex 60 65 8
      vertex 60.2453 64.994 3
      vertex 60 65 3
    endloop
  endfacet
  facet normal 0.869993 -0.493064 0
    outer loop
      vertex 64.2886 57.4295 8
      vertex 64.4096 57.643 3
      vertex 64.4096 57.643 8
    endloop
  endfacet
  facet normal 0.869993 -0.493064 0
    outer loop
      vertex 64.4096 57.643 3
      vertex 64.2886 57.4295 8
      vertex 64.2886 57.4295 3
    endloop
  endfacet
  facet normal -0.689787 0.724012 0
    outer loop
      vertex 56.6422 63.7048 3
      vertex 56.4645 63.5355 8
      vertex 56.6422 63.7048 8
    endloop
  endfacet
  facet normal -0.689787 0.724012 0
    outer loop
      vertex 56.4645 63.5355 8
      vertex 56.6422 63.7048 3
      vertex 56.4645 63.5355 3
    endloop
  endfacet
  facet normal 0.449494 0.893283 -0
    outer loop
      vertex 62.357 64.4096 3
      vertex 62.1378 64.5199 8
      vertex 62.357 64.4096 8
    endloop
  endfacet
  facet normal 0.449494 0.893283 0
    outer loop
      vertex 62.1378 64.5199 8
      vertex 62.357 64.4096 3
      vertex 62.1378 64.5199 3
    endloop
  endfacet
  facet normal 0.0737366 0.997278 -0
    outer loop
      vertex 60.4901 64.9759 3
      vertex 60.2453 64.994 8
      vertex 60.4901 64.9759 8
    endloop
  endfacet
  facet normal 0.0737366 0.997278 0
    outer loop
      vertex 60.2453 64.994 8
      vertex 60.4901 64.9759 3
      vertex 60.2453 64.994 3
    endloop
  endfacet
  facet normal 0.122229 0.992502 -0
    outer loop
      vertex 60.7337 64.9459 3
      vertex 60.4901 64.9759 8
      vertex 60.7337 64.9459 8
    endloop
  endfacet
  facet normal 0.122229 0.992502 0
    outer loop
      vertex 60.4901 64.9759 8
      vertex 60.7337 64.9459 3
      vertex 60.4901 64.9759 3
    endloop
  endfacet
  facet normal 0.575867 -0.817543 0
    outer loop
      vertex 62.7779 55.8427 3
      vertex 62.9785 55.984 8
      vertex 62.7779 55.8427 8
    endloop
  endfacet
  facet normal 0.575867 -0.817543 0
    outer loop
      vertex 62.9785 55.984 8
      vertex 62.7779 55.8427 3
      vertex 62.9785 55.984 3
    endloop
  endfacet
  facet normal 0.266908 -0.963722 0
    outer loop
      vertex 61.2149 55.1498 3
      vertex 61.4514 55.2153 8
      vertex 61.2149 55.1498 8
    endloop
  endfacet
  facet normal 0.266908 -0.963722 0
    outer loop
      vertex 61.4514 55.2153 8
      vertex 61.2149 55.1498 3
      vertex 61.4514 55.2153 3
    endloop
  endfacet
  facet normal 0.949495 -0.313782 0
    outer loop
      vertex 64.7077 58.3156 8
      vertex 64.7847 58.5486 3
      vertex 64.7847 58.5486 8
    endloop
  endfacet
  facet normal 0.949495 -0.313782 0
    outer loop
      vertex 64.7847 58.5486 3
      vertex 64.7077 58.3156 8
      vertex 64.7077 58.3156 3
    endloop
  endfacet
  facet normal 0.313782 0.949495 -0
    outer loop
      vertex 61.6844 64.7077 3
      vertex 61.4514 64.7847 8
      vertex 61.6844 64.7077 8
    endloop
  endfacet
  facet normal 0.313782 0.949495 0
    outer loop
      vertex 61.4514 64.7847 8
      vertex 61.6844 64.7077 3
      vertex 61.4514 64.7847 3
    endloop
  endfacet
  facet normal 0.359771 0.933041 -0
    outer loop
      vertex 61.9134 64.6194 3
      vertex 61.6844 64.7077 8
      vertex 61.9134 64.6194 8
    endloop
  endfacet
  facet normal 0.359771 0.933041 0
    outer loop
      vertex 61.6844 64.7077 8
      vertex 61.9134 64.6194 3
      vertex 61.6844 64.7077 3
    endloop
  endfacet
  facet normal -0.653238 0.757153 0
    outer loop
      vertex 56.828 63.8651 3
      vertex 56.6422 63.7048 8
      vertex 56.828 63.8651 8
    endloop
  endfacet
  facet normal -0.653238 0.757153 0
    outer loop
      vertex 56.6422 63.7048 8
      vertex 56.828 63.8651 3
      vertex 56.6422 63.7048 3
    endloop
  endfacet
  facet normal 0.689787 -0.724012 0
    outer loop
      vertex 63.3578 56.2952 3
      vertex 63.5355 56.4645 8
      vertex 63.3578 56.2952 8
    endloop
  endfacet
  facet normal 0.689787 -0.724012 0
    outer loop
      vertex 63.5355 56.4645 8
      vertex 63.3578 56.2952 3
      vertex 63.5355 56.4645 3
    endloop
  endfacet
  facet normal -0.359771 0.933041 0
    outer loop
      vertex 58.3156 64.7077 3
      vertex 58.0866 64.6194 8
      vertex 58.3156 64.7077 8
    endloop
  endfacet
  facet normal -0.359771 0.933041 0
    outer loop
      vertex 58.0866 64.6194 8
      vertex 58.3156 64.7077 3
      vertex 58.0866 64.6194 3
    endloop
  endfacet
  facet normal 0.493064 0.869993 -0
    outer loop
      vertex 62.5705 64.2886 3
      vertex 62.357 64.4096 8
      vertex 62.5705 64.2886 8
    endloop
  endfacet
  facet normal 0.493064 0.869993 0
    outer loop
      vertex 62.357 64.4096 8
      vertex 62.5705 64.2886 3
      vertex 62.357 64.4096 3
    endloop
  endfacet
  facet normal -0.493064 0.869993 0
    outer loop
      vertex 57.643 64.4096 3
      vertex 57.4295 64.2886 8
      vertex 57.643 64.4096 8
    endloop
  endfacet
  facet normal -0.493064 0.869993 0
    outer loop
      vertex 57.4295 64.2886 8
      vertex 57.643 64.4096 3
      vertex 57.4295 64.2886 3
    endloop
  endfacet
  facet normal -0.0244525 0.999701 0
    outer loop
      vertex 60 65 3
      vertex 59.7547 64.994 8
      vertex 60 65 8
    endloop
  endfacet
  facet normal -0.0244525 0.999701 0
    outer loop
      vertex 59.7547 64.994 8
      vertex 60 65 3
      vertex 59.7547 64.994 3
    endloop
  endfacet
  facet normal -0.963722 0.266908 0
    outer loop
      vertex 55.1498 61.2149 3
      vertex 55.2153 61.4514 8
      vertex 55.2153 61.4514 3
    endloop
  endfacet
  facet normal -0.963722 0.266908 0
    outer loop
      vertex 55.2153 61.4514 8
      vertex 55.1498 61.2149 3
      vertex 55.1498 61.2149 8
    endloop
  endfacet
  facet normal -0.788562 -0.614956 0
    outer loop
      vertex 56.1349 56.828 3
      vertex 55.984 57.0215 8
      vertex 55.984 57.0215 3
    endloop
  endfacet
  facet normal -0.788562 -0.614956 0
    outer loop
      vertex 55.984 57.0215 8
      vertex 56.1349 56.828 3
      vertex 56.1349 56.828 8
    endloop
  endfacet
  facet normal 0.689787 0.724012 -0
    outer loop
      vertex 63.5355 63.5355 3
      vertex 63.3578 63.7048 8
      vertex 63.5355 63.5355 8
    endloop
  endfacet
  facet normal 0.689787 0.724012 0
    outer loop
      vertex 63.3578 63.7048 8
      vertex 63.5355 63.5355 3
      vertex 63.3578 63.7048 3
    endloop
  endfacet
  facet normal 0.171135 -0.985248 0
    outer loop
      vertex 60.7337 55.0541 3
      vertex 60.9755 55.0961 8
      vertex 60.7337 55.0541 8
    endloop
  endfacet
  facet normal 0.171135 -0.985248 0
    outer loop
      vertex 60.9755 55.0961 8
      vertex 60.7337 55.0541 3
      vertex 60.9755 55.0961 3
    endloop
  endfacet
  facet normal 0.817543 0.575867 0
    outer loop
      vertex 64.1573 62.7779 8
      vertex 64.016 62.9785 3
      vertex 64.016 62.9785 8
    endloop
  endfacet
  facet normal 0.817543 0.575867 0
    outer loop
      vertex 64.016 62.9785 3
      vertex 64.1573 62.7779 8
      vertex 64.1573 62.7779 3
    endloop
  endfacet
  facet normal -0.985248 -0.171135 0
    outer loop
      vertex 55.0961 59.0245 3
      vertex 55.0541 59.2663 8
      vertex 55.0541 59.2663 3
    endloop
  endfacet
  facet normal -0.985248 -0.171135 0
    outer loop
      vertex 55.0541 59.2663 8
      vertex 55.0961 59.0245 3
      vertex 55.0961 59.0245 8
    endloop
  endfacet
  facet normal 0.405345 0.914164 -0
    outer loop
      vertex 62.1378 64.5199 3
      vertex 61.9134 64.6194 8
      vertex 62.1378 64.5199 8
    endloop
  endfacet
  facet normal 0.405345 0.914164 0
    outer loop
      vertex 61.9134 64.6194 8
      vertex 62.1378 64.5199 3
      vertex 61.9134 64.6194 3
    endloop
  endfacet
  facet normal -0.788562 0.614956 0
    outer loop
      vertex 55.984 62.9785 3
      vertex 56.1349 63.172 8
      vertex 56.1349 63.172 3
    endloop
  endfacet
  facet normal -0.788562 0.614956 0
    outer loop
      vertex 56.1349 63.172 8
      vertex 55.984 62.9785 3
      vertex 55.984 62.9785 8
    endloop
  endfacet
  facet normal -0.575867 0.817543 0
    outer loop
      vertex 57.2221 64.1573 3
      vertex 57.0215 64.016 8
      vertex 57.2221 64.1573 8
    endloop
  endfacet
  facet normal -0.575867 0.817543 0
    outer loop
      vertex 57.0215 64.016 8
      vertex 57.2221 64.1573 3
      vertex 57.0215 64.016 3
    endloop
  endfacet
  facet normal 0.359771 -0.933041 0
    outer loop
      vertex 61.6844 55.2923 3
      vertex 61.9134 55.3806 8
      vertex 61.6844 55.2923 8
    endloop
  endfacet
  facet normal 0.359771 -0.933041 0
    outer loop
      vertex 61.9134 55.3806 8
      vertex 61.6844 55.2923 3
      vertex 61.9134 55.3806 3
    endloop
  endfacet
  facet normal -0.171135 0.985248 0
    outer loop
      vertex 59.2663 64.9459 3
      vertex 59.0245 64.9039 8
      vertex 59.2663 64.9459 8
    endloop
  endfacet
  facet normal -0.171135 0.985248 0
    outer loop
      vertex 59.0245 64.9039 8
      vertex 59.2663 64.9459 3
      vertex 59.0245 64.9039 3
    endloop
  endfacet
  facet normal 0.985248 0.171135 0
    outer loop
      vertex 64.9459 60.7337 8
      vertex 64.9039 60.9755 3
      vertex 64.9039 60.9755 8
    endloop
  endfacet
  facet normal 0.985248 0.171135 0
    outer loop
      vertex 64.9039 60.9755 3
      vertex 64.9459 60.7337 8
      vertex 64.9459 60.7337 3
    endloop
  endfacet
  facet normal 0.999701 -0.0244525 0
    outer loop
      vertex 64.994 59.7547 8
      vertex 65 60 3
      vertex 65 60 8
    endloop
  endfacet
  facet normal 0.999701 -0.0244525 0
    outer loop
      vertex 65 60 3
      vertex 64.994 59.7547 8
      vertex 64.994 59.7547 3
    endloop
  endfacet
  facet normal -0.0737366 0.997278 0
    outer loop
      vertex 59.7547 64.994 3
      vertex 59.5099 64.9759 8
      vertex 59.7547 64.994 8
    endloop
  endfacet
  facet normal -0.0737366 0.997278 0
    outer loop
      vertex 59.5099 64.9759 8
      vertex 59.7547 64.994 3
      vertex 59.5099 64.9759 3
    endloop
  endfacet
  facet normal -0.405345 0.914164 0
    outer loop
      vertex 58.0866 64.6194 3
      vertex 57.8622 64.5199 8
      vertex 58.0866 64.6194 8
    endloop
  endfacet
  facet normal -0.405345 0.914164 0
    outer loop
      vertex 57.8622 64.5199 8
      vertex 58.0866 64.6194 3
      vertex 57.8622 64.5199 3
    endloop
  endfacet
  facet normal 0.914164 0.405345 0
    outer loop
      vertex 64.6194 61.9134 8
      vertex 64.5199 62.1378 3
      vertex 64.5199 62.1378 8
    endloop
  endfacet
  facet normal 0.914164 0.405345 0
    outer loop
      vertex 64.5199 62.1378 3
      vertex 64.6194 61.9134 8
      vertex 64.6194 61.9134 3
    endloop
  endfacet
  facet normal 0.975754 0.218872 0
    outer loop
      vertex 64.9039 60.9755 8
      vertex 64.8502 61.2149 3
      vertex 64.8502 61.2149 8
    endloop
  endfacet
  facet normal 0.975754 0.218872 0
    outer loop
      vertex 64.8502 61.2149 3
      vertex 64.9039 60.9755 8
      vertex 64.9039 60.9755 3
    endloop
  endfacet
  facet normal 0.724012 0.689787 0
    outer loop
      vertex 63.7048 63.3578 8
      vertex 63.5355 63.5355 3
      vertex 63.5355 63.5355 8
    endloop
  endfacet
  facet normal 0.724012 0.689787 0
    outer loop
      vertex 63.5355 63.5355 3
      vertex 63.7048 63.3578 8
      vertex 63.7048 63.3578 3
    endloop
  endfacet
  facet normal 0.963722 0.266908 0
    outer loop
      vertex 64.8502 61.2149 8
      vertex 64.7847 61.4514 3
      vertex 64.7847 61.4514 8
    endloop
  endfacet
  facet normal 0.963722 0.266908 0
    outer loop
      vertex 64.7847 61.4514 3
      vertex 64.8502 61.2149 8
      vertex 64.8502 61.2149 3
    endloop
  endfacet
  facet normal 0.534897 0.844917 -0
    outer loop
      vertex 62.7779 64.1573 3
      vertex 62.5705 64.2886 8
      vertex 62.7779 64.1573 8
    endloop
  endfacet
  facet normal 0.534897 0.844917 0
    outer loop
      vertex 62.5705 64.2886 8
      vertex 62.7779 64.1573 3
      vertex 62.5705 64.2886 3
    endloop
  endfacet
  facet normal 0.817543 -0.575867 0
    outer loop
      vertex 64.016 57.0215 8
      vertex 64.1573 57.2221 3
      vertex 64.1573 57.2221 8
    endloop
  endfacet
  facet normal 0.817543 -0.575867 0
    outer loop
      vertex 64.1573 57.2221 3
      vertex 64.016 57.0215 8
      vertex 64.016 57.0215 3
    endloop
  endfacet
  facet normal -0.534897 -0.844917 0
    outer loop
      vertex 57.2221 55.8427 3
      vertex 57.4295 55.7114 8
      vertex 57.2221 55.8427 8
    endloop
  endfacet
  facet normal -0.534897 -0.844917 -0
    outer loop
      vertex 57.4295 55.7114 8
      vertex 57.2221 55.8427 3
      vertex 57.4295 55.7114 3
    endloop
  endfacet
  facet normal 0.405345 -0.914164 0
    outer loop
      vertex 61.9134 55.3806 3
      vertex 62.1378 55.4801 8
      vertex 61.9134 55.3806 8
    endloop
  endfacet
  facet normal 0.405345 -0.914164 0
    outer loop
      vertex 62.1378 55.4801 8
      vertex 61.9134 55.3806 3
      vertex 62.1378 55.4801 3
    endloop
  endfacet
  facet normal -0.122229 0.992502 0
    outer loop
      vertex 59.5099 64.9759 3
      vertex 59.2663 64.9459 8
      vertex 59.5099 64.9759 8
    endloop
  endfacet
  facet normal -0.122229 0.992502 0
    outer loop
      vertex 59.2663 64.9459 8
      vertex 59.5099 64.9759 3
      vertex 59.2663 64.9459 3
    endloop
  endfacet
  facet normal -0.963722 -0.266908 0
    outer loop
      vertex 55.2153 58.5486 3
      vertex 55.1498 58.7851 8
      vertex 55.1498 58.7851 3
    endloop
  endfacet
  facet normal -0.963722 -0.266908 0
    outer loop
      vertex 55.1498 58.7851 8
      vertex 55.2153 58.5486 3
      vertex 55.2153 58.5486 8
    endloop
  endfacet
  facet normal 0.614956 0.788562 -0
    outer loop
      vertex 63.172 63.8651 3
      vertex 62.9785 64.016 8
      vertex 63.172 63.8651 8
    endloop
  endfacet
  facet normal 0.614956 0.788562 0
    outer loop
      vertex 62.9785 64.016 8
      vertex 63.172 63.8651 3
      vertex 62.9785 64.016 3
    endloop
  endfacet
  facet normal -0.449494 -0.893283 0
    outer loop
      vertex 57.643 55.5904 3
      vertex 57.8622 55.4801 8
      vertex 57.643 55.5904 8
    endloop
  endfacet
  facet normal -0.449494 -0.893283 -0
    outer loop
      vertex 57.8622 55.4801 8
      vertex 57.643 55.5904 3
      vertex 57.8622 55.4801 3
    endloop
  endfacet
  facet normal 0 0 1
    outer loop
      vertex 62.5 60 8
      vertex 65 60 8
      vertex 64.994 60.2453 8
    endloop
  endfacet
  facet normal 0 0 1
    outer loop
      vertex 62.497 60.1227 8
      vertex 64.994 60.2453 8
      vertex 64.9759 60.4901 8
    endloop
  endfacet
  facet normal 0 0 1
    outer loop
      vertex 65 60 8
      vertex 62.5 60 8
      vertex 64.994 59.7547 8
    endloop
  endfacet
  facet normal 0 0 1
    outer loop
      vertex 62.488 60.245 8
      vertex 64.9759 60.4901 8
      vertex 64.9459 60.7337 8
    endloop
  endfacet
  facet normal -0 0 1
    outer loop
      vertex 62.497 59.8773 8
      vertex 64.994 59.7547 8
      vertex 62.5 60 8
    endloop
  endfacet
  facet normal 0 0 1
    outer loop
      vertex 62.4729 60.3668 8
      vertex 64.9459 60.7337 8
      vertex 64.9039 60.9755 8
    endloop
  endfacet
  facet normal 0 0 1
    outer loop
      vertex 64.994 59.7547 8
      vertex 62.497 59.8773 8
      vertex 64.9759 59.5099 8
    endloop
  endfacet
  facet normal 0 0 1
    outer loop
      vertex 62.452 60.4877 8
      vertex 64.9039 60.9755 8
      vertex 64.8502 61.2149 8
    endloop
  endfacet
  facet normal -0 0 1
    outer loop
      vertex 62.488 59.755 8
      vertex 64.9759 59.5099 8
      vertex 62.497 59.8773 8
    endloop
  endfacet
  facet normal 0 0 1
    outer loop
      vertex 62.4251 60.6074 8
      vertex 64.8502 61.2149 8
      vertex 64.7847 61.4514 8
    endloop
  endfacet
  facet normal 0 0 1
    outer loop
      vertex 64.9759 59.5099 8
      vertex 62.488 59.755 8
      vertex 64.9459 59.2663 8
    endloop
  endfacet
  facet normal 0 0 1
    outer loop
      vertex 62.3923 60.7257 8
      vertex 64.7847 61.4514 8
      vertex 64.7077 61.6844 8
    endloop
  endfacet
  facet normal -0 0 1
    outer loop
      vertex 62.4729 59.6332 8
      vertex 64.9459 59.2663 8
      vertex 62.488 59.755 8
    endloop
  endfacet
  facet normal 0 0 1
    outer loop
      vertex 62.3539 60.8422 8
      vertex 64.7077 61.6844 8
      vertex 64.6194 61.9134 8
    endloop
  endfacet
  facet normal 0 0 1
    outer loop
      vertex 64.9459 59.2663 8
      vertex 62.4729 59.6332 8
      vertex 64.9039 59.0245 8
    endloop
  endfacet
  facet normal 0 0 1
    outer loop
      vertex 62.3097 60.9567 8
      vertex 64.6194 61.9134 8
      vertex 64.5199 62.1378 8
    endloop
  endfacet
  facet normal -0 0 1
    outer loop
      vertex 62.452 59.5123 8
      vertex 64.9039 59.0245 8
      vertex 62.4729 59.6332 8
    endloop
  endfacet
  facet normal 0 0 1
    outer loop
      vertex 62.26 61.0689 8
      vertex 64.5199 62.1378 8
      vertex 64.4096 62.357 8
    endloop
  endfacet
  facet normal 0 0 1
    outer loop
      vertex 64.9039 59.0245 8
      vertex 62.452 59.5123 8
      vertex 64.8502 58.7851 8
    endloop
  endfacet
  facet normal 0 0 1
    outer loop
      vertex 62.2048 61.1785 8
      vertex 64.4096 62.357 8
      vertex 64.2886 62.5705 8
    endloop
  endfacet
  facet normal -0 0 1
    outer loop
      vertex 62.4251 59.3925 8
      vertex 64.8502 58.7851 8
      vertex 62.452 59.5123 8
    endloop
  endfacet
  facet normal 0 0 1
    outer loop
      vertex 62.1443 61.2853 8
      vertex 64.2886 62.5705 8
      vertex 64.1573 62.7779 8
    endloop
  endfacet
  facet normal 0 0 1
    outer loop
      vertex 64.8502 58.7851 8
      vertex 62.4251 59.3925 8
      vertex 64.7847 58.5486 8
    endloop
  endfacet
  facet normal 0 0 1
    outer loop
      vertex 62.0787 61.3889 8
      vertex 64.1573 62.7779 8
      vertex 64.016 62.9785 8
    endloop
  endfacet
  facet normal -0 0 1
    outer loop
      vertex 62.3923 59.2743 8
      vertex 64.7847 58.5486 8
      vertex 62.4251 59.3925 8
    endloop
  endfacet
  facet normal 0 0 1
    outer loop
      vertex 62.008 61.4892 8
      vertex 64.016 62.9785 8
      vertex 63.8651 63.172 8
    endloop
  endfacet
  facet normal 0 0 1
    outer loop
      vertex 64.7847 58.5486 8
      vertex 62.3923 59.2743 8
      vertex 64.7077 58.3156 8
    endloop
  endfacet
  facet normal 0 0 1
    outer loop
      vertex 61.9325 61.586 8
      vertex 63.8651 63.172 8
      vertex 63.7048 63.3578 8
    endloop
  endfacet
  facet normal -0 0 1
    outer loop
      vertex 62.3539 59.1578 8
      vertex 64.7077 58.3156 8
      vertex 62.3923 59.2743 8
    endloop
  endfacet
  facet normal 0 0 1
    outer loop
      vertex 61.8524 61.6789 8
      vertex 63.7048 63.3578 8
      vertex 63.5355 63.5355 8
    endloop
  endfacet
  facet normal 0 0 1
    outer loop
      vertex 64.7077 58.3156 8
      vertex 62.3539 59.1578 8
      vertex 64.6194 58.0866 8
    endloop
  endfacet
  facet normal 0 0 1
    outer loop
      vertex 61.7678 61.7678 8
      vertex 63.5355 63.5355 8
      vertex 63.3578 63.7048 8
    endloop
  endfacet
  facet normal -0 0 1
    outer loop
      vertex 62.3097 59.0433 8
      vertex 64.6194 58.0866 8
      vertex 62.3539 59.1578 8
    endloop
  endfacet
  facet normal 0 0 1
    outer loop
      vertex 61.6789 61.8524 8
      vertex 63.3578 63.7048 8
      vertex 63.172 63.8651 8
    endloop
  endfacet
  facet normal 0 0 1
    outer loop
      vertex 64.6194 58.0866 8
      vertex 62.3097 59.0433 8
      vertex 64.5199 57.8622 8
    endloop
  endfacet
  facet normal 0 0 1
    outer loop
      vertex 61.586 61.9325 8
      vertex 63.172 63.8651 8
      vertex 62.9785 64.016 8
    endloop
  endfacet
  facet normal -0 0 1
    outer loop
      vertex 62.26 58.9311 8
      vertex 64.5199 57.8622 8
      vertex 62.3097 59.0433 8
    endloop
  endfacet
  facet normal 0 0 1
    outer loop
      vertex 61.4892 62.008 8
      vertex 62.9785 64.016 8
      vertex 62.7779 64.1573 8
    endloop
  endfacet
  facet normal 0 0 1
    outer loop
      vertex 64.5199 57.8622 8
      vertex 62.26 58.9311 8
      vertex 64.4096 57.643 8
    endloop
  endfacet
  facet normal 0 0 1
    outer loop
      vertex 61.3889 62.0787 8
      vertex 62.7779 64.1573 8
      vertex 62.5705 64.2886 8
    endloop
  endfacet
  facet normal -0 0 1
    outer loop
      vertex 62.2048 58.8215 8
      vertex 64.4096 57.643 8
      vertex 62.26 58.9311 8
    endloop
  endfacet
  facet normal 0 0 1
    outer loop
      vertex 64.4096 57.643 8
      vertex 62.2048 58.8215 8
      vertex 64.2886 57.4295 8
    endloop
  endfacet
  facet normal 0 0 1
    outer loop
      vertex 64.994 60.2453 8
      vertex 62.497 60.1227 8
      vertex 62.5 60 8
    endloop
  endfacet
  facet normal 0 0 1
    outer loop
      vertex 64.9759 60.4901 8
      vertex 62.488 60.245 8
      vertex 62.497 60.1227 8
    endloop
  endfacet
  facet normal 0 0 1
    outer loop
      vertex 64.9459 60.7337 8
      vertex 62.4729 60.3668 8
      vertex 62.488 60.245 8
    endloop
  endfacet
  facet normal 0 0 1
    outer loop
      vertex 64.9039 60.9755 8
      vertex 62.452 60.4877 8
      vertex 62.4729 60.3668 8
    endloop
  endfacet
  facet normal 0 0 1
    outer loop
      vertex 64.8502 61.2149 8
      vertex 62.4251 60.6074 8
      vertex 62.452 60.4877 8
    endloop
  endfacet
  facet normal 0 0 1
    outer loop
      vertex 64.7847 61.4514 8
      vertex 62.3923 60.7257 8
      vertex 62.4251 60.6074 8
    endloop
  endfacet
  facet normal 0 0 1
    outer loop
      vertex 61.2853 62.1443 8
      vertex 62.5705 64.2886 8
      vertex 62.357 64.4096 8
    endloop
  endfacet
  facet normal 0 0 1
    outer loop
      vertex 64.7077 61.6844 8
      vertex 62.3539 60.8422 8
      vertex 62.3923 60.7257 8
    endloop
  endfacet
  facet normal 0 0 1
    outer loop
      vertex 64.6194 61.9134 8
      vertex 62.3097 60.9567 8
      vertex 62.3539 60.8422 8
    endloop
  endfacet
  facet normal 0 0 1
    outer loop
      vertex 64.5199 62.1378 8
      vertex 62.26 61.0689 8
      vertex 62.3097 60.9567 8
    endloop
  endfacet
  facet normal 0 0 1
    outer loop
      vertex 64.4096 62.357 8
      vertex 62.2048 61.1785 8
      vertex 62.26 61.0689 8
    endloop
  endfacet
  facet normal 0 0 1
    outer loop
      vertex 64.2886 62.5705 8
      vertex 62.1443 61.2853 8
      vertex 62.2048 61.1785 8
    endloop
  endfacet
  facet normal 0 0 1
    outer loop
      vertex 61.1785 62.2048 8
      vertex 62.357 64.4096 8
      vertex 62.1378 64.5199 8
    endloop
  endfacet
  facet normal 0 0 1
    outer loop
      vertex 64.1573 62.7779 8
      vertex 62.0787 61.3889 8
      vertex 62.1443 61.2853 8
    endloop
  endfacet
  facet normal 0 0 1
    outer loop
      vertex 64.016 62.9785 8
      vertex 62.008 61.4892 8
      vertex 62.0787 61.3889 8
    endloop
  endfacet
  facet normal 0 0 1
    outer loop
      vertex 63.8651 63.172 8
      vertex 61.9325 61.586 8
      vertex 62.008 61.4892 8
    endloop
  endfacet
  facet normal 0 0 1
    outer loop
      vertex 61.0689 62.26 8
      vertex 62.1378 64.5199 8
      vertex 61.9134 64.6194 8
    endloop
  endfacet
  facet normal 0 0 1
    outer loop
      vertex 63.7048 63.3578 8
      vertex 61.8524 61.6789 8
      vertex 61.9325 61.586 8
    endloop
  endfacet
  facet normal 0 0 1
    outer loop
      vertex 63.5355 63.5355 8
      vertex 61.7678 61.7678 8
      vertex 61.8524 61.6789 8
    endloop
  endfacet
  facet normal 0 0 1
    outer loop
      vertex 60.9567 62.3097 8
      vertex 61.9134 64.6194 8
      vertex 61.6844 64.7077 8
    endloop
  endfacet
  facet normal 0 0 1
    outer loop
      vertex 63.3578 63.7048 8
      vertex 61.6789 61.8524 8
      vertex 61.7678 61.7678 8
    endloop
  endfacet
  facet normal 0 0 1
    outer loop
      vertex 63.172 63.8651 8
      vertex 61.586 61.9325 8
      vertex 61.6789 61.8524 8
    endloop
  endfacet
  facet normal 0 0 1
    outer loop
      vertex 62.9785 64.016 8
      vertex 61.4892 62.008 8
      vertex 61.586 61.9325 8
    endloop
  endfacet
  facet normal 0 0 1
    outer loop
      vertex 60.8422 62.3539 8
      vertex 61.6844 64.7077 8
      vertex 61.4514 64.7847 8
    endloop
  endfacet
  facet normal 0 0 1
    outer loop
      vertex 62.7779 64.1573 8
      vertex 61.3889 62.0787 8
      vertex 61.4892 62.008 8
    endloop
  endfacet
  facet normal 0 0 1
    outer loop
      vertex 62.5705 64.2886 8
      vertex 61.2853 62.1443 8
      vertex 61.3889 62.0787 8
    endloop
  endfacet
  facet normal 0 0 1
    outer loop
      vertex 60.7257 62.3923 8
      vertex 61.4514 64.7847 8
      vertex 61.2149 64.8502 8
    endloop
  endfacet
  facet normal 0 0 1
    outer loop
      vertex 62.357 64.4096 8
      vertex 61.1785 62.2048 8
      vertex 61.2853 62.1443 8
    endloop
  endfacet
  facet normal 0 0 1
    outer loop
      vertex 62.1378 64.5199 8
      vertex 61.0689 62.26 8
      vertex 61.1785 62.2048 8
    endloop
  endfacet
  facet normal 0 0 1
    outer loop
      vertex 60.6074 62.4251 8
      vertex 61.2149 64.8502 8
      vertex 60.9755 64.9039 8
    endloop
  endfacet
  facet normal 0 0 1
    outer loop
      vertex 61.9134 64.6194 8
      vertex 60.9567 62.3097 8
      vertex 61.0689 62.26 8
    endloop
  endfacet
  facet normal 0 0 1
    outer loop
      vertex 61.6844 64.7077 8
      vertex 60.8422 62.3539 8
      vertex 60.9567 62.3097 8
    endloop
  endfacet
  facet normal 0 0 1
    outer loop
      vertex 60.4877 62.452 8
      vertex 60.9755 64.9039 8
      vertex 60.7337 64.9459 8
    endloop
  endfacet
  facet normal 0 0 1
    outer loop
      vertex 61.4514 64.7847 8
      vertex 60.7257 62.3923 8
      vertex 60.8422 62.3539 8
    endloop
  endfacet
  facet normal 0 0 1
    outer loop
      vertex 61.2149 64.8502 8
      vertex 60.6074 62.4251 8
      vertex 60.7257 62.3923 8
    endloop
  endfacet
  facet normal 0 0 1
    outer loop
      vertex 60.3668 62.4729 8
      vertex 60.7337 64.9459 8
      vertex 60.4901 64.9759 8
    endloop
  endfacet
  facet normal 0 0 1
    outer loop
      vertex 60.9755 64.9039 8
      vertex 60.4877 62.452 8
      vertex 60.6074 62.4251 8
    endloop
  endfacet
  facet normal 0 0 1
    outer loop
      vertex 60.7337 64.9459 8
      vertex 60.3668 62.4729 8
      vertex 60.4877 62.452 8
    endloop
  endfacet
  facet normal 0 0 1
    outer loop
      vertex 60.245 62.488 8
      vertex 60.4901 64.9759 8
      vertex 60.2453 64.994 8
    endloop
  endfacet
  facet normal 0 0 1
    outer loop
      vertex 60.4901 64.9759 8
      vertex 60.245 62.488 8
      vertex 60.3668 62.4729 8
    endloop
  endfacet
  facet normal 0 0 1
    outer loop
      vertex 60.2453 64.994 8
      vertex 60.1227 62.497 8
      vertex 60.245 62.488 8
    endloop
  endfacet
  facet normal 0 0 1
    outer loop
      vertex 60 65 8
      vertex 60.1227 62.497 8
      vertex 60.2453 64.994 8
    endloop
  endfacet
  facet normal 0 0 1
    outer loop
      vertex 60 65 8
      vertex 60 62.5 8
      vertex 60.1227 62.497 8
    endloop
  endfacet
  facet normal 0 0 1
    outer loop
      vertex 60 65 8
      vertex 59.8773 62.497 8
      vertex 60 62.5 8
    endloop
  endfacet
  facet normal -0 0 1
    outer loop
      vertex 59.7547 64.994 8
      vertex 59.8773 62.497 8
      vertex 60 65 8
    endloop
  endfacet
  facet normal 0 0 1
    outer loop
      vertex 59.8773 62.497 8
      vertex 59.7547 64.994 8
      vertex 59.755 62.488 8
    endloop
  endfacet
  facet normal -0 0 1
    outer loop
      vertex 59.5099 64.9759 8
      vertex 59.755 62.488 8
      vertex 59.7547 64.994 8
    endloop
  endfacet
  facet normal 0 0 1
    outer loop
      vertex 59.755 62.488 8
      vertex 59.5099 64.9759 8
      vertex 59.6332 62.4729 8
    endloop
  endfacet
  facet normal -0 0 1
    outer loop
      vertex 59.2663 64.9459 8
      vertex 59.6332 62.4729 8
      vertex 59.5099 64.9759 8
    endloop
  endfacet
  facet normal 0 0 1
    outer loop
      vertex 59.6332 62.4729 8
      vertex 59.2663 64.9459 8
      vertex 59.5123 62.452 8
    endloop
  endfacet
  facet normal -0 0 1
    outer loop
      vertex 59.0245 64.9039 8
      vertex 59.5123 62.452 8
      vertex 59.2663 64.9459 8
    endloop
  endfacet
  facet normal 0 0 1
    outer loop
      vertex 59.5123 62.452 8
      vertex 59.0245 64.9039 8
      vertex 59.3925 62.4251 8
    endloop
  endfacet
  facet normal -0 0 1
    outer loop
      vertex 58.7851 64.8502 8
      vertex 59.3925 62.4251 8
      vertex 59.0245 64.9039 8
    endloop
  endfacet
  facet normal 0 0 1
    outer loop
      vertex 59.3925 62.4251 8
      vertex 58.7851 64.8502 8
      vertex 59.2743 62.3923 8
    endloop
  endfacet
  facet normal -0 0 1
    outer loop
      vertex 58.5486 64.7847 8
      vertex 59.2743 62.3923 8
      vertex 58.7851 64.8502 8
    endloop
  endfacet
  facet normal 0 0 1
    outer loop
      vertex 59.2743 62.3923 8
      vertex 58.5486 64.7847 8
      vertex 59.1578 62.3539 8
    endloop
  endfacet
  facet normal -0 0 1
    outer loop
      vertex 58.3156 64.7077 8
      vertex 59.1578 62.3539 8
      vertex 58.5486 64.7847 8
    endloop
  endfacet
  facet normal 0 0 1
    outer loop
      vertex 59.1578 62.3539 8
      vertex 58.3156 64.7077 8
      vertex 59.0433 62.3097 8
    endloop
  endfacet
  facet normal -0 0 1
    outer loop
      vertex 58.0866 64.6194 8
      vertex 59.0433 62.3097 8
      vertex 58.3156 64.7077 8
    endloop
  endfacet
  facet normal 0 0 1
    outer loop
      vertex 59.0433 62.3097 8
      vertex 58.0866 64.6194 8
      vertex 58.9311 62.26 8
    endloop
  endfacet
  facet normal -0 0 1
    outer loop
      vertex 57.8622 64.5199 8
      vertex 58.9311 62.26 8
      vertex 58.0866 64.6194 8
    endloop
  endfacet
  facet normal 0 0 1
    outer loop
      vertex 58.9311 62.26 8
      vertex 57.8622 64.5199 8
      vertex 58.8215 62.2048 8
    endloop
  endfacet
  facet normal -0 0 1
    outer loop
      vertex 57.643 64.4096 8
      vertex 58.8215 62.2048 8
      vertex 57.8622 64.5199 8
    endloop
  endfacet
  facet normal 0 0 1
    outer loop
      vertex 58.8215 62.2048 8
      vertex 57.643 64.4096 8
      vertex 58.7147 62.1443 8
    endloop
  endfacet
  facet normal -0 0 1
    outer loop
      vertex 57.4295 64.2886 8
      vertex 58.7147 62.1443 8
      vertex 57.643 64.4096 8
    endloop
  endfacet
  facet normal 0 0 1
    outer loop
      vertex 58.7147 62.1443 8
      vertex 57.4295 64.2886 8
      vertex 58.6111 62.0787 8
    endloop
  endfacet
  facet normal -0 0 1
    outer loop
      vertex 57.2221 64.1573 8
      vertex 58.6111 62.0787 8
      vertex 57.4295 64.2886 8
    endloop
  endfacet
  facet normal 0 0 1
    outer loop
      vertex 58.6111 62.0787 8
      vertex 57.2221 64.1573 8
      vertex 58.5107 62.008 8
    endloop
  endfacet
  facet normal -0 0 1
    outer loop
      vertex 57.0215 64.016 8
      vertex 58.5107 62.008 8
      vertex 57.2221 64.1573 8
    endloop
  endfacet
  facet normal 0 0 1
    outer loop
      vertex 58.5107 62.008 8
      vertex 57.0215 64.016 8
      vertex 58.414 61.9325 8
    endloop
  endfacet
  facet normal -0 0 1
    outer loop
      vertex 56.828 63.8651 8
      vertex 58.414 61.9325 8
      vertex 57.0215 64.016 8
    endloop
  endfacet
  facet normal 0 0 1
    outer loop
      vertex 58.414 61.9325 8
      vertex 56.828 63.8651 8
      vertex 58.3211 61.8524 8
    endloop
  endfacet
  facet normal -0 0 1
    outer loop
      vertex 56.6422 63.7048 8
      vertex 58.3211 61.8524 8
      vertex 56.828 63.8651 8
    endloop
  endfacet
  facet normal 0 0 1
    outer loop
      vertex 58.3211 61.8524 8
      vertex 56.6422 63.7048 8
      vertex 58.2322 61.7678 8
    endloop
  endfacet
  facet normal -0 0 1
    outer loop
      vertex 56.4645 63.5355 8
      vertex 58.2322 61.7678 8
      vertex 56.6422 63.7048 8
    endloop
  endfacet
  facet normal 0 0 1
    outer loop
      vertex 58.2322 61.7678 8
      vertex 56.4645 63.5355 8
      vertex 58.1476 61.6789 8
    endloop
  endfacet
  facet normal -0 0 1
    outer loop
      vertex 56.2952 63.3578 8
      vertex 58.1476 61.6789 8
      vertex 56.4645 63.5355 8
    endloop
  endfacet
  facet normal 0 0 1
    outer loop
      vertex 58.1476 61.6789 8
      vertex 56.2952 63.3578 8
      vertex 58.0675 61.586 8
    endloop
  endfacet
  facet normal -0 0 1
    outer loop
      vertex 56.1349 63.172 8
      vertex 58.0675 61.586 8
      vertex 56.2952 63.3578 8
    endloop
  endfacet
  facet normal 0 0 1
    outer loop
      vertex 58.0675 61.586 8
      vertex 56.1349 63.172 8
      vertex 57.992 61.4892 8
    endloop
  endfacet
  facet normal -0 0 1
    outer loop
      vertex 55.984 62.9785 8
      vertex 57.992 61.4892 8
      vertex 56.1349 63.172 8
    endloop
  endfacet
  facet normal 0 0 1
    outer loop
      vertex 57.992 61.4892 8
      vertex 55.984 62.9785 8
      vertex 57.9213 61.3889 8
    endloop
  endfacet
  facet normal -0 0 1
    outer loop
      vertex 55.8427 62.7779 8
      vertex 57.9213 61.3889 8
      vertex 55.984 62.9785 8
    endloop
  endfacet
  facet normal 0 0 1
    outer loop
      vertex 57.9213 61.3889 8
      vertex 55.8427 62.7779 8
      vertex 57.8557 61.2853 8
    endloop
  endfacet
  facet normal 0 0 1
    outer loop
      vertex 57.8557 61.2853 8
      vertex 55.7114 62.5705 8
      vertex 57.7952 61.1785 8
    endloop
  endfacet
  facet normal -0 0 1
    outer loop
      vertex 55.7114 62.5705 8
      vertex 57.8557 61.2853 8
      vertex 55.8427 62.7779 8
    endloop
  endfacet
  facet normal -0 0 1
    outer loop
      vertex 62.1443 58.7147 8
      vertex 64.2886 57.4295 8
      vertex 62.2048 58.8215 8
    endloop
  endfacet
  facet normal 0 0 1
    outer loop
      vertex 64.2886 57.4295 8
      vertex 62.1443 58.7147 8
      vertex 64.1573 57.2221 8
    endloop
  endfacet
  facet normal -0 0 1
    outer loop
      vertex 62.0787 58.6111 8
      vertex 64.1573 57.2221 8
      vertex 62.1443 58.7147 8
    endloop
  endfacet
  facet normal 0 0 1
    outer loop
      vertex 64.1573 57.2221 8
      vertex 62.0787 58.6111 8
      vertex 64.016 57.0215 8
    endloop
  endfacet
  facet normal -0 0 1
    outer loop
      vertex 62.008 58.5107 8
      vertex 64.016 57.0215 8
      vertex 62.0787 58.6111 8
    endloop
  endfacet
  facet normal 0 0 1
    outer loop
      vertex 64.016 57.0215 8
      vertex 62.008 58.5107 8
      vertex 63.8651 56.828 8
    endloop
  endfacet
  facet normal -0 0 1
    outer loop
      vertex 61.9325 58.414 8
      vertex 63.8651 56.828 8
      vertex 62.008 58.5107 8
    endloop
  endfacet
  facet normal 0 0 1
    outer loop
      vertex 63.8651 56.828 8
      vertex 61.9325 58.414 8
      vertex 63.7048 56.6422 8
    endloop
  endfacet
  facet normal -0 0 1
    outer loop
      vertex 61.8524 58.3211 8
      vertex 63.7048 56.6422 8
      vertex 61.9325 58.414 8
    endloop
  endfacet
  facet normal 0 0 1
    outer loop
      vertex 63.7048 56.6422 8
      vertex 61.8524 58.3211 8
      vertex 63.5355 56.4645 8
    endloop
  endfacet
  facet normal -0 0 1
    outer loop
      vertex 61.7678 58.2322 8
      vertex 63.5355 56.4645 8
      vertex 61.8524 58.3211 8
    endloop
  endfacet
  facet normal 0 0 1
    outer loop
      vertex 63.5355 56.4645 8
      vertex 61.7678 58.2322 8
      vertex 63.3578 56.2952 8
    endloop
  endfacet
  facet normal -0 0 1
    outer loop
      vertex 61.6789 58.1476 8
      vertex 63.3578 56.2952 8
      vertex 61.7678 58.2322 8
    endloop
  endfacet
  facet normal 0 0 1
    outer loop
      vertex 63.3578 56.2952 8
      vertex 61.6789 58.1476 8
      vertex 63.172 56.1349 8
    endloop
  endfacet
  facet normal -0 0 1
    outer loop
      vertex 61.586 58.0675 8
      vertex 63.172 56.1349 8
      vertex 61.6789 58.1476 8
    endloop
  endfacet
  facet normal 0 0 1
    outer loop
      vertex 63.172 56.1349 8
      vertex 61.586 58.0675 8
      vertex 62.9785 55.984 8
    endloop
  endfacet
  facet normal -0 0 1
    outer loop
      vertex 61.4892 57.992 8
      vertex 62.9785 55.984 8
      vertex 61.586 58.0675 8
    endloop
  endfacet
  facet normal 0 0 1
    outer loop
      vertex 62.9785 55.984 8
      vertex 61.4892 57.992 8
      vertex 62.7779 55.8427 8
    endloop
  endfacet
  facet normal -0 0 1
    outer loop
      vertex 61.3889 57.9213 8
      vertex 62.7779 55.8427 8
      vertex 61.4892 57.992 8
    endloop
  endfacet
  facet normal 0 0 1
    outer loop
      vertex 62.7779 55.8427 8
      vertex 61.3889 57.9213 8
      vertex 62.5705 55.7114 8
    endloop
  endfacet
  facet normal -0 0 1
    outer loop
      vertex 61.2853 57.8557 8
      vertex 62.5705 55.7114 8
      vertex 61.3889 57.9213 8
    endloop
  endfacet
  facet normal 0 0 1
    outer loop
      vertex 62.5705 55.7114 8
      vertex 61.2853 57.8557 8
      vertex 62.357 55.5904 8
    endloop
  endfacet
  facet normal -0 0 1
    outer loop
      vertex 61.1785 57.7952 8
      vertex 62.357 55.5904 8
      vertex 61.2853 57.8557 8
    endloop
  endfacet
  facet normal 0 0 1
    outer loop
      vertex 62.357 55.5904 8
      vertex 61.1785 57.7952 8
      vertex 62.1378 55.4801 8
    endloop
  endfacet
  facet normal -0 0 1
    outer loop
      vertex 61.0689 57.74 8
      vertex 62.1378 55.4801 8
      vertex 61.1785 57.7952 8
    endloop
  endfacet
  facet normal 0 0 1
    outer loop
      vertex 62.1378 55.4801 8
      vertex 61.0689 57.74 8
      vertex 61.9134 55.3806 8
    endloop
  endfacet
  facet normal -0 0 1
    outer loop
      vertex 60.9567 57.6903 8
      vertex 61.9134 55.3806 8
      vertex 61.0689 57.74 8
    endloop
  endfacet
  facet normal 0 0 1
    outer loop
      vertex 61.9134 55.3806 8
      vertex 60.9567 57.6903 8
      vertex 61.6844 55.2923 8
    endloop
  endfacet
  facet normal -0 0 1
    outer loop
      vertex 60.8422 57.6461 8
      vertex 61.6844 55.2923 8
      vertex 60.9567 57.6903 8
    endloop
  endfacet
  facet normal 0 0 1
    outer loop
      vertex 61.6844 55.2923 8
      vertex 60.8422 57.6461 8
      vertex 61.4514 55.2153 8
    endloop
  endfacet
  facet normal -0 0 1
    outer loop
      vertex 60.7257 57.6077 8
      vertex 61.4514 55.2153 8
      vertex 60.8422 57.6461 8
    endloop
  endfacet
  facet normal 0 0 1
    outer loop
      vertex 61.4514 55.2153 8
      vertex 60.7257 57.6077 8
      vertex 61.2149 55.1498 8
    endloop
  endfacet
  facet normal -0 0 1
    outer loop
      vertex 60.6074 57.5749 8
      vertex 61.2149 55.1498 8
      vertex 60.7257 57.6077 8
    endloop
  endfacet
  facet normal 0 0 1
    outer loop
      vertex 61.2149 55.1498 8
      vertex 60.6074 57.5749 8
      vertex 60.9755 55.0961 8
    endloop
  endfacet
  facet normal -0 0 1
    outer loop
      vertex 60.4877 57.548 8
      vertex 60.9755 55.0961 8
      vertex 60.6074 57.5749 8
    endloop
  endfacet
  facet normal 0 0 1
    outer loop
      vertex 60.9755 55.0961 8
      vertex 60.4877 57.548 8
      vertex 60.7337 55.0541 8
    endloop
  endfacet
  facet normal -0 0 1
    outer loop
      vertex 60.3668 57.5271 8
      vertex 60.7337 55.0541 8
      vertex 60.4877 57.548 8
    endloop
  endfacet
  facet normal 0 0 1
    outer loop
      vertex 60.7337 55.0541 8
      vertex 60.3668 57.5271 8
      vertex 60.4901 55.0241 8
    endloop
  endfacet
  facet normal -0 0 1
    outer loop
      vertex 60.245 57.512 8
      vertex 60.4901 55.0241 8
      vertex 60.3668 57.5271 8
    endloop
  endfacet
  facet normal 0 0 1
    outer loop
      vertex 60.4901 55.0241 8
      vertex 60.245 57.512 8
      vertex 60.2453 55.006 8
    endloop
  endfacet
  facet normal -0 0 1
    outer loop
      vertex 60.1227 57.503 8
      vertex 60.2453 55.006 8
      vertex 60.245 57.512 8
    endloop
  endfacet
  facet normal -0 0 1
    outer loop
      vertex 60 57.5 8
      vertex 60.2453 55.006 8
      vertex 60.1227 57.503 8
    endloop
  endfacet
  facet normal 0 0 1
    outer loop
      vertex 60 57.5 8
      vertex 60 55 8
      vertex 60.2453 55.006 8
    endloop
  endfacet
  facet normal 0 0 1
    outer loop
      vertex 59.8773 57.503 8
      vertex 60 55 8
      vertex 60 57.5 8
    endloop
  endfacet
  facet normal 0 0 1
    outer loop
      vertex 59.7547 55.006 8
      vertex 59.8773 57.503 8
      vertex 59.755 57.512 8
    endloop
  endfacet
  facet normal 0 0 1
    outer loop
      vertex 59.8773 57.503 8
      vertex 59.7547 55.006 8
      vertex 60 55 8
    endloop
  endfacet
  facet normal 0 0 1
    outer loop
      vertex 59.5099 55.0241 8
      vertex 59.755 57.512 8
      vertex 59.6332 57.5271 8
    endloop
  endfacet
  facet normal 0 0 1
    outer loop
      vertex 59.2663 55.0541 8
      vertex 59.6332 57.5271 8
      vertex 59.5123 57.548 8
    endloop
  endfacet
  facet normal 0 0 1
    outer loop
      vertex 59.755 57.512 8
      vertex 59.5099 55.0241 8
      vertex 59.7547 55.006 8
    endloop
  endfacet
  facet normal 0 0 1
    outer loop
      vertex 59.0245 55.0961 8
      vertex 59.5123 57.548 8
      vertex 59.3925 57.5749 8
    endloop
  endfacet
  facet normal 0 0 1
    outer loop
      vertex 58.7851 55.1498 8
      vertex 59.3925 57.5749 8
      vertex 59.2743 57.6077 8
    endloop
  endfacet
  facet normal 0 0 1
    outer loop
      vertex 59.6332 57.5271 8
      vertex 59.2663 55.0541 8
      vertex 59.5099 55.0241 8
    endloop
  endfacet
  facet normal 0 0 1
    outer loop
      vertex 58.5486 55.2153 8
      vertex 59.2743 57.6077 8
      vertex 59.1578 57.6461 8
    endloop
  endfacet
  facet normal 0 0 1
    outer loop
      vertex 58.3156 55.2923 8
      vertex 59.1578 57.6461 8
      vertex 59.0433 57.6903 8
    endloop
  endfacet
  facet normal 0 0 1
    outer loop
      vertex 59.5123 57.548 8
      vertex 59.0245 55.0961 8
      vertex 59.2663 55.0541 8
    endloop
  endfacet
  facet normal 0 0 1
    outer loop
      vertex 58.0866 55.3806 8
      vertex 59.0433 57.6903 8
      vertex 58.9311 57.74 8
    endloop
  endfacet
  facet normal 0 0 1
    outer loop
      vertex 57.8622 55.4801 8
      vertex 58.9311 57.74 8
      vertex 58.8215 57.7952 8
    endloop
  endfacet
  facet normal 0 0 1
    outer loop
      vertex 59.3925 57.5749 8
      vertex 58.7851 55.1498 8
      vertex 59.0245 55.0961 8
    endloop
  endfacet
  facet normal 0 0 1
    outer loop
      vertex 57.643 55.5904 8
      vertex 58.8215 57.7952 8
      vertex 58.7147 57.8557 8
    endloop
  endfacet
  facet normal 0 0 1
    outer loop
      vertex 57.4295 55.7114 8
      vertex 58.7147 57.8557 8
      vertex 58.6111 57.9213 8
    endloop
  endfacet
  facet normal 0 0 1
    outer loop
      vertex 59.2743 57.6077 8
      vertex 58.5486 55.2153 8
      vertex 58.7851 55.1498 8
    endloop
  endfacet
  facet normal 0 0 1
    outer loop
      vertex 57.2221 55.8427 8
      vertex 58.6111 57.9213 8
      vertex 58.5107 57.992 8
    endloop
  endfacet
  facet normal 0 0 1
    outer loop
      vertex 57.0215 55.984 8
      vertex 58.5107 57.992 8
      vertex 58.414 58.0675 8
    endloop
  endfacet
  facet normal 0 0 1
    outer loop
      vertex 56.828 56.1349 8
      vertex 58.414 58.0675 8
      vertex 58.3211 58.1476 8
    endloop
  endfacet
  facet normal 0 0 1
    outer loop
      vertex 59.1578 57.6461 8
      vertex 58.3156 55.2923 8
      vertex 58.5486 55.2153 8
    endloop
  endfacet
  facet normal 0 0 1
    outer loop
      vertex 56.6422 56.2952 8
      vertex 58.3211 58.1476 8
      vertex 58.2322 58.2322 8
    endloop
  endfacet
  facet normal 0 0 1
    outer loop
      vertex 56.4645 56.4645 8
      vertex 58.2322 58.2322 8
      vertex 58.1476 58.3211 8
    endloop
  endfacet
  facet normal 0 0 1
    outer loop
      vertex 59.0433 57.6903 8
      vertex 58.0866 55.3806 8
      vertex 58.3156 55.2923 8
    endloop
  endfacet
  facet normal 0 0 1
    outer loop
      vertex 56.2952 56.6422 8
      vertex 58.1476 58.3211 8
      vertex 58.0675 58.414 8
    endloop
  endfacet
  facet normal 0 0 1
    outer loop
      vertex 56.1349 56.828 8
      vertex 58.0675 58.414 8
      vertex 57.992 58.5107 8
    endloop
  endfacet
  facet normal 0 0 1
    outer loop
      vertex 55.984 57.0215 8
      vertex 57.992 58.5107 8
      vertex 57.9213 58.6111 8
    endloop
  endfacet
  facet normal 0 0 1
    outer loop
      vertex 58.9311 57.74 8
      vertex 57.8622 55.4801 8
      vertex 58.0866 55.3806 8
    endloop
  endfacet
  facet normal 0 0 1
    outer loop
      vertex 55.8427 57.2221 8
      vertex 57.9213 58.6111 8
      vertex 57.8557 58.7147 8
    endloop
  endfacet
  facet normal 0 0 1
    outer loop
      vertex 55.7114 57.4295 8
      vertex 57.8557 58.7147 8
      vertex 57.7952 58.8215 8
    endloop
  endfacet
  facet normal 0 0 1
    outer loop
      vertex 55.5904 57.643 8
      vertex 57.7952 58.8215 8
      vertex 57.74 58.9311 8
    endloop
  endfacet
  facet normal 0 0 1
    outer loop
      vertex 55.4801 57.8622 8
      vertex 57.74 58.9311 8
      vertex 57.6903 59.0433 8
    endloop
  endfacet
  facet normal 0 0 1
    outer loop
      vertex 55.3806 58.0866 8
      vertex 57.6903 59.0433 8
      vertex 57.6461 59.1578 8
    endloop
  endfacet
  facet normal 0 0 1
    outer loop
      vertex 58.8215 57.7952 8
      vertex 57.643 55.5904 8
      vertex 57.8622 55.4801 8
    endloop
  endfacet
  facet normal 0 0 1
    outer loop
      vertex 55.2923 58.3156 8
      vertex 57.6461 59.1578 8
      vertex 57.6077 59.2743 8
    endloop
  endfacet
  facet normal 0 0 1
    outer loop
      vertex 55.2153 58.5486 8
      vertex 57.6077 59.2743 8
      vertex 57.5749 59.3925 8
    endloop
  endfacet
  facet normal 0 0 1
    outer loop
      vertex 55.1498 58.7851 8
      vertex 57.5749 59.3925 8
      vertex 57.548 59.5123 8
    endloop
  endfacet
  facet normal 0 0 1
    outer loop
      vertex 55.0961 59.0245 8
      vertex 57.548 59.5123 8
      vertex 57.5271 59.6332 8
    endloop
  endfacet
  facet normal 0 0 1
    outer loop
      vertex 55.0541 59.2663 8
      vertex 57.5271 59.6332 8
      vertex 57.512 59.755 8
    endloop
  endfacet
  facet normal 0 0 1
    outer loop
      vertex 55.0241 59.5099 8
      vertex 57.512 59.755 8
      vertex 57.503 59.8773 8
    endloop
  endfacet
  facet normal 0 0 1
    outer loop
      vertex 58.7147 57.8557 8
      vertex 57.4295 55.7114 8
      vertex 57.643 55.5904 8
    endloop
  endfacet
  facet normal 0 0 1
    outer loop
      vertex 55.006 59.7547 8
      vertex 57.503 59.8773 8
      vertex 57.5 60 8
    endloop
  endfacet
  facet normal -0 0 1
    outer loop
      vertex 55.5904 62.357 8
      vertex 57.7952 61.1785 8
      vertex 55.7114 62.5705 8
    endloop
  endfacet
  facet normal 0 0 1
    outer loop
      vertex 57.7952 61.1785 8
      vertex 55.5904 62.357 8
      vertex 57.74 61.0689 8
    endloop
  endfacet
  facet normal 0 0 1
    outer loop
      vertex 58.6111 57.9213 8
      vertex 57.2221 55.8427 8
      vertex 57.4295 55.7114 8
    endloop
  endfacet
  facet normal -0 0 1
    outer loop
      vertex 55.4801 62.1378 8
      vertex 57.74 61.0689 8
      vertex 55.5904 62.357 8
    endloop
  endfacet
  facet normal 0 0 1
    outer loop
      vertex 58.5107 57.992 8
      vertex 57.0215 55.984 8
      vertex 57.2221 55.8427 8
    endloop
  endfacet
  facet normal 0 0 1
    outer loop
      vertex 57.74 61.0689 8
      vertex 55.4801 62.1378 8
      vertex 57.6903 60.9567 8
    endloop
  endfacet
  facet normal 0 0 1
    outer loop
      vertex 58.414 58.0675 8
      vertex 56.828 56.1349 8
      vertex 57.0215 55.984 8
    endloop
  endfacet
  facet normal -0 0 1
    outer loop
      vertex 55.3806 61.9134 8
      vertex 57.6903 60.9567 8
      vertex 55.4801 62.1378 8
    endloop
  endfacet
  facet normal 0 0 1
    outer loop
      vertex 58.3211 58.1476 8
      vertex 56.6422 56.2952 8
      vertex 56.828 56.1349 8
    endloop
  endfacet
  facet normal 0 0 1
    outer loop
      vertex 57.6903 60.9567 8
      vertex 55.3806 61.9134 8
      vertex 57.6461 60.8422 8
    endloop
  endfacet
  facet normal 0 0 1
    outer loop
      vertex 58.2322 58.2322 8
      vertex 56.4645 56.4645 8
      vertex 56.6422 56.2952 8
    endloop
  endfacet
  facet normal -0 0 1
    outer loop
      vertex 55.2923 61.6844 8
      vertex 57.6461 60.8422 8
      vertex 55.3806 61.9134 8
    endloop
  endfacet
  facet normal 0 0 1
    outer loop
      vertex 58.1476 58.3211 8
      vertex 56.2952 56.6422 8
      vertex 56.4645 56.4645 8
    endloop
  endfacet
  facet normal 0 0 1
    outer loop
      vertex 57.6461 60.8422 8
      vertex 55.2923 61.6844 8
      vertex 57.6077 60.7257 8
    endloop
  endfacet
  facet normal 0 0 1
    outer loop
      vertex 58.0675 58.414 8
      vertex 56.1349 56.828 8
      vertex 56.2952 56.6422 8
    endloop
  endfacet
  facet normal -0 0 1
    outer loop
      vertex 55.2153 61.4514 8
      vertex 57.6077 60.7257 8
      vertex 55.2923 61.6844 8
    endloop
  endfacet
  facet normal 0 0 1
    outer loop
      vertex 57.992 58.5107 8
      vertex 55.984 57.0215 8
      vertex 56.1349 56.828 8
    endloop
  endfacet
  facet normal 0 0 1
    outer loop
      vertex 57.6077 60.7257 8
      vertex 55.2153 61.4514 8
      vertex 57.5749 60.6074 8
    endloop
  endfacet
  facet normal 0 0 1
    outer loop
      vertex 57.9213 58.6111 8
      vertex 55.8427 57.2221 8
      vertex 55.984 57.0215 8
    endloop
  endfacet
  facet normal -0 0 1
    outer loop
      vertex 55.1498 61.2149 8
      vertex 57.5749 60.6074 8
      vertex 55.2153 61.4514 8
    endloop
  endfacet
  facet normal 0 0 1
    outer loop
      vertex 57.8557 58.7147 8
      vertex 55.7114 57.4295 8
      vertex 55.8427 57.2221 8
    endloop
  endfacet
  facet normal 0 0 1
    outer loop
      vertex 57.5749 60.6074 8
      vertex 55.1498 61.2149 8
      vertex 57.548 60.4877 8
    endloop
  endfacet
  facet normal 0 0 1
    outer loop
      vertex 57.7952 58.8215 8
      vertex 55.5904 57.643 8
      vertex 55.7114 57.4295 8
    endloop
  endfacet
  facet normal -0 0 1
    outer loop
      vertex 55.0961 60.9755 8
      vertex 57.548 60.4877 8
      vertex 55.1498 61.2149 8
    endloop
  endfacet
  facet normal 0 0 1
    outer loop
      vertex 57.74 58.9311 8
      vertex 55.4801 57.8622 8
      vertex 55.5904 57.643 8
    endloop
  endfacet
  facet normal 0 0 1
    outer loop
      vertex 57.548 60.4877 8
      vertex 55.0961 60.9755 8
      vertex 57.5271 60.3668 8
    endloop
  endfacet
  facet normal 0 0 1
    outer loop
      vertex 57.6903 59.0433 8
      vertex 55.3806 58.0866 8
      vertex 55.4801 57.8622 8
    endloop
  endfacet
  facet normal -0 0 1
    outer loop
      vertex 55.0541 60.7337 8
      vertex 57.5271 60.3668 8
      vertex 55.0961 60.9755 8
    endloop
  endfacet
  facet normal 0 0 1
    outer loop
      vertex 57.6461 59.1578 8
      vertex 55.2923 58.3156 8
      vertex 55.3806 58.0866 8
    endloop
  endfacet
  facet normal 0 0 1
    outer loop
      vertex 57.5271 60.3668 8
      vertex 55.0541 60.7337 8
      vertex 57.512 60.245 8
    endloop
  endfacet
  facet normal 0 0 1
    outer loop
      vertex 57.6077 59.2743 8
      vertex 55.2153 58.5486 8
      vertex 55.2923 58.3156 8
    endloop
  endfacet
  facet normal -0 0 1
    outer loop
      vertex 55.0241 60.4901 8
      vertex 57.512 60.245 8
      vertex 55.0541 60.7337 8
    endloop
  endfacet
  facet normal 0 0 1
    outer loop
      vertex 57.5749 59.3925 8
      vertex 55.1498 58.7851 8
      vertex 55.2153 58.5486 8
    endloop
  endfacet
  facet normal 0 0 1
    outer loop
      vertex 57.512 60.245 8
      vertex 55.0241 60.4901 8
      vertex 57.503 60.1227 8
    endloop
  endfacet
  facet normal 0 0 1
    outer loop
      vertex 57.548 59.5123 8
      vertex 55.0961 59.0245 8
      vertex 55.1498 58.7851 8
    endloop
  endfacet
  facet normal -0 0 1
    outer loop
      vertex 55.006 60.2453 8
      vertex 57.503 60.1227 8
      vertex 55.0241 60.4901 8
    endloop
  endfacet
  facet normal 0 0 1
    outer loop
      vertex 57.5271 59.6332 8
      vertex 55.0541 59.2663 8
      vertex 55.0961 59.0245 8
    endloop
  endfacet
  facet normal 0 0 1
    outer loop
      vertex 57.503 60.1227 8
      vertex 55.006 60.2453 8
      vertex 57.5 60 8
    endloop
  endfacet
  facet normal 0 0 1
    outer loop
      vertex 57.512 59.755 8
      vertex 55.0241 59.5099 8
      vertex 55.0541 59.2663 8
    endloop
  endfacet
  facet normal 0 0 1
    outer loop
      vertex 55 60 8
      vertex 57.5 60 8
      vertex 55.006 60.2453 8
    endloop
  endfacet
  facet normal 0 0 1
    outer loop
      vertex 57.503 59.8773 8
      vertex 55.006 59.7547 8
      vertex 55.0241 59.5099 8
    endloop
  endfacet
  facet normal 0 0 1
    outer loop
      vertex 57.5 60 8
      vertex 55 60 8
      vertex 55.006 59.7547 8
    endloop
  endfacet
  facet normal -0.266908 -0.963722 0
    outer loop
      vertex 58.5486 55.2153 3
      vertex 58.7851 55.1498 8
      vertex 58.5486 55.2153 8
    endloop
  endfacet
  facet normal -0.266908 -0.963722 -0
    outer loop
      vertex 58.7851 55.1498 8
      vertex 58.5486 55.2153 3
      vertex 58.7851 55.1498 3
    endloop
  endfacet
  facet normal -0.724012 0.689787 0
    outer loop
      vertex 56.2952 63.3578 3
      vertex 56.4645 63.5355 8
      vertex 56.4645 63.5355 3
    endloop
  endfacet
  facet normal -0.724012 0.689787 0
    outer loop
      vertex 56.4645 63.5355 8
      vertex 56.2952 63.3578 3
      vertex 56.2952 63.3578 8
    endloop
  endfacet
  facet normal -0.997278 -0.0737366 0
    outer loop
      vertex 55.0241 59.5099 3
      vertex 55.006 59.7547 8
      vertex 55.006 59.7547 3
    endloop
  endfacet
  facet normal -0.997278 -0.0737366 0
    outer loop
      vertex 55.006 59.7547 8
      vertex 55.0241 59.5099 3
      vertex 55.0241 59.5099 8
    endloop
  endfacet
  facet normal 0.493064 -0.869993 0
    outer loop
      vertex 62.357 55.5904 3
      vertex 62.5705 55.7114 8
      vertex 62.357 55.5904 8
    endloop
  endfacet
  facet normal 0.493064 -0.869993 0
    outer loop
      vertex 62.5705 55.7114 8
      vertex 62.357 55.5904 3
      vertex 62.5705 55.7114 3
    endloop
  endfacet
  facet normal 0.614956 -0.788562 0
    outer loop
      vertex 62.9785 55.984 3
      vertex 63.172 56.1349 8
      vertex 62.9785 55.984 8
    endloop
  endfacet
  facet normal 0.614956 -0.788562 0
    outer loop
      vertex 63.172 56.1349 8
      vertex 62.9785 55.984 3
      vertex 63.172 56.1349 3
    endloop
  endfacet
  facet normal -0.844917 -0.534897 0
    outer loop
      vertex 55.8427 57.2221 3
      vertex 55.7114 57.4295 8
      vertex 55.7114 57.4295 3
    endloop
  endfacet
  facet normal -0.844917 -0.534897 0
    outer loop
      vertex 55.7114 57.4295 8
      vertex 55.8427 57.2221 3
      vertex 55.8427 57.2221 8
    endloop
  endfacet
  facet normal -0.817543 0.575867 0
    outer loop
      vertex 55.8427 62.7779 3
      vertex 55.984 62.9785 8
      vertex 55.984 62.9785 3
    endloop
  endfacet
  facet normal -0.817543 0.575867 0
    outer loop
      vertex 55.984 62.9785 8
      vertex 55.8427 62.7779 3
      vertex 55.8427 62.7779 8
    endloop
  endfacet
  facet normal -0.949495 0.313782 0
    outer loop
      vertex 55.2153 61.4514 3
      vertex 55.2923 61.6844 8
      vertex 55.2923 61.6844 3
    endloop
  endfacet
  facet normal -0.949495 0.313782 0
    outer loop
      vertex 55.2923 61.6844 8
      vertex 55.2153 61.4514 3
      vertex 55.2153 61.4514 8
    endloop
  endfacet
  facet normal -0.405345 -0.914164 0
    outer loop
      vertex 57.8622 55.4801 3
      vertex 58.0866 55.3806 8
      vertex 57.8622 55.4801 8
    endloop
  endfacet
  facet normal -0.405345 -0.914164 -0
    outer loop
      vertex 58.0866 55.3806 8
      vertex 57.8622 55.4801 3
      vertex 58.0866 55.3806 3
    endloop
  endfacet
  facet normal -0.975754 -0.218872 0
    outer loop
      vertex 55.1498 58.7851 3
      vertex 55.0961 59.0245 8
      vertex 55.0961 59.0245 3
    endloop
  endfacet
  facet normal -0.975754 -0.218872 0
    outer loop
      vertex 55.0961 59.0245 8
      vertex 55.1498 58.7851 3
      vertex 55.1498 58.7851 8
    endloop
  endfacet
  facet normal -0.0244525 -0.999701 0
    outer loop
      vertex 59.7547 55.006 3
      vertex 60 55 8
      vertex 59.7547 55.006 8
    endloop
  endfacet
  facet normal -0.0244525 -0.999701 -0
    outer loop
      vertex 60 55 8
      vertex 59.7547 55.006 3
      vertex 60 55 3
    endloop
  endfacet
  facet normal -0.893283 0.449494 0
    outer loop
      vertex 55.4801 62.1378 3
      vertex 55.5904 62.357 8
      vertex 55.5904 62.357 3
    endloop
  endfacet
  facet normal -0.893283 0.449494 0
    outer loop
      vertex 55.5904 62.357 8
      vertex 55.4801 62.1378 3
      vertex 55.4801 62.1378 8
    endloop
  endfacet
  facet normal -0.0737366 -0.997278 0
    outer loop
      vertex 59.5099 55.0241 3
      vertex 59.7547 55.006 8
      vertex 59.5099 55.0241 8
    endloop
  endfacet
  facet normal -0.0737366 -0.997278 -0
    outer loop
      vertex 59.7547 55.006 8
      vertex 59.5099 55.0241 3
      vertex 59.7547 55.006 3
    endloop
  endfacet
  facet normal -0.575867 -0.817543 0
    outer loop
      vertex 57.0215 55.984 3
      vertex 57.2221 55.8427 8
      vertex 57.0215 55.984 8
    endloop
  endfacet
  facet normal -0.575867 -0.817543 -0
    outer loop
      vertex 57.2221 55.8427 8
      vertex 57.0215 55.984 3
      vertex 57.2221 55.8427 3
    endloop
  endfacet
  facet normal -0.975754 0.218872 0
    outer loop
      vertex 55.0961 60.9755 3
      vertex 55.1498 61.2149 8
      vertex 55.1498 61.2149 3
    endloop
  endfacet
  facet normal -0.975754 0.218872 0
    outer loop
      vertex 55.1498 61.2149 8
      vertex 55.0961 60.9755 3
      vertex 55.0961 60.9755 8
    endloop
  endfacet
  facet normal -0.869993 0.493064 0
    outer loop
      vertex 55.5904 62.357 3
      vertex 55.7114 62.5705 8
      vertex 55.7114 62.5705 3
    endloop
  endfacet
  facet normal -0.869993 0.493064 0
    outer loop
      vertex 55.7114 62.5705 8
      vertex 55.5904 62.357 3
      vertex 55.5904 62.357 8
    endloop
  endfacet
  facet normal -0.266908 0.963722 0
    outer loop
      vertex 58.7851 64.8502 3
      vertex 58.5486 64.7847 8
      vertex 58.7851 64.8502 8
    endloop
  endfacet
  facet normal -0.266908 0.963722 0
    outer loop
      vertex 58.5486 64.7847 8
      vertex 58.7851 64.8502 3
      vertex 58.5486 64.7847 3
    endloop
  endfacet
  facet normal -0.999701 0.0244525 0
    outer loop
      vertex 55 60 3
      vertex 55.006 60.2453 8
      vertex 55.006 60.2453 3
    endloop
  endfacet
  facet normal -0.999701 0.0244525 0
    outer loop
      vertex 55.006 60.2453 8
      vertex 55 60 3
      vertex 55 60 8
    endloop
  endfacet
  facet normal -0.757153 0.653238 0
    outer loop
      vertex 56.1349 63.172 3
      vertex 56.2952 63.3578 8
      vertex 56.2952 63.3578 3
    endloop
  endfacet
  facet normal -0.757153 0.653238 0
    outer loop
      vertex 56.2952 63.3578 8
      vertex 56.1349 63.172 3
      vertex 56.1349 63.172 8
    endloop
  endfacet
  facet normal -0.534897 0.844917 0
    outer loop
      vertex 57.4295 64.2886 3
      vertex 57.2221 64.1573 8
      vertex 57.4295 64.2886 8
    endloop
  endfacet
  facet normal -0.534897 0.844917 0
    outer loop
      vertex 57.2221 64.1573 8
      vertex 57.4295 64.2886 3
      vertex 57.2221 64.1573 3
    endloop
  endfacet
  facet normal -0.653238 -0.757153 0
    outer loop
      vertex 56.6422 56.2952 3
      vertex 56.828 56.1349 8
      vertex 56.6422 56.2952 8
    endloop
  endfacet
  facet normal -0.653238 -0.757153 -0
    outer loop
      vertex 56.828 56.1349 8
      vertex 56.6422 56.2952 3
      vertex 56.828 56.1349 3
    endloop
  endfacet
  facet normal -0.997278 0.0737366 0
    outer loop
      vertex 55.006 60.2453 3
      vertex 55.0241 60.4901 8
      vertex 55.0241 60.4901 3
    endloop
  endfacet
  facet normal -0.997278 0.0737366 0
    outer loop
      vertex 55.0241 60.4901 8
      vertex 55.006 60.2453 3
      vertex 55.006 60.2453 8
    endloop
  endfacet
  facet normal -0.313782 0.949495 0
    outer loop
      vertex 58.5486 64.7847 3
      vertex 58.3156 64.7077 8
      vertex 58.5486 64.7847 8
    endloop
  endfacet
  facet normal -0.313782 0.949495 0
    outer loop
      vertex 58.3156 64.7077 8
      vertex 58.5486 64.7847 3
      vertex 58.3156 64.7077 3
    endloop
  endfacet
  facet normal 0.171135 0.985248 -0
    outer loop
      vertex 60.9755 64.9039 3
      vertex 60.7337 64.9459 8
      vertex 60.9755 64.9039 8
    endloop
  endfacet
  facet normal 0.171135 0.985248 0
    outer loop
      vertex 60.7337 64.9459 8
      vertex 60.9755 64.9039 3
      vertex 60.7337 64.9459 3
    endloop
  endfacet
  facet normal -0.757153 -0.653238 0
    outer loop
      vertex 56.2952 56.6422 3
      vertex 56.1349 56.828 8
      vertex 56.1349 56.828 3
    endloop
  endfacet
  facet normal -0.757153 -0.653238 0
    outer loop
      vertex 56.1349 56.828 8
      vertex 56.2952 56.6422 3
      vertex 56.2952 56.6422 8
    endloop
  endfacet
  facet normal 0.653238 -0.757153 0
    outer loop
      vertex 63.172 56.1349 3
      vertex 63.3578 56.2952 8
      vertex 63.172 56.1349 8
    endloop
  endfacet
  facet normal 0.653238 -0.757153 0
    outer loop
      vertex 63.3578 56.2952 8
      vertex 63.172 56.1349 3
      vertex 63.3578 56.2952 3
    endloop
  endfacet
  facet normal 0.218872 0.975754 -0
    outer loop
      vertex 61.2149 64.8502 3
      vertex 60.9755 64.9039 8
      vertex 61.2149 64.8502 8
    endloop
  endfacet
  facet normal 0.218872 0.975754 0
    outer loop
      vertex 60.9755 64.9039 8
      vertex 61.2149 64.8502 3
      vertex 60.9755 64.9039 3
    endloop
  endfacet
  facet normal -0.933041 0.359771 0
    outer loop
      vertex 55.2923 61.6844 3
      vertex 55.3806 61.9134 8
      vertex 55.3806 61.9134 3
    endloop
  endfacet
  facet normal -0.933041 0.359771 0
    outer loop
      vertex 55.3806 61.9134 8
      vertex 55.2923 61.6844 3
      vertex 55.2923 61.6844 8
    endloop
  endfacet
  facet normal -0.614956 -0.788562 0
    outer loop
      vertex 56.828 56.1349 3
      vertex 57.0215 55.984 8
      vertex 56.828 56.1349 8
    endloop
  endfacet
  facet normal -0.614956 -0.788562 -0
    outer loop
      vertex 57.0215 55.984 8
      vertex 56.828 56.1349 3
      vertex 57.0215 55.984 3
    endloop
  endfacet
  facet normal -0.949495 -0.313782 0
    outer loop
      vertex 55.2923 58.3156 3
      vertex 55.2153 58.5486 8
      vertex 55.2153 58.5486 3
    endloop
  endfacet
  facet normal -0.949495 -0.313782 0
    outer loop
      vertex 55.2153 58.5486 8
      vertex 55.2923 58.3156 3
      vertex 55.2923 58.3156 8
    endloop
  endfacet
  facet normal 0.914164 -0.405345 0
    outer loop
      vertex 64.5199 57.8622 8
      vertex 64.6194 58.0866 3
      vertex 64.6194 58.0866 8
    endloop
  endfacet
  facet normal 0.914164 -0.405345 0
    outer loop
      vertex 64.6194 58.0866 3
      vertex 64.5199 57.8622 8
      vertex 64.5199 57.8622 3
    endloop
  endfacet
  facet normal 0.933041 -0.359771 0
    outer loop
      vertex 64.6194 58.0866 8
      vertex 64.7077 58.3156 3
      vertex 64.7077 58.3156 8
    endloop
  endfacet
  facet normal 0.933041 -0.359771 0
    outer loop
      vertex 64.7077 58.3156 3
      vertex 64.6194 58.0866 8
      vertex 64.6194 58.0866 3
    endloop
  endfacet
  facet normal -0.914164 0.405345 0
    outer loop
      vertex 55.3806 61.9134 3
      vertex 55.4801 62.1378 8
      vertex 55.4801 62.1378 3
    endloop
  endfacet
  facet normal -0.914164 0.405345 0
    outer loop
      vertex 55.4801 62.1378 8
      vertex 55.3806 61.9134 3
      vertex 55.3806 61.9134 8
    endloop
  endfacet
  facet normal -0.893283 -0.449494 0
    outer loop
      vertex 55.5904 57.643 3
      vertex 55.4801 57.8622 8
      vertex 55.4801 57.8622 3
    endloop
  endfacet
  facet normal -0.893283 -0.449494 0
    outer loop
      vertex 55.4801 57.8622 8
      vertex 55.5904 57.643 3
      vertex 55.5904 57.643 8
    endloop
  endfacet
  facet normal -0.493064 -0.869993 0
    outer loop
      vertex 57.4295 55.7114 3
      vertex 57.643 55.5904 8
      vertex 57.4295 55.7114 8
    endloop
  endfacet
  facet normal -0.493064 -0.869993 -0
    outer loop
      vertex 57.643 55.5904 8
      vertex 57.4295 55.7114 3
      vertex 57.643 55.5904 3
    endloop
  endfacet
  facet normal -0.449494 0.893283 0
    outer loop
      vertex 57.8622 64.5199 3
      vertex 57.643 64.4096 8
      vertex 57.8622 64.5199 8
    endloop
  endfacet
  facet normal -0.449494 0.893283 0
    outer loop
      vertex 57.643 64.4096 8
      vertex 57.8622 64.5199 3
      vertex 57.643 64.4096 3
    endloop
  endfacet
  facet normal -0.869993 -0.493064 0
    outer loop
      vertex 55.7114 57.4295 3
      vertex 55.5904 57.643 8
      vertex 55.5904 57.643 3
    endloop
  endfacet
  facet normal -0.869993 -0.493064 0
    outer loop
      vertex 55.5904 57.643 8
      vertex 55.7114 57.4295 3
      vertex 55.7114 57.4295 8
    endloop
  endfacet
  facet normal -0.997303 -0.0733911 0
    outer loop
      vertex 62.497 60.1227 0
      vertex 62.488 60.245 8
      vertex 62.488 60.245 0
    endloop
  endfacet
  facet normal -0.997303 -0.0733911 0
    outer loop
      vertex 62.488 60.245 8
      vertex 62.497 60.1227 0
      vertex 62.497 60.1227 8
    endloop
  endfacet
  facet normal -0.999701 -0.0244426 0
    outer loop
      vertex 62.5 60 0
      vertex 62.497 60.1227 8
      vertex 62.497 60.1227 0
    endloop
  endfacet
  facet normal -0.999701 -0.0244426 0
    outer loop
      vertex 62.497 60.1227 8
      vertex 62.5 60 0
      vertex 62.5 60 8
    endloop
  endfacet
  facet normal -0.992403 -0.123032 0
    outer loop
      vertex 62.488 60.245 0
      vertex 62.4729 60.3668 8
      vertex 62.4729 60.3668 0
    endloop
  endfacet
  facet normal -0.992403 -0.123032 0
    outer loop
      vertex 62.4729 60.3668 8
      vertex 62.488 60.245 0
      vertex 62.488 60.245 8
    endloop
  endfacet
  facet normal 0.405004 -0.914315 0
    outer loop
      vertex 58.9311 62.26 0
      vertex 59.0433 62.3097 8
      vertex 58.9311 62.26 8
    endloop
  endfacet
  facet normal 0.405004 -0.914315 0
    outer loop
      vertex 59.0433 62.3097 8
      vertex 58.9311 62.26 0
      vertex 59.0433 62.3097 0
    endloop
  endfacet
  facet normal 0.844868 -0.534974 0
    outer loop
      vertex 57.8557 61.2853 8
      vertex 57.9213 61.3889 0
      vertex 57.9213 61.3889 8
    endloop
  endfacet
  facet normal 0.844868 -0.534974 0
    outer loop
      vertex 57.9213 61.3889 0
      vertex 57.8557 61.2853 8
      vertex 57.8557 61.2853 0
    endloop
  endfacet
  facet normal -0.123032 0.992403 0
    outer loop
      vertex 60.3668 57.5271 0
      vertex 60.245 57.512 8
      vertex 60.3668 57.5271 8
    endloop
  endfacet
  facet normal -0.123032 0.992403 0
    outer loop
      vertex 60.245 57.512 8
      vertex 60.3668 57.5271 0
      vertex 60.245 57.512 0
    endloop
  endfacet
  facet normal 0.78821 0.615407 0
    outer loop
      vertex 58.0675 58.414 8
      vertex 57.992 58.5107 0
      vertex 57.992 58.5107 8
    endloop
  endfacet
  facet normal 0.78821 0.615407 0
    outer loop
      vertex 57.992 58.5107 0
      vertex 58.0675 58.414 8
      vertex 58.0675 58.414 0
    endloop
  endfacet
  facet normal -0.405004 -0.914315 0
    outer loop
      vertex 60.9567 62.3097 0
      vertex 61.0689 62.26 8
      vertex 60.9567 62.3097 8
    endloop
  endfacet
  facet normal -0.405004 -0.914315 -0
    outer loop
      vertex 61.0689 62.26 8
      vertex 60.9567 62.3097 0
      vertex 61.0689 62.26 0
    endloop
  endfacet
  facet normal -0.870092 -0.492889 0
    outer loop
      vertex 62.2048 61.1785 0
      vertex 62.1443 61.2853 8
      vertex 62.1443 61.2853 0
    endloop
  endfacet
  facet normal -0.870092 -0.492889 0
    outer loop
      vertex 62.1443 61.2853 8
      vertex 62.2048 61.1785 0
      vertex 62.2048 61.1785 8
    endloop
  endfacet
  facet normal 0.963646 -0.267182 0
    outer loop
      vertex 57.5749 60.6074 8
      vertex 57.6077 60.7257 0
      vertex 57.6077 60.7257 8
    endloop
  endfacet
  facet normal 0.963646 -0.267182 0
    outer loop
      vertex 57.6077 60.7257 0
      vertex 57.5749 60.6074 8
      vertex 57.5749 60.6074 0
    endloop
  endfacet
  facet normal 0.992403 -0.123032 0
    outer loop
      vertex 57.512 60.245 8
      vertex 57.5271 60.3668 0
      vertex 57.5271 60.3668 8
    endloop
  endfacet
  facet normal 0.992403 -0.123032 0
    outer loop
      vertex 57.5271 60.3668 0
      vertex 57.512 60.245 8
      vertex 57.512 60.245 0
    endloop
  endfacet
  facet normal -0.844868 0.534974 0
    outer loop
      vertex 62.0787 58.6111 0
      vertex 62.1443 58.7147 8
      vertex 62.1443 58.7147 0
    endloop
  endfacet
  facet normal -0.844868 0.534974 0
    outer loop
      vertex 62.1443 58.7147 8
      vertex 62.0787 58.6111 0
      vertex 62.0787 58.6111 8
    endloop
  endfacet
  facet normal -0.914315 -0.405004 0
    outer loop
      vertex 62.3097 60.9567 0
      vertex 62.26 61.0689 8
      vertex 62.26 61.0689 0
    endloop
  endfacet
  facet normal -0.914315 -0.405004 0
    outer loop
      vertex 62.26 61.0689 8
      vertex 62.3097 60.9567 0
      vertex 62.3097 60.9567 8
    endloop
  endfacet
  facet normal 0.405004 0.914315 -0
    outer loop
      vertex 59.0433 57.6903 0
      vertex 58.9311 57.74 8
      vertex 59.0433 57.6903 8
    endloop
  endfacet
  facet normal 0.405004 0.914315 0
    outer loop
      vertex 58.9311 57.74 8
      vertex 59.0433 57.6903 0
      vertex 58.9311 57.74 0
    endloop
  endfacet
  facet normal 0.170344 0.985385 -0
    outer loop
      vertex 59.6332 57.5271 0
      vertex 59.5123 57.548 8
      vertex 59.6332 57.5271 8
    endloop
  endfacet
  facet normal 0.170344 0.985385 0
    outer loop
      vertex 59.5123 57.548 8
      vertex 59.6332 57.5271 0
      vertex 59.5123 57.548 0
    endloop
  endfacet
  facet normal 0.575756 -0.817622 0
    outer loop
      vertex 58.5107 62.008 0
      vertex 58.6111 62.0787 8
      vertex 58.5107 62.008 8
    endloop
  endfacet
  facet normal 0.575756 -0.817622 0
    outer loop
      vertex 58.6111 62.0787 8
      vertex 58.5107 62.008 0
      vertex 58.6111 62.0787 0
    endloop
  endfacet
  facet normal -0.653004 -0.757354 0
    outer loop
      vertex 61.586 61.9325 0
      vertex 61.6789 61.8524 8
      vertex 61.586 61.9325 8
    endloop
  endfacet
  facet normal -0.653004 -0.757354 -0
    outer loop
      vertex 61.6789 61.8524 8
      vertex 61.586 61.9325 0
      vertex 61.6789 61.8524 0
    endloop
  endfacet
  facet normal -0.975666 -0.21926 0
    outer loop
      vertex 62.452 60.4877 0
      vertex 62.4251 60.6074 8
      vertex 62.4251 60.6074 0
    endloop
  endfacet
  facet normal -0.975666 -0.21926 0
    outer loop
      vertex 62.4251 60.6074 8
      vertex 62.452 60.4877 0
      vertex 62.452 60.4877 8
    endloop
  endfacet
  facet normal -0.267182 0.963646 0
    outer loop
      vertex 60.7257 57.6077 0
      vertex 60.6074 57.5749 8
      vertex 60.7257 57.6077 8
    endloop
  endfacet
  facet normal -0.267182 0.963646 0
    outer loop
      vertex 60.6074 57.5749 8
      vertex 60.7257 57.6077 0
      vertex 60.6074 57.5749 0
    endloop
  endfacet
  facet normal -0.985385 -0.170344 0
    outer loop
      vertex 62.4729 60.3668 0
      vertex 62.452 60.4877 8
      vertex 62.452 60.4877 0
    endloop
  endfacet
  facet normal -0.985385 -0.170344 0
    outer loop
      vertex 62.452 60.4877 8
      vertex 62.4729 60.3668 0
      vertex 62.4729 60.3668 8
    endloop
  endfacet
  facet normal 0.985385 0.170344 0
    outer loop
      vertex 57.548 59.5123 8
      vertex 57.5271 59.6332 0
      vertex 57.5271 59.6332 8
    endloop
  endfacet
  facet normal 0.985385 0.170344 0
    outer loop
      vertex 57.5271 59.6332 0
      vertex 57.548 59.5123 8
      vertex 57.548 59.5123 0
    endloop
  endfacet
  facet normal -0.985385 0.170344 0
    outer loop
      vertex 62.452 59.5123 0
      vertex 62.4729 59.6332 8
      vertex 62.4729 59.6332 0
    endloop
  endfacet
  facet normal -0.985385 0.170344 0
    outer loop
      vertex 62.4729 59.6332 8
      vertex 62.452 59.5123 0
      vertex 62.452 59.5123 8
    endloop
  endfacet
  facet normal 0.914315 0.405004 0
    outer loop
      vertex 57.74 58.9311 8
      vertex 57.6903 59.0433 0
      vertex 57.6903 59.0433 8
    endloop
  endfacet
  facet normal 0.914315 0.405004 0
    outer loop
      vertex 57.6903 59.0433 0
      vertex 57.74 58.9311 8
      vertex 57.74 58.9311 0
    endloop
  endfacet
  facet normal -0.89312 0.449819 0
    outer loop
      vertex 62.2048 58.8215 0
      vertex 62.26 58.9311 8
      vertex 62.26 58.9311 0
    endloop
  endfacet
  facet normal -0.89312 0.449819 0
    outer loop
      vertex 62.26 58.9311 8
      vertex 62.2048 58.8215 0
      vertex 62.2048 58.8215 8
    endloop
  endfacet
  facet normal 0.219086 0.975706 -0
    outer loop
      vertex 59.5123 57.548 0
      vertex 59.3925 57.5749 8
      vertex 59.5123 57.548 8
    endloop
  endfacet
  facet normal 0.219086 0.975706 0
    outer loop
      vertex 59.3925 57.5749 8
      vertex 59.5123 57.548 0
      vertex 59.3925 57.5749 0
    endloop
  endfacet
  facet normal 0.0733911 -0.997303 0
    outer loop
      vertex 59.755 62.488 0
      vertex 59.8773 62.497 8
      vertex 59.755 62.488 8
    endloop
  endfacet
  facet normal 0.0733911 -0.997303 0
    outer loop
      vertex 59.8773 62.497 8
      vertex 59.755 62.488 0
      vertex 59.8773 62.497 0
    endloop
  endfacet
  facet normal -0.949738 -0.313047 0
    outer loop
      vertex 62.3923 60.7257 0
      vertex 62.3539 60.8422 8
      vertex 62.3539 60.8422 0
    endloop
  endfacet
  facet normal -0.949738 -0.313047 0
    outer loop
      vertex 62.3539 60.8422 8
      vertex 62.3923 60.7257 0
      vertex 62.3923 60.7257 8
    endloop
  endfacet
  facet normal -0.757354 0.653004 0
    outer loop
      vertex 61.8524 58.3211 0
      vertex 61.9325 58.414 8
      vertex 61.9325 58.414 0
    endloop
  endfacet
  facet normal -0.757354 0.653004 0
    outer loop
      vertex 61.9325 58.414 8
      vertex 61.8524 58.3211 0
      vertex 61.8524 58.3211 8
    endloop
  endfacet
  facet normal -0.949738 0.313047 0
    outer loop
      vertex 62.3539 59.1578 0
      vertex 62.3923 59.2743 8
      vertex 62.3923 59.2743 0
    endloop
  endfacet
  facet normal -0.949738 0.313047 0
    outer loop
      vertex 62.3923 59.2743 8
      vertex 62.3539 59.1578 0
      vertex 62.3539 59.1578 8
    endloop
  endfacet
  facet normal -0.534974 0.844868 0
    outer loop
      vertex 61.3889 57.9213 0
      vertex 61.2853 57.8557 8
      vertex 61.3889 57.9213 8
    endloop
  endfacet
  facet normal -0.534974 0.844868 0
    outer loop
      vertex 61.2853 57.8557 8
      vertex 61.3889 57.9213 0
      vertex 61.2853 57.8557 0
    endloop
  endfacet
  facet normal -0.492889 -0.870092 0
    outer loop
      vertex 61.1785 62.2048 0
      vertex 61.2853 62.1443 8
      vertex 61.1785 62.2048 8
    endloop
  endfacet
  facet normal -0.492889 -0.870092 -0
    outer loop
      vertex 61.2853 62.1443 8
      vertex 61.1785 62.2048 0
      vertex 61.2853 62.1443 0
    endloop
  endfacet
  facet normal -0.870092 0.492889 0
    outer loop
      vertex 62.1443 58.7147 0
      vertex 62.2048 58.8215 8
      vertex 62.2048 58.8215 0
    endloop
  endfacet
  facet normal -0.870092 0.492889 0
    outer loop
      vertex 62.2048 58.8215 8
      vertex 62.1443 58.7147 0
      vertex 62.1443 58.7147 8
    endloop
  endfacet
  facet normal -0.449819 0.89312 0
    outer loop
      vertex 61.1785 57.7952 0
      vertex 61.0689 57.74 8
      vertex 61.1785 57.7952 8
    endloop
  endfacet
  facet normal -0.449819 0.89312 0
    outer loop
      vertex 61.0689 57.74 8
      vertex 61.1785 57.7952 0
      vertex 61.0689 57.74 0
    endloop
  endfacet
  facet normal 0.0244426 -0.999701 0
    outer loop
      vertex 59.8773 62.497 0
      vertex 60 62.5 8
      vertex 59.8773 62.497 8
    endloop
  endfacet
  facet normal 0.0244426 -0.999701 0
    outer loop
      vertex 60 62.5 8
      vertex 59.8773 62.497 0
      vertex 60 62.5 0
    endloop
  endfacet
  facet normal -0.68937 -0.724409 0
    outer loop
      vertex 61.6789 61.8524 0
      vertex 61.7678 61.7678 8
      vertex 61.6789 61.8524 8
    endloop
  endfacet
  facet normal -0.68937 -0.724409 -0
    outer loop
      vertex 61.7678 61.7678 8
      vertex 61.6789 61.8524 0
      vertex 61.7678 61.7678 0
    endloop
  endfacet
  facet normal 0.932904 0.360125 0
    outer loop
      vertex 57.6903 59.0433 8
      vertex 57.6461 59.1578 0
      vertex 57.6461 59.1578 8
    endloop
  endfacet
  facet normal 0.932904 0.360125 0
    outer loop
      vertex 57.6461 59.1578 0
      vertex 57.6903 59.0433 8
      vertex 57.6903 59.0433 0
    endloop
  endfacet
  facet normal -0.0733911 0.997303 0
    outer loop
      vertex 60.245 57.512 0
      vertex 60.1227 57.503 8
      vertex 60.245 57.512 8
    endloop
  endfacet
  facet normal -0.0733911 0.997303 0
    outer loop
      vertex 60.1227 57.503 8
      vertex 60.245 57.512 0
      vertex 60.1227 57.503 0
    endloop
  endfacet
  facet normal -0.21926 0.975666 0
    outer loop
      vertex 60.6074 57.5749 0
      vertex 60.4877 57.548 8
      vertex 60.6074 57.5749 8
    endloop
  endfacet
  facet normal -0.21926 0.975666 0
    outer loop
      vertex 60.4877 57.548 8
      vertex 60.6074 57.5749 0
      vertex 60.4877 57.548 0
    endloop
  endfacet
  facet normal -0.724409 0.68937 0
    outer loop
      vertex 61.7678 58.2322 0
      vertex 61.8524 58.3211 8
      vertex 61.8524 58.3211 0
    endloop
  endfacet
  facet normal -0.724409 0.68937 0
    outer loop
      vertex 61.8524 58.3211 8
      vertex 61.7678 58.2322 0
      vertex 61.7678 58.2322 8
    endloop
  endfacet
  facet normal -0.313047 0.949738 0
    outer loop
      vertex 60.8422 57.6461 0
      vertex 60.7257 57.6077 8
      vertex 60.8422 57.6461 8
    endloop
  endfacet
  facet normal -0.313047 0.949738 0
    outer loop
      vertex 60.7257 57.6077 8
      vertex 60.8422 57.6461 0
      vertex 60.7257 57.6077 0
    endloop
  endfacet
  facet normal 0.313047 0.949738 -0
    outer loop
      vertex 59.2743 57.6077 0
      vertex 59.1578 57.6461 8
      vertex 59.2743 57.6077 8
    endloop
  endfacet
  facet normal 0.313047 0.949738 0
    outer loop
      vertex 59.1578 57.6461 8
      vertex 59.2743 57.6077 0
      vertex 59.1578 57.6461 0
    endloop
  endfacet
  facet normal -0.0733911 -0.997303 0
    outer loop
      vertex 60.1227 62.497 0
      vertex 60.245 62.488 8
      vertex 60.1227 62.497 8
    endloop
  endfacet
  facet normal -0.0733911 -0.997303 -0
    outer loop
      vertex 60.245 62.488 8
      vertex 60.1227 62.497 0
      vertex 60.245 62.488 0
    endloop
  endfacet
  facet normal 0.724409 0.68937 0
    outer loop
      vertex 58.2322 58.2322 8
      vertex 58.1476 58.3211 0
      vertex 58.1476 58.3211 8
    endloop
  endfacet
  facet normal 0.724409 0.68937 0
    outer loop
      vertex 58.1476 58.3211 0
      vertex 58.2322 58.2322 8
      vertex 58.2322 58.2322 0
    endloop
  endfacet
  facet normal -0.724409 -0.68937 0
    outer loop
      vertex 61.8524 61.6789 0
      vertex 61.7678 61.7678 8
      vertex 61.7678 61.7678 0
    endloop
  endfacet
  facet normal -0.724409 -0.68937 0
    outer loop
      vertex 61.7678 61.7678 8
      vertex 61.8524 61.6789 0
      vertex 61.8524 61.6789 8
    endloop
  endfacet
  facet normal 0.817622 0.575756 0
    outer loop
      vertex 57.992 58.5107 8
      vertex 57.9213 58.6111 0
      vertex 57.9213 58.6111 8
    endloop
  endfacet
  facet normal 0.817622 0.575756 0
    outer loop
      vertex 57.9213 58.6111 0
      vertex 57.992 58.5107 8
      vertex 57.992 58.5107 0
    endloop
  endfacet
  facet normal -0.170344 0.985385 0
    outer loop
      vertex 60.4877 57.548 0
      vertex 60.3668 57.5271 8
      vertex 60.4877 57.548 8
    endloop
  endfacet
  facet normal -0.170344 0.985385 0
    outer loop
      vertex 60.3668 57.5271 8
      vertex 60.4877 57.548 0
      vertex 60.3668 57.5271 0
    endloop
  endfacet
  facet normal -0.992403 0.123032 0
    outer loop
      vertex 62.4729 59.6332 0
      vertex 62.488 59.755 8
      vertex 62.488 59.755 0
    endloop
  endfacet
  facet normal -0.992403 0.123032 0
    outer loop
      vertex 62.488 59.755 8
      vertex 62.4729 59.6332 0
      vertex 62.4729 59.6332 8
    endloop
  endfacet
  facet normal 0.123032 0.992403 -0
    outer loop
      vertex 59.755 57.512 0
      vertex 59.6332 57.5271 8
      vertex 59.755 57.512 8
    endloop
  endfacet
  facet normal 0.123032 0.992403 0
    outer loop
      vertex 59.6332 57.5271 8
      vertex 59.755 57.512 0
      vertex 59.6332 57.5271 0
    endloop
  endfacet
  facet normal -0.576139 -0.817352 0
    outer loop
      vertex 61.3889 62.0787 0
      vertex 61.4892 62.008 8
      vertex 61.3889 62.0787 8
    endloop
  endfacet
  facet normal -0.576139 -0.817352 -0
    outer loop
      vertex 61.4892 62.008 8
      vertex 61.3889 62.0787 0
      vertex 61.4892 62.008 0
    endloop
  endfacet
  facet normal -0.449819 -0.89312 0
    outer loop
      vertex 61.0689 62.26 0
      vertex 61.1785 62.2048 8
      vertex 61.0689 62.26 8
    endloop
  endfacet
  facet normal -0.449819 -0.89312 -0
    outer loop
      vertex 61.1785 62.2048 8
      vertex 61.0689 62.26 0
      vertex 61.1785 62.2048 0
    endloop
  endfacet
  facet normal -0.997303 0.0733911 0
    outer loop
      vertex 62.488 59.755 0
      vertex 62.497 59.8773 8
      vertex 62.497 59.8773 0
    endloop
  endfacet
  facet normal -0.997303 0.0733911 0
    outer loop
      vertex 62.497 59.8773 8
      vertex 62.488 59.755 0
      vertex 62.488 59.755 8
    endloop
  endfacet
  facet normal 0.949738 -0.313047 0
    outer loop
      vertex 57.6077 60.7257 8
      vertex 57.6461 60.8422 0
      vertex 57.6461 60.8422 8
    endloop
  endfacet
  facet normal 0.949738 -0.313047 0
    outer loop
      vertex 57.6461 60.8422 0
      vertex 57.6077 60.7257 8
      vertex 57.6077 60.7257 0
    endloop
  endfacet
  facet normal 0.999701 0.0244426 0
    outer loop
      vertex 57.503 59.8773 8
      vertex 57.5 60 0
      vertex 57.5 60 8
    endloop
  endfacet
  facet normal 0.999701 0.0244426 0
    outer loop
      vertex 57.5 60 0
      vertex 57.503 59.8773 8
      vertex 57.503 59.8773 0
    endloop
  endfacet
  facet normal 0.68937 -0.724409 0
    outer loop
      vertex 58.2322 61.7678 0
      vertex 58.3211 61.8524 8
      vertex 58.2322 61.7678 8
    endloop
  endfacet
  facet normal 0.68937 -0.724409 0
    outer loop
      vertex 58.3211 61.8524 8
      vertex 58.2322 61.7678 0
      vertex 58.3211 61.8524 0
    endloop
  endfacet
  facet normal -0.576139 0.817352 0
    outer loop
      vertex 61.4892 57.992 0
      vertex 61.3889 57.9213 8
      vertex 61.4892 57.992 8
    endloop
  endfacet
  facet normal -0.576139 0.817352 0
    outer loop
      vertex 61.3889 57.9213 8
      vertex 61.4892 57.992 0
      vertex 61.3889 57.9213 0
    endloop
  endfacet
  facet normal 0.992403 0.123032 0
    outer loop
      vertex 57.5271 59.6332 8
      vertex 57.512 59.755 0
      vertex 57.512 59.755 8
    endloop
  endfacet
  facet normal 0.992403 0.123032 0
    outer loop
      vertex 57.512 59.755 0
      vertex 57.5271 59.6332 8
      vertex 57.5271 59.6332 0
    endloop
  endfacet
  facet normal -0.788518 -0.615012 0
    outer loop
      vertex 62.008 61.4892 0
      vertex 61.9325 61.586 8
      vertex 61.9325 61.586 0
    endloop
  endfacet
  facet normal -0.788518 -0.615012 0
    outer loop
      vertex 61.9325 61.586 8
      vertex 62.008 61.4892 0
      vertex 62.008 61.4892 8
    endloop
  endfacet
  facet normal -0.844868 -0.534974 0
    outer loop
      vertex 62.1443 61.2853 0
      vertex 62.0787 61.3889 8
      vertex 62.0787 61.3889 0
    endloop
  endfacet
  facet normal -0.844868 -0.534974 0
    outer loop
      vertex 62.0787 61.3889 8
      vertex 62.1443 61.2853 0
      vertex 62.1443 61.2853 8
    endloop
  endfacet
  facet normal -0.757354 -0.653004 0
    outer loop
      vertex 61.9325 61.586 0
      vertex 61.8524 61.6789 8
      vertex 61.8524 61.6789 0
    endloop
  endfacet
  facet normal -0.757354 -0.653004 0
    outer loop
      vertex 61.8524 61.6789 8
      vertex 61.9325 61.586 0
      vertex 61.9325 61.586 8
    endloop
  endfacet
  facet normal -0.313047 -0.949738 0
    outer loop
      vertex 60.7257 62.3923 0
      vertex 60.8422 62.3539 8
      vertex 60.7257 62.3923 8
    endloop
  endfacet
  facet normal -0.313047 -0.949738 -0
    outer loop
      vertex 60.8422 62.3539 8
      vertex 60.7257 62.3923 0
      vertex 60.8422 62.3539 0
    endloop
  endfacet
  facet normal -0.817352 -0.576139 0
    outer loop
      vertex 62.0787 61.3889 0
      vertex 62.008 61.4892 8
      vertex 62.008 61.4892 0
    endloop
  endfacet
  facet normal -0.817352 -0.576139 0
    outer loop
      vertex 62.008 61.4892 8
      vertex 62.0787 61.3889 0
      vertex 62.0787 61.3889 8
    endloop
  endfacet
  facet normal 0.170344 -0.985385 0
    outer loop
      vertex 59.5123 62.452 0
      vertex 59.6332 62.4729 8
      vertex 59.5123 62.452 8
    endloop
  endfacet
  facet normal 0.170344 -0.985385 0
    outer loop
      vertex 59.6332 62.4729 8
      vertex 59.5123 62.452 0
      vertex 59.6332 62.4729 0
    endloop
  endfacet
  facet normal -0.68937 0.724409 0
    outer loop
      vertex 61.7678 58.2322 0
      vertex 61.6789 58.1476 8
      vertex 61.7678 58.2322 8
    endloop
  endfacet
  facet normal -0.68937 0.724409 0
    outer loop
      vertex 61.6789 58.1476 8
      vertex 61.7678 58.2322 0
      vertex 61.6789 58.1476 0
    endloop
  endfacet
  facet normal 0.219086 -0.975706 0
    outer loop
      vertex 59.3925 62.4251 0
      vertex 59.5123 62.452 8
      vertex 59.3925 62.4251 8
    endloop
  endfacet
  facet normal 0.219086 -0.975706 0
    outer loop
      vertex 59.5123 62.452 8
      vertex 59.3925 62.4251 0
      vertex 59.5123 62.452 0
    endloop
  endfacet
  facet normal 0.985385 -0.170344 0
    outer loop
      vertex 57.5271 60.3668 8
      vertex 57.548 60.4877 0
      vertex 57.548 60.4877 8
    endloop
  endfacet
  facet normal 0.985385 -0.170344 0
    outer loop
      vertex 57.548 60.4877 0
      vertex 57.5271 60.3668 8
      vertex 57.5271 60.3668 0
    endloop
  endfacet
  facet normal 0.788518 -0.615012 0
    outer loop
      vertex 57.992 61.4892 8
      vertex 58.0675 61.586 0
      vertex 58.0675 61.586 8
    endloop
  endfacet
  facet normal 0.788518 -0.615012 0
    outer loop
      vertex 58.0675 61.586 0
      vertex 57.992 61.4892 8
      vertex 57.992 61.4892 0
    endloop
  endfacet
  facet normal 0.68937 0.724409 -0
    outer loop
      vertex 58.3211 58.1476 0
      vertex 58.2322 58.2322 8
      vertex 58.3211 58.1476 8
    endloop
  endfacet
  facet normal 0.68937 0.724409 0
    outer loop
      vertex 58.2322 58.2322 8
      vertex 58.3211 58.1476 0
      vertex 58.2322 58.2322 0
    endloop
  endfacet
  facet normal -0.360125 -0.932904 0
    outer loop
      vertex 60.8422 62.3539 0
      vertex 60.9567 62.3097 8
      vertex 60.8422 62.3539 8
    endloop
  endfacet
  facet normal -0.360125 -0.932904 -0
    outer loop
      vertex 60.9567 62.3097 8
      vertex 60.8422 62.3539 0
      vertex 60.9567 62.3097 0
    endloop
  endfacet
  facet normal 0.360125 0.932904 -0
    outer loop
      vertex 59.1578 57.6461 0
      vertex 59.0433 57.6903 8
      vertex 59.1578 57.6461 8
    endloop
  endfacet
  facet normal 0.360125 0.932904 0
    outer loop
      vertex 59.0433 57.6903 8
      vertex 59.1578 57.6461 0
      vertex 59.0433 57.6903 0
    endloop
  endfacet
  facet normal 0.492889 -0.870092 0
    outer loop
      vertex 58.7147 62.1443 0
      vertex 58.8215 62.2048 8
      vertex 58.7147 62.1443 8
    endloop
  endfacet
  facet normal 0.492889 -0.870092 0
    outer loop
      vertex 58.8215 62.2048 8
      vertex 58.7147 62.1443 0
      vertex 58.8215 62.2048 0
    endloop
  endfacet
  facet normal 0.267392 0.963588 -0
    outer loop
      vertex 59.3925 57.5749 0
      vertex 59.2743 57.6077 8
      vertex 59.3925 57.5749 8
    endloop
  endfacet
  facet normal 0.267392 0.963588 0
    outer loop
      vertex 59.2743 57.6077 8
      vertex 59.3925 57.5749 0
      vertex 59.2743 57.6077 0
    endloop
  endfacet
  facet normal 0.360125 -0.932904 0
    outer loop
      vertex 59.0433 62.3097 0
      vertex 59.1578 62.3539 8
      vertex 59.0433 62.3097 8
    endloop
  endfacet
  facet normal 0.360125 -0.932904 0
    outer loop
      vertex 59.1578 62.3539 8
      vertex 59.0433 62.3097 0
      vertex 59.1578 62.3539 0
    endloop
  endfacet
  facet normal -0.0244426 0.999701 0
    outer loop
      vertex 60.1227 57.503 0
      vertex 60 57.5 8
      vertex 60.1227 57.503 8
    endloop
  endfacet
  facet normal -0.0244426 0.999701 0
    outer loop
      vertex 60 57.5 8
      vertex 60.1227 57.503 0
      vertex 60 57.5 0
    endloop
  endfacet
  facet normal -0.267182 -0.963646 0
    outer loop
      vertex 60.6074 62.4251 0
      vertex 60.7257 62.3923 8
      vertex 60.6074 62.4251 8
    endloop
  endfacet
  facet normal -0.267182 -0.963646 -0
    outer loop
      vertex 60.7257 62.3923 8
      vertex 60.6074 62.4251 0
      vertex 60.7257 62.3923 0
    endloop
  endfacet
  facet normal -0.78821 0.615407 0
    outer loop
      vertex 61.9325 58.414 0
      vertex 62.008 58.5107 8
      vertex 62.008 58.5107 0
    endloop
  endfacet
  facet normal -0.78821 0.615407 0
    outer loop
      vertex 62.008 58.5107 8
      vertex 61.9325 58.414 0
      vertex 61.9325 58.414 8
    endloop
  endfacet
  facet normal -0.963588 0.267392 0
    outer loop
      vertex 62.3923 59.2743 0
      vertex 62.4251 59.3925 8
      vertex 62.4251 59.3925 0
    endloop
  endfacet
  facet normal -0.963588 0.267392 0
    outer loop
      vertex 62.4251 59.3925 8
      vertex 62.3923 59.2743 0
      vertex 62.3923 59.2743 8
    endloop
  endfacet
  facet normal -0.975706 0.219086 0
    outer loop
      vertex 62.4251 59.3925 0
      vertex 62.452 59.5123 8
      vertex 62.452 59.5123 0
    endloop
  endfacet
  facet normal -0.975706 0.219086 0
    outer loop
      vertex 62.452 59.5123 8
      vertex 62.4251 59.3925 0
      vertex 62.4251 59.3925 8
    endloop
  endfacet
  facet normal -0.89312 -0.449819 0
    outer loop
      vertex 62.26 61.0689 0
      vertex 62.2048 61.1785 8
      vertex 62.2048 61.1785 0
    endloop
  endfacet
  facet normal -0.89312 -0.449819 0
    outer loop
      vertex 62.2048 61.1785 8
      vertex 62.26 61.0689 0
      vertex 62.26 61.0689 8
    endloop
  endfacet
  facet normal 0.615407 -0.78821 0
    outer loop
      vertex 58.414 61.9325 0
      vertex 58.5107 62.008 8
      vertex 58.414 61.9325 8
    endloop
  endfacet
  facet normal 0.615407 -0.78821 0
    outer loop
      vertex 58.5107 62.008 8
      vertex 58.414 61.9325 0
      vertex 58.5107 62.008 0
    endloop
  endfacet
  facet normal -0.0244426 -0.999701 0
    outer loop
      vertex 60 62.5 0
      vertex 60.1227 62.497 8
      vertex 60 62.5 8
    endloop
  endfacet
  facet normal -0.0244426 -0.999701 -0
    outer loop
      vertex 60.1227 62.497 8
      vertex 60 62.5 0
      vertex 60.1227 62.497 0
    endloop
  endfacet
  facet normal -0.963646 -0.267182 0
    outer loop
      vertex 62.4251 60.6074 0
      vertex 62.3923 60.7257 8
      vertex 62.3923 60.7257 0
    endloop
  endfacet
  facet normal -0.963646 -0.267182 0
    outer loop
      vertex 62.3923 60.7257 8
      vertex 62.4251 60.6074 0
      vertex 62.4251 60.6074 8
    endloop
  endfacet
  facet normal -0.123032 -0.992403 0
    outer loop
      vertex 60.245 62.488 0
      vertex 60.3668 62.4729 8
      vertex 60.245 62.488 8
    endloop
  endfacet
  facet normal -0.123032 -0.992403 -0
    outer loop
      vertex 60.3668 62.4729 8
      vertex 60.245 62.488 0
      vertex 60.3668 62.4729 0
    endloop
  endfacet
  facet normal -0.534974 -0.844868 0
    outer loop
      vertex 61.2853 62.1443 0
      vertex 61.3889 62.0787 8
      vertex 61.2853 62.1443 8
    endloop
  endfacet
  facet normal -0.534974 -0.844868 -0
    outer loop
      vertex 61.3889 62.0787 8
      vertex 61.2853 62.1443 0
      vertex 61.3889 62.0787 0
    endloop
  endfacet
  facet normal -0.817622 0.575756 0
    outer loop
      vertex 62.008 58.5107 0
      vertex 62.0787 58.6111 8
      vertex 62.0787 58.6111 0
    endloop
  endfacet
  facet normal -0.817622 0.575756 0
    outer loop
      vertex 62.0787 58.6111 8
      vertex 62.008 58.5107 0
      vertex 62.008 58.5107 8
    endloop
  endfacet
  facet normal -0.405004 0.914315 0
    outer loop
      vertex 61.0689 57.74 0
      vertex 60.9567 57.6903 8
      vertex 61.0689 57.74 8
    endloop
  endfacet
  facet normal -0.405004 0.914315 0
    outer loop
      vertex 60.9567 57.6903 8
      vertex 61.0689 57.74 0
      vertex 60.9567 57.6903 0
    endloop
  endfacet
  facet normal 0.123032 -0.992403 0
    outer loop
      vertex 59.6332 62.4729 0
      vertex 59.755 62.488 8
      vertex 59.6332 62.4729 8
    endloop
  endfacet
  facet normal 0.123032 -0.992403 0
    outer loop
      vertex 59.755 62.488 8
      vertex 59.6332 62.4729 0
      vertex 59.755 62.488 0
    endloop
  endfacet
  facet normal -0.615012 -0.788518 0
    outer loop
      vertex 61.4892 62.008 0
      vertex 61.586 61.9325 8
      vertex 61.4892 62.008 8
    endloop
  endfacet
  facet normal -0.615012 -0.788518 -0
    outer loop
      vertex 61.586 61.9325 8
      vertex 61.4892 62.008 0
      vertex 61.586 61.9325 0
    endloop
  endfacet
  facet normal 0.449819 0.89312 -0
    outer loop
      vertex 58.9311 57.74 0
      vertex 58.8215 57.7952 8
      vertex 58.9311 57.74 8
    endloop
  endfacet
  facet normal 0.449819 0.89312 0
    outer loop
      vertex 58.8215 57.7952 8
      vertex 58.9311 57.74 0
      vertex 58.8215 57.7952 0
    endloop
  endfacet
  facet normal 0.724409 -0.68937 0
    outer loop
      vertex 58.1476 61.6789 8
      vertex 58.2322 61.7678 0
      vertex 58.2322 61.7678 8
    endloop
  endfacet
  facet normal 0.724409 -0.68937 0
    outer loop
      vertex 58.2322 61.7678 0
      vertex 58.1476 61.6789 8
      vertex 58.1476 61.6789 0
    endloop
  endfacet
  facet normal 0.997303 0.0733911 0
    outer loop
      vertex 57.512 59.755 8
      vertex 57.503 59.8773 0
      vertex 57.503 59.8773 8
    endloop
  endfacet
  facet normal 0.997303 0.0733911 0
    outer loop
      vertex 57.503 59.8773 0
      vertex 57.512 59.755 8
      vertex 57.512 59.755 0
    endloop
  endfacet
  facet normal -0.492889 0.870092 0
    outer loop
      vertex 61.2853 57.8557 0
      vertex 61.1785 57.7952 8
      vertex 61.2853 57.8557 8
    endloop
  endfacet
  facet normal -0.492889 0.870092 0
    outer loop
      vertex 61.1785 57.7952 8
      vertex 61.2853 57.8557 0
      vertex 61.1785 57.7952 0
    endloop
  endfacet
  facet normal -0.615012 0.788518 0
    outer loop
      vertex 61.586 58.0675 0
      vertex 61.4892 57.992 8
      vertex 61.586 58.0675 8
    endloop
  endfacet
  facet normal -0.615012 0.788518 0
    outer loop
      vertex 61.4892 57.992 8
      vertex 61.586 58.0675 0
      vertex 61.4892 57.992 0
    endloop
  endfacet
  facet normal 0.844868 0.534974 0
    outer loop
      vertex 57.9213 58.6111 8
      vertex 57.8557 58.7147 0
      vertex 57.8557 58.7147 8
    endloop
  endfacet
  facet normal 0.844868 0.534974 0
    outer loop
      vertex 57.8557 58.7147 0
      vertex 57.9213 58.6111 8
      vertex 57.9213 58.6111 0
    endloop
  endfacet
  facet normal 0.817352 -0.576139 0
    outer loop
      vertex 57.9213 61.3889 8
      vertex 57.992 61.4892 0
      vertex 57.992 61.4892 8
    endloop
  endfacet
  facet normal 0.817352 -0.576139 0
    outer loop
      vertex 57.992 61.4892 0
      vertex 57.9213 61.3889 8
      vertex 57.9213 61.3889 0
    endloop
  endfacet
  facet normal -0.999701 0.0244426 0
    outer loop
      vertex 62.497 59.8773 0
      vertex 62.5 60 8
      vertex 62.5 60 0
    endloop
  endfacet
  facet normal -0.999701 0.0244426 0
    outer loop
      vertex 62.5 60 8
      vertex 62.497 59.8773 0
      vertex 62.497 59.8773 8
    endloop
  endfacet
  facet normal 0.653004 -0.757354 0
    outer loop
      vertex 58.3211 61.8524 0
      vertex 58.414 61.9325 8
      vertex 58.3211 61.8524 8
    endloop
  endfacet
  facet normal 0.653004 -0.757354 0
    outer loop
      vertex 58.414 61.9325 8
      vertex 58.3211 61.8524 0
      vertex 58.414 61.9325 0
    endloop
  endfacet
  facet normal 0.0244426 0.999701 -0
    outer loop
      vertex 60 57.5 0
      vertex 59.8773 57.503 8
      vertex 60 57.5 8
    endloop
  endfacet
  facet normal 0.0244426 0.999701 0
    outer loop
      vertex 59.8773 57.503 8
      vertex 60 57.5 0
      vertex 59.8773 57.503 0
    endloop
  endfacet
  facet normal 0.975706 0.219086 0
    outer loop
      vertex 57.5749 59.3925 8
      vertex 57.548 59.5123 0
      vertex 57.548 59.5123 8
    endloop
  endfacet
  facet normal 0.975706 0.219086 0
    outer loop
      vertex 57.548 59.5123 0
      vertex 57.5749 59.3925 8
      vertex 57.5749 59.3925 0
    endloop
  endfacet
  facet normal 0.89312 -0.449819 0
    outer loop
      vertex 57.74 61.0689 8
      vertex 57.7952 61.1785 0
      vertex 57.7952 61.1785 8
    endloop
  endfacet
  facet normal 0.89312 -0.449819 0
    outer loop
      vertex 57.7952 61.1785 0
      vertex 57.74 61.0689 8
      vertex 57.74 61.0689 0
    endloop
  endfacet
  facet normal 0.963588 0.267392 0
    outer loop
      vertex 57.6077 59.2743 8
      vertex 57.5749 59.3925 0
      vertex 57.5749 59.3925 8
    endloop
  endfacet
  facet normal 0.963588 0.267392 0
    outer loop
      vertex 57.5749 59.3925 0
      vertex 57.6077 59.2743 8
      vertex 57.6077 59.2743 0
    endloop
  endfacet
  facet normal -0.932904 -0.360125 0
    outer loop
      vertex 62.3539 60.8422 0
      vertex 62.3097 60.9567 8
      vertex 62.3097 60.9567 0
    endloop
  endfacet
  facet normal -0.932904 -0.360125 0
    outer loop
      vertex 62.3097 60.9567 8
      vertex 62.3539 60.8422 0
      vertex 62.3539 60.8422 8
    endloop
  endfacet
  facet normal 0.575756 0.817622 -0
    outer loop
      vertex 58.6111 57.9213 0
      vertex 58.5107 57.992 8
      vertex 58.6111 57.9213 8
    endloop
  endfacet
  facet normal 0.575756 0.817622 0
    outer loop
      vertex 58.5107 57.992 8
      vertex 58.6111 57.9213 0
      vertex 58.5107 57.992 0
    endloop
  endfacet
  facet normal 0.975666 -0.21926 0
    outer loop
      vertex 57.548 60.4877 8
      vertex 57.5749 60.6074 0
      vertex 57.5749 60.6074 8
    endloop
  endfacet
  facet normal 0.975666 -0.21926 0
    outer loop
      vertex 57.5749 60.6074 0
      vertex 57.548 60.4877 8
      vertex 57.548 60.4877 0
    endloop
  endfacet
  facet normal 0.0733911 0.997303 -0
    outer loop
      vertex 59.8773 57.503 0
      vertex 59.755 57.512 8
      vertex 59.8773 57.503 8
    endloop
  endfacet
  facet normal 0.0733911 0.997303 0
    outer loop
      vertex 59.755 57.512 8
      vertex 59.8773 57.503 0
      vertex 59.755 57.512 0
    endloop
  endfacet
  facet normal 0.870092 -0.492889 0
    outer loop
      vertex 57.7952 61.1785 8
      vertex 57.8557 61.2853 0
      vertex 57.8557 61.2853 8
    endloop
  endfacet
  facet normal 0.870092 -0.492889 0
    outer loop
      vertex 57.8557 61.2853 0
      vertex 57.7952 61.1785 8
      vertex 57.7952 61.1785 0
    endloop
  endfacet
  facet normal 0.267392 -0.963588 0
    outer loop
      vertex 59.2743 62.3923 0
      vertex 59.3925 62.4251 8
      vertex 59.2743 62.3923 8
    endloop
  endfacet
  facet normal 0.267392 -0.963588 0
    outer loop
      vertex 59.3925 62.4251 8
      vertex 59.2743 62.3923 0
      vertex 59.3925 62.4251 0
    endloop
  endfacet
  facet normal 0.999701 -0.0244426 0
    outer loop
      vertex 57.5 60 8
      vertex 57.503 60.1227 0
      vertex 57.503 60.1227 8
    endloop
  endfacet
  facet normal 0.999701 -0.0244426 0
    outer loop
      vertex 57.503 60.1227 0
      vertex 57.5 60 8
      vertex 57.5 60 0
    endloop
  endfacet
  facet normal 0.757354 -0.653004 0
    outer loop
      vertex 58.0675 61.586 8
      vertex 58.1476 61.6789 0
      vertex 58.1476 61.6789 8
    endloop
  endfacet
  facet normal 0.757354 -0.653004 0
    outer loop
      vertex 58.1476 61.6789 0
      vertex 58.0675 61.586 8
      vertex 58.0675 61.586 0
    endloop
  endfacet
  facet normal 0.534974 -0.844868 0
    outer loop
      vertex 58.6111 62.0787 0
      vertex 58.7147 62.1443 8
      vertex 58.6111 62.0787 8
    endloop
  endfacet
  facet normal 0.534974 -0.844868 0
    outer loop
      vertex 58.7147 62.1443 8
      vertex 58.6111 62.0787 0
      vertex 58.7147 62.1443 0
    endloop
  endfacet
  facet normal 0.653004 0.757354 -0
    outer loop
      vertex 58.414 58.0675 0
      vertex 58.3211 58.1476 8
      vertex 58.414 58.0675 8
    endloop
  endfacet
  facet normal 0.653004 0.757354 0
    outer loop
      vertex 58.3211 58.1476 8
      vertex 58.414 58.0675 0
      vertex 58.3211 58.1476 0
    endloop
  endfacet
  facet normal 0.997303 -0.0733911 0
    outer loop
      vertex 57.503 60.1227 8
      vertex 57.512 60.245 0
      vertex 57.512 60.245 8
    endloop
  endfacet
  facet normal 0.997303 -0.0733911 0
    outer loop
      vertex 57.512 60.245 0
      vertex 57.503 60.1227 8
      vertex 57.503 60.1227 0
    endloop
  endfacet
  facet normal -0.360125 0.932904 0
    outer loop
      vertex 60.9567 57.6903 0
      vertex 60.8422 57.6461 8
      vertex 60.9567 57.6903 8
    endloop
  endfacet
  facet normal -0.360125 0.932904 0
    outer loop
      vertex 60.8422 57.6461 8
      vertex 60.9567 57.6903 0
      vertex 60.8422 57.6461 0
    endloop
  endfacet
  facet normal 0.313047 -0.949738 0
    outer loop
      vertex 59.1578 62.3539 0
      vertex 59.2743 62.3923 8
      vertex 59.1578 62.3539 8
    endloop
  endfacet
  facet normal 0.313047 -0.949738 0
    outer loop
      vertex 59.2743 62.3923 8
      vertex 59.1578 62.3539 0
      vertex 59.2743 62.3923 0
    endloop
  endfacet
  facet normal -0.170344 -0.985385 0
    outer loop
      vertex 60.3668 62.4729 0
      vertex 60.4877 62.452 8
      vertex 60.3668 62.4729 8
    endloop
  endfacet
  facet normal -0.170344 -0.985385 -0
    outer loop
      vertex 60.4877 62.452 8
      vertex 60.3668 62.4729 0
      vertex 60.4877 62.452 0
    endloop
  endfacet
  facet normal 0.757354 0.653004 0
    outer loop
      vertex 58.1476 58.3211 8
      vertex 58.0675 58.414 0
      vertex 58.0675 58.414 8
    endloop
  endfacet
  facet normal 0.757354 0.653004 0
    outer loop
      vertex 58.0675 58.414 0
      vertex 58.1476 58.3211 8
      vertex 58.1476 58.3211 0
    endloop
  endfacet
  facet normal -0.653004 0.757354 0
    outer loop
      vertex 61.6789 58.1476 0
      vertex 61.586 58.0675 8
      vertex 61.6789 58.1476 8
    endloop
  endfacet
  facet normal -0.653004 0.757354 0
    outer loop
      vertex 61.586 58.0675 8
      vertex 61.6789 58.1476 0
      vertex 61.586 58.0675 0
    endloop
  endfacet
  facet normal -0.21926 -0.975666 0
    outer loop
      vertex 60.4877 62.452 0
      vertex 60.6074 62.4251 8
      vertex 60.4877 62.452 8
    endloop
  endfacet
  facet normal -0.21926 -0.975666 -0
    outer loop
      vertex 60.6074 62.4251 8
      vertex 60.4877 62.452 0
      vertex 60.6074 62.4251 0
    endloop
  endfacet
  facet normal 0.932904 -0.360125 0
    outer loop
      vertex 57.6461 60.8422 8
      vertex 57.6903 60.9567 0
      vertex 57.6903 60.9567 8
    endloop
  endfacet
  facet normal 0.932904 -0.360125 0
    outer loop
      vertex 57.6903 60.9567 0
      vertex 57.6461 60.8422 8
      vertex 57.6461 60.8422 0
    endloop
  endfacet
  facet normal 0.615407 0.78821 -0
    outer loop
      vertex 58.5107 57.992 0
      vertex 58.414 58.0675 8
      vertex 58.5107 57.992 8
    endloop
  endfacet
  facet normal 0.615407 0.78821 0
    outer loop
      vertex 58.414 58.0675 8
      vertex 58.5107 57.992 0
      vertex 58.414 58.0675 0
    endloop
  endfacet
  facet normal 0.949738 0.313047 0
    outer loop
      vertex 57.6461 59.1578 8
      vertex 57.6077 59.2743 0
      vertex 57.6077 59.2743 8
    endloop
  endfacet
  facet normal 0.949738 0.313047 0
    outer loop
      vertex 57.6077 59.2743 0
      vertex 57.6461 59.1578 8
      vertex 57.6461 59.1578 0
    endloop
  endfacet
  facet normal -0.914315 0.405004 0
    outer loop
      vertex 62.26 58.9311 0
      vertex 62.3097 59.0433 8
      vertex 62.3097 59.0433 0
    endloop
  endfacet
  facet normal -0.914315 0.405004 0
    outer loop
      vertex 62.3097 59.0433 8
      vertex 62.26 58.9311 0
      vertex 62.26 58.9311 8
    endloop
  endfacet
  facet normal -0.932904 0.360125 0
    outer loop
      vertex 62.3097 59.0433 0
      vertex 62.3539 59.1578 8
      vertex 62.3539 59.1578 0
    endloop
  endfacet
  facet normal -0.932904 0.360125 0
    outer loop
      vertex 62.3539 59.1578 8
      vertex 62.3097 59.0433 0
      vertex 62.3097 59.0433 8
    endloop
  endfacet
  facet normal 0.914315 -0.405004 0
    outer loop
      vertex 57.6903 60.9567 8
      vertex 57.74 61.0689 0
      vertex 57.74 61.0689 8
    endloop
  endfacet
  facet normal 0.914315 -0.405004 0
    outer loop
      vertex 57.74 61.0689 0
      vertex 57.6903 60.9567 8
      vertex 57.6903 60.9567 0
    endloop
  endfacet
  facet normal 0.89312 0.449819 0
    outer loop
      vertex 57.7952 58.8215 8
      vertex 57.74 58.9311 0
      vertex 57.74 58.9311 8
    endloop
  endfacet
  facet normal 0.89312 0.449819 0
    outer loop
      vertex 57.74 58.9311 0
      vertex 57.7952 58.8215 8
      vertex 57.7952 58.8215 0
    endloop
  endfacet
  facet normal 0.492889 0.870092 -0
    outer loop
      vertex 58.8215 57.7952 0
      vertex 58.7147 57.8557 8
      vertex 58.8215 57.7952 8
    endloop
  endfacet
  facet normal 0.492889 0.870092 0
    outer loop
      vertex 58.7147 57.8557 8
      vertex 58.8215 57.7952 0
      vertex 58.7147 57.8557 0
    endloop
  endfacet
  facet normal 0.449819 -0.89312 0
    outer loop
      vertex 58.8215 62.2048 0
      vertex 58.9311 62.26 8
      vertex 58.8215 62.2048 8
    endloop
  endfacet
  facet normal 0.449819 -0.89312 0
    outer loop
      vertex 58.9311 62.26 8
      vertex 58.8215 62.2048 0
      vertex 58.9311 62.26 0
    endloop
  endfacet
  facet normal 0.534974 0.844868 -0
    outer loop
      vertex 58.7147 57.8557 0
      vertex 58.6111 57.9213 8
      vertex 58.7147 57.8557 8
    endloop
  endfacet
  facet normal 0.534974 0.844868 0
    outer loop
      vertex 58.6111 57.9213 8
      vertex 58.7147 57.8557 0
      vertex 58.6111 57.9213 0
    endloop
  endfacet
  facet normal 0.870092 0.492889 0
    outer loop
      vertex 57.8557 58.7147 8
      vertex 57.7952 58.8215 0
      vertex 57.7952 58.8215 8
    endloop
  endfacet
  facet normal 0.870092 0.492889 0
    outer loop
      vertex 57.7952 58.8215 0
      vertex 57.8557 58.7147 8
      vertex 57.8557 58.7147 0
    endloop
  endfacet
endsolid OpenSCAD_Model
