solid OpenSCAD_Model
  facet normal -0.835544 -0.549423 0
    outer loop
      vertex 27.4669 15.9237 0
      vertex 27.4356 15.9713 1.8
      vertex 27.4356 15.9713 0
    endloop
  endfacet
  facet normal -0.835544 -0.549423 0
    outer loop
      vertex 27.4356 15.9713 1.8
      vertex 27.4669 15.9237 0
      vertex 27.4669 15.9237 1.8
    endloop
  endfacet
  facet normal -0.856094 -0.51682 0
    outer loop
      vertex 27.4963 15.875 0
      vertex 27.4669 15.9237 1.8
      vertex 27.4669 15.9237 0
    endloop
  endfacet
  facet normal -0.856094 -0.51682 0
    outer loop
      vertex 27.4669 15.9237 1.8
      vertex 27.4963 15.875 0
      vertex 27.4963 15.875 1.8
    endloop
  endfacet
  facet normal -0.812665 -0.582732 0
    outer loop
      vertex 27.4356 15.9713 0
      vertex 27.4024 16.0176 1.8
      vertex 27.4024 16.0176 0
    endloop
  endfacet
  facet normal -0.812665 -0.582732 0
    outer loop
      vertex 27.4024 16.0176 1.8
      vertex 27.4356 15.9713 0
      vertex 27.4356 15.9713 1.8
    endloop
  endfacet
  facet normal -0.738904 -0.67381 0
    outer loop
      vertex 27.3307 16.1061 0
      vertex 27.2924 16.1481 1.8
      vertex 27.2924 16.1481 0
    endloop
  endfacet
  facet normal -0.738904 -0.67381 0
    outer loop
      vertex 27.2924 16.1481 1.8
      vertex 27.3307 16.1061 0
      vertex 27.3307 16.1061 1.8
    endloop
  endfacet
  facet normal -0.561974 -0.827155 0
    outer loop
      vertex 27.0303 16.3661 0
      vertex 27.0774 16.3341 1.8
      vertex 27.0303 16.3661 1.8
    endloop
  endfacet
  facet normal -0.561974 -0.827155 -0
    outer loop
      vertex 27.0774 16.3341 1.8
      vertex 27.0303 16.3661 0
      vertex 27.0774 16.3341 0
    endloop
  endfacet
  facet normal 0.483403 -0.875398 0
    outer loop
      vertex 25.5156 16.4057 0
      vertex 25.5654 16.4332 1.8
      vertex 25.5156 16.4057 1.8
    endloop
  endfacet
  facet normal 0.483403 -0.875398 0
    outer loop
      vertex 25.5654 16.4332 1.8
      vertex 25.5156 16.4057 0
      vertex 25.5654 16.4332 0
    endloop
  endfacet
  facet normal -0.673895 0.738827 0
    outer loop
      vertex 27.2387 14.0982 0
      vertex 27.1966 14.0598 1.8
      vertex 27.2387 14.0982 1.8
    endloop
  endfacet
  facet normal -0.673895 0.738827 0
    outer loop
      vertex 27.1966 14.0598 1.8
      vertex 27.2387 14.0982 0
      vertex 27.1966 14.0598 0
    endloop
  endfacet
  facet normal 0.981843 0.189694 0
    outer loop
      vertex 24.8223 14.8485 1.8
      vertex 24.8115 14.9044 0
      vertex 24.8115 14.9044 1.8
    endloop
  endfacet
  facet normal 0.981843 0.189694 0
    outer loop
      vertex 24.8115 14.9044 0
      vertex 24.8223 14.8485 1.8
      vertex 24.8223 14.8485 0
    endloop
  endfacet
  facet normal 0.110624 -0.993862 0
    outer loop
      vertex 26.0513 16.5876 0
      vertex 26.1079 16.5939 1.8
      vertex 26.0513 16.5876 1.8
    endloop
  endfacet
  facet normal 0.110624 -0.993862 0
    outer loop
      vertex 26.1079 16.5939 1.8
      vertex 26.0513 16.5876 0
      vertex 26.1079 16.5939 0
    endloop
  endfacet
  facet normal 0.711485 0.702701 0
    outer loop
      vertex 25.2288 14.1114 1.8
      vertex 25.1888 14.1519 0
      vertex 25.1888 14.1519 1.8
    endloop
  endfacet
  facet normal 0.711485 0.702701 0
    outer loop
      vertex 25.1888 14.1519 0
      vertex 25.2288 14.1114 1.8
      vertex 25.2288 14.1114 0
    endloop
  endfacet
  facet normal 0.423848 0.905733 -0
    outer loop
      vertex 25.6508 13.8254 0
      vertex 25.5993 13.8495 1.8
      vertex 25.6508 13.8254 1.8
    endloop
  endfacet
  facet normal 0.423848 0.905733 0
    outer loop
      vertex 25.5993 13.8495 1.8
      vertex 25.6508 13.8254 0
      vertex 25.5993 13.8495 0
    endloop
  endfacet
  facet normal 0.999443 0.0333733 0
    outer loop
      vertex 24.7926 15.0741 1.8
      vertex 24.7907 15.131 0
      vertex 24.7907 15.131 1.8
    endloop
  endfacet
  facet normal 0.999443 0.0333733 0
    outer loop
      vertex 24.7907 15.131 0
      vertex 24.7926 15.0741 1.8
      vertex 24.7926 15.0741 0
    endloop
  endfacet
  facet normal 0.869645 -0.493677 0
    outer loop
      vertex 24.9663 15.8419 1.8
      vertex 24.9944 15.8914 0
      vertex 24.9944 15.8914 1.8
    endloop
  endfacet
  facet normal 0.869645 -0.493677 0
    outer loop
      vertex 24.9944 15.8914 0
      vertex 24.9663 15.8419 1.8
      vertex 24.9663 15.8419 0
    endloop
  endfacet
  facet normal 0.16326 0.986583 -0
    outer loop
      vertex 26.0325 13.715 0
      vertex 25.9763 13.7243 1.8
      vertex 26.0325 13.715 1.8
    endloop
  endfacet
  facet normal 0.16326 0.986583 0
    outer loop
      vertex 25.9763 13.7243 1.8
      vertex 26.0325 13.715 0
      vertex 25.9763 13.7243 0
    endloop
  endfacet
  facet normal -0.16326 -0.986583 0
    outer loop
      vertex 26.4486 16.585 0
      vertex 26.5048 16.5757 1.8
      vertex 26.4486 16.585 1.8
    endloop
  endfacet
  facet normal -0.16326 -0.986583 -0
    outer loop
      vertex 26.5048 16.5757 1.8
      vertex 26.4486 16.585 0
      vertex 26.5048 16.5757 0
    endloop
  endfacet
  facet normal 0.970657 -0.24047 0
    outer loop
      vertex 24.8263 15.47 1.8
      vertex 24.84 15.5253 0
      vertex 24.84 15.5253 1.8
    endloop
  endfacet
  facet normal 0.970657 -0.24047 0
    outer loop
      vertex 24.84 15.5253 0
      vertex 24.8263 15.47 1.8
      vertex 24.8263 15.47 0
    endloop
  endfacet
  facet normal -0.848689 0.528893 0
    outer loop
      vertex 27.4566 14.3603 0
      vertex 27.4867 14.4086 1.8
      vertex 27.4867 14.4086 0
    endloop
  endfacet
  facet normal -0.848689 0.528893 0
    outer loop
      vertex 27.4867 14.4086 1.8
      vertex 27.4566 14.3603 0
      vertex 27.4566 14.3603 1.8
    endloop
  endfacet
  facet normal 0.55023 -0.835013 0
    outer loop
      vertex 25.4193 16.345 0
      vertex 25.4668 16.3763 1.8
      vertex 25.4193 16.345 1.8
    endloop
  endfacet
  facet normal 0.55023 -0.835013 0
    outer loop
      vertex 25.4668 16.3763 1.8
      vertex 25.4193 16.345 0
      vertex 25.4668 16.3763 0
    endloop
  endfacet
  facet normal 0.905058 -0.425289 0
    outer loop
      vertex 24.9159 15.7398 1.8
      vertex 24.9401 15.7913 0
      vertex 24.9401 15.7913 1.8
    endloop
  endfacet
  facet normal 0.905058 -0.425289 0
    outer loop
      vertex 24.9401 15.7913 0
      vertex 24.9159 15.7398 1.8
      vertex 24.9159 15.7398 0
    endloop
  endfacet
  facet normal 0.812665 0.582732 0
    outer loop
      vertex 25.0788 14.2824 1.8
      vertex 25.0456 14.3287 0
      vertex 25.0456 14.3287 1.8
    endloop
  endfacet
  facet normal 0.812665 0.582732 0
    outer loop
      vertex 25.0456 14.3287 0
      vertex 25.0788 14.2824 1.8
      vertex 25.0788 14.2824 0
    endloop
  endfacet
  facet normal 0.304074 -0.952648 0
    outer loop
      vertex 25.7745 16.523 0
      vertex 25.8287 16.5403 1.8
      vertex 25.7745 16.523 1.8
    endloop
  endfacet
  facet normal 0.304074 -0.952648 0
    outer loop
      vertex 25.8287 16.5403 1.8
      vertex 25.7745 16.523 0
      vertex 25.8287 16.5403 0
    endloop
  endfacet
  facet normal -0.0843544 -0.996436 0
    outer loop
      vertex 26.3354 16.5969 0
      vertex 26.3921 16.5921 1.8
      vertex 26.3354 16.5969 1.8
    endloop
  endfacet
  facet normal -0.0843544 -0.996436 -0
    outer loop
      vertex 26.3921 16.5921 1.8
      vertex 26.3354 16.5969 0
      vertex 26.3921 16.5921 0
    endloop
  endfacet
  facet normal -0.423174 -0.906049 0
    outer loop
      vertex 26.8303 16.4746 0
      vertex 26.8819 16.4505 1.8
      vertex 26.8303 16.4746 1.8
    endloop
  endfacet
  facet normal -0.423174 -0.906049 -0
    outer loop
      vertex 26.8819 16.4505 1.8
      vertex 26.8303 16.4746 0
      vertex 26.8819 16.4505 0
    endloop
  endfacet
  facet normal -0.9995 -0.0316186 0
    outer loop
      vertex 27.6904 15.169 0
      vertex 27.6886 15.2259 1.8
      vertex 27.6886 15.2259 0
    endloop
  endfacet
  facet normal -0.9995 -0.0316186 0
    outer loop
      vertex 27.6886 15.2259 1.8
      vertex 27.6904 15.169 0
      vertex 27.6904 15.169 1.8
    endloop
  endfacet
  facet normal -0.0070297 -0.999975 0
    outer loop
      vertex 26.2216 16.5999 0
      vertex 26.2785 16.5995 1.8
      vertex 26.2216 16.5999 1.8
    endloop
  endfacet
  facet normal -0.0070297 -0.999975 -0
    outer loop
      vertex 26.2785 16.5995 1.8
      vertex 26.2216 16.5999 0
      vertex 26.2785 16.5995 0
    endloop
  endfacet
  facet normal 0.949209 -0.314645 0
    outer loop
      vertex 24.8558 15.58 1.8
      vertex 24.8737 15.634 0
      vertex 24.8737 15.634 1.8
    endloop
  endfacet
  facet normal 0.949209 -0.314645 0
    outer loop
      vertex 24.8737 15.634 0
      vertex 24.8558 15.58 1.8
      vertex 24.8558 15.58 0
    endloop
  endfacet
  facet normal 0.738029 0.674769 0
    outer loop
      vertex 25.1888 14.1519 1.8
      vertex 25.1504 14.1939 0
      vertex 25.1504 14.1939 1.8
    endloop
  endfacet
  facet normal 0.738029 0.674769 0
    outer loop
      vertex 25.1504 14.1939 0
      vertex 25.1888 14.1519 1.8
      vertex 25.1888 14.1519 0
    endloop
  endfacet
  facet normal 0.789542 0.613697 0
    outer loop
      vertex 25.1137 14.2375 1.8
      vertex 25.0788 14.2824 0
      vertex 25.0788 14.2824 1.8
    endloop
  endfacet
  facet normal 0.789542 0.613697 0
    outer loop
      vertex 25.0788 14.2824 0
      vertex 25.1137 14.2375 1.8
      vertex 25.1137 14.2375 0
    endloop
  endfacet
  facet normal 0.781725 -0.623623 0
    outer loop
      vertex 25.0902 16.0327 1.8
      vertex 25.1257 16.0772 0
      vertex 25.1257 16.0772 1.8
    endloop
  endfacet
  facet normal 0.781725 -0.623623 0
    outer loop
      vertex 25.1257 16.0772 0
      vertex 25.0902 16.0327 1.8
      vertex 25.0902 16.0327 0
    endloop
  endfacet
  facet normal 0.804614 -0.593798 0
    outer loop
      vertex 25.0564 15.9869 1.8
      vertex 25.0902 16.0327 0
      vertex 25.0902 16.0327 1.8
    endloop
  endfacet
  facet normal 0.804614 -0.593798 0
    outer loop
      vertex 25.0902 16.0327 0
      vertex 25.0564 15.9869 1.8
      vertex 25.0564 15.9869 0
    endloop
  endfacet
  facet normal -0.894076 -0.447916 0
    outer loop
      vertex 27.5493 15.7742 0
      vertex 27.5238 15.8251 1.8
      vertex 27.5238 15.8251 0
    endloop
  endfacet
  facet normal -0.894076 -0.447916 0
    outer loop
      vertex 27.5238 15.8251 1.8
      vertex 27.5493 15.7742 0
      vertex 27.5493 15.7742 1.8
    endloop
  endfacet
  facet normal -0.549423 0.835544 0
    outer loop
      vertex 27.0619 13.955 0
      vertex 27.0143 13.9237 1.8
      vertex 27.0619 13.955 1.8
    endloop
  endfacet
  facet normal -0.549423 0.835544 0
    outer loop
      vertex 27.0143 13.9237 1.8
      vertex 27.0619 13.955 0
      vertex 27.0143 13.9237 0
    endloop
  endfacet
  facet normal -0.986536 0.163543 0
    outer loop
      vertex 27.6663 14.8858 0
      vertex 27.6756 14.9419 1.8
      vertex 27.6756 14.9419 0
    endloop
  endfacet
  facet normal -0.986536 0.163543 0
    outer loop
      vertex 27.6756 14.9419 1.8
      vertex 27.6663 14.8858 0
      vertex 27.6663 14.8858 1.8
    endloop
  endfacet
  facet normal -0.277504 -0.960725 0
    outer loop
      vertex 26.6159 16.5506 0
      vertex 26.6706 16.5348 1.8
      vertex 26.6159 16.5506 1.8
    endloop
  endfacet
  facet normal -0.277504 -0.960725 -0
    outer loop
      vertex 26.6706 16.5348 1.8
      vertex 26.6159 16.5506 0
      vertex 26.6706 16.5348 0
    endloop
  endfacet
  facet normal 0.953317 0.301971 0
    outer loop
      vertex 24.8675 14.6839 1.8
      vertex 24.8503 14.7382 0
      vertex 24.8503 14.7382 1.8
    endloop
  endfacet
  facet normal 0.953317 0.301971 0
    outer loop
      vertex 24.8503 14.7382 0
      vertex 24.8675 14.6839 1.8
      vertex 24.8675 14.6839 0
    endloop
  endfacet
  facet normal -0.755399 0.655265 0
    outer loop
      vertex 27.3181 14.1798 0
      vertex 27.3554 14.2228 1.8
      vertex 27.3554 14.2228 0
    endloop
  endfacet
  facet normal -0.755399 0.655265 0
    outer loop
      vertex 27.3554 14.2228 1.8
      vertex 27.3181 14.1798 0
      vertex 27.3181 14.1798 1.8
    endloop
  endfacet
  facet normal -0.265197 0.964194 0
    outer loop
      vertex 26.6524 13.7597 0
      vertex 26.5975 13.7446 1.8
      vertex 26.6524 13.7597 1.8
    endloop
  endfacet
  facet normal -0.265197 0.964194 0
    outer loop
      vertex 26.5975 13.7446 1.8
      vertex 26.6524 13.7597 0
      vertex 26.5975 13.7446 0
    endloop
  endfacet
  facet normal -0.971065 0.238815 0
    outer loop
      vertex 27.6412 14.7747 0
      vertex 27.6548 14.83 1.8
      vertex 27.6548 14.83 0
    endloop
  endfacet
  facet normal -0.971065 0.238815 0
    outer loop
      vertex 27.6548 14.83 1.8
      vertex 27.6412 14.7747 0
      vertex 27.6412 14.7747 1.8
    endloop
  endfacet
  facet normal -0.730413 0.683006 0
    outer loop
      vertex 27.2792 14.1382 0
      vertex 27.3181 14.1798 1.8
      vertex 27.3181 14.1798 0
    endloop
  endfacet
  facet normal -0.730413 0.683006 0
    outer loop
      vertex 27.3181 14.1798 1.8
      vertex 27.2792 14.1382 0
      vertex 27.2792 14.1382 1.8
    endloop
  endfacet
  facet normal 0.124683 0.992197 -0
    outer loop
      vertex 26.089 13.7079 0
      vertex 26.0325 13.715 1.8
      vertex 26.089 13.7079 1.8
    endloop
  endfacet
  facet normal 0.124683 0.992197 0
    outer loop
      vertex 26.0325 13.715 1.8
      vertex 26.089 13.7079 0
      vertex 26.0325 13.715 0
    endloop
  endfacet
  facet normal -0.875808 -0.48266 0
    outer loop
      vertex 27.5238 15.8251 0
      vertex 27.4963 15.875 1.8
      vertex 27.4963 15.875 0
    endloop
  endfacet
  facet normal -0.875808 -0.48266 0
    outer loop
      vertex 27.4963 15.875 1.8
      vertex 27.5238 15.8251 0
      vertex 27.5238 15.8251 1.8
    endloop
  endfacet
  facet normal -0.765048 -0.643974 0
    outer loop
      vertex 27.3674 16.0625 0
      vertex 27.3307 16.1061 1.8
      vertex 27.3307 16.1061 0
    endloop
  endfacet
  facet normal -0.765048 -0.643974 0
    outer loop
      vertex 27.3307 16.1061 1.8
      vertex 27.3674 16.0625 0
      vertex 27.3674 16.0625 1.8
    endloop
  endfacet
  facet normal -0.940663 -0.339342 0
    outer loop
      vertex 27.6136 15.6161 0
      vertex 27.5943 15.6696 1.8
      vertex 27.5943 15.6696 0
    endloop
  endfacet
  facet normal -0.940663 -0.339342 0
    outer loop
      vertex 27.5943 15.6696 1.8
      vertex 27.6136 15.6161 0
      vertex 27.6136 15.6161 1.8
    endloop
  endfacet
  facet normal -0.124683 -0.992197 0
    outer loop
      vertex 26.3921 16.5921 0
      vertex 26.4486 16.585 1.8
      vertex 26.3921 16.5921 1.8
    endloop
  endfacet
  facet normal -0.124683 -0.992197 -0
    outer loop
      vertex 26.4486 16.585 1.8
      vertex 26.3921 16.5921 0
      vertex 26.4486 16.585 0
    endloop
  endfacet
  facet normal 0.495004 0.868891 -0
    outer loop
      vertex 25.5487 13.8757 0
      vertex 25.4992 13.9039 1.8
      vertex 25.5487 13.8757 1.8
    endloop
  endfacet
  facet normal 0.495004 0.868891 0
    outer loop
      vertex 25.4992 13.9039 1.8
      vertex 25.5487 13.8757 0
      vertex 25.4992 13.9039 0
    endloop
  endfacet
  facet normal 0.447916 -0.894076 0
    outer loop
      vertex 25.5654 16.4332 0
      vertex 25.6163 16.4587 1.8
      vertex 25.5654 16.4332 1.8
    endloop
  endfacet
  facet normal 0.447916 -0.894076 0
    outer loop
      vertex 25.6163 16.4587 1.8
      vertex 25.5654 16.4332 0
      vertex 25.6163 16.4587 0
    endloop
  endfacet
  facet normal -0.804614 0.593798 0
    outer loop
      vertex 27.3909 14.2673 0
      vertex 27.4247 14.3131 1.8
      vertex 27.4247 14.3131 0
    endloop
  endfacet
  facet normal -0.804614 0.593798 0
    outer loop
      vertex 27.4247 14.3131 1.8
      vertex 27.3909 14.2673 0
      vertex 27.3909 14.2673 1.8
    endloop
  endfacet
  facet normal 0.674769 -0.738029 0
    outer loop
      vertex 25.2425 16.2018 0
      vertex 25.2845 16.2402 1.8
      vertex 25.2425 16.2018 1.8
    endloop
  endfacet
  facet normal 0.674769 -0.738029 0
    outer loop
      vertex 25.2845 16.2402 1.8
      vertex 25.2425 16.2018 0
      vertex 25.2845 16.2402 0
    endloop
  endfacet
  facet normal -0.226397 0.974035 0
    outer loop
      vertex 26.5975 13.7446 0
      vertex 26.542 13.7317 1.8
      vertex 26.5975 13.7446 1.8
    endloop
  endfacet
  facet normal -0.226397 0.974035 0
    outer loop
      vertex 26.542 13.7317 1.8
      vertex 26.5975 13.7446 0
      vertex 26.542 13.7317 0
    endloop
  endfacet
  facet normal -0.9963 0.0859484 0
    outer loop
      vertex 27.6826 14.9984 0
      vertex 27.6875 15.0552 1.8
      vertex 27.6875 15.0552 0
    endloop
  endfacet
  facet normal -0.9963 0.0859484 0
    outer loop
      vertex 27.6875 15.0552 1.8
      vertex 27.6826 14.9984 0
      vertex 27.6826 14.9984 1.8
    endloop
  endfacet
  facet normal 0.998954 -0.0457268 0
    outer loop
      vertex 24.7911 15.188 1.8
      vertex 24.7937 15.2448 0
      vertex 24.7937 15.2448 1.8
    endloop
  endfacet
  facet normal 0.998954 -0.0457268 0
    outer loop
      vertex 24.7937 15.2448 0
      vertex 24.7911 15.188 1.8
      vertex 24.7911 15.188 0
    endloop
  endfacet
  facet normal 0.684817 0.728715 -0
    outer loop
      vertex 25.2703 14.0724 0
      vertex 25.2288 14.1114 1.8
      vertex 25.2703 14.0724 1.8
    endloop
  endfacet
  facet normal 0.684817 0.728715 0
    outer loop
      vertex 25.2288 14.1114 1.8
      vertex 25.2703 14.0724 0
      vertex 25.2288 14.1114 0
    endloop
  endfacet
  facet normal -0.51682 0.856094 0
    outer loop
      vertex 27.0143 13.9237 0
      vertex 26.9656 13.8943 1.8
      vertex 27.0143 13.9237 1.8
    endloop
  endfacet
  facet normal -0.51682 0.856094 0
    outer loop
      vertex 26.9656 13.8943 1.8
      vertex 27.0143 13.9237 0
      vertex 26.9656 13.8943 0
    endloop
  endfacet
  facet normal -0.960255 0.279124 0
    outer loop
      vertex 27.6253 14.72 0
      vertex 27.6412 14.7747 1.8
      vertex 27.6412 14.7747 0
    endloop
  endfacet
  facet normal -0.960255 0.279124 0
    outer loop
      vertex 27.6412 14.7747 1.8
      vertex 27.6253 14.72 0
      vertex 27.6253 14.72 1.8
    endloop
  endfacet
  facet normal 0.940101 0.340896 0
    outer loop
      vertex 24.8869 14.6304 1.8
      vertex 24.8675 14.6839 0
      vertex 24.8675 14.6839 1.8
    endloop
  endfacet
  facet normal 0.940101 0.340896 0
    outer loop
      vertex 24.8675 14.6839 0
      vertex 24.8869 14.6304 1.8
      vertex 24.8869 14.6304 0
    endloop
  endfacet
  facet normal 0.894076 0.447916 0
    outer loop
      vertex 24.9573 14.4749 1.8
      vertex 24.9318 14.5258 0
      vertex 24.9318 14.5258 1.8
    endloop
  endfacet
  facet normal 0.894076 0.447916 0
    outer loop
      vertex 24.9318 14.5258 0
      vertex 24.9573 14.4749 1.8
      vertex 24.9573 14.4749 0
    endloop
  endfacet
  facet normal -0.973945 -0.226785 0
    outer loop
      vertex 27.6589 15.4515 0
      vertex 27.646 15.5069 1.8
      vertex 27.646 15.5069 0
    endloop
  endfacet
  facet normal -0.973945 -0.226785 0
    outer loop
      vertex 27.646 15.5069 1.8
      vertex 27.6589 15.4515 0
      vertex 27.6589 15.4515 1.8
    endloop
  endfacet
  facet normal -0.526838 -0.849966 0
    outer loop
      vertex 26.9819 16.3961 0
      vertex 27.0303 16.3661 1.8
      vertex 26.9819 16.3961 1.8
    endloop
  endfacet
  facet normal -0.526838 -0.849966 -0
    outer loop
      vertex 27.0303 16.3661 1.8
      vertex 26.9819 16.3961 0
      vertex 27.0303 16.3661 0
    endloop
  endfacet
  facet normal 0.613697 -0.789542 0
    outer loop
      vertex 25.3281 16.2769 0
      vertex 25.373 16.3118 1.8
      vertex 25.3281 16.2769 1.8
    endloop
  endfacet
  facet normal 0.613697 -0.789542 0
    outer loop
      vertex 25.373 16.3118 1.8
      vertex 25.3281 16.2769 0
      vertex 25.373 16.3118 0
    endloop
  endfacet
  facet normal -0.979416 0.201851 0
    outer loop
      vertex 27.6548 14.83 0
      vertex 27.6663 14.8858 1.8
      vertex 27.6663 14.8858 0
    endloop
  endfacet
  facet normal -0.979416 0.201851 0
    outer loop
      vertex 27.6663 14.8858 1.8
      vertex 27.6548 14.83 0
      vertex 27.6548 14.83 1.8
    endloop
  endfacet
  facet normal -0.189694 0.981843 0
    outer loop
      vertex 26.542 13.7317 0
      vertex 26.4861 13.7209 1.8
      vertex 26.542 13.7317 1.8
    endloop
  endfacet
  facet normal -0.189694 0.981843 0
    outer loop
      vertex 26.4861 13.7209 1.8
      vertex 26.542 13.7317 0
      vertex 26.4861 13.7209 0
    endloop
  endfacet
  facet normal 0.988794 0.149285 0
    outer loop
      vertex 24.8115 14.9044 1.8
      vertex 24.803 14.9607 0
      vertex 24.803 14.9607 1.8
    endloop
  endfacet
  facet normal 0.988794 0.149285 0
    outer loop
      vertex 24.803 14.9607 0
      vertex 24.8115 14.9044 1.8
      vertex 24.8115 14.9044 0
    endloop
  endfacet
  facet normal 0.189694 -0.981843 0
    outer loop
      vertex 25.9391 16.5683 0
      vertex 25.995 16.5791 1.8
      vertex 25.9391 16.5683 1.8
    endloop
  endfacet
  facet normal 0.189694 -0.981843 0
    outer loop
      vertex 25.995 16.5791 1.8
      vertex 25.9391 16.5683 0
      vertex 25.995 16.5791 0
    endloop
  endfacet
  facet normal -0.78869 -0.614792 0
    outer loop
      vertex 27.4024 16.0176 0
      vertex 27.3674 16.0625 1.8
      vertex 27.3674 16.0625 0
    endloop
  endfacet
  facet normal -0.78869 -0.614792 0
    outer loop
      vertex 27.3674 16.0625 1.8
      vertex 27.4024 16.0176 0
      vertex 27.4024 16.0176 1.8
    endloop
  endfacet
  facet normal -0.238815 -0.971065 0
    outer loop
      vertex 26.5606 16.5642 0
      vertex 26.6159 16.5506 1.8
      vertex 26.5606 16.5642 1.8
    endloop
  endfacet
  facet normal -0.238815 -0.971065 -0
    outer loop
      vertex 26.6159 16.5506 1.8
      vertex 26.5606 16.5642 0
      vertex 26.6159 16.5506 0
    endloop
  endfacet
  facet normal -0.868891 0.495004 0
    outer loop
      vertex 27.4867 14.4086 0
      vertex 27.5149 14.4581 1.8
      vertex 27.5149 14.4581 0
    endloop
  endfacet
  facet normal -0.868891 0.495004 0
    outer loop
      vertex 27.5149 14.4581 1.8
      vertex 27.4867 14.4086 0
      vertex 27.4867 14.4086 1.8
    endloop
  endfacet
  facet normal 0.755399 -0.655265 0
    outer loop
      vertex 25.1257 16.0772 1.8
      vertex 25.163 16.1202 0
      vertex 25.163 16.1202 1.8
    endloop
  endfacet
  facet normal 0.755399 -0.655265 0
    outer loop
      vertex 25.163 16.1202 0
      vertex 25.1257 16.0772 1.8
      vertex 25.1257 16.0772 0
    endloop
  endfacet
  facet normal -0.828523 0.559955 0
    outer loop
      vertex 27.4247 14.3131 0
      vertex 27.4566 14.3603 1.8
      vertex 27.4566 14.3603 0
    endloop
  endfacet
  facet normal -0.828523 0.559955 0
    outer loop
      vertex 27.4566 14.3603 1.8
      vertex 27.4247 14.3131 0
      vertex 27.4247 14.3131 1.8
    endloop
  endfacet
  facet normal -0.982169 -0.188 0
    outer loop
      vertex 27.6696 15.3956 0
      vertex 27.6589 15.4515 1.8
      vertex 27.6589 15.4515 0
    endloop
  endfacet
  facet normal -0.982169 -0.188 0
    outer loop
      vertex 27.6589 15.4515 1.8
      vertex 27.6696 15.3956 0
      vertex 27.6696 15.3956 1.8
    endloop
  endfacet
  facet normal 0.624695 0.780869 -0
    outer loop
      vertex 25.3579 13.9996 0
      vertex 25.3134 14.0352 1.8
      vertex 25.3579 13.9996 1.8
    endloop
  endfacet
  facet normal 0.624695 0.780869 0
    outer loop
      vertex 25.3134 14.0352 1.8
      vertex 25.3579 13.9996 0
      vertex 25.3134 14.0352 0
    endloop
  endfacet
  facet normal -0.949209 0.314645 0
    outer loop
      vertex 27.6074 14.666 0
      vertex 27.6253 14.72 1.8
      vertex 27.6253 14.72 0
    endloop
  endfacet
  facet normal -0.949209 0.314645 0
    outer loop
      vertex 27.6253 14.72 1.8
      vertex 27.6074 14.666 0
      vertex 27.6074 14.666 1.8
    endloop
  endfacet
  facet normal -0.654261 -0.756269 0
    outer loop
      vertex 27.1678 16.2648 0
      vertex 27.2108 16.2276 1.8
      vertex 27.1678 16.2648 1.8
    endloop
  endfacet
  facet normal -0.654261 -0.756269 -0
    outer loop
      vertex 27.2108 16.2276 1.8
      vertex 27.1678 16.2648 0
      vertex 27.2108 16.2276 0
    endloop
  endfacet
  facet normal -0.201851 -0.979416 0
    outer loop
      vertex 26.5048 16.5757 0
      vertex 26.5606 16.5642 1.8
      vertex 26.5048 16.5757 1.8
    endloop
  endfacet
  facet normal -0.201851 -0.979416 -0
    outer loop
      vertex 26.5606 16.5642 1.8
      vertex 26.5048 16.5757 0
      vertex 26.5606 16.5642 0
    endloop
  endfacet
  facet normal -0.702701 0.711485 0
    outer loop
      vertex 27.2792 14.1382 0
      vertex 27.2387 14.0982 1.8
      vertex 27.2792 14.1382 1.8
    endloop
  endfacet
  facet normal -0.702701 0.711485 0
    outer loop
      vertex 27.2387 14.0982 1.8
      vertex 27.2792 14.1382 0
      vertex 27.2387 14.0982 0
    endloop
  endfacet
  facet normal -0.612846 0.790202 0
    outer loop
      vertex 27.1531 14.0231 0
      vertex 27.1081 13.9882 1.8
      vertex 27.1531 14.0231 1.8
    endloop
  endfacet
  facet normal -0.612846 0.790202 0
    outer loop
      vertex 27.1081 13.9882 1.8
      vertex 27.1531 14.0231 0
      vertex 27.1081 13.9882 0
    endloop
  endfacet
  facet normal -0.339342 0.940663 0
    outer loop
      vertex 26.7602 13.7963 0
      vertex 26.7067 13.777 1.8
      vertex 26.7602 13.7963 1.8
    endloop
  endfacet
  facet normal -0.339342 0.940663 0
    outer loop
      vertex 26.7067 13.777 1.8
      vertex 26.7602 13.7963 0
      vertex 26.7067 13.777 0
    endloop
  endfacet
  facet normal -0.683941 -0.729537 0
    outer loop
      vertex 27.2108 16.2276 0
      vertex 27.2524 16.1886 1.8
      vertex 27.2108 16.2276 1.8
    endloop
  endfacet
  facet normal -0.683941 -0.729537 -0
    outer loop
      vertex 27.2524 16.1886 1.8
      vertex 27.2108 16.2276 0
      vertex 27.2524 16.1886 0
    endloop
  endfacet
  facet normal -0.59182 -0.80607 0
    outer loop
      vertex 27.0774 16.3341 0
      vertex 27.1233 16.3004 1.8
      vertex 27.0774 16.3341 1.8
    endloop
  endfacet
  facet normal -0.59182 -0.80607 -0
    outer loop
      vertex 27.1233 16.3004 1.8
      vertex 27.0774 16.3341 0
      vertex 27.1233 16.3004 0
    endloop
  endfacet
  facet normal 0.855316 0.518107 0
    outer loop
      vertex 25.0143 14.3763 1.8
      vertex 24.9848 14.425 0
      vertex 24.9848 14.425 1.8
    endloop
  endfacet
  facet normal 0.855316 0.518107 0
    outer loop
      vertex 24.9848 14.425 0
      vertex 25.0143 14.3763 1.8
      vertex 25.0143 14.3763 0
    endloop
  endfacet
  facet normal 0.149285 -0.988794 0
    outer loop
      vertex 25.995 16.5791 0
      vertex 26.0513 16.5876 1.8
      vertex 25.995 16.5791 1.8
    endloop
  endfacet
  facet normal 0.149285 -0.988794 0
    outer loop
      vertex 26.0513 16.5876 1.8
      vertex 25.995 16.5791 0
      vertex 26.0513 16.5876 0
    endloop
  endfacet
  facet normal 0.643974 -0.765048 0
    outer loop
      vertex 25.2845 16.2402 0
      vertex 25.3281 16.2769 1.8
      vertex 25.2845 16.2402 1.8
    endloop
  endfacet
  facet normal 0.643974 -0.765048 0
    outer loop
      vertex 25.3281 16.2769 1.8
      vertex 25.2845 16.2402 0
      vertex 25.3281 16.2769 0
    endloop
  endfacet
  facet normal -0.624695 -0.780869 0
    outer loop
      vertex 27.1233 16.3004 0
      vertex 27.1678 16.2648 1.8
      vertex 27.1233 16.3004 1.8
    endloop
  endfacet
  facet normal -0.624695 -0.780869 -0
    outer loop
      vertex 27.1678 16.2648 1.8
      vertex 27.1233 16.3004 0
      vertex 27.1678 16.2648 0
    endloop
  endfacet
  facet normal -0.303566 0.95281 0
    outer loop
      vertex 26.7067 13.777 0
      vertex 26.6524 13.7597 1.8
      vertex 26.7067 13.777 1.8
    endloop
  endfacet
  facet normal -0.303566 0.95281 0
    outer loop
      vertex 26.6524 13.7597 1.8
      vertex 26.7067 13.777 0
      vertex 26.6524 13.7597 0
    endloop
  endfacet
  facet normal 0.875808 0.48266 0
    outer loop
      vertex 24.9848 14.425 1.8
      vertex 24.9573 14.4749 0
      vertex 24.9573 14.4749 1.8
    endloop
  endfacet
  facet normal 0.875808 0.48266 0
    outer loop
      vertex 24.9573 14.4749 0
      vertex 24.9848 14.425 1.8
      vertex 24.9848 14.425 0
    endloop
  endfacet
  facet normal -0.0456466 -0.998958 0
    outer loop
      vertex 26.2785 16.5995 0
      vertex 26.3354 16.5969 1.8
      vertex 26.2785 16.5995 1.8
    endloop
  endfacet
  facet normal -0.0456466 -0.998958 -0
    outer loop
      vertex 26.3354 16.5969 1.8
      vertex 26.2785 16.5995 0
      vertex 26.3354 16.5969 0
    endloop
  endfacet
  facet normal -0.711485 -0.702701 0
    outer loop
      vertex 27.2924 16.1481 0
      vertex 27.2524 16.1886 1.8
      vertex 27.2524 16.1886 0
    endloop
  endfacet
  facet normal -0.711485 -0.702701 0
    outer loop
      vertex 27.2524 16.1886 1.8
      vertex 27.2924 16.1481 0
      vertex 27.2924 16.1481 1.8
    endloop
  endfacet
  facet normal -0.377743 0.92591 0
    outer loop
      vertex 26.8129 13.8178 0
      vertex 26.7602 13.7963 1.8
      vertex 26.8129 13.8178 1.8
    endloop
  endfacet
  facet normal -0.377743 0.92591 0
    outer loop
      vertex 26.7602 13.7963 1.8
      vertex 26.8129 13.8178 0
      vertex 26.7602 13.7963 0
    endloop
  endfacet
  facet normal -0.149285 0.988794 0
    outer loop
      vertex 26.4861 13.7209 0
      vertex 26.4298 13.7124 1.8
      vertex 26.4861 13.7209 1.8
    endloop
  endfacet
  facet normal -0.149285 0.988794 0
    outer loop
      vertex 26.4298 13.7124 1.8
      vertex 26.4861 13.7209 0
      vertex 26.4298 13.7124 0
    endloop
  endfacet
  facet normal 0.921668 -0.387979 0
    outer loop
      vertex 24.8938 15.6873 1.8
      vertex 24.9159 15.7398 0
      vertex 24.9159 15.7398 1.8
    endloop
  endfacet
  facet normal 0.921668 -0.387979 0
    outer loop
      vertex 24.9159 15.7398 0
      vertex 24.8938 15.6873 1.8
      vertex 24.8938 15.6873 0
    endloop
  endfacet
  facet normal 0.964194 0.265197 0
    outer loop
      vertex 24.8503 14.7382 1.8
      vertex 24.8352 14.7931 0
      vertex 24.8352 14.7931 1.8
    endloop
  endfacet
  facet normal 0.964194 0.265197 0
    outer loop
      vertex 24.8352 14.7931 0
      vertex 24.8503 14.7382 1.8
      vertex 24.8503 14.7382 0
    endloop
  endfacet
  facet normal -0.921668 0.387979 0
    outer loop
      vertex 27.5652 14.5602 0
      vertex 27.5873 14.6127 1.8
      vertex 27.5873 14.6127 0
    endloop
  endfacet
  facet normal -0.921668 0.387979 0
    outer loop
      vertex 27.5873 14.6127 1.8
      vertex 27.5652 14.5602 0
      vertex 27.5652 14.5602 1.8
    endloop
  endfacet
  facet normal -0.999986 0.00526308 0
    outer loop
      vertex 27.6901 15.112 0
      vertex 27.6904 15.169 1.8
      vertex 27.6904 15.169 0
    endloop
  endfacet
  facet normal -0.999986 0.00526308 0
    outer loop
      vertex 27.6904 15.169 1.8
      vertex 27.6901 15.112 0
      vertex 27.6901 15.112 1.8
    endloop
  endfacet
  facet normal 0.701824 -0.712351 0
    outer loop
      vertex 25.2019 16.1618 0
      vertex 25.2425 16.2018 1.8
      vertex 25.2019 16.1618 1.8
    endloop
  endfacet
  facet normal 0.701824 -0.712351 0
    outer loop
      vertex 25.2425 16.2018 1.8
      vertex 25.2019 16.1618 0
      vertex 25.2425 16.2018 0
    endloop
  endfacet
  facet normal 0.338782 -0.940865 0
    outer loop
      vertex 25.7209 16.5037 0
      vertex 25.7745 16.523 1.8
      vertex 25.7209 16.5037 1.8
    endloop
  endfacet
  facet normal 0.338782 -0.940865 0
    outer loop
      vertex 25.7745 16.523 1.8
      vertex 25.7209 16.5037 0
      vertex 25.7745 16.523 0
    endloop
  endfacet
  facet normal 0.960725 -0.277504 0
    outer loop
      vertex 24.84 15.5253 1.8
      vertex 24.8558 15.58 0
      vertex 24.8558 15.58 1.8
    endloop
  endfacet
  facet normal 0.960725 -0.277504 0
    outer loop
      vertex 24.8558 15.58 0
      vertex 24.84 15.5253 1.8
      vertex 24.84 15.5253 0
    endloop
  endfacet
  facet normal -0.0721221 0.997396 0
    outer loop
      vertex 26.3732 13.7061 0
      vertex 26.3165 13.702 1.8
      vertex 26.3732 13.7061 1.8
    endloop
  endfacet
  facet normal -0.0721221 0.997396 0
    outer loop
      vertex 26.3165 13.702 1.8
      vertex 26.3732 13.7061 0
      vertex 26.3165 13.702 0
    endloop
  endfacet
  facet normal -0.781725 0.623623 0
    outer loop
      vertex 27.3554 14.2228 0
      vertex 27.3909 14.2673 1.8
      vertex 27.3909 14.2673 0
    endloop
  endfacet
  facet normal -0.781725 0.623623 0
    outer loop
      vertex 27.3909 14.2673 1.8
      vertex 27.3554 14.2228 0
      vertex 27.3554 14.2228 1.8
    endloop
  endfacet
  facet normal -0.460522 -0.887648 0
    outer loop
      vertex 26.8819 16.4505 0
      vertex 26.9324 16.4243 1.8
      vertex 26.8819 16.4505 1.8
    endloop
  endfacet
  facet normal -0.460522 -0.887648 -0
    outer loop
      vertex 26.9324 16.4243 1.8
      vertex 26.8819 16.4505 0
      vertex 26.9324 16.4243 0
    endloop
  endfacet
  facet normal 0.377743 -0.92591 0
    outer loop
      vertex 25.6682 16.4822 0
      vertex 25.7209 16.5037 1.8
      vertex 25.6682 16.4822 1.8
    endloop
  endfacet
  facet normal 0.377743 -0.92591 0
    outer loop
      vertex 25.7209 16.5037 1.8
      vertex 25.6682 16.4822 0
      vertex 25.7209 16.5037 0
    endloop
  endfacet
  facet normal -0.447916 0.894076 0
    outer loop
      vertex 26.9157 13.8668 0
      vertex 26.8648 13.8413 1.8
      vertex 26.9157 13.8668 1.8
    endloop
  endfacet
  facet normal -0.447916 0.894076 0
    outer loop
      vertex 26.8648 13.8413 1.8
      vertex 26.9157 13.8668 0
      vertex 26.8648 13.8413 0
    endloop
  endfacet
  facet normal 0.996448 -0.0842069 0
    outer loop
      vertex 24.7937 15.2448 1.8
      vertex 24.7985 15.3016 0
      vertex 24.7985 15.3016 1.8
    endloop
  endfacet
  facet normal 0.996448 -0.0842069 0
    outer loop
      vertex 24.7985 15.3016 0
      vertex 24.7937 15.2448 1.8
      vertex 24.7937 15.2448 0
    endloop
  endfacet
  facet normal 0.277504 0.960725 -0
    outer loop
      vertex 25.8653 13.7494 0
      vertex 25.8106 13.7652 1.8
      vertex 25.8653 13.7494 1.8
    endloop
  endfacet
  facet normal 0.277504 0.960725 0
    outer loop
      vertex 25.8106 13.7652 1.8
      vertex 25.8653 13.7494 0
      vertex 25.8106 13.7652 0
    endloop
  endfacet
  facet normal -0.48266 0.875808 0
    outer loop
      vertex 26.9656 13.8943 0
      vertex 26.9157 13.8668 1.8
      vertex 26.9656 13.8943 1.8
    endloop
  endfacet
  facet normal -0.48266 0.875808 0
    outer loop
      vertex 26.9157 13.8668 1.8
      vertex 26.9656 13.8943 0
      vertex 26.9157 13.8668 0
    endloop
  endfacet
  facet normal 0.389468 0.92104 -0
    outer loop
      vertex 25.7033 13.8032 0
      vertex 25.6508 13.8254 1.8
      vertex 25.7033 13.8032 1.8
    endloop
  endfacet
  facet normal 0.389468 0.92104 0
    outer loop
      vertex 25.6508 13.8254 1.8
      vertex 25.7033 13.8032 0
      vertex 25.6508 13.8254 0
    endloop
  endfacet
  facet normal -0.964194 -0.265197 0
    outer loop
      vertex 27.646 15.5069 0
      vertex 27.6309 15.5618 1.8
      vertex 27.6309 15.5618 0
    endloop
  endfacet
  facet normal -0.964194 -0.265197 0
    outer loop
      vertex 27.6309 15.5618 1.8
      vertex 27.646 15.5069 0
      vertex 27.646 15.5069 1.8
    endloop
  endfacet
  facet normal 0.582732 -0.812665 0
    outer loop
      vertex 25.373 16.3118 0
      vertex 25.4193 16.345 1.8
      vertex 25.373 16.3118 1.8
    endloop
  endfacet
  facet normal 0.582732 -0.812665 0
    outer loop
      vertex 25.4193 16.345 1.8
      vertex 25.373 16.3118 0
      vertex 25.4193 16.345 0
    endloop
  endfacet
  facet normal 0.351895 0.93604 -0
    outer loop
      vertex 25.7565 13.7832 0
      vertex 25.7033 13.8032 1.8
      vertex 25.7565 13.7832 1.8
    endloop
  endfacet
  facet normal 0.351895 0.93604 0
    outer loop
      vertex 25.7033 13.8032 1.8
      vertex 25.7565 13.7832 0
      vertex 25.7033 13.8032 0
    endloop
  endfacet
  facet normal 0.979416 -0.201851 0
    outer loop
      vertex 24.8148 15.4142 1.8
      vertex 24.8263 15.47 0
      vertex 24.8263 15.47 1.8
    endloop
  endfacet
  facet normal 0.979416 -0.201851 0
    outer loop
      vertex 24.8263 15.47 0
      vertex 24.8148 15.4142 1.8
      vertex 24.8148 15.4142 0
    endloop
  endfacet
  facet normal 0.516044 -0.856562 0
    outer loop
      vertex 25.4668 16.3763 0
      vertex 25.5156 16.4057 1.8
      vertex 25.4668 16.3763 1.8
    endloop
  endfacet
  facet normal 0.516044 -0.856562 0
    outer loop
      vertex 25.5156 16.4057 1.8
      vertex 25.4668 16.3763 0
      vertex 25.5156 16.4057 0
    endloop
  endfacet
  facet normal 0.0333733 -0.999443 0
    outer loop
      vertex 26.1647 16.598 0
      vertex 26.2216 16.5999 1.8
      vertex 26.1647 16.598 1.8
    endloop
  endfacet
  facet normal 0.0333733 -0.999443 0
    outer loop
      vertex 26.2216 16.5999 1.8
      vertex 26.1647 16.598 0
      vertex 26.2216 16.5999 0
    endloop
  endfacet
  facet normal -0.998954 0.0457268 0
    outer loop
      vertex 27.6875 15.0552 0
      vertex 27.6901 15.112 1.8
      vertex 27.6901 15.112 0
    endloop
  endfacet
  facet normal -0.998954 0.0457268 0
    outer loop
      vertex 27.6901 15.112 1.8
      vertex 27.6875 15.0552 0
      vertex 27.6875 15.0552 1.8
    endloop
  endfacet
  facet normal -0.583564 0.812067 0
    outer loop
      vertex 27.1081 13.9882 0
      vertex 27.0619 13.955 1.8
      vertex 27.1081 13.9882 1.8
    endloop
  endfacet
  facet normal -0.583564 0.812067 0
    outer loop
      vertex 27.0619 13.955 1.8
      vertex 27.1081 13.9882 0
      vertex 27.0619 13.955 0
    endloop
  endfacet
  facet normal 0.592659 0.805453 -0
    outer loop
      vertex 25.4037 13.9659 0
      vertex 25.3579 13.9996 1.8
      vertex 25.4037 13.9659 1.8
    endloop
  endfacet
  facet normal 0.592659 0.805453 0
    outer loop
      vertex 25.3579 13.9996 1.8
      vertex 25.4037 13.9659 0
      vertex 25.3579 13.9996 0
    endloop
  endfacet
  facet normal 0.835544 0.549423 0
    outer loop
      vertex 25.0456 14.3287 1.8
      vertex 25.0143 14.3763 0
      vertex 25.0143 14.3763 1.8
    endloop
  endfacet
  facet normal 0.835544 0.549423 0
    outer loop
      vertex 25.0143 14.3763 0
      vertex 25.0456 14.3287 1.8
      vertex 25.0456 14.3287 0
    endloop
  endfacet
  facet normal -0.92616 -0.37713 0
    outer loop
      vertex 27.5943 15.6696 0
      vertex 27.5728 15.7224 1.8
      vertex 27.5728 15.7224 0
    endloop
  endfacet
  facet normal -0.92616 -0.37713 0
    outer loop
      vertex 27.5728 15.7224 1.8
      vertex 27.5943 15.6696 0
      vertex 27.5943 15.6696 1.8
    endloop
  endfacet
  facet normal -0.0333148 0.999445 0
    outer loop
      vertex 26.3165 13.702 0
      vertex 26.2595 13.7001 1.8
      vertex 26.3165 13.702 1.8
    endloop
  endfacet
  facet normal -0.0333148 0.999445 0
    outer loop
      vertex 26.2595 13.7001 1.8
      vertex 26.3165 13.702 0
      vertex 26.2595 13.7001 0
    endloop
  endfacet
  facet normal 0.459805 0.88802 -0
    outer loop
      vertex 25.5993 13.8495 0
      vertex 25.5487 13.8757 1.8
      vertex 25.5993 13.8495 1.8
    endloop
  endfacet
  facet normal 0.459805 0.88802 0
    outer loop
      vertex 25.5487 13.8757 1.8
      vertex 25.5993 13.8495 0
      vertex 25.5487 13.8757 0
    endloop
  endfacet
  facet normal -0.888736 0.458419 0
    outer loop
      vertex 27.5149 14.4581 0
      vertex 27.541 14.5087 1.8
      vertex 27.541 14.5087 0
    endloop
  endfacet
  facet normal -0.888736 0.458419 0
    outer loop
      vertex 27.541 14.5087 1.8
      vertex 27.5149 14.4581 0
      vertex 27.5149 14.4581 1.8
    endloop
  endfacet
  facet normal -0.905058 0.425289 0
    outer loop
      vertex 27.541 14.5087 0
      vertex 27.5652 14.5602 1.8
      vertex 27.5652 14.5602 0
    endloop
  endfacet
  facet normal -0.905058 0.425289 0
    outer loop
      vertex 27.5652 14.5602 1.8
      vertex 27.541 14.5087 0
      vertex 27.541 14.5087 1.8
    endloop
  endfacet
  facet normal 0.910667 0.413141 0
    outer loop
      vertex 24.9318 14.5258 1.8
      vertex 24.9083 14.5776 0
      vertex 24.9083 14.5776 1.8
    endloop
  endfacet
  facet normal 0.910667 0.413141 0
    outer loop
      vertex 24.9083 14.5776 0
      vertex 24.9318 14.5258 1.8
      vertex 24.9318 14.5258 0
    endloop
  endfacet
  facet normal 0.973945 0.226785 0
    outer loop
      vertex 24.8352 14.7931 1.8
      vertex 24.8223 14.8485 0
      vertex 24.8223 14.8485 1.8
    endloop
  endfacet
  facet normal 0.973945 0.226785 0
    outer loop
      vertex 24.8223 14.8485 0
      vertex 24.8352 14.7931 1.8
      vertex 24.8352 14.7931 0
    endloop
  endfacet
  facet normal 0.88802 -0.459805 0
    outer loop
      vertex 24.9401 15.7913 1.8
      vertex 24.9663 15.8419 0
      vertex 24.9663 15.8419 1.8
    endloop
  endfacet
  facet normal 0.88802 -0.459805 0
    outer loop
      vertex 24.9663 15.8419 0
      vertex 24.9401 15.7913 1.8
      vertex 24.9401 15.7913 0
    endloop
  endfacet
  facet normal 0.0843544 0.996436 -0
    outer loop
      vertex 26.1457 13.7031 0
      vertex 26.089 13.7079 1.8
      vertex 26.1457 13.7031 1.8
    endloop
  endfacet
  facet normal 0.0843544 0.996436 0
    outer loop
      vertex 26.089 13.7079 1.8
      vertex 26.1457 13.7031 0
      vertex 26.089 13.7079 0
    endloop
  endfacet
  facet normal -0.910667 -0.413141 0
    outer loop
      vertex 27.5728 15.7224 0
      vertex 27.5493 15.7742 1.8
      vertex 27.5493 15.7742 0
    endloop
  endfacet
  facet normal -0.910667 -0.413141 0
    outer loop
      vertex 27.5493 15.7742 1.8
      vertex 27.5728 15.7224 0
      vertex 27.5728 15.7224 1.8
    endloop
  endfacet
  facet normal -0.110624 0.993862 0
    outer loop
      vertex 26.4298 13.7124 0
      vertex 26.3732 13.7061 1.8
      vertex 26.4298 13.7124 1.8
    endloop
  endfacet
  facet normal -0.110624 0.993862 0
    outer loop
      vertex 26.3732 13.7061 1.8
      vertex 26.4298 13.7124 0
      vertex 26.3732 13.7061 0
    endloop
  endfacet
  facet normal 0.561974 0.827155 -0
    outer loop
      vertex 25.4508 13.9339 0
      vertex 25.4037 13.9659 1.8
      vertex 25.4508 13.9339 1.8
    endloop
  endfacet
  facet normal 0.561974 0.827155 0
    outer loop
      vertex 25.4037 13.9659 1.8
      vertex 25.4508 13.9339 0
      vertex 25.4037 13.9659 0
    endloop
  endfacet
  facet normal 0.926772 0.375624 0
    outer loop
      vertex 24.9083 14.5776 1.8
      vertex 24.8869 14.6304 0
      vertex 24.8869 14.6304 1.8
    endloop
  endfacet
  facet normal 0.926772 0.375624 0
    outer loop
      vertex 24.8869 14.6304 0
      vertex 24.9083 14.5776 1.8
      vertex 24.9083 14.5776 0
    endloop
  endfacet
  facet normal -0.495004 -0.868891 0
    outer loop
      vertex 26.9324 16.4243 0
      vertex 26.9819 16.3961 1.8
      vertex 26.9324 16.4243 1.8
    endloop
  endfacet
  facet normal -0.495004 -0.868891 -0
    outer loop
      vertex 26.9819 16.3961 1.8
      vertex 26.9324 16.4243 0
      vertex 26.9819 16.3961 0
    endloop
  endfacet
  facet normal 0.526838 0.849966 -0
    outer loop
      vertex 25.4992 13.9039 0
      vertex 25.4508 13.9339 1.8
      vertex 25.4992 13.9039 1.8
    endloop
  endfacet
  facet normal 0.526838 0.849966 0
    outer loop
      vertex 25.4508 13.9339 1.8
      vertex 25.4992 13.9039 0
      vertex 25.4508 13.9339 0
    endloop
  endfacet
  facet normal 0.730413 -0.683006 0
    outer loop
      vertex 25.163 16.1202 1.8
      vertex 25.2019 16.1618 0
      vertex 25.2019 16.1618 1.8
    endloop
  endfacet
  facet normal 0.730413 -0.683006 0
    outer loop
      vertex 25.2019 16.1618 0
      vertex 25.163 16.1202 1.8
      vertex 25.163 16.1202 0
    endloop
  endfacet
  facet normal 0.202199 0.979345 -0
    outer loop
      vertex 25.9763 13.7243 0
      vertex 25.9206 13.7358 1.8
      vertex 25.9763 13.7243 1.8
    endloop
  endfacet
  facet normal 0.202199 0.979345 0
    outer loop
      vertex 25.9206 13.7358 1.8
      vertex 25.9763 13.7243 0
      vertex 25.9206 13.7358 0
    endloop
  endfacet
  facet normal 0.765048 0.643974 0
    outer loop
      vertex 25.1504 14.1939 1.8
      vertex 25.1137 14.2375 0
      vertex 25.1137 14.2375 1.8
    endloop
  endfacet
  facet normal 0.765048 0.643974 0
    outer loop
      vertex 25.1137 14.2375 0
      vertex 25.1504 14.1939 1.8
      vertex 25.1504 14.1939 0
    endloop
  endfacet
  facet normal -0.992412 0.122954 0
    outer loop
      vertex 27.6756 14.9419 0
      vertex 27.6826 14.9984 1.8
      vertex 27.6826 14.9984 0
    endloop
  endfacet
  facet normal -0.992412 0.122954 0
    outer loop
      vertex 27.6826 14.9984 1.8
      vertex 27.6756 14.9419 0
      vertex 27.6756 14.9419 1.8
    endloop
  endfacet
  facet normal -0.988534 -0.151002 0
    outer loop
      vertex 27.6782 15.3393 0
      vertex 27.6696 15.3956 1.8
      vertex 27.6696 15.3956 0
    endloop
  endfacet
  facet normal -0.988534 -0.151002 0
    outer loop
      vertex 27.6696 15.3956 1.8
      vertex 27.6782 15.3393 0
      vertex 27.6782 15.3393 1.8
    endloop
  endfacet
  facet normal -0.644839 0.764319 0
    outer loop
      vertex 27.1966 14.0598 0
      vertex 27.1531 14.0231 1.8
      vertex 27.1966 14.0598 1.8
    endloop
  endfacet
  facet normal -0.644839 0.764319 0
    outer loop
      vertex 27.1531 14.0231 1.8
      vertex 27.1966 14.0598 0
      vertex 27.1531 14.0231 0
    endloop
  endfacet
  facet normal 0.265197 -0.964194 0
    outer loop
      vertex 25.8287 16.5403 0
      vertex 25.8836 16.5554 1.8
      vertex 25.8287 16.5403 1.8
    endloop
  endfacet
  facet normal 0.265197 -0.964194 0
    outer loop
      vertex 25.8836 16.5554 1.8
      vertex 25.8287 16.5403 0
      vertex 25.8836 16.5554 0
    endloop
  endfacet
  facet normal -0.316228 -0.948683 0
    outer loop
      vertex 26.6706 16.5348 0
      vertex 26.7246 16.5168 1.8
      vertex 26.6706 16.5348 1.8
    endloop
  endfacet
  facet normal -0.316228 -0.948683 -0
    outer loop
      vertex 26.7246 16.5168 1.8
      vertex 26.6706 16.5348 0
      vertex 26.7246 16.5168 0
    endloop
  endfacet
  facet normal 0.238815 0.971065 -0
    outer loop
      vertex 25.9206 13.7358 0
      vertex 25.8653 13.7494 1.8
      vertex 25.9206 13.7358 1.8
    endloop
  endfacet
  facet normal 0.238815 0.971065 0
    outer loop
      vertex 25.8653 13.7494 1.8
      vertex 25.9206 13.7358 0
      vertex 25.8653 13.7494 0
    endloop
  endfacet
  facet normal -0.390099 -0.920773 0
    outer loop
      vertex 26.7779 16.4968 0
      vertex 26.8303 16.4746 1.8
      vertex 26.7779 16.4968 1.8
    endloop
  endfacet
  facet normal -0.390099 -0.920773 -0
    outer loop
      vertex 26.8303 16.4746 1.8
      vertex 26.7779 16.4968 0
      vertex 26.8303 16.4746 0
    endloop
  endfacet
  facet normal 0.935678 -0.352854 0
    outer loop
      vertex 24.8737 15.634 1.8
      vertex 24.8938 15.6873 0
      vertex 24.8938 15.6873 1.8
    endloop
  endfacet
  facet normal 0.935678 -0.352854 0
    outer loop
      vertex 24.8938 15.6873 0
      vertex 24.8737 15.634 1.8
      vertex 24.8737 15.634 0
    endloop
  endfacet
  facet normal -0.41248 0.910967 0
    outer loop
      vertex 26.8648 13.8413 0
      vertex 26.8129 13.8178 1.8
      vertex 26.8648 13.8413 1.8
    endloop
  endfacet
  facet normal -0.41248 0.910967 0
    outer loop
      vertex 26.8129 13.8178 1.8
      vertex 26.8648 13.8413 0
      vertex 26.8129 13.8178 0
    endloop
  endfacet
  facet normal 0.226397 -0.974035 0
    outer loop
      vertex 25.8836 16.5554 0
      vertex 25.9391 16.5683 1.8
      vertex 25.8836 16.5554 1.8
    endloop
  endfacet
  facet normal 0.226397 -0.974035 0
    outer loop
      vertex 25.9391 16.5683 1.8
      vertex 25.8836 16.5554 0
      vertex 25.9391 16.5683 0
    endloop
  endfacet
  facet normal 0.41248 -0.910967 0
    outer loop
      vertex 25.6163 16.4587 0
      vertex 25.6682 16.4822 1.8
      vertex 25.6163 16.4587 1.8
    endloop
  endfacet
  facet normal 0.41248 -0.910967 0
    outer loop
      vertex 25.6682 16.4822 1.8
      vertex 25.6163 16.4587 0
      vertex 25.6682 16.4822 0
    endloop
  endfacet
  facet normal 0.992197 -0.124683 0
    outer loop
      vertex 24.7985 15.3016 1.8
      vertex 24.8056 15.3581 0
      vertex 24.8056 15.3581 1.8
    endloop
  endfacet
  facet normal 0.992197 -0.124683 0
    outer loop
      vertex 24.8056 15.3581 0
      vertex 24.7985 15.3016 1.8
      vertex 24.7985 15.3016 0
    endloop
  endfacet
  facet normal -0.993862 -0.110624 0
    outer loop
      vertex 27.6845 15.2827 0
      vertex 27.6782 15.3393 1.8
      vertex 27.6782 15.3393 0
    endloop
  endfacet
  facet normal -0.993862 -0.110624 0
    outer loop
      vertex 27.6782 15.3393 1.8
      vertex 27.6845 15.2827 0
      vertex 27.6845 15.2827 1.8
    endloop
  endfacet
  facet normal 0.0719958 -0.997405 0
    outer loop
      vertex 26.1079 16.5939 0
      vertex 26.1647 16.598 1.8
      vertex 26.1079 16.5939 1.8
    endloop
  endfacet
  facet normal 0.0719958 -0.997405 0
    outer loop
      vertex 26.1647 16.598 1.8
      vertex 26.1079 16.5939 0
      vertex 26.1647 16.598 0
    endloop
  endfacet
  facet normal 0.653391 0.75702 -0
    outer loop
      vertex 25.3134 14.0352 0
      vertex 25.2703 14.0724 1.8
      vertex 25.3134 14.0352 1.8
    endloop
  endfacet
  facet normal 0.653391 0.75702 0
    outer loop
      vertex 25.2703 14.0724 1.8
      vertex 25.3134 14.0352 0
      vertex 25.2703 14.0724 0
    endloop
  endfacet
  facet normal 0.986818 -0.161831 0
    outer loop
      vertex 24.8056 15.3581 1.8
      vertex 24.8148 15.4142 0
      vertex 24.8148 15.4142 1.8
    endloop
  endfacet
  facet normal 0.986818 -0.161831 0
    outer loop
      vertex 24.8148 15.4142 0
      vertex 24.8056 15.3581 1.8
      vertex 24.8056 15.3581 0
    endloop
  endfacet
  facet normal 0.828523 -0.559955 0
    outer loop
      vertex 25.0245 15.9397 1.8
      vertex 25.0564 15.9869 0
      vertex 25.0564 15.9869 1.8
    endloop
  endfacet
  facet normal 0.828523 -0.559955 0
    outer loop
      vertex 25.0564 15.9869 0
      vertex 25.0245 15.9397 1.8
      vertex 25.0245 15.9397 0
    endloop
  endfacet
  facet normal 0.0070297 0.999975 -0
    outer loop
      vertex 26.2595 13.7001 0
      vertex 26.2026 13.7005 1.8
      vertex 26.2595 13.7001 1.8
    endloop
  endfacet
  facet normal 0.0070297 0.999975 0
    outer loop
      vertex 26.2026 13.7005 1.8
      vertex 26.2595 13.7001 0
      vertex 26.2026 13.7005 0
    endloop
  endfacet
  facet normal -0.95281 -0.303566 0
    outer loop
      vertex 27.6309 15.5618 0
      vertex 27.6136 15.6161 1.8
      vertex 27.6136 15.6161 0
    endloop
  endfacet
  facet normal -0.95281 -0.303566 0
    outer loop
      vertex 27.6136 15.6161 1.8
      vertex 27.6309 15.5618 0
      vertex 27.6309 15.5618 1.8
    endloop
  endfacet
  facet normal 0.848689 -0.528893 0
    outer loop
      vertex 24.9944 15.8914 1.8
      vertex 25.0245 15.9397 0
      vertex 25.0245 15.9397 1.8
    endloop
  endfacet
  facet normal 0.848689 -0.528893 0
    outer loop
      vertex 25.0245 15.9397 0
      vertex 24.9944 15.8914 1.8
      vertex 24.9944 15.8914 0
    endloop
  endfacet
  facet normal -0.935678 0.352854 0
    outer loop
      vertex 27.5873 14.6127 0
      vertex 27.6074 14.666 1.8
      vertex 27.6074 14.666 0
    endloop
  endfacet
  facet normal -0.935678 0.352854 0
    outer loop
      vertex 27.6074 14.666 1.8
      vertex 27.5873 14.6127 0
      vertex 27.5873 14.6127 1.8
    endloop
  endfacet
  facet normal 0.997405 0.0719958 0
    outer loop
      vertex 24.7967 15.0173 1.8
      vertex 24.7926 15.0741 0
      vertex 24.7926 15.0741 1.8
    endloop
  endfacet
  facet normal 0.997405 0.0719958 0
    outer loop
      vertex 24.7926 15.0741 0
      vertex 24.7967 15.0173 1.8
      vertex 24.7967 15.0173 0
    endloop
  endfacet
  facet normal -0.351316 -0.936257 0
    outer loop
      vertex 26.7246 16.5168 0
      vertex 26.7779 16.4968 1.8
      vertex 26.7246 16.5168 1.8
    endloop
  endfacet
  facet normal -0.351316 -0.936257 -0
    outer loop
      vertex 26.7779 16.4968 1.8
      vertex 26.7246 16.5168 0
      vertex 26.7779 16.4968 0
    endloop
  endfacet
  facet normal 0.315702 0.948859 -0
    outer loop
      vertex 25.8106 13.7652 0
      vertex 25.7565 13.7832 1.8
      vertex 25.8106 13.7652 1.8
    endloop
  endfacet
  facet normal 0.315702 0.948859 0
    outer loop
      vertex 25.7565 13.7832 1.8
      vertex 25.8106 13.7652 0
      vertex 25.7565 13.7832 0
    endloop
  endfacet
  facet normal -0.997405 -0.0719958 0
    outer loop
      vertex 27.6886 15.2259 0
      vertex 27.6845 15.2827 1.8
      vertex 27.6845 15.2827 0
    endloop
  endfacet
  facet normal -0.997405 -0.0719958 0
    outer loop
      vertex 27.6845 15.2827 1.8
      vertex 27.6886 15.2259 0
      vertex 27.6886 15.2259 1.8
    endloop
  endfacet
  facet normal 0.993862 0.110624 0
    outer loop
      vertex 24.803 14.9607 1.8
      vertex 24.7967 15.0173 0
      vertex 24.7967 15.0173 1.8
    endloop
  endfacet
  facet normal 0.993862 0.110624 0
    outer loop
      vertex 24.7967 15.0173 0
      vertex 24.803 14.9607 1.8
      vertex 24.803 14.9607 0
    endloop
  endfacet
  facet normal 0.0456466 0.998958 -0
    outer loop
      vertex 26.2026 13.7005 0
      vertex 26.1457 13.7031 1.8
      vertex 26.2026 13.7005 1.8
    endloop
  endfacet
  facet normal 0.0456466 0.998958 0
    outer loop
      vertex 26.1457 13.7031 1.8
      vertex 26.2026 13.7005 0
      vertex 26.1457 13.7031 0
    endloop
  endfacet
  facet normal 0.999975 -0.00701737 0
    outer loop
      vertex 24.7907 15.131 1.8
      vertex 24.7911 15.188 0
      vertex 24.7911 15.188 1.8
    endloop
  endfacet
  facet normal 0.999975 -0.00701737 0
    outer loop
      vertex 24.7911 15.188 0
      vertex 24.7907 15.131 1.8
      vertex 24.7907 15.131 0
    endloop
  endfacet
  facet normal 0.973945 -0.226785 0
    outer loop
      vertex -27.6589 15.4515 1.8
      vertex -27.646 15.5069 0
      vertex -27.646 15.5069 1.8
    endloop
  endfacet
  facet normal 0.973945 -0.226785 0
    outer loop
      vertex -27.646 15.5069 0
      vertex -27.6589 15.4515 1.8
      vertex -27.6589 15.4515 0
    endloop
  endfacet
  facet normal 0.894076 -0.447916 0
    outer loop
      vertex -27.5493 15.7742 1.8
      vertex -27.5238 15.8251 0
      vertex -27.5238 15.8251 1.8
    endloop
  endfacet
  facet normal 0.894076 -0.447916 0
    outer loop
      vertex -27.5238 15.8251 0
      vertex -27.5493 15.7742 1.8
      vertex -27.5493 15.7742 0
    endloop
  endfacet
  facet normal 0.875808 -0.48266 0
    outer loop
      vertex -27.5238 15.8251 1.8
      vertex -27.4963 15.875 0
      vertex -27.4963 15.875 1.8
    endloop
  endfacet
  facet normal 0.875808 -0.48266 0
    outer loop
      vertex -27.4963 15.875 0
      vertex -27.5238 15.8251 1.8
      vertex -27.5238 15.8251 0
    endloop
  endfacet
  facet normal 0.910667 -0.413141 0
    outer loop
      vertex -27.5728 15.7224 1.8
      vertex -27.5493 15.7742 0
      vertex -27.5493 15.7742 1.8
    endloop
  endfacet
  facet normal 0.910667 -0.413141 0
    outer loop
      vertex -27.5493 15.7742 0
      vertex -27.5728 15.7224 1.8
      vertex -27.5728 15.7224 0
    endloop
  endfacet
  facet normal 0.0456466 -0.998958 0
    outer loop
      vertex -26.3354 16.5969 0
      vertex -26.2785 16.5995 1.8
      vertex -26.3354 16.5969 1.8
    endloop
  endfacet
  facet normal 0.0456466 -0.998958 0
    outer loop
      vertex -26.2785 16.5995 1.8
      vertex -26.3354 16.5969 0
      vertex -26.2785 16.5995 0
    endloop
  endfacet
  facet normal 0.339342 0.940663 -0
    outer loop
      vertex -26.7067 13.777 0
      vertex -26.7602 13.7963 1.8
      vertex -26.7067 13.777 1.8
    endloop
  endfacet
  facet normal 0.339342 0.940663 0
    outer loop
      vertex -26.7602 13.7963 1.8
      vertex -26.7067 13.777 0
      vertex -26.7602 13.7963 0
    endloop
  endfacet
  facet normal -0.804614 -0.593798 0
    outer loop
      vertex -25.0564 15.9869 0
      vertex -25.0902 16.0327 1.8
      vertex -25.0902 16.0327 0
    endloop
  endfacet
  facet normal -0.804614 -0.593798 0
    outer loop
      vertex -25.0902 16.0327 1.8
      vertex -25.0564 15.9869 0
      vertex -25.0564 15.9869 1.8
    endloop
  endfacet
  facet normal 0.92616 -0.37713 0
    outer loop
      vertex -27.5943 15.6696 1.8
      vertex -27.5728 15.7224 0
      vertex -27.5728 15.7224 1.8
    endloop
  endfacet
  facet normal 0.92616 -0.37713 0
    outer loop
      vertex -27.5728 15.7224 0
      vertex -27.5943 15.6696 1.8
      vertex -27.5943 15.6696 0
    endloop
  endfacet
  facet normal 0.351316 -0.936257 0
    outer loop
      vertex -26.7779 16.4968 0
      vertex -26.7246 16.5168 1.8
      vertex -26.7779 16.4968 1.8
    endloop
  endfacet
  facet normal 0.351316 -0.936257 0
    outer loop
      vertex -26.7246 16.5168 1.8
      vertex -26.7779 16.4968 0
      vertex -26.7246 16.5168 0
    endloop
  endfacet
  facet normal -0.315702 0.948859 0
    outer loop
      vertex -25.7565 13.7832 0
      vertex -25.8106 13.7652 1.8
      vertex -25.7565 13.7832 1.8
    endloop
  endfacet
  facet normal -0.315702 0.948859 0
    outer loop
      vertex -25.8106 13.7652 1.8
      vertex -25.7565 13.7832 0
      vertex -25.8106 13.7652 0
    endloop
  endfacet
  facet normal -0.828523 -0.559955 0
    outer loop
      vertex -25.0245 15.9397 0
      vertex -25.0564 15.9869 1.8
      vertex -25.0564 15.9869 0
    endloop
  endfacet
  facet normal -0.828523 -0.559955 0
    outer loop
      vertex -25.0564 15.9869 1.8
      vertex -25.0245 15.9397 0
      vertex -25.0245 15.9397 1.8
    endloop
  endfacet
  facet normal 0.964194 -0.265197 0
    outer loop
      vertex -27.646 15.5069 1.8
      vertex -27.6309 15.5618 0
      vertex -27.6309 15.5618 1.8
    endloop
  endfacet
  facet normal 0.964194 -0.265197 0
    outer loop
      vertex -27.6309 15.5618 0
      vertex -27.646 15.5069 1.8
      vertex -27.646 15.5069 0
    endloop
  endfacet
  facet normal 0.265197 0.964194 -0
    outer loop
      vertex -26.5975 13.7446 0
      vertex -26.6524 13.7597 1.8
      vertex -26.5975 13.7446 1.8
    endloop
  endfacet
  facet normal 0.265197 0.964194 0
    outer loop
      vertex -26.6524 13.7597 1.8
      vertex -26.5975 13.7446 0
      vertex -26.6524 13.7597 0
    endloop
  endfacet
  facet normal 0.999986 0.00526308 0
    outer loop
      vertex -27.6901 15.112 1.8
      vertex -27.6904 15.169 0
      vertex -27.6904 15.169 1.8
    endloop
  endfacet
  facet normal 0.999986 0.00526308 0
    outer loop
      vertex -27.6904 15.169 0
      vertex -27.6901 15.112 1.8
      vertex -27.6901 15.112 0
    endloop
  endfacet
  facet normal -0.835544 0.549423 0
    outer loop
      vertex -25.0456 14.3287 0
      vertex -25.0143 14.3763 1.8
      vertex -25.0143 14.3763 0
    endloop
  endfacet
  facet normal -0.835544 0.549423 0
    outer loop
      vertex -25.0143 14.3763 1.8
      vertex -25.0456 14.3287 0
      vertex -25.0456 14.3287 1.8
    endloop
  endfacet
  facet normal 0.949209 0.314645 0
    outer loop
      vertex -27.6074 14.666 1.8
      vertex -27.6253 14.72 0
      vertex -27.6253 14.72 1.8
    endloop
  endfacet
  facet normal 0.949209 0.314645 0
    outer loop
      vertex -27.6253 14.72 0
      vertex -27.6074 14.666 1.8
      vertex -27.6074 14.666 0
    endloop
  endfacet
  facet normal 0.9995 -0.0316186 0
    outer loop
      vertex -27.6904 15.169 1.8
      vertex -27.6886 15.2259 0
      vertex -27.6886 15.2259 1.8
    endloop
  endfacet
  facet normal 0.9995 -0.0316186 0
    outer loop
      vertex -27.6886 15.2259 0
      vertex -27.6904 15.169 1.8
      vertex -27.6904 15.169 0
    endloop
  endfacet
  facet normal 0.935678 0.352854 0
    outer loop
      vertex -27.5873 14.6127 1.8
      vertex -27.6074 14.666 0
      vertex -27.6074 14.666 1.8
    endloop
  endfacet
  facet normal 0.935678 0.352854 0
    outer loop
      vertex -27.6074 14.666 0
      vertex -27.5873 14.6127 1.8
      vertex -27.5873 14.6127 0
    endloop
  endfacet
  facet normal 0.390099 -0.920773 0
    outer loop
      vertex -26.8303 16.4746 0
      vertex -26.7779 16.4968 1.8
      vertex -26.8303 16.4746 1.8
    endloop
  endfacet
  facet normal 0.390099 -0.920773 0
    outer loop
      vertex -26.7779 16.4968 1.8
      vertex -26.8303 16.4746 0
      vertex -26.7779 16.4968 0
    endloop
  endfacet
  facet normal -0.592659 0.805453 0
    outer loop
      vertex -25.3579 13.9996 0
      vertex -25.4037 13.9659 1.8
      vertex -25.3579 13.9996 1.8
    endloop
  endfacet
  facet normal -0.592659 0.805453 0
    outer loop
      vertex -25.4037 13.9659 1.8
      vertex -25.3579 13.9996 0
      vertex -25.4037 13.9659 0
    endloop
  endfacet
  facet normal -0.973945 0.226785 0
    outer loop
      vertex -24.8352 14.7931 0
      vertex -24.8223 14.8485 1.8
      vertex -24.8223 14.8485 0
    endloop
  endfacet
  facet normal -0.973945 0.226785 0
    outer loop
      vertex -24.8223 14.8485 1.8
      vertex -24.8352 14.7931 0
      vertex -24.8352 14.7931 1.8
    endloop
  endfacet
  facet normal 0.828523 0.559955 0
    outer loop
      vertex -27.4247 14.3131 1.8
      vertex -27.4566 14.3603 0
      vertex -27.4566 14.3603 1.8
    endloop
  endfacet
  facet normal 0.828523 0.559955 0
    outer loop
      vertex -27.4566 14.3603 0
      vertex -27.4247 14.3131 1.8
      vertex -27.4247 14.3131 0
    endloop
  endfacet
  facet normal 0.495004 -0.868891 0
    outer loop
      vertex -26.9819 16.3961 0
      vertex -26.9324 16.4243 1.8
      vertex -26.9819 16.3961 1.8
    endloop
  endfacet
  facet normal 0.495004 -0.868891 0
    outer loop
      vertex -26.9324 16.4243 1.8
      vertex -26.9819 16.3961 0
      vertex -26.9324 16.4243 0
    endloop
  endfacet
  facet normal -0.41248 -0.910967 0
    outer loop
      vertex -25.6682 16.4822 0
      vertex -25.6163 16.4587 1.8
      vertex -25.6682 16.4822 1.8
    endloop
  endfacet
  facet normal -0.41248 -0.910967 -0
    outer loop
      vertex -25.6163 16.4587 1.8
      vertex -25.6682 16.4822 0
      vertex -25.6163 16.4587 0
    endloop
  endfacet
  facet normal -0.189694 -0.981843 0
    outer loop
      vertex -25.995 16.5791 0
      vertex -25.9391 16.5683 1.8
      vertex -25.995 16.5791 1.8
    endloop
  endfacet
  facet normal -0.189694 -0.981843 -0
    outer loop
      vertex -25.9391 16.5683 1.8
      vertex -25.995 16.5791 0
      vertex -25.9391 16.5683 0
    endloop
  endfacet
  facet normal 0.644839 0.764319 -0
    outer loop
      vertex -27.1531 14.0231 0
      vertex -27.1966 14.0598 1.8
      vertex -27.1531 14.0231 1.8
    endloop
  endfacet
  facet normal 0.644839 0.764319 0
    outer loop
      vertex -27.1966 14.0598 1.8
      vertex -27.1531 14.0231 0
      vertex -27.1966 14.0598 0
    endloop
  endfacet
  facet normal 0.993862 -0.110624 0
    outer loop
      vertex -27.6845 15.2827 1.8
      vertex -27.6782 15.3393 0
      vertex -27.6782 15.3393 1.8
    endloop
  endfacet
  facet normal 0.993862 -0.110624 0
    outer loop
      vertex -27.6782 15.3393 0
      vertex -27.6845 15.2827 1.8
      vertex -27.6845 15.2827 0
    endloop
  endfacet
  facet normal 0.812665 -0.582732 0
    outer loop
      vertex -27.4356 15.9713 1.8
      vertex -27.4024 16.0176 0
      vertex -27.4024 16.0176 1.8
    endloop
  endfacet
  facet normal 0.812665 -0.582732 0
    outer loop
      vertex -27.4024 16.0176 0
      vertex -27.4356 15.9713 1.8
      vertex -27.4356 15.9713 0
    endloop
  endfacet
  facet normal -0.110624 -0.993862 0
    outer loop
      vertex -26.1079 16.5939 0
      vertex -26.0513 16.5876 1.8
      vertex -26.1079 16.5939 1.8
    endloop
  endfacet
  facet normal -0.110624 -0.993862 -0
    outer loop
      vertex -26.0513 16.5876 1.8
      vertex -26.1079 16.5939 0
      vertex -26.0513 16.5876 0
    endloop
  endfacet
  facet normal -0.124683 0.992197 0
    outer loop
      vertex -26.0325 13.715 0
      vertex -26.089 13.7079 1.8
      vertex -26.0325 13.715 1.8
    endloop
  endfacet
  facet normal -0.124683 0.992197 0
    outer loop
      vertex -26.089 13.7079 1.8
      vertex -26.0325 13.715 0
      vertex -26.089 13.7079 0
    endloop
  endfacet
  facet normal -0.684817 0.728715 0
    outer loop
      vertex -25.2288 14.1114 0
      vertex -25.2703 14.0724 1.8
      vertex -25.2288 14.1114 1.8
    endloop
  endfacet
  facet normal -0.684817 0.728715 0
    outer loop
      vertex -25.2703 14.0724 1.8
      vertex -25.2288 14.1114 0
      vertex -25.2703 14.0724 0
    endloop
  endfacet
  facet normal 0.9963 0.0859484 0
    outer loop
      vertex -27.6826 14.9984 1.8
      vertex -27.6875 15.0552 0
      vertex -27.6875 15.0552 1.8
    endloop
  endfacet
  facet normal 0.9963 0.0859484 0
    outer loop
      vertex -27.6875 15.0552 0
      vertex -27.6826 14.9984 1.8
      vertex -27.6826 14.9984 0
    endloop
  endfacet
  facet normal -0.674769 -0.738029 0
    outer loop
      vertex -25.2845 16.2402 0
      vertex -25.2425 16.2018 1.8
      vertex -25.2845 16.2402 1.8
    endloop
  endfacet
  facet normal -0.674769 -0.738029 -0
    outer loop
      vertex -25.2425 16.2018 1.8
      vertex -25.2845 16.2402 0
      vertex -25.2425 16.2018 0
    endloop
  endfacet
  facet normal 0.998954 0.0457268 0
    outer loop
      vertex -27.6875 15.0552 1.8
      vertex -27.6901 15.112 0
      vertex -27.6901 15.112 1.8
    endloop
  endfacet
  facet normal 0.998954 0.0457268 0
    outer loop
      vertex -27.6901 15.112 0
      vertex -27.6875 15.0552 1.8
      vertex -27.6875 15.0552 0
    endloop
  endfacet
  facet normal -0.0070297 0.999975 0
    outer loop
      vertex -26.2026 13.7005 0
      vertex -26.2595 13.7001 1.8
      vertex -26.2026 13.7005 1.8
    endloop
  endfacet
  facet normal -0.0070297 0.999975 0
    outer loop
      vertex -26.2595 13.7001 1.8
      vertex -26.2026 13.7005 0
      vertex -26.2595 13.7001 0
    endloop
  endfacet
  facet normal 0.0843544 -0.996436 0
    outer loop
      vertex -26.3921 16.5921 0
      vertex -26.3354 16.5969 1.8
      vertex -26.3921 16.5921 1.8
    endloop
  endfacet
  facet normal 0.0843544 -0.996436 0
    outer loop
      vertex -26.3354 16.5969 1.8
      vertex -26.3921 16.5921 0
      vertex -26.3354 16.5969 0
    endloop
  endfacet
  facet normal 0.765048 -0.643974 0
    outer loop
      vertex -27.3674 16.0625 1.8
      vertex -27.3307 16.1061 0
      vertex -27.3307 16.1061 1.8
    endloop
  endfacet
  facet normal 0.765048 -0.643974 0
    outer loop
      vertex -27.3307 16.1061 0
      vertex -27.3674 16.0625 1.8
      vertex -27.3674 16.0625 0
    endloop
  endfacet
  facet normal 0.549423 0.835544 -0
    outer loop
      vertex -27.0143 13.9237 0
      vertex -27.0619 13.955 1.8
      vertex -27.0143 13.9237 1.8
    endloop
  endfacet
  facet normal 0.549423 0.835544 0
    outer loop
      vertex -27.0619 13.955 1.8
      vertex -27.0143 13.9237 0
      vertex -27.0619 13.955 0
    endloop
  endfacet
  facet normal -0.894076 0.447916 0
    outer loop
      vertex -24.9573 14.4749 0
      vertex -24.9318 14.5258 1.8
      vertex -24.9318 14.5258 0
    endloop
  endfacet
  facet normal -0.894076 0.447916 0
    outer loop
      vertex -24.9318 14.5258 1.8
      vertex -24.9573 14.4749 0
      vertex -24.9573 14.4749 1.8
    endloop
  endfacet
  facet normal 0.612846 0.790202 -0
    outer loop
      vertex -27.1081 13.9882 0
      vertex -27.1531 14.0231 1.8
      vertex -27.1081 13.9882 1.8
    endloop
  endfacet
  facet normal 0.612846 0.790202 0
    outer loop
      vertex -27.1531 14.0231 1.8
      vertex -27.1081 13.9882 0
      vertex -27.1531 14.0231 0
    endloop
  endfacet
  facet normal -0.999975 -0.00701737 0
    outer loop
      vertex -24.7907 15.131 0
      vertex -24.7911 15.188 1.8
      vertex -24.7911 15.188 0
    endloop
  endfacet
  facet normal -0.999975 -0.00701737 0
    outer loop
      vertex -24.7911 15.188 1.8
      vertex -24.7907 15.131 0
      vertex -24.7907 15.131 1.8
    endloop
  endfacet
  facet normal 0.835544 -0.549423 0
    outer loop
      vertex -27.4669 15.9237 1.8
      vertex -27.4356 15.9713 0
      vertex -27.4356 15.9713 1.8
    endloop
  endfacet
  facet normal 0.835544 -0.549423 0
    outer loop
      vertex -27.4356 15.9713 0
      vertex -27.4669 15.9237 1.8
      vertex -27.4669 15.9237 0
    endloop
  endfacet
  facet normal -0.812665 0.582732 0
    outer loop
      vertex -25.0788 14.2824 0
      vertex -25.0456 14.3287 1.8
      vertex -25.0456 14.3287 0
    endloop
  endfacet
  facet normal -0.812665 0.582732 0
    outer loop
      vertex -25.0456 14.3287 1.8
      vertex -25.0788 14.2824 0
      vertex -25.0788 14.2824 1.8
    endloop
  endfacet
  facet normal 0.905058 0.425289 0
    outer loop
      vertex -27.541 14.5087 1.8
      vertex -27.5652 14.5602 0
      vertex -27.5652 14.5602 1.8
    endloop
  endfacet
  facet normal 0.905058 0.425289 0
    outer loop
      vertex -27.5652 14.5602 0
      vertex -27.541 14.5087 1.8
      vertex -27.541 14.5087 0
    endloop
  endfacet
  facet normal -0.495004 0.868891 0
    outer loop
      vertex -25.4992 13.9039 0
      vertex -25.5487 13.8757 1.8
      vertex -25.4992 13.9039 1.8
    endloop
  endfacet
  facet normal -0.495004 0.868891 0
    outer loop
      vertex -25.5487 13.8757 1.8
      vertex -25.4992 13.9039 0
      vertex -25.5487 13.8757 0
    endloop
  endfacet
  facet normal 0.238815 -0.971065 0
    outer loop
      vertex -26.6159 16.5506 0
      vertex -26.5606 16.5642 1.8
      vertex -26.6159 16.5506 1.8
    endloop
  endfacet
  facet normal 0.238815 -0.971065 0
    outer loop
      vertex -26.5606 16.5642 1.8
      vertex -26.6159 16.5506 0
      vertex -26.5606 16.5642 0
    endloop
  endfacet
  facet normal 0.654261 -0.756269 0
    outer loop
      vertex -27.2108 16.2276 0
      vertex -27.1678 16.2648 1.8
      vertex -27.2108 16.2276 1.8
    endloop
  endfacet
  facet normal 0.654261 -0.756269 0
    outer loop
      vertex -27.1678 16.2648 1.8
      vertex -27.2108 16.2276 0
      vertex -27.1678 16.2648 0
    endloop
  endfacet
  facet normal -0.875808 0.48266 0
    outer loop
      vertex -24.9848 14.425 0
      vertex -24.9573 14.4749 1.8
      vertex -24.9573 14.4749 0
    endloop
  endfacet
  facet normal -0.875808 0.48266 0
    outer loop
      vertex -24.9573 14.4749 1.8
      vertex -24.9848 14.425 0
      vertex -24.9848 14.425 1.8
    endloop
  endfacet
  facet normal 0.583564 0.812067 -0
    outer loop
      vertex -27.0619 13.955 0
      vertex -27.1081 13.9882 1.8
      vertex -27.0619 13.955 1.8
    endloop
  endfacet
  facet normal 0.583564 0.812067 0
    outer loop
      vertex -27.1081 13.9882 1.8
      vertex -27.0619 13.955 0
      vertex -27.1081 13.9882 0
    endloop
  endfacet
  facet normal 0.988534 -0.151002 0
    outer loop
      vertex -27.6782 15.3393 1.8
      vertex -27.6696 15.3956 0
      vertex -27.6696 15.3956 1.8
    endloop
  endfacet
  facet normal 0.988534 -0.151002 0
    outer loop
      vertex -27.6696 15.3956 0
      vertex -27.6782 15.3393 1.8
      vertex -27.6782 15.3393 0
    endloop
  endfacet
  facet normal 0.59182 -0.80607 0
    outer loop
      vertex -27.1233 16.3004 0
      vertex -27.0774 16.3341 1.8
      vertex -27.1233 16.3004 1.8
    endloop
  endfacet
  facet normal 0.59182 -0.80607 0
    outer loop
      vertex -27.0774 16.3341 1.8
      vertex -27.1233 16.3004 0
      vertex -27.0774 16.3341 0
    endloop
  endfacet
  facet normal -0.516044 -0.856562 0
    outer loop
      vertex -25.5156 16.4057 0
      vertex -25.4668 16.3763 1.8
      vertex -25.5156 16.4057 1.8
    endloop
  endfacet
  facet normal -0.516044 -0.856562 -0
    outer loop
      vertex -25.4668 16.3763 1.8
      vertex -25.5156 16.4057 0
      vertex -25.4668 16.3763 0
    endloop
  endfacet
  facet normal 0.702701 0.711485 -0
    outer loop
      vertex -27.2387 14.0982 0
      vertex -27.2792 14.1382 1.8
      vertex -27.2387 14.0982 1.8
    endloop
  endfacet
  facet normal 0.702701 0.711485 0
    outer loop
      vertex -27.2792 14.1382 1.8
      vertex -27.2387 14.0982 0
      vertex -27.2792 14.1382 0
    endloop
  endfacet
  facet normal 0.303566 0.95281 -0
    outer loop
      vertex -26.6524 13.7597 0
      vertex -26.7067 13.777 1.8
      vertex -26.6524 13.7597 1.8
    endloop
  endfacet
  facet normal 0.303566 0.95281 0
    outer loop
      vertex -26.7067 13.777 1.8
      vertex -26.6524 13.7597 0
      vertex -26.7067 13.777 0
    endloop
  endfacet
  facet normal -0.423848 0.905733 0
    outer loop
      vertex -25.5993 13.8495 0
      vertex -25.6508 13.8254 1.8
      vertex -25.5993 13.8495 1.8
    endloop
  endfacet
  facet normal -0.423848 0.905733 0
    outer loop
      vertex -25.6508 13.8254 1.8
      vertex -25.5993 13.8495 0
      vertex -25.6508 13.8254 0
    endloop
  endfacet
  facet normal -0.855316 0.518107 0
    outer loop
      vertex -25.0143 14.3763 0
      vertex -24.9848 14.425 1.8
      vertex -24.9848 14.425 0
    endloop
  endfacet
  facet normal -0.855316 0.518107 0
    outer loop
      vertex -24.9848 14.425 1.8
      vertex -25.0143 14.3763 0
      vertex -25.0143 14.3763 1.8
    endloop
  endfacet
  facet normal 0.979416 0.201851 0
    outer loop
      vertex -27.6548 14.83 1.8
      vertex -27.6663 14.8858 0
      vertex -27.6663 14.8858 1.8
    endloop
  endfacet
  facet normal 0.979416 0.201851 0
    outer loop
      vertex -27.6663 14.8858 0
      vertex -27.6548 14.83 1.8
      vertex -27.6548 14.83 0
    endloop
  endfacet
  facet normal 0.277504 -0.960725 0
    outer loop
      vertex -26.6706 16.5348 0
      vertex -26.6159 16.5506 1.8
      vertex -26.6706 16.5348 1.8
    endloop
  endfacet
  facet normal 0.277504 -0.960725 0
    outer loop
      vertex -26.6159 16.5506 1.8
      vertex -26.6706 16.5348 0
      vertex -26.6159 16.5506 0
    endloop
  endfacet
  facet normal 0.51682 0.856094 -0
    outer loop
      vertex -26.9656 13.8943 0
      vertex -27.0143 13.9237 1.8
      vertex -26.9656 13.8943 1.8
    endloop
  endfacet
  facet normal 0.51682 0.856094 0
    outer loop
      vertex -27.0143 13.9237 1.8
      vertex -26.9656 13.8943 0
      vertex -27.0143 13.9237 0
    endloop
  endfacet
  facet normal 0.0333148 0.999445 -0
    outer loop
      vertex -26.2595 13.7001 0
      vertex -26.3165 13.702 1.8
      vertex -26.2595 13.7001 1.8
    endloop
  endfacet
  facet normal 0.0333148 0.999445 0
    outer loop
      vertex -26.3165 13.702 1.8
      vertex -26.2595 13.7001 0
      vertex -26.3165 13.702 0
    endloop
  endfacet
  facet normal 0.149285 0.988794 -0
    outer loop
      vertex -26.4298 13.7124 0
      vertex -26.4861 13.7209 1.8
      vertex -26.4298 13.7124 1.8
    endloop
  endfacet
  facet normal 0.149285 0.988794 0
    outer loop
      vertex -26.4861 13.7209 1.8
      vertex -26.4298 13.7124 0
      vertex -26.4861 13.7209 0
    endloop
  endfacet
  facet normal -0.389468 0.92104 0
    outer loop
      vertex -25.6508 13.8254 0
      vertex -25.7033 13.8032 1.8
      vertex -25.6508 13.8254 1.8
    endloop
  endfacet
  facet normal -0.389468 0.92104 0
    outer loop
      vertex -25.7033 13.8032 1.8
      vertex -25.6508 13.8254 0
      vertex -25.7033 13.8032 0
    endloop
  endfacet
  facet normal 0.997405 -0.0719958 0
    outer loop
      vertex -27.6886 15.2259 1.8
      vertex -27.6845 15.2827 0
      vertex -27.6845 15.2827 1.8
    endloop
  endfacet
  facet normal 0.997405 -0.0719958 0
    outer loop
      vertex -27.6845 15.2827 0
      vertex -27.6886 15.2259 1.8
      vertex -27.6886 15.2259 0
    endloop
  endfacet
  facet normal -0.765048 0.643974 0
    outer loop
      vertex -25.1504 14.1939 0
      vertex -25.1137 14.2375 1.8
      vertex -25.1137 14.2375 0
    endloop
  endfacet
  facet normal -0.765048 0.643974 0
    outer loop
      vertex -25.1137 14.2375 1.8
      vertex -25.1504 14.1939 0
      vertex -25.1504 14.1939 1.8
    endloop
  endfacet
  facet normal 0.189694 0.981843 -0
    outer loop
      vertex -26.4861 13.7209 0
      vertex -26.542 13.7317 1.8
      vertex -26.4861 13.7209 1.8
    endloop
  endfacet
  facet normal 0.189694 0.981843 0
    outer loop
      vertex -26.542 13.7317 1.8
      vertex -26.4861 13.7209 0
      vertex -26.542 13.7317 0
    endloop
  endfacet
  facet normal -0.986818 -0.161831 0
    outer loop
      vertex -24.8056 15.3581 0
      vertex -24.8148 15.4142 1.8
      vertex -24.8148 15.4142 0
    endloop
  endfacet
  facet normal -0.986818 -0.161831 0
    outer loop
      vertex -24.8148 15.4142 1.8
      vertex -24.8056 15.3581 0
      vertex -24.8056 15.3581 1.8
    endloop
  endfacet
  facet normal -0.447916 -0.894076 0
    outer loop
      vertex -25.6163 16.4587 0
      vertex -25.5654 16.4332 1.8
      vertex -25.6163 16.4587 1.8
    endloop
  endfacet
  facet normal -0.447916 -0.894076 -0
    outer loop
      vertex -25.5654 16.4332 1.8
      vertex -25.6163 16.4587 0
      vertex -25.5654 16.4332 0
    endloop
  endfacet
  facet normal 0.804614 0.593798 0
    outer loop
      vertex -27.3909 14.2673 1.8
      vertex -27.4247 14.3131 0
      vertex -27.4247 14.3131 1.8
    endloop
  endfacet
  facet normal 0.804614 0.593798 0
    outer loop
      vertex -27.4247 14.3131 0
      vertex -27.3909 14.2673 1.8
      vertex -27.3909 14.2673 0
    endloop
  endfacet
  facet normal -0.483403 -0.875398 0
    outer loop
      vertex -25.5654 16.4332 0
      vertex -25.5156 16.4057 1.8
      vertex -25.5654 16.4332 1.8
    endloop
  endfacet
  facet normal -0.483403 -0.875398 -0
    outer loop
      vertex -25.5156 16.4057 1.8
      vertex -25.5654 16.4332 0
      vertex -25.5156 16.4057 0
    endloop
  endfacet
  facet normal -0.981843 0.189694 0
    outer loop
      vertex -24.8223 14.8485 0
      vertex -24.8115 14.9044 1.8
      vertex -24.8115 14.9044 0
    endloop
  endfacet
  facet normal -0.981843 0.189694 0
    outer loop
      vertex -24.8115 14.9044 1.8
      vertex -24.8223 14.8485 0
      vertex -24.8223 14.8485 1.8
    endloop
  endfacet
  facet normal -0.0843544 0.996436 0
    outer loop
      vertex -26.089 13.7079 0
      vertex -26.1457 13.7031 1.8
      vertex -26.089 13.7079 1.8
    endloop
  endfacet
  facet normal -0.0843544 0.996436 0
    outer loop
      vertex -26.1457 13.7031 1.8
      vertex -26.089 13.7079 0
      vertex -26.1457 13.7031 0
    endloop
  endfacet
  facet normal 0.78869 -0.614792 0
    outer loop
      vertex -27.4024 16.0176 1.8
      vertex -27.3674 16.0625 0
      vertex -27.3674 16.0625 1.8
    endloop
  endfacet
  facet normal 0.78869 -0.614792 0
    outer loop
      vertex -27.3674 16.0625 0
      vertex -27.4024 16.0176 1.8
      vertex -27.4024 16.0176 0
    endloop
  endfacet
  facet normal 0.856094 -0.51682 0
    outer loop
      vertex -27.4963 15.875 1.8
      vertex -27.4669 15.9237 0
      vertex -27.4669 15.9237 1.8
    endloop
  endfacet
  facet normal 0.856094 -0.51682 0
    outer loop
      vertex -27.4669 15.9237 0
      vertex -27.4963 15.875 1.8
      vertex -27.4963 15.875 0
    endloop
  endfacet
  facet normal 0.940663 -0.339342 0
    outer loop
      vertex -27.6136 15.6161 1.8
      vertex -27.5943 15.6696 0
      vertex -27.5943 15.6696 1.8
    endloop
  endfacet
  facet normal 0.940663 -0.339342 0
    outer loop
      vertex -27.5943 15.6696 0
      vertex -27.6136 15.6161 1.8
      vertex -27.6136 15.6161 0
    endloop
  endfacet
  facet normal 0.95281 -0.303566 0
    outer loop
      vertex -27.6309 15.5618 1.8
      vertex -27.6136 15.6161 0
      vertex -27.6136 15.6161 1.8
    endloop
  endfacet
  facet normal 0.95281 -0.303566 0
    outer loop
      vertex -27.6136 15.6161 0
      vertex -27.6309 15.5618 1.8
      vertex -27.6309 15.5618 0
    endloop
  endfacet
  facet normal -0.993862 0.110624 0
    outer loop
      vertex -24.803 14.9607 0
      vertex -24.7967 15.0173 1.8
      vertex -24.7967 15.0173 0
    endloop
  endfacet
  facet normal -0.993862 0.110624 0
    outer loop
      vertex -24.7967 15.0173 1.8
      vertex -24.803 14.9607 0
      vertex -24.803 14.9607 1.8
    endloop
  endfacet
  facet normal 0.921668 0.387979 0
    outer loop
      vertex -27.5652 14.5602 1.8
      vertex -27.5873 14.6127 0
      vertex -27.5873 14.6127 1.8
    endloop
  endfacet
  facet normal 0.921668 0.387979 0
    outer loop
      vertex -27.5873 14.6127 0
      vertex -27.5652 14.5602 1.8
      vertex -27.5652 14.5602 0
    endloop
  endfacet
  facet normal 0.971065 0.238815 0
    outer loop
      vertex -27.6412 14.7747 1.8
      vertex -27.6548 14.83 0
      vertex -27.6548 14.83 1.8
    endloop
  endfacet
  facet normal 0.971065 0.238815 0
    outer loop
      vertex -27.6548 14.83 0
      vertex -27.6412 14.7747 1.8
      vertex -27.6412 14.7747 0
    endloop
  endfacet
  facet normal 0.460522 -0.887648 0
    outer loop
      vertex -26.9324 16.4243 0
      vertex -26.8819 16.4505 1.8
      vertex -26.9324 16.4243 1.8
    endloop
  endfacet
  facet normal 0.460522 -0.887648 0
    outer loop
      vertex -26.8819 16.4505 1.8
      vertex -26.9324 16.4243 0
      vertex -26.8819 16.4505 0
    endloop
  endfacet
  facet normal -0.0456466 0.998958 0
    outer loop
      vertex -26.1457 13.7031 0
      vertex -26.2026 13.7005 1.8
      vertex -26.1457 13.7031 1.8
    endloop
  endfacet
  facet normal -0.0456466 0.998958 0
    outer loop
      vertex -26.2026 13.7005 1.8
      vertex -26.1457 13.7031 0
      vertex -26.2026 13.7005 0
    endloop
  endfacet
  facet normal -0.377743 -0.92591 0
    outer loop
      vertex -25.7209 16.5037 0
      vertex -25.6682 16.4822 1.8
      vertex -25.7209 16.5037 1.8
    endloop
  endfacet
  facet normal -0.377743 -0.92591 -0
    outer loop
      vertex -25.6682 16.4822 1.8
      vertex -25.7209 16.5037 0
      vertex -25.6682 16.4822 0
    endloop
  endfacet
  facet normal -0.351895 0.93604 0
    outer loop
      vertex -25.7033 13.8032 0
      vertex -25.7565 13.7832 1.8
      vertex -25.7033 13.8032 1.8
    endloop
  endfacet
  facet normal -0.351895 0.93604 0
    outer loop
      vertex -25.7565 13.7832 1.8
      vertex -25.7033 13.8032 0
      vertex -25.7565 13.7832 0
    endloop
  endfacet
  facet normal 0.683941 -0.729537 0
    outer loop
      vertex -27.2524 16.1886 0
      vertex -27.2108 16.2276 1.8
      vertex -27.2524 16.1886 1.8
    endloop
  endfacet
  facet normal 0.683941 -0.729537 0
    outer loop
      vertex -27.2108 16.2276 1.8
      vertex -27.2524 16.1886 0
      vertex -27.2108 16.2276 0
    endloop
  endfacet
  facet normal 0.201851 -0.979416 0
    outer loop
      vertex -26.5606 16.5642 0
      vertex -26.5048 16.5757 1.8
      vertex -26.5606 16.5642 1.8
    endloop
  endfacet
  facet normal 0.201851 -0.979416 0
    outer loop
      vertex -26.5048 16.5757 1.8
      vertex -26.5606 16.5642 0
      vertex -26.5048 16.5757 0
    endloop
  endfacet
  facet normal 0.960255 0.279124 0
    outer loop
      vertex -27.6253 14.72 1.8
      vertex -27.6412 14.7747 0
      vertex -27.6412 14.7747 1.8
    endloop
  endfacet
  facet normal 0.960255 0.279124 0
    outer loop
      vertex -27.6412 14.7747 0
      vertex -27.6253 14.72 1.8
      vertex -27.6253 14.72 0
    endloop
  endfacet
  facet normal 0.226397 0.974035 -0
    outer loop
      vertex -26.542 13.7317 0
      vertex -26.5975 13.7446 1.8
      vertex -26.542 13.7317 1.8
    endloop
  endfacet
  facet normal 0.226397 0.974035 0
    outer loop
      vertex -26.5975 13.7446 1.8
      vertex -26.542 13.7317 0
      vertex -26.5975 13.7446 0
    endloop
  endfacet
  facet normal -0.149285 -0.988794 0
    outer loop
      vertex -26.0513 16.5876 0
      vertex -25.995 16.5791 1.8
      vertex -26.0513 16.5876 1.8
    endloop
  endfacet
  facet normal -0.149285 -0.988794 -0
    outer loop
      vertex -25.995 16.5791 1.8
      vertex -26.0513 16.5876 0
      vertex -25.995 16.5791 0
    endloop
  endfacet
  facet normal -0.970657 -0.24047 0
    outer loop
      vertex -24.8263 15.47 0
      vertex -24.84 15.5253 1.8
      vertex -24.84 15.5253 0
    endloop
  endfacet
  facet normal -0.970657 -0.24047 0
    outer loop
      vertex -24.84 15.5253 1.8
      vertex -24.8263 15.47 0
      vertex -24.8263 15.47 1.8
    endloop
  endfacet
  facet normal 0.730413 0.683006 0
    outer loop
      vertex -27.2792 14.1382 1.8
      vertex -27.3181 14.1798 0
      vertex -27.3181 14.1798 1.8
    endloop
  endfacet
  facet normal 0.730413 0.683006 0
    outer loop
      vertex -27.3181 14.1798 0
      vertex -27.2792 14.1382 1.8
      vertex -27.2792 14.1382 0
    endloop
  endfacet
  facet normal -0.979416 -0.201851 0
    outer loop
      vertex -24.8148 15.4142 0
      vertex -24.8263 15.47 1.8
      vertex -24.8263 15.47 0
    endloop
  endfacet
  facet normal -0.979416 -0.201851 0
    outer loop
      vertex -24.8263 15.47 1.8
      vertex -24.8148 15.4142 0
      vertex -24.8148 15.4142 1.8
    endloop
  endfacet
  facet normal -0.238815 0.971065 0
    outer loop
      vertex -25.8653 13.7494 0
      vertex -25.9206 13.7358 1.8
      vertex -25.8653 13.7494 1.8
    endloop
  endfacet
  facet normal -0.238815 0.971065 0
    outer loop
      vertex -25.9206 13.7358 1.8
      vertex -25.8653 13.7494 0
      vertex -25.9206 13.7358 0
    endloop
  endfacet
  facet normal 0.41248 0.910967 -0
    outer loop
      vertex -26.8129 13.8178 0
      vertex -26.8648 13.8413 1.8
      vertex -26.8129 13.8178 1.8
    endloop
  endfacet
  facet normal 0.41248 0.910967 0
    outer loop
      vertex -26.8648 13.8413 1.8
      vertex -26.8129 13.8178 0
      vertex -26.8648 13.8413 0
    endloop
  endfacet
  facet normal -0.265197 -0.964194 0
    outer loop
      vertex -25.8836 16.5554 0
      vertex -25.8287 16.5403 1.8
      vertex -25.8836 16.5554 1.8
    endloop
  endfacet
  facet normal -0.265197 -0.964194 -0
    outer loop
      vertex -25.8287 16.5403 1.8
      vertex -25.8836 16.5554 0
      vertex -25.8287 16.5403 0
    endloop
  endfacet
  facet normal 0.0070297 -0.999975 0
    outer loop
      vertex -26.2785 16.5995 0
      vertex -26.2216 16.5999 1.8
      vertex -26.2785 16.5995 1.8
    endloop
  endfacet
  facet normal 0.0070297 -0.999975 0
    outer loop
      vertex -26.2216 16.5999 1.8
      vertex -26.2785 16.5995 0
      vertex -26.2216 16.5999 0
    endloop
  endfacet
  facet normal 0.377743 0.92591 -0
    outer loop
      vertex -26.7602 13.7963 0
      vertex -26.8129 13.8178 1.8
      vertex -26.7602 13.7963 1.8
    endloop
  endfacet
  facet normal 0.377743 0.92591 0
    outer loop
      vertex -26.8129 13.8178 1.8
      vertex -26.7602 13.7963 0
      vertex -26.8129 13.8178 0
    endloop
  endfacet
  facet normal -0.304074 -0.952648 0
    outer loop
      vertex -25.8287 16.5403 0
      vertex -25.7745 16.523 1.8
      vertex -25.8287 16.5403 1.8
    endloop
  endfacet
  facet normal -0.304074 -0.952648 -0
    outer loop
      vertex -25.7745 16.523 1.8
      vertex -25.8287 16.5403 0
      vertex -25.7745 16.523 0
    endloop
  endfacet
  facet normal 0.624695 -0.780869 0
    outer loop
      vertex -27.1678 16.2648 0
      vertex -27.1233 16.3004 1.8
      vertex -27.1678 16.2648 1.8
    endloop
  endfacet
  facet normal 0.624695 -0.780869 0
    outer loop
      vertex -27.1233 16.3004 1.8
      vertex -27.1678 16.2648 0
      vertex -27.1233 16.3004 0
    endloop
  endfacet
  facet normal 0.526838 -0.849966 0
    outer loop
      vertex -27.0303 16.3661 0
      vertex -26.9819 16.3961 1.8
      vertex -27.0303 16.3661 1.8
    endloop
  endfacet
  facet normal 0.526838 -0.849966 0
    outer loop
      vertex -26.9819 16.3961 1.8
      vertex -27.0303 16.3661 0
      vertex -26.9819 16.3961 0
    endloop
  endfacet
  facet normal 0.848689 0.528893 0
    outer loop
      vertex -27.4566 14.3603 1.8
      vertex -27.4867 14.4086 0
      vertex -27.4867 14.4086 1.8
    endloop
  endfacet
  facet normal 0.848689 0.528893 0
    outer loop
      vertex -27.4867 14.4086 0
      vertex -27.4566 14.3603 1.8
      vertex -27.4566 14.3603 0
    endloop
  endfacet
  facet normal 0.673895 0.738827 -0
    outer loop
      vertex -27.1966 14.0598 0
      vertex -27.2387 14.0982 1.8
      vertex -27.1966 14.0598 1.8
    endloop
  endfacet
  facet normal 0.673895 0.738827 0
    outer loop
      vertex -27.2387 14.0982 1.8
      vertex -27.1966 14.0598 0
      vertex -27.2387 14.0982 0
    endloop
  endfacet
  facet normal -0.940101 0.340896 0
    outer loop
      vertex -24.8869 14.6304 0
      vertex -24.8675 14.6839 1.8
      vertex -24.8675 14.6839 0
    endloop
  endfacet
  facet normal -0.940101 0.340896 0
    outer loop
      vertex -24.8675 14.6839 1.8
      vertex -24.8869 14.6304 0
      vertex -24.8869 14.6304 1.8
    endloop
  endfacet
  facet normal 0.986536 0.163543 0
    outer loop
      vertex -27.6663 14.8858 1.8
      vertex -27.6756 14.9419 0
      vertex -27.6756 14.9419 1.8
    endloop
  endfacet
  facet normal 0.986536 0.163543 0
    outer loop
      vertex -27.6756 14.9419 0
      vertex -27.6663 14.8858 1.8
      vertex -27.6663 14.8858 0
    endloop
  endfacet
  facet normal -0.653391 0.75702 0
    outer loop
      vertex -25.2703 14.0724 0
      vertex -25.3134 14.0352 1.8
      vertex -25.2703 14.0724 1.8
    endloop
  endfacet
  facet normal -0.653391 0.75702 0
    outer loop
      vertex -25.3134 14.0352 1.8
      vertex -25.2703 14.0724 0
      vertex -25.3134 14.0352 0
    endloop
  endfacet
  facet normal 0.711485 -0.702701 0
    outer loop
      vertex -27.2924 16.1481 1.8
      vertex -27.2524 16.1886 0
      vertex -27.2524 16.1886 1.8
    endloop
  endfacet
  facet normal 0.711485 -0.702701 0
    outer loop
      vertex -27.2524 16.1886 0
      vertex -27.2924 16.1481 1.8
      vertex -27.2924 16.1481 0
    endloop
  endfacet
  facet normal -0.338782 -0.940865 0
    outer loop
      vertex -25.7745 16.523 0
      vertex -25.7209 16.5037 1.8
      vertex -25.7745 16.523 1.8
    endloop
  endfacet
  facet normal -0.338782 -0.940865 -0
    outer loop
      vertex -25.7209 16.5037 1.8
      vertex -25.7745 16.523 0
      vertex -25.7209 16.5037 0
    endloop
  endfacet
  facet normal 0.316228 -0.948683 0
    outer loop
      vertex -26.7246 16.5168 0
      vertex -26.6706 16.5348 1.8
      vertex -26.7246 16.5168 1.8
    endloop
  endfacet
  facet normal 0.316228 -0.948683 0
    outer loop
      vertex -26.6706 16.5348 1.8
      vertex -26.7246 16.5168 0
      vertex -26.6706 16.5348 0
    endloop
  endfacet
  facet normal -0.226397 -0.974035 0
    outer loop
      vertex -25.9391 16.5683 0
      vertex -25.8836 16.5554 1.8
      vertex -25.9391 16.5683 1.8
    endloop
  endfacet
  facet normal -0.226397 -0.974035 -0
    outer loop
      vertex -25.8836 16.5554 1.8
      vertex -25.9391 16.5683 0
      vertex -25.8836 16.5554 0
    endloop
  endfacet
  facet normal -0.582732 -0.812665 0
    outer loop
      vertex -25.4193 16.345 0
      vertex -25.373 16.3118 1.8
      vertex -25.4193 16.345 1.8
    endloop
  endfacet
  facet normal -0.582732 -0.812665 -0
    outer loop
      vertex -25.373 16.3118 1.8
      vertex -25.4193 16.345 0
      vertex -25.373 16.3118 0
    endloop
  endfacet
  facet normal 0.447916 0.894076 -0
    outer loop
      vertex -26.8648 13.8413 0
      vertex -26.9157 13.8668 1.8
      vertex -26.8648 13.8413 1.8
    endloop
  endfacet
  facet normal 0.447916 0.894076 0
    outer loop
      vertex -26.9157 13.8668 1.8
      vertex -26.8648 13.8413 0
      vertex -26.9157 13.8668 0
    endloop
  endfacet
  facet normal -0.459805 0.88802 0
    outer loop
      vertex -25.5487 13.8757 0
      vertex -25.5993 13.8495 1.8
      vertex -25.5487 13.8757 1.8
    endloop
  endfacet
  facet normal -0.459805 0.88802 0
    outer loop
      vertex -25.5993 13.8495 1.8
      vertex -25.5487 13.8757 0
      vertex -25.5993 13.8495 0
    endloop
  endfacet
  facet normal 0.110624 0.993862 -0
    outer loop
      vertex -26.3732 13.7061 0
      vertex -26.4298 13.7124 1.8
      vertex -26.3732 13.7061 1.8
    endloop
  endfacet
  facet normal 0.110624 0.993862 0
    outer loop
      vertex -26.4298 13.7124 1.8
      vertex -26.3732 13.7061 0
      vertex -26.4298 13.7124 0
    endloop
  endfacet
  facet normal -0.624695 0.780869 0
    outer loop
      vertex -25.3134 14.0352 0
      vertex -25.3579 13.9996 1.8
      vertex -25.3134 14.0352 1.8
    endloop
  endfacet
  facet normal -0.624695 0.780869 0
    outer loop
      vertex -25.3579 13.9996 1.8
      vertex -25.3134 14.0352 0
      vertex -25.3579 13.9996 0
    endloop
  endfacet
  facet normal -0.869645 -0.493677 0
    outer loop
      vertex -24.9663 15.8419 0
      vertex -24.9944 15.8914 1.8
      vertex -24.9944 15.8914 0
    endloop
  endfacet
  facet normal -0.869645 -0.493677 0
    outer loop
      vertex -24.9944 15.8914 1.8
      vertex -24.9663 15.8419 0
      vertex -24.9663 15.8419 1.8
    endloop
  endfacet
  facet normal -0.910667 0.413141 0
    outer loop
      vertex -24.9318 14.5258 0
      vertex -24.9083 14.5776 1.8
      vertex -24.9083 14.5776 0
    endloop
  endfacet
  facet normal -0.910667 0.413141 0
    outer loop
      vertex -24.9083 14.5776 1.8
      vertex -24.9318 14.5258 0
      vertex -24.9318 14.5258 1.8
    endloop
  endfacet
  facet normal 0.48266 0.875808 -0
    outer loop
      vertex -26.9157 13.8668 0
      vertex -26.9656 13.8943 1.8
      vertex -26.9157 13.8668 1.8
    endloop
  endfacet
  facet normal 0.48266 0.875808 0
    outer loop
      vertex -26.9656 13.8943 1.8
      vertex -26.9157 13.8668 0
      vertex -26.9656 13.8943 0
    endloop
  endfacet
  facet normal 0.868891 0.495004 0
    outer loop
      vertex -27.4867 14.4086 1.8
      vertex -27.5149 14.4581 0
      vertex -27.5149 14.4581 1.8
    endloop
  endfacet
  facet normal 0.868891 0.495004 0
    outer loop
      vertex -27.5149 14.4581 0
      vertex -27.4867 14.4086 1.8
      vertex -27.4867 14.4086 0
    endloop
  endfacet
  facet normal 0.888736 0.458419 0
    outer loop
      vertex -27.5149 14.4581 1.8
      vertex -27.541 14.5087 0
      vertex -27.541 14.5087 1.8
    endloop
  endfacet
  facet normal 0.888736 0.458419 0
    outer loop
      vertex -27.541 14.5087 0
      vertex -27.5149 14.4581 1.8
      vertex -27.5149 14.4581 0
    endloop
  endfacet
  facet normal -0.16326 0.986583 0
    outer loop
      vertex -25.9763 13.7243 0
      vertex -26.0325 13.715 1.8
      vertex -25.9763 13.7243 1.8
    endloop
  endfacet
  facet normal -0.16326 0.986583 0
    outer loop
      vertex -26.0325 13.715 1.8
      vertex -25.9763 13.7243 0
      vertex -26.0325 13.715 0
    endloop
  endfacet
  facet normal -0.964194 0.265197 0
    outer loop
      vertex -24.8503 14.7382 0
      vertex -24.8352 14.7931 1.8
      vertex -24.8352 14.7931 0
    endloop
  endfacet
  facet normal -0.964194 0.265197 0
    outer loop
      vertex -24.8352 14.7931 1.8
      vertex -24.8503 14.7382 0
      vertex -24.8503 14.7382 1.8
    endloop
  endfacet
  facet normal -0.0719958 -0.997405 0
    outer loop
      vertex -26.1647 16.598 0
      vertex -26.1079 16.5939 1.8
      vertex -26.1647 16.598 1.8
    endloop
  endfacet
  facet normal -0.0719958 -0.997405 -0
    outer loop
      vertex -26.1079 16.5939 1.8
      vertex -26.1647 16.598 0
      vertex -26.1079 16.5939 0
    endloop
  endfacet
  facet normal -0.921668 -0.387979 0
    outer loop
      vertex -24.8938 15.6873 0
      vertex -24.9159 15.7398 1.8
      vertex -24.9159 15.7398 0
    endloop
  endfacet
  facet normal -0.921668 -0.387979 0
    outer loop
      vertex -24.9159 15.7398 1.8
      vertex -24.8938 15.6873 0
      vertex -24.8938 15.6873 1.8
    endloop
  endfacet
  facet normal -0.711485 0.702701 0
    outer loop
      vertex -25.2288 14.1114 0
      vertex -25.1888 14.1519 1.8
      vertex -25.1888 14.1519 0
    endloop
  endfacet
  facet normal -0.711485 0.702701 0
    outer loop
      vertex -25.1888 14.1519 1.8
      vertex -25.2288 14.1114 0
      vertex -25.2288 14.1114 1.8
    endloop
  endfacet
  facet normal 0.755399 0.655265 0
    outer loop
      vertex -27.3181 14.1798 1.8
      vertex -27.3554 14.2228 0
      vertex -27.3554 14.2228 1.8
    endloop
  endfacet
  facet normal 0.755399 0.655265 0
    outer loop
      vertex -27.3554 14.2228 0
      vertex -27.3181 14.1798 1.8
      vertex -27.3181 14.1798 0
    endloop
  endfacet
  facet normal -0.988794 0.149285 0
    outer loop
      vertex -24.8115 14.9044 0
      vertex -24.803 14.9607 1.8
      vertex -24.803 14.9607 0
    endloop
  endfacet
  facet normal -0.988794 0.149285 0
    outer loop
      vertex -24.803 14.9607 1.8
      vertex -24.8115 14.9044 0
      vertex -24.8115 14.9044 1.8
    endloop
  endfacet
  facet normal -0.755399 -0.655265 0
    outer loop
      vertex -25.1257 16.0772 0
      vertex -25.163 16.1202 1.8
      vertex -25.163 16.1202 0
    endloop
  endfacet
  facet normal -0.755399 -0.655265 0
    outer loop
      vertex -25.163 16.1202 1.8
      vertex -25.1257 16.0772 0
      vertex -25.1257 16.0772 1.8
    endloop
  endfacet
  facet normal -0.953317 0.301971 0
    outer loop
      vertex -24.8675 14.6839 0
      vertex -24.8503 14.7382 1.8
      vertex -24.8503 14.7382 0
    endloop
  endfacet
  facet normal -0.953317 0.301971 0
    outer loop
      vertex -24.8503 14.7382 1.8
      vertex -24.8675 14.6839 0
      vertex -24.8675 14.6839 1.8
    endloop
  endfacet
  facet normal -0.730413 -0.683006 0
    outer loop
      vertex -25.163 16.1202 0
      vertex -25.2019 16.1618 1.8
      vertex -25.2019 16.1618 0
    endloop
  endfacet
  facet normal -0.730413 -0.683006 0
    outer loop
      vertex -25.2019 16.1618 1.8
      vertex -25.163 16.1202 0
      vertex -25.163 16.1202 1.8
    endloop
  endfacet
  facet normal 0.423174 -0.906049 0
    outer loop
      vertex -26.8819 16.4505 0
      vertex -26.8303 16.4746 1.8
      vertex -26.8819 16.4505 1.8
    endloop
  endfacet
  facet normal 0.423174 -0.906049 0
    outer loop
      vertex -26.8303 16.4746 1.8
      vertex -26.8819 16.4505 0
      vertex -26.8303 16.4746 0
    endloop
  endfacet
  facet normal -0.0333733 -0.999443 0
    outer loop
      vertex -26.2216 16.5999 0
      vertex -26.1647 16.598 1.8
      vertex -26.2216 16.5999 1.8
    endloop
  endfacet
  facet normal -0.0333733 -0.999443 -0
    outer loop
      vertex -26.1647 16.598 1.8
      vertex -26.2216 16.5999 0
      vertex -26.1647 16.598 0
    endloop
  endfacet
  facet normal -0.935678 -0.352854 0
    outer loop
      vertex -24.8737 15.634 0
      vertex -24.8938 15.6873 1.8
      vertex -24.8938 15.6873 0
    endloop
  endfacet
  facet normal -0.935678 -0.352854 0
    outer loop
      vertex -24.8938 15.6873 1.8
      vertex -24.8737 15.634 0
      vertex -24.8737 15.634 1.8
    endloop
  endfacet
  facet normal -0.960725 -0.277504 0
    outer loop
      vertex -24.84 15.5253 0
      vertex -24.8558 15.58 1.8
      vertex -24.8558 15.58 0
    endloop
  endfacet
  facet normal -0.960725 -0.277504 0
    outer loop
      vertex -24.8558 15.58 1.8
      vertex -24.84 15.5253 0
      vertex -24.84 15.5253 1.8
    endloop
  endfacet
  facet normal -0.905058 -0.425289 0
    outer loop
      vertex -24.9159 15.7398 0
      vertex -24.9401 15.7913 1.8
      vertex -24.9401 15.7913 0
    endloop
  endfacet
  facet normal -0.905058 -0.425289 0
    outer loop
      vertex -24.9401 15.7913 1.8
      vertex -24.9159 15.7398 0
      vertex -24.9159 15.7398 1.8
    endloop
  endfacet
  facet normal 0.982169 -0.188 0
    outer loop
      vertex -27.6696 15.3956 1.8
      vertex -27.6589 15.4515 0
      vertex -27.6589 15.4515 1.8
    endloop
  endfacet
  facet normal 0.982169 -0.188 0
    outer loop
      vertex -27.6589 15.4515 0
      vertex -27.6696 15.3956 1.8
      vertex -27.6696 15.3956 0
    endloop
  endfacet
  facet normal 0.738904 -0.67381 0
    outer loop
      vertex -27.3307 16.1061 1.8
      vertex -27.2924 16.1481 0
      vertex -27.2924 16.1481 1.8
    endloop
  endfacet
  facet normal 0.738904 -0.67381 0
    outer loop
      vertex -27.2924 16.1481 0
      vertex -27.3307 16.1061 1.8
      vertex -27.3307 16.1061 0
    endloop
  endfacet
  facet normal 0.561974 -0.827155 0
    outer loop
      vertex -27.0774 16.3341 0
      vertex -27.0303 16.3661 1.8
      vertex -27.0774 16.3341 1.8
    endloop
  endfacet
  facet normal 0.561974 -0.827155 0
    outer loop
      vertex -27.0303 16.3661 1.8
      vertex -27.0774 16.3341 0
      vertex -27.0303 16.3661 0
    endloop
  endfacet
  facet normal 0.124683 -0.992197 0
    outer loop
      vertex -26.4486 16.585 0
      vertex -26.3921 16.5921 1.8
      vertex -26.4486 16.585 1.8
    endloop
  endfacet
  facet normal 0.124683 -0.992197 0
    outer loop
      vertex -26.3921 16.5921 1.8
      vertex -26.4486 16.585 0
      vertex -26.3921 16.5921 0
    endloop
  endfacet
  facet normal -0.926772 0.375624 0
    outer loop
      vertex -24.9083 14.5776 0
      vertex -24.8869 14.6304 1.8
      vertex -24.8869 14.6304 0
    endloop
  endfacet
  facet normal -0.926772 0.375624 0
    outer loop
      vertex -24.8869 14.6304 1.8
      vertex -24.9083 14.5776 0
      vertex -24.9083 14.5776 1.8
    endloop
  endfacet
  facet normal 0.781725 0.623623 0
    outer loop
      vertex -27.3554 14.2228 1.8
      vertex -27.3909 14.2673 0
      vertex -27.3909 14.2673 1.8
    endloop
  endfacet
  facet normal 0.781725 0.623623 0
    outer loop
      vertex -27.3909 14.2673 0
      vertex -27.3554 14.2228 1.8
      vertex -27.3554 14.2228 0
    endloop
  endfacet
  facet normal -0.992197 -0.124683 0
    outer loop
      vertex -24.7985 15.3016 0
      vertex -24.8056 15.3581 1.8
      vertex -24.8056 15.3581 0
    endloop
  endfacet
  facet normal -0.992197 -0.124683 0
    outer loop
      vertex -24.8056 15.3581 1.8
      vertex -24.7985 15.3016 0
      vertex -24.7985 15.3016 1.8
    endloop
  endfacet
  facet normal -0.996448 -0.0842069 0
    outer loop
      vertex -24.7937 15.2448 0
      vertex -24.7985 15.3016 1.8
      vertex -24.7985 15.3016 0
    endloop
  endfacet
  facet normal -0.996448 -0.0842069 0
    outer loop
      vertex -24.7985 15.3016 1.8
      vertex -24.7937 15.2448 0
      vertex -24.7937 15.2448 1.8
    endloop
  endfacet
  facet normal 0.992412 0.122954 0
    outer loop
      vertex -27.6756 14.9419 1.8
      vertex -27.6826 14.9984 0
      vertex -27.6826 14.9984 1.8
    endloop
  endfacet
  facet normal 0.992412 0.122954 0
    outer loop
      vertex -27.6826 14.9984 0
      vertex -27.6756 14.9419 1.8
      vertex -27.6756 14.9419 0
    endloop
  endfacet
  facet normal -0.789542 0.613697 0
    outer loop
      vertex -25.1137 14.2375 0
      vertex -25.0788 14.2824 1.8
      vertex -25.0788 14.2824 0
    endloop
  endfacet
  facet normal -0.789542 0.613697 0
    outer loop
      vertex -25.0788 14.2824 1.8
      vertex -25.1137 14.2375 0
      vertex -25.1137 14.2375 1.8
    endloop
  endfacet
  facet normal -0.848689 -0.528893 0
    outer loop
      vertex -24.9944 15.8914 0
      vertex -25.0245 15.9397 1.8
      vertex -25.0245 15.9397 0
    endloop
  endfacet
  facet normal -0.848689 -0.528893 0
    outer loop
      vertex -25.0245 15.9397 1.8
      vertex -24.9944 15.8914 0
      vertex -24.9944 15.8914 1.8
    endloop
  endfacet
  facet normal -0.738029 0.674769 0
    outer loop
      vertex -25.1888 14.1519 0
      vertex -25.1504 14.1939 1.8
      vertex -25.1504 14.1939 0
    endloop
  endfacet
  facet normal -0.738029 0.674769 0
    outer loop
      vertex -25.1504 14.1939 1.8
      vertex -25.1888 14.1519 0
      vertex -25.1888 14.1519 1.8
    endloop
  endfacet
  facet normal -0.277504 0.960725 0
    outer loop
      vertex -25.8106 13.7652 0
      vertex -25.8653 13.7494 1.8
      vertex -25.8106 13.7652 1.8
    endloop
  endfacet
  facet normal -0.277504 0.960725 0
    outer loop
      vertex -25.8653 13.7494 1.8
      vertex -25.8106 13.7652 0
      vertex -25.8653 13.7494 0
    endloop
  endfacet
  facet normal -0.999443 0.0333733 0
    outer loop
      vertex -24.7926 15.0741 0
      vertex -24.7907 15.131 1.8
      vertex -24.7907 15.131 0
    endloop
  endfacet
  facet normal -0.999443 0.0333733 0
    outer loop
      vertex -24.7907 15.131 1.8
      vertex -24.7926 15.0741 0
      vertex -24.7926 15.0741 1.8
    endloop
  endfacet
  facet normal -0.998954 -0.0457268 0
    outer loop
      vertex -24.7911 15.188 0
      vertex -24.7937 15.2448 1.8
      vertex -24.7937 15.2448 0
    endloop
  endfacet
  facet normal -0.998954 -0.0457268 0
    outer loop
      vertex -24.7937 15.2448 1.8
      vertex -24.7911 15.188 0
      vertex -24.7911 15.188 1.8
    endloop
  endfacet
  facet normal -0.781725 -0.623623 0
    outer loop
      vertex -25.0902 16.0327 0
      vertex -25.1257 16.0772 1.8
      vertex -25.1257 16.0772 0
    endloop
  endfacet
  facet normal -0.781725 -0.623623 0
    outer loop
      vertex -25.1257 16.0772 1.8
      vertex -25.0902 16.0327 0
      vertex -25.0902 16.0327 1.8
    endloop
  endfacet
  facet normal -0.88802 -0.459805 0
    outer loop
      vertex -24.9401 15.7913 0
      vertex -24.9663 15.8419 1.8
      vertex -24.9663 15.8419 0
    endloop
  endfacet
  facet normal -0.88802 -0.459805 0
    outer loop
      vertex -24.9663 15.8419 1.8
      vertex -24.9401 15.7913 0
      vertex -24.9401 15.7913 1.8
    endloop
  endfacet
  facet normal -0.561974 0.827155 0
    outer loop
      vertex -25.4037 13.9659 0
      vertex -25.4508 13.9339 1.8
      vertex -25.4037 13.9659 1.8
    endloop
  endfacet
  facet normal -0.561974 0.827155 0
    outer loop
      vertex -25.4508 13.9339 1.8
      vertex -25.4037 13.9659 0
      vertex -25.4508 13.9339 0
    endloop
  endfacet
  facet normal -0.701824 -0.712351 0
    outer loop
      vertex -25.2425 16.2018 0
      vertex -25.2019 16.1618 1.8
      vertex -25.2425 16.2018 1.8
    endloop
  endfacet
  facet normal -0.701824 -0.712351 -0
    outer loop
      vertex -25.2019 16.1618 1.8
      vertex -25.2425 16.2018 0
      vertex -25.2019 16.1618 0
    endloop
  endfacet
  facet normal 0.0721221 0.997396 -0
    outer loop
      vertex -26.3165 13.702 0
      vertex -26.3732 13.7061 1.8
      vertex -26.3165 13.702 1.8
    endloop
  endfacet
  facet normal 0.0721221 0.997396 0
    outer loop
      vertex -26.3732 13.7061 1.8
      vertex -26.3165 13.702 0
      vertex -26.3732 13.7061 0
    endloop
  endfacet
  facet normal -0.202199 0.979345 0
    outer loop
      vertex -25.9206 13.7358 0
      vertex -25.9763 13.7243 1.8
      vertex -25.9206 13.7358 1.8
    endloop
  endfacet
  facet normal -0.202199 0.979345 0
    outer loop
      vertex -25.9763 13.7243 1.8
      vertex -25.9206 13.7358 0
      vertex -25.9763 13.7243 0
    endloop
  endfacet
  facet normal 0.16326 -0.986583 0
    outer loop
      vertex -26.5048 16.5757 0
      vertex -26.4486 16.585 1.8
      vertex -26.5048 16.5757 1.8
    endloop
  endfacet
  facet normal 0.16326 -0.986583 0
    outer loop
      vertex -26.4486 16.585 1.8
      vertex -26.5048 16.5757 0
      vertex -26.4486 16.585 0
    endloop
  endfacet
  facet normal -0.55023 -0.835013 0
    outer loop
      vertex -25.4668 16.3763 0
      vertex -25.4193 16.345 1.8
      vertex -25.4668 16.3763 1.8
    endloop
  endfacet
  facet normal -0.55023 -0.835013 -0
    outer loop
      vertex -25.4193 16.345 1.8
      vertex -25.4668 16.3763 0
      vertex -25.4193 16.345 0
    endloop
  endfacet
  facet normal -0.643974 -0.765048 0
    outer loop
      vertex -25.3281 16.2769 0
      vertex -25.2845 16.2402 1.8
      vertex -25.3281 16.2769 1.8
    endloop
  endfacet
  facet normal -0.643974 -0.765048 -0
    outer loop
      vertex -25.2845 16.2402 1.8
      vertex -25.3281 16.2769 0
      vertex -25.2845 16.2402 0
    endloop
  endfacet
  facet normal -0.613697 -0.789542 0
    outer loop
      vertex -25.373 16.3118 0
      vertex -25.3281 16.2769 1.8
      vertex -25.373 16.3118 1.8
    endloop
  endfacet
  facet normal -0.613697 -0.789542 -0
    outer loop
      vertex -25.3281 16.2769 1.8
      vertex -25.373 16.3118 0
      vertex -25.3281 16.2769 0
    endloop
  endfacet
  facet normal -0.526838 0.849966 0
    outer loop
      vertex -25.4508 13.9339 0
      vertex -25.4992 13.9039 1.8
      vertex -25.4508 13.9339 1.8
    endloop
  endfacet
  facet normal -0.526838 0.849966 0
    outer loop
      vertex -25.4992 13.9039 1.8
      vertex -25.4508 13.9339 0
      vertex -25.4992 13.9039 0
    endloop
  endfacet
  facet normal -0.997405 0.0719958 0
    outer loop
      vertex -24.7967 15.0173 0
      vertex -24.7926 15.0741 1.8
      vertex -24.7926 15.0741 0
    endloop
  endfacet
  facet normal -0.997405 0.0719958 0
    outer loop
      vertex -24.7926 15.0741 1.8
      vertex -24.7967 15.0173 0
      vertex -24.7967 15.0173 1.8
    endloop
  endfacet
  facet normal -0.949209 -0.314645 0
    outer loop
      vertex -24.8558 15.58 0
      vertex -24.8737 15.634 1.8
      vertex -24.8737 15.634 0
    endloop
  endfacet
  facet normal -0.949209 -0.314645 0
    outer loop
      vertex -24.8737 15.634 1.8
      vertex -24.8558 15.58 0
      vertex -24.8558 15.58 1.8
    endloop
  endfacet
  facet normal -0.693468 0.720487 0
    outer loop
      vertex 1.0253 -31.3253 0
      vertex 0.984261 -31.3648 1.8
      vertex 1.0253 -31.3253 1.8
    endloop
  endfacet
  facet normal -0.693468 0.720487 0
    outer loop
      vertex 0.984261 -31.3648 1.8
      vertex 1.0253 -31.3253 0
      vertex 0.984261 -31.3648 0
    endloop
  endfacet
  facet normal -0.881866 0.4715 0
    outer loop
      vertex 1.26512 -31.0085 0
      vertex 1.29196 -30.9583 1.8
      vertex 1.29196 -30.9583 0
    endloop
  endfacet
  facet normal -0.881866 0.4715 0
    outer loop
      vertex 1.29196 -30.9583 1.8
      vertex 1.26512 -31.0085 0
      vertex 1.26512 -31.0085 1.8
    endloop
  endfacet
  facet normal 0.400485 0.916303 -0
    outer loop
      vertex -0.554891 -31.6396 0
      vertex -0.607057 -31.6168 1.8
      vertex -0.554891 -31.6396 1.8
    endloop
  endfacet
  facet normal 0.400485 0.916303 0
    outer loop
      vertex -0.607057 -31.6168 1.8
      vertex -0.554891 -31.6396 0
      vertex -0.607057 -31.6168 0
    endloop
  endfacet
  facet normal 0.693468 0.720487 -0
    outer loop
      vertex -0.984261 -31.3648 0
      vertex -1.0253 -31.3253 1.8
      vertex -0.984261 -31.3648 1.8
    endloop
  endfacet
  facet normal 0.693468 0.720487 0
    outer loop
      vertex -1.0253 -31.3253 1.8
      vertex -0.984261 -31.3648 0
      vertex -1.0253 -31.3253 0
    endloop
  endfacet
  facet normal -0.175636 0.984455 0
    outer loop
      vertex 0.282881 -31.7221 0
      vertex 0.22683 -31.7321 1.8
      vertex 0.282881 -31.7221 1.8
    endloop
  endfacet
  facet normal -0.175636 0.984455 0
    outer loop
      vertex 0.22683 -31.7321 1.8
      vertex 0.282881 -31.7221 0
      vertex 0.22683 -31.7321 0
    endloop
  endfacet
  facet normal 0.94484 0.327533 0
    outer loop
      vertex -1.36038 -30.8019 1.8
      vertex -1.37903 -30.7481 0
      vertex -1.37903 -30.7481 1.8
    endloop
  endfacet
  facet normal 0.94484 0.327533 0
    outer loop
      vertex -1.37903 -30.7481 0
      vertex -1.36038 -30.8019 1.8
      vertex -1.36038 -30.8019 0
    endloop
  endfacet
  facet normal 0.990572 -0.136994 0
    outer loop
      vertex -1.43995 -30.1296 1.8
      vertex -1.43215 -30.0732 0
      vertex -1.43215 -30.0732 1.8
    endloop
  endfacet
  facet normal 0.990572 -0.136994 0
    outer loop
      vertex -1.43215 -30.0732 0
      vertex -1.43995 -30.1296 1.8
      vertex -1.43995 -30.1296 0
    endloop
  endfacet
  facet normal 0.664041 -0.747696 0
    outer loop
      vertex -0.984261 -29.2352 0
      vertex -0.941699 -29.1974 1.8
      vertex -0.984261 -29.2352 1.8
    endloop
  endfacet
  facet normal 0.664041 -0.747696 0
    outer loop
      vertex -0.941699 -29.1974 1.8
      vertex -0.984261 -29.2352 0
      vertex -0.941699 -29.1974 0
    endloop
  endfacet
  facet normal -0.0597121 0.998216 0
    outer loop
      vertex 0.113765 -31.7455 0
      vertex 0.0569267 -31.7489 1.8
      vertex 0.113765 -31.7455 1.8
    endloop
  endfacet
  facet normal -0.0597121 0.998216 0
    outer loop
      vertex 0.0569267 -31.7489 1.8
      vertex 0.113765 -31.7455 0
      vertex 0.0569267 -31.7489 0
    endloop
  endfacet
  facet normal -0.720421 0.693537 0
    outer loop
      vertex 1.0253 -31.3253 0
      vertex 1.06477 -31.2843 1.8
      vertex 1.06477 -31.2843 0
    endloop
  endfacet
  facet normal -0.720421 0.693537 0
    outer loop
      vertex 1.06477 -31.2843 1.8
      vertex 1.0253 -31.3253 0
      vertex 1.0253 -31.3253 1.8
    endloop
  endfacet
  facet normal 0.842431 0.538805 0
    outer loop
      vertex -1.20563 -31.1056 1.8
      vertex -1.23633 -31.0576 0
      vertex -1.23633 -31.0576 1.8
    endloop
  endfacet
  facet normal 0.842431 0.538805 0
    outer loop
      vertex -1.23633 -31.0576 0
      vertex -1.20563 -31.1056 1.8
      vertex -1.20563 -31.1056 0
    endloop
  endfacet
  facet normal 0.0193195 0.999813 -0
    outer loop
      vertex 0 -31.75 0
      vertex -0.0569267 -31.7489 1.8
      vertex 0 -31.75 1.8
    endloop
  endfacet
  facet normal 0.0193195 0.999813 0
    outer loop
      vertex -0.0569267 -31.7489 1.8
      vertex 0 -31.75 0
      vertex -0.0569267 -31.7489 0
    endloop
  endfacet
  facet normal 0.747816 -0.663906 0
    outer loop
      vertex -1.10259 -29.3583 1.8
      vertex -1.06477 -29.3157 0
      vertex -1.06477 -29.3157 1.8
    endloop
  endfacet
  facet normal 0.747816 -0.663906 0
    outer loop
      vertex -1.06477 -29.3157 0
      vertex -1.10259 -29.3583 1.8
      vertex -1.10259 -29.3583 0
    endloop
  endfacet
  facet normal 0.899636 0.43664 0
    outer loop
      vertex -1.29196 -30.9583 1.8
      vertex -1.31681 -30.9071 0
      vertex -1.31681 -30.9071 1.8
    endloop
  endfacet
  facet normal 0.899636 0.43664 0
    outer loop
      vertex -1.31681 -30.9071 0
      vertex -1.29196 -30.9583 1.8
      vertex -1.29196 -30.9583 0
    endloop
  endfacet
  facet normal 0.0983508 0.995152 -0
    outer loop
      vertex -0.113765 -31.7455 0
      vertex -0.170428 -31.7399 1.8
      vertex -0.113765 -31.7455 1.8
    endloop
  endfacet
  facet normal 0.0983508 0.995152 0
    outer loop
      vertex -0.170428 -31.7399 1.8
      vertex -0.113765 -31.7455 0
      vertex -0.170428 -31.7399 0
    endloop
  endfacet
  facet normal -0.251236 0.967926 0
    outer loop
      vertex 0.393588 -31.6956 0
      vertex 0.338495 -31.7099 1.8
      vertex 0.393588 -31.6956 1.8
    endloop
  endfacet
  facet normal -0.251236 0.967926 0
    outer loop
      vertex 0.338495 -31.7099 1.8
      vertex 0.393588 -31.6956 0
      vertex 0.338495 -31.7099 0
    endloop
  endfacet
  facet normal -0.967591 -0.252522 0
    outer loop
      vertex 1.40994 -29.9615 0
      vertex 1.39556 -29.9064 1.8
      vertex 1.39556 -29.9064 0
    endloop
  endfacet
  facet normal -0.967591 -0.252522 0
    outer loop
      vertex 1.39556 -29.9064 1.8
      vertex 1.40994 -29.9615 0
      vertex 1.40994 -29.9615 1.8
    endloop
  endfacet
  facet normal 0.820303 -0.571929 0
    outer loop
      vertex -1.20563 -29.4944 1.8
      vertex -1.17307 -29.4477 0
      vertex -1.17307 -29.4477 1.8
    endloop
  endfacet
  facet normal 0.820303 -0.571929 0
    outer loop
      vertex -1.17307 -29.4477 0
      vertex -1.20563 -29.4944 1.8
      vertex -1.20563 -29.4944 0
    endloop
  endfacet
  facet normal 0.435729 0.900078 -0
    outer loop
      vertex -0.607057 -31.6168 0
      vertex -0.658286 -31.592 1.8
      vertex -0.607057 -31.6168 1.8
    endloop
  endfacet
  facet normal 0.435729 0.900078 0
    outer loop
      vertex -0.658286 -31.592 1.8
      vertex -0.607057 -31.6168 0
      vertex -0.658286 -31.592 0
    endloop
  endfacet
  facet normal -0.136989 -0.990573 0
    outer loop
      vertex 0.170428 -28.8601 0
      vertex 0.22683 -28.8679 1.8
      vertex 0.170428 -28.8601 1.8
    endloop
  endfacet
  facet normal -0.136989 -0.990573 -0
    outer loop
      vertex 0.22683 -28.8679 1.8
      vertex 0.170428 -28.8601 0
      vertex 0.22683 -28.8679 0
    endloop
  endfacet
  facet normal 0.916335 0.400414 0
    outer loop
      vertex -1.31681 -30.9071 1.8
      vertex -1.33962 -30.8549 0
      vertex -1.33962 -30.8549 1.8
    endloop
  endfacet
  facet normal 0.916335 0.400414 0
    outer loop
      vertex -1.33962 -30.8549 0
      vertex -1.31681 -30.9071 1.8
      vertex -1.31681 -30.9071 0
    endloop
  endfacet
  facet normal -0.956952 0.290246 0
    outer loop
      vertex 1.37903 -30.7481 0
      vertex 1.39556 -30.6936 1.8
      vertex 1.39556 -30.6936 0
    endloop
  endfacet
  facet normal -0.956952 0.290246 0
    outer loop
      vertex 1.39556 -30.6936 1.8
      vertex 1.37903 -30.7481 0
      vertex 1.37903 -30.7481 1.8
    endloop
  endfacet
  facet normal -0.94484 -0.327533 0
    outer loop
      vertex 1.37903 -29.8519 0
      vertex 1.36038 -29.7981 1.8
      vertex 1.36038 -29.7981 0
    endloop
  endfacet
  facet normal -0.94484 -0.327533 0
    outer loop
      vertex 1.36038 -29.7981 1.8
      vertex 1.37903 -29.8519 0
      vertex 1.37903 -29.8519 1.8
    endloop
  endfacet
  facet normal -0.995175 -0.0981109 0
    outer loop
      vertex 1.44553 -30.1862 0
      vertex 1.43995 -30.1296 1.8
      vertex 1.43995 -30.1296 0
    endloop
  endfacet
  facet normal -0.995175 -0.0981109 0
    outer loop
      vertex 1.43995 -30.1296 1.8
      vertex 1.44553 -30.1862 0
      vertex 1.44553 -30.1862 1.8
    endloop
  endfacet
  facet normal 0.57112 -0.820867 0
    outer loop
      vertex -0.852288 -29.1269 0
      vertex -0.805576 -29.0944 1.8
      vertex -0.852288 -29.1269 1.8
    endloop
  endfacet
  facet normal 0.57112 -0.820867 0
    outer loop
      vertex -0.805576 -29.0944 1.8
      vertex -0.852288 -29.1269 0
      vertex -0.805576 -29.0944 0
    endloop
  endfacet
  facet normal -0.990572 0.136994 0
    outer loop
      vertex 1.43215 -30.5268 0
      vertex 1.43995 -30.4704 1.8
      vertex 1.43995 -30.4704 0
    endloop
  endfacet
  facet normal -0.990572 0.136994 0
    outer loop
      vertex 1.43995 -30.4704 1.8
      vertex 1.43215 -30.5268 0
      vertex 1.43215 -30.5268 1.8
    endloop
  endfacet
  facet normal 0.995175 -0.0981109 0
    outer loop
      vertex -1.44553 -30.1862 1.8
      vertex -1.43995 -30.1296 0
      vertex -1.43995 -30.1296 1.8
    endloop
  endfacet
  facet normal 0.995175 -0.0981109 0
    outer loop
      vertex -1.43995 -30.1296 0
      vertex -1.44553 -30.1862 1.8
      vertex -1.44553 -30.1862 0
    endloop
  endfacet
  facet normal -0.0193195 -0.999813 0
    outer loop
      vertex 0 -28.85 0
      vertex 0.0569267 -28.8511 1.8
      vertex 0 -28.85 1.8
    endloop
  endfacet
  facet normal -0.0193195 -0.999813 -0
    outer loop
      vertex 0.0569267 -28.8511 1.8
      vertex 0 -28.85 0
      vertex 0.0569267 -28.8511 0
    endloop
  endfacet
  facet normal 0.634178 0.773187 -0
    outer loop
      vertex -0.897686 -31.4387 0
      vertex -0.941699 -31.4026 1.8
      vertex -0.897686 -31.4387 1.8
    endloop
  endfacet
  facet normal 0.634178 0.773187 0
    outer loop
      vertex -0.941699 -31.4026 1.8
      vertex -0.897686 -31.4387 0
      vertex -0.941699 -31.4026 0
    endloop
  endfacet
  facet normal 0.175636 -0.984455 0
    outer loop
      vertex -0.282881 -28.8779 0
      vertex -0.22683 -28.8679 1.8
      vertex -0.282881 -28.8779 1.8
    endloop
  endfacet
  facet normal 0.175636 -0.984455 0
    outer loop
      vertex -0.22683 -28.8679 1.8
      vertex -0.282881 -28.8779 0
      vertex -0.22683 -28.8679 0
    endloop
  endfacet
  facet normal -0.94484 0.327533 0
    outer loop
      vertex 1.36038 -30.8019 0
      vertex 1.37903 -30.7481 1.8
      vertex 1.37903 -30.7481 0
    endloop
  endfacet
  facet normal -0.94484 0.327533 0
    outer loop
      vertex 1.37903 -30.7481 1.8
      vertex 1.36038 -30.8019 0
      vertex 1.36038 -30.8019 1.8
    endloop
  endfacet
  facet normal 0.57112 0.820867 -0
    outer loop
      vertex -0.805576 -31.5056 0
      vertex -0.852288 -31.4731 1.8
      vertex -0.805576 -31.5056 1.8
    endloop
  endfacet
  facet normal 0.57112 0.820867 0
    outer loop
      vertex -0.852288 -31.4731 1.8
      vertex -0.805576 -31.5056 0
      vertex -0.852288 -31.4731 0
    endloop
  endfacet
  facet normal 0.990572 0.136994 0
    outer loop
      vertex -1.43215 -30.5268 1.8
      vertex -1.43995 -30.4704 0
      vertex -1.43995 -30.4704 1.8
    endloop
  endfacet
  facet normal 0.990572 0.136994 0
    outer loop
      vertex -1.43995 -30.4704 0
      vertex -1.43215 -30.5268 1.8
      vertex -1.43215 -30.5268 0
    endloop
  endfacet
  facet normal 0.365195 -0.930931 0
    outer loop
      vertex -0.554891 -28.9604 0
      vertex -0.501869 -28.9396 1.8
      vertex -0.554891 -28.9604 1.8
    endloop
  endfacet
  facet normal 0.365195 -0.930931 0
    outer loop
      vertex -0.501869 -28.9396 1.8
      vertex -0.554891 -28.9604 0
      vertex -0.501869 -28.9396 0
    endloop
  endfacet
  facet normal 0.29144 0.956589 -0
    outer loop
      vertex -0.393588 -31.6956 0
      vertex -0.448074 -31.679 1.8
      vertex -0.393588 -31.6956 1.8
    endloop
  endfacet
  facet normal 0.29144 0.956589 0
    outer loop
      vertex -0.448074 -31.679 1.8
      vertex -0.393588 -31.6956 0
      vertex -0.448074 -31.679 0
    endloop
  endfacet
  facet normal 0.634178 -0.773187 0
    outer loop
      vertex -0.941699 -29.1974 0
      vertex -0.897686 -29.1613 1.8
      vertex -0.941699 -29.1974 1.8
    endloop
  endfacet
  facet normal 0.634178 -0.773187 0
    outer loop
      vertex -0.897686 -29.1613 1.8
      vertex -0.941699 -29.1974 0
      vertex -0.897686 -29.1613 0
    endloop
  endfacet
  facet normal 0.603942 -0.797028 0
    outer loop
      vertex -0.897686 -29.1613 0
      vertex -0.852288 -29.1269 1.8
      vertex -0.897686 -29.1613 1.8
    endloop
  endfacet
  facet normal 0.603942 -0.797028 0
    outer loop
      vertex -0.852288 -29.1269 1.8
      vertex -0.897686 -29.1613 0
      vertex -0.852288 -29.1269 0
    endloop
  endfacet
  facet normal -0.899636 0.43664 0
    outer loop
      vertex 1.29196 -30.9583 0
      vertex 1.31681 -30.9071 1.8
      vertex 1.31681 -30.9071 0
    endloop
  endfacet
  facet normal -0.899636 0.43664 0
    outer loop
      vertex 1.31681 -30.9071 1.8
      vertex 1.29196 -30.9583 0
      vertex 1.29196 -30.9583 1.8
    endloop
  endfacet
  facet normal 0.214274 0.976774 -0
    outer loop
      vertex -0.282881 -31.7221 0
      vertex -0.338495 -31.7099 1.8
      vertex -0.282881 -31.7221 1.8
    endloop
  endfacet
  facet normal 0.214274 0.976774 0
    outer loop
      vertex -0.338495 -31.7099 1.8
      vertex -0.282881 -31.7221 0
      vertex -0.338495 -31.7099 0
    endloop
  endfacet
  facet normal 0.136989 0.990573 -0
    outer loop
      vertex -0.170428 -31.7399 0
      vertex -0.22683 -31.7321 1.8
      vertex -0.170428 -31.7399 1.8
    endloop
  endfacet
  facet normal 0.136989 0.990573 0
    outer loop
      vertex -0.22683 -31.7321 1.8
      vertex -0.170428 -31.7399 0
      vertex -0.22683 -31.7321 0
    endloop
  endfacet
  facet normal 0.472217 -0.881483 0
    outer loop
      vertex -0.7085 -29.0349 0
      vertex -0.658286 -29.008 1.8
      vertex -0.7085 -29.0349 1.8
    endloop
  endfacet
  facet normal 0.472217 -0.881483 0
    outer loop
      vertex -0.658286 -29.008 1.8
      vertex -0.7085 -29.0349 0
      vertex -0.658286 -29.008 0
    endloop
  endfacet
  facet normal 0.984451 0.175657 0
    outer loop
      vertex -1.42214 -30.5829 1.8
      vertex -1.43215 -30.5268 0
      vertex -1.43215 -30.5268 1.8
    endloop
  endfacet
  facet normal 0.984451 0.175657 0
    outer loop
      vertex -1.43215 -30.5268 0
      vertex -1.42214 -30.5829 1.8
      vertex -1.42214 -30.5829 0
    endloop
  endfacet
  facet normal 0.326776 -0.945102 0
    outer loop
      vertex -0.501869 -28.9396 0
      vertex -0.448074 -28.921 1.8
      vertex -0.501869 -28.9396 1.8
    endloop
  endfacet
  facet normal 0.326776 -0.945102 0
    outer loop
      vertex -0.448074 -28.921 1.8
      vertex -0.501869 -28.9396 0
      vertex -0.448074 -28.921 0
    endloop
  endfacet
  facet normal -0.931118 -0.364717 0
    outer loop
      vertex 1.36038 -29.7981 0
      vertex 1.33962 -29.7451 1.8
      vertex 1.33962 -29.7451 0
    endloop
  endfacet
  facet normal -0.931118 -0.364717 0
    outer loop
      vertex 1.33962 -29.7451 1.8
      vertex 1.36038 -29.7981 0
      vertex 1.36038 -29.7981 1.8
    endloop
  endfacet
  facet normal -0.0193195 0.999813 0
    outer loop
      vertex 0.0569267 -31.7489 0
      vertex 0 -31.75 1.8
      vertex 0.0569267 -31.7489 1.8
    endloop
  endfacet
  facet normal -0.0193195 0.999813 0
    outer loop
      vertex 0 -31.75 1.8
      vertex 0.0569267 -31.7489 0
      vertex 0 -31.75 0
    endloop
  endfacet
  facet normal 0.0597121 -0.998216 0
    outer loop
      vertex -0.113765 -28.8545 0
      vertex -0.0569267 -28.8511 1.8
      vertex -0.113765 -28.8545 1.8
    endloop
  endfacet
  facet normal 0.0597121 -0.998216 0
    outer loop
      vertex -0.0569267 -28.8511 1.8
      vertex -0.113765 -28.8545 0
      vertex -0.0569267 -28.8511 0
    endloop
  endfacet
  facet normal -0.29144 0.956589 0
    outer loop
      vertex 0.448074 -31.679 0
      vertex 0.393588 -31.6956 1.8
      vertex 0.448074 -31.679 1.8
    endloop
  endfacet
  facet normal -0.29144 0.956589 0
    outer loop
      vertex 0.393588 -31.6956 1.8
      vertex 0.448074 -31.679 0
      vertex 0.393588 -31.6956 0
    endloop
  endfacet
  facet normal 0.251236 0.967926 -0
    outer loop
      vertex -0.338495 -31.7099 0
      vertex -0.393588 -31.6956 1.8
      vertex -0.338495 -31.7099 1.8
    endloop
  endfacet
  facet normal 0.251236 0.967926 0
    outer loop
      vertex -0.393588 -31.6956 1.8
      vertex -0.338495 -31.7099 0
      vertex -0.393588 -31.6956 0
    endloop
  endfacet
  facet normal -0.136989 0.990573 0
    outer loop
      vertex 0.22683 -31.7321 0
      vertex 0.170428 -31.7399 1.8
      vertex 0.22683 -31.7321 1.8
    endloop
  endfacet
  facet normal -0.136989 0.990573 0
    outer loop
      vertex 0.170428 -31.7399 1.8
      vertex 0.22683 -31.7321 0
      vertex 0.170428 -31.7399 0
    endloop
  endfacet
  facet normal -0.539179 0.842191 0
    outer loop
      vertex 0.805576 -31.5056 0
      vertex 0.757623 -31.5363 1.8
      vertex 0.805576 -31.5056 1.8
    endloop
  endfacet
  facet normal -0.539179 0.842191 0
    outer loop
      vertex 0.757623 -31.5363 1.8
      vertex 0.805576 -31.5056 0
      vertex 0.757623 -31.5363 0
    endloop
  endfacet
  facet normal -0.916335 -0.400414 0
    outer loop
      vertex 1.33962 -29.7451 0
      vertex 1.31681 -29.6929 1.8
      vertex 1.31681 -29.6929 0
    endloop
  endfacet
  facet normal -0.916335 -0.400414 0
    outer loop
      vertex 1.31681 -29.6929 1.8
      vertex 1.33962 -29.7451 0
      vertex 1.33962 -29.7451 1.8
    endloop
  endfacet
  facet normal -0.0983508 0.995152 0
    outer loop
      vertex 0.170428 -31.7399 0
      vertex 0.113765 -31.7455 1.8
      vertex 0.170428 -31.7399 1.8
    endloop
  endfacet
  facet normal -0.0983508 0.995152 0
    outer loop
      vertex 0.113765 -31.7455 1.8
      vertex 0.170428 -31.7399 0
      vertex 0.113765 -31.7455 0
    endloop
  endfacet
  facet normal 0.998271 0.0587734 0
    outer loop
      vertex -1.44553 -30.4138 1.8
      vertex -1.44888 -30.3569 0
      vertex -1.44888 -30.3569 1.8
    endloop
  endfacet
  facet normal 0.998271 0.0587734 0
    outer loop
      vertex -1.44888 -30.3569 0
      vertex -1.44553 -30.4138 1.8
      vertex -1.44553 -30.4138 0
    endloop
  endfacet
  facet normal -0.326776 0.945102 0
    outer loop
      vertex 0.501869 -31.6604 0
      vertex 0.448074 -31.679 1.8
      vertex 0.501869 -31.6604 1.8
    endloop
  endfacet
  facet normal -0.326776 0.945102 0
    outer loop
      vertex 0.448074 -31.679 1.8
      vertex 0.501869 -31.6604 0
      vertex 0.448074 -31.679 0
    endloop
  endfacet
  facet normal -0.842431 0.538805 0
    outer loop
      vertex 1.20563 -31.1056 0
      vertex 1.23633 -31.0576 1.8
      vertex 1.23633 -31.0576 0
    endloop
  endfacet
  facet normal -0.842431 0.538805 0
    outer loop
      vertex 1.23633 -31.0576 1.8
      vertex 1.20563 -31.1056 0
      vertex 1.20563 -31.1056 1.8
    endloop
  endfacet
  facet normal -0.999806 0.0196798 0
    outer loop
      vertex 1.44888 -30.3569 0
      vertex 1.45 -30.3 1.8
      vertex 1.45 -30.3 0
    endloop
  endfacet
  facet normal -0.999806 0.0196798 0
    outer loop
      vertex 1.45 -30.3 1.8
      vertex 1.44888 -30.3569 0
      vertex 1.44888 -30.3569 1.8
    endloop
  endfacet
  facet normal 0.664041 0.747696 -0
    outer loop
      vertex -0.941699 -31.4026 0
      vertex -0.984261 -31.3648 1.8
      vertex -0.941699 -31.4026 1.8
    endloop
  endfacet
  facet normal 0.664041 0.747696 0
    outer loop
      vertex -0.984261 -31.3648 1.8
      vertex -0.941699 -31.4026 0
      vertex -0.984261 -31.3648 0
    endloop
  endfacet
  facet normal -0.0597121 -0.998216 0
    outer loop
      vertex 0.0569267 -28.8511 0
      vertex 0.113765 -28.8545 1.8
      vertex 0.0569267 -28.8511 1.8
    endloop
  endfacet
  facet normal -0.0597121 -0.998216 -0
    outer loop
      vertex 0.113765 -28.8545 1.8
      vertex 0.0569267 -28.8511 0
      vertex 0.113765 -28.8545 0
    endloop
  endfacet
  facet normal -0.772923 0.6345 0
    outer loop
      vertex 1.10259 -31.2417 0
      vertex 1.13871 -31.1977 1.8
      vertex 1.13871 -31.1977 0
    endloop
  endfacet
  facet normal -0.772923 0.6345 0
    outer loop
      vertex 1.13871 -31.1977 1.8
      vertex 1.10259 -31.2417 0
      vertex 1.10259 -31.2417 1.8
    endloop
  endfacet
  facet normal -0.862642 0.505814 0
    outer loop
      vertex 1.23633 -31.0576 0
      vertex 1.26512 -31.0085 1.8
      vertex 1.26512 -31.0085 0
    endloop
  endfacet
  facet normal -0.862642 0.505814 0
    outer loop
      vertex 1.26512 -31.0085 1.8
      vertex 1.23633 -31.0576 0
      vertex 1.23633 -31.0576 1.8
    endloop
  endfacet
  facet normal -0.797379 0.603479 0
    outer loop
      vertex 1.13871 -31.1977 0
      vertex 1.17307 -31.1523 1.8
      vertex 1.17307 -31.1523 0
    endloop
  endfacet
  facet normal -0.797379 0.603479 0
    outer loop
      vertex 1.17307 -31.1523 1.8
      vertex 1.13871 -31.1977 0
      vertex 1.13871 -31.1977 1.8
    endloop
  endfacet
  facet normal 0.435729 -0.900078 0
    outer loop
      vertex -0.658286 -29.008 0
      vertex -0.607057 -28.9832 1.8
      vertex -0.658286 -29.008 1.8
    endloop
  endfacet
  facet normal 0.435729 -0.900078 0
    outer loop
      vertex -0.607057 -28.9832 1.8
      vertex -0.658286 -29.008 0
      vertex -0.607057 -28.9832 0
    endloop
  endfacet
  facet normal -0.57112 0.820867 0
    outer loop
      vertex 0.852288 -31.4731 0
      vertex 0.805576 -31.5056 1.8
      vertex 0.852288 -31.4731 1.8
    endloop
  endfacet
  facet normal -0.57112 0.820867 0
    outer loop
      vertex 0.805576 -31.5056 1.8
      vertex 0.852288 -31.4731 0
      vertex 0.805576 -31.5056 0
    endloop
  endfacet
  facet normal 0.136989 -0.990573 0
    outer loop
      vertex -0.22683 -28.8679 0
      vertex -0.170428 -28.8601 1.8
      vertex -0.22683 -28.8679 1.8
    endloop
  endfacet
  facet normal 0.136989 -0.990573 0
    outer loop
      vertex -0.170428 -28.8601 1.8
      vertex -0.22683 -28.8679 0
      vertex -0.170428 -28.8601 0
    endloop
  endfacet
  facet normal -0.365195 0.930931 0
    outer loop
      vertex 0.554891 -31.6396 0
      vertex 0.501869 -31.6604 1.8
      vertex 0.554891 -31.6396 1.8
    endloop
  endfacet
  facet normal -0.365195 0.930931 0
    outer loop
      vertex 0.501869 -31.6604 1.8
      vertex 0.554891 -31.6396 0
      vertex 0.501869 -31.6604 0
    endloop
  endfacet
  facet normal 0.984451 -0.175657 0
    outer loop
      vertex -1.43215 -30.0732 1.8
      vertex -1.42214 -30.0171 0
      vertex -1.42214 -30.0171 1.8
    endloop
  endfacet
  facet normal 0.984451 -0.175657 0
    outer loop
      vertex -1.42214 -30.0171 0
      vertex -1.43215 -30.0732 1.8
      vertex -1.43215 -30.0732 0
    endloop
  endfacet
  facet normal -0.214274 0.976774 0
    outer loop
      vertex 0.338495 -31.7099 0
      vertex 0.282881 -31.7221 1.8
      vertex 0.338495 -31.7099 1.8
    endloop
  endfacet
  facet normal -0.214274 0.976774 0
    outer loop
      vertex 0.282881 -31.7221 1.8
      vertex 0.338495 -31.7099 0
      vertex 0.282881 -31.7221 0
    endloop
  endfacet
  facet normal 0.999806 -0.0196798 0
    outer loop
      vertex -1.45 -30.3 1.8
      vertex -1.44888 -30.2431 0
      vertex -1.44888 -30.2431 1.8
    endloop
  endfacet
  facet normal 0.999806 -0.0196798 0
    outer loop
      vertex -1.44888 -30.2431 0
      vertex -1.45 -30.3 1.8
      vertex -1.45 -30.3 0
    endloop
  endfacet
  facet normal -0.400485 0.916303 0
    outer loop
      vertex 0.607057 -31.6168 0
      vertex 0.554891 -31.6396 1.8
      vertex 0.607057 -31.6168 1.8
    endloop
  endfacet
  facet normal -0.400485 0.916303 0
    outer loop
      vertex 0.554891 -31.6396 1.8
      vertex 0.607057 -31.6168 0
      vertex 0.554891 -31.6396 0
    endloop
  endfacet
  facet normal 0.720421 -0.693537 0
    outer loop
      vertex -1.06477 -29.3157 1.8
      vertex -1.0253 -29.2747 0
      vertex -1.0253 -29.2747 1.8
    endloop
  endfacet
  facet normal 0.720421 -0.693537 0
    outer loop
      vertex -1.0253 -29.2747 0
      vertex -1.06477 -29.3157 1.8
      vertex -1.06477 -29.3157 0
    endloop
  endfacet
  facet normal -0.976762 0.214326 0
    outer loop
      vertex 1.40994 -30.6385 0
      vertex 1.42214 -30.5829 1.8
      vertex 1.42214 -30.5829 0
    endloop
  endfacet
  facet normal -0.976762 0.214326 0
    outer loop
      vertex 1.42214 -30.5829 1.8
      vertex 1.40994 -30.6385 0
      vertex 1.40994 -30.6385 1.8
    endloop
  endfacet
  facet normal 0.797379 -0.603479 0
    outer loop
      vertex -1.17307 -29.4477 1.8
      vertex -1.13871 -29.4023 0
      vertex -1.13871 -29.4023 1.8
    endloop
  endfacet
  facet normal 0.797379 -0.603479 0
    outer loop
      vertex -1.13871 -29.4023 0
      vertex -1.17307 -29.4477 1.8
      vertex -1.17307 -29.4477 0
    endloop
  endfacet
  facet normal 0.365195 0.930931 -0
    outer loop
      vertex -0.501869 -31.6604 0
      vertex -0.554891 -31.6396 1.8
      vertex -0.501869 -31.6604 1.8
    endloop
  endfacet
  facet normal 0.365195 0.930931 0
    outer loop
      vertex -0.554891 -31.6396 1.8
      vertex -0.501869 -31.6604 0
      vertex -0.554891 -31.6396 0
    endloop
  endfacet
  facet normal 0.931118 0.364717 0
    outer loop
      vertex -1.33962 -30.8549 1.8
      vertex -1.36038 -30.8019 0
      vertex -1.36038 -30.8019 1.8
    endloop
  endfacet
  facet normal 0.931118 0.364717 0
    outer loop
      vertex -1.36038 -30.8019 0
      vertex -1.33962 -30.8549 1.8
      vertex -1.33962 -30.8549 0
    endloop
  endfacet
  facet normal 0.772923 -0.6345 0
    outer loop
      vertex -1.13871 -29.4023 1.8
      vertex -1.10259 -29.3583 0
      vertex -1.10259 -29.3583 1.8
    endloop
  endfacet
  facet normal 0.772923 -0.6345 0
    outer loop
      vertex -1.10259 -29.3583 0
      vertex -1.13871 -29.4023 1.8
      vertex -1.13871 -29.4023 0
    endloop
  endfacet
  facet normal 0.505769 -0.862669 0
    outer loop
      vertex -0.757623 -29.0637 0
      vertex -0.7085 -29.0349 1.8
      vertex -0.757623 -29.0637 1.8
    endloop
  endfacet
  facet normal 0.505769 -0.862669 0
    outer loop
      vertex -0.7085 -29.0349 1.8
      vertex -0.757623 -29.0637 0
      vertex -0.7085 -29.0349 0
    endloop
  endfacet
  facet normal -0.472217 0.881483 0
    outer loop
      vertex 0.7085 -31.5651 0
      vertex 0.658286 -31.592 1.8
      vertex 0.7085 -31.5651 1.8
    endloop
  endfacet
  facet normal -0.472217 0.881483 0
    outer loop
      vertex 0.658286 -31.592 1.8
      vertex 0.7085 -31.5651 0
      vertex 0.658286 -31.592 0
    endloop
  endfacet
  facet normal 0.999806 0.0196798 0
    outer loop
      vertex -1.44888 -30.3569 1.8
      vertex -1.45 -30.3 0
      vertex -1.45 -30.3 1.8
    endloop
  endfacet
  facet normal 0.999806 0.0196798 0
    outer loop
      vertex -1.45 -30.3 0
      vertex -1.44888 -30.3569 1.8
      vertex -1.44888 -30.3569 0
    endloop
  endfacet
  facet normal -0.326776 -0.945102 0
    outer loop
      vertex 0.448074 -28.921 0
      vertex 0.501869 -28.9396 1.8
      vertex 0.448074 -28.921 1.8
    endloop
  endfacet
  facet normal -0.326776 -0.945102 -0
    outer loop
      vertex 0.501869 -28.9396 1.8
      vertex 0.448074 -28.921 0
      vertex 0.501869 -28.9396 0
    endloop
  endfacet
  facet normal 0.772923 0.6345 0
    outer loop
      vertex -1.10259 -31.2417 1.8
      vertex -1.13871 -31.1977 0
      vertex -1.13871 -31.1977 1.8
    endloop
  endfacet
  facet normal 0.772923 0.6345 0
    outer loop
      vertex -1.13871 -31.1977 0
      vertex -1.10259 -31.2417 1.8
      vertex -1.10259 -31.2417 0
    endloop
  endfacet
  facet normal -0.435729 0.900078 0
    outer loop
      vertex 0.658286 -31.592 0
      vertex 0.607057 -31.6168 1.8
      vertex 0.658286 -31.592 1.8
    endloop
  endfacet
  facet normal -0.435729 0.900078 0
    outer loop
      vertex 0.607057 -31.6168 1.8
      vertex 0.658286 -31.592 0
      vertex 0.607057 -31.6168 0
    endloop
  endfacet
  facet normal 0.505769 0.862669 -0
    outer loop
      vertex -0.7085 -31.5651 0
      vertex -0.757623 -31.5363 1.8
      vertex -0.7085 -31.5651 1.8
    endloop
  endfacet
  facet normal 0.505769 0.862669 0
    outer loop
      vertex -0.757623 -31.5363 1.8
      vertex -0.7085 -31.5651 0
      vertex -0.757623 -31.5363 0
    endloop
  endfacet
  facet normal 0.472217 0.881483 -0
    outer loop
      vertex -0.658286 -31.592 0
      vertex -0.7085 -31.5651 1.8
      vertex -0.658286 -31.592 1.8
    endloop
  endfacet
  facet normal 0.472217 0.881483 0
    outer loop
      vertex -0.7085 -31.5651 1.8
      vertex -0.658286 -31.592 0
      vertex -0.7085 -31.5651 0
    endloop
  endfacet
  facet normal -0.956952 -0.290246 0
    outer loop
      vertex 1.39556 -29.9064 0
      vertex 1.37903 -29.8519 1.8
      vertex 1.37903 -29.8519 0
    endloop
  endfacet
  facet normal -0.956952 -0.290246 0
    outer loop
      vertex 1.37903 -29.8519 1.8
      vertex 1.39556 -29.9064 0
      vertex 1.39556 -29.9064 1.8
    endloop
  endfacet
  facet normal -0.820303 0.571929 0
    outer loop
      vertex 1.17307 -31.1523 0
      vertex 1.20563 -31.1056 1.8
      vertex 1.20563 -31.1056 0
    endloop
  endfacet
  facet normal -0.820303 0.571929 0
    outer loop
      vertex 1.20563 -31.1056 1.8
      vertex 1.17307 -31.1523 0
      vertex 1.17307 -31.1523 1.8
    endloop
  endfacet
  facet normal 0.899636 -0.43664 0
    outer loop
      vertex -1.31681 -29.6929 1.8
      vertex -1.29196 -29.6417 0
      vertex -1.29196 -29.6417 1.8
    endloop
  endfacet
  facet normal 0.899636 -0.43664 0
    outer loop
      vertex -1.29196 -29.6417 0
      vertex -1.31681 -29.6929 1.8
      vertex -1.31681 -29.6929 0
    endloop
  endfacet
  facet normal -0.747816 0.663906 0
    outer loop
      vertex 1.06477 -31.2843 0
      vertex 1.10259 -31.2417 1.8
      vertex 1.10259 -31.2417 0
    endloop
  endfacet
  facet normal -0.747816 0.663906 0
    outer loop
      vertex 1.10259 -31.2417 1.8
      vertex 1.06477 -31.2843 0
      vertex 1.06477 -31.2843 1.8
    endloop
  endfacet
  facet normal -0.720421 -0.693537 0
    outer loop
      vertex 1.06477 -29.3157 0
      vertex 1.0253 -29.2747 1.8
      vertex 1.0253 -29.2747 0
    endloop
  endfacet
  facet normal -0.720421 -0.693537 0
    outer loop
      vertex 1.0253 -29.2747 1.8
      vertex 1.06477 -29.3157 0
      vertex 1.06477 -29.3157 1.8
    endloop
  endfacet
  facet normal -0.976762 -0.214326 0
    outer loop
      vertex 1.42214 -30.0171 0
      vertex 1.40994 -29.9615 1.8
      vertex 1.40994 -29.9615 0
    endloop
  endfacet
  facet normal -0.976762 -0.214326 0
    outer loop
      vertex 1.40994 -29.9615 1.8
      vertex 1.42214 -30.0171 0
      vertex 1.42214 -30.0171 1.8
    endloop
  endfacet
  facet normal -0.998271 -0.0587734 0
    outer loop
      vertex 1.44888 -30.2431 0
      vertex 1.44553 -30.1862 1.8
      vertex 1.44553 -30.1862 0
    endloop
  endfacet
  facet normal -0.998271 -0.0587734 0
    outer loop
      vertex 1.44553 -30.1862 1.8
      vertex 1.44888 -30.2431 0
      vertex 1.44888 -30.2431 1.8
    endloop
  endfacet
  facet normal -0.693468 -0.720487 0
    outer loop
      vertex 0.984261 -29.2352 0
      vertex 1.0253 -29.2747 1.8
      vertex 0.984261 -29.2352 1.8
    endloop
  endfacet
  facet normal -0.693468 -0.720487 -0
    outer loop
      vertex 1.0253 -29.2747 1.8
      vertex 0.984261 -29.2352 0
      vertex 1.0253 -29.2747 0
    endloop
  endfacet
  facet normal 0.539179 0.842191 -0
    outer loop
      vertex -0.757623 -31.5363 0
      vertex -0.805576 -31.5056 1.8
      vertex -0.757623 -31.5363 1.8
    endloop
  endfacet
  facet normal 0.539179 0.842191 0
    outer loop
      vertex -0.805576 -31.5056 1.8
      vertex -0.757623 -31.5363 0
      vertex -0.805576 -31.5056 0
    endloop
  endfacet
  facet normal -0.365195 -0.930931 0
    outer loop
      vertex 0.501869 -28.9396 0
      vertex 0.554891 -28.9604 1.8
      vertex 0.501869 -28.9396 1.8
    endloop
  endfacet
  facet normal -0.365195 -0.930931 -0
    outer loop
      vertex 0.554891 -28.9604 1.8
      vertex 0.501869 -28.9396 0
      vertex 0.554891 -28.9604 0
    endloop
  endfacet
  facet normal -0.967591 0.252522 0
    outer loop
      vertex 1.39556 -30.6936 0
      vertex 1.40994 -30.6385 1.8
      vertex 1.40994 -30.6385 0
    endloop
  endfacet
  facet normal -0.967591 0.252522 0
    outer loop
      vertex 1.40994 -30.6385 1.8
      vertex 1.39556 -30.6936 0
      vertex 1.39556 -30.6936 1.8
    endloop
  endfacet
  facet normal -0.505769 0.862669 0
    outer loop
      vertex 0.757623 -31.5363 0
      vertex 0.7085 -31.5651 1.8
      vertex 0.757623 -31.5363 1.8
    endloop
  endfacet
  facet normal -0.505769 0.862669 0
    outer loop
      vertex 0.7085 -31.5651 1.8
      vertex 0.757623 -31.5363 0
      vertex 0.7085 -31.5651 0
    endloop
  endfacet
  facet normal -0.916335 0.400414 0
    outer loop
      vertex 1.31681 -30.9071 0
      vertex 1.33962 -30.8549 1.8
      vertex 1.33962 -30.8549 0
    endloop
  endfacet
  facet normal -0.916335 0.400414 0
    outer loop
      vertex 1.33962 -30.8549 1.8
      vertex 1.31681 -30.9071 0
      vertex 1.31681 -30.9071 1.8
    endloop
  endfacet
  facet normal 0.175636 0.984455 -0
    outer loop
      vertex -0.22683 -31.7321 0
      vertex -0.282881 -31.7221 1.8
      vertex -0.22683 -31.7321 1.8
    endloop
  endfacet
  facet normal 0.175636 0.984455 0
    outer loop
      vertex -0.282881 -31.7221 1.8
      vertex -0.22683 -31.7321 0
      vertex -0.282881 -31.7221 0
    endloop
  endfacet
  facet normal -0.984451 -0.175657 0
    outer loop
      vertex 1.43215 -30.0732 0
      vertex 1.42214 -30.0171 1.8
      vertex 1.42214 -30.0171 0
    endloop
  endfacet
  facet normal -0.984451 -0.175657 0
    outer loop
      vertex 1.42214 -30.0171 1.8
      vertex 1.43215 -30.0732 0
      vertex 1.43215 -30.0732 1.8
    endloop
  endfacet
  facet normal -0.931118 0.364717 0
    outer loop
      vertex 1.33962 -30.8549 0
      vertex 1.36038 -30.8019 1.8
      vertex 1.36038 -30.8019 0
    endloop
  endfacet
  facet normal -0.931118 0.364717 0
    outer loop
      vertex 1.36038 -30.8019 1.8
      vertex 1.33962 -30.8549 0
      vertex 1.33962 -30.8549 1.8
    endloop
  endfacet
  facet normal -0.435729 -0.900078 0
    outer loop
      vertex 0.607057 -28.9832 0
      vertex 0.658286 -29.008 1.8
      vertex 0.607057 -28.9832 1.8
    endloop
  endfacet
  facet normal -0.435729 -0.900078 -0
    outer loop
      vertex 0.658286 -29.008 1.8
      vertex 0.607057 -28.9832 0
      vertex 0.658286 -29.008 0
    endloop
  endfacet
  facet normal -0.990572 -0.136994 0
    outer loop
      vertex 1.43995 -30.1296 0
      vertex 1.43215 -30.0732 1.8
      vertex 1.43215 -30.0732 0
    endloop
  endfacet
  facet normal -0.990572 -0.136994 0
    outer loop
      vertex 1.43215 -30.0732 1.8
      vertex 1.43995 -30.1296 0
      vertex 1.43995 -30.1296 1.8
    endloop
  endfacet
  facet normal 0.0597121 0.998216 -0
    outer loop
      vertex -0.0569267 -31.7489 0
      vertex -0.113765 -31.7455 1.8
      vertex -0.0569267 -31.7489 1.8
    endloop
  endfacet
  facet normal 0.0597121 0.998216 0
    outer loop
      vertex -0.113765 -31.7455 1.8
      vertex -0.0569267 -31.7489 0
      vertex -0.113765 -31.7455 0
    endloop
  endfacet
  facet normal 0.29144 -0.956589 0
    outer loop
      vertex -0.448074 -28.921 0
      vertex -0.393588 -28.9044 1.8
      vertex -0.448074 -28.921 1.8
    endloop
  endfacet
  facet normal 0.29144 -0.956589 0
    outer loop
      vertex -0.393588 -28.9044 1.8
      vertex -0.448074 -28.921 0
      vertex -0.393588 -28.9044 0
    endloop
  endfacet
  facet normal 0.326776 0.945102 -0
    outer loop
      vertex -0.448074 -31.679 0
      vertex -0.501869 -31.6604 1.8
      vertex -0.448074 -31.679 1.8
    endloop
  endfacet
  facet normal 0.326776 0.945102 0
    outer loop
      vertex -0.501869 -31.6604 1.8
      vertex -0.448074 -31.679 0
      vertex -0.501869 -31.6604 0
    endloop
  endfacet
  facet normal 0.400485 -0.916303 0
    outer loop
      vertex -0.607057 -28.9832 0
      vertex -0.554891 -28.9604 1.8
      vertex -0.607057 -28.9832 1.8
    endloop
  endfacet
  facet normal 0.400485 -0.916303 0
    outer loop
      vertex -0.554891 -28.9604 1.8
      vertex -0.607057 -28.9832 0
      vertex -0.554891 -28.9604 0
    endloop
  endfacet
  facet normal -0.29144 -0.956589 0
    outer loop
      vertex 0.393588 -28.9044 0
      vertex 0.448074 -28.921 1.8
      vertex 0.393588 -28.9044 1.8
    endloop
  endfacet
  facet normal -0.29144 -0.956589 -0
    outer loop
      vertex 0.448074 -28.921 1.8
      vertex 0.393588 -28.9044 0
      vertex 0.448074 -28.921 0
    endloop
  endfacet
  facet normal 0.0193195 -0.999813 0
    outer loop
      vertex -0.0569267 -28.8511 0
      vertex 0 -28.85 1.8
      vertex -0.0569267 -28.8511 1.8
    endloop
  endfacet
  facet normal 0.0193195 -0.999813 0
    outer loop
      vertex 0 -28.85 1.8
      vertex -0.0569267 -28.8511 0
      vertex 0 -28.85 0
    endloop
  endfacet
  facet normal -0.998271 0.0587734 0
    outer loop
      vertex 1.44553 -30.4138 0
      vertex 1.44888 -30.3569 1.8
      vertex 1.44888 -30.3569 0
    endloop
  endfacet
  facet normal -0.998271 0.0587734 0
    outer loop
      vertex 1.44888 -30.3569 1.8
      vertex 1.44553 -30.4138 0
      vertex 1.44553 -30.4138 1.8
    endloop
  endfacet
  facet normal -0.995175 0.0981109 0
    outer loop
      vertex 1.43995 -30.4704 0
      vertex 1.44553 -30.4138 1.8
      vertex 1.44553 -30.4138 0
    endloop
  endfacet
  facet normal -0.995175 0.0981109 0
    outer loop
      vertex 1.44553 -30.4138 1.8
      vertex 1.43995 -30.4704 0
      vertex 1.43995 -30.4704 1.8
    endloop
  endfacet
  facet normal 0.842431 -0.538805 0
    outer loop
      vertex -1.23633 -29.5424 1.8
      vertex -1.20563 -29.4944 0
      vertex -1.20563 -29.4944 1.8
    endloop
  endfacet
  facet normal 0.842431 -0.538805 0
    outer loop
      vertex -1.20563 -29.4944 0
      vertex -1.23633 -29.5424 1.8
      vertex -1.23633 -29.5424 0
    endloop
  endfacet
  facet normal -0.472217 -0.881483 0
    outer loop
      vertex 0.658286 -29.008 0
      vertex 0.7085 -29.0349 1.8
      vertex 0.658286 -29.008 1.8
    endloop
  endfacet
  facet normal -0.472217 -0.881483 -0
    outer loop
      vertex 0.7085 -29.0349 1.8
      vertex 0.658286 -29.008 0
      vertex 0.7085 -29.0349 0
    endloop
  endfacet
  facet normal 0.0983508 -0.995152 0
    outer loop
      vertex -0.170428 -28.8601 0
      vertex -0.113765 -28.8545 1.8
      vertex -0.170428 -28.8601 1.8
    endloop
  endfacet
  facet normal 0.0983508 -0.995152 0
    outer loop
      vertex -0.113765 -28.8545 1.8
      vertex -0.170428 -28.8601 0
      vertex -0.113765 -28.8545 0
    endloop
  endfacet
  facet normal 0.214274 -0.976774 0
    outer loop
      vertex -0.338495 -28.8901 0
      vertex -0.282881 -28.8779 1.8
      vertex -0.338495 -28.8901 1.8
    endloop
  endfacet
  facet normal 0.214274 -0.976774 0
    outer loop
      vertex -0.282881 -28.8779 1.8
      vertex -0.338495 -28.8901 0
      vertex -0.282881 -28.8779 0
    endloop
  endfacet
  facet normal -0.214274 -0.976774 0
    outer loop
      vertex 0.282881 -28.8779 0
      vertex 0.338495 -28.8901 1.8
      vertex 0.282881 -28.8779 1.8
    endloop
  endfacet
  facet normal -0.214274 -0.976774 -0
    outer loop
      vertex 0.338495 -28.8901 1.8
      vertex 0.282881 -28.8779 0
      vertex 0.338495 -28.8901 0
    endloop
  endfacet
  facet normal -0.747816 -0.663906 0
    outer loop
      vertex 1.10259 -29.3583 0
      vertex 1.06477 -29.3157 1.8
      vertex 1.06477 -29.3157 0
    endloop
  endfacet
  facet normal -0.747816 -0.663906 0
    outer loop
      vertex 1.06477 -29.3157 1.8
      vertex 1.10259 -29.3583 0
      vertex 1.10259 -29.3583 1.8
    endloop
  endfacet
  facet normal 0.995175 0.0981109 0
    outer loop
      vertex -1.43995 -30.4704 1.8
      vertex -1.44553 -30.4138 0
      vertex -1.44553 -30.4138 1.8
    endloop
  endfacet
  facet normal 0.995175 0.0981109 0
    outer loop
      vertex -1.44553 -30.4138 0
      vertex -1.43995 -30.4704 1.8
      vertex -1.43995 -30.4704 0
    endloop
  endfacet
  facet normal 0.720421 0.693537 0
    outer loop
      vertex -1.0253 -31.3253 1.8
      vertex -1.06477 -31.2843 0
      vertex -1.06477 -31.2843 1.8
    endloop
  endfacet
  facet normal 0.720421 0.693537 0
    outer loop
      vertex -1.06477 -31.2843 0
      vertex -1.0253 -31.3253 1.8
      vertex -1.0253 -31.3253 0
    endloop
  endfacet
  facet normal -0.539179 -0.842191 0
    outer loop
      vertex 0.757623 -29.0637 0
      vertex 0.805576 -29.0944 1.8
      vertex 0.757623 -29.0637 1.8
    endloop
  endfacet
  facet normal -0.539179 -0.842191 -0
    outer loop
      vertex 0.805576 -29.0944 1.8
      vertex 0.757623 -29.0637 0
      vertex 0.805576 -29.0944 0
    endloop
  endfacet
  facet normal 0.862642 0.505814 0
    outer loop
      vertex -1.23633 -31.0576 1.8
      vertex -1.26512 -31.0085 0
      vertex -1.26512 -31.0085 1.8
    endloop
  endfacet
  facet normal 0.862642 0.505814 0
    outer loop
      vertex -1.26512 -31.0085 0
      vertex -1.23633 -31.0576 1.8
      vertex -1.23633 -31.0576 0
    endloop
  endfacet
  facet normal -0.999806 -0.0196798 0
    outer loop
      vertex 1.45 -30.3 0
      vertex 1.44888 -30.2431 1.8
      vertex 1.44888 -30.2431 0
    endloop
  endfacet
  facet normal -0.999806 -0.0196798 0
    outer loop
      vertex 1.44888 -30.2431 1.8
      vertex 1.45 -30.3 0
      vertex 1.45 -30.3 1.8
    endloop
  endfacet
  facet normal 0.539179 -0.842191 0
    outer loop
      vertex -0.805576 -29.0944 0
      vertex -0.757623 -29.0637 1.8
      vertex -0.805576 -29.0944 1.8
    endloop
  endfacet
  facet normal 0.539179 -0.842191 0
    outer loop
      vertex -0.757623 -29.0637 1.8
      vertex -0.805576 -29.0944 0
      vertex -0.757623 -29.0637 0
    endloop
  endfacet
  facet normal 0.976762 0.214326 0
    outer loop
      vertex -1.40994 -30.6385 1.8
      vertex -1.42214 -30.5829 0
      vertex -1.42214 -30.5829 1.8
    endloop
  endfacet
  facet normal 0.976762 0.214326 0
    outer loop
      vertex -1.42214 -30.5829 0
      vertex -1.40994 -30.6385 1.8
      vertex -1.40994 -30.6385 0
    endloop
  endfacet
  facet normal 0.820303 0.571929 0
    outer loop
      vertex -1.17307 -31.1523 1.8
      vertex -1.20563 -31.1056 0
      vertex -1.20563 -31.1056 1.8
    endloop
  endfacet
  facet normal 0.820303 0.571929 0
    outer loop
      vertex -1.20563 -31.1056 0
      vertex -1.17307 -31.1523 1.8
      vertex -1.17307 -31.1523 0
    endloop
  endfacet
  facet normal -0.820303 -0.571929 0
    outer loop
      vertex 1.20563 -29.4944 0
      vertex 1.17307 -29.4477 1.8
      vertex 1.17307 -29.4477 0
    endloop
  endfacet
  facet normal -0.820303 -0.571929 0
    outer loop
      vertex 1.17307 -29.4477 1.8
      vertex 1.20563 -29.4944 0
      vertex 1.20563 -29.4944 1.8
    endloop
  endfacet
  facet normal -0.842431 -0.538805 0
    outer loop
      vertex 1.23633 -29.5424 0
      vertex 1.20563 -29.4944 1.8
      vertex 1.20563 -29.4944 0
    endloop
  endfacet
  facet normal -0.842431 -0.538805 0
    outer loop
      vertex 1.20563 -29.4944 1.8
      vertex 1.23633 -29.5424 0
      vertex 1.23633 -29.5424 1.8
    endloop
  endfacet
  facet normal -0.984451 0.175657 0
    outer loop
      vertex 1.42214 -30.5829 0
      vertex 1.43215 -30.5268 1.8
      vertex 1.43215 -30.5268 0
    endloop
  endfacet
  facet normal -0.984451 0.175657 0
    outer loop
      vertex 1.43215 -30.5268 1.8
      vertex 1.42214 -30.5829 0
      vertex 1.42214 -30.5829 1.8
    endloop
  endfacet
  facet normal -0.603942 0.797028 0
    outer loop
      vertex 0.897686 -31.4387 0
      vertex 0.852288 -31.4731 1.8
      vertex 0.897686 -31.4387 1.8
    endloop
  endfacet
  facet normal -0.603942 0.797028 0
    outer loop
      vertex 0.852288 -31.4731 1.8
      vertex 0.897686 -31.4387 0
      vertex 0.852288 -31.4731 0
    endloop
  endfacet
  facet normal -0.899636 -0.43664 0
    outer loop
      vertex 1.31681 -29.6929 0
      vertex 1.29196 -29.6417 1.8
      vertex 1.29196 -29.6417 0
    endloop
  endfacet
  facet normal -0.899636 -0.43664 0
    outer loop
      vertex 1.29196 -29.6417 1.8
      vertex 1.31681 -29.6929 0
      vertex 1.31681 -29.6929 1.8
    endloop
  endfacet
  facet normal 0.251236 -0.967926 0
    outer loop
      vertex -0.393588 -28.9044 0
      vertex -0.338495 -28.8901 1.8
      vertex -0.393588 -28.9044 1.8
    endloop
  endfacet
  facet normal 0.251236 -0.967926 0
    outer loop
      vertex -0.338495 -28.8901 1.8
      vertex -0.393588 -28.9044 0
      vertex -0.338495 -28.8901 0
    endloop
  endfacet
  facet normal 0.797379 0.603479 0
    outer loop
      vertex -1.13871 -31.1977 1.8
      vertex -1.17307 -31.1523 0
      vertex -1.17307 -31.1523 1.8
    endloop
  endfacet
  facet normal 0.797379 0.603479 0
    outer loop
      vertex -1.17307 -31.1523 0
      vertex -1.13871 -31.1977 1.8
      vertex -1.13871 -31.1977 0
    endloop
  endfacet
  facet normal 0.976762 -0.214326 0
    outer loop
      vertex -1.42214 -30.0171 1.8
      vertex -1.40994 -29.9615 0
      vertex -1.40994 -29.9615 1.8
    endloop
  endfacet
  facet normal 0.976762 -0.214326 0
    outer loop
      vertex -1.40994 -29.9615 0
      vertex -1.42214 -30.0171 1.8
      vertex -1.42214 -30.0171 0
    endloop
  endfacet
  facet normal -0.797379 -0.603479 0
    outer loop
      vertex 1.17307 -29.4477 0
      vertex 1.13871 -29.4023 1.8
      vertex 1.13871 -29.4023 0
    endloop
  endfacet
  facet normal -0.797379 -0.603479 0
    outer loop
      vertex 1.13871 -29.4023 1.8
      vertex 1.17307 -29.4477 0
      vertex 1.17307 -29.4477 1.8
    endloop
  endfacet
  facet normal 0.998271 -0.0587734 0
    outer loop
      vertex -1.44888 -30.2431 1.8
      vertex -1.44553 -30.1862 0
      vertex -1.44553 -30.1862 1.8
    endloop
  endfacet
  facet normal 0.998271 -0.0587734 0
    outer loop
      vertex -1.44553 -30.1862 0
      vertex -1.44888 -30.2431 1.8
      vertex -1.44888 -30.2431 0
    endloop
  endfacet
  facet normal -0.505769 -0.862669 0
    outer loop
      vertex 0.7085 -29.0349 0
      vertex 0.757623 -29.0637 1.8
      vertex 0.7085 -29.0349 1.8
    endloop
  endfacet
  facet normal -0.505769 -0.862669 -0
    outer loop
      vertex 0.757623 -29.0637 1.8
      vertex 0.7085 -29.0349 0
      vertex 0.757623 -29.0637 0
    endloop
  endfacet
  facet normal 0.94484 -0.327533 0
    outer loop
      vertex -1.37903 -29.8519 1.8
      vertex -1.36038 -29.7981 0
      vertex -1.36038 -29.7981 1.8
    endloop
  endfacet
  facet normal 0.94484 -0.327533 0
    outer loop
      vertex -1.36038 -29.7981 0
      vertex -1.37903 -29.8519 1.8
      vertex -1.37903 -29.8519 0
    endloop
  endfacet
  facet normal 0.931118 -0.364717 0
    outer loop
      vertex -1.36038 -29.7981 1.8
      vertex -1.33962 -29.7451 0
      vertex -1.33962 -29.7451 1.8
    endloop
  endfacet
  facet normal 0.931118 -0.364717 0
    outer loop
      vertex -1.33962 -29.7451 0
      vertex -1.36038 -29.7981 1.8
      vertex -1.36038 -29.7981 0
    endloop
  endfacet
  facet normal -0.603942 -0.797028 0
    outer loop
      vertex 0.852288 -29.1269 0
      vertex 0.897686 -29.1613 1.8
      vertex 0.852288 -29.1269 1.8
    endloop
  endfacet
  facet normal -0.603942 -0.797028 -0
    outer loop
      vertex 0.897686 -29.1613 1.8
      vertex 0.852288 -29.1269 0
      vertex 0.897686 -29.1613 0
    endloop
  endfacet
  facet normal -0.251236 -0.967926 0
    outer loop
      vertex 0.338495 -28.8901 0
      vertex 0.393588 -28.9044 1.8
      vertex 0.338495 -28.8901 1.8
    endloop
  endfacet
  facet normal -0.251236 -0.967926 -0
    outer loop
      vertex 0.393588 -28.9044 1.8
      vertex 0.338495 -28.8901 0
      vertex 0.393588 -28.9044 0
    endloop
  endfacet
  facet normal -0.0983508 -0.995152 0
    outer loop
      vertex 0.113765 -28.8545 0
      vertex 0.170428 -28.8601 1.8
      vertex 0.113765 -28.8545 1.8
    endloop
  endfacet
  facet normal -0.0983508 -0.995152 -0
    outer loop
      vertex 0.170428 -28.8601 1.8
      vertex 0.113765 -28.8545 0
      vertex 0.170428 -28.8601 0
    endloop
  endfacet
  facet normal -0.862642 -0.505814 0
    outer loop
      vertex 1.26512 -29.5915 0
      vertex 1.23633 -29.5424 1.8
      vertex 1.23633 -29.5424 0
    endloop
  endfacet
  facet normal -0.862642 -0.505814 0
    outer loop
      vertex 1.23633 -29.5424 1.8
      vertex 1.26512 -29.5915 0
      vertex 1.26512 -29.5915 1.8
    endloop
  endfacet
  facet normal -0.881866 -0.4715 0
    outer loop
      vertex 1.29196 -29.6417 0
      vertex 1.26512 -29.5915 1.8
      vertex 1.26512 -29.5915 0
    endloop
  endfacet
  facet normal -0.881866 -0.4715 0
    outer loop
      vertex 1.26512 -29.5915 1.8
      vertex 1.29196 -29.6417 0
      vertex 1.29196 -29.6417 1.8
    endloop
  endfacet
  facet normal 0.967591 0.252522 0
    outer loop
      vertex -1.39556 -30.6936 1.8
      vertex -1.40994 -30.6385 0
      vertex -1.40994 -30.6385 1.8
    endloop
  endfacet
  facet normal 0.967591 0.252522 0
    outer loop
      vertex -1.40994 -30.6385 0
      vertex -1.39556 -30.6936 1.8
      vertex -1.39556 -30.6936 0
    endloop
  endfacet
  facet normal -0.175636 -0.984455 0
    outer loop
      vertex 0.22683 -28.8679 0
      vertex 0.282881 -28.8779 1.8
      vertex 0.22683 -28.8679 1.8
    endloop
  endfacet
  facet normal -0.175636 -0.984455 -0
    outer loop
      vertex 0.282881 -28.8779 1.8
      vertex 0.22683 -28.8679 0
      vertex 0.282881 -28.8779 0
    endloop
  endfacet
  facet normal 0.693468 -0.720487 0
    outer loop
      vertex -1.0253 -29.2747 0
      vertex -0.984261 -29.2352 1.8
      vertex -1.0253 -29.2747 1.8
    endloop
  endfacet
  facet normal 0.693468 -0.720487 0
    outer loop
      vertex -0.984261 -29.2352 1.8
      vertex -1.0253 -29.2747 0
      vertex -0.984261 -29.2352 0
    endloop
  endfacet
  facet normal 0.603942 0.797028 -0
    outer loop
      vertex -0.852288 -31.4731 0
      vertex -0.897686 -31.4387 1.8
      vertex -0.852288 -31.4731 1.8
    endloop
  endfacet
  facet normal 0.603942 0.797028 0
    outer loop
      vertex -0.897686 -31.4387 1.8
      vertex -0.852288 -31.4731 0
      vertex -0.897686 -31.4387 0
    endloop
  endfacet
  facet normal -0.772923 -0.6345 0
    outer loop
      vertex 1.13871 -29.4023 0
      vertex 1.10259 -29.3583 1.8
      vertex 1.10259 -29.3583 0
    endloop
  endfacet
  facet normal -0.772923 -0.6345 0
    outer loop
      vertex 1.10259 -29.3583 1.8
      vertex 1.13871 -29.4023 0
      vertex 1.13871 -29.4023 1.8
    endloop
  endfacet
  facet normal -0.57112 -0.820867 0
    outer loop
      vertex 0.805576 -29.0944 0
      vertex 0.852288 -29.1269 1.8
      vertex 0.805576 -29.0944 1.8
    endloop
  endfacet
  facet normal -0.57112 -0.820867 -0
    outer loop
      vertex 0.852288 -29.1269 1.8
      vertex 0.805576 -29.0944 0
      vertex 0.852288 -29.1269 0
    endloop
  endfacet
  facet normal 0.956952 0.290246 0
    outer loop
      vertex -1.37903 -30.7481 1.8
      vertex -1.39556 -30.6936 0
      vertex -1.39556 -30.6936 1.8
    endloop
  endfacet
  facet normal 0.956952 0.290246 0
    outer loop
      vertex -1.39556 -30.6936 0
      vertex -1.37903 -30.7481 1.8
      vertex -1.37903 -30.7481 0
    endloop
  endfacet
  facet normal 0.747816 0.663906 0
    outer loop
      vertex -1.06477 -31.2843 1.8
      vertex -1.10259 -31.2417 0
      vertex -1.10259 -31.2417 1.8
    endloop
  endfacet
  facet normal 0.747816 0.663906 0
    outer loop
      vertex -1.10259 -31.2417 0
      vertex -1.06477 -31.2843 1.8
      vertex -1.06477 -31.2843 0
    endloop
  endfacet
  facet normal -0.664041 -0.747696 0
    outer loop
      vertex 0.941699 -29.1974 0
      vertex 0.984261 -29.2352 1.8
      vertex 0.941699 -29.1974 1.8
    endloop
  endfacet
  facet normal -0.664041 -0.747696 -0
    outer loop
      vertex 0.984261 -29.2352 1.8
      vertex 0.941699 -29.1974 0
      vertex 0.984261 -29.2352 0
    endloop
  endfacet
  facet normal 0.881866 0.4715 0
    outer loop
      vertex -1.26512 -31.0085 1.8
      vertex -1.29196 -30.9583 0
      vertex -1.29196 -30.9583 1.8
    endloop
  endfacet
  facet normal 0.881866 0.4715 0
    outer loop
      vertex -1.29196 -30.9583 0
      vertex -1.26512 -31.0085 1.8
      vertex -1.26512 -31.0085 0
    endloop
  endfacet
  facet normal -0.634178 0.773187 0
    outer loop
      vertex 0.941699 -31.4026 0
      vertex 0.897686 -31.4387 1.8
      vertex 0.941699 -31.4026 1.8
    endloop
  endfacet
  facet normal -0.634178 0.773187 0
    outer loop
      vertex 0.897686 -31.4387 1.8
      vertex 0.941699 -31.4026 0
      vertex 0.897686 -31.4387 0
    endloop
  endfacet
  facet normal 0.956952 -0.290246 0
    outer loop
      vertex -1.39556 -29.9064 1.8
      vertex -1.37903 -29.8519 0
      vertex -1.37903 -29.8519 1.8
    endloop
  endfacet
  facet normal 0.956952 -0.290246 0
    outer loop
      vertex -1.37903 -29.8519 0
      vertex -1.39556 -29.9064 1.8
      vertex -1.39556 -29.9064 0
    endloop
  endfacet
  facet normal -0.400485 -0.916303 0
    outer loop
      vertex 0.554891 -28.9604 0
      vertex 0.607057 -28.9832 1.8
      vertex 0.554891 -28.9604 1.8
    endloop
  endfacet
  facet normal -0.400485 -0.916303 -0
    outer loop
      vertex 0.607057 -28.9832 1.8
      vertex 0.554891 -28.9604 0
      vertex 0.607057 -28.9832 0
    endloop
  endfacet
  facet normal -0.664041 0.747696 0
    outer loop
      vertex 0.984261 -31.3648 0
      vertex 0.941699 -31.4026 1.8
      vertex 0.984261 -31.3648 1.8
    endloop
  endfacet
  facet normal -0.664041 0.747696 0
    outer loop
      vertex 0.941699 -31.4026 1.8
      vertex 0.984261 -31.3648 0
      vertex 0.941699 -31.4026 0
    endloop
  endfacet
  facet normal 0.967591 -0.252522 0
    outer loop
      vertex -1.40994 -29.9615 1.8
      vertex -1.39556 -29.9064 0
      vertex -1.39556 -29.9064 1.8
    endloop
  endfacet
  facet normal 0.967591 -0.252522 0
    outer loop
      vertex -1.39556 -29.9064 0
      vertex -1.40994 -29.9615 1.8
      vertex -1.40994 -29.9615 0
    endloop
  endfacet
  facet normal 0.916335 -0.400414 0
    outer loop
      vertex -1.33962 -29.7451 1.8
      vertex -1.31681 -29.6929 0
      vertex -1.31681 -29.6929 1.8
    endloop
  endfacet
  facet normal 0.916335 -0.400414 0
    outer loop
      vertex -1.31681 -29.6929 0
      vertex -1.33962 -29.7451 1.8
      vertex -1.33962 -29.7451 0
    endloop
  endfacet
  facet normal -0.634178 -0.773187 0
    outer loop
      vertex 0.897686 -29.1613 0
      vertex 0.941699 -29.1974 1.8
      vertex 0.897686 -29.1613 1.8
    endloop
  endfacet
  facet normal -0.634178 -0.773187 -0
    outer loop
      vertex 0.941699 -29.1974 1.8
      vertex 0.897686 -29.1613 0
      vertex 0.941699 -29.1974 0
    endloop
  endfacet
  facet normal 0.862642 -0.505814 0
    outer loop
      vertex -1.26512 -29.5915 1.8
      vertex -1.23633 -29.5424 0
      vertex -1.23633 -29.5424 1.8
    endloop
  endfacet
  facet normal 0.862642 -0.505814 0
    outer loop
      vertex -1.23633 -29.5424 0
      vertex -1.26512 -29.5915 1.8
      vertex -1.26512 -29.5915 0
    endloop
  endfacet
  facet normal 0.881866 -0.4715 0
    outer loop
      vertex -1.29196 -29.6417 1.8
      vertex -1.26512 -29.5915 0
      vertex -1.26512 -29.5915 1.8
    endloop
  endfacet
  facet normal 0.881866 -0.4715 0
    outer loop
      vertex -1.26512 -29.5915 0
      vertex -1.29196 -29.6417 1.8
      vertex -1.29196 -29.6417 0
    endloop
  endfacet
  facet normal -0.400737 0.916193 0
    outer loop
      vertex -12.4372 30.0261 0
      vertex -13.6064 29.5147 1.8
      vertex -12.4372 30.0261 1.8
    endloop
  endfacet
  facet normal -0.400737 0.916193 0
    outer loop
      vertex -13.6064 29.5147 1.8
      vertex -12.4372 30.0261 0
      vertex -13.6064 29.5147 0
    endloop
  endfacet
  facet normal 0.998267 0.058847 0
    outer loop
      vertex 32.4749 1.27594 1.8
      vertex 32.3998 2.54992 0
      vertex 32.3998 2.54992 1.8
    endloop
  endfacet
  facet normal 0.998267 0.058847 0
    outer loop
      vertex 32.3998 2.54992 0
      vertex 32.4749 1.27594 1.8
      vertex 32.4749 1.27594 0
    endloop
  endfacet
  facet normal 0.999807 0.019668 0
    outer loop
      vertex 32.5 0 1.8
      vertex 32.4749 1.27594 0
      vertex 32.4749 1.27594 1.8
    endloop
  endfacet
  facet normal 0.999807 0.019668 0
    outer loop
      vertex 32.4749 1.27594 0
      vertex 32.5 0 1.8
      vertex 32.5 0 0
    endloop
  endfacet
  facet normal -0.820408 -0.571778 0
    outer loop
      vertex -26.2931 -19.103 0
      vertex -27.0228 -18.056 1.8
      vertex -27.0228 -18.056 0
    endloop
  endfacet
  facet normal -0.820408 -0.571778 0
    outer loop
      vertex -27.0228 -18.056 1.8
      vertex -26.2931 -19.103 0
      vertex -26.2931 -19.103 1.8
    endloop
  endfacet
  facet normal -0.175834 0.98442 0
    outer loop
      vertex -5.08412 32.0999 0
      vertex -6.34044 31.8755 1.8
      vertex -5.08412 32.0999 1.8
    endloop
  endfacet
  facet normal -0.175834 0.98442 0
    outer loop
      vertex -6.34044 31.8755 1.8
      vertex -5.08412 32.0999 0
      vertex -6.34044 31.8755 0
    endloop
  endfacet
  facet normal 0.693062 0.720878 -0
    outer loop
      vertex 22.981 22.981 0
      vertex 22.061 23.8655 1.8
      vertex 22.981 22.981 1.8
    endloop
  endfacet
  facet normal 0.693062 0.720878 0
    outer loop
      vertex 22.061 23.8655 1.8
      vertex 22.981 22.981 0
      vertex 22.061 23.8655 0
    endloop
  endfacet
  facet normal 0.899738 0.436431 0
    outer loop
      vertex 29.5147 13.6064 1.8
      vertex 28.9577 14.7547 0
      vertex 28.9577 14.7547 1.8
    endloop
  endfacet
  facet normal 0.899738 0.436431 0
    outer loop
      vertex 28.9577 14.7547 0
      vertex 29.5147 13.6064 1.8
      vertex 29.5147 13.6064 0
    endloop
  endfacet
  facet normal 0.0980257 -0.995184 0
    outer loop
      vertex 2.54992 -32.3998 0
      vertex 3.81997 -32.2747 1.8
      vertex 2.54992 -32.3998 1.8
    endloop
  endfacet
  facet normal 0.0980257 -0.995184 0
    outer loop
      vertex 3.81997 -32.2747 1.8
      vertex 2.54992 -32.3998 0
      vertex 3.81997 -32.2747 0
    endloop
  endfacet
  facet normal -0.797322 0.603554 0
    outer loop
      vertex -26.2931 19.103 0
      vertex -25.5228 20.1206 1.8
      vertex -25.5228 20.1206 0
    endloop
  endfacet
  facet normal -0.797322 0.603554 0
    outer loop
      vertex -25.5228 20.1206 1.8
      vertex -26.2931 19.103 0
      vertex -26.2931 19.103 1.8
    endloop
  endfacet
  facet normal -0.720878 0.693062 0
    outer loop
      vertex -23.8655 22.061 0
      vertex -22.981 22.981 1.8
      vertex -22.981 22.981 0
    endloop
  endfacet
  facet normal -0.720878 0.693062 0
    outer loop
      vertex -22.981 22.981 1.8
      vertex -23.8655 22.061 0
      vertex -23.8655 22.061 1.8
    endloop
  endfacet
  facet normal 0.842226 -0.539125 0
    outer loop
      vertex 27.0228 -18.056 1.8
      vertex 27.7108 -16.9812 0
      vertex 27.7108 -16.9812 1.8
    endloop
  endfacet
  facet normal 0.842226 -0.539125 0
    outer loop
      vertex 27.7108 -16.9812 0
      vertex 27.0228 -18.056 1.8
      vertex 27.0228 -18.056 0
    endloop
  endfacet
  facet normal 0.019668 -0.999807 0
    outer loop
      vertex 0 -32.5 0
      vertex 1.27594 -32.4749 1.8
      vertex 0 -32.5 1.8
    endloop
  endfacet
  facet normal 0.019668 -0.999807 0
    outer loop
      vertex 1.27594 -32.4749 1.8
      vertex 0 -32.5 0
      vertex 1.27594 -32.4749 0
    endloop
  endfacet
  facet normal 0.956935 0.290303 0
    outer loop
      vertex 31.2798 8.82181 1.8
      vertex 30.9093 10.0431 0
      vertex 30.9093 10.0431 1.8
    endloop
  endfacet
  facet normal 0.956935 0.290303 0
    outer loop
      vertex 30.9093 10.0431 0
      vertex 31.2798 8.82181 1.8
      vertex 31.2798 8.82181 0
    endloop
  endfacet
  facet normal -0.862737 -0.505653 0
    outer loop
      vertex -27.7108 -16.9812 0
      vertex -28.3561 -15.8802 1.8
      vertex -28.3561 -15.8802 0
    endloop
  endfacet
  facet normal -0.862737 -0.505653 0
    outer loop
      vertex -28.3561 -15.8802 1.8
      vertex -27.7108 -16.9812 0
      vertex -27.7108 -16.9812 1.8
    endloop
  endfacet
  facet normal 0.505653 0.862737 -0
    outer loop
      vertex 16.9812 27.7108 0
      vertex 15.8802 28.3561 1.8
      vertex 16.9812 27.7108 1.8
    endloop
  endfacet
  facet normal 0.505653 0.862737 0
    outer loop
      vertex 15.8802 28.3561 1.8
      vertex 16.9812 27.7108 0
      vertex 15.8802 28.3561 0
    endloop
  endfacet
  facet normal 0.956935 -0.290303 0
    outer loop
      vertex 30.9093 -10.0431 1.8
      vertex 31.2798 -8.82181 0
      vertex 31.2798 -8.82181 1.8
    endloop
  endfacet
  facet normal 0.956935 -0.290303 0
    outer loop
      vertex 31.2798 -8.82181 0
      vertex 30.9093 -10.0431 1.8
      vertex 30.9093 -10.0431 0
    endloop
  endfacet
  facet normal 0.634393 -0.77301 0
    outer loop
      vertex 20.1206 -25.5228 0
      vertex 21.1071 -24.7132 1.8
      vertex 20.1206 -25.5228 1.8
    endloop
  endfacet
  facet normal 0.634393 -0.77301 0
    outer loop
      vertex 21.1071 -24.7132 1.8
      vertex 20.1206 -25.5228 0
      vertex 21.1071 -24.7132 0
    endloop
  endfacet
  facet normal -0.603554 0.797322 0
    outer loop
      vertex -19.103 26.2931 0
      vertex -20.1206 25.5228 1.8
      vertex -19.103 26.2931 1.8
    endloop
  endfacet
  facet normal -0.603554 0.797322 0
    outer loop
      vertex -20.1206 25.5228 1.8
      vertex -19.103 26.2931 0
      vertex -20.1206 25.5228 0
    endloop
  endfacet
  facet normal 0.36445 -0.931223 0
    outer loop
      vertex 11.2488 -30.4912 0
      vertex 12.4372 -30.0261 1.8
      vertex 11.2488 -30.4912 1.8
    endloop
  endfacet
  facet normal 0.36445 -0.931223 0
    outer loop
      vertex 12.4372 -30.0261 1.8
      vertex 11.2488 -30.4912 0
      vertex 12.4372 -30.0261 0
    endloop
  endfacet
  facet normal -0.967604 0.252472 0
    outer loop
      vertex -31.602 7.58697 0
      vertex -31.2798 8.82181 1.8
      vertex -31.2798 8.82181 0
    endloop
  endfacet
  facet normal -0.967604 0.252472 0
    outer loop
      vertex -31.2798 8.82181 1.8
      vertex -31.602 7.58697 0
      vertex -31.602 7.58697 1.8
    endloop
  endfacet
  facet normal 0.720878 -0.693062 0
    outer loop
      vertex 22.981 -22.981 1.8
      vertex 23.8655 -22.061 0
      vertex 23.8655 -22.061 1.8
    endloop
  endfacet
  facet normal 0.720878 -0.693062 0
    outer loop
      vertex 23.8655 -22.061 0
      vertex 22.981 -22.981 1.8
      vertex 22.981 -22.981 0
    endloop
  endfacet
  facet normal -0.881919 0.471401 0
    outer loop
      vertex -28.9577 14.7547 0
      vertex -28.3561 15.8802 1.8
      vertex -28.3561 15.8802 0
    endloop
  endfacet
  facet normal -0.881919 0.471401 0
    outer loop
      vertex -28.3561 15.8802 1.8
      vertex -28.9577 14.7547 0
      vertex -28.9577 14.7547 1.8
    endloop
  endfacet
  facet normal 0.98442 -0.175834 0
    outer loop
      vertex 31.8755 -6.34044 1.8
      vertex 32.0999 -5.08412 0
      vertex 32.0999 -5.08412 1.8
    endloop
  endfacet
  facet normal 0.98442 -0.175834 0
    outer loop
      vertex 32.0999 -5.08412 0
      vertex 31.8755 -6.34044 1.8
      vertex 31.8755 -6.34044 0
    endloop
  endfacet
  facet normal -0.36445 -0.931223 0
    outer loop
      vertex -12.4372 -30.0261 0
      vertex -11.2488 -30.4912 1.8
      vertex -12.4372 -30.0261 1.8
    endloop
  endfacet
  facet normal -0.36445 -0.931223 -0
    outer loop
      vertex -11.2488 -30.4912 1.8
      vertex -12.4372 -30.0261 0
      vertex -11.2488 -30.4912 0
    endloop
  endfacet
  facet normal 0.571778 0.820408 -0
    outer loop
      vertex 19.103 26.2931 0
      vertex 18.056 27.0228 1.8
      vertex 19.103 26.2931 1.8
    endloop
  endfacet
  facet normal 0.571778 0.820408 0
    outer loop
      vertex 18.056 27.0228 1.8
      vertex 19.103 26.2931 0
      vertex 18.056 27.0228 0
    endloop
  endfacet
  facet normal 0.664271 0.747491 -0
    outer loop
      vertex 22.061 23.8655 0
      vertex 21.1071 24.7132 1.8
      vertex 22.061 23.8655 1.8
    endloop
  endfacet
  facet normal 0.664271 0.747491 0
    outer loop
      vertex 21.1071 24.7132 1.8
      vertex 22.061 23.8655 0
      vertex 21.1071 24.7132 0
    endloop
  endfacet
  facet normal 0.505653 -0.862737 0
    outer loop
      vertex 15.8802 -28.3561 0
      vertex 16.9812 -27.7108 1.8
      vertex 15.8802 -28.3561 1.8
    endloop
  endfacet
  facet normal 0.505653 -0.862737 0
    outer loop
      vertex 16.9812 -27.7108 1.8
      vertex 15.8802 -28.3561 0
      vertex 16.9812 -27.7108 0
    endloop
  endfacet
  facet normal 0.603554 -0.797322 0
    outer loop
      vertex 19.103 -26.2931 0
      vertex 20.1206 -25.5228 1.8
      vertex 19.103 -26.2931 1.8
    endloop
  endfacet
  facet normal 0.603554 -0.797322 0
    outer loop
      vertex 20.1206 -25.5228 1.8
      vertex 19.103 -26.2931 0
      vertex 20.1206 -25.5228 0
    endloop
  endfacet
  facet normal 0.999807 -0.019668 0
    outer loop
      vertex 32.4749 -1.27594 1.8
      vertex 32.5 0 0
      vertex 32.5 0 1.8
    endloop
  endfacet
  facet normal 0.999807 -0.019668 0
    outer loop
      vertex 32.5 0 0
      vertex 32.4749 -1.27594 1.8
      vertex 32.4749 -1.27594 0
    endloop
  endfacet
  facet normal -0.36445 0.931223 0
    outer loop
      vertex -11.2488 30.4912 0
      vertex -12.4372 30.0261 1.8
      vertex -11.2488 30.4912 1.8
    endloop
  endfacet
  facet normal -0.36445 0.931223 0
    outer loop
      vertex -12.4372 30.0261 1.8
      vertex -11.2488 30.4912 0
      vertex -12.4372 30.0261 0
    endloop
  endfacet
  facet normal 0.058847 -0.998267 0
    outer loop
      vertex 1.27594 -32.4749 0
      vertex 2.54992 -32.3998 1.8
      vertex 1.27594 -32.4749 1.8
    endloop
  endfacet
  facet normal 0.058847 -0.998267 0
    outer loop
      vertex 2.54992 -32.3998 1.8
      vertex 1.27594 -32.4749 0
      vertex 2.54992 -32.3998 0
    endloop
  endfacet
  facet normal -0.98442 -0.175834 0
    outer loop
      vertex -31.8755 -6.34044 0
      vertex -32.0999 -5.08412 1.8
      vertex -32.0999 -5.08412 0
    endloop
  endfacet
  facet normal -0.98442 -0.175834 0
    outer loop
      vertex -32.0999 -5.08412 1.8
      vertex -31.8755 -6.34044 0
      vertex -31.8755 -6.34044 1.8
    endloop
  endfacet
  facet normal -0.214311 0.976765 0
    outer loop
      vertex -6.34044 31.8755 0
      vertex -7.58697 31.602 1.8
      vertex -6.34044 31.8755 1.8
    endloop
  endfacet
  facet normal -0.214311 0.976765 0
    outer loop
      vertex -7.58697 31.602 1.8
      vertex -6.34044 31.8755 0
      vertex -7.58697 31.602 0
    endloop
  endfacet
  facet normal 0.471401 -0.881919 0
    outer loop
      vertex 14.7547 -28.9577 0
      vertex 15.8802 -28.3561 1.8
      vertex 14.7547 -28.9577 1.8
    endloop
  endfacet
  facet normal 0.471401 -0.881919 0
    outer loop
      vertex 15.8802 -28.3561 1.8
      vertex 14.7547 -28.9577 0
      vertex 15.8802 -28.3561 0
    endloop
  endfacet
  facet normal 0.944806 -0.32763 0
    outer loop
      vertex 30.4912 -11.2488 1.8
      vertex 30.9093 -10.0431 0
      vertex 30.9093 -10.0431 1.8
    endloop
  endfacet
  facet normal 0.944806 -0.32763 0
    outer loop
      vertex 30.9093 -10.0431 0
      vertex 30.4912 -11.2488 1.8
      vertex 30.4912 -11.2488 0
    endloop
  endfacet
  facet normal 0.214311 0.976765 -0
    outer loop
      vertex 7.58697 31.602 0
      vertex 6.34044 31.8755 1.8
      vertex 7.58697 31.602 1.8
    endloop
  endfacet
  facet normal 0.214311 0.976765 0
    outer loop
      vertex 6.34044 31.8755 1.8
      vertex 7.58697 31.602 0
      vertex 6.34044 31.8755 0
    endloop
  endfacet
  facet normal 0.862737 0.505653 0
    outer loop
      vertex 28.3561 15.8802 1.8
      vertex 27.7108 16.9812 0
      vertex 27.7108 16.9812 1.8
    endloop
  endfacet
  facet normal 0.862737 0.505653 0
    outer loop
      vertex 27.7108 16.9812 0
      vertex 28.3561 15.8802 1.8
      vertex 28.3561 15.8802 0
    endloop
  endfacet
  facet normal -0.944806 -0.32763 0
    outer loop
      vertex -30.4912 -11.2488 0
      vertex -30.9093 -10.0431 1.8
      vertex -30.9093 -10.0431 0
    endloop
  endfacet
  facet normal -0.944806 -0.32763 0
    outer loop
      vertex -30.9093 -10.0431 1.8
      vertex -30.4912 -11.2488 0
      vertex -30.4912 -11.2488 1.8
    endloop
  endfacet
  facet normal -0.471401 0.881919 0
    outer loop
      vertex -14.7547 28.9577 0
      vertex -15.8802 28.3561 1.8
      vertex -14.7547 28.9577 1.8
    endloop
  endfacet
  facet normal -0.471401 0.881919 0
    outer loop
      vertex -15.8802 28.3561 1.8
      vertex -14.7547 28.9577 0
      vertex -15.8802 28.3561 0
    endloop
  endfacet
  facet normal -0.797322 -0.603554 0
    outer loop
      vertex -25.5228 -20.1206 0
      vertex -26.2931 -19.103 1.8
      vertex -26.2931 -19.103 0
    endloop
  endfacet
  facet normal -0.797322 -0.603554 0
    outer loop
      vertex -26.2931 -19.103 1.8
      vertex -25.5228 -20.1206 0
      vertex -25.5228 -20.1206 1.8
    endloop
  endfacet
  facet normal -0.058847 -0.998267 0
    outer loop
      vertex -2.54992 -32.3998 0
      vertex -1.27594 -32.4749 1.8
      vertex -2.54992 -32.3998 1.8
    endloop
  endfacet
  facet normal -0.058847 -0.998267 -0
    outer loop
      vertex -1.27594 -32.4749 1.8
      vertex -2.54992 -32.3998 0
      vertex -1.27594 -32.4749 0
    endloop
  endfacet
  facet normal -0.956935 0.290303 0
    outer loop
      vertex -31.2798 8.82181 0
      vertex -30.9093 10.0431 1.8
      vertex -30.9093 10.0431 0
    endloop
  endfacet
  facet normal -0.956935 0.290303 0
    outer loop
      vertex -30.9093 10.0431 1.8
      vertex -31.2798 8.82181 0
      vertex -31.2798 8.82181 1.8
    endloop
  endfacet
  facet normal -0.32763 -0.944806 0
    outer loop
      vertex -11.2488 -30.4912 0
      vertex -10.0431 -30.9093 1.8
      vertex -11.2488 -30.4912 1.8
    endloop
  endfacet
  facet normal -0.32763 -0.944806 -0
    outer loop
      vertex -10.0431 -30.9093 1.8
      vertex -11.2488 -30.4912 0
      vertex -10.0431 -30.9093 0
    endloop
  endfacet
  facet normal 0.571778 -0.820408 0
    outer loop
      vertex 18.056 -27.0228 0
      vertex 19.103 -26.2931 1.8
      vertex 18.056 -27.0228 1.8
    endloop
  endfacet
  facet normal 0.571778 -0.820408 0
    outer loop
      vertex 19.103 -26.2931 1.8
      vertex 18.056 -27.0228 0
      vertex 19.103 -26.2931 0
    endloop
  endfacet
  facet normal -0.931223 0.36445 0
    outer loop
      vertex -30.4912 11.2488 0
      vertex -30.0261 12.4372 1.8
      vertex -30.0261 12.4372 0
    endloop
  endfacet
  facet normal -0.931223 0.36445 0
    outer loop
      vertex -30.0261 12.4372 1.8
      vertex -30.4912 11.2488 0
      vertex -30.4912 11.2488 1.8
    endloop
  endfacet
  facet normal -0.603554 -0.797322 0
    outer loop
      vertex -20.1206 -25.5228 0
      vertex -19.103 -26.2931 1.8
      vertex -20.1206 -25.5228 1.8
    endloop
  endfacet
  facet normal -0.603554 -0.797322 -0
    outer loop
      vertex -19.103 -26.2931 1.8
      vertex -20.1206 -25.5228 0
      vertex -19.103 -26.2931 0
    endloop
  endfacet
  facet normal 0.990575 0.136971 0
    outer loop
      vertex 32.2747 3.81997 1.8
      vertex 32.0999 5.08412 0
      vertex 32.0999 5.08412 1.8
    endloop
  endfacet
  facet normal 0.990575 0.136971 0
    outer loop
      vertex 32.0999 5.08412 0
      vertex 32.2747 3.81997 1.8
      vertex 32.2747 3.81997 0
    endloop
  endfacet
  facet normal 0.019668 0.999807 -0
    outer loop
      vertex 1.27594 32.4749 0
      vertex 0 32.5 1.8
      vertex 1.27594 32.4749 1.8
    endloop
  endfacet
  facet normal 0.019668 0.999807 0
    outer loop
      vertex 0 32.5 1.8
      vertex 1.27594 32.4749 0
      vertex 0 32.5 0
    endloop
  endfacet
  facet normal -0.019668 -0.999807 0
    outer loop
      vertex -1.27594 -32.4749 0
      vertex 0 -32.5 1.8
      vertex -1.27594 -32.4749 1.8
    endloop
  endfacet
  facet normal -0.019668 -0.999807 -0
    outer loop
      vertex 0 -32.5 1.8
      vertex -1.27594 -32.4749 0
      vertex 0 -32.5 0
    endloop
  endfacet
  facet normal 0.842226 0.539125 0
    outer loop
      vertex 27.7108 16.9812 1.8
      vertex 27.0228 18.056 0
      vertex 27.0228 18.056 1.8
    endloop
  endfacet
  facet normal 0.842226 0.539125 0
    outer loop
      vertex 27.0228 18.056 0
      vertex 27.7108 16.9812 1.8
      vertex 27.7108 16.9812 0
    endloop
  endfacet
  facet normal 0.747491 0.664271 0
    outer loop
      vertex 24.7132 21.1071 1.8
      vertex 23.8655 22.061 0
      vertex 23.8655 22.061 1.8
    endloop
  endfacet
  facet normal 0.747491 0.664271 0
    outer loop
      vertex 23.8655 22.061 0
      vertex 24.7132 21.1071 1.8
      vertex 24.7132 21.1071 0
    endloop
  endfacet
  facet normal 0.252472 0.967604 -0
    outer loop
      vertex 8.82181 31.2798 0
      vertex 7.58697 31.602 1.8
      vertex 8.82181 31.2798 1.8
    endloop
  endfacet
  facet normal 0.252472 0.967604 0
    outer loop
      vertex 7.58697 31.602 1.8
      vertex 8.82181 31.2798 0
      vertex 7.58697 31.602 0
    endloop
  endfacet
  facet normal 0.471401 0.881919 -0
    outer loop
      vertex 15.8802 28.3561 0
      vertex 14.7547 28.9577 1.8
      vertex 15.8802 28.3561 1.8
    endloop
  endfacet
  facet normal 0.471401 0.881919 0
    outer loop
      vertex 14.7547 28.9577 1.8
      vertex 15.8802 28.3561 0
      vertex 14.7547 28.9577 0
    endloop
  endfacet
  facet normal -0.976765 -0.214311 0
    outer loop
      vertex -31.602 -7.58697 0
      vertex -31.8755 -6.34044 1.8
      vertex -31.8755 -6.34044 0
    endloop
  endfacet
  facet normal -0.976765 -0.214311 0
    outer loop
      vertex -31.8755 -6.34044 1.8
      vertex -31.602 -7.58697 0
      vertex -31.602 -7.58697 1.8
    endloop
  endfacet
  facet normal -0.693062 -0.720878 0
    outer loop
      vertex -22.981 -22.981 0
      vertex -22.061 -23.8655 1.8
      vertex -22.981 -22.981 1.8
    endloop
  endfacet
  facet normal -0.693062 -0.720878 -0
    outer loop
      vertex -22.061 -23.8655 1.8
      vertex -22.981 -22.981 0
      vertex -22.061 -23.8655 0
    endloop
  endfacet
  facet normal -0.995184 -0.0980257 0
    outer loop
      vertex -32.2747 -3.81997 0
      vertex -32.3998 -2.54992 1.8
      vertex -32.3998 -2.54992 0
    endloop
  endfacet
  facet normal -0.995184 -0.0980257 0
    outer loop
      vertex -32.3998 -2.54992 1.8
      vertex -32.2747 -3.81997 0
      vertex -32.2747 -3.81997 1.8
    endloop
  endfacet
  facet normal 0.916193 0.400737 0
    outer loop
      vertex 30.0261 12.4372 1.8
      vertex 29.5147 13.6064 0
      vertex 29.5147 13.6064 1.8
    endloop
  endfacet
  facet normal 0.916193 0.400737 0
    outer loop
      vertex 29.5147 13.6064 0
      vertex 30.0261 12.4372 1.8
      vertex 30.0261 12.4372 0
    endloop
  endfacet
  facet normal 0.436431 0.899738 -0
    outer loop
      vertex 14.7547 28.9577 0
      vertex 13.6064 29.5147 1.8
      vertex 14.7547 28.9577 1.8
    endloop
  endfacet
  facet normal 0.436431 0.899738 0
    outer loop
      vertex 13.6064 29.5147 1.8
      vertex 14.7547 28.9577 0
      vertex 13.6064 29.5147 0
    endloop
  endfacet
  facet normal -0.720878 -0.693062 0
    outer loop
      vertex -22.981 -22.981 0
      vertex -23.8655 -22.061 1.8
      vertex -23.8655 -22.061 0
    endloop
  endfacet
  facet normal -0.720878 -0.693062 0
    outer loop
      vertex -23.8655 -22.061 1.8
      vertex -22.981 -22.981 0
      vertex -22.981 -22.981 1.8
    endloop
  endfacet
  facet normal 0.995184 -0.0980257 0
    outer loop
      vertex 32.2747 -3.81997 1.8
      vertex 32.3998 -2.54992 0
      vertex 32.3998 -2.54992 1.8
    endloop
  endfacet
  facet normal 0.995184 -0.0980257 0
    outer loop
      vertex 32.3998 -2.54992 0
      vertex 32.2747 -3.81997 1.8
      vertex 32.2747 -3.81997 0
    endloop
  endfacet
  facet normal 0.899738 -0.436431 0
    outer loop
      vertex 28.9577 -14.7547 1.8
      vertex 29.5147 -13.6064 0
      vertex 29.5147 -13.6064 1.8
    endloop
  endfacet
  facet normal 0.899738 -0.436431 0
    outer loop
      vertex 29.5147 -13.6064 0
      vertex 28.9577 -14.7547 1.8
      vertex 28.9577 -14.7547 0
    endloop
  endfacet
  facet normal 0.881919 0.471401 0
    outer loop
      vertex 28.9577 14.7547 1.8
      vertex 28.3561 15.8802 0
      vertex 28.3561 15.8802 1.8
    endloop
  endfacet
  facet normal 0.881919 0.471401 0
    outer loop
      vertex 28.3561 15.8802 0
      vertex 28.9577 14.7547 1.8
      vertex 28.9577 14.7547 0
    endloop
  endfacet
  facet normal 0.820408 0.571778 0
    outer loop
      vertex 27.0228 18.056 1.8
      vertex 26.2931 19.103 0
      vertex 26.2931 19.103 1.8
    endloop
  endfacet
  facet normal 0.820408 0.571778 0
    outer loop
      vertex 26.2931 19.103 0
      vertex 27.0228 18.056 1.8
      vertex 27.0228 18.056 0
    endloop
  endfacet
  facet normal -0.998267 -0.058847 0
    outer loop
      vertex -32.3998 -2.54992 0
      vertex -32.4749 -1.27594 1.8
      vertex -32.4749 -1.27594 0
    endloop
  endfacet
  facet normal -0.998267 -0.058847 0
    outer loop
      vertex -32.4749 -1.27594 1.8
      vertex -32.3998 -2.54992 0
      vertex -32.3998 -2.54992 1.8
    endloop
  endfacet
  facet normal 0.976765 0.214311 0
    outer loop
      vertex 31.8755 6.34044 1.8
      vertex 31.602 7.58697 0
      vertex 31.602 7.58697 1.8
    endloop
  endfacet
  facet normal 0.976765 0.214311 0
    outer loop
      vertex 31.602 7.58697 0
      vertex 31.8755 6.34044 1.8
      vertex 31.8755 6.34044 0
    endloop
  endfacet
  facet normal 0.214311 -0.976765 0
    outer loop
      vertex 6.34044 -31.8755 0
      vertex 7.58697 -31.602 1.8
      vertex 6.34044 -31.8755 1.8
    endloop
  endfacet
  facet normal 0.214311 -0.976765 0
    outer loop
      vertex 7.58697 -31.602 1.8
      vertex 6.34044 -31.8755 0
      vertex 7.58697 -31.602 0
    endloop
  endfacet
  facet normal 0.720878 0.693062 0
    outer loop
      vertex 23.8655 22.061 1.8
      vertex 22.981 22.981 0
      vertex 22.981 22.981 1.8
    endloop
  endfacet
  facet normal 0.720878 0.693062 0
    outer loop
      vertex 22.981 22.981 0
      vertex 23.8655 22.061 1.8
      vertex 23.8655 22.061 0
    endloop
  endfacet
  facet normal 0.967604 -0.252472 0
    outer loop
      vertex 31.2798 -8.82181 1.8
      vertex 31.602 -7.58697 0
      vertex 31.602 -7.58697 1.8
    endloop
  endfacet
  facet normal 0.967604 -0.252472 0
    outer loop
      vertex 31.602 -7.58697 0
      vertex 31.2798 -8.82181 1.8
      vertex 31.2798 -8.82181 0
    endloop
  endfacet
  facet normal 0.77301 0.634393 0
    outer loop
      vertex 25.5228 20.1206 1.8
      vertex 24.7132 21.1071 0
      vertex 24.7132 21.1071 1.8
    endloop
  endfacet
  facet normal 0.77301 0.634393 0
    outer loop
      vertex 24.7132 21.1071 0
      vertex 25.5228 20.1206 1.8
      vertex 25.5228 20.1206 0
    endloop
  endfacet
  facet normal -0.539125 0.842226 0
    outer loop
      vertex -16.9812 27.7108 0
      vertex -18.056 27.0228 1.8
      vertex -16.9812 27.7108 1.8
    endloop
  endfacet
  facet normal -0.539125 0.842226 0
    outer loop
      vertex -18.056 27.0228 1.8
      vertex -16.9812 27.7108 0
      vertex -18.056 27.0228 0
    endloop
  endfacet
  facet normal 0.747491 -0.664271 0
    outer loop
      vertex 23.8655 -22.061 1.8
      vertex 24.7132 -21.1071 0
      vertex 24.7132 -21.1071 1.8
    endloop
  endfacet
  facet normal 0.747491 -0.664271 0
    outer loop
      vertex 24.7132 -21.1071 0
      vertex 23.8655 -22.061 1.8
      vertex 23.8655 -22.061 0
    endloop
  endfacet
  facet normal 0.976765 -0.214311 0
    outer loop
      vertex 31.602 -7.58697 1.8
      vertex 31.8755 -6.34044 0
      vertex 31.8755 -6.34044 1.8
    endloop
  endfacet
  facet normal 0.976765 -0.214311 0
    outer loop
      vertex 31.8755 -6.34044 0
      vertex 31.602 -7.58697 1.8
      vertex 31.602 -7.58697 0
    endloop
  endfacet
  facet normal 0.862737 -0.505653 0
    outer loop
      vertex 27.7108 -16.9812 1.8
      vertex 28.3561 -15.8802 0
      vertex 28.3561 -15.8802 1.8
    endloop
  endfacet
  facet normal 0.862737 -0.505653 0
    outer loop
      vertex 28.3561 -15.8802 0
      vertex 27.7108 -16.9812 1.8
      vertex 27.7108 -16.9812 0
    endloop
  endfacet
  facet normal 0.98442 0.175834 0
    outer loop
      vertex 32.0999 5.08412 1.8
      vertex 31.8755 6.34044 0
      vertex 31.8755 6.34044 1.8
    endloop
  endfacet
  facet normal 0.98442 0.175834 0
    outer loop
      vertex 31.8755 6.34044 0
      vertex 32.0999 5.08412 1.8
      vertex 32.0999 5.08412 0
    endloop
  endfacet
  facet normal 0.400737 -0.916193 0
    outer loop
      vertex 12.4372 -30.0261 0
      vertex 13.6064 -29.5147 1.8
      vertex 12.4372 -30.0261 1.8
    endloop
  endfacet
  facet normal 0.400737 -0.916193 0
    outer loop
      vertex 13.6064 -29.5147 1.8
      vertex 12.4372 -30.0261 0
      vertex 13.6064 -29.5147 0
    endloop
  endfacet
  facet normal 0.967604 0.252472 0
    outer loop
      vertex 31.602 7.58697 1.8
      vertex 31.2798 8.82181 0
      vertex 31.2798 8.82181 1.8
    endloop
  endfacet
  facet normal 0.967604 0.252472 0
    outer loop
      vertex 31.2798 8.82181 0
      vertex 31.602 7.58697 1.8
      vertex 31.602 7.58697 0
    endloop
  endfacet
  facet normal -0.136971 0.990575 0
    outer loop
      vertex -3.81997 32.2747 0
      vertex -5.08412 32.0999 1.8
      vertex -3.81997 32.2747 1.8
    endloop
  endfacet
  facet normal -0.136971 0.990575 0
    outer loop
      vertex -5.08412 32.0999 1.8
      vertex -3.81997 32.2747 0
      vertex -5.08412 32.0999 0
    endloop
  endfacet
  facet normal -0.505653 -0.862737 0
    outer loop
      vertex -16.9812 -27.7108 0
      vertex -15.8802 -28.3561 1.8
      vertex -16.9812 -27.7108 1.8
    endloop
  endfacet
  facet normal -0.505653 -0.862737 -0
    outer loop
      vertex -15.8802 -28.3561 1.8
      vertex -16.9812 -27.7108 0
      vertex -15.8802 -28.3561 0
    endloop
  endfacet
  facet normal 0.820408 -0.571778 0
    outer loop
      vertex 26.2931 -19.103 1.8
      vertex 27.0228 -18.056 0
      vertex 27.0228 -18.056 1.8
    endloop
  endfacet
  facet normal 0.820408 -0.571778 0
    outer loop
      vertex 27.0228 -18.056 0
      vertex 26.2931 -19.103 1.8
      vertex 26.2931 -19.103 0
    endloop
  endfacet
  facet normal 0.797322 0.603554 0
    outer loop
      vertex 26.2931 19.103 1.8
      vertex 25.5228 20.1206 0
      vertex 25.5228 20.1206 1.8
    endloop
  endfacet
  facet normal 0.797322 0.603554 0
    outer loop
      vertex 25.5228 20.1206 0
      vertex 26.2931 19.103 1.8
      vertex 26.2931 19.103 0
    endloop
  endfacet
  facet normal -0.820408 0.571778 0
    outer loop
      vertex -27.0228 18.056 0
      vertex -26.2931 19.103 1.8
      vertex -26.2931 19.103 0
    endloop
  endfacet
  facet normal -0.820408 0.571778 0
    outer loop
      vertex -26.2931 19.103 1.8
      vertex -27.0228 18.056 0
      vertex -27.0228 18.056 1.8
    endloop
  endfacet
  facet normal 0.539125 -0.842226 0
    outer loop
      vertex 16.9812 -27.7108 0
      vertex 18.056 -27.0228 1.8
      vertex 16.9812 -27.7108 1.8
    endloop
  endfacet
  facet normal 0.539125 -0.842226 0
    outer loop
      vertex 18.056 -27.0228 1.8
      vertex 16.9812 -27.7108 0
      vertex 18.056 -27.0228 0
    endloop
  endfacet
  facet normal 0.175834 0.98442 -0
    outer loop
      vertex 6.34044 31.8755 0
      vertex 5.08412 32.0999 1.8
      vertex 6.34044 31.8755 1.8
    endloop
  endfacet
  facet normal 0.175834 0.98442 0
    outer loop
      vertex 5.08412 32.0999 1.8
      vertex 6.34044 31.8755 0
      vertex 5.08412 32.0999 0
    endloop
  endfacet
  facet normal 0.32763 -0.944806 0
    outer loop
      vertex 10.0431 -30.9093 0
      vertex 11.2488 -30.4912 1.8
      vertex 10.0431 -30.9093 1.8
    endloop
  endfacet
  facet normal 0.32763 -0.944806 0
    outer loop
      vertex 11.2488 -30.4912 1.8
      vertex 10.0431 -30.9093 0
      vertex 11.2488 -30.4912 0
    endloop
  endfacet
  facet normal -0.693062 0.720878 0
    outer loop
      vertex -22.061 23.8655 0
      vertex -22.981 22.981 1.8
      vertex -22.061 23.8655 1.8
    endloop
  endfacet
  facet normal -0.693062 0.720878 0
    outer loop
      vertex -22.981 22.981 1.8
      vertex -22.061 23.8655 0
      vertex -22.981 22.981 0
    endloop
  endfacet
  facet normal -0.976765 0.214311 0
    outer loop
      vertex -31.8755 6.34044 0
      vertex -31.602 7.58697 1.8
      vertex -31.602 7.58697 0
    endloop
  endfacet
  facet normal -0.976765 0.214311 0
    outer loop
      vertex -31.602 7.58697 1.8
      vertex -31.8755 6.34044 0
      vertex -31.8755 6.34044 1.8
    endloop
  endfacet
  facet normal -0.0980257 0.995184 0
    outer loop
      vertex -2.54992 32.3998 0
      vertex -3.81997 32.2747 1.8
      vertex -2.54992 32.3998 1.8
    endloop
  endfacet
  facet normal -0.0980257 0.995184 0
    outer loop
      vertex -3.81997 32.2747 1.8
      vertex -2.54992 32.3998 0
      vertex -3.81997 32.2747 0
    endloop
  endfacet
  facet normal -0.400737 -0.916193 0
    outer loop
      vertex -13.6064 -29.5147 0
      vertex -12.4372 -30.0261 1.8
      vertex -13.6064 -29.5147 1.8
    endloop
  endfacet
  facet normal -0.400737 -0.916193 -0
    outer loop
      vertex -12.4372 -30.0261 1.8
      vertex -13.6064 -29.5147 0
      vertex -12.4372 -30.0261 0
    endloop
  endfacet
  facet normal 0.603554 0.797322 -0
    outer loop
      vertex 20.1206 25.5228 0
      vertex 19.103 26.2931 1.8
      vertex 20.1206 25.5228 1.8
    endloop
  endfacet
  facet normal 0.603554 0.797322 0
    outer loop
      vertex 19.103 26.2931 1.8
      vertex 20.1206 25.5228 0
      vertex 19.103 26.2931 0
    endloop
  endfacet
  facet normal 0.252472 -0.967604 0
    outer loop
      vertex 7.58697 -31.602 0
      vertex 8.82181 -31.2798 1.8
      vertex 7.58697 -31.602 1.8
    endloop
  endfacet
  facet normal 0.252472 -0.967604 0
    outer loop
      vertex 8.82181 -31.2798 1.8
      vertex 7.58697 -31.602 0
      vertex 8.82181 -31.2798 0
    endloop
  endfacet
  facet normal 0.931223 -0.36445 0
    outer loop
      vertex 30.0261 -12.4372 1.8
      vertex 30.4912 -11.2488 0
      vertex 30.4912 -11.2488 1.8
    endloop
  endfacet
  facet normal 0.931223 -0.36445 0
    outer loop
      vertex 30.4912 -11.2488 0
      vertex 30.0261 -12.4372 1.8
      vertex 30.0261 -12.4372 0
    endloop
  endfacet
  facet normal -0.931223 -0.36445 0
    outer loop
      vertex -30.0261 -12.4372 0
      vertex -30.4912 -11.2488 1.8
      vertex -30.4912 -11.2488 0
    endloop
  endfacet
  facet normal -0.931223 -0.36445 0
    outer loop
      vertex -30.4912 -11.2488 1.8
      vertex -30.0261 -12.4372 0
      vertex -30.0261 -12.4372 1.8
    endloop
  endfacet
  facet normal -0.916193 -0.400737 0
    outer loop
      vertex -29.5147 -13.6064 0
      vertex -30.0261 -12.4372 1.8
      vertex -30.0261 -12.4372 0
    endloop
  endfacet
  facet normal -0.916193 -0.400737 0
    outer loop
      vertex -30.0261 -12.4372 1.8
      vertex -29.5147 -13.6064 0
      vertex -29.5147 -13.6064 1.8
    endloop
  endfacet
  facet normal -0.990575 0.136971 0
    outer loop
      vertex -32.2747 3.81997 0
      vertex -32.0999 5.08412 1.8
      vertex -32.0999 5.08412 0
    endloop
  endfacet
  facet normal -0.990575 0.136971 0
    outer loop
      vertex -32.0999 5.08412 1.8
      vertex -32.2747 3.81997 0
      vertex -32.2747 3.81997 1.8
    endloop
  endfacet
  facet normal 0.400737 0.916193 -0
    outer loop
      vertex 13.6064 29.5147 0
      vertex 12.4372 30.0261 1.8
      vertex 13.6064 29.5147 1.8
    endloop
  endfacet
  facet normal 0.400737 0.916193 0
    outer loop
      vertex 12.4372 30.0261 1.8
      vertex 13.6064 29.5147 0
      vertex 12.4372 30.0261 0
    endloop
  endfacet
  facet normal -0.747491 -0.664271 0
    outer loop
      vertex -23.8655 -22.061 0
      vertex -24.7132 -21.1071 1.8
      vertex -24.7132 -21.1071 0
    endloop
  endfacet
  facet normal -0.747491 -0.664271 0
    outer loop
      vertex -24.7132 -21.1071 1.8
      vertex -23.8655 -22.061 0
      vertex -23.8655 -22.061 1.8
    endloop
  endfacet
  facet normal 0.664271 -0.747491 0
    outer loop
      vertex 21.1071 -24.7132 0
      vertex 22.061 -23.8655 1.8
      vertex 21.1071 -24.7132 1.8
    endloop
  endfacet
  facet normal 0.664271 -0.747491 0
    outer loop
      vertex 22.061 -23.8655 1.8
      vertex 21.1071 -24.7132 0
      vertex 22.061 -23.8655 0
    endloop
  endfacet
  facet normal 0.916193 -0.400737 0
    outer loop
      vertex 29.5147 -13.6064 1.8
      vertex 30.0261 -12.4372 0
      vertex 30.0261 -12.4372 1.8
    endloop
  endfacet
  facet normal 0.916193 -0.400737 0
    outer loop
      vertex 30.0261 -12.4372 0
      vertex 29.5147 -13.6064 1.8
      vertex 29.5147 -13.6064 0
    endloop
  endfacet
  facet normal 0.136971 0.990575 -0
    outer loop
      vertex 5.08412 32.0999 0
      vertex 3.81997 32.2747 1.8
      vertex 5.08412 32.0999 1.8
    endloop
  endfacet
  facet normal 0.136971 0.990575 0
    outer loop
      vertex 3.81997 32.2747 1.8
      vertex 5.08412 32.0999 0
      vertex 3.81997 32.2747 0
    endloop
  endfacet
  facet normal -0.747491 0.664271 0
    outer loop
      vertex -24.7132 21.1071 0
      vertex -23.8655 22.061 1.8
      vertex -23.8655 22.061 0
    endloop
  endfacet
  facet normal -0.747491 0.664271 0
    outer loop
      vertex -23.8655 22.061 1.8
      vertex -24.7132 21.1071 0
      vertex -24.7132 21.1071 1.8
    endloop
  endfacet
  facet normal -0.32763 0.944806 0
    outer loop
      vertex -10.0431 30.9093 0
      vertex -11.2488 30.4912 1.8
      vertex -10.0431 30.9093 1.8
    endloop
  endfacet
  facet normal -0.32763 0.944806 0
    outer loop
      vertex -11.2488 30.4912 1.8
      vertex -10.0431 30.9093 0
      vertex -11.2488 30.4912 0
    endloop
  endfacet
  facet normal 0.881919 -0.471401 0
    outer loop
      vertex 28.3561 -15.8802 1.8
      vertex 28.9577 -14.7547 0
      vertex 28.9577 -14.7547 1.8
    endloop
  endfacet
  facet normal 0.881919 -0.471401 0
    outer loop
      vertex 28.9577 -14.7547 0
      vertex 28.3561 -15.8802 1.8
      vertex 28.3561 -15.8802 0
    endloop
  endfacet
  facet normal -0.214311 -0.976765 0
    outer loop
      vertex -7.58697 -31.602 0
      vertex -6.34044 -31.8755 1.8
      vertex -7.58697 -31.602 1.8
    endloop
  endfacet
  facet normal -0.214311 -0.976765 -0
    outer loop
      vertex -6.34044 -31.8755 1.8
      vertex -7.58697 -31.602 0
      vertex -6.34044 -31.8755 0
    endloop
  endfacet
  facet normal -0.77301 -0.634393 0
    outer loop
      vertex -24.7132 -21.1071 0
      vertex -25.5228 -20.1206 1.8
      vertex -25.5228 -20.1206 0
    endloop
  endfacet
  facet normal -0.77301 -0.634393 0
    outer loop
      vertex -25.5228 -20.1206 1.8
      vertex -24.7132 -21.1071 0
      vertex -24.7132 -21.1071 1.8
    endloop
  endfacet
  facet normal -0.990575 -0.136971 0
    outer loop
      vertex -32.0999 -5.08412 0
      vertex -32.2747 -3.81997 1.8
      vertex -32.2747 -3.81997 0
    endloop
  endfacet
  facet normal -0.990575 -0.136971 0
    outer loop
      vertex -32.2747 -3.81997 1.8
      vertex -32.0999 -5.08412 0
      vertex -32.0999 -5.08412 1.8
    endloop
  endfacet
  facet normal 0.797322 -0.603554 0
    outer loop
      vertex 25.5228 -20.1206 1.8
      vertex 26.2931 -19.103 0
      vertex 26.2931 -19.103 1.8
    endloop
  endfacet
  facet normal 0.797322 -0.603554 0
    outer loop
      vertex 26.2931 -19.103 0
      vertex 25.5228 -20.1206 1.8
      vertex 25.5228 -20.1206 0
    endloop
  endfacet
  facet normal -0.664271 -0.747491 0
    outer loop
      vertex -22.061 -23.8655 0
      vertex -21.1071 -24.7132 1.8
      vertex -22.061 -23.8655 1.8
    endloop
  endfacet
  facet normal -0.664271 -0.747491 -0
    outer loop
      vertex -21.1071 -24.7132 1.8
      vertex -22.061 -23.8655 0
      vertex -21.1071 -24.7132 0
    endloop
  endfacet
  facet normal 0.175834 -0.98442 0
    outer loop
      vertex 5.08412 -32.0999 0
      vertex 6.34044 -31.8755 1.8
      vertex 5.08412 -32.0999 1.8
    endloop
  endfacet
  facet normal 0.175834 -0.98442 0
    outer loop
      vertex 6.34044 -31.8755 1.8
      vertex 5.08412 -32.0999 0
      vertex 6.34044 -31.8755 0
    endloop
  endfacet
  facet normal 0.136971 -0.990575 0
    outer loop
      vertex 3.81997 -32.2747 0
      vertex 5.08412 -32.0999 1.8
      vertex 3.81997 -32.2747 1.8
    endloop
  endfacet
  facet normal 0.136971 -0.990575 0
    outer loop
      vertex 5.08412 -32.0999 1.8
      vertex 3.81997 -32.2747 0
      vertex 5.08412 -32.0999 0
    endloop
  endfacet
  facet normal -0.956935 -0.290303 0
    outer loop
      vertex -30.9093 -10.0431 0
      vertex -31.2798 -8.82181 1.8
      vertex -31.2798 -8.82181 0
    endloop
  endfacet
  facet normal -0.956935 -0.290303 0
    outer loop
      vertex -31.2798 -8.82181 1.8
      vertex -30.9093 -10.0431 0
      vertex -30.9093 -10.0431 1.8
    endloop
  endfacet
  facet normal -0.571778 0.820408 0
    outer loop
      vertex -18.056 27.0228 0
      vertex -19.103 26.2931 1.8
      vertex -18.056 27.0228 1.8
    endloop
  endfacet
  facet normal -0.571778 0.820408 0
    outer loop
      vertex -19.103 26.2931 1.8
      vertex -18.056 27.0228 0
      vertex -19.103 26.2931 0
    endloop
  endfacet
  facet normal 0.634393 0.77301 -0
    outer loop
      vertex 21.1071 24.7132 0
      vertex 20.1206 25.5228 1.8
      vertex 21.1071 24.7132 1.8
    endloop
  endfacet
  facet normal 0.634393 0.77301 0
    outer loop
      vertex 20.1206 25.5228 1.8
      vertex 21.1071 24.7132 0
      vertex 20.1206 25.5228 0
    endloop
  endfacet
  facet normal -0.899738 -0.436431 0
    outer loop
      vertex -28.9577 -14.7547 0
      vertex -29.5147 -13.6064 1.8
      vertex -29.5147 -13.6064 0
    endloop
  endfacet
  facet normal -0.899738 -0.436431 0
    outer loop
      vertex -29.5147 -13.6064 1.8
      vertex -28.9577 -14.7547 0
      vertex -28.9577 -14.7547 1.8
    endloop
  endfacet
  facet normal 0.998267 -0.058847 0
    outer loop
      vertex 32.3998 -2.54992 1.8
      vertex 32.4749 -1.27594 0
      vertex 32.4749 -1.27594 1.8
    endloop
  endfacet
  facet normal 0.998267 -0.058847 0
    outer loop
      vertex 32.4749 -1.27594 0
      vertex 32.3998 -2.54992 1.8
      vertex 32.3998 -2.54992 0
    endloop
  endfacet
  facet normal -0.019668 0.999807 0
    outer loop
      vertex 0 32.5 0
      vertex -1.27594 32.4749 1.8
      vertex 0 32.5 1.8
    endloop
  endfacet
  facet normal -0.019668 0.999807 0
    outer loop
      vertex -1.27594 32.4749 1.8
      vertex 0 32.5 0
      vertex -1.27594 32.4749 0
    endloop
  endfacet
  facet normal -0.0980257 -0.995184 0
    outer loop
      vertex -3.81997 -32.2747 0
      vertex -2.54992 -32.3998 1.8
      vertex -3.81997 -32.2747 1.8
    endloop
  endfacet
  facet normal -0.0980257 -0.995184 -0
    outer loop
      vertex -2.54992 -32.3998 1.8
      vertex -3.81997 -32.2747 0
      vertex -2.54992 -32.3998 0
    endloop
  endfacet
  facet normal -0.290303 0.956935 0
    outer loop
      vertex -8.82181 31.2798 0
      vertex -10.0431 30.9093 1.8
      vertex -8.82181 31.2798 1.8
    endloop
  endfacet
  facet normal -0.290303 0.956935 0
    outer loop
      vertex -10.0431 30.9093 1.8
      vertex -8.82181 31.2798 0
      vertex -10.0431 30.9093 0
    endloop
  endfacet
  facet normal 0.0980257 0.995184 -0
    outer loop
      vertex 3.81997 32.2747 0
      vertex 2.54992 32.3998 1.8
      vertex 3.81997 32.2747 1.8
    endloop
  endfacet
  facet normal 0.0980257 0.995184 0
    outer loop
      vertex 2.54992 32.3998 1.8
      vertex 3.81997 32.2747 0
      vertex 2.54992 32.3998 0
    endloop
  endfacet
  facet normal -0.175834 -0.98442 0
    outer loop
      vertex -6.34044 -31.8755 0
      vertex -5.08412 -32.0999 1.8
      vertex -6.34044 -31.8755 1.8
    endloop
  endfacet
  facet normal -0.175834 -0.98442 -0
    outer loop
      vertex -5.08412 -32.0999 1.8
      vertex -6.34044 -31.8755 0
      vertex -5.08412 -32.0999 0
    endloop
  endfacet
  facet normal 0.539125 0.842226 -0
    outer loop
      vertex 18.056 27.0228 0
      vertex 16.9812 27.7108 1.8
      vertex 18.056 27.0228 1.8
    endloop
  endfacet
  facet normal 0.539125 0.842226 0
    outer loop
      vertex 16.9812 27.7108 1.8
      vertex 18.056 27.0228 0
      vertex 16.9812 27.7108 0
    endloop
  endfacet
  facet normal 0.944806 0.32763 0
    outer loop
      vertex 30.9093 10.0431 1.8
      vertex 30.4912 11.2488 0
      vertex 30.4912 11.2488 1.8
    endloop
  endfacet
  facet normal 0.944806 0.32763 0
    outer loop
      vertex 30.4912 11.2488 0
      vertex 30.9093 10.0431 1.8
      vertex 30.9093 10.0431 0
    endloop
  endfacet
  facet normal 0.931223 0.36445 0
    outer loop
      vertex 30.4912 11.2488 1.8
      vertex 30.0261 12.4372 0
      vertex 30.0261 12.4372 1.8
    endloop
  endfacet
  facet normal 0.931223 0.36445 0
    outer loop
      vertex 30.0261 12.4372 0
      vertex 30.4912 11.2488 1.8
      vertex 30.4912 11.2488 0
    endloop
  endfacet
  facet normal -0.136971 -0.990575 0
    outer loop
      vertex -5.08412 -32.0999 0
      vertex -3.81997 -32.2747 1.8
      vertex -5.08412 -32.0999 1.8
    endloop
  endfacet
  facet normal -0.136971 -0.990575 -0
    outer loop
      vertex -3.81997 -32.2747 1.8
      vertex -5.08412 -32.0999 0
      vertex -3.81997 -32.2747 0
    endloop
  endfacet
  facet normal 0.995184 0.0980257 0
    outer loop
      vertex 32.3998 2.54992 1.8
      vertex 32.2747 3.81997 0
      vertex 32.2747 3.81997 1.8
    endloop
  endfacet
  facet normal 0.995184 0.0980257 0
    outer loop
      vertex 32.2747 3.81997 0
      vertex 32.3998 2.54992 1.8
      vertex 32.3998 2.54992 0
    endloop
  endfacet
  facet normal -0.998267 0.058847 0
    outer loop
      vertex -32.4749 1.27594 0
      vertex -32.3998 2.54992 1.8
      vertex -32.3998 2.54992 0
    endloop
  endfacet
  facet normal -0.998267 0.058847 0
    outer loop
      vertex -32.3998 2.54992 1.8
      vertex -32.4749 1.27594 0
      vertex -32.4749 1.27594 1.8
    endloop
  endfacet
  facet normal -0.999807 0.019668 0
    outer loop
      vertex -32.5 0 0
      vertex -32.4749 1.27594 1.8
      vertex -32.4749 1.27594 0
    endloop
  endfacet
  facet normal -0.999807 0.019668 0
    outer loop
      vertex -32.4749 1.27594 1.8
      vertex -32.5 0 0
      vertex -32.5 0 1.8
    endloop
  endfacet
  facet normal 0.36445 0.931223 -0
    outer loop
      vertex 12.4372 30.0261 0
      vertex 11.2488 30.4912 1.8
      vertex 12.4372 30.0261 1.8
    endloop
  endfacet
  facet normal 0.36445 0.931223 0
    outer loop
      vertex 11.2488 30.4912 1.8
      vertex 12.4372 30.0261 0
      vertex 11.2488 30.4912 0
    endloop
  endfacet
  facet normal -0.505653 0.862737 0
    outer loop
      vertex -15.8802 28.3561 0
      vertex -16.9812 27.7108 1.8
      vertex -15.8802 28.3561 1.8
    endloop
  endfacet
  facet normal -0.505653 0.862737 0
    outer loop
      vertex -16.9812 27.7108 1.8
      vertex -15.8802 28.3561 0
      vertex -16.9812 27.7108 0
    endloop
  endfacet
  facet normal -0.058847 0.998267 0
    outer loop
      vertex -1.27594 32.4749 0
      vertex -2.54992 32.3998 1.8
      vertex -1.27594 32.4749 1.8
    endloop
  endfacet
  facet normal -0.058847 0.998267 0
    outer loop
      vertex -2.54992 32.3998 1.8
      vertex -1.27594 32.4749 0
      vertex -2.54992 32.3998 0
    endloop
  endfacet
  facet normal -0.539125 -0.842226 0
    outer loop
      vertex -18.056 -27.0228 0
      vertex -16.9812 -27.7108 1.8
      vertex -18.056 -27.0228 1.8
    endloop
  endfacet
  facet normal -0.539125 -0.842226 -0
    outer loop
      vertex -16.9812 -27.7108 1.8
      vertex -18.056 -27.0228 0
      vertex -16.9812 -27.7108 0
    endloop
  endfacet
  facet normal -0.995184 0.0980257 0
    outer loop
      vertex -32.3998 2.54992 0
      vertex -32.2747 3.81997 1.8
      vertex -32.2747 3.81997 0
    endloop
  endfacet
  facet normal -0.995184 0.0980257 0
    outer loop
      vertex -32.2747 3.81997 1.8
      vertex -32.3998 2.54992 0
      vertex -32.3998 2.54992 1.8
    endloop
  endfacet
  facet normal -0.98442 0.175834 0
    outer loop
      vertex -32.0999 5.08412 0
      vertex -31.8755 6.34044 1.8
      vertex -31.8755 6.34044 0
    endloop
  endfacet
  facet normal -0.98442 0.175834 0
    outer loop
      vertex -31.8755 6.34044 1.8
      vertex -32.0999 5.08412 0
      vertex -32.0999 5.08412 1.8
    endloop
  endfacet
  facet normal -0.252472 0.967604 0
    outer loop
      vertex -7.58697 31.602 0
      vertex -8.82181 31.2798 1.8
      vertex -7.58697 31.602 1.8
    endloop
  endfacet
  facet normal -0.252472 0.967604 0
    outer loop
      vertex -8.82181 31.2798 1.8
      vertex -7.58697 31.602 0
      vertex -8.82181 31.2798 0
    endloop
  endfacet
  facet normal -0.571778 -0.820408 0
    outer loop
      vertex -19.103 -26.2931 0
      vertex -18.056 -27.0228 1.8
      vertex -19.103 -26.2931 1.8
    endloop
  endfacet
  facet normal -0.571778 -0.820408 -0
    outer loop
      vertex -18.056 -27.0228 1.8
      vertex -19.103 -26.2931 0
      vertex -18.056 -27.0228 0
    endloop
  endfacet
  facet normal 0.990575 -0.136971 0
    outer loop
      vertex 32.0999 -5.08412 1.8
      vertex 32.2747 -3.81997 0
      vertex 32.2747 -3.81997 1.8
    endloop
  endfacet
  facet normal 0.990575 -0.136971 0
    outer loop
      vertex 32.2747 -3.81997 0
      vertex 32.0999 -5.08412 1.8
      vertex 32.0999 -5.08412 0
    endloop
  endfacet
  facet normal -0.999807 -0.019668 0
    outer loop
      vertex -32.4749 -1.27594 0
      vertex -32.5 0 1.8
      vertex -32.5 0 0
    endloop
  endfacet
  facet normal -0.999807 -0.019668 0
    outer loop
      vertex -32.5 0 1.8
      vertex -32.4749 -1.27594 0
      vertex -32.4749 -1.27594 1.8
    endloop
  endfacet
  facet normal 0.693062 -0.720878 0
    outer loop
      vertex 22.061 -23.8655 0
      vertex 22.981 -22.981 1.8
      vertex 22.061 -23.8655 1.8
    endloop
  endfacet
  facet normal 0.693062 -0.720878 0
    outer loop
      vertex 22.981 -22.981 1.8
      vertex 22.061 -23.8655 0
      vertex 22.981 -22.981 0
    endloop
  endfacet
  facet normal -0.842226 -0.539125 0
    outer loop
      vertex -27.0228 -18.056 0
      vertex -27.7108 -16.9812 1.8
      vertex -27.7108 -16.9812 0
    endloop
  endfacet
  facet normal -0.842226 -0.539125 0
    outer loop
      vertex -27.7108 -16.9812 1.8
      vertex -27.0228 -18.056 0
      vertex -27.0228 -18.056 1.8
    endloop
  endfacet
  facet normal -0.967604 -0.252472 0
    outer loop
      vertex -31.2798 -8.82181 0
      vertex -31.602 -7.58697 1.8
      vertex -31.602 -7.58697 0
    endloop
  endfacet
  facet normal -0.967604 -0.252472 0
    outer loop
      vertex -31.602 -7.58697 1.8
      vertex -31.2798 -8.82181 0
      vertex -31.2798 -8.82181 1.8
    endloop
  endfacet
  facet normal 0.436431 -0.899738 0
    outer loop
      vertex 13.6064 -29.5147 0
      vertex 14.7547 -28.9577 1.8
      vertex 13.6064 -29.5147 1.8
    endloop
  endfacet
  facet normal 0.436431 -0.899738 0
    outer loop
      vertex 14.7547 -28.9577 1.8
      vertex 13.6064 -29.5147 0
      vertex 14.7547 -28.9577 0
    endloop
  endfacet
  facet normal 0.77301 -0.634393 0
    outer loop
      vertex 24.7132 -21.1071 1.8
      vertex 25.5228 -20.1206 0
      vertex 25.5228 -20.1206 1.8
    endloop
  endfacet
  facet normal 0.77301 -0.634393 0
    outer loop
      vertex 25.5228 -20.1206 0
      vertex 24.7132 -21.1071 1.8
      vertex 24.7132 -21.1071 0
    endloop
  endfacet
  facet normal 0.058847 0.998267 -0
    outer loop
      vertex 2.54992 32.3998 0
      vertex 1.27594 32.4749 1.8
      vertex 2.54992 32.3998 1.8
    endloop
  endfacet
  facet normal 0.058847 0.998267 0
    outer loop
      vertex 1.27594 32.4749 1.8
      vertex 2.54992 32.3998 0
      vertex 1.27594 32.4749 0
    endloop
  endfacet
  facet normal -0.842226 0.539125 0
    outer loop
      vertex -27.7108 16.9812 0
      vertex -27.0228 18.056 1.8
      vertex -27.0228 18.056 0
    endloop
  endfacet
  facet normal -0.842226 0.539125 0
    outer loop
      vertex -27.0228 18.056 1.8
      vertex -27.7108 16.9812 0
      vertex -27.7108 16.9812 1.8
    endloop
  endfacet
  facet normal 0.32763 0.944806 -0
    outer loop
      vertex 11.2488 30.4912 0
      vertex 10.0431 30.9093 1.8
      vertex 11.2488 30.4912 1.8
    endloop
  endfacet
  facet normal 0.32763 0.944806 0
    outer loop
      vertex 10.0431 30.9093 1.8
      vertex 11.2488 30.4912 0
      vertex 10.0431 30.9093 0
    endloop
  endfacet
  facet normal -0.252472 -0.967604 0
    outer loop
      vertex -8.82181 -31.2798 0
      vertex -7.58697 -31.602 1.8
      vertex -8.82181 -31.2798 1.8
    endloop
  endfacet
  facet normal -0.252472 -0.967604 -0
    outer loop
      vertex -7.58697 -31.602 1.8
      vertex -8.82181 -31.2798 0
      vertex -7.58697 -31.602 0
    endloop
  endfacet
  facet normal 0.290303 0.956935 -0
    outer loop
      vertex 10.0431 30.9093 0
      vertex 8.82181 31.2798 1.8
      vertex 10.0431 30.9093 1.8
    endloop
  endfacet
  facet normal 0.290303 0.956935 0
    outer loop
      vertex 8.82181 31.2798 1.8
      vertex 10.0431 30.9093 0
      vertex 8.82181 31.2798 0
    endloop
  endfacet
  facet normal 0.290303 -0.956935 0
    outer loop
      vertex 8.82181 -31.2798 0
      vertex 10.0431 -30.9093 1.8
      vertex 8.82181 -31.2798 1.8
    endloop
  endfacet
  facet normal 0.290303 -0.956935 0
    outer loop
      vertex 10.0431 -30.9093 1.8
      vertex 8.82181 -31.2798 0
      vertex 10.0431 -30.9093 0
    endloop
  endfacet
  facet normal -0.944806 0.32763 0
    outer loop
      vertex -30.9093 10.0431 0
      vertex -30.4912 11.2488 1.8
      vertex -30.4912 11.2488 0
    endloop
  endfacet
  facet normal -0.944806 0.32763 0
    outer loop
      vertex -30.4912 11.2488 1.8
      vertex -30.9093 10.0431 0
      vertex -30.9093 10.0431 1.8
    endloop
  endfacet
  facet normal -0.664271 0.747491 0
    outer loop
      vertex -21.1071 24.7132 0
      vertex -22.061 23.8655 1.8
      vertex -21.1071 24.7132 1.8
    endloop
  endfacet
  facet normal -0.664271 0.747491 0
    outer loop
      vertex -22.061 23.8655 1.8
      vertex -21.1071 24.7132 0
      vertex -22.061 23.8655 0
    endloop
  endfacet
  facet normal -0.634393 0.77301 0
    outer loop
      vertex -20.1206 25.5228 0
      vertex -21.1071 24.7132 1.8
      vertex -20.1206 25.5228 1.8
    endloop
  endfacet
  facet normal -0.634393 0.77301 0
    outer loop
      vertex -21.1071 24.7132 1.8
      vertex -20.1206 25.5228 0
      vertex -21.1071 24.7132 0
    endloop
  endfacet
  facet normal -0 0 1
    outer loop
      vertex -25.0788 14.2824 1.8
      vertex -10.9594 5.58408 1.8
      vertex -25.0456 14.3287 1.8
    endloop
  endfacet
  facet normal -0 0 1
    outer loop
      vertex -25.1137 14.2375 1.8
      vertex -10.9594 5.58408 1.8
      vertex -25.0788 14.2824 1.8
    endloop
  endfacet
  facet normal 0 0 1
    outer loop
      vertex -10.9594 5.58408 1.8
      vertex -25.1137 14.2375 1.8
      vertex -11.1702 5.14951 1.8
    endloop
  endfacet
  facet normal -0 0 1
    outer loop
      vertex -25.1504 14.1939 1.8
      vertex -11.1702 5.14951 1.8
      vertex -25.1137 14.2375 1.8
    endloop
  endfacet
  facet normal -0 0 1
    outer loop
      vertex -25.1888 14.1519 1.8
      vertex -11.1702 5.14951 1.8
      vertex -25.1504 14.1939 1.8
    endloop
  endfacet
  facet normal 0 0 1
    outer loop
      vertex -11.1702 5.14951 1.8
      vertex -25.1888 14.1519 1.8
      vertex -11.3637 4.70701 1.8
    endloop
  endfacet
  facet normal -0 0 1
    outer loop
      vertex -25.2288 14.1114 1.8
      vertex -11.3637 4.70701 1.8
      vertex -25.1888 14.1519 1.8
    endloop
  endfacet
  facet normal -0 0 1
    outer loop
      vertex -25.2703 14.0724 1.8
      vertex -11.3637 4.70701 1.8
      vertex -25.2288 14.1114 1.8
    endloop
  endfacet
  facet normal 0 0 1
    outer loop
      vertex -11.3637 4.70701 1.8
      vertex -25.2703 14.0724 1.8
      vertex -11.5398 4.25724 1.8
    endloop
  endfacet
  facet normal -0 0 1
    outer loop
      vertex -25.3134 14.0352 1.8
      vertex -11.5398 4.25724 1.8
      vertex -25.2703 14.0724 1.8
    endloop
  endfacet
  facet normal -0 0 1
    outer loop
      vertex -25.3579 13.9996 1.8
      vertex -11.5398 4.25724 1.8
      vertex -25.3134 14.0352 1.8
    endloop
  endfacet
  facet normal 0 0 1
    outer loop
      vertex -11.5398 4.25724 1.8
      vertex -25.3579 13.9996 1.8
      vertex -11.698 3.80091 1.8
    endloop
  endfacet
  facet normal -0 0 1
    outer loop
      vertex -25.4037 13.9659 1.8
      vertex -11.698 3.80091 1.8
      vertex -25.3579 13.9996 1.8
    endloop
  endfacet
  facet normal -0 0 1
    outer loop
      vertex -25.4508 13.9339 1.8
      vertex -11.698 3.80091 1.8
      vertex -25.4037 13.9659 1.8
    endloop
  endfacet
  facet normal 0 0 1
    outer loop
      vertex -11.698 3.80091 1.8
      vertex -25.4508 13.9339 1.8
      vertex -11.8382 3.33872 1.8
    endloop
  endfacet
  facet normal -0 0 1
    outer loop
      vertex -25.4992 13.9039 1.8
      vertex -11.8382 3.33872 1.8
      vertex -25.4508 13.9339 1.8
    endloop
  endfacet
  facet normal -0 0 1
    outer loop
      vertex -25.5487 13.8757 1.8
      vertex -11.8382 3.33872 1.8
      vertex -25.4992 13.9039 1.8
    endloop
  endfacet
  facet normal 0 0 1
    outer loop
      vertex -11.8382 3.33872 1.8
      vertex -25.5487 13.8757 1.8
      vertex -11.9601 2.87138 1.8
    endloop
  endfacet
  facet normal -0 0 1
    outer loop
      vertex -25.5993 13.8495 1.8
      vertex -11.9601 2.87138 1.8
      vertex -25.5487 13.8757 1.8
    endloop
  endfacet
  facet normal -0 0 1
    outer loop
      vertex -25.6508 13.8254 1.8
      vertex -11.9601 2.87138 1.8
      vertex -25.5993 13.8495 1.8
    endloop
  endfacet
  facet normal 0 0 1
    outer loop
      vertex -11.9601 2.87138 1.8
      vertex -25.6508 13.8254 1.8
      vertex -12.0637 2.39961 1.8
    endloop
  endfacet
  facet normal -0 0 1
    outer loop
      vertex -25.7033 13.8032 1.8
      vertex -12.0637 2.39961 1.8
      vertex -25.6508 13.8254 1.8
    endloop
  endfacet
  facet normal -0 0 1
    outer loop
      vertex -31.8755 6.34044 1.8
      vertex -12.0637 2.39961 1.8
      vertex -25.7033 13.8032 1.8
    endloop
  endfacet
  facet normal 0 0 1
    outer loop
      vertex -12.0637 2.39961 1.8
      vertex -31.8755 6.34044 1.8
      vertex -12.1486 1.92414 1.8
    endloop
  endfacet
  facet normal -0 0 1
    outer loop
      vertex -32.0999 5.08412 1.8
      vertex -12.1486 1.92414 1.8
      vertex -31.8755 6.34044 1.8
    endloop
  endfacet
  facet normal 0 0 1
    outer loop
      vertex -12.1486 1.92414 1.8
      vertex -32.0999 5.08412 1.8
      vertex -12.2147 1.44571 1.8
    endloop
  endfacet
  facet normal 0 0 1
    outer loop
      vertex -12.2621 -0.965046 1.8
      vertex -25.5228 -20.1206 1.8
      vertex -24.7132 -21.1071 1.8
    endloop
  endfacet
  facet normal 0 0 1
    outer loop
      vertex -12.2147 1.44571 1.8
      vertex -32.2747 3.81997 1.8
      vertex -12.2621 0.965046 1.8
    endloop
  endfacet
  facet normal -0 0 1
    outer loop
      vertex -32.3998 2.54992 1.8
      vertex -12.2621 0.965046 1.8
      vertex -32.2747 3.81997 1.8
    endloop
  endfacet
  facet normal 0 0 1
    outer loop
      vertex -12.2621 0.965046 1.8
      vertex -32.3998 2.54992 1.8
      vertex -12.2905 0.482895 1.8
    endloop
  endfacet
  facet normal -0 0 1
    outer loop
      vertex -32.2747 3.81997 1.8
      vertex -12.2147 1.44571 1.8
      vertex -32.0999 5.08412 1.8
    endloop
  endfacet
  facet normal 0 0 1
    outer loop
      vertex -31.8755 6.34044 1.8
      vertex -25.7033 13.8032 1.8
      vertex -25.7565 13.7832 1.8
    endloop
  endfacet
  facet normal 0 0 1
    outer loop
      vertex -31.602 7.58697 1.8
      vertex -25.7565 13.7832 1.8
      vertex -25.8106 13.7652 1.8
    endloop
  endfacet
  facet normal 0 0 1
    outer loop
      vertex -31.602 7.58697 1.8
      vertex -25.8106 13.7652 1.8
      vertex -25.8653 13.7494 1.8
    endloop
  endfacet
  facet normal 0 0 1
    outer loop
      vertex -31.602 7.58697 1.8
      vertex -25.8653 13.7494 1.8
      vertex -25.9206 13.7358 1.8
    endloop
  endfacet
  facet normal 0 0 1
    outer loop
      vertex -31.2798 8.82181 1.8
      vertex -25.9206 13.7358 1.8
      vertex -25.9763 13.7243 1.8
    endloop
  endfacet
  facet normal 0 0 1
    outer loop
      vertex -31.2798 8.82181 1.8
      vertex -25.9763 13.7243 1.8
      vertex -26.0325 13.715 1.8
    endloop
  endfacet
  facet normal 0 0 1
    outer loop
      vertex -31.2798 8.82181 1.8
      vertex -26.0325 13.715 1.8
      vertex -26.089 13.7079 1.8
    endloop
  endfacet
  facet normal 0 0 1
    outer loop
      vertex -30.9093 10.0431 1.8
      vertex -26.089 13.7079 1.8
      vertex -26.1457 13.7031 1.8
    endloop
  endfacet
  facet normal 0 0 1
    outer loop
      vertex -30.9093 10.0431 1.8
      vertex -26.1457 13.7031 1.8
      vertex -26.2026 13.7005 1.8
    endloop
  endfacet
  facet normal 0 0 1
    outer loop
      vertex -30.9093 10.0431 1.8
      vertex -26.2026 13.7005 1.8
      vertex -26.2595 13.7001 1.8
    endloop
  endfacet
  facet normal 0 0 1
    outer loop
      vertex -12.2621 -0.965046 1.8
      vertex -26.2931 -19.103 1.8
      vertex -25.5228 -20.1206 1.8
    endloop
  endfacet
  facet normal 0 0 1
    outer loop
      vertex -30.9093 10.0431 1.8
      vertex -26.2595 13.7001 1.8
      vertex -26.3165 13.702 1.8
    endloop
  endfacet
  facet normal 0 0 1
    outer loop
      vertex -30.4912 11.2488 1.8
      vertex -26.3165 13.702 1.8
      vertex -26.3732 13.7061 1.8
    endloop
  endfacet
  facet normal 0 0 1
    outer loop
      vertex -30.4912 11.2488 1.8
      vertex -26.3732 13.7061 1.8
      vertex -26.4298 13.7124 1.8
    endloop
  endfacet
  facet normal 0 0 1
    outer loop
      vertex -30.4912 11.2488 1.8
      vertex -26.4298 13.7124 1.8
      vertex -26.4861 13.7209 1.8
    endloop
  endfacet
  facet normal 0 0 1
    outer loop
      vertex -30.4912 11.2488 1.8
      vertex -26.4861 13.7209 1.8
      vertex -26.542 13.7317 1.8
    endloop
  endfacet
  facet normal 0 0 1
    outer loop
      vertex -30.4912 11.2488 1.8
      vertex -26.542 13.7317 1.8
      vertex -26.5975 13.7446 1.8
    endloop
  endfacet
  facet normal 0 0 1
    outer loop
      vertex -30.0261 12.4372 1.8
      vertex -26.5975 13.7446 1.8
      vertex -26.6524 13.7597 1.8
    endloop
  endfacet
  facet normal 0 0 1
    outer loop
      vertex -30.0261 12.4372 1.8
      vertex -26.6524 13.7597 1.8
      vertex -26.7067 13.777 1.8
    endloop
  endfacet
  facet normal 0 0 1
    outer loop
      vertex -30.0261 12.4372 1.8
      vertex -26.7067 13.777 1.8
      vertex -26.7602 13.7963 1.8
    endloop
  endfacet
  facet normal 0 0 1
    outer loop
      vertex -30.0261 12.4372 1.8
      vertex -26.7602 13.7963 1.8
      vertex -26.8129 13.8178 1.8
    endloop
  endfacet
  facet normal 0 0 1
    outer loop
      vertex -30.0261 12.4372 1.8
      vertex -26.8129 13.8178 1.8
      vertex -26.8648 13.8413 1.8
    endloop
  endfacet
  facet normal 0 0 1
    outer loop
      vertex -30.0261 12.4372 1.8
      vertex -26.8648 13.8413 1.8
      vertex -26.9157 13.8668 1.8
    endloop
  endfacet
  facet normal 0 0 1
    outer loop
      vertex -30.0261 12.4372 1.8
      vertex -26.9157 13.8668 1.8
      vertex -26.9656 13.8943 1.8
    endloop
  endfacet
  facet normal 0 0 1
    outer loop
      vertex -30.0261 12.4372 1.8
      vertex -26.9656 13.8943 1.8
      vertex -27.0143 13.9237 1.8
    endloop
  endfacet
  facet normal 0 0 1
    outer loop
      vertex -12.2621 -0.965046 1.8
      vertex -27.0228 -18.056 1.8
      vertex -26.2931 -19.103 1.8
    endloop
  endfacet
  facet normal 0 0 1
    outer loop
      vertex -29.5147 13.6064 1.8
      vertex -27.0143 13.9237 1.8
      vertex -27.0619 13.955 1.8
    endloop
  endfacet
  facet normal 0 0 1
    outer loop
      vertex -29.5147 13.6064 1.8
      vertex -27.0619 13.955 1.8
      vertex -27.1081 13.9882 1.8
    endloop
  endfacet
  facet normal 0 0 1
    outer loop
      vertex -29.5147 13.6064 1.8
      vertex -27.1081 13.9882 1.8
      vertex -27.1531 14.0231 1.8
    endloop
  endfacet
  facet normal 0 0 1
    outer loop
      vertex -29.5147 13.6064 1.8
      vertex -27.1531 14.0231 1.8
      vertex -27.1966 14.0598 1.8
    endloop
  endfacet
  facet normal 0 0 1
    outer loop
      vertex -29.5147 13.6064 1.8
      vertex -27.1966 14.0598 1.8
      vertex -27.2387 14.0982 1.8
    endloop
  endfacet
  facet normal 0 0 1
    outer loop
      vertex -29.5147 13.6064 1.8
      vertex -27.2387 14.0982 1.8
      vertex -27.2792 14.1382 1.8
    endloop
  endfacet
  facet normal 0 0 1
    outer loop
      vertex -29.5147 13.6064 1.8
      vertex -27.2792 14.1382 1.8
      vertex -27.3181 14.1798 1.8
    endloop
  endfacet
  facet normal 0 0 1
    outer loop
      vertex -29.5147 13.6064 1.8
      vertex -27.3181 14.1798 1.8
      vertex -27.3554 14.2228 1.8
    endloop
  endfacet
  facet normal 0 0 1
    outer loop
      vertex -29.5147 13.6064 1.8
      vertex -27.3554 14.2228 1.8
      vertex -27.3909 14.2673 1.8
    endloop
  endfacet
  facet normal 0 0 1
    outer loop
      vertex -29.5147 13.6064 1.8
      vertex -27.3909 14.2673 1.8
      vertex -27.4247 14.3131 1.8
    endloop
  endfacet
  facet normal 0 0 1
    outer loop
      vertex -29.5147 13.6064 1.8
      vertex -27.4247 14.3131 1.8
      vertex -27.4566 14.3603 1.8
    endloop
  endfacet
  facet normal 0 0 1
    outer loop
      vertex -28.9577 14.7547 1.8
      vertex -27.4566 14.3603 1.8
      vertex -27.4867 14.4086 1.8
    endloop
  endfacet
  facet normal 0 0 1
    outer loop
      vertex -28.9577 14.7547 1.8
      vertex -27.4867 14.4086 1.8
      vertex -27.5149 14.4581 1.8
    endloop
  endfacet
  facet normal 0 0 1
    outer loop
      vertex -28.9577 14.7547 1.8
      vertex -27.5149 14.4581 1.8
      vertex -27.541 14.5087 1.8
    endloop
  endfacet
  facet normal 0 0 1
    outer loop
      vertex -28.9577 14.7547 1.8
      vertex -27.541 14.5087 1.8
      vertex -27.5652 14.5602 1.8
    endloop
  endfacet
  facet normal 0 0 1
    outer loop
      vertex -28.9577 14.7547 1.8
      vertex -27.5652 14.5602 1.8
      vertex -27.5873 14.6127 1.8
    endloop
  endfacet
  facet normal 0 0 1
    outer loop
      vertex -28.9577 14.7547 1.8
      vertex -27.5873 14.6127 1.8
      vertex -27.6074 14.666 1.8
    endloop
  endfacet
  facet normal 0 0 1
    outer loop
      vertex -28.9577 14.7547 1.8
      vertex -27.6074 14.666 1.8
      vertex -27.6253 14.72 1.8
    endloop
  endfacet
  facet normal -0 0 1
    outer loop
      vertex -28.9577 14.7547 1.8
      vertex -27.6253 14.72 1.8
      vertex -27.6412 14.7747 1.8
    endloop
  endfacet
  facet normal 0 0 1
    outer loop
      vertex -28.9577 14.7547 1.8
      vertex -27.6412 14.7747 1.8
      vertex -27.6548 14.83 1.8
    endloop
  endfacet
  facet normal 0 0 1
    outer loop
      vertex -28.9577 14.7547 1.8
      vertex -27.6548 14.83 1.8
      vertex -27.6663 14.8858 1.8
    endloop
  endfacet
  facet normal 0 0 1
    outer loop
      vertex -28.9577 14.7547 1.8
      vertex -27.6663 14.8858 1.8
      vertex -27.6756 14.9419 1.8
    endloop
  endfacet
  facet normal 0 0 1
    outer loop
      vertex -28.9577 14.7547 1.8
      vertex -27.6756 14.9419 1.8
      vertex -27.6826 14.9984 1.8
    endloop
  endfacet
  facet normal 0 0 1
    outer loop
      vertex -28.9577 14.7547 1.8
      vertex -27.6826 14.9984 1.8
      vertex -27.6875 15.0552 1.8
    endloop
  endfacet
  facet normal 0 0 1
    outer loop
      vertex -28.9577 14.7547 1.8
      vertex -27.6875 15.0552 1.8
      vertex -27.6901 15.112 1.8
    endloop
  endfacet
  facet normal 0 0 1
    outer loop
      vertex -27.6886 15.2259 1.8
      vertex -28.3561 15.8802 1.8
      vertex -27.6904 15.169 1.8
    endloop
  endfacet
  facet normal 0 0 1
    outer loop
      vertex -12.2621 -0.965046 1.8
      vertex -27.7108 -16.9812 1.8
      vertex -27.0228 -18.056 1.8
    endloop
  endfacet
  facet normal 0 0 1
    outer loop
      vertex -28.9577 14.7547 1.8
      vertex -27.6904 15.169 1.8
      vertex -28.3561 15.8802 1.8
    endloop
  endfacet
  facet normal 0 0 1
    outer loop
      vertex -27.6904 15.169 1.8
      vertex -28.9577 14.7547 1.8
      vertex -27.6901 15.112 1.8
    endloop
  endfacet
  facet normal 0 0 1
    outer loop
      vertex -12.2621 -0.965046 1.8
      vertex -28.3561 -15.8802 1.8
      vertex -27.7108 -16.9812 1.8
    endloop
  endfacet
  facet normal 0 0 1
    outer loop
      vertex -27.4566 14.3603 1.8
      vertex -28.9577 14.7547 1.8
      vertex -29.5147 13.6064 1.8
    endloop
  endfacet
  facet normal 0 0 1
    outer loop
      vertex -12.2621 -0.965046 1.8
      vertex -28.9577 -14.7547 1.8
      vertex -28.3561 -15.8802 1.8
    endloop
  endfacet
  facet normal 0 0 1
    outer loop
      vertex -27.0143 13.9237 1.8
      vertex -29.5147 13.6064 1.8
      vertex -30.0261 12.4372 1.8
    endloop
  endfacet
  facet normal 0 0 1
    outer loop
      vertex -12.2621 -0.965046 1.8
      vertex -29.5147 -13.6064 1.8
      vertex -28.9577 -14.7547 1.8
    endloop
  endfacet
  facet normal 0 0 1
    outer loop
      vertex -26.5975 13.7446 1.8
      vertex -30.0261 12.4372 1.8
      vertex -30.4912 11.2488 1.8
    endloop
  endfacet
  facet normal 0 0 1
    outer loop
      vertex -12.2621 -0.965046 1.8
      vertex -30.0261 -12.4372 1.8
      vertex -29.5147 -13.6064 1.8
    endloop
  endfacet
  facet normal 0 0 1
    outer loop
      vertex -26.3165 13.702 1.8
      vertex -30.4912 11.2488 1.8
      vertex -30.9093 10.0431 1.8
    endloop
  endfacet
  facet normal 0 0 1
    outer loop
      vertex -12.2621 -0.965046 1.8
      vertex -30.4912 -11.2488 1.8
      vertex -30.0261 -12.4372 1.8
    endloop
  endfacet
  facet normal 0 0 1
    outer loop
      vertex -26.089 13.7079 1.8
      vertex -30.9093 10.0431 1.8
      vertex -31.2798 8.82181 1.8
    endloop
  endfacet
  facet normal 0 0 1
    outer loop
      vertex -12.2621 -0.965046 1.8
      vertex -30.9093 -10.0431 1.8
      vertex -30.4912 -11.2488 1.8
    endloop
  endfacet
  facet normal 0 0 1
    outer loop
      vertex -25.9206 13.7358 1.8
      vertex -31.2798 8.82181 1.8
      vertex -31.602 7.58697 1.8
    endloop
  endfacet
  facet normal 0 0 1
    outer loop
      vertex -12.2621 -0.965046 1.8
      vertex -31.2798 -8.82181 1.8
      vertex -30.9093 -10.0431 1.8
    endloop
  endfacet
  facet normal 0 0 1
    outer loop
      vertex -25.7565 13.7832 1.8
      vertex -31.602 7.58697 1.8
      vertex -31.8755 6.34044 1.8
    endloop
  endfacet
  facet normal 0 0 1
    outer loop
      vertex -12.2621 -0.965046 1.8
      vertex -31.602 -7.58697 1.8
      vertex -31.2798 -8.82181 1.8
    endloop
  endfacet
  facet normal -0 0 1
    outer loop
      vertex -32.4749 1.27594 1.8
      vertex -12.2905 0.482895 1.8
      vertex -32.3998 2.54992 1.8
    endloop
  endfacet
  facet normal 0 0 1
    outer loop
      vertex -12.2621 -0.965046 1.8
      vertex -31.8755 -6.34044 1.8
      vertex -31.602 -7.58697 1.8
    endloop
  endfacet
  facet normal 0 0 1
    outer loop
      vertex -12.2905 0.482895 1.8
      vertex -32.4749 1.27594 1.8
      vertex -12.3 0 1.8
    endloop
  endfacet
  facet normal 0 0 1
    outer loop
      vertex -12.2621 -0.965046 1.8
      vertex -32.0999 -5.08412 1.8
      vertex -31.8755 -6.34044 1.8
    endloop
  endfacet
  facet normal 0 0 1
    outer loop
      vertex -32.5 0 1.8
      vertex -12.3 0 1.8
      vertex -32.4749 1.27594 1.8
    endloop
  endfacet
  facet normal 0 0 1
    outer loop
      vertex -12.2621 -0.965046 1.8
      vertex -32.2747 -3.81997 1.8
      vertex -32.0999 -5.08412 1.8
    endloop
  endfacet
  facet normal 0 0 1
    outer loop
      vertex -12.3 0 1.8
      vertex -32.5 0 1.8
      vertex -12.2905 -0.482895 1.8
    endloop
  endfacet
  facet normal 0 0 1
    outer loop
      vertex -12.2621 -0.965046 1.8
      vertex -32.3998 -2.54992 1.8
      vertex -32.2747 -3.81997 1.8
    endloop
  endfacet
  facet normal 0 -0 1
    outer loop
      vertex -32.4749 -1.27594 1.8
      vertex -12.2905 -0.482895 1.8
      vertex -32.5 0 1.8
    endloop
  endfacet
  facet normal 0 0 1
    outer loop
      vertex -12.2621 -0.965046 1.8
      vertex -32.4749 -1.27594 1.8
      vertex -32.3998 -2.54992 1.8
    endloop
  endfacet
  facet normal 0 0 1
    outer loop
      vertex -12.2905 -0.482895 1.8
      vertex -32.4749 -1.27594 1.8
      vertex -12.2621 -0.965046 1.8
    endloop
  endfacet
  facet normal 0 0 1
    outer loop
      vertex 3.81997 -32.2747 1.8
      vertex 1.44888 -30.2431 1.8
      vertex 1.45 -30.3 1.8
    endloop
  endfacet
  facet normal 0 0 1
    outer loop
      vertex 0.448074 -28.921 1.8
      vertex 1.92414 -12.1486 1.8
      vertex 1.44571 -12.2147 1.8
    endloop
  endfacet
  facet normal 0 0 1
    outer loop
      vertex 2.39961 -12.0637 1.8
      vertex 1.44553 -30.1862 1.8
      vertex 1.44888 -30.2431 1.8
    endloop
  endfacet
  facet normal 0 0 1
    outer loop
      vertex 2.39961 -12.0637 1.8
      vertex 1.43995 -30.1296 1.8
      vertex 1.44553 -30.1862 1.8
    endloop
  endfacet
  facet normal 0 0 1
    outer loop
      vertex 2.39961 -12.0637 1.8
      vertex 1.43215 -30.0732 1.8
      vertex 1.43995 -30.1296 1.8
    endloop
  endfacet
  facet normal 0 0 1
    outer loop
      vertex 2.39961 -12.0637 1.8
      vertex 1.42214 -30.0171 1.8
      vertex 1.43215 -30.0732 1.8
    endloop
  endfacet
  facet normal 0 0 1
    outer loop
      vertex 2.39961 -12.0637 1.8
      vertex 1.40994 -29.9615 1.8
      vertex 1.42214 -30.0171 1.8
    endloop
  endfacet
  facet normal 0 0 1
    outer loop
      vertex 2.39961 -12.0637 1.8
      vertex 1.39556 -29.9064 1.8
      vertex 1.40994 -29.9615 1.8
    endloop
  endfacet
  facet normal 0 0 1
    outer loop
      vertex 2.39961 -12.0637 1.8
      vertex 1.37903 -29.8519 1.8
      vertex 1.39556 -29.9064 1.8
    endloop
  endfacet
  facet normal 0 0 1
    outer loop
      vertex 2.39961 -12.0637 1.8
      vertex 1.36038 -29.7981 1.8
      vertex 1.37903 -29.8519 1.8
    endloop
  endfacet
  facet normal 0 0 1
    outer loop
      vertex 2.39961 -12.0637 1.8
      vertex 1.33962 -29.7451 1.8
      vertex 1.36038 -29.7981 1.8
    endloop
  endfacet
  facet normal 0 0 1
    outer loop
      vertex 2.39961 -12.0637 1.8
      vertex 1.31681 -29.6929 1.8
      vertex 1.33962 -29.7451 1.8
    endloop
  endfacet
  facet normal 0 0 1
    outer loop
      vertex 2.39961 -12.0637 1.8
      vertex 1.29196 -29.6417 1.8
      vertex 1.31681 -29.6929 1.8
    endloop
  endfacet
  facet normal 0 0 1
    outer loop
      vertex 2.39961 -12.0637 1.8
      vertex 1.26512 -29.5915 1.8
      vertex 1.29196 -29.6417 1.8
    endloop
  endfacet
  facet normal 0 0 1
    outer loop
      vertex 2.39961 -12.0637 1.8
      vertex 1.23633 -29.5424 1.8
      vertex 1.26512 -29.5915 1.8
    endloop
  endfacet
  facet normal 0 0 1
    outer loop
      vertex 2.39961 -12.0637 1.8
      vertex 1.20563 -29.4944 1.8
      vertex 1.23633 -29.5424 1.8
    endloop
  endfacet
  facet normal 0 0 1
    outer loop
      vertex 2.39961 -12.0637 1.8
      vertex 1.17307 -29.4477 1.8
      vertex 1.20563 -29.4944 1.8
    endloop
  endfacet
  facet normal 0 0 1
    outer loop
      vertex 2.39961 -12.0637 1.8
      vertex 1.13871 -29.4023 1.8
      vertex 1.17307 -29.4477 1.8
    endloop
  endfacet
  facet normal 0 0 1
    outer loop
      vertex 2.39961 -12.0637 1.8
      vertex 1.10259 -29.3583 1.8
      vertex 1.13871 -29.4023 1.8
    endloop
  endfacet
  facet normal 0 0 1
    outer loop
      vertex 2.39961 -12.0637 1.8
      vertex 1.06477 -29.3157 1.8
      vertex 1.10259 -29.3583 1.8
    endloop
  endfacet
  facet normal 0 0 1
    outer loop
      vertex 2.39961 -12.0637 1.8
      vertex 1.0253 -29.2747 1.8
      vertex 1.06477 -29.3157 1.8
    endloop
  endfacet
  facet normal 0 0 1
    outer loop
      vertex 2.39961 -12.0637 1.8
      vertex 0.984261 -29.2352 1.8
      vertex 1.0253 -29.2747 1.8
    endloop
  endfacet
  facet normal 0 0 1
    outer loop
      vertex 0.282881 -28.8779 1.8
      vertex 1.44571 -12.2147 1.8
      vertex 0.965046 -12.2621 1.8
    endloop
  endfacet
  facet normal 0 0 1
    outer loop
      vertex 2.39961 -12.0637 1.8
      vertex 0.941699 -29.1974 1.8
      vertex 0.984261 -29.2352 1.8
    endloop
  endfacet
  facet normal 0 0 1
    outer loop
      vertex 2.39961 -12.0637 1.8
      vertex 0.897686 -29.1613 1.8
      vertex 0.941699 -29.1974 1.8
    endloop
  endfacet
  facet normal 0 0 1
    outer loop
      vertex 2.39961 -12.0637 1.8
      vertex 0.852288 -29.1269 1.8
      vertex 0.897686 -29.1613 1.8
    endloop
  endfacet
  facet normal 0 0 1
    outer loop
      vertex 2.39961 -12.0637 1.8
      vertex 0.805576 -29.0944 1.8
      vertex 0.852288 -29.1269 1.8
    endloop
  endfacet
  facet normal 0 0 1
    outer loop
      vertex 2.39961 -12.0637 1.8
      vertex 0.757623 -29.0637 1.8
      vertex 0.805576 -29.0944 1.8
    endloop
  endfacet
  facet normal 0 0 1
    outer loop
      vertex 2.39961 -12.0637 1.8
      vertex 0.7085 -29.0349 1.8
      vertex 0.757623 -29.0637 1.8
    endloop
  endfacet
  facet normal 0 0 1
    outer loop
      vertex 2.39961 -12.0637 1.8
      vertex 0.658286 -29.008 1.8
      vertex 0.7085 -29.0349 1.8
    endloop
  endfacet
  facet normal 0 0 1
    outer loop
      vertex 2.39961 -12.0637 1.8
      vertex 0.607057 -28.9832 1.8
      vertex 0.658286 -29.008 1.8
    endloop
  endfacet
  facet normal 0 0 1
    outer loop
      vertex 2.39961 -12.0637 1.8
      vertex 0.554891 -28.9604 1.8
      vertex 0.607057 -28.9832 1.8
    endloop
  endfacet
  facet normal 0 0 1
    outer loop
      vertex 1.92414 -12.1486 1.8
      vertex 0.501869 -28.9396 1.8
      vertex 0.554891 -28.9604 1.8
    endloop
  endfacet
  facet normal 0 0 1
    outer loop
      vertex 0.170428 -28.8601 1.8
      vertex 0.965046 -12.2621 1.8
      vertex 0.482895 -12.2905 1.8
    endloop
  endfacet
  facet normal 0 0 1
    outer loop
      vertex 1.92414 -12.1486 1.8
      vertex 0.448074 -28.921 1.8
      vertex 0.501869 -28.9396 1.8
    endloop
  endfacet
  facet normal 0 0 1
    outer loop
      vertex 1.44571 -12.2147 1.8
      vertex 0.393588 -28.9044 1.8
      vertex 0.448074 -28.921 1.8
    endloop
  endfacet
  facet normal 0 0 1
    outer loop
      vertex 1.44571 -12.2147 1.8
      vertex 0.338495 -28.8901 1.8
      vertex 0.393588 -28.9044 1.8
    endloop
  endfacet
  facet normal 0 0 1
    outer loop
      vertex 1.44571 -12.2147 1.8
      vertex 0.282881 -28.8779 1.8
      vertex 0.338495 -28.8901 1.8
    endloop
  endfacet
  facet normal 0 0 1
    outer loop
      vertex 0.965046 -12.2621 1.8
      vertex 0.22683 -28.8679 1.8
      vertex 0.282881 -28.8779 1.8
    endloop
  endfacet
  facet normal 0 0 1
    outer loop
      vertex 0.965046 -12.2621 1.8
      vertex 0.170428 -28.8601 1.8
      vertex 0.22683 -28.8679 1.8
    endloop
  endfacet
  facet normal 0 0 1
    outer loop
      vertex 0.482895 -12.2905 1.8
      vertex 0.113765 -28.8545 1.8
      vertex 0.170428 -28.8601 1.8
    endloop
  endfacet
  facet normal 0 0 1
    outer loop
      vertex 0.482895 -12.2905 1.8
      vertex 0.0569267 -28.8511 1.8
      vertex 0.113765 -28.8545 1.8
    endloop
  endfacet
  facet normal -0 0 1
    outer loop
      vertex 0 -12.3 1.8
      vertex 0.0569267 -28.8511 1.8
      vertex 0.482895 -12.2905 1.8
    endloop
  endfacet
  facet normal 0 0 1
    outer loop
      vertex 0 -12.3 1.8
      vertex 0 -28.85 1.8
      vertex 0.0569267 -28.8511 1.8
    endloop
  endfacet
  facet normal 0 0 1
    outer loop
      vertex 0 -12.3 1.8
      vertex -0.0569267 -28.8511 1.8
      vertex 0 -28.85 1.8
    endloop
  endfacet
  facet normal 0 0 1
    outer loop
      vertex -0.482895 -12.2905 1.8
      vertex -0.0569267 -28.8511 1.8
      vertex 0 -12.3 1.8
    endloop
  endfacet
  facet normal 0 0 1
    outer loop
      vertex -0.0569267 -28.8511 1.8
      vertex -0.482895 -12.2905 1.8
      vertex -0.113765 -28.8545 1.8
    endloop
  endfacet
  facet normal 0 0 1
    outer loop
      vertex -0.113765 -28.8545 1.8
      vertex -0.482895 -12.2905 1.8
      vertex -0.170428 -28.8601 1.8
    endloop
  endfacet
  facet normal 0 0 1
    outer loop
      vertex -0.965046 -12.2621 1.8
      vertex -0.170428 -28.8601 1.8
      vertex -0.482895 -12.2905 1.8
    endloop
  endfacet
  facet normal 0 0 1
    outer loop
      vertex -0.170428 -28.8601 1.8
      vertex -0.965046 -12.2621 1.8
      vertex -0.22683 -28.8679 1.8
    endloop
  endfacet
  facet normal 0 0 1
    outer loop
      vertex -0.22683 -28.8679 1.8
      vertex -0.965046 -12.2621 1.8
      vertex -0.282881 -28.8779 1.8
    endloop
  endfacet
  facet normal 0 0 1
    outer loop
      vertex -1.44571 -12.2147 1.8
      vertex -0.282881 -28.8779 1.8
      vertex -0.965046 -12.2621 1.8
    endloop
  endfacet
  facet normal 0 0 1
    outer loop
      vertex -0.282881 -28.8779 1.8
      vertex -1.44571 -12.2147 1.8
      vertex -0.338495 -28.8901 1.8
    endloop
  endfacet
  facet normal 0 0 1
    outer loop
      vertex -0.338495 -28.8901 1.8
      vertex -1.44571 -12.2147 1.8
      vertex -0.393588 -28.9044 1.8
    endloop
  endfacet
  facet normal 0 0 1
    outer loop
      vertex -0.393588 -28.9044 1.8
      vertex -1.44571 -12.2147 1.8
      vertex -0.448074 -28.921 1.8
    endloop
  endfacet
  facet normal 0 0 1
    outer loop
      vertex -1.92414 -12.1486 1.8
      vertex -0.448074 -28.921 1.8
      vertex -1.44571 -12.2147 1.8
    endloop
  endfacet
  facet normal 0 0 1
    outer loop
      vertex -0.448074 -28.921 1.8
      vertex -1.92414 -12.1486 1.8
      vertex -0.501869 -28.9396 1.8
    endloop
  endfacet
  facet normal 0 0 1
    outer loop
      vertex -0.501869 -28.9396 1.8
      vertex -1.92414 -12.1486 1.8
      vertex -0.554891 -28.9604 1.8
    endloop
  endfacet
  facet normal 0 0 1
    outer loop
      vertex -2.39961 -12.0637 1.8
      vertex -0.554891 -28.9604 1.8
      vertex -1.92414 -12.1486 1.8
    endloop
  endfacet
  facet normal 0 0 1
    outer loop
      vertex -0.554891 -28.9604 1.8
      vertex -2.39961 -12.0637 1.8
      vertex -0.607057 -28.9832 1.8
    endloop
  endfacet
  facet normal 0 0 1
    outer loop
      vertex -0.607057 -28.9832 1.8
      vertex -2.39961 -12.0637 1.8
      vertex -0.658286 -29.008 1.8
    endloop
  endfacet
  facet normal 0 0 1
    outer loop
      vertex -2.87138 -11.9601 1.8
      vertex -0.658286 -29.008 1.8
      vertex -2.39961 -12.0637 1.8
    endloop
  endfacet
  facet normal 0 0 1
    outer loop
      vertex -0.658286 -29.008 1.8
      vertex -2.87138 -11.9601 1.8
      vertex -0.7085 -29.0349 1.8
    endloop
  endfacet
  facet normal 0 0 1
    outer loop
      vertex -0.7085 -29.0349 1.8
      vertex -2.87138 -11.9601 1.8
      vertex -0.757623 -29.0637 1.8
    endloop
  endfacet
  facet normal 0 0 1
    outer loop
      vertex -3.33872 -11.8382 1.8
      vertex -0.757623 -29.0637 1.8
      vertex -2.87138 -11.9601 1.8
    endloop
  endfacet
  facet normal 0 0 1
    outer loop
      vertex -0.757623 -29.0637 1.8
      vertex -3.33872 -11.8382 1.8
      vertex -0.805576 -29.0944 1.8
    endloop
  endfacet
  facet normal 0 0 1
    outer loop
      vertex -0.805576 -29.0944 1.8
      vertex -3.33872 -11.8382 1.8
      vertex -0.852288 -29.1269 1.8
    endloop
  endfacet
  facet normal 0 0 1
    outer loop
      vertex -3.80091 -11.698 1.8
      vertex -0.852288 -29.1269 1.8
      vertex -3.33872 -11.8382 1.8
    endloop
  endfacet
  facet normal 0 0 1
    outer loop
      vertex -0.852288 -29.1269 1.8
      vertex -3.80091 -11.698 1.8
      vertex -0.897686 -29.1613 1.8
    endloop
  endfacet
  facet normal 0 0 1
    outer loop
      vertex -10.0431 -30.9093 1.8
      vertex -0.897686 -29.1613 1.8
      vertex -3.80091 -11.698 1.8
    endloop
  endfacet
  facet normal 0 0 1
    outer loop
      vertex -0.897686 -29.1613 1.8
      vertex -10.0431 -30.9093 1.8
      vertex -0.941699 -29.1974 1.8
    endloop
  endfacet
  facet normal 0 0 1
    outer loop
      vertex -0.941699 -29.1974 1.8
      vertex -10.0431 -30.9093 1.8
      vertex -0.984261 -29.2352 1.8
    endloop
  endfacet
  facet normal 0 -0 1
    outer loop
      vertex -8.82181 -31.2798 1.8
      vertex -0.984261 -29.2352 1.8
      vertex -10.0431 -30.9093 1.8
    endloop
  endfacet
  facet normal 0 0 1
    outer loop
      vertex -0.984261 -29.2352 1.8
      vertex -8.82181 -31.2798 1.8
      vertex -1.0253 -29.2747 1.8
    endloop
  endfacet
  facet normal 0 0 1
    outer loop
      vertex -1.0253 -29.2747 1.8
      vertex -8.82181 -31.2798 1.8
      vertex -1.06477 -29.3157 1.8
    endloop
  endfacet
  facet normal 0 0 1
    outer loop
      vertex -1.06477 -29.3157 1.8
      vertex -8.82181 -31.2798 1.8
      vertex -1.10259 -29.3583 1.8
    endloop
  endfacet
  facet normal 0 -0 1
    outer loop
      vertex -7.58697 -31.602 1.8
      vertex -1.10259 -29.3583 1.8
      vertex -8.82181 -31.2798 1.8
    endloop
  endfacet
  facet normal 0 0 1
    outer loop
      vertex -1.10259 -29.3583 1.8
      vertex -7.58697 -31.602 1.8
      vertex -1.13871 -29.4023 1.8
    endloop
  endfacet
  facet normal 0 0 1
    outer loop
      vertex -1.13871 -29.4023 1.8
      vertex -7.58697 -31.602 1.8
      vertex -1.17307 -29.4477 1.8
    endloop
  endfacet
  facet normal 0 0 1
    outer loop
      vertex -1.17307 -29.4477 1.8
      vertex -7.58697 -31.602 1.8
      vertex -1.20563 -29.4944 1.8
    endloop
  endfacet
  facet normal 0 -0 1
    outer loop
      vertex -6.34044 -31.8755 1.8
      vertex -1.20563 -29.4944 1.8
      vertex -7.58697 -31.602 1.8
    endloop
  endfacet
  facet normal 0 0 1
    outer loop
      vertex -1.20563 -29.4944 1.8
      vertex -6.34044 -31.8755 1.8
      vertex -1.23633 -29.5424 1.8
    endloop
  endfacet
  facet normal 0 0 1
    outer loop
      vertex -1.23633 -29.5424 1.8
      vertex -6.34044 -31.8755 1.8
      vertex -1.26512 -29.5915 1.8
    endloop
  endfacet
  facet normal 0 0 1
    outer loop
      vertex -1.26512 -29.5915 1.8
      vertex -6.34044 -31.8755 1.8
      vertex -1.29196 -29.6417 1.8
    endloop
  endfacet
  facet normal 0 0 1
    outer loop
      vertex -1.29196 -29.6417 1.8
      vertex -6.34044 -31.8755 1.8
      vertex -1.31681 -29.6929 1.8
    endloop
  endfacet
  facet normal 0 -0 1
    outer loop
      vertex -5.08412 -32.0999 1.8
      vertex -1.31681 -29.6929 1.8
      vertex -6.34044 -31.8755 1.8
    endloop
  endfacet
  facet normal 0 0 1
    outer loop
      vertex -1.31681 -29.6929 1.8
      vertex -5.08412 -32.0999 1.8
      vertex -1.33962 -29.7451 1.8
    endloop
  endfacet
  facet normal 0 0 1
    outer loop
      vertex -1.33962 -29.7451 1.8
      vertex -5.08412 -32.0999 1.8
      vertex -1.36038 -29.7981 1.8
    endloop
  endfacet
  facet normal 0 0 1
    outer loop
      vertex 27.0228 -18.056 1.8
      vertex 10.2271 -6.83351 1.8
      vertex 26.2931 -19.103 1.8
    endloop
  endfacet
  facet normal -0 0 1
    outer loop
      vertex 9.95091 -7.22976 1.8
      vertex 26.2931 -19.103 1.8
      vertex 10.2271 -6.83351 1.8
    endloop
  endfacet
  facet normal 0 0 1
    outer loop
      vertex 26.2931 -19.103 1.8
      vertex 9.95091 -7.22976 1.8
      vertex 25.5228 -20.1206 1.8
    endloop
  endfacet
  facet normal -0 0 1
    outer loop
      vertex 9.6594 -7.61485 1.8
      vertex 25.5228 -20.1206 1.8
      vertex 9.95091 -7.22976 1.8
    endloop
  endfacet
  facet normal 0 0 1
    outer loop
      vertex 25.5228 -20.1206 1.8
      vertex 9.6594 -7.61485 1.8
      vertex 24.7132 -21.1071 1.8
    endloop
  endfacet
  facet normal -0 0 1
    outer loop
      vertex 9.35299 -7.98821 1.8
      vertex 24.7132 -21.1071 1.8
      vertex 9.6594 -7.61485 1.8
    endloop
  endfacet
  facet normal 0 0 1
    outer loop
      vertex 24.7132 -21.1071 1.8
      vertex 9.35299 -7.98821 1.8
      vertex 23.8655 -22.061 1.8
    endloop
  endfacet
  facet normal -0 0 1
    outer loop
      vertex 9.03217 -8.34925 1.8
      vertex 23.8655 -22.061 1.8
      vertex 9.35299 -7.98821 1.8
    endloop
  endfacet
  facet normal 0 0 1
    outer loop
      vertex 23.8655 -22.061 1.8
      vertex 9.03217 -8.34925 1.8
      vertex 22.981 -22.981 1.8
    endloop
  endfacet
  facet normal -0 0 1
    outer loop
      vertex 8.69741 -8.69741 1.8
      vertex 22.981 -22.981 1.8
      vertex 9.03217 -8.34925 1.8
    endloop
  endfacet
  facet normal 0 0 1
    outer loop
      vertex 22.981 -22.981 1.8
      vertex 8.69741 -8.69741 1.8
      vertex 22.061 -23.8655 1.8
    endloop
  endfacet
  facet normal -0 0 1
    outer loop
      vertex 8.34925 -9.03217 1.8
      vertex 22.061 -23.8655 1.8
      vertex 8.69741 -8.69741 1.8
    endloop
  endfacet
  facet normal 0 0 1
    outer loop
      vertex 22.061 -23.8655 1.8
      vertex 8.34925 -9.03217 1.8
      vertex 21.1071 -24.7132 1.8
    endloop
  endfacet
  facet normal -0 0 1
    outer loop
      vertex 7.98821 -9.35299 1.8
      vertex 21.1071 -24.7132 1.8
      vertex 8.34925 -9.03217 1.8
    endloop
  endfacet
  facet normal 0 0 1
    outer loop
      vertex 21.1071 -24.7132 1.8
      vertex 7.98821 -9.35299 1.8
      vertex 20.1206 -25.5228 1.8
    endloop
  endfacet
  facet normal -0 0 1
    outer loop
      vertex 7.61485 -9.6594 1.8
      vertex 20.1206 -25.5228 1.8
      vertex 7.98821 -9.35299 1.8
    endloop
  endfacet
  facet normal 0 0 1
    outer loop
      vertex 20.1206 -25.5228 1.8
      vertex 7.61485 -9.6594 1.8
      vertex 19.103 -26.2931 1.8
    endloop
  endfacet
  facet normal -0 0 1
    outer loop
      vertex 7.22976 -9.95091 1.8
      vertex 19.103 -26.2931 1.8
      vertex 7.61485 -9.6594 1.8
    endloop
  endfacet
  facet normal 0 0 1
    outer loop
      vertex 19.103 -26.2931 1.8
      vertex 7.22976 -9.95091 1.8
      vertex 18.056 -27.0228 1.8
    endloop
  endfacet
  facet normal -0 0 1
    outer loop
      vertex 6.83351 -10.2271 1.8
      vertex 18.056 -27.0228 1.8
      vertex 7.22976 -9.95091 1.8
    endloop
  endfacet
  facet normal 0 0 1
    outer loop
      vertex 18.056 -27.0228 1.8
      vertex 6.83351 -10.2271 1.8
      vertex 16.9812 -27.7108 1.8
    endloop
  endfacet
  facet normal -0 0 1
    outer loop
      vertex 6.42673 -10.4875 1.8
      vertex 16.9812 -27.7108 1.8
      vertex 6.83351 -10.2271 1.8
    endloop
  endfacet
  facet normal 0 0 1
    outer loop
      vertex 16.9812 -27.7108 1.8
      vertex 6.42673 -10.4875 1.8
      vertex 15.8802 -28.3561 1.8
    endloop
  endfacet
  facet normal -0 0 1
    outer loop
      vertex 6.01004 -10.7317 1.8
      vertex 15.8802 -28.3561 1.8
      vertex 6.42673 -10.4875 1.8
    endloop
  endfacet
  facet normal 0 0 1
    outer loop
      vertex 15.8802 -28.3561 1.8
      vertex 6.01004 -10.7317 1.8
      vertex 14.7547 -28.9577 1.8
    endloop
  endfacet
  facet normal -0 0 1
    outer loop
      vertex 5.58408 -10.9594 1.8
      vertex 14.7547 -28.9577 1.8
      vertex 6.01004 -10.7317 1.8
    endloop
  endfacet
  facet normal 0 0 1
    outer loop
      vertex 14.7547 -28.9577 1.8
      vertex 5.58408 -10.9594 1.8
      vertex 13.6064 -29.5147 1.8
    endloop
  endfacet
  facet normal -0 0 1
    outer loop
      vertex 5.14951 -11.1702 1.8
      vertex 13.6064 -29.5147 1.8
      vertex 5.58408 -10.9594 1.8
    endloop
  endfacet
  facet normal 0 0 1
    outer loop
      vertex 13.6064 -29.5147 1.8
      vertex 5.14951 -11.1702 1.8
      vertex 12.4372 -30.0261 1.8
    endloop
  endfacet
  facet normal -0 0 1
    outer loop
      vertex 4.70701 -11.3637 1.8
      vertex 12.4372 -30.0261 1.8
      vertex 5.14951 -11.1702 1.8
    endloop
  endfacet
  facet normal 0 0 1
    outer loop
      vertex 12.4372 -30.0261 1.8
      vertex 4.70701 -11.3637 1.8
      vertex 11.2488 -30.4912 1.8
    endloop
  endfacet
  facet normal -0 0 1
    outer loop
      vertex 4.25724 -11.5398 1.8
      vertex 11.2488 -30.4912 1.8
      vertex 4.70701 -11.3637 1.8
    endloop
  endfacet
  facet normal 0 0 1
    outer loop
      vertex 11.2488 -30.4912 1.8
      vertex 4.25724 -11.5398 1.8
      vertex 10.0431 -30.9093 1.8
    endloop
  endfacet
  facet normal -0 0 1
    outer loop
      vertex 3.80091 -11.698 1.8
      vertex 10.0431 -30.9093 1.8
      vertex 4.25724 -11.5398 1.8
    endloop
  endfacet
  facet normal 0 0 1
    outer loop
      vertex 10.0431 -30.9093 1.8
      vertex 3.80091 -11.698 1.8
      vertex 8.82181 -31.2798 1.8
    endloop
  endfacet
  facet normal -0 0 1
    outer loop
      vertex 3.33872 -11.8382 1.8
      vertex 8.82181 -31.2798 1.8
      vertex 3.80091 -11.698 1.8
    endloop
  endfacet
  facet normal 0 0 1
    outer loop
      vertex 1.44888 -30.2431 1.8
      vertex 7.58697 -31.602 1.8
      vertex 8.82181 -31.2798 1.8
    endloop
  endfacet
  facet normal 0 0 1
    outer loop
      vertex 1.44888 -30.2431 1.8
      vertex 5.08412 -32.0999 1.8
      vertex 6.34044 -31.8755 1.8
    endloop
  endfacet
  facet normal 0 0 1
    outer loop
      vertex 1.44888 -30.2431 1.8
      vertex 6.34044 -31.8755 1.8
      vertex 7.58697 -31.602 1.8
    endloop
  endfacet
  facet normal -0 0 1
    outer loop
      vertex 1.44888 -30.2431 1.8
      vertex 8.82181 -31.2798 1.8
      vertex 3.33872 -11.8382 1.8
    endloop
  endfacet
  facet normal 0 0 1
    outer loop
      vertex 1.44888 -30.2431 1.8
      vertex 3.33872 -11.8382 1.8
      vertex 2.87138 -11.9601 1.8
    endloop
  endfacet
  facet normal 0 0 1
    outer loop
      vertex 1.44888 -30.2431 1.8
      vertex 3.81997 -32.2747 1.8
      vertex 5.08412 -32.0999 1.8
    endloop
  endfacet
  facet normal 0 0 1
    outer loop
      vertex 1.44888 -30.2431 1.8
      vertex 2.87138 -11.9601 1.8
      vertex 2.39961 -12.0637 1.8
    endloop
  endfacet
  facet normal 0 0 1
    outer loop
      vertex 0.554891 -28.9604 1.8
      vertex 2.39961 -12.0637 1.8
      vertex 1.92414 -12.1486 1.8
    endloop
  endfacet
  facet normal -0 0 1
    outer loop
      vertex 1.44888 -30.3569 1.8
      vertex 3.81997 -32.2747 1.8
      vertex 1.45 -30.3 1.8
    endloop
  endfacet
  facet normal -0 0 1
    outer loop
      vertex 1.44553 -30.4138 1.8
      vertex 3.81997 -32.2747 1.8
      vertex 1.44888 -30.3569 1.8
    endloop
  endfacet
  facet normal -0 0 1
    outer loop
      vertex 1.43995 -30.4704 1.8
      vertex 3.81997 -32.2747 1.8
      vertex 1.44553 -30.4138 1.8
    endloop
  endfacet
  facet normal -0 0 1
    outer loop
      vertex 1.43215 -30.5268 1.8
      vertex 3.81997 -32.2747 1.8
      vertex 1.43995 -30.4704 1.8
    endloop
  endfacet
  facet normal 0 0 1
    outer loop
      vertex 3.81997 -32.2747 1.8
      vertex 1.43215 -30.5268 1.8
      vertex 2.54992 -32.3998 1.8
    endloop
  endfacet
  facet normal -0 0 1
    outer loop
      vertex 1.42214 -30.5829 1.8
      vertex 2.54992 -32.3998 1.8
      vertex 1.43215 -30.5268 1.8
    endloop
  endfacet
  facet normal -0 0 1
    outer loop
      vertex 1.40994 -30.6385 1.8
      vertex 2.54992 -32.3998 1.8
      vertex 1.42214 -30.5829 1.8
    endloop
  endfacet
  facet normal -0 0 1
    outer loop
      vertex 1.39556 -30.6936 1.8
      vertex 2.54992 -32.3998 1.8
      vertex 1.40994 -30.6385 1.8
    endloop
  endfacet
  facet normal -0 0 1
    outer loop
      vertex 1.37903 -30.7481 1.8
      vertex 2.54992 -32.3998 1.8
      vertex 1.39556 -30.6936 1.8
    endloop
  endfacet
  facet normal -0 0 1
    outer loop
      vertex 1.36038 -30.8019 1.8
      vertex 2.54992 -32.3998 1.8
      vertex 1.37903 -30.7481 1.8
    endloop
  endfacet
  facet normal -0 0 1
    outer loop
      vertex 1.33962 -30.8549 1.8
      vertex 2.54992 -32.3998 1.8
      vertex 1.36038 -30.8019 1.8
    endloop
  endfacet
  facet normal -0 0 1
    outer loop
      vertex 1.31681 -30.9071 1.8
      vertex 2.54992 -32.3998 1.8
      vertex 1.33962 -30.8549 1.8
    endloop
  endfacet
  facet normal -0 0 1
    outer loop
      vertex 1.29196 -30.9583 1.8
      vertex 2.54992 -32.3998 1.8
      vertex 1.31681 -30.9071 1.8
    endloop
  endfacet
  facet normal -0 0 1
    outer loop
      vertex 1.26512 -31.0085 1.8
      vertex 2.54992 -32.3998 1.8
      vertex 1.29196 -30.9583 1.8
    endloop
  endfacet
  facet normal -0 0 1
    outer loop
      vertex 1.23633 -31.0576 1.8
      vertex 2.54992 -32.3998 1.8
      vertex 1.26512 -31.0085 1.8
    endloop
  endfacet
  facet normal -0 0 1
    outer loop
      vertex 1.20563 -31.1056 1.8
      vertex 2.54992 -32.3998 1.8
      vertex 1.23633 -31.0576 1.8
    endloop
  endfacet
  facet normal -0 0 1
    outer loop
      vertex 1.17307 -31.1523 1.8
      vertex 2.54992 -32.3998 1.8
      vertex 1.20563 -31.1056 1.8
    endloop
  endfacet
  facet normal -0 0 1
    outer loop
      vertex 1.13871 -31.1977 1.8
      vertex 2.54992 -32.3998 1.8
      vertex 1.17307 -31.1523 1.8
    endloop
  endfacet
  facet normal 0 0 1
    outer loop
      vertex 2.54992 -32.3998 1.8
      vertex 1.13871 -31.1977 1.8
      vertex 1.27594 -32.4749 1.8
    endloop
  endfacet
  facet normal -0 0 1
    outer loop
      vertex 1.10259 -31.2417 1.8
      vertex 1.27594 -32.4749 1.8
      vertex 1.13871 -31.1977 1.8
    endloop
  endfacet
  facet normal -0 0 1
    outer loop
      vertex 1.06477 -31.2843 1.8
      vertex 1.27594 -32.4749 1.8
      vertex 1.10259 -31.2417 1.8
    endloop
  endfacet
  facet normal -0 0 1
    outer loop
      vertex 1.0253 -31.3253 1.8
      vertex 1.27594 -32.4749 1.8
      vertex 1.06477 -31.2843 1.8
    endloop
  endfacet
  facet normal -0 0 1
    outer loop
      vertex 0.984261 -31.3648 1.8
      vertex 1.27594 -32.4749 1.8
      vertex 1.0253 -31.3253 1.8
    endloop
  endfacet
  facet normal -0 0 1
    outer loop
      vertex 0.941699 -31.4026 1.8
      vertex 1.27594 -32.4749 1.8
      vertex 0.984261 -31.3648 1.8
    endloop
  endfacet
  facet normal -0 0 1
    outer loop
      vertex 0.897686 -31.4387 1.8
      vertex 1.27594 -32.4749 1.8
      vertex 0.941699 -31.4026 1.8
    endloop
  endfacet
  facet normal -0 0 1
    outer loop
      vertex 0.852288 -31.4731 1.8
      vertex 1.27594 -32.4749 1.8
      vertex 0.897686 -31.4387 1.8
    endloop
  endfacet
  facet normal -0 0 1
    outer loop
      vertex 0.805576 -31.5056 1.8
      vertex 1.27594 -32.4749 1.8
      vertex 0.852288 -31.4731 1.8
    endloop
  endfacet
  facet normal -0 0 1
    outer loop
      vertex 0.757623 -31.5363 1.8
      vertex 1.27594 -32.4749 1.8
      vertex 0.805576 -31.5056 1.8
    endloop
  endfacet
  facet normal -0 0 1
    outer loop
      vertex 0.7085 -31.5651 1.8
      vertex 1.27594 -32.4749 1.8
      vertex 0.757623 -31.5363 1.8
    endloop
  endfacet
  facet normal -0 0 1
    outer loop
      vertex 0.658286 -31.592 1.8
      vertex 1.27594 -32.4749 1.8
      vertex 0.7085 -31.5651 1.8
    endloop
  endfacet
  facet normal -0 0 1
    outer loop
      vertex 0.607057 -31.6168 1.8
      vertex 1.27594 -32.4749 1.8
      vertex 0.658286 -31.592 1.8
    endloop
  endfacet
  facet normal -0 0 1
    outer loop
      vertex 0.554891 -31.6396 1.8
      vertex 1.27594 -32.4749 1.8
      vertex 0.607057 -31.6168 1.8
    endloop
  endfacet
  facet normal -0 0 1
    outer loop
      vertex 0.501869 -31.6604 1.8
      vertex 1.27594 -32.4749 1.8
      vertex 0.554891 -31.6396 1.8
    endloop
  endfacet
  facet normal -0 0 1
    outer loop
      vertex 0.448074 -31.679 1.8
      vertex 1.27594 -32.4749 1.8
      vertex 0.501869 -31.6604 1.8
    endloop
  endfacet
  facet normal 0 0 1
    outer loop
      vertex 0 -32.5 1.8
      vertex 0.448074 -31.679 1.8
      vertex 0.393588 -31.6956 1.8
    endloop
  endfacet
  facet normal 0 0 1
    outer loop
      vertex 0 -32.5 1.8
      vertex 0.393588 -31.6956 1.8
      vertex 0.338495 -31.7099 1.8
    endloop
  endfacet
  facet normal 0 0 1
    outer loop
      vertex 0 -32.5 1.8
      vertex 0.338495 -31.7099 1.8
      vertex 0.282881 -31.7221 1.8
    endloop
  endfacet
  facet normal 0 0 1
    outer loop
      vertex 0 -32.5 1.8
      vertex 0.282881 -31.7221 1.8
      vertex 0.22683 -31.7321 1.8
    endloop
  endfacet
  facet normal 0 0 1
    outer loop
      vertex 0 -32.5 1.8
      vertex 0.22683 -31.7321 1.8
      vertex 0.170428 -31.7399 1.8
    endloop
  endfacet
  facet normal 0 0 1
    outer loop
      vertex 0 -32.5 1.8
      vertex 0.170428 -31.7399 1.8
      vertex 0.113765 -31.7455 1.8
    endloop
  endfacet
  facet normal 0 0 1
    outer loop
      vertex 0 -32.5 1.8
      vertex 0.113765 -31.7455 1.8
      vertex 0.0569267 -31.7489 1.8
    endloop
  endfacet
  facet normal 0 0 1
    outer loop
      vertex 0 -32.5 1.8
      vertex 0.0569267 -31.7489 1.8
      vertex 0 -31.75 1.8
    endloop
  endfacet
  facet normal 0 0 1
    outer loop
      vertex 0.448074 -31.679 1.8
      vertex 0 -32.5 1.8
      vertex 1.27594 -32.4749 1.8
    endloop
  endfacet
  facet normal 0 0 1
    outer loop
      vertex -0.0569267 -31.7489 1.8
      vertex 0 -32.5 1.8
      vertex 0 -31.75 1.8
    endloop
  endfacet
  facet normal 0 0 1
    outer loop
      vertex -0.113765 -31.7455 1.8
      vertex 0 -32.5 1.8
      vertex -0.0569267 -31.7489 1.8
    endloop
  endfacet
  facet normal 0 0 1
    outer loop
      vertex -0.170428 -31.7399 1.8
      vertex 0 -32.5 1.8
      vertex -0.113765 -31.7455 1.8
    endloop
  endfacet
  facet normal 0 0 1
    outer loop
      vertex -0.22683 -31.7321 1.8
      vertex 0 -32.5 1.8
      vertex -0.170428 -31.7399 1.8
    endloop
  endfacet
  facet normal 0 0 1
    outer loop
      vertex -0.282881 -31.7221 1.8
      vertex 0 -32.5 1.8
      vertex -0.22683 -31.7321 1.8
    endloop
  endfacet
  facet normal 0 0 1
    outer loop
      vertex -0.338495 -31.7099 1.8
      vertex 0 -32.5 1.8
      vertex -0.282881 -31.7221 1.8
    endloop
  endfacet
  facet normal 0 0 1
    outer loop
      vertex -0.393588 -31.6956 1.8
      vertex 0 -32.5 1.8
      vertex -0.338495 -31.7099 1.8
    endloop
  endfacet
  facet normal 0 0 1
    outer loop
      vertex -0.448074 -31.679 1.8
      vertex 0 -32.5 1.8
      vertex -0.393588 -31.6956 1.8
    endloop
  endfacet
  facet normal 0 0 1
    outer loop
      vertex -1.27594 -32.4749 1.8
      vertex -0.448074 -31.679 1.8
      vertex -0.501869 -31.6604 1.8
    endloop
  endfacet
  facet normal 0 0 1
    outer loop
      vertex -1.27594 -32.4749 1.8
      vertex -0.501869 -31.6604 1.8
      vertex -0.554891 -31.6396 1.8
    endloop
  endfacet
  facet normal 0 0 1
    outer loop
      vertex -1.27594 -32.4749 1.8
      vertex -0.554891 -31.6396 1.8
      vertex -0.607057 -31.6168 1.8
    endloop
  endfacet
  facet normal 0 0 1
    outer loop
      vertex -1.27594 -32.4749 1.8
      vertex -0.607057 -31.6168 1.8
      vertex -0.658286 -31.592 1.8
    endloop
  endfacet
  facet normal 0 0 1
    outer loop
      vertex -1.27594 -32.4749 1.8
      vertex -0.658286 -31.592 1.8
      vertex -0.7085 -31.5651 1.8
    endloop
  endfacet
  facet normal 0 0 1
    outer loop
      vertex -1.27594 -32.4749 1.8
      vertex -0.7085 -31.5651 1.8
      vertex -0.757623 -31.5363 1.8
    endloop
  endfacet
  facet normal 0 0 1
    outer loop
      vertex -1.27594 -32.4749 1.8
      vertex -0.757623 -31.5363 1.8
      vertex -0.805576 -31.5056 1.8
    endloop
  endfacet
  facet normal 0 0 1
    outer loop
      vertex -1.27594 -32.4749 1.8
      vertex -0.805576 -31.5056 1.8
      vertex -0.852288 -31.4731 1.8
    endloop
  endfacet
  facet normal 0 0 1
    outer loop
      vertex -1.27594 -32.4749 1.8
      vertex -0.852288 -31.4731 1.8
      vertex -0.897686 -31.4387 1.8
    endloop
  endfacet
  facet normal 0 0 1
    outer loop
      vertex -1.27594 -32.4749 1.8
      vertex -0.897686 -31.4387 1.8
      vertex -0.941699 -31.4026 1.8
    endloop
  endfacet
  facet normal 0 0 1
    outer loop
      vertex -1.27594 -32.4749 1.8
      vertex -0.941699 -31.4026 1.8
      vertex -0.984261 -31.3648 1.8
    endloop
  endfacet
  facet normal 0 0 1
    outer loop
      vertex -1.27594 -32.4749 1.8
      vertex -0.984261 -31.3648 1.8
      vertex -1.0253 -31.3253 1.8
    endloop
  endfacet
  facet normal 0 0 1
    outer loop
      vertex -1.27594 -32.4749 1.8
      vertex -1.0253 -31.3253 1.8
      vertex -1.06477 -31.2843 1.8
    endloop
  endfacet
  facet normal 0 0 1
    outer loop
      vertex -1.27594 -32.4749 1.8
      vertex -1.06477 -31.2843 1.8
      vertex -1.10259 -31.2417 1.8
    endloop
  endfacet
  facet normal 0 0 1
    outer loop
      vertex -0.448074 -31.679 1.8
      vertex -1.27594 -32.4749 1.8
      vertex 0 -32.5 1.8
    endloop
  endfacet
  facet normal 0 0 1
    outer loop
      vertex -1.13871 -31.1977 1.8
      vertex -1.27594 -32.4749 1.8
      vertex -1.10259 -31.2417 1.8
    endloop
  endfacet
  facet normal 0 0 1
    outer loop
      vertex -2.54992 -32.3998 1.8
      vertex -1.13871 -31.1977 1.8
      vertex -1.17307 -31.1523 1.8
    endloop
  endfacet
  facet normal 0 0 1
    outer loop
      vertex -2.54992 -32.3998 1.8
      vertex -1.17307 -31.1523 1.8
      vertex -1.20563 -31.1056 1.8
    endloop
  endfacet
  facet normal 0 0 1
    outer loop
      vertex -2.54992 -32.3998 1.8
      vertex -1.20563 -31.1056 1.8
      vertex -1.23633 -31.0576 1.8
    endloop
  endfacet
  facet normal 0 0 1
    outer loop
      vertex -2.54992 -32.3998 1.8
      vertex -1.23633 -31.0576 1.8
      vertex -1.26512 -31.0085 1.8
    endloop
  endfacet
  facet normal 0 0 1
    outer loop
      vertex -2.54992 -32.3998 1.8
      vertex -1.26512 -31.0085 1.8
      vertex -1.29196 -30.9583 1.8
    endloop
  endfacet
  facet normal 0 0 1
    outer loop
      vertex -2.54992 -32.3998 1.8
      vertex -1.29196 -30.9583 1.8
      vertex -1.31681 -30.9071 1.8
    endloop
  endfacet
  facet normal 0 0 1
    outer loop
      vertex -2.54992 -32.3998 1.8
      vertex -1.31681 -30.9071 1.8
      vertex -1.33962 -30.8549 1.8
    endloop
  endfacet
  facet normal 0 0 1
    outer loop
      vertex -2.54992 -32.3998 1.8
      vertex -1.33962 -30.8549 1.8
      vertex -1.36038 -30.8019 1.8
    endloop
  endfacet
  facet normal 0 0 1
    outer loop
      vertex -2.54992 -32.3998 1.8
      vertex -1.36038 -30.8019 1.8
      vertex -1.37903 -30.7481 1.8
    endloop
  endfacet
  facet normal 0 0 1
    outer loop
      vertex -2.54992 -32.3998 1.8
      vertex -1.37903 -30.7481 1.8
      vertex -1.39556 -30.6936 1.8
    endloop
  endfacet
  facet normal 0 0 1
    outer loop
      vertex -2.54992 -32.3998 1.8
      vertex -1.39556 -30.6936 1.8
      vertex -1.40994 -30.6385 1.8
    endloop
  endfacet
  facet normal 0 0 1
    outer loop
      vertex -2.54992 -32.3998 1.8
      vertex -1.40994 -30.6385 1.8
      vertex -1.42214 -30.5829 1.8
    endloop
  endfacet
  facet normal 0 0 1
    outer loop
      vertex -2.54992 -32.3998 1.8
      vertex -1.42214 -30.5829 1.8
      vertex -1.43215 -30.5268 1.8
    endloop
  endfacet
  facet normal 0 0 1
    outer loop
      vertex -3.81997 -32.2747 1.8
      vertex -1.43215 -30.5268 1.8
      vertex -1.43995 -30.4704 1.8
    endloop
  endfacet
  facet normal 0 0 1
    outer loop
      vertex -3.81997 -32.2747 1.8
      vertex -1.43995 -30.4704 1.8
      vertex -1.44553 -30.4138 1.8
    endloop
  endfacet
  facet normal 0 0 1
    outer loop
      vertex -1.39556 -29.9064 1.8
      vertex -5.08412 -32.0999 1.8
      vertex -1.40994 -29.9615 1.8
    endloop
  endfacet
  facet normal 0 0 1
    outer loop
      vertex -1.40994 -29.9615 1.8
      vertex -5.08412 -32.0999 1.8
      vertex -1.42214 -30.0171 1.8
    endloop
  endfacet
  facet normal 0 0 1
    outer loop
      vertex -1.13871 -31.1977 1.8
      vertex -2.54992 -32.3998 1.8
      vertex -1.27594 -32.4749 1.8
    endloop
  endfacet
  facet normal 0 0 1
    outer loop
      vertex -3.81997 -32.2747 1.8
      vertex -1.44553 -30.4138 1.8
      vertex -1.44888 -30.3569 1.8
    endloop
  endfacet
  facet normal 0 0 1
    outer loop
      vertex -1.42214 -30.0171 1.8
      vertex -5.08412 -32.0999 1.8
      vertex -1.43215 -30.0732 1.8
    endloop
  endfacet
  facet normal 0 -0 1
    outer loop
      vertex -3.81997 -32.2747 1.8
      vertex -1.43215 -30.0732 1.8
      vertex -5.08412 -32.0999 1.8
    endloop
  endfacet
  facet normal 0 0 1
    outer loop
      vertex -1.43215 -30.0732 1.8
      vertex -3.81997 -32.2747 1.8
      vertex -1.43995 -30.1296 1.8
    endloop
  endfacet
  facet normal 0 0 1
    outer loop
      vertex -1.36038 -29.7981 1.8
      vertex -5.08412 -32.0999 1.8
      vertex -1.37903 -29.8519 1.8
    endloop
  endfacet
  facet normal 0 0 1
    outer loop
      vertex -1.43215 -30.5268 1.8
      vertex -3.81997 -32.2747 1.8
      vertex -2.54992 -32.3998 1.8
    endloop
  endfacet
  facet normal 0 0 1
    outer loop
      vertex -10.0431 -30.9093 1.8
      vertex -3.80091 -11.698 1.8
      vertex -4.25724 -11.5398 1.8
    endloop
  endfacet
  facet normal 0 0 1
    outer loop
      vertex -11.2488 -30.4912 1.8
      vertex -4.25724 -11.5398 1.8
      vertex -4.70701 -11.3637 1.8
    endloop
  endfacet
  facet normal 0 0 1
    outer loop
      vertex -1.45 -30.3 1.8
      vertex -3.81997 -32.2747 1.8
      vertex -1.44888 -30.3569 1.8
    endloop
  endfacet
  facet normal 0 0 1
    outer loop
      vertex -12.4372 -30.0261 1.8
      vertex -4.70701 -11.3637 1.8
      vertex -5.14951 -11.1702 1.8
    endloop
  endfacet
  facet normal 0 0 1
    outer loop
      vertex -13.6064 -29.5147 1.8
      vertex -5.14951 -11.1702 1.8
      vertex -5.58408 -10.9594 1.8
    endloop
  endfacet
  facet normal 0 0 1
    outer loop
      vertex -14.7547 -28.9577 1.8
      vertex -5.58408 -10.9594 1.8
      vertex -6.01004 -10.7317 1.8
    endloop
  endfacet
  facet normal 0 0 1
    outer loop
      vertex -1.44888 -30.2431 1.8
      vertex -3.81997 -32.2747 1.8
      vertex -1.45 -30.3 1.8
    endloop
  endfacet
  facet normal 0 0 1
    outer loop
      vertex -15.8802 -28.3561 1.8
      vertex -6.01004 -10.7317 1.8
      vertex -6.42673 -10.4875 1.8
    endloop
  endfacet
  facet normal 0 0 1
    outer loop
      vertex -16.9812 -27.7108 1.8
      vertex -6.42673 -10.4875 1.8
      vertex -6.83351 -10.2271 1.8
    endloop
  endfacet
  facet normal 0 0 1
    outer loop
      vertex -18.056 -27.0228 1.8
      vertex -6.83351 -10.2271 1.8
      vertex -7.22976 -9.95091 1.8
    endloop
  endfacet
  facet normal 0 0 1
    outer loop
      vertex -1.44553 -30.1862 1.8
      vertex -3.81997 -32.2747 1.8
      vertex -1.44888 -30.2431 1.8
    endloop
  endfacet
  facet normal 0 0 1
    outer loop
      vertex -19.103 -26.2931 1.8
      vertex -7.22976 -9.95091 1.8
      vertex -7.61485 -9.6594 1.8
    endloop
  endfacet
  facet normal 0 0 1
    outer loop
      vertex -20.1206 -25.5228 1.8
      vertex -7.61485 -9.6594 1.8
      vertex -7.98821 -9.35299 1.8
    endloop
  endfacet
  facet normal 0 0 1
    outer loop
      vertex -21.1071 -24.7132 1.8
      vertex -7.98821 -9.35299 1.8
      vertex -8.34925 -9.03217 1.8
    endloop
  endfacet
  facet normal 0 0 1
    outer loop
      vertex -22.061 -23.8655 1.8
      vertex -8.34925 -9.03217 1.8
      vertex -8.69741 -8.69741 1.8
    endloop
  endfacet
  facet normal 0 0 1
    outer loop
      vertex -1.43995 -30.1296 1.8
      vertex -3.81997 -32.2747 1.8
      vertex -1.44553 -30.1862 1.8
    endloop
  endfacet
  facet normal 0 0 1
    outer loop
      vertex -22.981 -22.981 1.8
      vertex -8.69741 -8.69741 1.8
      vertex -9.03217 -8.34925 1.8
    endloop
  endfacet
  facet normal 0 0 1
    outer loop
      vertex -23.8655 -22.061 1.8
      vertex -9.03217 -8.34925 1.8
      vertex -9.35299 -7.98821 1.8
    endloop
  endfacet
  facet normal 0 0 1
    outer loop
      vertex -24.7132 -21.1071 1.8
      vertex -9.35299 -7.98821 1.8
      vertex -9.6594 -7.61485 1.8
    endloop
  endfacet
  facet normal 0 0 1
    outer loop
      vertex -24.7132 -21.1071 1.8
      vertex -9.6594 -7.61485 1.8
      vertex -9.95091 -7.22976 1.8
    endloop
  endfacet
  facet normal 0 0 1
    outer loop
      vertex -1.37903 -29.8519 1.8
      vertex -5.08412 -32.0999 1.8
      vertex -1.39556 -29.9064 1.8
    endloop
  endfacet
  facet normal 0 0 1
    outer loop
      vertex -24.7132 -21.1071 1.8
      vertex -9.95091 -7.22976 1.8
      vertex -10.2271 -6.83351 1.8
    endloop
  endfacet
  facet normal 0 0 1
    outer loop
      vertex -24.7132 -21.1071 1.8
      vertex -10.2271 -6.83351 1.8
      vertex -10.4875 -6.42673 1.8
    endloop
  endfacet
  facet normal 0 0 1
    outer loop
      vertex -24.7132 -21.1071 1.8
      vertex -10.4875 -6.42673 1.8
      vertex -10.7317 -6.01004 1.8
    endloop
  endfacet
  facet normal 0 0 1
    outer loop
      vertex -24.7132 -21.1071 1.8
      vertex -10.7317 -6.01004 1.8
      vertex -10.9594 -5.58408 1.8
    endloop
  endfacet
  facet normal 0 0 1
    outer loop
      vertex -24.7132 -21.1071 1.8
      vertex -10.9594 -5.58408 1.8
      vertex -11.1702 -5.14951 1.8
    endloop
  endfacet
  facet normal 0 0 1
    outer loop
      vertex -4.25724 -11.5398 1.8
      vertex -11.2488 -30.4912 1.8
      vertex -10.0431 -30.9093 1.8
    endloop
  endfacet
  facet normal 0 0 1
    outer loop
      vertex -24.7132 -21.1071 1.8
      vertex -11.1702 -5.14951 1.8
      vertex -11.3637 -4.70701 1.8
    endloop
  endfacet
  facet normal 0 0 1
    outer loop
      vertex -24.7132 -21.1071 1.8
      vertex -11.3637 -4.70701 1.8
      vertex -11.5398 -4.25724 1.8
    endloop
  endfacet
  facet normal 0 0 1
    outer loop
      vertex -24.7132 -21.1071 1.8
      vertex -11.5398 -4.25724 1.8
      vertex -11.698 -3.80091 1.8
    endloop
  endfacet
  facet normal 0 0 1
    outer loop
      vertex -24.7132 -21.1071 1.8
      vertex -11.698 -3.80091 1.8
      vertex -11.8382 -3.33872 1.8
    endloop
  endfacet
  facet normal 0 0 1
    outer loop
      vertex -24.7132 -21.1071 1.8
      vertex -11.8382 -3.33872 1.8
      vertex -11.9601 -2.87138 1.8
    endloop
  endfacet
  facet normal 0 0 1
    outer loop
      vertex -24.7132 -21.1071 1.8
      vertex -11.9601 -2.87138 1.8
      vertex -12.0637 -2.39961 1.8
    endloop
  endfacet
  facet normal 0 0 1
    outer loop
      vertex -24.7132 -21.1071 1.8
      vertex -12.0637 -2.39961 1.8
      vertex -12.1486 -1.92414 1.8
    endloop
  endfacet
  facet normal 0 0 1
    outer loop
      vertex -24.7132 -21.1071 1.8
      vertex -12.1486 -1.92414 1.8
      vertex -12.2147 -1.44571 1.8
    endloop
  endfacet
  facet normal 0 0 1
    outer loop
      vertex -24.7132 -21.1071 1.8
      vertex -12.2147 -1.44571 1.8
      vertex -12.2621 -0.965046 1.8
    endloop
  endfacet
  facet normal -0 0 1
    outer loop
      vertex -25.0456 14.3287 1.8
      vertex -10.7317 6.01004 1.8
      vertex -25.0143 14.3763 1.8
    endloop
  endfacet
  facet normal 0 0 1
    outer loop
      vertex -4.70701 -11.3637 1.8
      vertex -12.4372 -30.0261 1.8
      vertex -11.2488 -30.4912 1.8
    endloop
  endfacet
  facet normal -0 0 1
    outer loop
      vertex -25.0143 14.3763 1.8
      vertex -10.7317 6.01004 1.8
      vertex -24.9848 14.425 1.8
    endloop
  endfacet
  facet normal -0 0 1
    outer loop
      vertex -24.8675 14.6839 1.8
      vertex -9.95091 7.22976 1.8
      vertex -24.8503 14.7382 1.8
    endloop
  endfacet
  facet normal -0 0 1
    outer loop
      vertex -24.8869 14.6304 1.8
      vertex -10.2271 6.83351 1.8
      vertex -24.8675 14.6839 1.8
    endloop
  endfacet
  facet normal 0 0 1
    outer loop
      vertex -10.7317 6.01004 1.8
      vertex -25.0456 14.3287 1.8
      vertex -10.9594 5.58408 1.8
    endloop
  endfacet
  facet normal 0 0 1
    outer loop
      vertex -10.2271 6.83351 1.8
      vertex -24.9083 14.5776 1.8
      vertex -10.4875 6.42673 1.8
    endloop
  endfacet
  facet normal 0 0 1
    outer loop
      vertex -5.14951 -11.1702 1.8
      vertex -13.6064 -29.5147 1.8
      vertex -12.4372 -30.0261 1.8
    endloop
  endfacet
  facet normal -0 0 1
    outer loop
      vertex -24.9318 14.5258 1.8
      vertex -10.4875 6.42673 1.8
      vertex -24.9083 14.5776 1.8
    endloop
  endfacet
  facet normal 0 0 1
    outer loop
      vertex -5.58408 -10.9594 1.8
      vertex -14.7547 -28.9577 1.8
      vertex -13.6064 -29.5147 1.8
    endloop
  endfacet
  facet normal 0 0 1
    outer loop
      vertex -10.4875 6.42673 1.8
      vertex -24.9573 14.4749 1.8
      vertex -10.7317 6.01004 1.8
    endloop
  endfacet
  facet normal 0 0 1
    outer loop
      vertex -6.01004 -10.7317 1.8
      vertex -15.8802 -28.3561 1.8
      vertex -14.7547 -28.9577 1.8
    endloop
  endfacet
  facet normal -0 0 1
    outer loop
      vertex -24.9848 14.425 1.8
      vertex -10.7317 6.01004 1.8
      vertex -24.9573 14.4749 1.8
    endloop
  endfacet
  facet normal 0 0 1
    outer loop
      vertex -6.42673 -10.4875 1.8
      vertex -16.9812 -27.7108 1.8
      vertex -15.8802 -28.3561 1.8
    endloop
  endfacet
  facet normal -0 0 1
    outer loop
      vertex -24.9573 14.4749 1.8
      vertex -10.4875 6.42673 1.8
      vertex -24.9318 14.5258 1.8
    endloop
  endfacet
  facet normal 0 0 1
    outer loop
      vertex -6.83351 -10.2271 1.8
      vertex -18.056 -27.0228 1.8
      vertex -16.9812 -27.7108 1.8
    endloop
  endfacet
  facet normal 0 0 1
    outer loop
      vertex -9.95091 7.22976 1.8
      vertex -24.8675 14.6839 1.8
      vertex -10.2271 6.83351 1.8
    endloop
  endfacet
  facet normal 0 0 1
    outer loop
      vertex -7.22976 -9.95091 1.8
      vertex -19.103 -26.2931 1.8
      vertex -18.056 -27.0228 1.8
    endloop
  endfacet
  facet normal 0 0 1
    outer loop
      vertex -24.7937 15.2448 1.8
      vertex -20.1206 25.5228 1.8
      vertex -21.1071 24.7132 1.8
    endloop
  endfacet
  facet normal 0 0 1
    outer loop
      vertex -7.61485 -9.6594 1.8
      vertex -20.1206 -25.5228 1.8
      vertex -19.103 -26.2931 1.8
    endloop
  endfacet
  facet normal 0 0 1
    outer loop
      vertex -24.8056 15.3581 1.8
      vertex -21.1071 24.7132 1.8
      vertex -22.061 23.8655 1.8
    endloop
  endfacet
  facet normal 0 0 1
    outer loop
      vertex -7.98821 -9.35299 1.8
      vertex -21.1071 -24.7132 1.8
      vertex -20.1206 -25.5228 1.8
    endloop
  endfacet
  facet normal 0 0 1
    outer loop
      vertex -24.8263 15.47 1.8
      vertex -22.061 23.8655 1.8
      vertex -22.981 22.981 1.8
    endloop
  endfacet
  facet normal 0 0 1
    outer loop
      vertex -8.34925 -9.03217 1.8
      vertex -22.061 -23.8655 1.8
      vertex -21.1071 -24.7132 1.8
    endloop
  endfacet
  facet normal 0 0 1
    outer loop
      vertex -24.8737 15.634 1.8
      vertex -22.981 22.981 1.8
      vertex -23.8655 22.061 1.8
    endloop
  endfacet
  facet normal 0 0 1
    outer loop
      vertex -8.69741 -8.69741 1.8
      vertex -22.981 -22.981 1.8
      vertex -22.061 -23.8655 1.8
    endloop
  endfacet
  facet normal 0 0 1
    outer loop
      vertex -24.9663 15.8419 1.8
      vertex -23.8655 22.061 1.8
      vertex -24.7132 21.1071 1.8
    endloop
  endfacet
  facet normal 0 0 1
    outer loop
      vertex -9.03217 -8.34925 1.8
      vertex -23.8655 -22.061 1.8
      vertex -22.981 -22.981 1.8
    endloop
  endfacet
  facet normal 0 0 1
    outer loop
      vertex -9.35299 -7.98821 1.8
      vertex -24.7132 -21.1071 1.8
      vertex -23.8655 -22.061 1.8
    endloop
  endfacet
  facet normal -0 0 1
    outer loop
      vertex -24.9083 14.5776 1.8
      vertex -10.2271 6.83351 1.8
      vertex -24.8869 14.6304 1.8
    endloop
  endfacet
  facet normal 0 0 1
    outer loop
      vertex -20.1206 25.5228 1.8
      vertex -24.7937 15.2448 1.8
      vertex -24.7911 15.188 1.8
    endloop
  endfacet
  facet normal 0 0 1
    outer loop
      vertex -21.1071 24.7132 1.8
      vertex -24.7985 15.3016 1.8
      vertex -24.7937 15.2448 1.8
    endloop
  endfacet
  facet normal 0 0 1
    outer loop
      vertex -21.1071 24.7132 1.8
      vertex -24.8056 15.3581 1.8
      vertex -24.7985 15.3016 1.8
    endloop
  endfacet
  facet normal 0 0 1
    outer loop
      vertex -22.061 23.8655 1.8
      vertex -24.8148 15.4142 1.8
      vertex -24.8056 15.3581 1.8
    endloop
  endfacet
  facet normal 0 0 1
    outer loop
      vertex -22.061 23.8655 1.8
      vertex -24.8263 15.47 1.8
      vertex -24.8148 15.4142 1.8
    endloop
  endfacet
  facet normal 0 0 1
    outer loop
      vertex -22.981 22.981 1.8
      vertex -24.84 15.5253 1.8
      vertex -24.8263 15.47 1.8
    endloop
  endfacet
  facet normal 0 0 1
    outer loop
      vertex -22.981 22.981 1.8
      vertex -24.8558 15.58 1.8
      vertex -24.84 15.5253 1.8
    endloop
  endfacet
  facet normal 0 0 1
    outer loop
      vertex -22.981 22.981 1.8
      vertex -24.8737 15.634 1.8
      vertex -24.8558 15.58 1.8
    endloop
  endfacet
  facet normal 0 0 1
    outer loop
      vertex -23.8655 22.061 1.8
      vertex -24.8938 15.6873 1.8
      vertex -24.8737 15.634 1.8
    endloop
  endfacet
  facet normal 0 0 1
    outer loop
      vertex -23.8655 22.061 1.8
      vertex -24.9159 15.7398 1.8
      vertex -24.8938 15.6873 1.8
    endloop
  endfacet
  facet normal 0 0 1
    outer loop
      vertex -23.8655 22.061 1.8
      vertex -24.9401 15.7913 1.8
      vertex -24.9159 15.7398 1.8
    endloop
  endfacet
  facet normal 0 0 1
    outer loop
      vertex -23.8655 22.061 1.8
      vertex -24.9663 15.8419 1.8
      vertex -24.9401 15.7913 1.8
    endloop
  endfacet
  facet normal 0 0 1
    outer loop
      vertex -24.7132 21.1071 1.8
      vertex -24.9944 15.8914 1.8
      vertex -24.9663 15.8419 1.8
    endloop
  endfacet
  facet normal 0 0 1
    outer loop
      vertex -24.7132 21.1071 1.8
      vertex -25.0245 15.9397 1.8
      vertex -24.9944 15.8914 1.8
    endloop
  endfacet
  facet normal 0 0 1
    outer loop
      vertex -24.7132 21.1071 1.8
      vertex -25.0564 15.9869 1.8
      vertex -25.0245 15.9397 1.8
    endloop
  endfacet
  facet normal 0 0 1
    outer loop
      vertex -24.7132 21.1071 1.8
      vertex -25.0902 16.0327 1.8
      vertex -25.0564 15.9869 1.8
    endloop
  endfacet
  facet normal 0 0 1
    outer loop
      vertex -24.7132 21.1071 1.8
      vertex -25.1257 16.0772 1.8
      vertex -25.0902 16.0327 1.8
    endloop
  endfacet
  facet normal -0 0 1
    outer loop
      vertex -25.5228 20.1206 1.8
      vertex -25.1257 16.0772 1.8
      vertex -24.7132 21.1071 1.8
    endloop
  endfacet
  facet normal 0 0 1
    outer loop
      vertex -25.1257 16.0772 1.8
      vertex -25.5228 20.1206 1.8
      vertex -25.163 16.1202 1.8
    endloop
  endfacet
  facet normal 0 0 1
    outer loop
      vertex -25.163 16.1202 1.8
      vertex -25.5228 20.1206 1.8
      vertex -25.2019 16.1618 1.8
    endloop
  endfacet
  facet normal 0 0 1
    outer loop
      vertex -25.2019 16.1618 1.8
      vertex -25.5228 20.1206 1.8
      vertex -25.2425 16.2018 1.8
    endloop
  endfacet
  facet normal 0 0 1
    outer loop
      vertex -25.2425 16.2018 1.8
      vertex -25.5228 20.1206 1.8
      vertex -25.2845 16.2402 1.8
    endloop
  endfacet
  facet normal 0 0 1
    outer loop
      vertex -25.2845 16.2402 1.8
      vertex -25.5228 20.1206 1.8
      vertex -25.3281 16.2769 1.8
    endloop
  endfacet
  facet normal 0 0 1
    outer loop
      vertex -25.3281 16.2769 1.8
      vertex -25.5228 20.1206 1.8
      vertex -25.373 16.3118 1.8
    endloop
  endfacet
  facet normal 0 0 1
    outer loop
      vertex -25.373 16.3118 1.8
      vertex -25.5228 20.1206 1.8
      vertex -25.4193 16.345 1.8
    endloop
  endfacet
  facet normal -0 0 1
    outer loop
      vertex -26.2931 19.103 1.8
      vertex -25.4193 16.345 1.8
      vertex -25.5228 20.1206 1.8
    endloop
  endfacet
  facet normal 0 0 1
    outer loop
      vertex -25.4193 16.345 1.8
      vertex -26.2931 19.103 1.8
      vertex -25.4668 16.3763 1.8
    endloop
  endfacet
  facet normal 0 0 1
    outer loop
      vertex -25.4668 16.3763 1.8
      vertex -26.2931 19.103 1.8
      vertex -25.5156 16.4057 1.8
    endloop
  endfacet
  facet normal 0 0 1
    outer loop
      vertex -25.5156 16.4057 1.8
      vertex -26.2931 19.103 1.8
      vertex -25.5654 16.4332 1.8
    endloop
  endfacet
  facet normal 0 0 1
    outer loop
      vertex -25.5654 16.4332 1.8
      vertex -26.2931 19.103 1.8
      vertex -25.6163 16.4587 1.8
    endloop
  endfacet
  facet normal 0 0 1
    outer loop
      vertex -25.6163 16.4587 1.8
      vertex -26.2931 19.103 1.8
      vertex -25.6682 16.4822 1.8
    endloop
  endfacet
  facet normal 0 0 1
    outer loop
      vertex -25.6682 16.4822 1.8
      vertex -26.2931 19.103 1.8
      vertex -25.7209 16.5037 1.8
    endloop
  endfacet
  facet normal 0 0 1
    outer loop
      vertex -25.7209 16.5037 1.8
      vertex -26.2931 19.103 1.8
      vertex -25.7745 16.523 1.8
    endloop
  endfacet
  facet normal 0 0 1
    outer loop
      vertex -25.7745 16.523 1.8
      vertex -26.2931 19.103 1.8
      vertex -25.8287 16.5403 1.8
    endloop
  endfacet
  facet normal 0 0 1
    outer loop
      vertex -25.8287 16.5403 1.8
      vertex -26.2931 19.103 1.8
      vertex -25.8836 16.5554 1.8
    endloop
  endfacet
  facet normal 0 0 1
    outer loop
      vertex -25.8836 16.5554 1.8
      vertex -26.2931 19.103 1.8
      vertex -25.9391 16.5683 1.8
    endloop
  endfacet
  facet normal -0 0 1
    outer loop
      vertex -27.0228 18.056 1.8
      vertex -25.9391 16.5683 1.8
      vertex -26.2931 19.103 1.8
    endloop
  endfacet
  facet normal 0 0 1
    outer loop
      vertex -25.9391 16.5683 1.8
      vertex -27.0228 18.056 1.8
      vertex -25.995 16.5791 1.8
    endloop
  endfacet
  facet normal 0 0 1
    outer loop
      vertex -25.995 16.5791 1.8
      vertex -27.0228 18.056 1.8
      vertex -26.0513 16.5876 1.8
    endloop
  endfacet
  facet normal 0 0 1
    outer loop
      vertex -26.0513 16.5876 1.8
      vertex -27.0228 18.056 1.8
      vertex -26.1079 16.5939 1.8
    endloop
  endfacet
  facet normal 0 0 1
    outer loop
      vertex -26.1079 16.5939 1.8
      vertex -27.0228 18.056 1.8
      vertex -26.1647 16.598 1.8
    endloop
  endfacet
  facet normal 0 0 1
    outer loop
      vertex -26.1647 16.598 1.8
      vertex -27.0228 18.056 1.8
      vertex -26.2216 16.5999 1.8
    endloop
  endfacet
  facet normal 0 0 1
    outer loop
      vertex -26.2216 16.5999 1.8
      vertex -27.0228 18.056 1.8
      vertex -26.2785 16.5995 1.8
    endloop
  endfacet
  facet normal 0 0 1
    outer loop
      vertex -26.2785 16.5995 1.8
      vertex -27.0228 18.056 1.8
      vertex -26.3354 16.5969 1.8
    endloop
  endfacet
  facet normal 0 0 1
    outer loop
      vertex -26.3354 16.5969 1.8
      vertex -27.0228 18.056 1.8
      vertex -26.3921 16.5921 1.8
    endloop
  endfacet
  facet normal 0 0 1
    outer loop
      vertex -26.3921 16.5921 1.8
      vertex -27.0228 18.056 1.8
      vertex -26.4486 16.585 1.8
    endloop
  endfacet
  facet normal 0 0 1
    outer loop
      vertex -26.4486 16.585 1.8
      vertex -27.0228 18.056 1.8
      vertex -26.5048 16.5757 1.8
    endloop
  endfacet
  facet normal 0 0 1
    outer loop
      vertex -26.5048 16.5757 1.8
      vertex -27.0228 18.056 1.8
      vertex -26.5606 16.5642 1.8
    endloop
  endfacet
  facet normal 0 0 1
    outer loop
      vertex -26.5606 16.5642 1.8
      vertex -27.0228 18.056 1.8
      vertex -26.6159 16.5506 1.8
    endloop
  endfacet
  facet normal 0 0 1
    outer loop
      vertex -26.6159 16.5506 1.8
      vertex -27.0228 18.056 1.8
      vertex -26.6706 16.5348 1.8
    endloop
  endfacet
  facet normal 0 0 1
    outer loop
      vertex -26.6706 16.5348 1.8
      vertex -27.0228 18.056 1.8
      vertex -26.7246 16.5168 1.8
    endloop
  endfacet
  facet normal -0 0 1
    outer loop
      vertex -27.7108 16.9812 1.8
      vertex -26.7246 16.5168 1.8
      vertex -27.0228 18.056 1.8
    endloop
  endfacet
  facet normal 0 0 1
    outer loop
      vertex -26.7246 16.5168 1.8
      vertex -27.7108 16.9812 1.8
      vertex -26.7779 16.4968 1.8
    endloop
  endfacet
  facet normal 0 0 1
    outer loop
      vertex -26.7779 16.4968 1.8
      vertex -27.7108 16.9812 1.8
      vertex -26.8303 16.4746 1.8
    endloop
  endfacet
  facet normal 0 0 1
    outer loop
      vertex -26.8303 16.4746 1.8
      vertex -27.7108 16.9812 1.8
      vertex -26.8819 16.4505 1.8
    endloop
  endfacet
  facet normal 0 0 1
    outer loop
      vertex -26.8819 16.4505 1.8
      vertex -27.7108 16.9812 1.8
      vertex -26.9324 16.4243 1.8
    endloop
  endfacet
  facet normal 0 0 1
    outer loop
      vertex -26.9324 16.4243 1.8
      vertex -27.7108 16.9812 1.8
      vertex -26.9819 16.3961 1.8
    endloop
  endfacet
  facet normal 0 0 1
    outer loop
      vertex -26.9819 16.3961 1.8
      vertex -27.7108 16.9812 1.8
      vertex -27.0303 16.3661 1.8
    endloop
  endfacet
  facet normal 0 0 1
    outer loop
      vertex -27.0303 16.3661 1.8
      vertex -27.7108 16.9812 1.8
      vertex -27.0774 16.3341 1.8
    endloop
  endfacet
  facet normal 0 0 1
    outer loop
      vertex -27.0774 16.3341 1.8
      vertex -27.7108 16.9812 1.8
      vertex -27.1233 16.3004 1.8
    endloop
  endfacet
  facet normal 0 0 1
    outer loop
      vertex -27.1233 16.3004 1.8
      vertex -27.7108 16.9812 1.8
      vertex -27.1678 16.2648 1.8
    endloop
  endfacet
  facet normal 0 0 1
    outer loop
      vertex -27.1678 16.2648 1.8
      vertex -27.7108 16.9812 1.8
      vertex -27.2108 16.2276 1.8
    endloop
  endfacet
  facet normal 0 0 1
    outer loop
      vertex -27.2108 16.2276 1.8
      vertex -27.7108 16.9812 1.8
      vertex -27.2524 16.1886 1.8
    endloop
  endfacet
  facet normal 0 0 1
    outer loop
      vertex -27.2524 16.1886 1.8
      vertex -27.7108 16.9812 1.8
      vertex -27.2924 16.1481 1.8
    endloop
  endfacet
  facet normal 0 0 1
    outer loop
      vertex -27.2924 16.1481 1.8
      vertex -27.7108 16.9812 1.8
      vertex -27.3307 16.1061 1.8
    endloop
  endfacet
  facet normal 0 0 1
    outer loop
      vertex -27.3307 16.1061 1.8
      vertex -27.7108 16.9812 1.8
      vertex -27.3674 16.0625 1.8
    endloop
  endfacet
  facet normal 0 0 1
    outer loop
      vertex -27.3674 16.0625 1.8
      vertex -27.7108 16.9812 1.8
      vertex -27.4024 16.0176 1.8
    endloop
  endfacet
  facet normal 0 0 1
    outer loop
      vertex -28.3561 15.8802 1.8
      vertex -27.4024 16.0176 1.8
      vertex -27.7108 16.9812 1.8
    endloop
  endfacet
  facet normal 0 0 1
    outer loop
      vertex -27.4024 16.0176 1.8
      vertex -28.3561 15.8802 1.8
      vertex -27.4356 15.9713 1.8
    endloop
  endfacet
  facet normal 0 0 1
    outer loop
      vertex -27.4356 15.9713 1.8
      vertex -28.3561 15.8802 1.8
      vertex -27.4669 15.9237 1.8
    endloop
  endfacet
  facet normal 0 0 1
    outer loop
      vertex -27.4669 15.9237 1.8
      vertex -28.3561 15.8802 1.8
      vertex -27.4963 15.875 1.8
    endloop
  endfacet
  facet normal 0 0 1
    outer loop
      vertex -27.4963 15.875 1.8
      vertex -28.3561 15.8802 1.8
      vertex -27.5238 15.8251 1.8
    endloop
  endfacet
  facet normal 0 0 1
    outer loop
      vertex -27.5238 15.8251 1.8
      vertex -28.3561 15.8802 1.8
      vertex -27.5493 15.7742 1.8
    endloop
  endfacet
  facet normal 0 0 1
    outer loop
      vertex -27.5493 15.7742 1.8
      vertex -28.3561 15.8802 1.8
      vertex -27.5728 15.7224 1.8
    endloop
  endfacet
  facet normal 0 0 1
    outer loop
      vertex -27.5728 15.7224 1.8
      vertex -28.3561 15.8802 1.8
      vertex -27.5943 15.6696 1.8
    endloop
  endfacet
  facet normal 0 0 1
    outer loop
      vertex -27.5943 15.6696 1.8
      vertex -28.3561 15.8802 1.8
      vertex -27.6136 15.6161 1.8
    endloop
  endfacet
  facet normal 0 0 1
    outer loop
      vertex -27.6845 15.2827 1.8
      vertex -28.3561 15.8802 1.8
      vertex -27.6886 15.2259 1.8
    endloop
  endfacet
  facet normal 0 0 1
    outer loop
      vertex -27.6782 15.3393 1.8
      vertex -28.3561 15.8802 1.8
      vertex -27.6845 15.2827 1.8
    endloop
  endfacet
  facet normal 0 0 1
    outer loop
      vertex -27.6696 15.3956 1.8
      vertex -28.3561 15.8802 1.8
      vertex -27.6782 15.3393 1.8
    endloop
  endfacet
  facet normal 0 0 1
    outer loop
      vertex -27.6589 15.4515 1.8
      vertex -28.3561 15.8802 1.8
      vertex -27.6696 15.3956 1.8
    endloop
  endfacet
  facet normal 0 0 1
    outer loop
      vertex -27.646 15.5069 1.8
      vertex -28.3561 15.8802 1.8
      vertex -27.6589 15.4515 1.8
    endloop
  endfacet
  facet normal 0 0 1
    outer loop
      vertex -27.6309 15.5618 1.8
      vertex -28.3561 15.8802 1.8
      vertex -27.646 15.5069 1.8
    endloop
  endfacet
  facet normal 0 0 1
    outer loop
      vertex -27.6136 15.6161 1.8
      vertex -28.3561 15.8802 1.8
      vertex -27.6309 15.5618 1.8
    endloop
  endfacet
  facet normal 0 0 1
    outer loop
      vertex 12.3 0 1.8
      vertex 32.5 0 1.8
      vertex 32.4749 1.27594 1.8
    endloop
  endfacet
  facet normal 0 0 1
    outer loop
      vertex 12.2905 0.482895 1.8
      vertex 32.4749 1.27594 1.8
      vertex 32.3998 2.54992 1.8
    endloop
  endfacet
  facet normal 0 0 1
    outer loop
      vertex 32.5 0 1.8
      vertex 12.3 0 1.8
      vertex 32.4749 -1.27594 1.8
    endloop
  endfacet
  facet normal 0 0 1
    outer loop
      vertex 12.2621 0.965046 1.8
      vertex 32.3998 2.54992 1.8
      vertex 32.2747 3.81997 1.8
    endloop
  endfacet
  facet normal -0 0 1
    outer loop
      vertex 12.2905 -0.482895 1.8
      vertex 32.4749 -1.27594 1.8
      vertex 12.3 0 1.8
    endloop
  endfacet
  facet normal 0 0 1
    outer loop
      vertex 12.2147 1.44571 1.8
      vertex 32.2747 3.81997 1.8
      vertex 32.0999 5.08412 1.8
    endloop
  endfacet
  facet normal 0 0 1
    outer loop
      vertex 32.4749 -1.27594 1.8
      vertex 12.2905 -0.482895 1.8
      vertex 32.3998 -2.54992 1.8
    endloop
  endfacet
  facet normal 0 0 1
    outer loop
      vertex 12.1486 1.92414 1.8
      vertex 32.0999 5.08412 1.8
      vertex 31.8755 6.34044 1.8
    endloop
  endfacet
  facet normal -0 0 1
    outer loop
      vertex 12.2621 -0.965046 1.8
      vertex 32.3998 -2.54992 1.8
      vertex 12.2905 -0.482895 1.8
    endloop
  endfacet
  facet normal 0 0 1
    outer loop
      vertex 25.7565 13.7832 1.8
      vertex 31.8755 6.34044 1.8
      vertex 31.602 7.58697 1.8
    endloop
  endfacet
  facet normal 0 0 1
    outer loop
      vertex 32.3998 -2.54992 1.8
      vertex 12.2621 -0.965046 1.8
      vertex 32.2747 -3.81997 1.8
    endloop
  endfacet
  facet normal 0 0 1
    outer loop
      vertex 25.8653 13.7494 1.8
      vertex 31.602 7.58697 1.8
      vertex 31.2798 8.82181 1.8
    endloop
  endfacet
  facet normal -0 0 1
    outer loop
      vertex 12.2147 -1.44571 1.8
      vertex 32.2747 -3.81997 1.8
      vertex 12.2621 -0.965046 1.8
    endloop
  endfacet
  facet normal 0 0 1
    outer loop
      vertex 26.0325 13.715 1.8
      vertex 31.2798 8.82181 1.8
      vertex 30.9093 10.0431 1.8
    endloop
  endfacet
  facet normal 0 0 1
    outer loop
      vertex 32.2747 -3.81997 1.8
      vertex 12.2147 -1.44571 1.8
      vertex 32.0999 -5.08412 1.8
    endloop
  endfacet
  facet normal 0 0 1
    outer loop
      vertex 26.2595 13.7001 1.8
      vertex 30.9093 10.0431 1.8
      vertex 30.4912 11.2488 1.8
    endloop
  endfacet
  facet normal -0 0 1
    outer loop
      vertex 12.1486 -1.92414 1.8
      vertex 32.0999 -5.08412 1.8
      vertex 12.2147 -1.44571 1.8
    endloop
  endfacet
  facet normal 0 0 1
    outer loop
      vertex 26.5975 13.7446 1.8
      vertex 30.4912 11.2488 1.8
      vertex 30.0261 12.4372 1.8
    endloop
  endfacet
  facet normal 0 0 1
    outer loop
      vertex 32.0999 -5.08412 1.8
      vertex 12.1486 -1.92414 1.8
      vertex 31.8755 -6.34044 1.8
    endloop
  endfacet
  facet normal 0 0 1
    outer loop
      vertex 27.0143 13.9237 1.8
      vertex 30.0261 12.4372 1.8
      vertex 29.5147 13.6064 1.8
    endloop
  endfacet
  facet normal 0 0 1
    outer loop
      vertex 30.4912 11.2488 1.8
      vertex 26.3732 13.7061 1.8
      vertex 26.3165 13.702 1.8
    endloop
  endfacet
  facet normal -0 0 1
    outer loop
      vertex 27.4566 14.3603 1.8
      vertex 29.5147 13.6064 1.8
      vertex 28.9577 14.7547 1.8
    endloop
  endfacet
  facet normal 0 0 1
    outer loop
      vertex 30.0261 12.4372 1.8
      vertex 26.9157 13.8668 1.8
      vertex 26.8648 13.8413 1.8
    endloop
  endfacet
  facet normal -0 0 1
    outer loop
      vertex 27.6904 15.169 1.8
      vertex 28.9577 14.7547 1.8
      vertex 28.3561 15.8802 1.8
    endloop
  endfacet
  facet normal 0 0 1
    outer loop
      vertex 27.4867 14.4086 1.8
      vertex 28.9577 14.7547 1.8
      vertex 27.5149 14.4581 1.8
    endloop
  endfacet
  facet normal -0 0 1
    outer loop
      vertex 27.4024 16.0176 1.8
      vertex 28.3561 15.8802 1.8
      vertex 27.7108 16.9812 1.8
    endloop
  endfacet
  facet normal 0 0 1
    outer loop
      vertex 28.9577 14.7547 1.8
      vertex 27.6904 15.169 1.8
      vertex 27.6901 15.112 1.8
    endloop
  endfacet
  facet normal 0 0 1
    outer loop
      vertex 28.9577 14.7547 1.8
      vertex 27.6901 15.112 1.8
      vertex 27.6875 15.0552 1.8
    endloop
  endfacet
  facet normal 0 0 1
    outer loop
      vertex 28.3561 15.8802 1.8
      vertex 27.6886 15.2259 1.8
      vertex 27.6904 15.169 1.8
    endloop
  endfacet
  facet normal 0 0 1
    outer loop
      vertex 28.3561 15.8802 1.8
      vertex 27.6845 15.2827 1.8
      vertex 27.6886 15.2259 1.8
    endloop
  endfacet
  facet normal 0 0 1
    outer loop
      vertex 28.3561 15.8802 1.8
      vertex 27.6782 15.3393 1.8
      vertex 27.6845 15.2827 1.8
    endloop
  endfacet
  facet normal 0 0 1
    outer loop
      vertex 28.3561 15.8802 1.8
      vertex 27.6696 15.3956 1.8
      vertex 27.6782 15.3393 1.8
    endloop
  endfacet
  facet normal 0 0 1
    outer loop
      vertex 28.3561 15.8802 1.8
      vertex 27.6589 15.4515 1.8
      vertex 27.6696 15.3956 1.8
    endloop
  endfacet
  facet normal 0 0 1
    outer loop
      vertex 28.3561 15.8802 1.8
      vertex 27.646 15.5069 1.8
      vertex 27.6589 15.4515 1.8
    endloop
  endfacet
  facet normal 0 0 1
    outer loop
      vertex 28.3561 15.8802 1.8
      vertex 27.6309 15.5618 1.8
      vertex 27.646 15.5069 1.8
    endloop
  endfacet
  facet normal 0 0 1
    outer loop
      vertex 28.3561 15.8802 1.8
      vertex 27.6136 15.6161 1.8
      vertex 27.6309 15.5618 1.8
    endloop
  endfacet
  facet normal 0 0 1
    outer loop
      vertex 28.3561 15.8802 1.8
      vertex 27.5943 15.6696 1.8
      vertex 27.6136 15.6161 1.8
    endloop
  endfacet
  facet normal 0 0 1
    outer loop
      vertex 28.3561 15.8802 1.8
      vertex 27.5728 15.7224 1.8
      vertex 27.5943 15.6696 1.8
    endloop
  endfacet
  facet normal 0 0 1
    outer loop
      vertex 28.3561 15.8802 1.8
      vertex 27.5493 15.7742 1.8
      vertex 27.5728 15.7224 1.8
    endloop
  endfacet
  facet normal 0 0 1
    outer loop
      vertex 28.3561 15.8802 1.8
      vertex 27.5238 15.8251 1.8
      vertex 27.5493 15.7742 1.8
    endloop
  endfacet
  facet normal 0 0 1
    outer loop
      vertex 28.3561 15.8802 1.8
      vertex 27.4963 15.875 1.8
      vertex 27.5238 15.8251 1.8
    endloop
  endfacet
  facet normal 0 0 1
    outer loop
      vertex 28.3561 15.8802 1.8
      vertex 27.4669 15.9237 1.8
      vertex 27.4963 15.875 1.8
    endloop
  endfacet
  facet normal 0 0 1
    outer loop
      vertex 28.3561 15.8802 1.8
      vertex 27.4356 15.9713 1.8
      vertex 27.4669 15.9237 1.8
    endloop
  endfacet
  facet normal 0 0 1
    outer loop
      vertex 28.3561 15.8802 1.8
      vertex 27.4024 16.0176 1.8
      vertex 27.4356 15.9713 1.8
    endloop
  endfacet
  facet normal 0 0 1
    outer loop
      vertex 27.7108 16.9812 1.8
      vertex 27.3674 16.0625 1.8
      vertex 27.4024 16.0176 1.8
    endloop
  endfacet
  facet normal 0 0 1
    outer loop
      vertex 27.7108 16.9812 1.8
      vertex 27.3307 16.1061 1.8
      vertex 27.3674 16.0625 1.8
    endloop
  endfacet
  facet normal 0 0 1
    outer loop
      vertex 27.7108 16.9812 1.8
      vertex 27.2924 16.1481 1.8
      vertex 27.3307 16.1061 1.8
    endloop
  endfacet
  facet normal 0 0 1
    outer loop
      vertex 27.7108 16.9812 1.8
      vertex 27.2524 16.1886 1.8
      vertex 27.2924 16.1481 1.8
    endloop
  endfacet
  facet normal 0 0 1
    outer loop
      vertex 27.7108 16.9812 1.8
      vertex 27.2108 16.2276 1.8
      vertex 27.2524 16.1886 1.8
    endloop
  endfacet
  facet normal 0 0 1
    outer loop
      vertex 27.7108 16.9812 1.8
      vertex 27.1678 16.2648 1.8
      vertex 27.2108 16.2276 1.8
    endloop
  endfacet
  facet normal 0 0 1
    outer loop
      vertex 27.7108 16.9812 1.8
      vertex 27.1233 16.3004 1.8
      vertex 27.1678 16.2648 1.8
    endloop
  endfacet
  facet normal 0 0 1
    outer loop
      vertex 27.7108 16.9812 1.8
      vertex 27.0774 16.3341 1.8
      vertex 27.1233 16.3004 1.8
    endloop
  endfacet
  facet normal 0 0 1
    outer loop
      vertex 27.7108 16.9812 1.8
      vertex 27.0303 16.3661 1.8
      vertex 27.0774 16.3341 1.8
    endloop
  endfacet
  facet normal 0 0 1
    outer loop
      vertex 26.7246 16.5168 1.8
      vertex 27.7108 16.9812 1.8
      vertex 27.0228 18.056 1.8
    endloop
  endfacet
  facet normal 0 0 1
    outer loop
      vertex 27.7108 16.9812 1.8
      vertex 26.9819 16.3961 1.8
      vertex 27.0303 16.3661 1.8
    endloop
  endfacet
  facet normal 0 0 1
    outer loop
      vertex 27.7108 16.9812 1.8
      vertex 26.9324 16.4243 1.8
      vertex 26.9819 16.3961 1.8
    endloop
  endfacet
  facet normal 0 0 1
    outer loop
      vertex 27.7108 16.9812 1.8
      vertex 26.8819 16.4505 1.8
      vertex 26.9324 16.4243 1.8
    endloop
  endfacet
  facet normal 0 0 1
    outer loop
      vertex 27.7108 16.9812 1.8
      vertex 26.8303 16.4746 1.8
      vertex 26.8819 16.4505 1.8
    endloop
  endfacet
  facet normal 0 0 1
    outer loop
      vertex 27.7108 16.9812 1.8
      vertex 26.7779 16.4968 1.8
      vertex 26.8303 16.4746 1.8
    endloop
  endfacet
  facet normal 0 0 1
    outer loop
      vertex 27.7108 16.9812 1.8
      vertex 26.7246 16.5168 1.8
      vertex 26.7779 16.4968 1.8
    endloop
  endfacet
  facet normal 0 0 1
    outer loop
      vertex 27.0228 18.056 1.8
      vertex 26.6706 16.5348 1.8
      vertex 26.7246 16.5168 1.8
    endloop
  endfacet
  facet normal 0 0 1
    outer loop
      vertex 27.0228 18.056 1.8
      vertex 26.6159 16.5506 1.8
      vertex 26.6706 16.5348 1.8
    endloop
  endfacet
  facet normal 0 0 1
    outer loop
      vertex 27.0228 18.056 1.8
      vertex 26.5606 16.5642 1.8
      vertex 26.6159 16.5506 1.8
    endloop
  endfacet
  facet normal 0 0 1
    outer loop
      vertex 27.0228 18.056 1.8
      vertex 26.5048 16.5757 1.8
      vertex 26.5606 16.5642 1.8
    endloop
  endfacet
  facet normal 0 0 1
    outer loop
      vertex 27.0228 18.056 1.8
      vertex 26.4486 16.585 1.8
      vertex 26.5048 16.5757 1.8
    endloop
  endfacet
  facet normal 0 0 1
    outer loop
      vertex 27.0228 18.056 1.8
      vertex 26.3921 16.5921 1.8
      vertex 26.4486 16.585 1.8
    endloop
  endfacet
  facet normal 0 0 1
    outer loop
      vertex 27.0228 18.056 1.8
      vertex 26.3354 16.5969 1.8
      vertex 26.3921 16.5921 1.8
    endloop
  endfacet
  facet normal 0 0 1
    outer loop
      vertex 25.9391 16.5683 1.8
      vertex 27.0228 18.056 1.8
      vertex 26.2931 19.103 1.8
    endloop
  endfacet
  facet normal 0 0 1
    outer loop
      vertex 27.0228 18.056 1.8
      vertex 26.2785 16.5995 1.8
      vertex 26.3354 16.5969 1.8
    endloop
  endfacet
  facet normal 0 0 1
    outer loop
      vertex 27.0228 18.056 1.8
      vertex 26.2216 16.5999 1.8
      vertex 26.2785 16.5995 1.8
    endloop
  endfacet
  facet normal 0 0 1
    outer loop
      vertex 27.0228 18.056 1.8
      vertex 26.1647 16.598 1.8
      vertex 26.2216 16.5999 1.8
    endloop
  endfacet
  facet normal 0 0 1
    outer loop
      vertex 27.0228 18.056 1.8
      vertex 26.1079 16.5939 1.8
      vertex 26.1647 16.598 1.8
    endloop
  endfacet
  facet normal 0 0 1
    outer loop
      vertex 27.0228 18.056 1.8
      vertex 26.0513 16.5876 1.8
      vertex 26.1079 16.5939 1.8
    endloop
  endfacet
  facet normal 0 0 1
    outer loop
      vertex 27.0228 18.056 1.8
      vertex 25.995 16.5791 1.8
      vertex 26.0513 16.5876 1.8
    endloop
  endfacet
  facet normal 0 0 1
    outer loop
      vertex 27.0228 18.056 1.8
      vertex 25.9391 16.5683 1.8
      vertex 25.995 16.5791 1.8
    endloop
  endfacet
  facet normal 0 0 1
    outer loop
      vertex 26.2931 19.103 1.8
      vertex 25.8836 16.5554 1.8
      vertex 25.9391 16.5683 1.8
    endloop
  endfacet
  facet normal 0 0 1
    outer loop
      vertex 26.2931 19.103 1.8
      vertex 25.8287 16.5403 1.8
      vertex 25.8836 16.5554 1.8
    endloop
  endfacet
  facet normal 0 0 1
    outer loop
      vertex 26.2931 19.103 1.8
      vertex 25.7745 16.523 1.8
      vertex 25.8287 16.5403 1.8
    endloop
  endfacet
  facet normal 0 0 1
    outer loop
      vertex 26.2931 19.103 1.8
      vertex 25.7209 16.5037 1.8
      vertex 25.7745 16.523 1.8
    endloop
  endfacet
  facet normal 0 0 1
    outer loop
      vertex 26.2931 19.103 1.8
      vertex 25.6682 16.4822 1.8
      vertex 25.7209 16.5037 1.8
    endloop
  endfacet
  facet normal 0 0 1
    outer loop
      vertex 26.2931 19.103 1.8
      vertex 25.6163 16.4587 1.8
      vertex 25.6682 16.4822 1.8
    endloop
  endfacet
  facet normal 0 0 1
    outer loop
      vertex 26.2931 19.103 1.8
      vertex 25.5654 16.4332 1.8
      vertex 25.6163 16.4587 1.8
    endloop
  endfacet
  facet normal 0 0 1
    outer loop
      vertex 25.4193 16.345 1.8
      vertex 26.2931 19.103 1.8
      vertex 25.5228 20.1206 1.8
    endloop
  endfacet
  facet normal 0 0 1
    outer loop
      vertex 26.2931 19.103 1.8
      vertex 25.5156 16.4057 1.8
      vertex 25.5654 16.4332 1.8
    endloop
  endfacet
  facet normal 0 0 1
    outer loop
      vertex 26.2931 19.103 1.8
      vertex 25.4668 16.3763 1.8
      vertex 25.5156 16.4057 1.8
    endloop
  endfacet
  facet normal 0 0 1
    outer loop
      vertex 26.2931 19.103 1.8
      vertex 25.4193 16.345 1.8
      vertex 25.4668 16.3763 1.8
    endloop
  endfacet
  facet normal 0 0 1
    outer loop
      vertex 25.5228 20.1206 1.8
      vertex 25.373 16.3118 1.8
      vertex 25.4193 16.345 1.8
    endloop
  endfacet
  facet normal 0 0 1
    outer loop
      vertex 25.5228 20.1206 1.8
      vertex 25.3281 16.2769 1.8
      vertex 25.373 16.3118 1.8
    endloop
  endfacet
  facet normal 0 0 1
    outer loop
      vertex 25.5228 20.1206 1.8
      vertex 25.2845 16.2402 1.8
      vertex 25.3281 16.2769 1.8
    endloop
  endfacet
  facet normal 0 0 1
    outer loop
      vertex 25.5228 20.1206 1.8
      vertex 25.2425 16.2018 1.8
      vertex 25.2845 16.2402 1.8
    endloop
  endfacet
  facet normal 0 0 1
    outer loop
      vertex 25.5228 20.1206 1.8
      vertex 25.2019 16.1618 1.8
      vertex 25.2425 16.2018 1.8
    endloop
  endfacet
  facet normal 0 0 1
    outer loop
      vertex 25.5228 20.1206 1.8
      vertex 25.163 16.1202 1.8
      vertex 25.2019 16.1618 1.8
    endloop
  endfacet
  facet normal 0 0 1
    outer loop
      vertex 25.5228 20.1206 1.8
      vertex 25.1257 16.0772 1.8
      vertex 25.163 16.1202 1.8
    endloop
  endfacet
  facet normal 0 0 1
    outer loop
      vertex 24.7132 21.1071 1.8
      vertex 25.1257 16.0772 1.8
      vertex 25.5228 20.1206 1.8
    endloop
  endfacet
  facet normal 0 0 1
    outer loop
      vertex 25.1257 16.0772 1.8
      vertex 24.7132 21.1071 1.8
      vertex 25.0902 16.0327 1.8
    endloop
  endfacet
  facet normal 0 0 1
    outer loop
      vertex 25.0902 16.0327 1.8
      vertex 24.7132 21.1071 1.8
      vertex 25.0564 15.9869 1.8
    endloop
  endfacet
  facet normal 0 0 1
    outer loop
      vertex 25.0564 15.9869 1.8
      vertex 24.7132 21.1071 1.8
      vertex 25.0245 15.9397 1.8
    endloop
  endfacet
  facet normal 0 0 1
    outer loop
      vertex 25.0245 15.9397 1.8
      vertex 24.7132 21.1071 1.8
      vertex 24.9944 15.8914 1.8
    endloop
  endfacet
  facet normal 0 0 1
    outer loop
      vertex 24.9944 15.8914 1.8
      vertex 24.7132 21.1071 1.8
      vertex 24.9663 15.8419 1.8
    endloop
  endfacet
  facet normal 0 0 1
    outer loop
      vertex 23.8655 22.061 1.8
      vertex 24.9663 15.8419 1.8
      vertex 24.7132 21.1071 1.8
    endloop
  endfacet
  facet normal 0 0 1
    outer loop
      vertex 24.9663 15.8419 1.8
      vertex 23.8655 22.061 1.8
      vertex 24.9401 15.7913 1.8
    endloop
  endfacet
  facet normal 0 0 1
    outer loop
      vertex 24.9401 15.7913 1.8
      vertex 23.8655 22.061 1.8
      vertex 24.9159 15.7398 1.8
    endloop
  endfacet
  facet normal 0 0 1
    outer loop
      vertex 24.9159 15.7398 1.8
      vertex 23.8655 22.061 1.8
      vertex 24.8938 15.6873 1.8
    endloop
  endfacet
  facet normal 0 0 1
    outer loop
      vertex 24.8938 15.6873 1.8
      vertex 23.8655 22.061 1.8
      vertex 24.8737 15.634 1.8
    endloop
  endfacet
  facet normal 0 0 1
    outer loop
      vertex 22.981 22.981 1.8
      vertex 24.8737 15.634 1.8
      vertex 23.8655 22.061 1.8
    endloop
  endfacet
  facet normal 0 0 1
    outer loop
      vertex 24.8737 15.634 1.8
      vertex 22.981 22.981 1.8
      vertex 24.8558 15.58 1.8
    endloop
  endfacet
  facet normal 0 0 1
    outer loop
      vertex 24.8558 15.58 1.8
      vertex 22.981 22.981 1.8
      vertex 24.84 15.5253 1.8
    endloop
  endfacet
  facet normal 0 0 1
    outer loop
      vertex 21.1071 24.7132 1.8
      vertex 24.8056 15.3581 1.8
      vertex 22.061 23.8655 1.8
    endloop
  endfacet
  facet normal 0 0 1
    outer loop
      vertex 24.8148 15.4142 1.8
      vertex 22.061 23.8655 1.8
      vertex 24.8056 15.3581 1.8
    endloop
  endfacet
  facet normal 0 0 1
    outer loop
      vertex 24.8263 15.47 1.8
      vertex 22.061 23.8655 1.8
      vertex 24.8148 15.4142 1.8
    endloop
  endfacet
  facet normal 0 0 1
    outer loop
      vertex 22.061 23.8655 1.8
      vertex 24.8263 15.47 1.8
      vertex 22.981 22.981 1.8
    endloop
  endfacet
  facet normal 0 0 1
    outer loop
      vertex 24.84 15.5253 1.8
      vertex 22.981 22.981 1.8
      vertex 24.8263 15.47 1.8
    endloop
  endfacet
  facet normal 0 0 1
    outer loop
      vertex 28.9577 14.7547 1.8
      vertex 27.6875 15.0552 1.8
      vertex 27.6826 14.9984 1.8
    endloop
  endfacet
  facet normal 0 0 1
    outer loop
      vertex 28.9577 14.7547 1.8
      vertex 27.6826 14.9984 1.8
      vertex 27.6756 14.9419 1.8
    endloop
  endfacet
  facet normal 0 0 1
    outer loop
      vertex 28.9577 14.7547 1.8
      vertex 27.6756 14.9419 1.8
      vertex 27.6663 14.8858 1.8
    endloop
  endfacet
  facet normal 0 0 1
    outer loop
      vertex 28.9577 14.7547 1.8
      vertex 27.6663 14.8858 1.8
      vertex 27.6548 14.83 1.8
    endloop
  endfacet
  facet normal 0 0 1
    outer loop
      vertex 28.9577 14.7547 1.8
      vertex 27.6548 14.83 1.8
      vertex 27.6412 14.7747 1.8
    endloop
  endfacet
  facet normal 0 0 1
    outer loop
      vertex 28.9577 14.7547 1.8
      vertex 27.6412 14.7747 1.8
      vertex 27.6253 14.72 1.8
    endloop
  endfacet
  facet normal 0 0 1
    outer loop
      vertex 28.9577 14.7547 1.8
      vertex 27.6253 14.72 1.8
      vertex 27.6074 14.666 1.8
    endloop
  endfacet
  facet normal 0 0 1
    outer loop
      vertex 28.9577 14.7547 1.8
      vertex 27.6074 14.666 1.8
      vertex 27.5873 14.6127 1.8
    endloop
  endfacet
  facet normal 0 0 1
    outer loop
      vertex 28.9577 14.7547 1.8
      vertex 27.5873 14.6127 1.8
      vertex 27.5652 14.5602 1.8
    endloop
  endfacet
  facet normal 0 0 1
    outer loop
      vertex 28.9577 14.7547 1.8
      vertex 27.5652 14.5602 1.8
      vertex 27.541 14.5087 1.8
    endloop
  endfacet
  facet normal 0 0 1
    outer loop
      vertex 28.9577 14.7547 1.8
      vertex 27.541 14.5087 1.8
      vertex 27.5149 14.4581 1.8
    endloop
  endfacet
  facet normal 0 0 1
    outer loop
      vertex 27.4566 14.3603 1.8
      vertex 28.9577 14.7547 1.8
      vertex 27.4867 14.4086 1.8
    endloop
  endfacet
  facet normal 0 0 1
    outer loop
      vertex 29.5147 13.6064 1.8
      vertex 27.4566 14.3603 1.8
      vertex 27.4247 14.3131 1.8
    endloop
  endfacet
  facet normal 0 0 1
    outer loop
      vertex 29.5147 13.6064 1.8
      vertex 27.4247 14.3131 1.8
      vertex 27.3909 14.2673 1.8
    endloop
  endfacet
  facet normal 0 0 1
    outer loop
      vertex 29.5147 13.6064 1.8
      vertex 27.3909 14.2673 1.8
      vertex 27.3554 14.2228 1.8
    endloop
  endfacet
  facet normal 0 0 1
    outer loop
      vertex 29.5147 13.6064 1.8
      vertex 27.3554 14.2228 1.8
      vertex 27.3181 14.1798 1.8
    endloop
  endfacet
  facet normal 0 0 1
    outer loop
      vertex 29.5147 13.6064 1.8
      vertex 27.3181 14.1798 1.8
      vertex 27.2792 14.1382 1.8
    endloop
  endfacet
  facet normal 0 0 1
    outer loop
      vertex 29.5147 13.6064 1.8
      vertex 27.2792 14.1382 1.8
      vertex 27.2387 14.0982 1.8
    endloop
  endfacet
  facet normal 0 0 1
    outer loop
      vertex 29.5147 13.6064 1.8
      vertex 27.2387 14.0982 1.8
      vertex 27.1966 14.0598 1.8
    endloop
  endfacet
  facet normal 0 0 1
    outer loop
      vertex 29.5147 13.6064 1.8
      vertex 27.1966 14.0598 1.8
      vertex 27.1531 14.0231 1.8
    endloop
  endfacet
  facet normal 0 0 1
    outer loop
      vertex 29.5147 13.6064 1.8
      vertex 27.1531 14.0231 1.8
      vertex 27.1081 13.9882 1.8
    endloop
  endfacet
  facet normal 0 0 1
    outer loop
      vertex 29.5147 13.6064 1.8
      vertex 27.1081 13.9882 1.8
      vertex 27.0619 13.955 1.8
    endloop
  endfacet
  facet normal 0 0 1
    outer loop
      vertex 29.5147 13.6064 1.8
      vertex 27.0619 13.955 1.8
      vertex 27.0143 13.9237 1.8
    endloop
  endfacet
  facet normal 0 0 1
    outer loop
      vertex 30.0261 12.4372 1.8
      vertex 27.0143 13.9237 1.8
      vertex 26.9656 13.8943 1.8
    endloop
  endfacet
  facet normal 0 0 1
    outer loop
      vertex 30.0261 12.4372 1.8
      vertex 26.9656 13.8943 1.8
      vertex 26.9157 13.8668 1.8
    endloop
  endfacet
  facet normal 0 0 1
    outer loop
      vertex 30.0261 12.4372 1.8
      vertex 26.8648 13.8413 1.8
      vertex 26.8129 13.8178 1.8
    endloop
  endfacet
  facet normal 0 0 1
    outer loop
      vertex 30.0261 12.4372 1.8
      vertex 26.8129 13.8178 1.8
      vertex 26.7602 13.7963 1.8
    endloop
  endfacet
  facet normal 0 0 1
    outer loop
      vertex 30.0261 12.4372 1.8
      vertex 26.7602 13.7963 1.8
      vertex 26.7067 13.777 1.8
    endloop
  endfacet
  facet normal 0 0 1
    outer loop
      vertex 30.0261 12.4372 1.8
      vertex 26.7067 13.777 1.8
      vertex 26.6524 13.7597 1.8
    endloop
  endfacet
  facet normal 0 0 1
    outer loop
      vertex 30.0261 12.4372 1.8
      vertex 26.6524 13.7597 1.8
      vertex 26.5975 13.7446 1.8
    endloop
  endfacet
  facet normal 0 0 1
    outer loop
      vertex 30.4912 11.2488 1.8
      vertex 26.5975 13.7446 1.8
      vertex 26.542 13.7317 1.8
    endloop
  endfacet
  facet normal 0 0 1
    outer loop
      vertex 30.4912 11.2488 1.8
      vertex 26.542 13.7317 1.8
      vertex 26.4861 13.7209 1.8
    endloop
  endfacet
  facet normal 0 0 1
    outer loop
      vertex 30.4912 11.2488 1.8
      vertex 26.4861 13.7209 1.8
      vertex 26.4298 13.7124 1.8
    endloop
  endfacet
  facet normal 0 0 1
    outer loop
      vertex 30.4912 11.2488 1.8
      vertex 26.4298 13.7124 1.8
      vertex 26.3732 13.7061 1.8
    endloop
  endfacet
  facet normal 0 0 1
    outer loop
      vertex 30.4912 11.2488 1.8
      vertex 26.3165 13.702 1.8
      vertex 26.2595 13.7001 1.8
    endloop
  endfacet
  facet normal 0 0 1
    outer loop
      vertex 30.9093 10.0431 1.8
      vertex 26.2595 13.7001 1.8
      vertex 26.2026 13.7005 1.8
    endloop
  endfacet
  facet normal 0 0 1
    outer loop
      vertex 30.9093 10.0431 1.8
      vertex 26.2026 13.7005 1.8
      vertex 26.1457 13.7031 1.8
    endloop
  endfacet
  facet normal 0 0 1
    outer loop
      vertex 31.8755 -6.34044 1.8
      vertex 12.0637 -2.39961 1.8
      vertex 31.602 -7.58697 1.8
    endloop
  endfacet
  facet normal -0 0 1
    outer loop
      vertex 11.8382 -3.33872 1.8
      vertex 31.2798 -8.82181 1.8
      vertex 11.9601 -2.87138 1.8
    endloop
  endfacet
  facet normal 0 0 1
    outer loop
      vertex 31.602 -7.58697 1.8
      vertex 11.9601 -2.87138 1.8
      vertex 31.2798 -8.82181 1.8
    endloop
  endfacet
  facet normal 0 0 1
    outer loop
      vertex 31.2798 -8.82181 1.8
      vertex 11.8382 -3.33872 1.8
      vertex 30.9093 -10.0431 1.8
    endloop
  endfacet
  facet normal -0 0 1
    outer loop
      vertex 11.9601 -2.87138 1.8
      vertex 31.602 -7.58697 1.8
      vertex 12.0637 -2.39961 1.8
    endloop
  endfacet
  facet normal -0 0 1
    outer loop
      vertex 12.0637 -2.39961 1.8
      vertex 31.8755 -6.34044 1.8
      vertex 12.1486 -1.92414 1.8
    endloop
  endfacet
  facet normal 0 0 1
    outer loop
      vertex 30.9093 10.0431 1.8
      vertex 26.1457 13.7031 1.8
      vertex 26.089 13.7079 1.8
    endloop
  endfacet
  facet normal 0 0 1
    outer loop
      vertex 30.9093 10.0431 1.8
      vertex 26.089 13.7079 1.8
      vertex 26.0325 13.715 1.8
    endloop
  endfacet
  facet normal 0 0 1
    outer loop
      vertex 31.2798 8.82181 1.8
      vertex 26.0325 13.715 1.8
      vertex 25.9763 13.7243 1.8
    endloop
  endfacet
  facet normal 0 0 1
    outer loop
      vertex 31.2798 8.82181 1.8
      vertex 25.9763 13.7243 1.8
      vertex 25.9206 13.7358 1.8
    endloop
  endfacet
  facet normal 0 0 1
    outer loop
      vertex 31.2798 8.82181 1.8
      vertex 25.9206 13.7358 1.8
      vertex 25.8653 13.7494 1.8
    endloop
  endfacet
  facet normal 0 0 1
    outer loop
      vertex 31.602 7.58697 1.8
      vertex 25.8653 13.7494 1.8
      vertex 25.8106 13.7652 1.8
    endloop
  endfacet
  facet normal 0 0 1
    outer loop
      vertex 31.602 7.58697 1.8
      vertex 25.8106 13.7652 1.8
      vertex 25.7565 13.7832 1.8
    endloop
  endfacet
  facet normal 0 0 1
    outer loop
      vertex 31.8755 6.34044 1.8
      vertex 25.7565 13.7832 1.8
      vertex 25.7033 13.8032 1.8
    endloop
  endfacet
  facet normal 0 0 1
    outer loop
      vertex 31.8755 6.34044 1.8
      vertex 25.7033 13.8032 1.8
      vertex 12.0637 2.39961 1.8
    endloop
  endfacet
  facet normal 0 0 1
    outer loop
      vertex 12.0637 2.39961 1.8
      vertex 25.7033 13.8032 1.8
      vertex 25.6508 13.8254 1.8
    endloop
  endfacet
  facet normal 0 0 1
    outer loop
      vertex 11.9601 2.87138 1.8
      vertex 25.6508 13.8254 1.8
      vertex 25.5993 13.8495 1.8
    endloop
  endfacet
  facet normal 0 0 1
    outer loop
      vertex 11.9601 2.87138 1.8
      vertex 25.5993 13.8495 1.8
      vertex 25.5487 13.8757 1.8
    endloop
  endfacet
  facet normal -0 0 1
    outer loop
      vertex 11.698 -3.80091 1.8
      vertex 30.9093 -10.0431 1.8
      vertex 11.8382 -3.33872 1.8
    endloop
  endfacet
  facet normal 0 0 1
    outer loop
      vertex 11.8382 3.33872 1.8
      vertex 25.5487 13.8757 1.8
      vertex 25.4992 13.9039 1.8
    endloop
  endfacet
  facet normal 0 0 1
    outer loop
      vertex 11.8382 3.33872 1.8
      vertex 25.4992 13.9039 1.8
      vertex 25.4508 13.9339 1.8
    endloop
  endfacet
  facet normal 0 0 1
    outer loop
      vertex 11.698 3.80091 1.8
      vertex 25.4508 13.9339 1.8
      vertex 25.4037 13.9659 1.8
    endloop
  endfacet
  facet normal 0 0 1
    outer loop
      vertex 11.698 3.80091 1.8
      vertex 25.4037 13.9659 1.8
      vertex 25.3579 13.9996 1.8
    endloop
  endfacet
  facet normal 0 0 1
    outer loop
      vertex 11.5398 4.25724 1.8
      vertex 25.3579 13.9996 1.8
      vertex 25.3134 14.0352 1.8
    endloop
  endfacet
  facet normal 0 0 1
    outer loop
      vertex 11.5398 4.25724 1.8
      vertex 25.3134 14.0352 1.8
      vertex 25.2703 14.0724 1.8
    endloop
  endfacet
  facet normal 0 0 1
    outer loop
      vertex 11.3637 4.70701 1.8
      vertex 25.2703 14.0724 1.8
      vertex 25.2288 14.1114 1.8
    endloop
  endfacet
  facet normal 0 0 1
    outer loop
      vertex 11.3637 4.70701 1.8
      vertex 25.2288 14.1114 1.8
      vertex 25.1888 14.1519 1.8
    endloop
  endfacet
  facet normal 0 0 1
    outer loop
      vertex 11.1702 5.14951 1.8
      vertex 25.1888 14.1519 1.8
      vertex 25.1504 14.1939 1.8
    endloop
  endfacet
  facet normal 0 0 1
    outer loop
      vertex 11.1702 5.14951 1.8
      vertex 25.1504 14.1939 1.8
      vertex 25.1137 14.2375 1.8
    endloop
  endfacet
  facet normal 0 0 1
    outer loop
      vertex 10.9594 5.58408 1.8
      vertex 25.1137 14.2375 1.8
      vertex 25.0788 14.2824 1.8
    endloop
  endfacet
  facet normal 0 0 1
    outer loop
      vertex 10.9594 5.58408 1.8
      vertex 25.0788 14.2824 1.8
      vertex 25.0456 14.3287 1.8
    endloop
  endfacet
  facet normal 0 0 1
    outer loop
      vertex 10.7317 6.01004 1.8
      vertex 25.0456 14.3287 1.8
      vertex 25.0143 14.3763 1.8
    endloop
  endfacet
  facet normal 0 0 1
    outer loop
      vertex 10.7317 6.01004 1.8
      vertex 25.0143 14.3763 1.8
      vertex 24.9848 14.425 1.8
    endloop
  endfacet
  facet normal 0 0 1
    outer loop
      vertex 10.7317 6.01004 1.8
      vertex 24.9848 14.425 1.8
      vertex 24.9573 14.4749 1.8
    endloop
  endfacet
  facet normal 0 0 1
    outer loop
      vertex 10.4875 6.42673 1.8
      vertex 24.9573 14.4749 1.8
      vertex 24.9318 14.5258 1.8
    endloop
  endfacet
  facet normal 0 0 1
    outer loop
      vertex 10.4875 6.42673 1.8
      vertex 24.9318 14.5258 1.8
      vertex 24.9083 14.5776 1.8
    endloop
  endfacet
  facet normal 0 0 1
    outer loop
      vertex 10.2271 6.83351 1.8
      vertex 24.9083 14.5776 1.8
      vertex 24.8869 14.6304 1.8
    endloop
  endfacet
  facet normal 0 0 1
    outer loop
      vertex 10.2271 6.83351 1.8
      vertex 24.8869 14.6304 1.8
      vertex 24.8675 14.6839 1.8
    endloop
  endfacet
  facet normal 0 0 1
    outer loop
      vertex 9.95091 7.22976 1.8
      vertex 24.8675 14.6839 1.8
      vertex 24.8503 14.7382 1.8
    endloop
  endfacet
  facet normal 0 0 1
    outer loop
      vertex 9.95091 7.22976 1.8
      vertex 24.8503 14.7382 1.8
      vertex 24.8352 14.7931 1.8
    endloop
  endfacet
  facet normal 0 0 1
    outer loop
      vertex 9.6594 7.61485 1.8
      vertex 24.8352 14.7931 1.8
      vertex 24.8223 14.8485 1.8
    endloop
  endfacet
  facet normal 0 0 1
    outer loop
      vertex 9.6594 7.61485 1.8
      vertex 24.8223 14.8485 1.8
      vertex 24.8115 14.9044 1.8
    endloop
  endfacet
  facet normal 0 0 1
    outer loop
      vertex 9.35299 7.98821 1.8
      vertex 24.8115 14.9044 1.8
      vertex 24.803 14.9607 1.8
    endloop
  endfacet
  facet normal 0 0 1
    outer loop
      vertex 9.35299 7.98821 1.8
      vertex 24.803 14.9607 1.8
      vertex 24.7967 15.0173 1.8
    endloop
  endfacet
  facet normal 0 0 1
    outer loop
      vertex 9.03217 8.34925 1.8
      vertex 24.7967 15.0173 1.8
      vertex 24.7926 15.0741 1.8
    endloop
  endfacet
  facet normal 0 0 1
    outer loop
      vertex 9.03217 8.34925 1.8
      vertex 24.7926 15.0741 1.8
      vertex 24.7907 15.131 1.8
    endloop
  endfacet
  facet normal 0 0 1
    outer loop
      vertex 30.9093 -10.0431 1.8
      vertex 11.698 -3.80091 1.8
      vertex 30.4912 -11.2488 1.8
    endloop
  endfacet
  facet normal 0 0 1
    outer loop
      vertex 7.98821 9.35299 1.8
      vertex 24.8056 15.3581 1.8
      vertex 21.1071 24.7132 1.8
    endloop
  endfacet
  facet normal 0 0 1
    outer loop
      vertex 24.8056 15.3581 1.8
      vertex 8.34925 9.03217 1.8
      vertex 24.7985 15.3016 1.8
    endloop
  endfacet
  facet normal -0 0 1
    outer loop
      vertex 11.5398 -4.25724 1.8
      vertex 30.4912 -11.2488 1.8
      vertex 11.698 -3.80091 1.8
    endloop
  endfacet
  facet normal 0 -0 1
    outer loop
      vertex 8.69741 8.69741 1.8
      vertex 24.7937 15.2448 1.8
      vertex 8.34925 9.03217 1.8
    endloop
  endfacet
  facet normal 0 0 1
    outer loop
      vertex 30.4912 -11.2488 1.8
      vertex 11.5398 -4.25724 1.8
      vertex 30.0261 -12.4372 1.8
    endloop
  endfacet
  facet normal 0 0 1
    outer loop
      vertex 24.7937 15.2448 1.8
      vertex 8.69741 8.69741 1.8
      vertex 24.7911 15.188 1.8
    endloop
  endfacet
  facet normal -0 0 1
    outer loop
      vertex 11.3637 -4.70701 1.8
      vertex 30.0261 -12.4372 1.8
      vertex 11.5398 -4.25724 1.8
    endloop
  endfacet
  facet normal 0 0 1
    outer loop
      vertex 24.7985 15.3016 1.8
      vertex 8.34925 9.03217 1.8
      vertex 24.7937 15.2448 1.8
    endloop
  endfacet
  facet normal 0 0 1
    outer loop
      vertex 30.0261 -12.4372 1.8
      vertex 11.3637 -4.70701 1.8
      vertex 29.5147 -13.6064 1.8
    endloop
  endfacet
  facet normal 0 0 1
    outer loop
      vertex 7.98821 9.35299 1.8
      vertex 21.1071 24.7132 1.8
      vertex 20.1206 25.5228 1.8
    endloop
  endfacet
  facet normal -0 0 1
    outer loop
      vertex 11.1702 -5.14951 1.8
      vertex 29.5147 -13.6064 1.8
      vertex 11.3637 -4.70701 1.8
    endloop
  endfacet
  facet normal 0 0 1
    outer loop
      vertex 7.61485 9.6594 1.8
      vertex 20.1206 25.5228 1.8
      vertex 19.103 26.2931 1.8
    endloop
  endfacet
  facet normal 0 0 1
    outer loop
      vertex 29.5147 -13.6064 1.8
      vertex 11.1702 -5.14951 1.8
      vertex 28.9577 -14.7547 1.8
    endloop
  endfacet
  facet normal 0 0 1
    outer loop
      vertex 7.22976 9.95091 1.8
      vertex 19.103 26.2931 1.8
      vertex 18.056 27.0228 1.8
    endloop
  endfacet
  facet normal -0 0 1
    outer loop
      vertex 10.9594 -5.58408 1.8
      vertex 28.9577 -14.7547 1.8
      vertex 11.1702 -5.14951 1.8
    endloop
  endfacet
  facet normal 0 0 1
    outer loop
      vertex 6.83351 10.2271 1.8
      vertex 18.056 27.0228 1.8
      vertex 16.9812 27.7108 1.8
    endloop
  endfacet
  facet normal 0 0 1
    outer loop
      vertex 28.9577 -14.7547 1.8
      vertex 10.9594 -5.58408 1.8
      vertex 28.3561 -15.8802 1.8
    endloop
  endfacet
  facet normal 0 0 1
    outer loop
      vertex 6.42673 10.4875 1.8
      vertex 16.9812 27.7108 1.8
      vertex 15.8802 28.3561 1.8
    endloop
  endfacet
  facet normal -0 0 1
    outer loop
      vertex 10.7317 -6.01004 1.8
      vertex 28.3561 -15.8802 1.8
      vertex 10.9594 -5.58408 1.8
    endloop
  endfacet
  facet normal 0 0 1
    outer loop
      vertex 6.01004 10.7317 1.8
      vertex 15.8802 28.3561 1.8
      vertex 14.7547 28.9577 1.8
    endloop
  endfacet
  facet normal 0 0 1
    outer loop
      vertex 28.3561 -15.8802 1.8
      vertex 10.7317 -6.01004 1.8
      vertex 27.7108 -16.9812 1.8
    endloop
  endfacet
  facet normal 0 0 1
    outer loop
      vertex 5.58408 10.9594 1.8
      vertex 14.7547 28.9577 1.8
      vertex 13.6064 29.5147 1.8
    endloop
  endfacet
  facet normal -0 0 1
    outer loop
      vertex 10.4875 -6.42673 1.8
      vertex 27.7108 -16.9812 1.8
      vertex 10.7317 -6.01004 1.8
    endloop
  endfacet
  facet normal 0 0 1
    outer loop
      vertex 5.14951 11.1702 1.8
      vertex 13.6064 29.5147 1.8
      vertex 12.4372 30.0261 1.8
    endloop
  endfacet
  facet normal 0 0 1
    outer loop
      vertex 27.7108 -16.9812 1.8
      vertex 10.4875 -6.42673 1.8
      vertex 27.0228 -18.056 1.8
    endloop
  endfacet
  facet normal -0 0 1
    outer loop
      vertex 10.2271 -6.83351 1.8
      vertex 27.0228 -18.056 1.8
      vertex 10.4875 -6.42673 1.8
    endloop
  endfacet
  facet normal 0 0 1
    outer loop
      vertex 32.4749 1.27594 1.8
      vertex 12.2905 0.482895 1.8
      vertex 12.3 0 1.8
    endloop
  endfacet
  facet normal 0 0 1
    outer loop
      vertex 32.3998 2.54992 1.8
      vertex 12.2621 0.965046 1.8
      vertex 12.2905 0.482895 1.8
    endloop
  endfacet
  facet normal 0 0 1
    outer loop
      vertex 32.2747 3.81997 1.8
      vertex 12.2147 1.44571 1.8
      vertex 12.2621 0.965046 1.8
    endloop
  endfacet
  facet normal 0 0 1
    outer loop
      vertex 32.0999 5.08412 1.8
      vertex 12.1486 1.92414 1.8
      vertex 12.2147 1.44571 1.8
    endloop
  endfacet
  facet normal 0 0 1
    outer loop
      vertex 31.8755 6.34044 1.8
      vertex 12.0637 2.39961 1.8
      vertex 12.1486 1.92414 1.8
    endloop
  endfacet
  facet normal 0 0 1
    outer loop
      vertex 25.6508 13.8254 1.8
      vertex 11.9601 2.87138 1.8
      vertex 12.0637 2.39961 1.8
    endloop
  endfacet
  facet normal 0 0 1
    outer loop
      vertex 25.5487 13.8757 1.8
      vertex 11.8382 3.33872 1.8
      vertex 11.9601 2.87138 1.8
    endloop
  endfacet
  facet normal 0 0 1
    outer loop
      vertex 25.4508 13.9339 1.8
      vertex 11.698 3.80091 1.8
      vertex 11.8382 3.33872 1.8
    endloop
  endfacet
  facet normal 0 0 1
    outer loop
      vertex 25.3579 13.9996 1.8
      vertex 11.5398 4.25724 1.8
      vertex 11.698 3.80091 1.8
    endloop
  endfacet
  facet normal 0 0 1
    outer loop
      vertex 25.2703 14.0724 1.8
      vertex 11.3637 4.70701 1.8
      vertex 11.5398 4.25724 1.8
    endloop
  endfacet
  facet normal 0 0 1
    outer loop
      vertex 4.70701 11.3637 1.8
      vertex 12.4372 30.0261 1.8
      vertex 11.2488 30.4912 1.8
    endloop
  endfacet
  facet normal 0 0 1
    outer loop
      vertex 25.1888 14.1519 1.8
      vertex 11.1702 5.14951 1.8
      vertex 11.3637 4.70701 1.8
    endloop
  endfacet
  facet normal 0 0 1
    outer loop
      vertex 25.1137 14.2375 1.8
      vertex 10.9594 5.58408 1.8
      vertex 11.1702 5.14951 1.8
    endloop
  endfacet
  facet normal 0 0 1
    outer loop
      vertex 25.0456 14.3287 1.8
      vertex 10.7317 6.01004 1.8
      vertex 10.9594 5.58408 1.8
    endloop
  endfacet
  facet normal 0 0 1
    outer loop
      vertex 24.9573 14.4749 1.8
      vertex 10.4875 6.42673 1.8
      vertex 10.7317 6.01004 1.8
    endloop
  endfacet
  facet normal 0 0 1
    outer loop
      vertex 24.9083 14.5776 1.8
      vertex 10.2271 6.83351 1.8
      vertex 10.4875 6.42673 1.8
    endloop
  endfacet
  facet normal 0 0 1
    outer loop
      vertex 4.25724 11.5398 1.8
      vertex 11.2488 30.4912 1.8
      vertex 10.0431 30.9093 1.8
    endloop
  endfacet
  facet normal 0 0 1
    outer loop
      vertex 24.8675 14.6839 1.8
      vertex 9.95091 7.22976 1.8
      vertex 10.2271 6.83351 1.8
    endloop
  endfacet
  facet normal 0 0 1
    outer loop
      vertex 24.8352 14.7931 1.8
      vertex 9.6594 7.61485 1.8
      vertex 9.95091 7.22976 1.8
    endloop
  endfacet
  facet normal 0 0 1
    outer loop
      vertex 24.8115 14.9044 1.8
      vertex 9.35299 7.98821 1.8
      vertex 9.6594 7.61485 1.8
    endloop
  endfacet
  facet normal 0 0 1
    outer loop
      vertex 24.7967 15.0173 1.8
      vertex 9.03217 8.34925 1.8
      vertex 9.35299 7.98821 1.8
    endloop
  endfacet
  facet normal 0 0 1
    outer loop
      vertex 3.80091 11.698 1.8
      vertex 10.0431 30.9093 1.8
      vertex 8.82181 31.2798 1.8
    endloop
  endfacet
  facet normal 0 0 1
    outer loop
      vertex 24.7907 15.131 1.8
      vertex 8.69741 8.69741 1.8
      vertex 9.03217 8.34925 1.8
    endloop
  endfacet
  facet normal 0 0 1
    outer loop
      vertex 24.7911 15.188 1.8
      vertex 8.69741 8.69741 1.8
      vertex 24.7907 15.131 1.8
    endloop
  endfacet
  facet normal 0 0 1
    outer loop
      vertex 24.8056 15.3581 1.8
      vertex 7.98821 9.35299 1.8
      vertex 8.34925 9.03217 1.8
    endloop
  endfacet
  facet normal 0 0 1
    outer loop
      vertex 20.1206 25.5228 1.8
      vertex 7.61485 9.6594 1.8
      vertex 7.98821 9.35299 1.8
    endloop
  endfacet
  facet normal 0 0 1
    outer loop
      vertex 3.33872 11.8382 1.8
      vertex 8.82181 31.2798 1.8
      vertex 7.58697 31.602 1.8
    endloop
  endfacet
  facet normal 0 0 1
    outer loop
      vertex 19.103 26.2931 1.8
      vertex 7.22976 9.95091 1.8
      vertex 7.61485 9.6594 1.8
    endloop
  endfacet
  facet normal 0 0 1
    outer loop
      vertex 18.056 27.0228 1.8
      vertex 6.83351 10.2271 1.8
      vertex 7.22976 9.95091 1.8
    endloop
  endfacet
  facet normal 0 0 1
    outer loop
      vertex 16.9812 27.7108 1.8
      vertex 6.42673 10.4875 1.8
      vertex 6.83351 10.2271 1.8
    endloop
  endfacet
  facet normal 0 0 1
    outer loop
      vertex 2.87138 11.9601 1.8
      vertex 7.58697 31.602 1.8
      vertex 6.34044 31.8755 1.8
    endloop
  endfacet
  facet normal 0 0 1
    outer loop
      vertex 15.8802 28.3561 1.8
      vertex 6.01004 10.7317 1.8
      vertex 6.42673 10.4875 1.8
    endloop
  endfacet
  facet normal 0 0 1
    outer loop
      vertex 14.7547 28.9577 1.8
      vertex 5.58408 10.9594 1.8
      vertex 6.01004 10.7317 1.8
    endloop
  endfacet
  facet normal 0 0 1
    outer loop
      vertex 13.6064 29.5147 1.8
      vertex 5.14951 11.1702 1.8
      vertex 5.58408 10.9594 1.8
    endloop
  endfacet
  facet normal 0 0 1
    outer loop
      vertex 2.39961 12.0637 1.8
      vertex 6.34044 31.8755 1.8
      vertex 5.08412 32.0999 1.8
    endloop
  endfacet
  facet normal 0 0 1
    outer loop
      vertex 12.4372 30.0261 1.8
      vertex 4.70701 11.3637 1.8
      vertex 5.14951 11.1702 1.8
    endloop
  endfacet
  facet normal 0 0 1
    outer loop
      vertex 11.2488 30.4912 1.8
      vertex 4.25724 11.5398 1.8
      vertex 4.70701 11.3637 1.8
    endloop
  endfacet
  facet normal 0 0 1
    outer loop
      vertex 1.92414 12.1486 1.8
      vertex 5.08412 32.0999 1.8
      vertex 3.81997 32.2747 1.8
    endloop
  endfacet
  facet normal 0 0 1
    outer loop
      vertex 10.0431 30.9093 1.8
      vertex 3.80091 11.698 1.8
      vertex 4.25724 11.5398 1.8
    endloop
  endfacet
  facet normal 0 0 1
    outer loop
      vertex 8.82181 31.2798 1.8
      vertex 3.33872 11.8382 1.8
      vertex 3.80091 11.698 1.8
    endloop
  endfacet
  facet normal 0 0 1
    outer loop
      vertex 7.58697 31.602 1.8
      vertex 2.87138 11.9601 1.8
      vertex 3.33872 11.8382 1.8
    endloop
  endfacet
  facet normal 0 0 1
    outer loop
      vertex 1.44571 12.2147 1.8
      vertex 3.81997 32.2747 1.8
      vertex 2.54992 32.3998 1.8
    endloop
  endfacet
  facet normal 0 0 1
    outer loop
      vertex 6.34044 31.8755 1.8
      vertex 2.39961 12.0637 1.8
      vertex 2.87138 11.9601 1.8
    endloop
  endfacet
  facet normal 0 0 1
    outer loop
      vertex 5.08412 32.0999 1.8
      vertex 1.92414 12.1486 1.8
      vertex 2.39961 12.0637 1.8
    endloop
  endfacet
  facet normal 0 0 1
    outer loop
      vertex 3.81997 32.2747 1.8
      vertex 1.44571 12.2147 1.8
      vertex 1.92414 12.1486 1.8
    endloop
  endfacet
  facet normal 0 0 1
    outer loop
      vertex 0.965046 12.2621 1.8
      vertex 2.54992 32.3998 1.8
      vertex 1.27594 32.4749 1.8
    endloop
  endfacet
  facet normal 0 0 1
    outer loop
      vertex 2.54992 32.3998 1.8
      vertex 0.965046 12.2621 1.8
      vertex 1.44571 12.2147 1.8
    endloop
  endfacet
  facet normal 0 0 1
    outer loop
      vertex 1.27594 32.4749 1.8
      vertex 0.482895 12.2905 1.8
      vertex 0.965046 12.2621 1.8
    endloop
  endfacet
  facet normal 0 0 1
    outer loop
      vertex 0 32.5 1.8
      vertex 0.482895 12.2905 1.8
      vertex 1.27594 32.4749 1.8
    endloop
  endfacet
  facet normal 0 0 1
    outer loop
      vertex 0 32.5 1.8
      vertex 0 12.3 1.8
      vertex 0.482895 12.2905 1.8
    endloop
  endfacet
  facet normal 0 0 1
    outer loop
      vertex 0 32.5 1.8
      vertex -0.482895 12.2905 1.8
      vertex 0 12.3 1.8
    endloop
  endfacet
  facet normal -0 0 1
    outer loop
      vertex -1.27594 32.4749 1.8
      vertex -0.482895 12.2905 1.8
      vertex 0 32.5 1.8
    endloop
  endfacet
  facet normal 0 0 1
    outer loop
      vertex -0.482895 12.2905 1.8
      vertex -1.27594 32.4749 1.8
      vertex -0.965046 12.2621 1.8
    endloop
  endfacet
  facet normal -0 0 1
    outer loop
      vertex -2.54992 32.3998 1.8
      vertex -0.965046 12.2621 1.8
      vertex -1.27594 32.4749 1.8
    endloop
  endfacet
  facet normal 0 0 1
    outer loop
      vertex -0.965046 12.2621 1.8
      vertex -2.54992 32.3998 1.8
      vertex -1.44571 12.2147 1.8
    endloop
  endfacet
  facet normal -0 0 1
    outer loop
      vertex -3.81997 32.2747 1.8
      vertex -1.44571 12.2147 1.8
      vertex -2.54992 32.3998 1.8
    endloop
  endfacet
  facet normal 0 0 1
    outer loop
      vertex -1.44571 12.2147 1.8
      vertex -3.81997 32.2747 1.8
      vertex -1.92414 12.1486 1.8
    endloop
  endfacet
  facet normal -0 0 1
    outer loop
      vertex -5.08412 32.0999 1.8
      vertex -1.92414 12.1486 1.8
      vertex -3.81997 32.2747 1.8
    endloop
  endfacet
  facet normal 0 0 1
    outer loop
      vertex -1.92414 12.1486 1.8
      vertex -5.08412 32.0999 1.8
      vertex -2.39961 12.0637 1.8
    endloop
  endfacet
  facet normal -0 0 1
    outer loop
      vertex -6.34044 31.8755 1.8
      vertex -2.39961 12.0637 1.8
      vertex -5.08412 32.0999 1.8
    endloop
  endfacet
  facet normal 0 0 1
    outer loop
      vertex -2.39961 12.0637 1.8
      vertex -6.34044 31.8755 1.8
      vertex -2.87138 11.9601 1.8
    endloop
  endfacet
  facet normal -0 0 1
    outer loop
      vertex -7.58697 31.602 1.8
      vertex -2.87138 11.9601 1.8
      vertex -6.34044 31.8755 1.8
    endloop
  endfacet
  facet normal 0 0 1
    outer loop
      vertex -2.87138 11.9601 1.8
      vertex -7.58697 31.602 1.8
      vertex -3.33872 11.8382 1.8
    endloop
  endfacet
  facet normal -0 0 1
    outer loop
      vertex -8.82181 31.2798 1.8
      vertex -3.33872 11.8382 1.8
      vertex -7.58697 31.602 1.8
    endloop
  endfacet
  facet normal 0 0 1
    outer loop
      vertex -3.33872 11.8382 1.8
      vertex -8.82181 31.2798 1.8
      vertex -3.80091 11.698 1.8
    endloop
  endfacet
  facet normal -0 0 1
    outer loop
      vertex -10.0431 30.9093 1.8
      vertex -3.80091 11.698 1.8
      vertex -8.82181 31.2798 1.8
    endloop
  endfacet
  facet normal 0 0 1
    outer loop
      vertex -3.80091 11.698 1.8
      vertex -10.0431 30.9093 1.8
      vertex -4.25724 11.5398 1.8
    endloop
  endfacet
  facet normal -0 0 1
    outer loop
      vertex -11.2488 30.4912 1.8
      vertex -4.25724 11.5398 1.8
      vertex -10.0431 30.9093 1.8
    endloop
  endfacet
  facet normal 0 0 1
    outer loop
      vertex -4.25724 11.5398 1.8
      vertex -11.2488 30.4912 1.8
      vertex -4.70701 11.3637 1.8
    endloop
  endfacet
  facet normal -0 0 1
    outer loop
      vertex -12.4372 30.0261 1.8
      vertex -4.70701 11.3637 1.8
      vertex -11.2488 30.4912 1.8
    endloop
  endfacet
  facet normal 0 0 1
    outer loop
      vertex -4.70701 11.3637 1.8
      vertex -12.4372 30.0261 1.8
      vertex -5.14951 11.1702 1.8
    endloop
  endfacet
  facet normal -0 0 1
    outer loop
      vertex -13.6064 29.5147 1.8
      vertex -5.14951 11.1702 1.8
      vertex -12.4372 30.0261 1.8
    endloop
  endfacet
  facet normal 0 0 1
    outer loop
      vertex -5.14951 11.1702 1.8
      vertex -13.6064 29.5147 1.8
      vertex -5.58408 10.9594 1.8
    endloop
  endfacet
  facet normal -0 0 1
    outer loop
      vertex -14.7547 28.9577 1.8
      vertex -5.58408 10.9594 1.8
      vertex -13.6064 29.5147 1.8
    endloop
  endfacet
  facet normal 0 0 1
    outer loop
      vertex -5.58408 10.9594 1.8
      vertex -14.7547 28.9577 1.8
      vertex -6.01004 10.7317 1.8
    endloop
  endfacet
  facet normal -0 0 1
    outer loop
      vertex -15.8802 28.3561 1.8
      vertex -6.01004 10.7317 1.8
      vertex -14.7547 28.9577 1.8
    endloop
  endfacet
  facet normal 0 0 1
    outer loop
      vertex -6.01004 10.7317 1.8
      vertex -15.8802 28.3561 1.8
      vertex -6.42673 10.4875 1.8
    endloop
  endfacet
  facet normal -0 0 1
    outer loop
      vertex -16.9812 27.7108 1.8
      vertex -6.42673 10.4875 1.8
      vertex -15.8802 28.3561 1.8
    endloop
  endfacet
  facet normal 0 0 1
    outer loop
      vertex -6.42673 10.4875 1.8
      vertex -16.9812 27.7108 1.8
      vertex -6.83351 10.2271 1.8
    endloop
  endfacet
  facet normal -0 0 1
    outer loop
      vertex -18.056 27.0228 1.8
      vertex -6.83351 10.2271 1.8
      vertex -16.9812 27.7108 1.8
    endloop
  endfacet
  facet normal 0 0 1
    outer loop
      vertex -6.83351 10.2271 1.8
      vertex -18.056 27.0228 1.8
      vertex -7.22976 9.95091 1.8
    endloop
  endfacet
  facet normal -0 0 1
    outer loop
      vertex -19.103 26.2931 1.8
      vertex -7.22976 9.95091 1.8
      vertex -18.056 27.0228 1.8
    endloop
  endfacet
  facet normal 0 0 1
    outer loop
      vertex -7.22976 9.95091 1.8
      vertex -19.103 26.2931 1.8
      vertex -7.61485 9.6594 1.8
    endloop
  endfacet
  facet normal -0 0 1
    outer loop
      vertex -20.1206 25.5228 1.8
      vertex -7.61485 9.6594 1.8
      vertex -19.103 26.2931 1.8
    endloop
  endfacet
  facet normal 0 0 1
    outer loop
      vertex -7.61485 9.6594 1.8
      vertex -20.1206 25.5228 1.8
      vertex -7.98821 9.35299 1.8
    endloop
  endfacet
  facet normal -0 0 1
    outer loop
      vertex -24.7911 15.188 1.8
      vertex -7.98821 9.35299 1.8
      vertex -20.1206 25.5228 1.8
    endloop
  endfacet
  facet normal 0 0 1
    outer loop
      vertex -7.98821 9.35299 1.8
      vertex -24.7911 15.188 1.8
      vertex -8.34925 9.03217 1.8
    endloop
  endfacet
  facet normal 0 0 1
    outer loop
      vertex -8.34925 9.03217 1.8
      vertex -24.7911 15.188 1.8
      vertex -8.69741 8.69741 1.8
    endloop
  endfacet
  facet normal -0 -0 1
    outer loop
      vertex -24.7907 15.131 1.8
      vertex -8.69741 8.69741 1.8
      vertex -24.7911 15.188 1.8
    endloop
  endfacet
  facet normal 0 0 1
    outer loop
      vertex -8.69741 8.69741 1.8
      vertex -24.7907 15.131 1.8
      vertex -9.03217 8.34925 1.8
    endloop
  endfacet
  facet normal -0 0 1
    outer loop
      vertex -24.7926 15.0741 1.8
      vertex -9.03217 8.34925 1.8
      vertex -24.7907 15.131 1.8
    endloop
  endfacet
  facet normal -0 0 1
    outer loop
      vertex -24.7967 15.0173 1.8
      vertex -9.03217 8.34925 1.8
      vertex -24.7926 15.0741 1.8
    endloop
  endfacet
  facet normal 0 0 1
    outer loop
      vertex -9.03217 8.34925 1.8
      vertex -24.7967 15.0173 1.8
      vertex -9.35299 7.98821 1.8
    endloop
  endfacet
  facet normal -0 0 1
    outer loop
      vertex -24.803 14.9607 1.8
      vertex -9.35299 7.98821 1.8
      vertex -24.7967 15.0173 1.8
    endloop
  endfacet
  facet normal -0 0 1
    outer loop
      vertex -24.8115 14.9044 1.8
      vertex -9.35299 7.98821 1.8
      vertex -24.803 14.9607 1.8
    endloop
  endfacet
  facet normal 0 0 1
    outer loop
      vertex -9.35299 7.98821 1.8
      vertex -24.8115 14.9044 1.8
      vertex -9.6594 7.61485 1.8
    endloop
  endfacet
  facet normal -0 0 1
    outer loop
      vertex -24.8223 14.8485 1.8
      vertex -9.6594 7.61485 1.8
      vertex -24.8115 14.9044 1.8
    endloop
  endfacet
  facet normal -0 0 1
    outer loop
      vertex -24.8352 14.7931 1.8
      vertex -9.6594 7.61485 1.8
      vertex -24.8223 14.8485 1.8
    endloop
  endfacet
  facet normal -0 0 1
    outer loop
      vertex -24.8503 14.7382 1.8
      vertex -9.95091 7.22976 1.8
      vertex -24.8352 14.7931 1.8
    endloop
  endfacet
  facet normal 0 0 1
    outer loop
      vertex -9.6594 7.61485 1.8
      vertex -24.8352 14.7931 1.8
      vertex -9.95091 7.22976 1.8
    endloop
  endfacet
  facet normal -0.77301 0.634393 0
    outer loop
      vertex -25.5228 20.1206 0
      vertex -24.7132 21.1071 1.8
      vertex -24.7132 21.1071 0
    endloop
  endfacet
  facet normal -0.77301 0.634393 0
    outer loop
      vertex -24.7132 21.1071 1.8
      vertex -25.5228 20.1206 0
      vertex -25.5228 20.1206 1.8
    endloop
  endfacet
  facet normal -0.899738 0.436431 0
    outer loop
      vertex -29.5147 13.6064 0
      vertex -28.9577 14.7547 1.8
      vertex -28.9577 14.7547 0
    endloop
  endfacet
  facet normal -0.899738 0.436431 0
    outer loop
      vertex -28.9577 14.7547 1.8
      vertex -29.5147 13.6064 0
      vertex -29.5147 13.6064 1.8
    endloop
  endfacet
  facet normal -0.881919 -0.471401 0
    outer loop
      vertex -28.3561 -15.8802 0
      vertex -28.9577 -14.7547 1.8
      vertex -28.9577 -14.7547 0
    endloop
  endfacet
  facet normal -0.881919 -0.471401 0
    outer loop
      vertex -28.9577 -14.7547 1.8
      vertex -28.3561 -15.8802 0
      vertex -28.3561 -15.8802 1.8
    endloop
  endfacet
  facet normal -0.436431 0.899738 0
    outer loop
      vertex -13.6064 29.5147 0
      vertex -14.7547 28.9577 1.8
      vertex -13.6064 29.5147 1.8
    endloop
  endfacet
  facet normal -0.436431 0.899738 0
    outer loop
      vertex -14.7547 28.9577 1.8
      vertex -13.6064 29.5147 0
      vertex -14.7547 28.9577 0
    endloop
  endfacet
  facet normal -0.916193 0.400737 0
    outer loop
      vertex -30.0261 12.4372 0
      vertex -29.5147 13.6064 1.8
      vertex -29.5147 13.6064 0
    endloop
  endfacet
  facet normal -0.916193 0.400737 0
    outer loop
      vertex -29.5147 13.6064 1.8
      vertex -30.0261 12.4372 0
      vertex -30.0261 12.4372 1.8
    endloop
  endfacet
  facet normal -0.471401 -0.881919 0
    outer loop
      vertex -15.8802 -28.3561 0
      vertex -14.7547 -28.9577 1.8
      vertex -15.8802 -28.3561 1.8
    endloop
  endfacet
  facet normal -0.471401 -0.881919 -0
    outer loop
      vertex -14.7547 -28.9577 1.8
      vertex -15.8802 -28.3561 0
      vertex -14.7547 -28.9577 0
    endloop
  endfacet
  facet normal -0.436431 -0.899738 0
    outer loop
      vertex -14.7547 -28.9577 0
      vertex -13.6064 -29.5147 1.8
      vertex -14.7547 -28.9577 1.8
    endloop
  endfacet
  facet normal -0.436431 -0.899738 -0
    outer loop
      vertex -13.6064 -29.5147 1.8
      vertex -14.7547 -28.9577 0
      vertex -13.6064 -29.5147 0
    endloop
  endfacet
  facet normal -0.862737 0.505653 0
    outer loop
      vertex -28.3561 15.8802 0
      vertex -27.7108 16.9812 1.8
      vertex -27.7108 16.9812 0
    endloop
  endfacet
  facet normal -0.862737 0.505653 0
    outer loop
      vertex -27.7108 16.9812 1.8
      vertex -28.3561 15.8802 0
      vertex -28.3561 15.8802 1.8
    endloop
  endfacet
  facet normal -0.290303 -0.956935 0
    outer loop
      vertex -10.0431 -30.9093 0
      vertex -8.82181 -31.2798 1.8
      vertex -10.0431 -30.9093 1.8
    endloop
  endfacet
  facet normal -0.290303 -0.956935 -0
    outer loop
      vertex -8.82181 -31.2798 1.8
      vertex -10.0431 -30.9093 0
      vertex -8.82181 -31.2798 0
    endloop
  endfacet
  facet normal -0.634393 -0.77301 0
    outer loop
      vertex -21.1071 -24.7132 0
      vertex -20.1206 -25.5228 1.8
      vertex -21.1071 -24.7132 1.8
    endloop
  endfacet
  facet normal -0.634393 -0.77301 -0
    outer loop
      vertex -20.1206 -25.5228 1.8
      vertex -21.1071 -24.7132 0
      vertex -20.1206 -25.5228 0
    endloop
  endfacet
  facet normal 0 0 -1
    outer loop
      vertex -21.1071 24.7132 0
      vertex -24.8056 15.3581 0
      vertex -22.061 23.8655 0
    endloop
  endfacet
  facet normal 0 0 -1
    outer loop
      vertex -24.8148 15.4142 0
      vertex -22.061 23.8655 0
      vertex -24.8056 15.3581 0
    endloop
  endfacet
  facet normal 0 0 -1
    outer loop
      vertex -24.8263 15.47 0
      vertex -22.061 23.8655 0
      vertex -24.8148 15.4142 0
    endloop
  endfacet
  facet normal 0 0 -1
    outer loop
      vertex -22.061 23.8655 0
      vertex -24.8263 15.47 0
      vertex -22.981 22.981 0
    endloop
  endfacet
  facet normal 0 0 -1
    outer loop
      vertex -24.84 15.5253 0
      vertex -22.981 22.981 0
      vertex -24.8263 15.47 0
    endloop
  endfacet
  facet normal 0 0 -1
    outer loop
      vertex -24.8558 15.58 0
      vertex -22.981 22.981 0
      vertex -24.84 15.5253 0
    endloop
  endfacet
  facet normal 0 0 -1
    outer loop
      vertex -24.8737 15.634 0
      vertex -22.981 22.981 0
      vertex -24.8558 15.58 0
    endloop
  endfacet
  facet normal 0 0 -1
    outer loop
      vertex -22.981 22.981 0
      vertex -24.8737 15.634 0
      vertex -23.8655 22.061 0
    endloop
  endfacet
  facet normal 0 0 -1
    outer loop
      vertex -24.8938 15.6873 0
      vertex -23.8655 22.061 0
      vertex -24.8737 15.634 0
    endloop
  endfacet
  facet normal 0 0 -1
    outer loop
      vertex -24.9159 15.7398 0
      vertex -23.8655 22.061 0
      vertex -24.8938 15.6873 0
    endloop
  endfacet
  facet normal 0 0 -1
    outer loop
      vertex -24.9401 15.7913 0
      vertex -23.8655 22.061 0
      vertex -24.9159 15.7398 0
    endloop
  endfacet
  facet normal 0 0 -1
    outer loop
      vertex -24.9663 15.8419 0
      vertex -23.8655 22.061 0
      vertex -24.9401 15.7913 0
    endloop
  endfacet
  facet normal 0 0 -1
    outer loop
      vertex -23.8655 22.061 0
      vertex -24.9663 15.8419 0
      vertex -24.7132 21.1071 0
    endloop
  endfacet
  facet normal 0 0 -1
    outer loop
      vertex -24.9944 15.8914 0
      vertex -24.7132 21.1071 0
      vertex -24.9663 15.8419 0
    endloop
  endfacet
  facet normal 0 0 -1
    outer loop
      vertex -25.0245 15.9397 0
      vertex -24.7132 21.1071 0
      vertex -24.9944 15.8914 0
    endloop
  endfacet
  facet normal 0 0 -1
    outer loop
      vertex -25.0564 15.9869 0
      vertex -24.7132 21.1071 0
      vertex -25.0245 15.9397 0
    endloop
  endfacet
  facet normal 0 0 -1
    outer loop
      vertex -25.0902 16.0327 0
      vertex -24.7132 21.1071 0
      vertex -25.0564 15.9869 0
    endloop
  endfacet
  facet normal 0 0 -1
    outer loop
      vertex -25.1257 16.0772 0
      vertex -24.7132 21.1071 0
      vertex -25.0902 16.0327 0
    endloop
  endfacet
  facet normal 0 0 -1
    outer loop
      vertex -25.5228 20.1206 0
      vertex -25.1257 16.0772 0
      vertex -25.163 16.1202 0
    endloop
  endfacet
  facet normal 0 0 -1
    outer loop
      vertex -25.5228 20.1206 0
      vertex -25.163 16.1202 0
      vertex -25.2019 16.1618 0
    endloop
  endfacet
  facet normal 0 0 -1
    outer loop
      vertex -25.5228 20.1206 0
      vertex -25.2019 16.1618 0
      vertex -25.2425 16.2018 0
    endloop
  endfacet
  facet normal 0 0 -1
    outer loop
      vertex -25.5228 20.1206 0
      vertex -25.2425 16.2018 0
      vertex -25.2845 16.2402 0
    endloop
  endfacet
  facet normal 0 0 -1
    outer loop
      vertex -25.5228 20.1206 0
      vertex -25.2845 16.2402 0
      vertex -25.3281 16.2769 0
    endloop
  endfacet
  facet normal 0 0 -1
    outer loop
      vertex -25.5228 20.1206 0
      vertex -25.3281 16.2769 0
      vertex -25.373 16.3118 0
    endloop
  endfacet
  facet normal 0 0 -1
    outer loop
      vertex -25.5228 20.1206 0
      vertex -25.373 16.3118 0
      vertex -25.4193 16.345 0
    endloop
  endfacet
  facet normal 0 0 -1
    outer loop
      vertex -26.2931 19.103 0
      vertex -25.4193 16.345 0
      vertex -25.4668 16.3763 0
    endloop
  endfacet
  facet normal 0 0 -1
    outer loop
      vertex -26.2931 19.103 0
      vertex -25.4668 16.3763 0
      vertex -25.5156 16.4057 0
    endloop
  endfacet
  facet normal 0 0 -1
    outer loop
      vertex -25.1257 16.0772 0
      vertex -25.5228 20.1206 0
      vertex -24.7132 21.1071 0
    endloop
  endfacet
  facet normal 0 0 -1
    outer loop
      vertex -26.2931 19.103 0
      vertex -25.5156 16.4057 0
      vertex -25.5654 16.4332 0
    endloop
  endfacet
  facet normal 0 0 -1
    outer loop
      vertex -26.2931 19.103 0
      vertex -25.5654 16.4332 0
      vertex -25.6163 16.4587 0
    endloop
  endfacet
  facet normal 0 0 -1
    outer loop
      vertex -26.2931 19.103 0
      vertex -25.6163 16.4587 0
      vertex -25.6682 16.4822 0
    endloop
  endfacet
  facet normal 0 0 -1
    outer loop
      vertex -26.2931 19.103 0
      vertex -25.6682 16.4822 0
      vertex -25.7209 16.5037 0
    endloop
  endfacet
  facet normal 0 0 -1
    outer loop
      vertex -26.2931 19.103 0
      vertex -25.7209 16.5037 0
      vertex -25.7745 16.523 0
    endloop
  endfacet
  facet normal 0 0 -1
    outer loop
      vertex -26.2931 19.103 0
      vertex -25.7745 16.523 0
      vertex -25.8287 16.5403 0
    endloop
  endfacet
  facet normal 0 0 -1
    outer loop
      vertex -26.2931 19.103 0
      vertex -25.8287 16.5403 0
      vertex -25.8836 16.5554 0
    endloop
  endfacet
  facet normal 0 0 -1
    outer loop
      vertex -26.2931 19.103 0
      vertex -25.8836 16.5554 0
      vertex -25.9391 16.5683 0
    endloop
  endfacet
  facet normal 0 0 -1
    outer loop
      vertex -27.0228 18.056 0
      vertex -25.9391 16.5683 0
      vertex -25.995 16.5791 0
    endloop
  endfacet
  facet normal 0 0 -1
    outer loop
      vertex -27.0228 18.056 0
      vertex -25.995 16.5791 0
      vertex -26.0513 16.5876 0
    endloop
  endfacet
  facet normal 0 0 -1
    outer loop
      vertex -27.0228 18.056 0
      vertex -26.0513 16.5876 0
      vertex -26.1079 16.5939 0
    endloop
  endfacet
  facet normal 0 0 -1
    outer loop
      vertex -27.0228 18.056 0
      vertex -26.1079 16.5939 0
      vertex -26.1647 16.598 0
    endloop
  endfacet
  facet normal 0 0 -1
    outer loop
      vertex -27.0228 18.056 0
      vertex -26.1647 16.598 0
      vertex -26.2216 16.5999 0
    endloop
  endfacet
  facet normal 0 0 -1
    outer loop
      vertex -27.0228 18.056 0
      vertex -26.2216 16.5999 0
      vertex -26.2785 16.5995 0
    endloop
  endfacet
  facet normal 0 0 -1
    outer loop
      vertex -25.4193 16.345 0
      vertex -26.2931 19.103 0
      vertex -25.5228 20.1206 0
    endloop
  endfacet
  facet normal 0 0 -1
    outer loop
      vertex -27.0228 18.056 0
      vertex -26.2785 16.5995 0
      vertex -26.3354 16.5969 0
    endloop
  endfacet
  facet normal 0 0 -1
    outer loop
      vertex -27.0228 18.056 0
      vertex -26.3354 16.5969 0
      vertex -26.3921 16.5921 0
    endloop
  endfacet
  facet normal 0 0 -1
    outer loop
      vertex -27.0228 18.056 0
      vertex -26.3921 16.5921 0
      vertex -26.4486 16.585 0
    endloop
  endfacet
  facet normal 0 0 -1
    outer loop
      vertex -27.0228 18.056 0
      vertex -26.4486 16.585 0
      vertex -26.5048 16.5757 0
    endloop
  endfacet
  facet normal 0 0 -1
    outer loop
      vertex -27.0228 18.056 0
      vertex -26.5048 16.5757 0
      vertex -26.5606 16.5642 0
    endloop
  endfacet
  facet normal 0 0 -1
    outer loop
      vertex -27.0228 18.056 0
      vertex -26.5606 16.5642 0
      vertex -26.6159 16.5506 0
    endloop
  endfacet
  facet normal 0 0 -1
    outer loop
      vertex -27.0228 18.056 0
      vertex -26.6159 16.5506 0
      vertex -26.6706 16.5348 0
    endloop
  endfacet
  facet normal 0 0 -1
    outer loop
      vertex -27.0228 18.056 0
      vertex -26.6706 16.5348 0
      vertex -26.7246 16.5168 0
    endloop
  endfacet
  facet normal 0 0 -1
    outer loop
      vertex -27.7108 16.9812 0
      vertex -26.7246 16.5168 0
      vertex -26.7779 16.4968 0
    endloop
  endfacet
  facet normal 0 0 -1
    outer loop
      vertex -27.7108 16.9812 0
      vertex -26.7779 16.4968 0
      vertex -26.8303 16.4746 0
    endloop
  endfacet
  facet normal 0 0 -1
    outer loop
      vertex -27.7108 16.9812 0
      vertex -26.8303 16.4746 0
      vertex -26.8819 16.4505 0
    endloop
  endfacet
  facet normal 0 0 -1
    outer loop
      vertex -27.7108 16.9812 0
      vertex -26.8819 16.4505 0
      vertex -26.9324 16.4243 0
    endloop
  endfacet
  facet normal 0 0 -1
    outer loop
      vertex -27.7108 16.9812 0
      vertex -26.9324 16.4243 0
      vertex -26.9819 16.3961 0
    endloop
  endfacet
  facet normal 0 0 -1
    outer loop
      vertex -25.9391 16.5683 0
      vertex -27.0228 18.056 0
      vertex -26.2931 19.103 0
    endloop
  endfacet
  facet normal 0 0 -1
    outer loop
      vertex -27.7108 16.9812 0
      vertex -26.9819 16.3961 0
      vertex -27.0303 16.3661 0
    endloop
  endfacet
  facet normal 0 0 -1
    outer loop
      vertex -27.7108 16.9812 0
      vertex -27.0303 16.3661 0
      vertex -27.0774 16.3341 0
    endloop
  endfacet
  facet normal 0 0 -1
    outer loop
      vertex -27.7108 16.9812 0
      vertex -27.0774 16.3341 0
      vertex -27.1233 16.3004 0
    endloop
  endfacet
  facet normal 0 0 -1
    outer loop
      vertex -27.7108 16.9812 0
      vertex -27.1233 16.3004 0
      vertex -27.1678 16.2648 0
    endloop
  endfacet
  facet normal 0 0 -1
    outer loop
      vertex -27.7108 16.9812 0
      vertex -27.1678 16.2648 0
      vertex -27.2108 16.2276 0
    endloop
  endfacet
  facet normal 0 0 -1
    outer loop
      vertex -27.7108 16.9812 0
      vertex -27.2108 16.2276 0
      vertex -27.2524 16.1886 0
    endloop
  endfacet
  facet normal 0 0 -1
    outer loop
      vertex -27.7108 16.9812 0
      vertex -27.2524 16.1886 0
      vertex -27.2924 16.1481 0
    endloop
  endfacet
  facet normal 0 0 -1
    outer loop
      vertex -27.7108 16.9812 0
      vertex -27.2924 16.1481 0
      vertex -27.3307 16.1061 0
    endloop
  endfacet
  facet normal 0 0 -1
    outer loop
      vertex -27.7108 16.9812 0
      vertex -27.3307 16.1061 0
      vertex -27.3674 16.0625 0
    endloop
  endfacet
  facet normal 0 0 -1
    outer loop
      vertex -27.7108 16.9812 0
      vertex -27.3674 16.0625 0
      vertex -27.4024 16.0176 0
    endloop
  endfacet
  facet normal 0 0 -1
    outer loop
      vertex -28.3561 15.8802 0
      vertex -27.4024 16.0176 0
      vertex -27.4356 15.9713 0
    endloop
  endfacet
  facet normal 0 0 -1
    outer loop
      vertex -28.3561 15.8802 0
      vertex -27.4356 15.9713 0
      vertex -27.4669 15.9237 0
    endloop
  endfacet
  facet normal 0 0 -1
    outer loop
      vertex -28.3561 15.8802 0
      vertex -27.4669 15.9237 0
      vertex -27.4963 15.875 0
    endloop
  endfacet
  facet normal 0 0 -1
    outer loop
      vertex -28.3561 15.8802 0
      vertex -27.4963 15.875 0
      vertex -27.5238 15.8251 0
    endloop
  endfacet
  facet normal 0 0 -1
    outer loop
      vertex -28.3561 15.8802 0
      vertex -27.5238 15.8251 0
      vertex -27.5493 15.7742 0
    endloop
  endfacet
  facet normal 0 0 -1
    outer loop
      vertex -28.3561 15.8802 0
      vertex -27.5493 15.7742 0
      vertex -27.5728 15.7224 0
    endloop
  endfacet
  facet normal 0 0 -1
    outer loop
      vertex -28.3561 15.8802 0
      vertex -27.5728 15.7224 0
      vertex -27.5943 15.6696 0
    endloop
  endfacet
  facet normal 0 0 -1
    outer loop
      vertex -28.3561 15.8802 0
      vertex -27.5943 15.6696 0
      vertex -27.6136 15.6161 0
    endloop
  endfacet
  facet normal 0 0 -1
    outer loop
      vertex -28.3561 15.8802 0
      vertex -27.6136 15.6161 0
      vertex -27.6309 15.5618 0
    endloop
  endfacet
  facet normal 0 0 -1
    outer loop
      vertex -28.3561 15.8802 0
      vertex -27.6309 15.5618 0
      vertex -27.646 15.5069 0
    endloop
  endfacet
  facet normal 0 0 -1
    outer loop
      vertex -26.7246 16.5168 0
      vertex -27.7108 16.9812 0
      vertex -27.0228 18.056 0
    endloop
  endfacet
  facet normal 0 0 -1
    outer loop
      vertex -28.3561 15.8802 0
      vertex -27.646 15.5069 0
      vertex -27.6589 15.4515 0
    endloop
  endfacet
  facet normal 0 0 -1
    outer loop
      vertex -28.3561 15.8802 0
      vertex -27.6589 15.4515 0
      vertex -27.6696 15.3956 0
    endloop
  endfacet
  facet normal 0 0 -1
    outer loop
      vertex -28.3561 15.8802 0
      vertex -27.6696 15.3956 0
      vertex -27.6782 15.3393 0
    endloop
  endfacet
  facet normal 0 0 -1
    outer loop
      vertex -28.3561 15.8802 0
      vertex -27.6782 15.3393 0
      vertex -27.6845 15.2827 0
    endloop
  endfacet
  facet normal 0 0 -1
    outer loop
      vertex -28.3561 15.8802 0
      vertex -27.6845 15.2827 0
      vertex -27.6886 15.2259 0
    endloop
  endfacet
  facet normal 0 0 -1
    outer loop
      vertex -28.3561 15.8802 0
      vertex -27.6886 15.2259 0
      vertex -27.6904 15.169 0
    endloop
  endfacet
  facet normal -0 0 -1
    outer loop
      vertex -27.0619 13.955 0
      vertex -29.5147 13.6064 0
      vertex -27.1081 13.9882 0
    endloop
  endfacet
  facet normal -0 0 -1
    outer loop
      vertex -27.1081 13.9882 0
      vertex -29.5147 13.6064 0
      vertex -27.1531 14.0231 0
    endloop
  endfacet
  facet normal -0 0 -1
    outer loop
      vertex -27.4024 16.0176 0
      vertex -28.3561 15.8802 0
      vertex -27.7108 16.9812 0
    endloop
  endfacet
  facet normal -0 0 -1
    outer loop
      vertex -27.1531 14.0231 0
      vertex -29.5147 13.6064 0
      vertex -27.1966 14.0598 0
    endloop
  endfacet
  facet normal -0 0 -1
    outer loop
      vertex -27.6904 15.169 0
      vertex -28.9577 14.7547 0
      vertex -28.3561 15.8802 0
    endloop
  endfacet
  facet normal -0 0 -1
    outer loop
      vertex -27.1966 14.0598 0
      vertex -29.5147 13.6064 0
      vertex -27.2387 14.0982 0
    endloop
  endfacet
  facet normal -0 0 -1
    outer loop
      vertex -27.6901 15.112 0
      vertex -28.9577 14.7547 0
      vertex -27.6904 15.169 0
    endloop
  endfacet
  facet normal -0 0 -1
    outer loop
      vertex -27.2387 14.0982 0
      vertex -29.5147 13.6064 0
      vertex -27.2792 14.1382 0
    endloop
  endfacet
  facet normal -0 0 -1
    outer loop
      vertex -27.6875 15.0552 0
      vertex -28.9577 14.7547 0
      vertex -27.6901 15.112 0
    endloop
  endfacet
  facet normal -0 0 -1
    outer loop
      vertex -27.2792 14.1382 0
      vertex -29.5147 13.6064 0
      vertex -27.3181 14.1798 0
    endloop
  endfacet
  facet normal -0 0 -1
    outer loop
      vertex -27.6826 14.9984 0
      vertex -28.9577 14.7547 0
      vertex -27.6875 15.0552 0
    endloop
  endfacet
  facet normal -0 0 -1
    outer loop
      vertex -27.3181 14.1798 0
      vertex -29.5147 13.6064 0
      vertex -27.3554 14.2228 0
    endloop
  endfacet
  facet normal -0 0 -1
    outer loop
      vertex -27.6756 14.9419 0
      vertex -28.9577 14.7547 0
      vertex -27.6826 14.9984 0
    endloop
  endfacet
  facet normal -0 0 -1
    outer loop
      vertex -27.3554 14.2228 0
      vertex -29.5147 13.6064 0
      vertex -27.3909 14.2673 0
    endloop
  endfacet
  facet normal -0 0 -1
    outer loop
      vertex -27.6663 14.8858 0
      vertex -28.9577 14.7547 0
      vertex -27.6756 14.9419 0
    endloop
  endfacet
  facet normal -0 0 -1
    outer loop
      vertex -27.3909 14.2673 0
      vertex -29.5147 13.6064 0
      vertex -27.4247 14.3131 0
    endloop
  endfacet
  facet normal -0 0 -1
    outer loop
      vertex -27.6548 14.83 0
      vertex -28.9577 14.7547 0
      vertex -27.6663 14.8858 0
    endloop
  endfacet
  facet normal -0 0 -1
    outer loop
      vertex -27.4247 14.3131 0
      vertex -29.5147 13.6064 0
      vertex -27.4566 14.3603 0
    endloop
  endfacet
  facet normal -0 0 -1
    outer loop
      vertex -27.6412 14.7747 0
      vertex -28.9577 14.7547 0
      vertex -27.6548 14.83 0
    endloop
  endfacet
  facet normal 0 -0 -1
    outer loop
      vertex -28.9577 14.7547 0
      vertex -27.4566 14.3603 0
      vertex -29.5147 13.6064 0
    endloop
  endfacet
  facet normal 0 0 -1
    outer loop
      vertex -27.6253 14.72 0
      vertex -28.9577 14.7547 0
      vertex -27.6412 14.7747 0
    endloop
  endfacet
  facet normal 0 0 -1
    outer loop
      vertex -27.4867 14.4086 0
      vertex -28.9577 14.7547 0
      vertex -27.5149 14.4581 0
    endloop
  endfacet
  facet normal 0 0 -1
    outer loop
      vertex -27.6074 14.666 0
      vertex -28.9577 14.7547 0
      vertex -27.6253 14.72 0
    endloop
  endfacet
  facet normal 0 0 -1
    outer loop
      vertex -27.5149 14.4581 0
      vertex -28.9577 14.7547 0
      vertex -27.541 14.5087 0
    endloop
  endfacet
  facet normal 0 0 -1
    outer loop
      vertex -27.5873 14.6127 0
      vertex -28.9577 14.7547 0
      vertex -27.6074 14.666 0
    endloop
  endfacet
  facet normal 0 0 -1
    outer loop
      vertex -27.541 14.5087 0
      vertex -28.9577 14.7547 0
      vertex -27.5652 14.5602 0
    endloop
  endfacet
  facet normal 0 0 -1
    outer loop
      vertex -27.5652 14.5602 0
      vertex -28.9577 14.7547 0
      vertex -27.5873 14.6127 0
    endloop
  endfacet
  facet normal 0 0 -1
    outer loop
      vertex -27.4566 14.3603 0
      vertex -28.9577 14.7547 0
      vertex -27.4867 14.4086 0
    endloop
  endfacet
  facet normal 0 0 -1
    outer loop
      vertex 9.6594 7.61485 0
      vertex 24.8352 14.7931 0
      vertex 9.95091 7.22976 0
    endloop
  endfacet
  facet normal -0 0 -1
    outer loop
      vertex 24.8352 14.7931 0
      vertex 9.6594 7.61485 0
      vertex 24.8223 14.8485 0
    endloop
  endfacet
  facet normal -0 0 -1
    outer loop
      vertex 24.8223 14.8485 0
      vertex 9.6594 7.61485 0
      vertex 24.8115 14.9044 0
    endloop
  endfacet
  facet normal 0 0 -1
    outer loop
      vertex 9.35299 7.98821 0
      vertex 24.8115 14.9044 0
      vertex 9.6594 7.61485 0
    endloop
  endfacet
  facet normal -0 0 -1
    outer loop
      vertex 24.8115 14.9044 0
      vertex 9.35299 7.98821 0
      vertex 24.803 14.9607 0
    endloop
  endfacet
  facet normal -0 0 -1
    outer loop
      vertex 24.803 14.9607 0
      vertex 9.35299 7.98821 0
      vertex 24.7967 15.0173 0
    endloop
  endfacet
  facet normal 0 0 -1
    outer loop
      vertex 9.03217 8.34925 0
      vertex 24.7967 15.0173 0
      vertex 9.35299 7.98821 0
    endloop
  endfacet
  facet normal -0 0 -1
    outer loop
      vertex 24.7967 15.0173 0
      vertex 9.03217 8.34925 0
      vertex 24.7926 15.0741 0
    endloop
  endfacet
  facet normal -0 0 -1
    outer loop
      vertex 24.7926 15.0741 0
      vertex 9.03217 8.34925 0
      vertex 24.7907 15.131 0
    endloop
  endfacet
  facet normal 0 0 -1
    outer loop
      vertex 8.69741 8.69741 0
      vertex 24.7907 15.131 0
      vertex 9.03217 8.34925 0
    endloop
  endfacet
  facet normal -0 0 -1
    outer loop
      vertex 24.7907 15.131 0
      vertex 8.69741 8.69741 0
      vertex 24.7911 15.188 0
    endloop
  endfacet
  facet normal -0 0 -1
    outer loop
      vertex 24.7911 15.188 0
      vertex 8.69741 8.69741 0
      vertex 24.7937 15.2448 0
    endloop
  endfacet
  facet normal 0 0 -1
    outer loop
      vertex 8.34925 9.03217 0
      vertex 24.7937 15.2448 0
      vertex 8.69741 8.69741 0
    endloop
  endfacet
  facet normal 0 0 -1
    outer loop
      vertex 7.98821 9.35299 0
      vertex 24.7937 15.2448 0
      vertex 8.34925 9.03217 0
    endloop
  endfacet
  facet normal -0 0 -1
    outer loop
      vertex 24.7937 15.2448 0
      vertex 7.98821 9.35299 0
      vertex 20.1206 25.5228 0
    endloop
  endfacet
  facet normal 0 0 -1
    outer loop
      vertex 7.61485 9.6594 0
      vertex 20.1206 25.5228 0
      vertex 7.98821 9.35299 0
    endloop
  endfacet
  facet normal -0 0 -1
    outer loop
      vertex 20.1206 25.5228 0
      vertex 7.61485 9.6594 0
      vertex 19.103 26.2931 0
    endloop
  endfacet
  facet normal 0 0 -1
    outer loop
      vertex 7.22976 9.95091 0
      vertex 19.103 26.2931 0
      vertex 7.61485 9.6594 0
    endloop
  endfacet
  facet normal -0 0 -1
    outer loop
      vertex 19.103 26.2931 0
      vertex 7.22976 9.95091 0
      vertex 18.056 27.0228 0
    endloop
  endfacet
  facet normal 0 0 -1
    outer loop
      vertex 6.83351 10.2271 0
      vertex 18.056 27.0228 0
      vertex 7.22976 9.95091 0
    endloop
  endfacet
  facet normal -0 0 -1
    outer loop
      vertex 18.056 27.0228 0
      vertex 6.83351 10.2271 0
      vertex 16.9812 27.7108 0
    endloop
  endfacet
  facet normal 0 0 -1
    outer loop
      vertex 6.42673 10.4875 0
      vertex 16.9812 27.7108 0
      vertex 6.83351 10.2271 0
    endloop
  endfacet
  facet normal -0 0 -1
    outer loop
      vertex 16.9812 27.7108 0
      vertex 6.42673 10.4875 0
      vertex 15.8802 28.3561 0
    endloop
  endfacet
  facet normal 0 0 -1
    outer loop
      vertex 6.01004 10.7317 0
      vertex 15.8802 28.3561 0
      vertex 6.42673 10.4875 0
    endloop
  endfacet
  facet normal -0 0 -1
    outer loop
      vertex 15.8802 28.3561 0
      vertex 6.01004 10.7317 0
      vertex 14.7547 28.9577 0
    endloop
  endfacet
  facet normal 0 0 -1
    outer loop
      vertex 5.58408 10.9594 0
      vertex 14.7547 28.9577 0
      vertex 6.01004 10.7317 0
    endloop
  endfacet
  facet normal -0 0 -1
    outer loop
      vertex 14.7547 28.9577 0
      vertex 5.58408 10.9594 0
      vertex 13.6064 29.5147 0
    endloop
  endfacet
  facet normal 0 0 -1
    outer loop
      vertex 5.14951 11.1702 0
      vertex 13.6064 29.5147 0
      vertex 5.58408 10.9594 0
    endloop
  endfacet
  facet normal -0 0 -1
    outer loop
      vertex 13.6064 29.5147 0
      vertex 5.14951 11.1702 0
      vertex 12.4372 30.0261 0
    endloop
  endfacet
  facet normal 0 0 -1
    outer loop
      vertex 4.70701 11.3637 0
      vertex 12.4372 30.0261 0
      vertex 5.14951 11.1702 0
    endloop
  endfacet
  facet normal -0 0 -1
    outer loop
      vertex 12.4372 30.0261 0
      vertex 4.70701 11.3637 0
      vertex 11.2488 30.4912 0
    endloop
  endfacet
  facet normal 0 0 -1
    outer loop
      vertex 4.25724 11.5398 0
      vertex 11.2488 30.4912 0
      vertex 4.70701 11.3637 0
    endloop
  endfacet
  facet normal -0 0 -1
    outer loop
      vertex 11.2488 30.4912 0
      vertex 4.25724 11.5398 0
      vertex 10.0431 30.9093 0
    endloop
  endfacet
  facet normal 0 0 -1
    outer loop
      vertex 3.80091 11.698 0
      vertex 10.0431 30.9093 0
      vertex 4.25724 11.5398 0
    endloop
  endfacet
  facet normal -0 0 -1
    outer loop
      vertex 10.0431 30.9093 0
      vertex 3.80091 11.698 0
      vertex 8.82181 31.2798 0
    endloop
  endfacet
  facet normal 0 0 -1
    outer loop
      vertex 3.33872 11.8382 0
      vertex 8.82181 31.2798 0
      vertex 3.80091 11.698 0
    endloop
  endfacet
  facet normal -0 0 -1
    outer loop
      vertex 8.82181 31.2798 0
      vertex 3.33872 11.8382 0
      vertex 7.58697 31.602 0
    endloop
  endfacet
  facet normal 0 0 -1
    outer loop
      vertex 2.87138 11.9601 0
      vertex 7.58697 31.602 0
      vertex 3.33872 11.8382 0
    endloop
  endfacet
  facet normal -0 0 -1
    outer loop
      vertex 7.58697 31.602 0
      vertex 2.87138 11.9601 0
      vertex 6.34044 31.8755 0
    endloop
  endfacet
  facet normal 0 0 -1
    outer loop
      vertex 2.39961 12.0637 0
      vertex 6.34044 31.8755 0
      vertex 2.87138 11.9601 0
    endloop
  endfacet
  facet normal -0 0 -1
    outer loop
      vertex 6.34044 31.8755 0
      vertex 2.39961 12.0637 0
      vertex 5.08412 32.0999 0
    endloop
  endfacet
  facet normal 0 0 -1
    outer loop
      vertex 1.92414 12.1486 0
      vertex 5.08412 32.0999 0
      vertex 2.39961 12.0637 0
    endloop
  endfacet
  facet normal -0 0 -1
    outer loop
      vertex 5.08412 32.0999 0
      vertex 1.92414 12.1486 0
      vertex 3.81997 32.2747 0
    endloop
  endfacet
  facet normal 0 0 -1
    outer loop
      vertex 1.44571 12.2147 0
      vertex 3.81997 32.2747 0
      vertex 1.92414 12.1486 0
    endloop
  endfacet
  facet normal -0 0 -1
    outer loop
      vertex 3.81997 32.2747 0
      vertex 1.44571 12.2147 0
      vertex 2.54992 32.3998 0
    endloop
  endfacet
  facet normal 0 0 -1
    outer loop
      vertex 0.965046 12.2621 0
      vertex 2.54992 32.3998 0
      vertex 1.44571 12.2147 0
    endloop
  endfacet
  facet normal -0 0 -1
    outer loop
      vertex 2.54992 32.3998 0
      vertex 0.965046 12.2621 0
      vertex 1.27594 32.4749 0
    endloop
  endfacet
  facet normal 0 0 -1
    outer loop
      vertex 0.482895 12.2905 0
      vertex 1.27594 32.4749 0
      vertex 0.965046 12.2621 0
    endloop
  endfacet
  facet normal 0 0 -1
    outer loop
      vertex 0 12.3 0
      vertex 1.27594 32.4749 0
      vertex 0.482895 12.2905 0
    endloop
  endfacet
  facet normal 0 0 -1
    outer loop
      vertex 0 12.3 0
      vertex 0 32.5 0
      vertex 1.27594 32.4749 0
    endloop
  endfacet
  facet normal 0 0 -1
    outer loop
      vertex -0.482895 12.2905 0
      vertex 0 32.5 0
      vertex 0 12.3 0
    endloop
  endfacet
  facet normal 0 0 -1
    outer loop
      vertex -1.27594 32.4749 0
      vertex -0.482895 12.2905 0
      vertex -0.965046 12.2621 0
    endloop
  endfacet
  facet normal 0 0 -1
    outer loop
      vertex -0.482895 12.2905 0
      vertex -1.27594 32.4749 0
      vertex 0 32.5 0
    endloop
  endfacet
  facet normal 0 0 -1
    outer loop
      vertex -2.54992 32.3998 0
      vertex -0.965046 12.2621 0
      vertex -1.44571 12.2147 0
    endloop
  endfacet
  facet normal 0 0 -1
    outer loop
      vertex -3.81997 32.2747 0
      vertex -1.44571 12.2147 0
      vertex -1.92414 12.1486 0
    endloop
  endfacet
  facet normal 0 0 -1
    outer loop
      vertex -5.08412 32.0999 0
      vertex -1.92414 12.1486 0
      vertex -2.39961 12.0637 0
    endloop
  endfacet
  facet normal 0 0 -1
    outer loop
      vertex -0.965046 12.2621 0
      vertex -2.54992 32.3998 0
      vertex -1.27594 32.4749 0
    endloop
  endfacet
  facet normal 0 0 -1
    outer loop
      vertex -6.34044 31.8755 0
      vertex -2.39961 12.0637 0
      vertex -2.87138 11.9601 0
    endloop
  endfacet
  facet normal 0 0 -1
    outer loop
      vertex -7.58697 31.602 0
      vertex -2.87138 11.9601 0
      vertex -3.33872 11.8382 0
    endloop
  endfacet
  facet normal 0 0 -1
    outer loop
      vertex -8.82181 31.2798 0
      vertex -3.33872 11.8382 0
      vertex -3.80091 11.698 0
    endloop
  endfacet
  facet normal 0 0 -1
    outer loop
      vertex -1.44571 12.2147 0
      vertex -3.81997 32.2747 0
      vertex -2.54992 32.3998 0
    endloop
  endfacet
  facet normal 0 0 -1
    outer loop
      vertex -10.0431 30.9093 0
      vertex -3.80091 11.698 0
      vertex -4.25724 11.5398 0
    endloop
  endfacet
  facet normal 0 0 -1
    outer loop
      vertex -11.2488 30.4912 0
      vertex -4.25724 11.5398 0
      vertex -4.70701 11.3637 0
    endloop
  endfacet
  facet normal 0 0 -1
    outer loop
      vertex -1.92414 12.1486 0
      vertex -5.08412 32.0999 0
      vertex -3.81997 32.2747 0
    endloop
  endfacet
  facet normal 0 0 -1
    outer loop
      vertex -12.4372 30.0261 0
      vertex -4.70701 11.3637 0
      vertex -5.14951 11.1702 0
    endloop
  endfacet
  facet normal 0 0 -1
    outer loop
      vertex -13.6064 29.5147 0
      vertex -5.14951 11.1702 0
      vertex -5.58408 10.9594 0
    endloop
  endfacet
  facet normal 0 0 -1
    outer loop
      vertex -14.7547 28.9577 0
      vertex -5.58408 10.9594 0
      vertex -6.01004 10.7317 0
    endloop
  endfacet
  facet normal 0 0 -1
    outer loop
      vertex -2.39961 12.0637 0
      vertex -6.34044 31.8755 0
      vertex -5.08412 32.0999 0
    endloop
  endfacet
  facet normal 0 0 -1
    outer loop
      vertex -15.8802 28.3561 0
      vertex -6.01004 10.7317 0
      vertex -6.42673 10.4875 0
    endloop
  endfacet
  facet normal 0 0 -1
    outer loop
      vertex -16.9812 27.7108 0
      vertex -6.42673 10.4875 0
      vertex -6.83351 10.2271 0
    endloop
  endfacet
  facet normal 0 0 -1
    outer loop
      vertex -18.056 27.0228 0
      vertex -6.83351 10.2271 0
      vertex -7.22976 9.95091 0
    endloop
  endfacet
  facet normal 0 0 -1
    outer loop
      vertex -2.87138 11.9601 0
      vertex -7.58697 31.602 0
      vertex -6.34044 31.8755 0
    endloop
  endfacet
  facet normal 0 0 -1
    outer loop
      vertex -19.103 26.2931 0
      vertex -7.22976 9.95091 0
      vertex -7.61485 9.6594 0
    endloop
  endfacet
  facet normal 0 0 -1
    outer loop
      vertex -20.1206 25.5228 0
      vertex -7.61485 9.6594 0
      vertex -7.98821 9.35299 0
    endloop
  endfacet
  facet normal 0 0 -1
    outer loop
      vertex -24.8056 15.3581 0
      vertex -7.98821 9.35299 0
      vertex -8.34925 9.03217 0
    endloop
  endfacet
  facet normal 0 0 -1
    outer loop
      vertex -24.7911 15.188 0
      vertex -8.69741 8.69741 0
      vertex -24.7907 15.131 0
    endloop
  endfacet
  facet normal 0 0 -1
    outer loop
      vertex -3.33872 11.8382 0
      vertex -8.82181 31.2798 0
      vertex -7.58697 31.602 0
    endloop
  endfacet
  facet normal 0 0 -1
    outer loop
      vertex -24.7907 15.131 0
      vertex -8.69741 8.69741 0
      vertex -9.03217 8.34925 0
    endloop
  endfacet
  facet normal 0 0 -1
    outer loop
      vertex -24.7967 15.0173 0
      vertex -9.03217 8.34925 0
      vertex -9.35299 7.98821 0
    endloop
  endfacet
  facet normal 0 0 -1
    outer loop
      vertex -24.8115 14.9044 0
      vertex -9.35299 7.98821 0
      vertex -9.6594 7.61485 0
    endloop
  endfacet
  facet normal 0 0 -1
    outer loop
      vertex -24.8352 14.7931 0
      vertex -9.6594 7.61485 0
      vertex -9.95091 7.22976 0
    endloop
  endfacet
  facet normal 0 0 -1
    outer loop
      vertex -3.80091 11.698 0
      vertex -10.0431 30.9093 0
      vertex -8.82181 31.2798 0
    endloop
  endfacet
  facet normal 0 0 -1
    outer loop
      vertex -24.8675 14.6839 0
      vertex -9.95091 7.22976 0
      vertex -10.2271 6.83351 0
    endloop
  endfacet
  facet normal 0 0 -1
    outer loop
      vertex -24.9083 14.5776 0
      vertex -10.2271 6.83351 0
      vertex -10.4875 6.42673 0
    endloop
  endfacet
  facet normal 0 0 -1
    outer loop
      vertex -24.9573 14.4749 0
      vertex -10.4875 6.42673 0
      vertex -10.7317 6.01004 0
    endloop
  endfacet
  facet normal 0 0 -1
    outer loop
      vertex -25.0456 14.3287 0
      vertex -10.7317 6.01004 0
      vertex -10.9594 5.58408 0
    endloop
  endfacet
  facet normal 0 0 -1
    outer loop
      vertex -25.1137 14.2375 0
      vertex -10.9594 5.58408 0
      vertex -11.1702 5.14951 0
    endloop
  endfacet
  facet normal 0 0 -1
    outer loop
      vertex -4.25724 11.5398 0
      vertex -11.2488 30.4912 0
      vertex -10.0431 30.9093 0
    endloop
  endfacet
  facet normal 0 0 -1
    outer loop
      vertex -25.1888 14.1519 0
      vertex -11.1702 5.14951 0
      vertex -11.3637 4.70701 0
    endloop
  endfacet
  facet normal 0 0 -1
    outer loop
      vertex -25.2703 14.0724 0
      vertex -11.3637 4.70701 0
      vertex -11.5398 4.25724 0
    endloop
  endfacet
  facet normal 0 0 -1
    outer loop
      vertex -25.3579 13.9996 0
      vertex -11.5398 4.25724 0
      vertex -11.698 3.80091 0
    endloop
  endfacet
  facet normal 0 0 -1
    outer loop
      vertex -25.4508 13.9339 0
      vertex -11.698 3.80091 0
      vertex -11.8382 3.33872 0
    endloop
  endfacet
  facet normal 0 0 -1
    outer loop
      vertex -25.5487 13.8757 0
      vertex -11.8382 3.33872 0
      vertex -11.9601 2.87138 0
    endloop
  endfacet
  facet normal 0 0 -1
    outer loop
      vertex -25.6508 13.8254 0
      vertex -11.9601 2.87138 0
      vertex -12.0637 2.39961 0
    endloop
  endfacet
  facet normal 0 0 -1
    outer loop
      vertex -12.2147 1.44571 0
      vertex -32.2747 3.81997 0
      vertex -12.1486 1.92414 0
    endloop
  endfacet
  facet normal 0 0 -1
    outer loop
      vertex -12.2905 0.482895 0
      vertex -32.4749 1.27594 0
      vertex -12.2621 0.965046 0
    endloop
  endfacet
  facet normal -0 0 -1
    outer loop
      vertex -12.2905 -0.482895 0
      vertex -32.4749 -1.27594 0
      vertex -12.3 0 0
    endloop
  endfacet
  facet normal 0 0 -1
    outer loop
      vertex -32.3998 -2.54992 0
      vertex -12.2621 -0.965046 0
      vertex -32.2747 -3.81997 0
    endloop
  endfacet
  facet normal 0 0 -1
    outer loop
      vertex -4.70701 11.3637 0
      vertex -12.4372 30.0261 0
      vertex -11.2488 30.4912 0
    endloop
  endfacet
  facet normal 0 0 -1
    outer loop
      vertex -32.0999 -5.08412 0
      vertex -12.1486 -1.92414 0
      vertex -31.8755 -6.34044 0
    endloop
  endfacet
  facet normal -0 0 -1
    outer loop
      vertex -10.2271 -6.83351 0
      vertex -27.0228 -18.056 0
      vertex -10.4875 -6.42673 0
    endloop
  endfacet
  facet normal 0 0 -1
    outer loop
      vertex -27.7108 -16.9812 0
      vertex -10.4875 -6.42673 0
      vertex -27.0228 -18.056 0
    endloop
  endfacet
  facet normal 0 0 -1
    outer loop
      vertex -10.2271 6.83351 0
      vertex -24.9083 14.5776 0
      vertex -24.8869 14.6304 0
    endloop
  endfacet
  facet normal -0 0 -1
    outer loop
      vertex -10.4875 -6.42673 0
      vertex -27.7108 -16.9812 0
      vertex -10.7317 -6.01004 0
    endloop
  endfacet
  facet normal 0 0 -1
    outer loop
      vertex -10.2271 6.83351 0
      vertex -24.8869 14.6304 0
      vertex -24.8675 14.6839 0
    endloop
  endfacet
  facet normal 0 0 -1
    outer loop
      vertex -28.3561 -15.8802 0
      vertex -10.7317 -6.01004 0
      vertex -27.7108 -16.9812 0
    endloop
  endfacet
  facet normal 0 0 -1
    outer loop
      vertex -9.95091 7.22976 0
      vertex -24.8503 14.7382 0
      vertex -24.8352 14.7931 0
    endloop
  endfacet
  facet normal -0 0 -1
    outer loop
      vertex -10.7317 -6.01004 0
      vertex -28.3561 -15.8802 0
      vertex -10.9594 -5.58408 0
    endloop
  endfacet
  facet normal 0 0 -1
    outer loop
      vertex -9.6594 7.61485 0
      vertex -24.8352 14.7931 0
      vertex -24.8223 14.8485 0
    endloop
  endfacet
  facet normal 0 0 -1
    outer loop
      vertex -28.9577 -14.7547 0
      vertex -10.9594 -5.58408 0
      vertex -28.3561 -15.8802 0
    endloop
  endfacet
  facet normal 0 0 -1
    outer loop
      vertex -9.6594 7.61485 0
      vertex -24.8223 14.8485 0
      vertex -24.8115 14.9044 0
    endloop
  endfacet
  facet normal -0 0 -1
    outer loop
      vertex -10.9594 -5.58408 0
      vertex -28.9577 -14.7547 0
      vertex -11.1702 -5.14951 0
    endloop
  endfacet
  facet normal 0 0 -1
    outer loop
      vertex -9.35299 7.98821 0
      vertex -24.8115 14.9044 0
      vertex -24.803 14.9607 0
    endloop
  endfacet
  facet normal 0 0 -1
    outer loop
      vertex -29.5147 -13.6064 0
      vertex -11.1702 -5.14951 0
      vertex -28.9577 -14.7547 0
    endloop
  endfacet
  facet normal 0 0 -1
    outer loop
      vertex -5.58408 10.9594 0
      vertex -14.7547 28.9577 0
      vertex -13.6064 29.5147 0
    endloop
  endfacet
  facet normal -0 0 -1
    outer loop
      vertex -11.1702 -5.14951 0
      vertex -29.5147 -13.6064 0
      vertex -11.3637 -4.70701 0
    endloop
  endfacet
  facet normal 0 0 -1
    outer loop
      vertex -6.01004 10.7317 0
      vertex -15.8802 28.3561 0
      vertex -14.7547 28.9577 0
    endloop
  endfacet
  facet normal 0 0 -1
    outer loop
      vertex -30.0261 -12.4372 0
      vertex -11.3637 -4.70701 0
      vertex -29.5147 -13.6064 0
    endloop
  endfacet
  facet normal 0 0 -1
    outer loop
      vertex -6.42673 10.4875 0
      vertex -16.9812 27.7108 0
      vertex -15.8802 28.3561 0
    endloop
  endfacet
  facet normal -0 0 -1
    outer loop
      vertex -11.3637 -4.70701 0
      vertex -30.0261 -12.4372 0
      vertex -11.5398 -4.25724 0
    endloop
  endfacet
  facet normal 0 0 -1
    outer loop
      vertex -9.03217 8.34925 0
      vertex -24.7926 15.0741 0
      vertex -24.7907 15.131 0
    endloop
  endfacet
  facet normal 0 0 -1
    outer loop
      vertex -30.4912 -11.2488 0
      vertex -11.5398 -4.25724 0
      vertex -30.0261 -12.4372 0
    endloop
  endfacet
  facet normal 0 0 -1
    outer loop
      vertex -7.22976 9.95091 0
      vertex -19.103 26.2931 0
      vertex -18.056 27.0228 0
    endloop
  endfacet
  facet normal -0 0 -1
    outer loop
      vertex -11.5398 -4.25724 0
      vertex -30.4912 -11.2488 0
      vertex -11.698 -3.80091 0
    endloop
  endfacet
  facet normal 0 0 -1
    outer loop
      vertex -8.69741 8.69741 0
      vertex -24.7937 15.2448 0
      vertex -8.34925 9.03217 0
    endloop
  endfacet
  facet normal 0 0 -1
    outer loop
      vertex -7.98821 9.35299 0
      vertex -24.8056 15.3581 0
      vertex -21.1071 24.7132 0
    endloop
  endfacet
  facet normal 0 0 -1
    outer loop
      vertex -24.8056 15.3581 0
      vertex -8.34925 9.03217 0
      vertex -24.7985 15.3016 0
    endloop
  endfacet
  facet normal 0 0 -1
    outer loop
      vertex -24.7985 15.3016 0
      vertex -8.34925 9.03217 0
      vertex -24.7937 15.2448 0
    endloop
  endfacet
  facet normal 0 0 -1
    outer loop
      vertex -7.98821 9.35299 0
      vertex -21.1071 24.7132 0
      vertex -20.1206 25.5228 0
    endloop
  endfacet
  facet normal 0 0 -1
    outer loop
      vertex -7.61485 9.6594 0
      vertex -20.1206 25.5228 0
      vertex -19.103 26.2931 0
    endloop
  endfacet
  facet normal 0 0 -1
    outer loop
      vertex -24.7937 15.2448 0
      vertex -8.69741 8.69741 0
      vertex -24.7911 15.188 0
    endloop
  endfacet
  facet normal 0 0 -1
    outer loop
      vertex -6.83351 10.2271 0
      vertex -18.056 27.0228 0
      vertex -16.9812 27.7108 0
    endloop
  endfacet
  facet normal 0 0 -1
    outer loop
      vertex -9.03217 8.34925 0
      vertex -24.7967 15.0173 0
      vertex -24.7926 15.0741 0
    endloop
  endfacet
  facet normal 0 0 -1
    outer loop
      vertex -9.35299 7.98821 0
      vertex -24.803 14.9607 0
      vertex -24.7967 15.0173 0
    endloop
  endfacet
  facet normal 0 0 -1
    outer loop
      vertex -5.14951 11.1702 0
      vertex -13.6064 29.5147 0
      vertex -12.4372 30.0261 0
    endloop
  endfacet
  facet normal 0 0 -1
    outer loop
      vertex -9.95091 7.22976 0
      vertex -24.8675 14.6839 0
      vertex -24.8503 14.7382 0
    endloop
  endfacet
  facet normal 0 0 -1
    outer loop
      vertex -10.4875 6.42673 0
      vertex -24.9318 14.5258 0
      vertex -24.9083 14.5776 0
    endloop
  endfacet
  facet normal 0 0 -1
    outer loop
      vertex -10.4875 6.42673 0
      vertex -24.9573 14.4749 0
      vertex -24.9318 14.5258 0
    endloop
  endfacet
  facet normal 0 0 -1
    outer loop
      vertex -10.7317 6.01004 0
      vertex -24.9848 14.425 0
      vertex -24.9573 14.4749 0
    endloop
  endfacet
  facet normal 0 0 -1
    outer loop
      vertex -10.7317 6.01004 0
      vertex -25.0143 14.3763 0
      vertex -24.9848 14.425 0
    endloop
  endfacet
  facet normal 0 0 -1
    outer loop
      vertex -10.7317 6.01004 0
      vertex -25.0456 14.3287 0
      vertex -25.0143 14.3763 0
    endloop
  endfacet
  facet normal 0 0 -1
    outer loop
      vertex -10.9594 5.58408 0
      vertex -25.0788 14.2824 0
      vertex -25.0456 14.3287 0
    endloop
  endfacet
  facet normal 0 0 -1
    outer loop
      vertex -10.9594 5.58408 0
      vertex -25.1137 14.2375 0
      vertex -25.0788 14.2824 0
    endloop
  endfacet
  facet normal 0 0 -1
    outer loop
      vertex -30.9093 -10.0431 0
      vertex -11.698 -3.80091 0
      vertex -30.4912 -11.2488 0
    endloop
  endfacet
  facet normal 0 0 -1
    outer loop
      vertex -11.1702 5.14951 0
      vertex -25.1504 14.1939 0
      vertex -25.1137 14.2375 0
    endloop
  endfacet
  facet normal -0 0 -1
    outer loop
      vertex -11.698 -3.80091 0
      vertex -30.9093 -10.0431 0
      vertex -11.8382 -3.33872 0
    endloop
  endfacet
  facet normal 0 0 -1
    outer loop
      vertex -31.2798 -8.82181 0
      vertex -11.8382 -3.33872 0
      vertex -30.9093 -10.0431 0
    endloop
  endfacet
  facet normal 0 0 -1
    outer loop
      vertex -31.8755 -6.34044 0
      vertex -12.0637 -2.39961 0
      vertex -31.602 -7.58697 0
    endloop
  endfacet
  facet normal 0 0 -1
    outer loop
      vertex -11.1702 5.14951 0
      vertex -25.1888 14.1519 0
      vertex -25.1504 14.1939 0
    endloop
  endfacet
  facet normal 0 0 -1
    outer loop
      vertex -11.3637 4.70701 0
      vertex -25.2288 14.1114 0
      vertex -25.1888 14.1519 0
    endloop
  endfacet
  facet normal 0 0 -1
    outer loop
      vertex -11.3637 4.70701 0
      vertex -25.2703 14.0724 0
      vertex -25.2288 14.1114 0
    endloop
  endfacet
  facet normal 0 0 -1
    outer loop
      vertex -11.5398 4.25724 0
      vertex -25.3134 14.0352 0
      vertex -25.2703 14.0724 0
    endloop
  endfacet
  facet normal 0 0 -1
    outer loop
      vertex -11.5398 4.25724 0
      vertex -25.3579 13.9996 0
      vertex -25.3134 14.0352 0
    endloop
  endfacet
  facet normal 0 0 -1
    outer loop
      vertex -11.698 3.80091 0
      vertex -25.4037 13.9659 0
      vertex -25.3579 13.9996 0
    endloop
  endfacet
  facet normal 0 0 -1
    outer loop
      vertex -11.698 3.80091 0
      vertex -25.4508 13.9339 0
      vertex -25.4037 13.9659 0
    endloop
  endfacet
  facet normal 0 0 -1
    outer loop
      vertex -11.8382 3.33872 0
      vertex -25.4992 13.9039 0
      vertex -25.4508 13.9339 0
    endloop
  endfacet
  facet normal 0 0 -1
    outer loop
      vertex -11.8382 3.33872 0
      vertex -25.5487 13.8757 0
      vertex -25.4992 13.9039 0
    endloop
  endfacet
  facet normal 0 0 -1
    outer loop
      vertex -11.9601 2.87138 0
      vertex -25.5993 13.8495 0
      vertex -25.5487 13.8757 0
    endloop
  endfacet
  facet normal 0 0 -1
    outer loop
      vertex -11.9601 2.87138 0
      vertex -25.6508 13.8254 0
      vertex -25.5993 13.8495 0
    endloop
  endfacet
  facet normal 0 0 -1
    outer loop
      vertex -12.0637 2.39961 0
      vertex -25.7033 13.8032 0
      vertex -25.6508 13.8254 0
    endloop
  endfacet
  facet normal 0 -0 -1
    outer loop
      vertex -31.8755 6.34044 0
      vertex -12.0637 2.39961 0
      vertex -32.0999 5.08412 0
    endloop
  endfacet
  facet normal 0 -0 -1
    outer loop
      vertex -32.2747 3.81997 0
      vertex -12.2147 1.44571 0
      vertex -32.3998 2.54992 0
    endloop
  endfacet
  facet normal 0 0 -1
    outer loop
      vertex -12.2621 0.965046 0
      vertex -32.3998 2.54992 0
      vertex -12.2147 1.44571 0
    endloop
  endfacet
  facet normal 0 -0 -1
    outer loop
      vertex -32.4749 1.27594 0
      vertex -12.2905 0.482895 0
      vertex -32.5 0 0
    endloop
  endfacet
  facet normal 0 0 -1
    outer loop
      vertex -12.3 0 0
      vertex -32.5 0 0
      vertex -12.2905 0.482895 0
    endloop
  endfacet
  facet normal 0 0 -1
    outer loop
      vertex -32.4749 -1.27594 0
      vertex -12.2905 -0.482895 0
      vertex -32.3998 -2.54992 0
    endloop
  endfacet
  facet normal -0 0 -1
    outer loop
      vertex -12.2621 -0.965046 0
      vertex -32.3998 -2.54992 0
      vertex -12.2905 -0.482895 0
    endloop
  endfacet
  facet normal -0 0 -1
    outer loop
      vertex -12.2147 -1.44571 0
      vertex -32.2747 -3.81997 0
      vertex -12.2621 -0.965046 0
    endloop
  endfacet
  facet normal -0 0 -1
    outer loop
      vertex -12.1486 -1.92414 0
      vertex -32.0999 -5.08412 0
      vertex -12.2147 -1.44571 0
    endloop
  endfacet
  facet normal -0 0 -1
    outer loop
      vertex -12.0637 -2.39961 0
      vertex -31.8755 -6.34044 0
      vertex -12.1486 -1.92414 0
    endloop
  endfacet
  facet normal -0 0 -1
    outer loop
      vertex -11.9601 -2.87138 0
      vertex -31.602 -7.58697 0
      vertex -12.0637 -2.39961 0
    endloop
  endfacet
  facet normal -0 0 -1
    outer loop
      vertex -11.8382 -3.33872 0
      vertex -31.2798 -8.82181 0
      vertex -11.9601 -2.87138 0
    endloop
  endfacet
  facet normal 0 0 -1
    outer loop
      vertex -31.602 -7.58697 0
      vertex -11.9601 -2.87138 0
      vertex -31.2798 -8.82181 0
    endloop
  endfacet
  facet normal 0 0 -1
    outer loop
      vertex -32.2747 -3.81997 0
      vertex -12.2147 -1.44571 0
      vertex -32.0999 -5.08412 0
    endloop
  endfacet
  facet normal 0 0 -1
    outer loop
      vertex -32.5 0 0
      vertex -12.3 0 0
      vertex -32.4749 -1.27594 0
    endloop
  endfacet
  facet normal 0 -0 -1
    outer loop
      vertex -32.3998 2.54992 0
      vertex -12.2621 0.965046 0
      vertex -32.4749 1.27594 0
    endloop
  endfacet
  facet normal 0 -0 -1
    outer loop
      vertex -32.0999 5.08412 0
      vertex -12.1486 1.92414 0
      vertex -32.2747 3.81997 0
    endloop
  endfacet
  facet normal 0 0 -1
    outer loop
      vertex -12.1486 1.92414 0
      vertex -32.0999 5.08412 0
      vertex -12.0637 2.39961 0
    endloop
  endfacet
  facet normal 0 0 -1
    outer loop
      vertex -12.0637 2.39961 0
      vertex -31.8755 6.34044 0
      vertex -25.7033 13.8032 0
    endloop
  endfacet
  facet normal 0 0 -1
    outer loop
      vertex -25.7033 13.8032 0
      vertex -31.8755 6.34044 0
      vertex -25.7565 13.7832 0
    endloop
  endfacet
  facet normal 0 -0 -1
    outer loop
      vertex -31.602 7.58697 0
      vertex -25.7565 13.7832 0
      vertex -31.8755 6.34044 0
    endloop
  endfacet
  facet normal 0 0 -1
    outer loop
      vertex -25.7565 13.7832 0
      vertex -31.602 7.58697 0
      vertex -25.8106 13.7652 0
    endloop
  endfacet
  facet normal 0 0 -1
    outer loop
      vertex -25.8106 13.7652 0
      vertex -31.602 7.58697 0
      vertex -25.8653 13.7494 0
    endloop
  endfacet
  facet normal 0 0 -1
    outer loop
      vertex -25.8653 13.7494 0
      vertex -31.602 7.58697 0
      vertex -25.9206 13.7358 0
    endloop
  endfacet
  facet normal 0 -0 -1
    outer loop
      vertex -31.2798 8.82181 0
      vertex -25.9206 13.7358 0
      vertex -31.602 7.58697 0
    endloop
  endfacet
  facet normal 0 0 -1
    outer loop
      vertex -25.9206 13.7358 0
      vertex -31.2798 8.82181 0
      vertex -25.9763 13.7243 0
    endloop
  endfacet
  facet normal 0 0 -1
    outer loop
      vertex -25.9763 13.7243 0
      vertex -31.2798 8.82181 0
      vertex -26.0325 13.715 0
    endloop
  endfacet
  facet normal 0 0 -1
    outer loop
      vertex -26.0325 13.715 0
      vertex -31.2798 8.82181 0
      vertex -26.089 13.7079 0
    endloop
  endfacet
  facet normal 0 -0 -1
    outer loop
      vertex -30.9093 10.0431 0
      vertex -26.089 13.7079 0
      vertex -31.2798 8.82181 0
    endloop
  endfacet
  facet normal 0 0 -1
    outer loop
      vertex -26.089 13.7079 0
      vertex -30.9093 10.0431 0
      vertex -26.1457 13.7031 0
    endloop
  endfacet
  facet normal 0 0 -1
    outer loop
      vertex -26.1457 13.7031 0
      vertex -30.9093 10.0431 0
      vertex -26.2026 13.7005 0
    endloop
  endfacet
  facet normal 0 0 -1
    outer loop
      vertex -26.2026 13.7005 0
      vertex -30.9093 10.0431 0
      vertex -26.2595 13.7001 0
    endloop
  endfacet
  facet normal -0 0 -1
    outer loop
      vertex -26.2595 13.7001 0
      vertex -30.9093 10.0431 0
      vertex -26.3165 13.702 0
    endloop
  endfacet
  facet normal 0 -0 -1
    outer loop
      vertex -30.4912 11.2488 0
      vertex -26.3165 13.702 0
      vertex -30.9093 10.0431 0
    endloop
  endfacet
  facet normal -0 0 -1
    outer loop
      vertex -26.3165 13.702 0
      vertex -30.4912 11.2488 0
      vertex -26.3732 13.7061 0
    endloop
  endfacet
  facet normal -0 0 -1
    outer loop
      vertex -26.3732 13.7061 0
      vertex -30.4912 11.2488 0
      vertex -26.4298 13.7124 0
    endloop
  endfacet
  facet normal -0 0 -1
    outer loop
      vertex -26.4298 13.7124 0
      vertex -30.4912 11.2488 0
      vertex -26.4861 13.7209 0
    endloop
  endfacet
  facet normal -0 0 -1
    outer loop
      vertex -26.4861 13.7209 0
      vertex -30.4912 11.2488 0
      vertex -26.542 13.7317 0
    endloop
  endfacet
  facet normal -0 0 -1
    outer loop
      vertex -26.542 13.7317 0
      vertex -30.4912 11.2488 0
      vertex -26.5975 13.7446 0
    endloop
  endfacet
  facet normal 0 -0 -1
    outer loop
      vertex -30.0261 12.4372 0
      vertex -26.5975 13.7446 0
      vertex -30.4912 11.2488 0
    endloop
  endfacet
  facet normal -0 0 -1
    outer loop
      vertex -26.5975 13.7446 0
      vertex -30.0261 12.4372 0
      vertex -26.6524 13.7597 0
    endloop
  endfacet
  facet normal -0 0 -1
    outer loop
      vertex -26.6524 13.7597 0
      vertex -30.0261 12.4372 0
      vertex -26.7067 13.777 0
    endloop
  endfacet
  facet normal -0 0 -1
    outer loop
      vertex -26.7067 13.777 0
      vertex -30.0261 12.4372 0
      vertex -26.7602 13.7963 0
    endloop
  endfacet
  facet normal -0 0 -1
    outer loop
      vertex -26.7602 13.7963 0
      vertex -30.0261 12.4372 0
      vertex -26.8129 13.8178 0
    endloop
  endfacet
  facet normal -0 0 -1
    outer loop
      vertex -26.8129 13.8178 0
      vertex -30.0261 12.4372 0
      vertex -26.8648 13.8413 0
    endloop
  endfacet
  facet normal -0 0 -1
    outer loop
      vertex -26.8648 13.8413 0
      vertex -30.0261 12.4372 0
      vertex -26.9157 13.8668 0
    endloop
  endfacet
  facet normal -0 0 -1
    outer loop
      vertex -26.9157 13.8668 0
      vertex -30.0261 12.4372 0
      vertex -26.9656 13.8943 0
    endloop
  endfacet
  facet normal -0 0 -1
    outer loop
      vertex -26.9656 13.8943 0
      vertex -30.0261 12.4372 0
      vertex -27.0143 13.9237 0
    endloop
  endfacet
  facet normal -0 0 -1
    outer loop
      vertex -27.0143 13.9237 0
      vertex -29.5147 13.6064 0
      vertex -27.0619 13.955 0
    endloop
  endfacet
  facet normal 0 -0 -1
    outer loop
      vertex -29.5147 13.6064 0
      vertex -27.0143 13.9237 0
      vertex -30.0261 12.4372 0
    endloop
  endfacet
  facet normal 0 0 -1
    outer loop
      vertex 1.33962 -29.7451 0
      vertex 5.08412 -32.0999 0
      vertex 1.36038 -29.7981 0
    endloop
  endfacet
  facet normal 0 0 -1
    outer loop
      vertex 1.31681 -29.6929 0
      vertex 5.08412 -32.0999 0
      vertex 1.33962 -29.7451 0
    endloop
  endfacet
  facet normal 0 0 -1
    outer loop
      vertex 5.08412 -32.0999 0
      vertex 1.31681 -29.6929 0
      vertex 6.34044 -31.8755 0
    endloop
  endfacet
  facet normal 0 0 -1
    outer loop
      vertex 1.29196 -29.6417 0
      vertex 6.34044 -31.8755 0
      vertex 1.31681 -29.6929 0
    endloop
  endfacet
  facet normal 0 0 -1
    outer loop
      vertex 1.26512 -29.5915 0
      vertex 6.34044 -31.8755 0
      vertex 1.29196 -29.6417 0
    endloop
  endfacet
  facet normal 0 0 -1
    outer loop
      vertex 1.23633 -29.5424 0
      vertex 6.34044 -31.8755 0
      vertex 1.26512 -29.5915 0
    endloop
  endfacet
  facet normal 0 0 -1
    outer loop
      vertex 1.20563 -29.4944 0
      vertex 6.34044 -31.8755 0
      vertex 1.23633 -29.5424 0
    endloop
  endfacet
  facet normal 0 0 -1
    outer loop
      vertex 6.34044 -31.8755 0
      vertex 1.20563 -29.4944 0
      vertex 7.58697 -31.602 0
    endloop
  endfacet
  facet normal 0 0 -1
    outer loop
      vertex 1.17307 -29.4477 0
      vertex 7.58697 -31.602 0
      vertex 1.20563 -29.4944 0
    endloop
  endfacet
  facet normal 0 0 -1
    outer loop
      vertex 1.13871 -29.4023 0
      vertex 7.58697 -31.602 0
      vertex 1.17307 -29.4477 0
    endloop
  endfacet
  facet normal 0 0 -1
    outer loop
      vertex 1.10259 -29.3583 0
      vertex 7.58697 -31.602 0
      vertex 1.13871 -29.4023 0
    endloop
  endfacet
  facet normal 0 0 -1
    outer loop
      vertex 7.58697 -31.602 0
      vertex 1.10259 -29.3583 0
      vertex 8.82181 -31.2798 0
    endloop
  endfacet
  facet normal 0 0 -1
    outer loop
      vertex 1.06477 -29.3157 0
      vertex 8.82181 -31.2798 0
      vertex 1.10259 -29.3583 0
    endloop
  endfacet
  facet normal 0 0 -1
    outer loop
      vertex 1.0253 -29.2747 0
      vertex 8.82181 -31.2798 0
      vertex 1.06477 -29.3157 0
    endloop
  endfacet
  facet normal 0 0 -1
    outer loop
      vertex 0.984261 -29.2352 0
      vertex 8.82181 -31.2798 0
      vertex 1.0253 -29.2747 0
    endloop
  endfacet
  facet normal 0 0 -1
    outer loop
      vertex 8.82181 -31.2798 0
      vertex 0.984261 -29.2352 0
      vertex 10.0431 -30.9093 0
    endloop
  endfacet
  facet normal 0 0 -1
    outer loop
      vertex 0.941699 -29.1974 0
      vertex 10.0431 -30.9093 0
      vertex 0.984261 -29.2352 0
    endloop
  endfacet
  facet normal 0 0 -1
    outer loop
      vertex 0.897686 -29.1613 0
      vertex 10.0431 -30.9093 0
      vertex 0.941699 -29.1974 0
    endloop
  endfacet
  facet normal 0 0 -1
    outer loop
      vertex 10.0431 -30.9093 0
      vertex 0.897686 -29.1613 0
      vertex 3.80091 -11.698 0
    endloop
  endfacet
  facet normal 0 0 -1
    outer loop
      vertex 0.852288 -29.1269 0
      vertex 3.80091 -11.698 0
      vertex 0.897686 -29.1613 0
    endloop
  endfacet
  facet normal 0 0 -1
    outer loop
      vertex 3.80091 -11.698 0
      vertex 0.852288 -29.1269 0
      vertex 3.33872 -11.8382 0
    endloop
  endfacet
  facet normal 0 0 -1
    outer loop
      vertex 0.805576 -29.0944 0
      vertex 3.33872 -11.8382 0
      vertex 0.852288 -29.1269 0
    endloop
  endfacet
  facet normal 0 0 -1
    outer loop
      vertex 0.757623 -29.0637 0
      vertex 3.33872 -11.8382 0
      vertex 0.805576 -29.0944 0
    endloop
  endfacet
  facet normal 0 0 -1
    outer loop
      vertex 3.33872 -11.8382 0
      vertex 0.757623 -29.0637 0
      vertex 2.87138 -11.9601 0
    endloop
  endfacet
  facet normal 0 0 -1
    outer loop
      vertex 0.7085 -29.0349 0
      vertex 2.87138 -11.9601 0
      vertex 0.757623 -29.0637 0
    endloop
  endfacet
  facet normal 0 0 -1
    outer loop
      vertex 0.658286 -29.008 0
      vertex 2.87138 -11.9601 0
      vertex 0.7085 -29.0349 0
    endloop
  endfacet
  facet normal 0 0 -1
    outer loop
      vertex 2.87138 -11.9601 0
      vertex 0.658286 -29.008 0
      vertex 2.39961 -12.0637 0
    endloop
  endfacet
  facet normal 0 0 -1
    outer loop
      vertex 0.607057 -28.9832 0
      vertex 2.39961 -12.0637 0
      vertex 0.658286 -29.008 0
    endloop
  endfacet
  facet normal 0 0 -1
    outer loop
      vertex 0.554891 -28.9604 0
      vertex 2.39961 -12.0637 0
      vertex 0.607057 -28.9832 0
    endloop
  endfacet
  facet normal 0 0 -1
    outer loop
      vertex 2.39961 -12.0637 0
      vertex 0.554891 -28.9604 0
      vertex 1.92414 -12.1486 0
    endloop
  endfacet
  facet normal 0 0 -1
    outer loop
      vertex 0.501869 -28.9396 0
      vertex 1.92414 -12.1486 0
      vertex 0.554891 -28.9604 0
    endloop
  endfacet
  facet normal 0 0 -1
    outer loop
      vertex 0.448074 -28.921 0
      vertex 1.92414 -12.1486 0
      vertex 0.501869 -28.9396 0
    endloop
  endfacet
  facet normal 0 0 -1
    outer loop
      vertex 1.92414 -12.1486 0
      vertex 0.448074 -28.921 0
      vertex 1.44571 -12.2147 0
    endloop
  endfacet
  facet normal 0 0 -1
    outer loop
      vertex 0.393588 -28.9044 0
      vertex 1.44571 -12.2147 0
      vertex 0.448074 -28.921 0
    endloop
  endfacet
  facet normal 0 0 -1
    outer loop
      vertex 0.338495 -28.8901 0
      vertex 1.44571 -12.2147 0
      vertex 0.393588 -28.9044 0
    endloop
  endfacet
  facet normal 0 0 -1
    outer loop
      vertex 0.282881 -28.8779 0
      vertex 1.44571 -12.2147 0
      vertex 0.338495 -28.8901 0
    endloop
  endfacet
  facet normal 0 0 -1
    outer loop
      vertex 1.44571 -12.2147 0
      vertex 0.282881 -28.8779 0
      vertex 0.965046 -12.2621 0
    endloop
  endfacet
  facet normal 0 0 -1
    outer loop
      vertex 0.22683 -28.8679 0
      vertex 0.965046 -12.2621 0
      vertex 0.282881 -28.8779 0
    endloop
  endfacet
  facet normal 0 0 -1
    outer loop
      vertex 0.170428 -28.8601 0
      vertex 0.965046 -12.2621 0
      vertex 0.22683 -28.8679 0
    endloop
  endfacet
  facet normal 0 0 -1
    outer loop
      vertex 0.965046 -12.2621 0
      vertex 0.170428 -28.8601 0
      vertex 0.482895 -12.2905 0
    endloop
  endfacet
  facet normal 0 0 -1
    outer loop
      vertex 0.113765 -28.8545 0
      vertex 0.482895 -12.2905 0
      vertex 0.170428 -28.8601 0
    endloop
  endfacet
  facet normal 0 0 -1
    outer loop
      vertex 0.0569267 -28.8511 0
      vertex 0.482895 -12.2905 0
      vertex 0.113765 -28.8545 0
    endloop
  endfacet
  facet normal 0 0 -1
    outer loop
      vertex 0 -12.3 0
      vertex 0.0569267 -28.8511 0
      vertex 0 -28.85 0
    endloop
  endfacet
  facet normal 0 0 -1
    outer loop
      vertex 0.0569267 -28.8511 0
      vertex 0 -12.3 0
      vertex 0.482895 -12.2905 0
    endloop
  endfacet
  facet normal 0 0 -1
    outer loop
      vertex -0.0569267 -28.8511 0
      vertex 0 -12.3 0
      vertex 0 -28.85 0
    endloop
  endfacet
  facet normal 0 0 -1
    outer loop
      vertex -0.482895 -12.2905 0
      vertex -0.0569267 -28.8511 0
      vertex -0.113765 -28.8545 0
    endloop
  endfacet
  facet normal 0 0 -1
    outer loop
      vertex -0.482895 -12.2905 0
      vertex -0.113765 -28.8545 0
      vertex -0.170428 -28.8601 0
    endloop
  endfacet
  facet normal 0 0 -1
    outer loop
      vertex -0.965046 -12.2621 0
      vertex -0.170428 -28.8601 0
      vertex -0.22683 -28.8679 0
    endloop
  endfacet
  facet normal 0 0 -1
    outer loop
      vertex -0.965046 -12.2621 0
      vertex -0.22683 -28.8679 0
      vertex -0.282881 -28.8779 0
    endloop
  endfacet
  facet normal 0 0 -1
    outer loop
      vertex -1.44571 -12.2147 0
      vertex -0.282881 -28.8779 0
      vertex -0.338495 -28.8901 0
    endloop
  endfacet
  facet normal 0 0 -1
    outer loop
      vertex -1.44571 -12.2147 0
      vertex -0.338495 -28.8901 0
      vertex -0.393588 -28.9044 0
    endloop
  endfacet
  facet normal 0 0 -1
    outer loop
      vertex -1.44571 -12.2147 0
      vertex -0.393588 -28.9044 0
      vertex -0.448074 -28.921 0
    endloop
  endfacet
  facet normal 0 0 -1
    outer loop
      vertex -0.0569267 -28.8511 0
      vertex -0.482895 -12.2905 0
      vertex 0 -12.3 0
    endloop
  endfacet
  facet normal 0 0 -1
    outer loop
      vertex -1.92414 -12.1486 0
      vertex -0.448074 -28.921 0
      vertex -0.501869 -28.9396 0
    endloop
  endfacet
  facet normal 0 0 -1
    outer loop
      vertex -1.92414 -12.1486 0
      vertex -0.501869 -28.9396 0
      vertex -0.554891 -28.9604 0
    endloop
  endfacet
  facet normal 0 0 -1
    outer loop
      vertex -2.39961 -12.0637 0
      vertex -0.554891 -28.9604 0
      vertex -0.607057 -28.9832 0
    endloop
  endfacet
  facet normal 0 0 -1
    outer loop
      vertex -2.39961 -12.0637 0
      vertex -0.607057 -28.9832 0
      vertex -0.658286 -29.008 0
    endloop
  endfacet
  facet normal 0 0 -1
    outer loop
      vertex -2.87138 -11.9601 0
      vertex -0.658286 -29.008 0
      vertex -0.7085 -29.0349 0
    endloop
  endfacet
  facet normal 0 0 -1
    outer loop
      vertex -2.87138 -11.9601 0
      vertex -0.7085 -29.0349 0
      vertex -0.757623 -29.0637 0
    endloop
  endfacet
  facet normal 0 0 -1
    outer loop
      vertex -3.33872 -11.8382 0
      vertex -0.757623 -29.0637 0
      vertex -0.805576 -29.0944 0
    endloop
  endfacet
  facet normal 0 0 -1
    outer loop
      vertex -3.33872 -11.8382 0
      vertex -0.805576 -29.0944 0
      vertex -0.852288 -29.1269 0
    endloop
  endfacet
  facet normal 0 0 -1
    outer loop
      vertex -3.80091 -11.698 0
      vertex -0.852288 -29.1269 0
      vertex -0.897686 -29.1613 0
    endloop
  endfacet
  facet normal 0 0 -1
    outer loop
      vertex -10.0431 -30.9093 0
      vertex -0.897686 -29.1613 0
      vertex -0.941699 -29.1974 0
    endloop
  endfacet
  facet normal 0 0 -1
    outer loop
      vertex -0.170428 -28.8601 0
      vertex -0.965046 -12.2621 0
      vertex -0.482895 -12.2905 0
    endloop
  endfacet
  facet normal 0 0 -1
    outer loop
      vertex -10.0431 -30.9093 0
      vertex -0.941699 -29.1974 0
      vertex -0.984261 -29.2352 0
    endloop
  endfacet
  facet normal 0 0 -1
    outer loop
      vertex -8.82181 -31.2798 0
      vertex -0.984261 -29.2352 0
      vertex -1.0253 -29.2747 0
    endloop
  endfacet
  facet normal 0 0 -1
    outer loop
      vertex -8.82181 -31.2798 0
      vertex -1.0253 -29.2747 0
      vertex -1.06477 -29.3157 0
    endloop
  endfacet
  facet normal 0 0 -1
    outer loop
      vertex -8.82181 -31.2798 0
      vertex -1.06477 -29.3157 0
      vertex -1.10259 -29.3583 0
    endloop
  endfacet
  facet normal 0 0 -1
    outer loop
      vertex -7.58697 -31.602 0
      vertex -1.10259 -29.3583 0
      vertex -1.13871 -29.4023 0
    endloop
  endfacet
  facet normal 0 0 -1
    outer loop
      vertex -7.58697 -31.602 0
      vertex -1.13871 -29.4023 0
      vertex -1.17307 -29.4477 0
    endloop
  endfacet
  facet normal 0 0 -1
    outer loop
      vertex -7.58697 -31.602 0
      vertex -1.17307 -29.4477 0
      vertex -1.20563 -29.4944 0
    endloop
  endfacet
  facet normal 0 0 -1
    outer loop
      vertex -6.34044 -31.8755 0
      vertex -1.20563 -29.4944 0
      vertex -1.23633 -29.5424 0
    endloop
  endfacet
  facet normal 0 0 -1
    outer loop
      vertex -6.34044 -31.8755 0
      vertex -1.23633 -29.5424 0
      vertex -1.26512 -29.5915 0
    endloop
  endfacet
  facet normal 0 0 -1
    outer loop
      vertex -6.34044 -31.8755 0
      vertex -1.26512 -29.5915 0
      vertex -1.29196 -29.6417 0
    endloop
  endfacet
  facet normal 0 0 -1
    outer loop
      vertex -6.34044 -31.8755 0
      vertex -1.29196 -29.6417 0
      vertex -1.31681 -29.6929 0
    endloop
  endfacet
  facet normal 0 0 -1
    outer loop
      vertex -5.08412 -32.0999 0
      vertex -1.31681 -29.6929 0
      vertex -1.33962 -29.7451 0
    endloop
  endfacet
  facet normal 0 0 -1
    outer loop
      vertex -5.08412 -32.0999 0
      vertex -1.33962 -29.7451 0
      vertex -1.36038 -29.7981 0
    endloop
  endfacet
  facet normal 0 0 -1
    outer loop
      vertex -5.08412 -32.0999 0
      vertex -1.36038 -29.7981 0
      vertex -1.37903 -29.8519 0
    endloop
  endfacet
  facet normal 0 0 -1
    outer loop
      vertex -5.08412 -32.0999 0
      vertex -1.37903 -29.8519 0
      vertex -1.39556 -29.9064 0
    endloop
  endfacet
  facet normal 0 0 -1
    outer loop
      vertex -5.08412 -32.0999 0
      vertex -1.39556 -29.9064 0
      vertex -1.40994 -29.9615 0
    endloop
  endfacet
  facet normal 0 0 -1
    outer loop
      vertex -5.08412 -32.0999 0
      vertex -1.40994 -29.9615 0
      vertex -1.42214 -30.0171 0
    endloop
  endfacet
  facet normal 0 0 -1
    outer loop
      vertex -5.08412 -32.0999 0
      vertex -1.42214 -30.0171 0
      vertex -1.43215 -30.0732 0
    endloop
  endfacet
  facet normal 0 0 -1
    outer loop
      vertex -3.81997 -32.2747 0
      vertex -1.43215 -30.0732 0
      vertex -1.43995 -30.1296 0
    endloop
  endfacet
  facet normal 0 0 -1
    outer loop
      vertex -3.81997 -32.2747 0
      vertex -1.43995 -30.1296 0
      vertex -1.44553 -30.1862 0
    endloop
  endfacet
  facet normal 0 0 -1
    outer loop
      vertex -0.282881 -28.8779 0
      vertex -1.44571 -12.2147 0
      vertex -0.965046 -12.2621 0
    endloop
  endfacet
  facet normal 0 0 -1
    outer loop
      vertex -3.81997 -32.2747 0
      vertex -1.44553 -30.1862 0
      vertex -1.44888 -30.2431 0
    endloop
  endfacet
  facet normal 0 0 -1
    outer loop
      vertex -3.81997 -32.2747 0
      vertex -1.44888 -30.2431 0
      vertex -1.45 -30.3 0
    endloop
  endfacet
  facet normal 0 0 -1
    outer loop
      vertex -0.448074 -28.921 0
      vertex -1.92414 -12.1486 0
      vertex -1.44571 -12.2147 0
    endloop
  endfacet
  facet normal 0 0 -1
    outer loop
      vertex 12.3 0 0
      vertex 32.5 0 0
      vertex 32.4749 -1.27594 0
    endloop
  endfacet
  facet normal 0 0 -1
    outer loop
      vertex 12.2905 -0.482895 0
      vertex 32.4749 -1.27594 0
      vertex 32.3998 -2.54992 0
    endloop
  endfacet
  facet normal 0 0 -1
    outer loop
      vertex 32.5 0 0
      vertex 12.3 0 0
      vertex 32.4749 1.27594 0
    endloop
  endfacet
  facet normal 0 0 -1
    outer loop
      vertex 12.2621 -0.965046 0
      vertex 32.3998 -2.54992 0
      vertex 32.2747 -3.81997 0
    endloop
  endfacet
  facet normal 0 0 -1
    outer loop
      vertex 12.2905 0.482895 0
      vertex 32.4749 1.27594 0
      vertex 12.3 0 0
    endloop
  endfacet
  facet normal 0 0 -1
    outer loop
      vertex 12.2147 -1.44571 0
      vertex 32.2747 -3.81997 0
      vertex 32.0999 -5.08412 0
    endloop
  endfacet
  facet normal -0 0 -1
    outer loop
      vertex 32.4749 1.27594 0
      vertex 12.2905 0.482895 0
      vertex 32.3998 2.54992 0
    endloop
  endfacet
  facet normal 0 0 -1
    outer loop
      vertex 12.1486 -1.92414 0
      vertex 32.0999 -5.08412 0
      vertex 31.8755 -6.34044 0
    endloop
  endfacet
  facet normal 0 0 -1
    outer loop
      vertex 12.2621 0.965046 0
      vertex 32.3998 2.54992 0
      vertex 12.2905 0.482895 0
    endloop
  endfacet
  facet normal 0 0 -1
    outer loop
      vertex 12.0637 -2.39961 0
      vertex 31.8755 -6.34044 0
      vertex 31.602 -7.58697 0
    endloop
  endfacet
  facet normal -0 0 -1
    outer loop
      vertex 32.3998 2.54992 0
      vertex 12.2621 0.965046 0
      vertex 32.2747 3.81997 0
    endloop
  endfacet
  facet normal 0 0 -1
    outer loop
      vertex 11.9601 -2.87138 0
      vertex 31.602 -7.58697 0
      vertex 31.2798 -8.82181 0
    endloop
  endfacet
  facet normal 0 0 -1
    outer loop
      vertex 12.2147 1.44571 0
      vertex 32.2747 3.81997 0
      vertex 12.2621 0.965046 0
    endloop
  endfacet
  facet normal 0 0 -1
    outer loop
      vertex 11.8382 -3.33872 0
      vertex 31.2798 -8.82181 0
      vertex 30.9093 -10.0431 0
    endloop
  endfacet
  facet normal -0 -0 -1
    outer loop
      vertex 25.7565 13.7832 0
      vertex 31.8755 6.34044 0
      vertex 25.7033 13.8032 0
    endloop
  endfacet
  facet normal 0 0 -1
    outer loop
      vertex 11.698 -3.80091 0
      vertex 30.9093 -10.0431 0
      vertex 30.4912 -11.2488 0
    endloop
  endfacet
  facet normal -0 -0 -1
    outer loop
      vertex 25.8106 13.7652 0
      vertex 31.602 7.58697 0
      vertex 25.7565 13.7832 0
    endloop
  endfacet
  facet normal 0 0 -1
    outer loop
      vertex 11.5398 -4.25724 0
      vertex 30.4912 -11.2488 0
      vertex 30.0261 -12.4372 0
    endloop
  endfacet
  facet normal 0 0 -1
    outer loop
      vertex 31.602 7.58697 0
      vertex 25.8653 13.7494 0
      vertex 31.2798 8.82181 0
    endloop
  endfacet
  facet normal 0 0 -1
    outer loop
      vertex 11.3637 -4.70701 0
      vertex 30.0261 -12.4372 0
      vertex 29.5147 -13.6064 0
    endloop
  endfacet
  facet normal -0 -0 -1
    outer loop
      vertex 25.9763 13.7243 0
      vertex 31.2798 8.82181 0
      vertex 25.9206 13.7358 0
    endloop
  endfacet
  facet normal 0 0 -1
    outer loop
      vertex 11.1702 -5.14951 0
      vertex 29.5147 -13.6064 0
      vertex 28.9577 -14.7547 0
    endloop
  endfacet
  facet normal 0 -0 -1
    outer loop
      vertex 26.4861 13.7209 0
      vertex 30.4912 11.2488 0
      vertex 26.4298 13.7124 0
    endloop
  endfacet
  facet normal 0 0 -1
    outer loop
      vertex 10.9594 -5.58408 0
      vertex 28.9577 -14.7547 0
      vertex 28.3561 -15.8802 0
    endloop
  endfacet
  facet normal 0 -0 -1
    outer loop
      vertex 27.0143 13.9237 0
      vertex 30.0261 12.4372 0
      vertex 26.9656 13.8943 0
    endloop
  endfacet
  facet normal 0 0 -1
    outer loop
      vertex 10.7317 -6.01004 0
      vertex 28.3561 -15.8802 0
      vertex 27.7108 -16.9812 0
    endloop
  endfacet
  facet normal 0 -0 -1
    outer loop
      vertex 27.541 14.5087 0
      vertex 28.9577 14.7547 0
      vertex 27.5149 14.4581 0
    endloop
  endfacet
  facet normal 0 0 -1
    outer loop
      vertex 27.6886 15.2259 0
      vertex 28.3561 15.8802 0
      vertex 27.6904 15.169 0
    endloop
  endfacet
  facet normal 0 0 -1
    outer loop
      vertex 28.9577 14.7547 0
      vertex 27.6904 15.169 0
      vertex 28.3561 15.8802 0
    endloop
  endfacet
  facet normal 0 -0 -1
    outer loop
      vertex 27.6904 15.169 0
      vertex 28.9577 14.7547 0
      vertex 27.6901 15.112 0
    endloop
  endfacet
  facet normal 0 -0 -1
    outer loop
      vertex 27.6901 15.112 0
      vertex 28.9577 14.7547 0
      vertex 27.6875 15.0552 0
    endloop
  endfacet
  facet normal 0 -0 -1
    outer loop
      vertex 27.6875 15.0552 0
      vertex 28.9577 14.7547 0
      vertex 27.6826 14.9984 0
    endloop
  endfacet
  facet normal 0 -0 -1
    outer loop
      vertex 27.6826 14.9984 0
      vertex 28.9577 14.7547 0
      vertex 27.6756 14.9419 0
    endloop
  endfacet
  facet normal 0 -0 -1
    outer loop
      vertex 27.6756 14.9419 0
      vertex 28.9577 14.7547 0
      vertex 27.6663 14.8858 0
    endloop
  endfacet
  facet normal 0 -0 -1
    outer loop
      vertex 27.6663 14.8858 0
      vertex 28.9577 14.7547 0
      vertex 27.6548 14.83 0
    endloop
  endfacet
  facet normal 0 -0 -1
    outer loop
      vertex 27.6548 14.83 0
      vertex 28.9577 14.7547 0
      vertex 27.6412 14.7747 0
    endloop
  endfacet
  facet normal 0 -0 -1
    outer loop
      vertex 27.6412 14.7747 0
      vertex 28.9577 14.7547 0
      vertex 27.6253 14.72 0
    endloop
  endfacet
  facet normal 0 -0 -1
    outer loop
      vertex 27.6253 14.72 0
      vertex 28.9577 14.7547 0
      vertex 27.6074 14.666 0
    endloop
  endfacet
  facet normal 0 -0 -1
    outer loop
      vertex 27.6074 14.666 0
      vertex 28.9577 14.7547 0
      vertex 27.5873 14.6127 0
    endloop
  endfacet
  facet normal 0 -0 -1
    outer loop
      vertex 27.5873 14.6127 0
      vertex 28.9577 14.7547 0
      vertex 27.5652 14.5602 0
    endloop
  endfacet
  facet normal 0 -0 -1
    outer loop
      vertex 27.5652 14.5602 0
      vertex 28.9577 14.7547 0
      vertex 27.541 14.5087 0
    endloop
  endfacet
  facet normal 0 0 -1
    outer loop
      vertex 28.9577 14.7547 0
      vertex 27.4867 14.4086 0
      vertex 27.5149 14.4581 0
    endloop
  endfacet
  facet normal 0 0 -1
    outer loop
      vertex 28.9577 14.7547 0
      vertex 27.4566 14.3603 0
      vertex 27.4867 14.4086 0
    endloop
  endfacet
  facet normal 0 0 -1
    outer loop
      vertex 29.5147 13.6064 0
      vertex 27.4566 14.3603 0
      vertex 28.9577 14.7547 0
    endloop
  endfacet
  facet normal 0 -0 -1
    outer loop
      vertex 27.4566 14.3603 0
      vertex 29.5147 13.6064 0
      vertex 27.4247 14.3131 0
    endloop
  endfacet
  facet normal 0 -0 -1
    outer loop
      vertex 27.4247 14.3131 0
      vertex 29.5147 13.6064 0
      vertex 27.3909 14.2673 0
    endloop
  endfacet
  facet normal 0 -0 -1
    outer loop
      vertex 27.3909 14.2673 0
      vertex 29.5147 13.6064 0
      vertex 27.3554 14.2228 0
    endloop
  endfacet
  facet normal 0 -0 -1
    outer loop
      vertex 27.3554 14.2228 0
      vertex 29.5147 13.6064 0
      vertex 27.3181 14.1798 0
    endloop
  endfacet
  facet normal 0 -0 -1
    outer loop
      vertex 27.3181 14.1798 0
      vertex 29.5147 13.6064 0
      vertex 27.2792 14.1382 0
    endloop
  endfacet
  facet normal 0 -0 -1
    outer loop
      vertex 27.2792 14.1382 0
      vertex 29.5147 13.6064 0
      vertex 27.2387 14.0982 0
    endloop
  endfacet
  facet normal 0 -0 -1
    outer loop
      vertex 27.2387 14.0982 0
      vertex 29.5147 13.6064 0
      vertex 27.1966 14.0598 0
    endloop
  endfacet
  facet normal 0 -0 -1
    outer loop
      vertex 27.1966 14.0598 0
      vertex 29.5147 13.6064 0
      vertex 27.1531 14.0231 0
    endloop
  endfacet
  facet normal 0 -0 -1
    outer loop
      vertex 27.1531 14.0231 0
      vertex 29.5147 13.6064 0
      vertex 27.1081 13.9882 0
    endloop
  endfacet
  facet normal 0 0 -1
    outer loop
      vertex 10.4875 -6.42673 0
      vertex 27.7108 -16.9812 0
      vertex 27.0228 -18.056 0
    endloop
  endfacet
  facet normal 0 -0 -1
    outer loop
      vertex 27.1081 13.9882 0
      vertex 29.5147 13.6064 0
      vertex 27.0619 13.955 0
    endloop
  endfacet
  facet normal 0 -0 -1
    outer loop
      vertex 27.0619 13.955 0
      vertex 29.5147 13.6064 0
      vertex 27.0143 13.9237 0
    endloop
  endfacet
  facet normal 0 0 -1
    outer loop
      vertex 30.0261 12.4372 0
      vertex 27.0143 13.9237 0
      vertex 29.5147 13.6064 0
    endloop
  endfacet
  facet normal 0 -0 -1
    outer loop
      vertex 26.9656 13.8943 0
      vertex 30.0261 12.4372 0
      vertex 26.9157 13.8668 0
    endloop
  endfacet
  facet normal 0 -0 -1
    outer loop
      vertex 26.9157 13.8668 0
      vertex 30.0261 12.4372 0
      vertex 26.8648 13.8413 0
    endloop
  endfacet
  facet normal 0 -0 -1
    outer loop
      vertex 26.8648 13.8413 0
      vertex 30.0261 12.4372 0
      vertex 26.8129 13.8178 0
    endloop
  endfacet
  facet normal 0 -0 -1
    outer loop
      vertex 26.8129 13.8178 0
      vertex 30.0261 12.4372 0
      vertex 26.7602 13.7963 0
    endloop
  endfacet
  facet normal 0 -0 -1
    outer loop
      vertex 26.7602 13.7963 0
      vertex 30.0261 12.4372 0
      vertex 26.7067 13.777 0
    endloop
  endfacet
  facet normal 0 -0 -1
    outer loop
      vertex 26.7067 13.777 0
      vertex 30.0261 12.4372 0
      vertex 26.6524 13.7597 0
    endloop
  endfacet
  facet normal 0 -0 -1
    outer loop
      vertex 26.6524 13.7597 0
      vertex 30.0261 12.4372 0
      vertex 26.5975 13.7446 0
    endloop
  endfacet
  facet normal 0 0 -1
    outer loop
      vertex 30.4912 11.2488 0
      vertex 26.5975 13.7446 0
      vertex 30.0261 12.4372 0
    endloop
  endfacet
  facet normal 0 -0 -1
    outer loop
      vertex 26.5975 13.7446 0
      vertex 30.4912 11.2488 0
      vertex 26.542 13.7317 0
    endloop
  endfacet
  facet normal 0 -0 -1
    outer loop
      vertex 26.542 13.7317 0
      vertex 30.4912 11.2488 0
      vertex 26.4861 13.7209 0
    endloop
  endfacet
  facet normal 0 0 -1
    outer loop
      vertex 32.3998 -2.54992 0
      vertex 12.2621 -0.965046 0
      vertex 12.2905 -0.482895 0
    endloop
  endfacet
  facet normal 0 0 -1
    outer loop
      vertex 10.2271 -6.83351 0
      vertex 27.0228 -18.056 0
      vertex 26.2931 -19.103 0
    endloop
  endfacet
  facet normal 0 0 -1
    outer loop
      vertex 32.4749 -1.27594 0
      vertex 12.2905 -0.482895 0
      vertex 12.3 0 0
    endloop
  endfacet
  facet normal 0 -0 -1
    outer loop
      vertex 26.4298 13.7124 0
      vertex 30.4912 11.2488 0
      vertex 26.3732 13.7061 0
    endloop
  endfacet
  facet normal 0 -0 -1
    outer loop
      vertex 26.3732 13.7061 0
      vertex 30.4912 11.2488 0
      vertex 26.3165 13.702 0
    endloop
  endfacet
  facet normal -0 -0 -1
    outer loop
      vertex 26.1457 13.7031 0
      vertex 30.9093 10.0431 0
      vertex 26.089 13.7079 0
    endloop
  endfacet
  facet normal 0 -0 -1
    outer loop
      vertex 26.3165 13.702 0
      vertex 30.4912 11.2488 0
      vertex 26.2595 13.7001 0
    endloop
  endfacet
  facet normal 0 0 -1
    outer loop
      vertex 30.9093 10.0431 0
      vertex 26.2595 13.7001 0
      vertex 30.4912 11.2488 0
    endloop
  endfacet
  facet normal -0 -0 -1
    outer loop
      vertex 26.2595 13.7001 0
      vertex 30.9093 10.0431 0
      vertex 26.2026 13.7005 0
    endloop
  endfacet
  facet normal -0 -0 -1
    outer loop
      vertex 26.2026 13.7005 0
      vertex 30.9093 10.0431 0
      vertex 26.1457 13.7031 0
    endloop
  endfacet
  facet normal -0 -0 -1
    outer loop
      vertex 26.089 13.7079 0
      vertex 30.9093 10.0431 0
      vertex 26.0325 13.715 0
    endloop
  endfacet
  facet normal 0 0 -1
    outer loop
      vertex 31.2798 8.82181 0
      vertex 26.0325 13.715 0
      vertex 30.9093 10.0431 0
    endloop
  endfacet
  facet normal -0 -0 -1
    outer loop
      vertex 26.0325 13.715 0
      vertex 31.2798 8.82181 0
      vertex 25.9763 13.7243 0
    endloop
  endfacet
  facet normal -0 -0 -1
    outer loop
      vertex 25.9206 13.7358 0
      vertex 31.2798 8.82181 0
      vertex 25.8653 13.7494 0
    endloop
  endfacet
  facet normal -0 -0 -1
    outer loop
      vertex 25.8653 13.7494 0
      vertex 31.602 7.58697 0
      vertex 25.8106 13.7652 0
    endloop
  endfacet
  facet normal 0 0 -1
    outer loop
      vertex 31.8755 6.34044 0
      vertex 25.7565 13.7832 0
      vertex 31.602 7.58697 0
    endloop
  endfacet
  facet normal 0 0 -1
    outer loop
      vertex 9.95091 -7.22976 0
      vertex 26.2931 -19.103 0
      vertex 25.5228 -20.1206 0
    endloop
  endfacet
  facet normal 0 0 -1
    outer loop
      vertex 32.2747 -3.81997 0
      vertex 12.2147 -1.44571 0
      vertex 12.2621 -0.965046 0
    endloop
  endfacet
  facet normal -0 0 -1
    outer loop
      vertex 32.2747 3.81997 0
      vertex 12.2147 1.44571 0
      vertex 32.0999 5.08412 0
    endloop
  endfacet
  facet normal -0 0 -1
    outer loop
      vertex 32.0999 5.08412 0
      vertex 12.1486 1.92414 0
      vertex 31.8755 6.34044 0
    endloop
  endfacet
  facet normal 0 0 -1
    outer loop
      vertex 12.0637 2.39961 0
      vertex 31.8755 6.34044 0
      vertex 12.1486 1.92414 0
    endloop
  endfacet
  facet normal -0 0 -1
    outer loop
      vertex 31.8755 6.34044 0
      vertex 12.0637 2.39961 0
      vertex 25.7033 13.8032 0
    endloop
  endfacet
  facet normal -0 0 -1
    outer loop
      vertex 25.7033 13.8032 0
      vertex 12.0637 2.39961 0
      vertex 25.6508 13.8254 0
    endloop
  endfacet
  facet normal 0 0 -1
    outer loop
      vertex 11.9601 2.87138 0
      vertex 25.6508 13.8254 0
      vertex 12.0637 2.39961 0
    endloop
  endfacet
  facet normal -0 0 -1
    outer loop
      vertex 25.6508 13.8254 0
      vertex 11.9601 2.87138 0
      vertex 25.5993 13.8495 0
    endloop
  endfacet
  facet normal -0 0 -1
    outer loop
      vertex 25.5993 13.8495 0
      vertex 11.9601 2.87138 0
      vertex 25.5487 13.8757 0
    endloop
  endfacet
  facet normal 0 0 -1
    outer loop
      vertex 11.8382 3.33872 0
      vertex 25.5487 13.8757 0
      vertex 11.9601 2.87138 0
    endloop
  endfacet
  facet normal -0 0 -1
    outer loop
      vertex 25.5487 13.8757 0
      vertex 11.8382 3.33872 0
      vertex 25.4992 13.9039 0
    endloop
  endfacet
  facet normal -0 0 -1
    outer loop
      vertex 25.4992 13.9039 0
      vertex 11.8382 3.33872 0
      vertex 25.4508 13.9339 0
    endloop
  endfacet
  facet normal 0 0 -1
    outer loop
      vertex 11.698 3.80091 0
      vertex 25.4508 13.9339 0
      vertex 11.8382 3.33872 0
    endloop
  endfacet
  facet normal -0 0 -1
    outer loop
      vertex 25.4508 13.9339 0
      vertex 11.698 3.80091 0
      vertex 25.4037 13.9659 0
    endloop
  endfacet
  facet normal -0 0 -1
    outer loop
      vertex 25.4037 13.9659 0
      vertex 11.698 3.80091 0
      vertex 25.3579 13.9996 0
    endloop
  endfacet
  facet normal 0 0 -1
    outer loop
      vertex 11.5398 4.25724 0
      vertex 25.3579 13.9996 0
      vertex 11.698 3.80091 0
    endloop
  endfacet
  facet normal -0 0 -1
    outer loop
      vertex 25.3579 13.9996 0
      vertex 11.5398 4.25724 0
      vertex 25.3134 14.0352 0
    endloop
  endfacet
  facet normal -0 0 -1
    outer loop
      vertex 25.3134 14.0352 0
      vertex 11.5398 4.25724 0
      vertex 25.2703 14.0724 0
    endloop
  endfacet
  facet normal 0 0 -1
    outer loop
      vertex 11.3637 4.70701 0
      vertex 25.2703 14.0724 0
      vertex 11.5398 4.25724 0
    endloop
  endfacet
  facet normal -0 0 -1
    outer loop
      vertex 25.2703 14.0724 0
      vertex 11.3637 4.70701 0
      vertex 25.2288 14.1114 0
    endloop
  endfacet
  facet normal -0 0 -1
    outer loop
      vertex 25.2288 14.1114 0
      vertex 11.3637 4.70701 0
      vertex 25.1888 14.1519 0
    endloop
  endfacet
  facet normal 0 0 -1
    outer loop
      vertex 11.1702 5.14951 0
      vertex 25.1888 14.1519 0
      vertex 11.3637 4.70701 0
    endloop
  endfacet
  facet normal -0 0 -1
    outer loop
      vertex 25.1888 14.1519 0
      vertex 11.1702 5.14951 0
      vertex 25.1504 14.1939 0
    endloop
  endfacet
  facet normal -0 0 -1
    outer loop
      vertex 25.1504 14.1939 0
      vertex 11.1702 5.14951 0
      vertex 25.1137 14.2375 0
    endloop
  endfacet
  facet normal 0 0 -1
    outer loop
      vertex 10.9594 5.58408 0
      vertex 25.1137 14.2375 0
      vertex 11.1702 5.14951 0
    endloop
  endfacet
  facet normal -0 0 -1
    outer loop
      vertex 25.1137 14.2375 0
      vertex 10.9594 5.58408 0
      vertex 25.0788 14.2824 0
    endloop
  endfacet
  facet normal -0 0 -1
    outer loop
      vertex 25.0788 14.2824 0
      vertex 10.9594 5.58408 0
      vertex 25.0456 14.3287 0
    endloop
  endfacet
  facet normal 0 0 -1
    outer loop
      vertex 9.6594 -7.61485 0
      vertex 25.5228 -20.1206 0
      vertex 24.7132 -21.1071 0
    endloop
  endfacet
  facet normal 0 0 -1
    outer loop
      vertex 27.6845 15.2827 0
      vertex 28.3561 15.8802 0
      vertex 27.6886 15.2259 0
    endloop
  endfacet
  facet normal 0 0 -1
    outer loop
      vertex 27.6782 15.3393 0
      vertex 28.3561 15.8802 0
      vertex 27.6845 15.2827 0
    endloop
  endfacet
  facet normal 0 0 -1
    outer loop
      vertex 27.6696 15.3956 0
      vertex 28.3561 15.8802 0
      vertex 27.6782 15.3393 0
    endloop
  endfacet
  facet normal 0 0 -1
    outer loop
      vertex 27.6589 15.4515 0
      vertex 28.3561 15.8802 0
      vertex 27.6696 15.3956 0
    endloop
  endfacet
  facet normal 0 0 -1
    outer loop
      vertex 27.646 15.5069 0
      vertex 28.3561 15.8802 0
      vertex 27.6589 15.4515 0
    endloop
  endfacet
  facet normal 0 0 -1
    outer loop
      vertex 27.6309 15.5618 0
      vertex 28.3561 15.8802 0
      vertex 27.646 15.5069 0
    endloop
  endfacet
  facet normal 0 0 -1
    outer loop
      vertex 27.6136 15.6161 0
      vertex 28.3561 15.8802 0
      vertex 27.6309 15.5618 0
    endloop
  endfacet
  facet normal 0 0 -1
    outer loop
      vertex 27.5943 15.6696 0
      vertex 28.3561 15.8802 0
      vertex 27.6136 15.6161 0
    endloop
  endfacet
  facet normal 0 0 -1
    outer loop
      vertex 27.5728 15.7224 0
      vertex 28.3561 15.8802 0
      vertex 27.5943 15.6696 0
    endloop
  endfacet
  facet normal 0 0 -1
    outer loop
      vertex 27.5493 15.7742 0
      vertex 28.3561 15.8802 0
      vertex 27.5728 15.7224 0
    endloop
  endfacet
  facet normal 0 0 -1
    outer loop
      vertex 27.5238 15.8251 0
      vertex 28.3561 15.8802 0
      vertex 27.5493 15.7742 0
    endloop
  endfacet
  facet normal 0 0 -1
    outer loop
      vertex 27.4963 15.875 0
      vertex 28.3561 15.8802 0
      vertex 27.5238 15.8251 0
    endloop
  endfacet
  facet normal 0 0 -1
    outer loop
      vertex 27.4669 15.9237 0
      vertex 28.3561 15.8802 0
      vertex 27.4963 15.875 0
    endloop
  endfacet
  facet normal 0 0 -1
    outer loop
      vertex 27.4356 15.9713 0
      vertex 28.3561 15.8802 0
      vertex 27.4669 15.9237 0
    endloop
  endfacet
  facet normal 0 0 -1
    outer loop
      vertex 27.4024 16.0176 0
      vertex 28.3561 15.8802 0
      vertex 27.4356 15.9713 0
    endloop
  endfacet
  facet normal 0 0 -1
    outer loop
      vertex 28.3561 15.8802 0
      vertex 27.4024 16.0176 0
      vertex 27.7108 16.9812 0
    endloop
  endfacet
  facet normal 0 0 -1
    outer loop
      vertex 27.3674 16.0625 0
      vertex 27.7108 16.9812 0
      vertex 27.4024 16.0176 0
    endloop
  endfacet
  facet normal 0 0 -1
    outer loop
      vertex 27.3307 16.1061 0
      vertex 27.7108 16.9812 0
      vertex 27.3674 16.0625 0
    endloop
  endfacet
  facet normal 0 0 -1
    outer loop
      vertex 27.2924 16.1481 0
      vertex 27.7108 16.9812 0
      vertex 27.3307 16.1061 0
    endloop
  endfacet
  facet normal 0 0 -1
    outer loop
      vertex 27.2524 16.1886 0
      vertex 27.7108 16.9812 0
      vertex 27.2924 16.1481 0
    endloop
  endfacet
  facet normal 0 0 -1
    outer loop
      vertex 27.2108 16.2276 0
      vertex 27.7108 16.9812 0
      vertex 27.2524 16.1886 0
    endloop
  endfacet
  facet normal 0 0 -1
    outer loop
      vertex 27.1678 16.2648 0
      vertex 27.7108 16.9812 0
      vertex 27.2108 16.2276 0
    endloop
  endfacet
  facet normal 0 0 -1
    outer loop
      vertex 27.1233 16.3004 0
      vertex 27.7108 16.9812 0
      vertex 27.1678 16.2648 0
    endloop
  endfacet
  facet normal 0 0 -1
    outer loop
      vertex 27.0774 16.3341 0
      vertex 27.7108 16.9812 0
      vertex 27.1233 16.3004 0
    endloop
  endfacet
  facet normal 0 0 -1
    outer loop
      vertex 27.0303 16.3661 0
      vertex 27.7108 16.9812 0
      vertex 27.0774 16.3341 0
    endloop
  endfacet
  facet normal 0 0 -1
    outer loop
      vertex 26.9819 16.3961 0
      vertex 27.7108 16.9812 0
      vertex 27.0303 16.3661 0
    endloop
  endfacet
  facet normal 0 0 -1
    outer loop
      vertex 26.9324 16.4243 0
      vertex 27.7108 16.9812 0
      vertex 26.9819 16.3961 0
    endloop
  endfacet
  facet normal 0 0 -1
    outer loop
      vertex 26.8819 16.4505 0
      vertex 27.7108 16.9812 0
      vertex 26.9324 16.4243 0
    endloop
  endfacet
  facet normal 0 0 -1
    outer loop
      vertex 26.8303 16.4746 0
      vertex 27.7108 16.9812 0
      vertex 26.8819 16.4505 0
    endloop
  endfacet
  facet normal 0 0 -1
    outer loop
      vertex 26.7779 16.4968 0
      vertex 27.7108 16.9812 0
      vertex 26.8303 16.4746 0
    endloop
  endfacet
  facet normal 0 0 -1
    outer loop
      vertex 26.7246 16.5168 0
      vertex 27.7108 16.9812 0
      vertex 26.7779 16.4968 0
    endloop
  endfacet
  facet normal -0 0 -1
    outer loop
      vertex 27.7108 16.9812 0
      vertex 26.7246 16.5168 0
      vertex 27.0228 18.056 0
    endloop
  endfacet
  facet normal 0 0 -1
    outer loop
      vertex 26.6706 16.5348 0
      vertex 27.0228 18.056 0
      vertex 26.7246 16.5168 0
    endloop
  endfacet
  facet normal 0 0 -1
    outer loop
      vertex 26.6159 16.5506 0
      vertex 27.0228 18.056 0
      vertex 26.6706 16.5348 0
    endloop
  endfacet
  facet normal 0 0 -1
    outer loop
      vertex 26.5606 16.5642 0
      vertex 27.0228 18.056 0
      vertex 26.6159 16.5506 0
    endloop
  endfacet
  facet normal 0 0 -1
    outer loop
      vertex 26.5048 16.5757 0
      vertex 27.0228 18.056 0
      vertex 26.5606 16.5642 0
    endloop
  endfacet
  facet normal 0 0 -1
    outer loop
      vertex 26.4486 16.585 0
      vertex 27.0228 18.056 0
      vertex 26.5048 16.5757 0
    endloop
  endfacet
  facet normal 0 0 -1
    outer loop
      vertex 26.3921 16.5921 0
      vertex 27.0228 18.056 0
      vertex 26.4486 16.585 0
    endloop
  endfacet
  facet normal 0 0 -1
    outer loop
      vertex 26.3354 16.5969 0
      vertex 27.0228 18.056 0
      vertex 26.3921 16.5921 0
    endloop
  endfacet
  facet normal 0 0 -1
    outer loop
      vertex 26.2785 16.5995 0
      vertex 27.0228 18.056 0
      vertex 26.3354 16.5969 0
    endloop
  endfacet
  facet normal 0 0 -1
    outer loop
      vertex 26.2216 16.5999 0
      vertex 27.0228 18.056 0
      vertex 26.2785 16.5995 0
    endloop
  endfacet
  facet normal 0 0 -1
    outer loop
      vertex 26.1647 16.598 0
      vertex 27.0228 18.056 0
      vertex 26.2216 16.5999 0
    endloop
  endfacet
  facet normal 0 0 -1
    outer loop
      vertex 26.1079 16.5939 0
      vertex 27.0228 18.056 0
      vertex 26.1647 16.598 0
    endloop
  endfacet
  facet normal 0 0 -1
    outer loop
      vertex 26.0513 16.5876 0
      vertex 27.0228 18.056 0
      vertex 26.1079 16.5939 0
    endloop
  endfacet
  facet normal 0 0 -1
    outer loop
      vertex 25.995 16.5791 0
      vertex 27.0228 18.056 0
      vertex 26.0513 16.5876 0
    endloop
  endfacet
  facet normal 0 0 -1
    outer loop
      vertex 25.9391 16.5683 0
      vertex 27.0228 18.056 0
      vertex 25.995 16.5791 0
    endloop
  endfacet
  facet normal -0 0 -1
    outer loop
      vertex 27.0228 18.056 0
      vertex 25.9391 16.5683 0
      vertex 26.2931 19.103 0
    endloop
  endfacet
  facet normal 0 0 -1
    outer loop
      vertex 25.8836 16.5554 0
      vertex 26.2931 19.103 0
      vertex 25.9391 16.5683 0
    endloop
  endfacet
  facet normal 0 0 -1
    outer loop
      vertex 25.8287 16.5403 0
      vertex 26.2931 19.103 0
      vertex 25.8836 16.5554 0
    endloop
  endfacet
  facet normal 0 0 -1
    outer loop
      vertex 25.7745 16.523 0
      vertex 26.2931 19.103 0
      vertex 25.8287 16.5403 0
    endloop
  endfacet
  facet normal 0 0 -1
    outer loop
      vertex 25.7209 16.5037 0
      vertex 26.2931 19.103 0
      vertex 25.7745 16.523 0
    endloop
  endfacet
  facet normal 0 0 -1
    outer loop
      vertex 25.6682 16.4822 0
      vertex 26.2931 19.103 0
      vertex 25.7209 16.5037 0
    endloop
  endfacet
  facet normal 0 0 -1
    outer loop
      vertex 25.6163 16.4587 0
      vertex 26.2931 19.103 0
      vertex 25.6682 16.4822 0
    endloop
  endfacet
  facet normal 0 0 -1
    outer loop
      vertex 25.5654 16.4332 0
      vertex 26.2931 19.103 0
      vertex 25.6163 16.4587 0
    endloop
  endfacet
  facet normal 0 0 -1
    outer loop
      vertex 25.5156 16.4057 0
      vertex 26.2931 19.103 0
      vertex 25.5654 16.4332 0
    endloop
  endfacet
  facet normal 0 0 -1
    outer loop
      vertex 25.4668 16.3763 0
      vertex 26.2931 19.103 0
      vertex 25.5156 16.4057 0
    endloop
  endfacet
  facet normal 0 0 -1
    outer loop
      vertex 25.4193 16.345 0
      vertex 26.2931 19.103 0
      vertex 25.4668 16.3763 0
    endloop
  endfacet
  facet normal -0 0 -1
    outer loop
      vertex 26.2931 19.103 0
      vertex 25.4193 16.345 0
      vertex 25.5228 20.1206 0
    endloop
  endfacet
  facet normal 0 0 -1
    outer loop
      vertex 25.373 16.3118 0
      vertex 25.5228 20.1206 0
      vertex 25.4193 16.345 0
    endloop
  endfacet
  facet normal 0 0 -1
    outer loop
      vertex 25.3281 16.2769 0
      vertex 25.5228 20.1206 0
      vertex 25.373 16.3118 0
    endloop
  endfacet
  facet normal 0 0 -1
    outer loop
      vertex 25.2845 16.2402 0
      vertex 25.5228 20.1206 0
      vertex 25.3281 16.2769 0
    endloop
  endfacet
  facet normal 0 0 -1
    outer loop
      vertex 25.2425 16.2018 0
      vertex 25.5228 20.1206 0
      vertex 25.2845 16.2402 0
    endloop
  endfacet
  facet normal 0 0 -1
    outer loop
      vertex 25.2019 16.1618 0
      vertex 25.5228 20.1206 0
      vertex 25.2425 16.2018 0
    endloop
  endfacet
  facet normal 0 0 -1
    outer loop
      vertex 25.163 16.1202 0
      vertex 25.5228 20.1206 0
      vertex 25.2019 16.1618 0
    endloop
  endfacet
  facet normal 0 0 -1
    outer loop
      vertex 25.1257 16.0772 0
      vertex 25.5228 20.1206 0
      vertex 25.163 16.1202 0
    endloop
  endfacet
  facet normal 0 0 -1
    outer loop
      vertex 24.7132 21.1071 0
      vertex 25.1257 16.0772 0
      vertex 25.0902 16.0327 0
    endloop
  endfacet
  facet normal 0 0 -1
    outer loop
      vertex 24.7132 21.1071 0
      vertex 25.0902 16.0327 0
      vertex 25.0564 15.9869 0
    endloop
  endfacet
  facet normal 0 0 -1
    outer loop
      vertex 24.7132 21.1071 0
      vertex 25.0564 15.9869 0
      vertex 25.0245 15.9397 0
    endloop
  endfacet
  facet normal 0 0 -1
    outer loop
      vertex 24.7132 21.1071 0
      vertex 25.0245 15.9397 0
      vertex 24.9944 15.8914 0
    endloop
  endfacet
  facet normal 0 0 -1
    outer loop
      vertex 24.7132 21.1071 0
      vertex 24.9944 15.8914 0
      vertex 24.9663 15.8419 0
    endloop
  endfacet
  facet normal 0 0 -1
    outer loop
      vertex 23.8655 22.061 0
      vertex 24.9663 15.8419 0
      vertex 24.9401 15.7913 0
    endloop
  endfacet
  facet normal 0 0 -1
    outer loop
      vertex 23.8655 22.061 0
      vertex 24.9401 15.7913 0
      vertex 24.9159 15.7398 0
    endloop
  endfacet
  facet normal 0 0 -1
    outer loop
      vertex 23.8655 22.061 0
      vertex 24.9159 15.7398 0
      vertex 24.8938 15.6873 0
    endloop
  endfacet
  facet normal 0 0 -1
    outer loop
      vertex 23.8655 22.061 0
      vertex 24.8938 15.6873 0
      vertex 24.8737 15.634 0
    endloop
  endfacet
  facet normal 0 0 -1
    outer loop
      vertex 22.981 22.981 0
      vertex 24.8737 15.634 0
      vertex 24.8558 15.58 0
    endloop
  endfacet
  facet normal 0 0 -1
    outer loop
      vertex 22.981 22.981 0
      vertex 24.8558 15.58 0
      vertex 24.84 15.5253 0
    endloop
  endfacet
  facet normal 0 0 -1
    outer loop
      vertex 22.981 22.981 0
      vertex 24.84 15.5253 0
      vertex 24.8263 15.47 0
    endloop
  endfacet
  facet normal 0 0 -1
    outer loop
      vertex 22.061 23.8655 0
      vertex 24.8263 15.47 0
      vertex 24.8148 15.4142 0
    endloop
  endfacet
  facet normal 0 0 -1
    outer loop
      vertex 22.061 23.8655 0
      vertex 24.8148 15.4142 0
      vertex 24.8056 15.3581 0
    endloop
  endfacet
  facet normal 0 0 -1
    outer loop
      vertex 25.1257 16.0772 0
      vertex 24.7132 21.1071 0
      vertex 25.5228 20.1206 0
    endloop
  endfacet
  facet normal 0 0 -1
    outer loop
      vertex 21.1071 24.7132 0
      vertex 24.8056 15.3581 0
      vertex 24.7985 15.3016 0
    endloop
  endfacet
  facet normal 0 0 -1
    outer loop
      vertex 21.1071 24.7132 0
      vertex 24.7985 15.3016 0
      vertex 24.7937 15.2448 0
    endloop
  endfacet
  facet normal -0 0 -1
    outer loop
      vertex 24.8503 14.7382 0
      vertex 9.95091 7.22976 0
      vertex 24.8352 14.7931 0
    endloop
  endfacet
  facet normal -0 0 -1
    outer loop
      vertex 24.9083 14.5776 0
      vertex 10.2271 6.83351 0
      vertex 24.8869 14.6304 0
    endloop
  endfacet
  facet normal 0 0 -1
    outer loop
      vertex 10.7317 6.01004 0
      vertex 25.0456 14.3287 0
      vertex 10.9594 5.58408 0
    endloop
  endfacet
  facet normal 0 0 -1
    outer loop
      vertex 9.35299 -7.98821 0
      vertex 24.7132 -21.1071 0
      vertex 23.8655 -22.061 0
    endloop
  endfacet
  facet normal -0 0 -1
    outer loop
      vertex 24.9848 14.425 0
      vertex 10.7317 6.01004 0
      vertex 24.9573 14.4749 0
    endloop
  endfacet
  facet normal 0 0 -1
    outer loop
      vertex 9.03217 -8.34925 0
      vertex 23.8655 -22.061 0
      vertex 22.981 -22.981 0
    endloop
  endfacet
  facet normal 0 0 -1
    outer loop
      vertex 24.9663 15.8419 0
      vertex 23.8655 22.061 0
      vertex 24.7132 21.1071 0
    endloop
  endfacet
  facet normal 0 0 -1
    outer loop
      vertex 8.69741 -8.69741 0
      vertex 22.981 -22.981 0
      vertex 22.061 -23.8655 0
    endloop
  endfacet
  facet normal 0 0 -1
    outer loop
      vertex 24.8737 15.634 0
      vertex 22.981 22.981 0
      vertex 23.8655 22.061 0
    endloop
  endfacet
  facet normal 0 0 -1
    outer loop
      vertex 8.34925 -9.03217 0
      vertex 22.061 -23.8655 0
      vertex 21.1071 -24.7132 0
    endloop
  endfacet
  facet normal 0 0 -1
    outer loop
      vertex 24.8263 15.47 0
      vertex 22.061 23.8655 0
      vertex 22.981 22.981 0
    endloop
  endfacet
  facet normal 0 0 -1
    outer loop
      vertex 7.98821 -9.35299 0
      vertex 21.1071 -24.7132 0
      vertex 20.1206 -25.5228 0
    endloop
  endfacet
  facet normal 0 0 -1
    outer loop
      vertex 24.8056 15.3581 0
      vertex 21.1071 24.7132 0
      vertex 22.061 23.8655 0
    endloop
  endfacet
  facet normal 0 0 -1
    outer loop
      vertex 7.61485 -9.6594 0
      vertex 20.1206 -25.5228 0
      vertex 19.103 -26.2931 0
    endloop
  endfacet
  facet normal 0 0 -1
    outer loop
      vertex 24.7937 15.2448 0
      vertex 20.1206 25.5228 0
      vertex 21.1071 24.7132 0
    endloop
  endfacet
  facet normal 0 0 -1
    outer loop
      vertex 7.22976 -9.95091 0
      vertex 19.103 -26.2931 0
      vertex 18.056 -27.0228 0
    endloop
  endfacet
  facet normal 0 0 -1
    outer loop
      vertex 9.95091 7.22976 0
      vertex 24.8675 14.6839 0
      vertex 10.2271 6.83351 0
    endloop
  endfacet
  facet normal 0 0 -1
    outer loop
      vertex 6.83351 -10.2271 0
      vertex 18.056 -27.0228 0
      vertex 16.9812 -27.7108 0
    endloop
  endfacet
  facet normal -0 0 -1
    outer loop
      vertex 24.9573 14.4749 0
      vertex 10.4875 6.42673 0
      vertex 24.9318 14.5258 0
    endloop
  endfacet
  facet normal 0 0 -1
    outer loop
      vertex 6.42673 -10.4875 0
      vertex 16.9812 -27.7108 0
      vertex 15.8802 -28.3561 0
    endloop
  endfacet
  facet normal 0 0 -1
    outer loop
      vertex 10.4875 6.42673 0
      vertex 24.9573 14.4749 0
      vertex 10.7317 6.01004 0
    endloop
  endfacet
  facet normal 0 0 -1
    outer loop
      vertex 6.01004 -10.7317 0
      vertex 15.8802 -28.3561 0
      vertex 14.7547 -28.9577 0
    endloop
  endfacet
  facet normal -0 0 -1
    outer loop
      vertex 24.9318 14.5258 0
      vertex 10.4875 6.42673 0
      vertex 24.9083 14.5776 0
    endloop
  endfacet
  facet normal 0 0 -1
    outer loop
      vertex 5.58408 -10.9594 0
      vertex 14.7547 -28.9577 0
      vertex 13.6064 -29.5147 0
    endloop
  endfacet
  facet normal 0 0 -1
    outer loop
      vertex 10.2271 6.83351 0
      vertex 24.9083 14.5776 0
      vertex 10.4875 6.42673 0
    endloop
  endfacet
  facet normal 0 0 -1
    outer loop
      vertex 5.14951 -11.1702 0
      vertex 13.6064 -29.5147 0
      vertex 12.4372 -30.0261 0
    endloop
  endfacet
  facet normal -0 0 -1
    outer loop
      vertex 24.8869 14.6304 0
      vertex 10.2271 6.83351 0
      vertex 24.8675 14.6839 0
    endloop
  endfacet
  facet normal -0 0 -1
    outer loop
      vertex 24.8675 14.6839 0
      vertex 9.95091 7.22976 0
      vertex 24.8503 14.7382 0
    endloop
  endfacet
  facet normal -0 0 -1
    outer loop
      vertex 25.0143 14.3763 0
      vertex 10.7317 6.01004 0
      vertex 24.9848 14.425 0
    endloop
  endfacet
  facet normal -0 0 -1
    outer loop
      vertex 25.0456 14.3287 0
      vertex 10.7317 6.01004 0
      vertex 25.0143 14.3763 0
    endloop
  endfacet
  facet normal 0 0 -1
    outer loop
      vertex 12.1486 1.92414 0
      vertex 32.0999 5.08412 0
      vertex 12.2147 1.44571 0
    endloop
  endfacet
  facet normal 0 0 -1
    outer loop
      vertex 32.0999 -5.08412 0
      vertex 12.1486 -1.92414 0
      vertex 12.2147 -1.44571 0
    endloop
  endfacet
  facet normal 0 0 -1
    outer loop
      vertex 31.8755 -6.34044 0
      vertex 12.0637 -2.39961 0
      vertex 12.1486 -1.92414 0
    endloop
  endfacet
  facet normal 0 0 -1
    outer loop
      vertex 31.602 -7.58697 0
      vertex 11.9601 -2.87138 0
      vertex 12.0637 -2.39961 0
    endloop
  endfacet
  facet normal 0 0 -1
    outer loop
      vertex 31.2798 -8.82181 0
      vertex 11.8382 -3.33872 0
      vertex 11.9601 -2.87138 0
    endloop
  endfacet
  facet normal 0 0 -1
    outer loop
      vertex 30.9093 -10.0431 0
      vertex 11.698 -3.80091 0
      vertex 11.8382 -3.33872 0
    endloop
  endfacet
  facet normal 0 0 -1
    outer loop
      vertex 30.4912 -11.2488 0
      vertex 11.5398 -4.25724 0
      vertex 11.698 -3.80091 0
    endloop
  endfacet
  facet normal 0 0 -1
    outer loop
      vertex 30.0261 -12.4372 0
      vertex 11.3637 -4.70701 0
      vertex 11.5398 -4.25724 0
    endloop
  endfacet
  facet normal 0 0 -1
    outer loop
      vertex 4.70701 -11.3637 0
      vertex 12.4372 -30.0261 0
      vertex 11.2488 -30.4912 0
    endloop
  endfacet
  facet normal 0 0 -1
    outer loop
      vertex 29.5147 -13.6064 0
      vertex 11.1702 -5.14951 0
      vertex 11.3637 -4.70701 0
    endloop
  endfacet
  facet normal 0 0 -1
    outer loop
      vertex 28.9577 -14.7547 0
      vertex 10.9594 -5.58408 0
      vertex 11.1702 -5.14951 0
    endloop
  endfacet
  facet normal 0 0 -1
    outer loop
      vertex 28.3561 -15.8802 0
      vertex 10.7317 -6.01004 0
      vertex 10.9594 -5.58408 0
    endloop
  endfacet
  facet normal 0 0 -1
    outer loop
      vertex 27.7108 -16.9812 0
      vertex 10.4875 -6.42673 0
      vertex 10.7317 -6.01004 0
    endloop
  endfacet
  facet normal 0 0 -1
    outer loop
      vertex 27.0228 -18.056 0
      vertex 10.2271 -6.83351 0
      vertex 10.4875 -6.42673 0
    endloop
  endfacet
  facet normal 0 0 -1
    outer loop
      vertex 4.25724 -11.5398 0
      vertex 11.2488 -30.4912 0
      vertex 10.0431 -30.9093 0
    endloop
  endfacet
  facet normal 0 0 -1
    outer loop
      vertex 26.2931 -19.103 0
      vertex 9.95091 -7.22976 0
      vertex 10.2271 -6.83351 0
    endloop
  endfacet
  facet normal 0 0 -1
    outer loop
      vertex 25.5228 -20.1206 0
      vertex 9.6594 -7.61485 0
      vertex 9.95091 -7.22976 0
    endloop
  endfacet
  facet normal 0 0 -1
    outer loop
      vertex 24.7132 -21.1071 0
      vertex 9.35299 -7.98821 0
      vertex 9.6594 -7.61485 0
    endloop
  endfacet
  facet normal 0 0 -1
    outer loop
      vertex 23.8655 -22.061 0
      vertex 9.03217 -8.34925 0
      vertex 9.35299 -7.98821 0
    endloop
  endfacet
  facet normal 0 0 -1
    outer loop
      vertex 1.37903 -29.8519 0
      vertex 5.08412 -32.0999 0
      vertex 1.39556 -29.9064 0
    endloop
  endfacet
  facet normal 0 0 -1
    outer loop
      vertex 22.981 -22.981 0
      vertex 8.69741 -8.69741 0
      vertex 9.03217 -8.34925 0
    endloop
  endfacet
  facet normal 0 0 -1
    outer loop
      vertex 22.061 -23.8655 0
      vertex 8.34925 -9.03217 0
      vertex 8.69741 -8.69741 0
    endloop
  endfacet
  facet normal 0 0 -1
    outer loop
      vertex 21.1071 -24.7132 0
      vertex 7.98821 -9.35299 0
      vertex 8.34925 -9.03217 0
    endloop
  endfacet
  facet normal 0 0 -1
    outer loop
      vertex 20.1206 -25.5228 0
      vertex 7.61485 -9.6594 0
      vertex 7.98821 -9.35299 0
    endloop
  endfacet
  facet normal 0 0 -1
    outer loop
      vertex 1.43215 -30.0732 0
      vertex 3.81997 -32.2747 0
      vertex 1.43995 -30.1296 0
    endloop
  endfacet
  facet normal 0 0 -1
    outer loop
      vertex 19.103 -26.2931 0
      vertex 7.22976 -9.95091 0
      vertex 7.61485 -9.6594 0
    endloop
  endfacet
  facet normal 0 0 -1
    outer loop
      vertex 18.056 -27.0228 0
      vertex 6.83351 -10.2271 0
      vertex 7.22976 -9.95091 0
    endloop
  endfacet
  facet normal 0 0 -1
    outer loop
      vertex 16.9812 -27.7108 0
      vertex 6.42673 -10.4875 0
      vertex 6.83351 -10.2271 0
    endloop
  endfacet
  facet normal 0 0 -1
    outer loop
      vertex 1.43995 -30.1296 0
      vertex 3.81997 -32.2747 0
      vertex 1.44553 -30.1862 0
    endloop
  endfacet
  facet normal 0 0 -1
    outer loop
      vertex 15.8802 -28.3561 0
      vertex 6.01004 -10.7317 0
      vertex 6.42673 -10.4875 0
    endloop
  endfacet
  facet normal 0 0 -1
    outer loop
      vertex 14.7547 -28.9577 0
      vertex 5.58408 -10.9594 0
      vertex 6.01004 -10.7317 0
    endloop
  endfacet
  facet normal 0 0 -1
    outer loop
      vertex 13.6064 -29.5147 0
      vertex 5.14951 -11.1702 0
      vertex 5.58408 -10.9594 0
    endloop
  endfacet
  facet normal 0 0 -1
    outer loop
      vertex 1.44553 -30.1862 0
      vertex 3.81997 -32.2747 0
      vertex 1.44888 -30.2431 0
    endloop
  endfacet
  facet normal 0 0 -1
    outer loop
      vertex 12.4372 -30.0261 0
      vertex 4.70701 -11.3637 0
      vertex 5.14951 -11.1702 0
    endloop
  endfacet
  facet normal 0 0 -1
    outer loop
      vertex 11.2488 -30.4912 0
      vertex 4.25724 -11.5398 0
      vertex 4.70701 -11.3637 0
    endloop
  endfacet
  facet normal 0 0 -1
    outer loop
      vertex 1.44888 -30.2431 0
      vertex 3.81997 -32.2747 0
      vertex 1.45 -30.3 0
    endloop
  endfacet
  facet normal 0 0 -1
    outer loop
      vertex 3.81997 -32.2747 0
      vertex 1.43215 -30.0732 0
      vertex 5.08412 -32.0999 0
    endloop
  endfacet
  facet normal 0 0 -1
    outer loop
      vertex 10.0431 -30.9093 0
      vertex 3.80091 -11.698 0
      vertex 4.25724 -11.5398 0
    endloop
  endfacet
  facet normal 0 0 -1
    outer loop
      vertex 1.36038 -29.7981 0
      vertex 5.08412 -32.0999 0
      vertex 1.37903 -29.8519 0
    endloop
  endfacet
  facet normal 0 0 -1
    outer loop
      vertex 1.43215 -30.5268 0
      vertex 3.81997 -32.2747 0
      vertex 2.54992 -32.3998 0
    endloop
  endfacet
  facet normal 0 0 -1
    outer loop
      vertex 1.42214 -30.0171 0
      vertex 5.08412 -32.0999 0
      vertex 1.43215 -30.0732 0
    endloop
  endfacet
  facet normal 0 0 -1
    outer loop
      vertex 1.40994 -29.9615 0
      vertex 5.08412 -32.0999 0
      vertex 1.42214 -30.0171 0
    endloop
  endfacet
  facet normal 0 0 -1
    outer loop
      vertex 1.39556 -29.9064 0
      vertex 5.08412 -32.0999 0
      vertex 1.40994 -29.9615 0
    endloop
  endfacet
  facet normal 0 0 -1
    outer loop
      vertex 3.81997 -32.2747 0
      vertex 1.44888 -30.3569 0
      vertex 1.45 -30.3 0
    endloop
  endfacet
  facet normal 0 0 -1
    outer loop
      vertex 3.81997 -32.2747 0
      vertex 1.44553 -30.4138 0
      vertex 1.44888 -30.3569 0
    endloop
  endfacet
  facet normal 0 0 -1
    outer loop
      vertex 3.81997 -32.2747 0
      vertex 1.43995 -30.4704 0
      vertex 1.44553 -30.4138 0
    endloop
  endfacet
  facet normal 0 0 -1
    outer loop
      vertex 3.81997 -32.2747 0
      vertex 1.43215 -30.5268 0
      vertex 1.43995 -30.4704 0
    endloop
  endfacet
  facet normal 0 0 -1
    outer loop
      vertex 2.54992 -32.3998 0
      vertex 1.42214 -30.5829 0
      vertex 1.43215 -30.5268 0
    endloop
  endfacet
  facet normal 0 0 -1
    outer loop
      vertex 2.54992 -32.3998 0
      vertex 1.40994 -30.6385 0
      vertex 1.42214 -30.5829 0
    endloop
  endfacet
  facet normal 0 0 -1
    outer loop
      vertex 2.54992 -32.3998 0
      vertex 1.39556 -30.6936 0
      vertex 1.40994 -30.6385 0
    endloop
  endfacet
  facet normal 0 0 -1
    outer loop
      vertex 2.54992 -32.3998 0
      vertex 1.37903 -30.7481 0
      vertex 1.39556 -30.6936 0
    endloop
  endfacet
  facet normal 0 0 -1
    outer loop
      vertex 2.54992 -32.3998 0
      vertex 1.36038 -30.8019 0
      vertex 1.37903 -30.7481 0
    endloop
  endfacet
  facet normal 0 0 -1
    outer loop
      vertex 2.54992 -32.3998 0
      vertex 1.33962 -30.8549 0
      vertex 1.36038 -30.8019 0
    endloop
  endfacet
  facet normal 0 0 -1
    outer loop
      vertex 2.54992 -32.3998 0
      vertex 1.31681 -30.9071 0
      vertex 1.33962 -30.8549 0
    endloop
  endfacet
  facet normal 0 0 -1
    outer loop
      vertex 2.54992 -32.3998 0
      vertex 1.29196 -30.9583 0
      vertex 1.31681 -30.9071 0
    endloop
  endfacet
  facet normal 0 0 -1
    outer loop
      vertex 1.13871 -31.1977 0
      vertex 2.54992 -32.3998 0
      vertex 1.27594 -32.4749 0
    endloop
  endfacet
  facet normal 0 0 -1
    outer loop
      vertex 2.54992 -32.3998 0
      vertex 1.26512 -31.0085 0
      vertex 1.29196 -30.9583 0
    endloop
  endfacet
  facet normal 0 0 -1
    outer loop
      vertex 2.54992 -32.3998 0
      vertex 1.23633 -31.0576 0
      vertex 1.26512 -31.0085 0
    endloop
  endfacet
  facet normal 0 0 -1
    outer loop
      vertex 2.54992 -32.3998 0
      vertex 1.20563 -31.1056 0
      vertex 1.23633 -31.0576 0
    endloop
  endfacet
  facet normal 0 0 -1
    outer loop
      vertex 2.54992 -32.3998 0
      vertex 1.17307 -31.1523 0
      vertex 1.20563 -31.1056 0
    endloop
  endfacet
  facet normal 0 0 -1
    outer loop
      vertex 2.54992 -32.3998 0
      vertex 1.13871 -31.1977 0
      vertex 1.17307 -31.1523 0
    endloop
  endfacet
  facet normal 0 0 -1
    outer loop
      vertex 1.27594 -32.4749 0
      vertex 1.10259 -31.2417 0
      vertex 1.13871 -31.1977 0
    endloop
  endfacet
  facet normal 0 0 -1
    outer loop
      vertex 1.27594 -32.4749 0
      vertex 1.06477 -31.2843 0
      vertex 1.10259 -31.2417 0
    endloop
  endfacet
  facet normal 0 0 -1
    outer loop
      vertex 1.27594 -32.4749 0
      vertex 1.0253 -31.3253 0
      vertex 1.06477 -31.2843 0
    endloop
  endfacet
  facet normal 0 0 -1
    outer loop
      vertex 1.27594 -32.4749 0
      vertex 0.984261 -31.3648 0
      vertex 1.0253 -31.3253 0
    endloop
  endfacet
  facet normal 0 0 -1
    outer loop
      vertex 1.27594 -32.4749 0
      vertex 0.941699 -31.4026 0
      vertex 0.984261 -31.3648 0
    endloop
  endfacet
  facet normal 0 0 -1
    outer loop
      vertex 1.27594 -32.4749 0
      vertex 0.897686 -31.4387 0
      vertex 0.941699 -31.4026 0
    endloop
  endfacet
  facet normal 0 0 -1
    outer loop
      vertex 1.27594 -32.4749 0
      vertex 0.852288 -31.4731 0
      vertex 0.897686 -31.4387 0
    endloop
  endfacet
  facet normal 0 0 -1
    outer loop
      vertex 1.27594 -32.4749 0
      vertex 0.805576 -31.5056 0
      vertex 0.852288 -31.4731 0
    endloop
  endfacet
  facet normal 0 0 -1
    outer loop
      vertex 1.27594 -32.4749 0
      vertex 0.757623 -31.5363 0
      vertex 0.805576 -31.5056 0
    endloop
  endfacet
  facet normal 0 0 -1
    outer loop
      vertex 1.27594 -32.4749 0
      vertex 0.7085 -31.5651 0
      vertex 0.757623 -31.5363 0
    endloop
  endfacet
  facet normal 0 0 -1
    outer loop
      vertex 1.27594 -32.4749 0
      vertex 0.658286 -31.592 0
      vertex 0.7085 -31.5651 0
    endloop
  endfacet
  facet normal 0 0 -1
    outer loop
      vertex 1.27594 -32.4749 0
      vertex 0.607057 -31.6168 0
      vertex 0.658286 -31.592 0
    endloop
  endfacet
  facet normal 0 0 -1
    outer loop
      vertex 1.27594 -32.4749 0
      vertex 0.554891 -31.6396 0
      vertex 0.607057 -31.6168 0
    endloop
  endfacet
  facet normal 0 0 -1
    outer loop
      vertex 1.27594 -32.4749 0
      vertex 0.501869 -31.6604 0
      vertex 0.554891 -31.6396 0
    endloop
  endfacet
  facet normal 0 0 -1
    outer loop
      vertex 1.27594 -32.4749 0
      vertex 0.448074 -31.679 0
      vertex 0.501869 -31.6604 0
    endloop
  endfacet
  facet normal 0 0 -1
    outer loop
      vertex 0 -32.5 0
      vertex 0.448074 -31.679 0
      vertex 1.27594 -32.4749 0
    endloop
  endfacet
  facet normal 0 0 -1
    outer loop
      vertex 0.448074 -31.679 0
      vertex 0 -32.5 0
      vertex 0.393588 -31.6956 0
    endloop
  endfacet
  facet normal 0 0 -1
    outer loop
      vertex 0.393588 -31.6956 0
      vertex 0 -32.5 0
      vertex 0.338495 -31.7099 0
    endloop
  endfacet
  facet normal 0 0 -1
    outer loop
      vertex 0.338495 -31.7099 0
      vertex 0 -32.5 0
      vertex 0.282881 -31.7221 0
    endloop
  endfacet
  facet normal 0 0 -1
    outer loop
      vertex 0.282881 -31.7221 0
      vertex 0 -32.5 0
      vertex 0.22683 -31.7321 0
    endloop
  endfacet
  facet normal 0 0 -1
    outer loop
      vertex 0.22683 -31.7321 0
      vertex 0 -32.5 0
      vertex 0.170428 -31.7399 0
    endloop
  endfacet
  facet normal 0 0 -1
    outer loop
      vertex 0.170428 -31.7399 0
      vertex 0 -32.5 0
      vertex 0.113765 -31.7455 0
    endloop
  endfacet
  facet normal 0 0 -1
    outer loop
      vertex 0.113765 -31.7455 0
      vertex 0 -32.5 0
      vertex 0.0569267 -31.7489 0
    endloop
  endfacet
  facet normal 0 0 -1
    outer loop
      vertex 0 -32.5 0
      vertex 0 -31.75 0
      vertex 0.0569267 -31.7489 0
    endloop
  endfacet
  facet normal 0 0 -1
    outer loop
      vertex 0 -32.5 0
      vertex -0.0569267 -31.7489 0
      vertex 0 -31.75 0
    endloop
  endfacet
  facet normal 0 0 -1
    outer loop
      vertex 0 -32.5 0
      vertex -0.113765 -31.7455 0
      vertex -0.0569267 -31.7489 0
    endloop
  endfacet
  facet normal 0 0 -1
    outer loop
      vertex 0 -32.5 0
      vertex -0.170428 -31.7399 0
      vertex -0.113765 -31.7455 0
    endloop
  endfacet
  facet normal 0 0 -1
    outer loop
      vertex 0 -32.5 0
      vertex -0.22683 -31.7321 0
      vertex -0.170428 -31.7399 0
    endloop
  endfacet
  facet normal 0 0 -1
    outer loop
      vertex 0 -32.5 0
      vertex -0.282881 -31.7221 0
      vertex -0.22683 -31.7321 0
    endloop
  endfacet
  facet normal 0 0 -1
    outer loop
      vertex 0 -32.5 0
      vertex -0.338495 -31.7099 0
      vertex -0.282881 -31.7221 0
    endloop
  endfacet
  facet normal 0 0 -1
    outer loop
      vertex 0 -32.5 0
      vertex -0.393588 -31.6956 0
      vertex -0.338495 -31.7099 0
    endloop
  endfacet
  facet normal 0 0 -1
    outer loop
      vertex 0 -32.5 0
      vertex -0.448074 -31.679 0
      vertex -0.393588 -31.6956 0
    endloop
  endfacet
  facet normal 0 0 -1
    outer loop
      vertex -1.27594 -32.4749 0
      vertex -0.448074 -31.679 0
      vertex 0 -32.5 0
    endloop
  endfacet
  facet normal -0 0 -1
    outer loop
      vertex -0.448074 -31.679 0
      vertex -1.27594 -32.4749 0
      vertex -0.501869 -31.6604 0
    endloop
  endfacet
  facet normal -0 0 -1
    outer loop
      vertex -0.501869 -31.6604 0
      vertex -1.27594 -32.4749 0
      vertex -0.554891 -31.6396 0
    endloop
  endfacet
  facet normal -0 0 -1
    outer loop
      vertex -0.554891 -31.6396 0
      vertex -1.27594 -32.4749 0
      vertex -0.607057 -31.6168 0
    endloop
  endfacet
  facet normal -0 0 -1
    outer loop
      vertex -0.607057 -31.6168 0
      vertex -1.27594 -32.4749 0
      vertex -0.658286 -31.592 0
    endloop
  endfacet
  facet normal -0 0 -1
    outer loop
      vertex -0.658286 -31.592 0
      vertex -1.27594 -32.4749 0
      vertex -0.7085 -31.5651 0
    endloop
  endfacet
  facet normal -0 0 -1
    outer loop
      vertex -0.7085 -31.5651 0
      vertex -1.27594 -32.4749 0
      vertex -0.757623 -31.5363 0
    endloop
  endfacet
  facet normal -0 0 -1
    outer loop
      vertex -0.757623 -31.5363 0
      vertex -1.27594 -32.4749 0
      vertex -0.805576 -31.5056 0
    endloop
  endfacet
  facet normal -0 0 -1
    outer loop
      vertex -0.805576 -31.5056 0
      vertex -1.27594 -32.4749 0
      vertex -0.852288 -31.4731 0
    endloop
  endfacet
  facet normal -0 0 -1
    outer loop
      vertex -0.852288 -31.4731 0
      vertex -1.27594 -32.4749 0
      vertex -0.897686 -31.4387 0
    endloop
  endfacet
  facet normal -0 0 -1
    outer loop
      vertex -0.897686 -31.4387 0
      vertex -1.27594 -32.4749 0
      vertex -0.941699 -31.4026 0
    endloop
  endfacet
  facet normal -0 0 -1
    outer loop
      vertex -0.941699 -31.4026 0
      vertex -1.27594 -32.4749 0
      vertex -0.984261 -31.3648 0
    endloop
  endfacet
  facet normal -0 0 -1
    outer loop
      vertex -0.984261 -31.3648 0
      vertex -1.27594 -32.4749 0
      vertex -1.0253 -31.3253 0
    endloop
  endfacet
  facet normal -0 0 -1
    outer loop
      vertex -1.0253 -31.3253 0
      vertex -1.27594 -32.4749 0
      vertex -1.06477 -31.2843 0
    endloop
  endfacet
  facet normal -0 0 -1
    outer loop
      vertex -1.06477 -31.2843 0
      vertex -1.27594 -32.4749 0
      vertex -1.10259 -31.2417 0
    endloop
  endfacet
  facet normal 0 0 -1
    outer loop
      vertex -1.27594 -32.4749 0
      vertex -1.13871 -31.1977 0
      vertex -1.10259 -31.2417 0
    endloop
  endfacet
  facet normal 0 0 -1
    outer loop
      vertex -2.54992 -32.3998 0
      vertex -1.13871 -31.1977 0
      vertex -1.27594 -32.4749 0
    endloop
  endfacet
  facet normal -0 0 -1
    outer loop
      vertex -1.13871 -31.1977 0
      vertex -2.54992 -32.3998 0
      vertex -1.17307 -31.1523 0
    endloop
  endfacet
  facet normal -0 0 -1
    outer loop
      vertex -1.17307 -31.1523 0
      vertex -2.54992 -32.3998 0
      vertex -1.20563 -31.1056 0
    endloop
  endfacet
  facet normal -0 0 -1
    outer loop
      vertex -1.20563 -31.1056 0
      vertex -2.54992 -32.3998 0
      vertex -1.23633 -31.0576 0
    endloop
  endfacet
  facet normal -0 0 -1
    outer loop
      vertex -1.23633 -31.0576 0
      vertex -2.54992 -32.3998 0
      vertex -1.26512 -31.0085 0
    endloop
  endfacet
  facet normal -0 0 -1
    outer loop
      vertex -1.26512 -31.0085 0
      vertex -2.54992 -32.3998 0
      vertex -1.29196 -30.9583 0
    endloop
  endfacet
  facet normal -0 0 -1
    outer loop
      vertex -1.29196 -30.9583 0
      vertex -2.54992 -32.3998 0
      vertex -1.31681 -30.9071 0
    endloop
  endfacet
  facet normal -0 0 -1
    outer loop
      vertex -1.31681 -30.9071 0
      vertex -2.54992 -32.3998 0
      vertex -1.33962 -30.8549 0
    endloop
  endfacet
  facet normal -0 0 -1
    outer loop
      vertex -1.33962 -30.8549 0
      vertex -2.54992 -32.3998 0
      vertex -1.36038 -30.8019 0
    endloop
  endfacet
  facet normal -0 0 -1
    outer loop
      vertex -1.36038 -30.8019 0
      vertex -2.54992 -32.3998 0
      vertex -1.37903 -30.7481 0
    endloop
  endfacet
  facet normal -0 0 -1
    outer loop
      vertex -1.37903 -30.7481 0
      vertex -2.54992 -32.3998 0
      vertex -1.39556 -30.6936 0
    endloop
  endfacet
  facet normal -0 0 -1
    outer loop
      vertex -1.39556 -30.6936 0
      vertex -2.54992 -32.3998 0
      vertex -1.40994 -30.6385 0
    endloop
  endfacet
  facet normal -0 0 -1
    outer loop
      vertex -1.40994 -30.6385 0
      vertex -2.54992 -32.3998 0
      vertex -1.42214 -30.5829 0
    endloop
  endfacet
  facet normal -0 0 -1
    outer loop
      vertex -1.42214 -30.5829 0
      vertex -2.54992 -32.3998 0
      vertex -1.43215 -30.5268 0
    endloop
  endfacet
  facet normal 0 0 -1
    outer loop
      vertex -3.81997 -32.2747 0
      vertex -1.43215 -30.5268 0
      vertex -2.54992 -32.3998 0
    endloop
  endfacet
  facet normal 0 0 -1
    outer loop
      vertex -3.81997 -32.2747 0
      vertex -1.45 -30.3 0
      vertex -1.44888 -30.3569 0
    endloop
  endfacet
  facet normal 0 0 -1
    outer loop
      vertex -0.554891 -28.9604 0
      vertex -2.39961 -12.0637 0
      vertex -1.92414 -12.1486 0
    endloop
  endfacet
  facet normal -0 0 -1
    outer loop
      vertex -1.43215 -30.5268 0
      vertex -3.81997 -32.2747 0
      vertex -1.43995 -30.4704 0
    endloop
  endfacet
  facet normal -0 0 -1
    outer loop
      vertex -1.43995 -30.4704 0
      vertex -3.81997 -32.2747 0
      vertex -1.44553 -30.4138 0
    endloop
  endfacet
  facet normal -0 0 -1
    outer loop
      vertex -1.44553 -30.4138 0
      vertex -3.81997 -32.2747 0
      vertex -1.44888 -30.3569 0
    endloop
  endfacet
  facet normal 0 0 -1
    outer loop
      vertex -1.43215 -30.0732 0
      vertex -3.81997 -32.2747 0
      vertex -5.08412 -32.0999 0
    endloop
  endfacet
  facet normal 0 0 -1
    outer loop
      vertex -1.31681 -29.6929 0
      vertex -5.08412 -32.0999 0
      vertex -6.34044 -31.8755 0
    endloop
  endfacet
  facet normal 0 0 -1
    outer loop
      vertex -1.20563 -29.4944 0
      vertex -6.34044 -31.8755 0
      vertex -7.58697 -31.602 0
    endloop
  endfacet
  facet normal 0 0 -1
    outer loop
      vertex -0.658286 -29.008 0
      vertex -2.87138 -11.9601 0
      vertex -2.39961 -12.0637 0
    endloop
  endfacet
  facet normal 0 0 -1
    outer loop
      vertex -1.10259 -29.3583 0
      vertex -7.58697 -31.602 0
      vertex -8.82181 -31.2798 0
    endloop
  endfacet
  facet normal 0 0 -1
    outer loop
      vertex -0.757623 -29.0637 0
      vertex -3.33872 -11.8382 0
      vertex -2.87138 -11.9601 0
    endloop
  endfacet
  facet normal 0 0 -1
    outer loop
      vertex -0.984261 -29.2352 0
      vertex -8.82181 -31.2798 0
      vertex -10.0431 -30.9093 0
    endloop
  endfacet
  facet normal 0 0 -1
    outer loop
      vertex -0.852288 -29.1269 0
      vertex -3.80091 -11.698 0
      vertex -3.33872 -11.8382 0
    endloop
  endfacet
  facet normal -0 0 -1
    outer loop
      vertex -0.897686 -29.1613 0
      vertex -10.0431 -30.9093 0
      vertex -3.80091 -11.698 0
    endloop
  endfacet
  facet normal -0 0 -1
    outer loop
      vertex -3.80091 -11.698 0
      vertex -10.0431 -30.9093 0
      vertex -4.25724 -11.5398 0
    endloop
  endfacet
  facet normal 0 0 -1
    outer loop
      vertex -11.2488 -30.4912 0
      vertex -4.25724 -11.5398 0
      vertex -10.0431 -30.9093 0
    endloop
  endfacet
  facet normal -0 0 -1
    outer loop
      vertex -4.25724 -11.5398 0
      vertex -11.2488 -30.4912 0
      vertex -4.70701 -11.3637 0
    endloop
  endfacet
  facet normal 0 0 -1
    outer loop
      vertex -12.4372 -30.0261 0
      vertex -4.70701 -11.3637 0
      vertex -11.2488 -30.4912 0
    endloop
  endfacet
  facet normal -0 0 -1
    outer loop
      vertex -4.70701 -11.3637 0
      vertex -12.4372 -30.0261 0
      vertex -5.14951 -11.1702 0
    endloop
  endfacet
  facet normal 0 0 -1
    outer loop
      vertex -13.6064 -29.5147 0
      vertex -5.14951 -11.1702 0
      vertex -12.4372 -30.0261 0
    endloop
  endfacet
  facet normal -0 0 -1
    outer loop
      vertex -5.14951 -11.1702 0
      vertex -13.6064 -29.5147 0
      vertex -5.58408 -10.9594 0
    endloop
  endfacet
  facet normal 0 0 -1
    outer loop
      vertex -14.7547 -28.9577 0
      vertex -5.58408 -10.9594 0
      vertex -13.6064 -29.5147 0
    endloop
  endfacet
  facet normal -0 0 -1
    outer loop
      vertex -5.58408 -10.9594 0
      vertex -14.7547 -28.9577 0
      vertex -6.01004 -10.7317 0
    endloop
  endfacet
  facet normal 0 0 -1
    outer loop
      vertex -15.8802 -28.3561 0
      vertex -6.01004 -10.7317 0
      vertex -14.7547 -28.9577 0
    endloop
  endfacet
  facet normal -0 0 -1
    outer loop
      vertex -6.01004 -10.7317 0
      vertex -15.8802 -28.3561 0
      vertex -6.42673 -10.4875 0
    endloop
  endfacet
  facet normal 0 0 -1
    outer loop
      vertex -16.9812 -27.7108 0
      vertex -6.42673 -10.4875 0
      vertex -15.8802 -28.3561 0
    endloop
  endfacet
  facet normal -0 0 -1
    outer loop
      vertex -6.42673 -10.4875 0
      vertex -16.9812 -27.7108 0
      vertex -6.83351 -10.2271 0
    endloop
  endfacet
  facet normal 0 0 -1
    outer loop
      vertex -18.056 -27.0228 0
      vertex -6.83351 -10.2271 0
      vertex -16.9812 -27.7108 0
    endloop
  endfacet
  facet normal -0 0 -1
    outer loop
      vertex -6.83351 -10.2271 0
      vertex -18.056 -27.0228 0
      vertex -7.22976 -9.95091 0
    endloop
  endfacet
  facet normal 0 0 -1
    outer loop
      vertex -19.103 -26.2931 0
      vertex -7.22976 -9.95091 0
      vertex -18.056 -27.0228 0
    endloop
  endfacet
  facet normal -0 0 -1
    outer loop
      vertex -7.22976 -9.95091 0
      vertex -19.103 -26.2931 0
      vertex -7.61485 -9.6594 0
    endloop
  endfacet
  facet normal 0 0 -1
    outer loop
      vertex -20.1206 -25.5228 0
      vertex -7.61485 -9.6594 0
      vertex -19.103 -26.2931 0
    endloop
  endfacet
  facet normal -0 0 -1
    outer loop
      vertex -7.61485 -9.6594 0
      vertex -20.1206 -25.5228 0
      vertex -7.98821 -9.35299 0
    endloop
  endfacet
  facet normal 0 0 -1
    outer loop
      vertex -21.1071 -24.7132 0
      vertex -7.98821 -9.35299 0
      vertex -20.1206 -25.5228 0
    endloop
  endfacet
  facet normal -0 0 -1
    outer loop
      vertex -7.98821 -9.35299 0
      vertex -21.1071 -24.7132 0
      vertex -8.34925 -9.03217 0
    endloop
  endfacet
  facet normal 0 0 -1
    outer loop
      vertex -22.061 -23.8655 0
      vertex -8.34925 -9.03217 0
      vertex -21.1071 -24.7132 0
    endloop
  endfacet
  facet normal -0 0 -1
    outer loop
      vertex -8.34925 -9.03217 0
      vertex -22.061 -23.8655 0
      vertex -8.69741 -8.69741 0
    endloop
  endfacet
  facet normal 0 0 -1
    outer loop
      vertex -22.981 -22.981 0
      vertex -8.69741 -8.69741 0
      vertex -22.061 -23.8655 0
    endloop
  endfacet
  facet normal -0 0 -1
    outer loop
      vertex -8.69741 -8.69741 0
      vertex -22.981 -22.981 0
      vertex -9.03217 -8.34925 0
    endloop
  endfacet
  facet normal 0 0 -1
    outer loop
      vertex -23.8655 -22.061 0
      vertex -9.03217 -8.34925 0
      vertex -22.981 -22.981 0
    endloop
  endfacet
  facet normal -0 0 -1
    outer loop
      vertex -9.03217 -8.34925 0
      vertex -23.8655 -22.061 0
      vertex -9.35299 -7.98821 0
    endloop
  endfacet
  facet normal 0 0 -1
    outer loop
      vertex -24.7132 -21.1071 0
      vertex -9.35299 -7.98821 0
      vertex -23.8655 -22.061 0
    endloop
  endfacet
  facet normal -0 0 -1
    outer loop
      vertex -9.35299 -7.98821 0
      vertex -24.7132 -21.1071 0
      vertex -9.6594 -7.61485 0
    endloop
  endfacet
  facet normal 0 0 -1
    outer loop
      vertex -25.5228 -20.1206 0
      vertex -9.6594 -7.61485 0
      vertex -24.7132 -21.1071 0
    endloop
  endfacet
  facet normal -0 0 -1
    outer loop
      vertex -9.6594 -7.61485 0
      vertex -25.5228 -20.1206 0
      vertex -9.95091 -7.22976 0
    endloop
  endfacet
  facet normal 0 0 -1
    outer loop
      vertex -26.2931 -19.103 0
      vertex -9.95091 -7.22976 0
      vertex -25.5228 -20.1206 0
    endloop
  endfacet
  facet normal 0 0 -1
    outer loop
      vertex -27.0228 -18.056 0
      vertex -10.2271 -6.83351 0
      vertex -26.2931 -19.103 0
    endloop
  endfacet
  facet normal -0 0 -1
    outer loop
      vertex -9.95091 -7.22976 0
      vertex -26.2931 -19.103 0
      vertex -10.2271 -6.83351 0
    endloop
  endfacet
  facet normal -0.916229 -0.400656 0
    outer loop
      vertex 11.3637 4.70701 0
      vertex 11.1702 5.14951 1.8
      vertex 11.1702 5.14951 0
    endloop
  endfacet
  facet normal -0.916229 -0.400656 0
    outer loop
      vertex 11.1702 5.14951 1.8
      vertex 11.3637 4.70701 0
      vertex 11.3637 4.70701 1.8
    endloop
  endfacet
  facet normal -0.99059 0.13686 0
    outer loop
      vertex 12.1486 -1.92414 0
      vertex 12.2147 -1.44571 1.8
      vertex 12.2147 -1.44571 0
    endloop
  endfacet
  facet normal -0.99059 0.13686 0
    outer loop
      vertex 12.2147 -1.44571 1.8
      vertex 12.1486 -1.92414 0
      vertex 12.1486 -1.92414 1.8
    endloop
  endfacet
  facet normal -0.99827 -0.0588008 0
    outer loop
      vertex 12.2905 0.482895 0
      vertex 12.2621 0.965046 1.8
      vertex 12.2621 0.965046 0
    endloop
  endfacet
  facet normal -0.99827 -0.0588008 0
    outer loop
      vertex 12.2621 0.965046 1.8
      vertex 12.2905 0.482895 0
      vertex 12.2905 0.482895 1.8
    endloop
  endfacet
  facet normal -0.999807 -0.0196692 0
    outer loop
      vertex 12.3 0 0
      vertex 12.2905 0.482895 1.8
      vertex 12.2905 0.482895 0
    endloop
  endfacet
  facet normal -0.999807 -0.0196692 0
    outer loop
      vertex 12.2905 0.482895 1.8
      vertex 12.3 0 0
      vertex 12.3 0 1.8
    endloop
  endfacet
  facet normal -0.984429 0.17578 0
    outer loop
      vertex 12.0637 -2.39961 0
      vertex 12.1486 -1.92414 1.8
      vertex 12.1486 -1.92414 0
    endloop
  endfacet
  facet normal -0.984429 0.17578 0
    outer loop
      vertex 12.1486 -1.92414 1.8
      vertex 12.0637 -2.39961 0
      vertex 12.0637 -2.39961 1.8
    endloop
  endfacet
  facet normal -0.842214 -0.539143 0
    outer loop
      vertex 10.4875 6.42673 0
      vertex 10.2271 6.83351 1.8
      vertex 10.2271 6.83351 0
    endloop
  endfacet
  facet normal -0.842214 -0.539143 0
    outer loop
      vertex 10.2271 6.83351 1.8
      vertex 10.4875 6.42673 0
      vertex 10.4875 6.42673 1.8
    endloop
  endfacet
  facet normal -0.603562 -0.797316 0
    outer loop
      vertex 7.22976 9.95091 0
      vertex 7.61485 9.6594 1.8
      vertex 7.22976 9.95091 1.8
    endloop
  endfacet
  facet normal -0.603562 -0.797316 -0
    outer loop
      vertex 7.61485 9.6594 1.8
      vertex 7.22976 9.95091 0
      vertex 7.61485 9.6594 0
    endloop
  endfacet
  facet normal -0.43644 -0.899733 0
    outer loop
      vertex 5.14951 11.1702 0
      vertex 5.58408 10.9594 1.8
      vertex 5.14951 11.1702 1.8
    endloop
  endfacet
  facet normal -0.43644 -0.899733 -0
    outer loop
      vertex 5.58408 10.9594 1.8
      vertex 5.14951 11.1702 0
      vertex 5.58408 10.9594 0
    endloop
  endfacet
  facet normal -0.747517 -0.664243 0
    outer loop
      vertex 9.35299 7.98821 0
      vertex 9.03217 8.34925 1.8
      vertex 9.03217 8.34925 0
    endloop
  endfacet
  facet normal -0.747517 -0.664243 0
    outer loop
      vertex 9.03217 8.34925 1.8
      vertex 9.35299 7.98821 0
      vertex 9.35299 7.98821 1.8
    endloop
  endfacet
  facet normal 0.214488 -0.976727 0
    outer loop
      vertex -2.87138 11.9601 0
      vertex -2.39961 12.0637 1.8
      vertex -2.87138 11.9601 1.8
    endloop
  endfacet
  facet normal 0.214488 -0.976727 0
    outer loop
      vertex -2.39961 12.0637 1.8
      vertex -2.87138 11.9601 0
      vertex -2.39961 12.0637 0
    endloop
  endfacet
  facet normal 0.571815 -0.820383 0
    outer loop
      vertex -7.22976 9.95091 0
      vertex -6.83351 10.2271 1.8
      vertex -7.22976 9.95091 1.8
    endloop
  endfacet
  facet normal 0.571815 -0.820383 0
    outer loop
      vertex -6.83351 10.2271 1.8
      vertex -7.22976 9.95091 0
      vertex -6.83351 10.2271 0
    endloop
  endfacet
  facet normal -0.820383 -0.571815 0
    outer loop
      vertex 10.2271 6.83351 0
      vertex 9.95091 7.22976 1.8
      vertex 9.95091 7.22976 0
    endloop
  endfacet
  facet normal -0.820383 -0.571815 0
    outer loop
      vertex 9.95091 7.22976 1.8
      vertex 10.2271 6.83351 0
      vertex 10.2271 6.83351 1.8
    endloop
  endfacet
  facet normal -0.881904 0.471428 0
    outer loop
      vertex 10.7317 -6.01004 0
      vertex 10.9594 -5.58408 1.8
      vertex 10.9594 -5.58408 0
    endloop
  endfacet
  facet normal -0.881904 0.471428 0
    outer loop
      vertex 10.9594 -5.58408 1.8
      vertex 10.7317 -6.01004 0
      vertex 10.7317 -6.01004 1.8
    endloop
  endfacet
  facet normal 0.984429 0.17578 0
    outer loop
      vertex -12.0637 -2.39961 1.8
      vertex -12.1486 -1.92414 0
      vertex -12.1486 -1.92414 1.8
    endloop
  endfacet
  facet normal 0.984429 0.17578 0
    outer loop
      vertex -12.1486 -1.92414 0
      vertex -12.0637 -2.39961 1.8
      vertex -12.0637 -2.39961 0
    endloop
  endfacet
  facet normal 0.820383 0.571815 0
    outer loop
      vertex -9.95091 -7.22976 1.8
      vertex -10.2271 -6.83351 0
      vertex -10.2271 -6.83351 1.8
    endloop
  endfacet
  facet normal 0.820383 0.571815 0
    outer loop
      vertex -10.2271 -6.83351 0
      vertex -9.95091 -7.22976 1.8
      vertex -9.95091 -7.22976 0
    endloop
  endfacet
  facet normal -0.842214 0.539143 0
    outer loop
      vertex 10.2271 -6.83351 0
      vertex 10.4875 -6.42673 1.8
      vertex 10.4875 -6.42673 0
    endloop
  endfacet
  facet normal -0.842214 0.539143 0
    outer loop
      vertex 10.4875 -6.42673 1.8
      vertex 10.2271 -6.83351 0
      vertex 10.2271 -6.83351 1.8
    endloop
  endfacet
  facet normal -0.0588008 0.99827 0
    outer loop
      vertex 0.965046 -12.2621 0
      vertex 0.482895 -12.2905 1.8
      vertex 0.965046 -12.2621 1.8
    endloop
  endfacet
  facet normal -0.0588008 0.99827 0
    outer loop
      vertex 0.482895 -12.2905 1.8
      vertex 0.965046 -12.2621 0
      vertex 0.482895 -12.2905 0
    endloop
  endfacet
  facet normal -0.664243 -0.747517 0
    outer loop
      vertex 7.98821 9.35299 0
      vertex 8.34925 9.03217 1.8
      vertex 7.98821 9.35299 1.8
    endloop
  endfacet
  facet normal -0.664243 -0.747517 -0
    outer loop
      vertex 8.34925 9.03217 1.8
      vertex 7.98821 9.35299 0
      vertex 8.34925 9.03217 0
    endloop
  endfacet
  facet normal 0.693099 -0.720843 0
    outer loop
      vertex -8.69741 8.69741 0
      vertex -8.34925 9.03217 1.8
      vertex -8.69741 8.69741 1.8
    endloop
  endfacet
  facet normal 0.693099 -0.720843 0
    outer loop
      vertex -8.34925 9.03217 1.8
      vertex -8.69741 8.69741 0
      vertex -8.34925 9.03217 0
    endloop
  endfacet
  facet normal -0.17578 0.984429 0
    outer loop
      vertex 2.39961 -12.0637 0
      vertex 1.92414 -12.1486 1.8
      vertex 2.39961 -12.0637 1.8
    endloop
  endfacet
  facet normal -0.17578 0.984429 0
    outer loop
      vertex 1.92414 -12.1486 1.8
      vertex 2.39961 -12.0637 0
      vertex 1.92414 -12.1486 0
    endloop
  endfacet
  facet normal 0.842214 -0.539143 0
    outer loop
      vertex -10.4875 6.42673 1.8
      vertex -10.2271 6.83351 0
      vertex -10.2271 6.83351 1.8
    endloop
  endfacet
  facet normal 0.842214 -0.539143 0
    outer loop
      vertex -10.2271 6.83351 0
      vertex -10.4875 6.42673 1.8
      vertex -10.4875 6.42673 0
    endloop
  endfacet
  facet normal 0.364584 0.93117 -0
    outer loop
      vertex -4.25724 -11.5398 0
      vertex -4.70701 -11.3637 1.8
      vertex -4.25724 -11.5398 1.8
    endloop
  endfacet
  facet normal 0.364584 0.93117 0
    outer loop
      vertex -4.70701 -11.3637 1.8
      vertex -4.25724 -11.5398 0
      vertex -4.70701 -11.3637 0
    endloop
  endfacet
  facet normal 0.571815 0.820383 -0
    outer loop
      vertex -6.83351 -10.2271 0
      vertex -7.22976 -9.95091 1.8
      vertex -6.83351 -10.2271 1.8
    endloop
  endfacet
  facet normal 0.571815 0.820383 0
    outer loop
      vertex -7.22976 -9.95091 1.8
      vertex -6.83351 -10.2271 0
      vertex -7.22976 -9.95091 0
    endloop
  endfacet
  facet normal 0.944833 -0.327554 0
    outer loop
      vertex -11.698 3.80091 1.8
      vertex -11.5398 4.25724 0
      vertex -11.5398 4.25724 1.8
    endloop
  endfacet
  facet normal 0.944833 -0.327554 0
    outer loop
      vertex -11.5398 4.25724 0
      vertex -11.698 3.80091 1.8
      vertex -11.698 3.80091 0
    endloop
  endfacet
  facet normal 0.976727 -0.214488 0
    outer loop
      vertex -12.0637 2.39961 1.8
      vertex -11.9601 2.87138 0
      vertex -11.9601 2.87138 1.8
    endloop
  endfacet
  facet normal 0.976727 -0.214488 0
    outer loop
      vertex -11.9601 2.87138 0
      vertex -12.0637 2.39961 1.8
      vertex -12.0637 2.39961 0
    endloop
  endfacet
  facet normal -0.0588008 -0.99827 0
    outer loop
      vertex 0.482895 12.2905 0
      vertex 0.965046 12.2621 1.8
      vertex 0.482895 12.2905 1.8
    endloop
  endfacet
  facet normal -0.0588008 -0.99827 -0
    outer loop
      vertex 0.965046 12.2621 1.8
      vertex 0.482895 12.2905 0
      vertex 0.965046 12.2621 0
    endloop
  endfacet
  facet normal -0.944833 -0.327554 0
    outer loop
      vertex 11.698 3.80091 0
      vertex 11.5398 4.25724 1.8
      vertex 11.5398 4.25724 0
    endloop
  endfacet
  facet normal -0.944833 -0.327554 0
    outer loop
      vertex 11.5398 4.25724 1.8
      vertex 11.698 3.80091 0
      vertex 11.698 3.80091 1.8
    endloop
  endfacet
  facet normal 0.995173 -0.0981376 0
    outer loop
      vertex -12.2621 0.965046 1.8
      vertex -12.2147 1.44571 0
      vertex -12.2147 1.44571 1.8
    endloop
  endfacet
  facet normal 0.995173 -0.0981376 0
    outer loop
      vertex -12.2147 1.44571 0
      vertex -12.2621 0.965046 1.8
      vertex -12.2621 0.965046 0
    endloop
  endfacet
  facet normal -0.899733 -0.43644 0
    outer loop
      vertex 11.1702 5.14951 0
      vertex 10.9594 5.58408 1.8
      vertex 10.9594 5.58408 0
    endloop
  endfacet
  facet normal -0.899733 -0.43644 0
    outer loop
      vertex 10.9594 5.58408 1.8
      vertex 11.1702 5.14951 0
      vertex 11.1702 5.14951 1.8
    endloop
  endfacet
  facet normal 0.539143 0.842214 -0
    outer loop
      vertex -6.42673 -10.4875 0
      vertex -6.83351 -10.2271 1.8
      vertex -6.42673 -10.4875 1.8
    endloop
  endfacet
  facet normal 0.539143 0.842214 0
    outer loop
      vertex -6.83351 -10.2271 1.8
      vertex -6.42673 -10.4875 0
      vertex -6.83351 -10.2271 0
    endloop
  endfacet
  facet normal 0.747517 0.664243 0
    outer loop
      vertex -9.03217 -8.34925 1.8
      vertex -9.35299 -7.98821 0
      vertex -9.35299 -7.98821 1.8
    endloop
  endfacet
  facet normal 0.747517 0.664243 0
    outer loop
      vertex -9.35299 -7.98821 0
      vertex -9.03217 -8.34925 1.8
      vertex -9.03217 -8.34925 0
    endloop
  endfacet
  facet normal -0.290277 0.956943 0
    outer loop
      vertex 3.80091 -11.698 0
      vertex 3.33872 -11.8382 1.8
      vertex 3.80091 -11.698 1.8
    endloop
  endfacet
  facet normal -0.290277 0.956943 0
    outer loop
      vertex 3.33872 -11.8382 1.8
      vertex 3.80091 -11.698 0
      vertex 3.33872 -11.8382 0
    endloop
  endfacet
  facet normal -0.956943 0.290277 0
    outer loop
      vertex 11.698 -3.80091 0
      vertex 11.8382 -3.33872 1.8
      vertex 11.8382 -3.33872 0
    endloop
  endfacet
  facet normal -0.956943 0.290277 0
    outer loop
      vertex 11.8382 -3.33872 1.8
      vertex 11.698 -3.80091 0
      vertex 11.698 -3.80091 1.8
    endloop
  endfacet
  facet normal -0.539143 -0.842214 0
    outer loop
      vertex 6.42673 10.4875 0
      vertex 6.83351 10.2271 1.8
      vertex 6.42673 10.4875 1.8
    endloop
  endfacet
  facet normal -0.539143 -0.842214 -0
    outer loop
      vertex 6.83351 10.2271 1.8
      vertex 6.42673 10.4875 0
      vertex 6.83351 10.2271 0
    endloop
  endfacet
  facet normal 0.797316 0.603562 0
    outer loop
      vertex -9.6594 -7.61485 1.8
      vertex -9.95091 -7.22976 0
      vertex -9.95091 -7.22976 1.8
    endloop
  endfacet
  facet normal 0.797316 0.603562 0
    outer loop
      vertex -9.95091 -7.22976 0
      vertex -9.6594 -7.61485 1.8
      vertex -9.6594 -7.61485 0
    endloop
  endfacet
  facet normal 0.881904 0.471428 0
    outer loop
      vertex -10.7317 -6.01004 1.8
      vertex -10.9594 -5.58408 0
      vertex -10.9594 -5.58408 1.8
    endloop
  endfacet
  facet normal 0.881904 0.471428 0
    outer loop
      vertex -10.9594 -5.58408 0
      vertex -10.7317 -6.01004 1.8
      vertex -10.7317 -6.01004 0
    endloop
  endfacet
  facet normal 0.720843 -0.693099 0
    outer loop
      vertex -9.03217 8.34925 1.8
      vertex -8.69741 8.69741 0
      vertex -8.69741 8.69741 1.8
    endloop
  endfacet
  facet normal 0.720843 -0.693099 0
    outer loop
      vertex -8.69741 8.69741 0
      vertex -9.03217 8.34925 1.8
      vertex -9.03217 8.34925 0
    endloop
  endfacet
  facet normal -0.252393 0.967625 0
    outer loop
      vertex 3.33872 -11.8382 0
      vertex 2.87138 -11.9601 1.8
      vertex 3.33872 -11.8382 1.8
    endloop
  endfacet
  facet normal -0.252393 0.967625 0
    outer loop
      vertex 2.87138 -11.9601 1.8
      vertex 3.33872 -11.8382 0
      vertex 2.87138 -11.9601 0
    endloop
  endfacet
  facet normal 0.99827 -0.0588008 0
    outer loop
      vertex -12.2905 0.482895 1.8
      vertex -12.2621 0.965046 0
      vertex -12.2621 0.965046 1.8
    endloop
  endfacet
  facet normal 0.99827 -0.0588008 0
    outer loop
      vertex -12.2621 0.965046 0
      vertex -12.2905 0.482895 1.8
      vertex -12.2905 0.482895 0
    endloop
  endfacet
  facet normal -0.995173 0.0981376 0
    outer loop
      vertex 12.2147 -1.44571 0
      vertex 12.2621 -0.965046 1.8
      vertex 12.2621 -0.965046 0
    endloop
  endfacet
  facet normal -0.995173 0.0981376 0
    outer loop
      vertex 12.2621 -0.965046 1.8
      vertex 12.2147 -1.44571 0
      vertex 12.2147 -1.44571 1.8
    endloop
  endfacet
  facet normal 0.0981376 -0.995173 0
    outer loop
      vertex -1.44571 12.2147 0
      vertex -0.965046 12.2621 1.8
      vertex -1.44571 12.2147 1.8
    endloop
  endfacet
  facet normal 0.0981376 -0.995173 0
    outer loop
      vertex -0.965046 12.2621 1.8
      vertex -1.44571 12.2147 0
      vertex -0.965046 12.2621 0
    endloop
  endfacet
  facet normal -0.916229 0.400656 0
    outer loop
      vertex 11.1702 -5.14951 0
      vertex 11.3637 -4.70701 1.8
      vertex 11.3637 -4.70701 0
    endloop
  endfacet
  facet normal -0.916229 0.400656 0
    outer loop
      vertex 11.3637 -4.70701 1.8
      vertex 11.1702 -5.14951 0
      vertex 11.1702 -5.14951 1.8
    endloop
  endfacet
  facet normal -0.571815 0.820383 0
    outer loop
      vertex 7.22976 -9.95091 0
      vertex 6.83351 -10.2271 1.8
      vertex 7.22976 -9.95091 1.8
    endloop
  endfacet
  facet normal -0.571815 0.820383 0
    outer loop
      vertex 6.83351 -10.2271 1.8
      vertex 7.22976 -9.95091 0
      vertex 6.83351 -10.2271 0
    endloop
  endfacet
  facet normal -0.364584 -0.93117 0
    outer loop
      vertex 4.25724 11.5398 0
      vertex 4.70701 11.3637 1.8
      vertex 4.25724 11.5398 1.8
    endloop
  endfacet
  facet normal -0.364584 -0.93117 -0
    outer loop
      vertex 4.70701 11.3637 1.8
      vertex 4.25724 11.5398 0
      vertex 4.70701 11.3637 0
    endloop
  endfacet
  facet normal 0.899733 -0.43644 0
    outer loop
      vertex -11.1702 5.14951 1.8
      vertex -10.9594 5.58408 0
      vertex -10.9594 5.58408 1.8
    endloop
  endfacet
  facet normal 0.899733 -0.43644 0
    outer loop
      vertex -10.9594 5.58408 0
      vertex -11.1702 5.14951 1.8
      vertex -11.1702 5.14951 0
    endloop
  endfacet
  facet normal 0.0981376 0.995173 -0
    outer loop
      vertex -0.965046 -12.2621 0
      vertex -1.44571 -12.2147 1.8
      vertex -0.965046 -12.2621 1.8
    endloop
  endfacet
  facet normal 0.0981376 0.995173 0
    outer loop
      vertex -1.44571 -12.2147 1.8
      vertex -0.965046 -12.2621 0
      vertex -1.44571 -12.2147 0
    endloop
  endfacet
  facet normal 0.327554 -0.944833 0
    outer loop
      vertex -4.25724 11.5398 0
      vertex -3.80091 11.698 1.8
      vertex -4.25724 11.5398 1.8
    endloop
  endfacet
  facet normal 0.327554 -0.944833 0
    outer loop
      vertex -3.80091 11.698 1.8
      vertex -4.25724 11.5398 0
      vertex -3.80091 11.698 0
    endloop
  endfacet
  facet normal -0.820383 0.571815 0
    outer loop
      vertex 9.95091 -7.22976 0
      vertex 10.2271 -6.83351 1.8
      vertex 10.2271 -6.83351 0
    endloop
  endfacet
  facet normal -0.820383 0.571815 0
    outer loop
      vertex 10.2271 -6.83351 1.8
      vertex 9.95091 -7.22976 0
      vertex 9.95091 -7.22976 1.8
    endloop
  endfacet
  facet normal -0.364584 0.93117 0
    outer loop
      vertex 4.70701 -11.3637 0
      vertex 4.25724 -11.5398 1.8
      vertex 4.70701 -11.3637 1.8
    endloop
  endfacet
  facet normal -0.364584 0.93117 0
    outer loop
      vertex 4.25724 -11.5398 1.8
      vertex 4.70701 -11.3637 0
      vertex 4.25724 -11.5398 0
    endloop
  endfacet
  facet normal 0.43644 -0.899733 0
    outer loop
      vertex -5.58408 10.9594 0
      vertex -5.14951 11.1702 1.8
      vertex -5.58408 10.9594 1.8
    endloop
  endfacet
  facet normal 0.43644 -0.899733 0
    outer loop
      vertex -5.14951 11.1702 1.8
      vertex -5.58408 10.9594 0
      vertex -5.14951 11.1702 0
    endloop
  endfacet
  facet normal -0.976727 0.214488 0
    outer loop
      vertex 11.9601 -2.87138 0
      vertex 12.0637 -2.39961 1.8
      vertex 12.0637 -2.39961 0
    endloop
  endfacet
  facet normal -0.976727 0.214488 0
    outer loop
      vertex 12.0637 -2.39961 1.8
      vertex 11.9601 -2.87138 0
      vertex 11.9601 -2.87138 1.8
    endloop
  endfacet
  facet normal 0.471428 -0.881904 0
    outer loop
      vertex -6.01004 10.7317 0
      vertex -5.58408 10.9594 1.8
      vertex -6.01004 10.7317 1.8
    endloop
  endfacet
  facet normal 0.471428 -0.881904 0
    outer loop
      vertex -5.58408 10.9594 1.8
      vertex -6.01004 10.7317 0
      vertex -5.58408 10.9594 0
    endloop
  endfacet
  facet normal -0.400656 -0.916229 0
    outer loop
      vertex 4.70701 11.3637 0
      vertex 5.14951 11.1702 1.8
      vertex 4.70701 11.3637 1.8
    endloop
  endfacet
  facet normal -0.400656 -0.916229 -0
    outer loop
      vertex 5.14951 11.1702 1.8
      vertex 4.70701 11.3637 0
      vertex 5.14951 11.1702 0
    endloop
  endfacet
  facet normal -0.400656 0.916229 0
    outer loop
      vertex 5.14951 -11.1702 0
      vertex 4.70701 -11.3637 1.8
      vertex 5.14951 -11.1702 1.8
    endloop
  endfacet
  facet normal -0.400656 0.916229 0
    outer loop
      vertex 4.70701 -11.3637 1.8
      vertex 5.14951 -11.1702 0
      vertex 4.70701 -11.3637 0
    endloop
  endfacet
  facet normal 0.214488 0.976727 -0
    outer loop
      vertex -2.39961 -12.0637 0
      vertex -2.87138 -11.9601 1.8
      vertex -2.39961 -12.0637 1.8
    endloop
  endfacet
  facet normal 0.214488 0.976727 0
    outer loop
      vertex -2.87138 -11.9601 1.8
      vertex -2.39961 -12.0637 0
      vertex -2.87138 -11.9601 0
    endloop
  endfacet
  facet normal -0.43644 0.899733 0
    outer loop
      vertex 5.58408 -10.9594 0
      vertex 5.14951 -11.1702 1.8
      vertex 5.58408 -10.9594 1.8
    endloop
  endfacet
  facet normal -0.43644 0.899733 0
    outer loop
      vertex 5.14951 -11.1702 1.8
      vertex 5.58408 -10.9594 0
      vertex 5.14951 -11.1702 0
    endloop
  endfacet
  facet normal -0.976727 -0.214488 0
    outer loop
      vertex 12.0637 2.39961 0
      vertex 11.9601 2.87138 1.8
      vertex 11.9601 2.87138 0
    endloop
  endfacet
  facet normal -0.976727 -0.214488 0
    outer loop
      vertex 11.9601 2.87138 1.8
      vertex 12.0637 2.39961 0
      vertex 12.0637 2.39961 1.8
    endloop
  endfacet
  facet normal 0.539143 -0.842214 0
    outer loop
      vertex -6.83351 10.2271 0
      vertex -6.42673 10.4875 1.8
      vertex -6.83351 10.2271 1.8
    endloop
  endfacet
  facet normal 0.539143 -0.842214 0
    outer loop
      vertex -6.42673 10.4875 1.8
      vertex -6.83351 10.2271 0
      vertex -6.42673 10.4875 0
    endloop
  endfacet
  facet normal -0.505617 -0.862758 0
    outer loop
      vertex 6.01004 10.7317 0
      vertex 6.42673 10.4875 1.8
      vertex 6.01004 10.7317 1.8
    endloop
  endfacet
  facet normal -0.505617 -0.862758 -0
    outer loop
      vertex 6.42673 10.4875 1.8
      vertex 6.01004 10.7317 0
      vertex 6.42673 10.4875 0
    endloop
  endfacet
  facet normal 0.967625 -0.252393 0
    outer loop
      vertex -11.9601 2.87138 1.8
      vertex -11.8382 3.33872 0
      vertex -11.8382 3.33872 1.8
    endloop
  endfacet
  facet normal 0.967625 -0.252393 0
    outer loop
      vertex -11.8382 3.33872 0
      vertex -11.9601 2.87138 1.8
      vertex -11.9601 2.87138 0
    endloop
  endfacet
  facet normal -0.881904 -0.471428 0
    outer loop
      vertex 10.9594 5.58408 0
      vertex 10.7317 6.01004 1.8
      vertex 10.7317 6.01004 0
    endloop
  endfacet
  facet normal -0.881904 -0.471428 0
    outer loop
      vertex 10.7317 6.01004 1.8
      vertex 10.9594 5.58408 0
      vertex 10.9594 5.58408 1.8
    endloop
  endfacet
  facet normal -0.327554 -0.944833 0
    outer loop
      vertex 3.80091 11.698 0
      vertex 4.25724 11.5398 1.8
      vertex 3.80091 11.698 1.8
    endloop
  endfacet
  facet normal -0.327554 -0.944833 -0
    outer loop
      vertex 4.25724 11.5398 1.8
      vertex 3.80091 11.698 0
      vertex 4.25724 11.5398 0
    endloop
  endfacet
  facet normal -0.967625 0.252393 0
    outer loop
      vertex 11.8382 -3.33872 0
      vertex 11.9601 -2.87138 1.8
      vertex 11.9601 -2.87138 0
    endloop
  endfacet
  facet normal -0.967625 0.252393 0
    outer loop
      vertex 11.9601 -2.87138 1.8
      vertex 11.8382 -3.33872 0
      vertex 11.8382 -3.33872 1.8
    endloop
  endfacet
  facet normal 0.862758 0.505617 0
    outer loop
      vertex -10.4875 -6.42673 1.8
      vertex -10.7317 -6.01004 0
      vertex -10.7317 -6.01004 1.8
    endloop
  endfacet
  facet normal 0.862758 0.505617 0
    outer loop
      vertex -10.7317 -6.01004 0
      vertex -10.4875 -6.42673 1.8
      vertex -10.4875 -6.42673 0
    endloop
  endfacet
  facet normal 0.400656 -0.916229 0
    outer loop
      vertex -5.14951 11.1702 0
      vertex -4.70701 11.3637 1.8
      vertex -5.14951 11.1702 1.8
    endloop
  endfacet
  facet normal 0.400656 -0.916229 0
    outer loop
      vertex -4.70701 11.3637 1.8
      vertex -5.14951 11.1702 0
      vertex -4.70701 11.3637 0
    endloop
  endfacet
  facet normal 0.290277 -0.956943 0
    outer loop
      vertex -3.80091 11.698 0
      vertex -3.33872 11.8382 1.8
      vertex -3.80091 11.698 1.8
    endloop
  endfacet
  facet normal 0.290277 -0.956943 0
    outer loop
      vertex -3.33872 11.8382 1.8
      vertex -3.80091 11.698 0
      vertex -3.33872 11.8382 0
    endloop
  endfacet
  facet normal -0.984429 -0.17578 0
    outer loop
      vertex 12.1486 1.92414 0
      vertex 12.0637 2.39961 1.8
      vertex 12.0637 2.39961 0
    endloop
  endfacet
  facet normal -0.984429 -0.17578 0
    outer loop
      vertex 12.0637 2.39961 1.8
      vertex 12.1486 1.92414 0
      vertex 12.1486 1.92414 1.8
    endloop
  endfacet
  facet normal 0.842214 0.539143 0
    outer loop
      vertex -10.2271 -6.83351 1.8
      vertex -10.4875 -6.42673 0
      vertex -10.4875 -6.42673 1.8
    endloop
  endfacet
  facet normal 0.842214 0.539143 0
    outer loop
      vertex -10.4875 -6.42673 0
      vertex -10.2271 -6.83351 1.8
      vertex -10.2271 -6.83351 0
    endloop
  endfacet
  facet normal 0.999807 -0.0196692 0
    outer loop
      vertex -12.3 0 1.8
      vertex -12.2905 0.482895 0
      vertex -12.2905 0.482895 1.8
    endloop
  endfacet
  facet normal 0.999807 -0.0196692 0
    outer loop
      vertex -12.2905 0.482895 0
      vertex -12.3 0 1.8
      vertex -12.3 0 0
    endloop
  endfacet
  facet normal -0.720843 0.693099 0
    outer loop
      vertex 8.69741 -8.69741 0
      vertex 9.03217 -8.34925 1.8
      vertex 9.03217 -8.34925 0
    endloop
  endfacet
  facet normal -0.720843 0.693099 0
    outer loop
      vertex 9.03217 -8.34925 1.8
      vertex 8.69741 -8.69741 0
      vertex 8.69741 -8.69741 1.8
    endloop
  endfacet
  facet normal 0.747517 -0.664243 0
    outer loop
      vertex -9.35299 7.98821 1.8
      vertex -9.03217 8.34925 0
      vertex -9.03217 8.34925 1.8
    endloop
  endfacet
  facet normal 0.747517 -0.664243 0
    outer loop
      vertex -9.03217 8.34925 0
      vertex -9.35299 7.98821 1.8
      vertex -9.35299 7.98821 0
    endloop
  endfacet
  facet normal 0.881904 -0.471428 0
    outer loop
      vertex -10.9594 5.58408 1.8
      vertex -10.7317 6.01004 0
      vertex -10.7317 6.01004 1.8
    endloop
  endfacet
  facet normal 0.881904 -0.471428 0
    outer loop
      vertex -10.7317 6.01004 0
      vertex -10.9594 5.58408 1.8
      vertex -10.9594 5.58408 0
    endloop
  endfacet
  facet normal -0.862758 -0.505617 0
    outer loop
      vertex 10.7317 6.01004 0
      vertex 10.4875 6.42673 1.8
      vertex 10.4875 6.42673 0
    endloop
  endfacet
  facet normal -0.862758 -0.505617 0
    outer loop
      vertex 10.4875 6.42673 1.8
      vertex 10.7317 6.01004 0
      vertex 10.7317 6.01004 1.8
    endloop
  endfacet
  facet normal -0.797316 0.603562 0
    outer loop
      vertex 9.6594 -7.61485 0
      vertex 9.95091 -7.22976 1.8
      vertex 9.95091 -7.22976 0
    endloop
  endfacet
  facet normal -0.797316 0.603562 0
    outer loop
      vertex 9.95091 -7.22976 1.8
      vertex 9.6594 -7.61485 0
      vertex 9.6594 -7.61485 1.8
    endloop
  endfacet
  facet normal 0.400656 0.916229 -0
    outer loop
      vertex -4.70701 -11.3637 0
      vertex -5.14951 -11.1702 1.8
      vertex -4.70701 -11.3637 1.8
    endloop
  endfacet
  facet normal 0.400656 0.916229 0
    outer loop
      vertex -5.14951 -11.1702 1.8
      vertex -4.70701 -11.3637 0
      vertex -5.14951 -11.1702 0
    endloop
  endfacet
  facet normal 0.956943 -0.290277 0
    outer loop
      vertex -11.8382 3.33872 1.8
      vertex -11.698 3.80091 0
      vertex -11.698 3.80091 1.8
    endloop
  endfacet
  facet normal 0.956943 -0.290277 0
    outer loop
      vertex -11.698 3.80091 0
      vertex -11.8382 3.33872 1.8
      vertex -11.8382 3.33872 0
    endloop
  endfacet
  facet normal 0.916229 -0.400656 0
    outer loop
      vertex -11.3637 4.70701 1.8
      vertex -11.1702 5.14951 0
      vertex -11.1702 5.14951 1.8
    endloop
  endfacet
  facet normal 0.916229 -0.400656 0
    outer loop
      vertex -11.1702 5.14951 0
      vertex -11.3637 4.70701 1.8
      vertex -11.3637 4.70701 0
    endloop
  endfacet
  facet normal -0.214488 0.976727 0
    outer loop
      vertex 2.87138 -11.9601 0
      vertex 2.39961 -12.0637 1.8
      vertex 2.87138 -11.9601 1.8
    endloop
  endfacet
  facet normal -0.214488 0.976727 0
    outer loop
      vertex 2.39961 -12.0637 1.8
      vertex 2.87138 -11.9601 0
      vertex 2.39961 -12.0637 0
    endloop
  endfacet
  facet normal -0.967625 -0.252393 0
    outer loop
      vertex 11.9601 2.87138 0
      vertex 11.8382 3.33872 1.8
      vertex 11.8382 3.33872 0
    endloop
  endfacet
  facet normal -0.967625 -0.252393 0
    outer loop
      vertex 11.8382 3.33872 1.8
      vertex 11.9601 2.87138 0
      vertex 11.9601 2.87138 1.8
    endloop
  endfacet
  facet normal 0.720843 0.693099 0
    outer loop
      vertex -8.69741 -8.69741 1.8
      vertex -9.03217 -8.34925 0
      vertex -9.03217 -8.34925 1.8
    endloop
  endfacet
  facet normal 0.720843 0.693099 0
    outer loop
      vertex -9.03217 -8.34925 0
      vertex -8.69741 -8.69741 1.8
      vertex -8.69741 -8.69741 0
    endloop
  endfacet
  facet normal -0.571815 -0.820383 0
    outer loop
      vertex 6.83351 10.2271 0
      vertex 7.22976 9.95091 1.8
      vertex 6.83351 10.2271 1.8
    endloop
  endfacet
  facet normal -0.571815 -0.820383 -0
    outer loop
      vertex 7.22976 9.95091 1.8
      vertex 6.83351 10.2271 0
      vertex 7.22976 9.95091 0
    endloop
  endfacet
  facet normal 0.820383 -0.571815 0
    outer loop
      vertex -10.2271 6.83351 1.8
      vertex -9.95091 7.22976 0
      vertex -9.95091 7.22976 1.8
    endloop
  endfacet
  facet normal 0.820383 -0.571815 0
    outer loop
      vertex -9.95091 7.22976 0
      vertex -10.2271 6.83351 1.8
      vertex -10.2271 6.83351 0
    endloop
  endfacet
  facet normal 0.364584 -0.93117 0
    outer loop
      vertex -4.70701 11.3637 0
      vertex -4.25724 11.5398 1.8
      vertex -4.70701 11.3637 1.8
    endloop
  endfacet
  facet normal 0.364584 -0.93117 0
    outer loop
      vertex -4.25724 11.5398 1.8
      vertex -4.70701 11.3637 0
      vertex -4.25724 11.5398 0
    endloop
  endfacet
  facet normal -0.13686 0.99059 0
    outer loop
      vertex 1.92414 -12.1486 0
      vertex 1.44571 -12.2147 1.8
      vertex 1.92414 -12.1486 1.8
    endloop
  endfacet
  facet normal -0.13686 0.99059 0
    outer loop
      vertex 1.44571 -12.2147 1.8
      vertex 1.92414 -12.1486 0
      vertex 1.44571 -12.2147 0
    endloop
  endfacet
  facet normal 0.13686 -0.99059 0
    outer loop
      vertex -1.92414 12.1486 0
      vertex -1.44571 12.2147 1.8
      vertex -1.92414 12.1486 1.8
    endloop
  endfacet
  facet normal 0.13686 -0.99059 0
    outer loop
      vertex -1.44571 12.2147 1.8
      vertex -1.92414 12.1486 0
      vertex -1.44571 12.2147 0
    endloop
  endfacet
  facet normal -0.634395 -0.773009 0
    outer loop
      vertex 7.61485 9.6594 0
      vertex 7.98821 9.35299 1.8
      vertex 7.61485 9.6594 1.8
    endloop
  endfacet
  facet normal -0.634395 -0.773009 -0
    outer loop
      vertex 7.98821 9.35299 1.8
      vertex 7.61485 9.6594 0
      vertex 7.98821 9.35299 0
    endloop
  endfacet
  facet normal 0.916229 0.400656 0
    outer loop
      vertex -11.1702 -5.14951 1.8
      vertex -11.3637 -4.70701 0
      vertex -11.3637 -4.70701 1.8
    endloop
  endfacet
  facet normal 0.916229 0.400656 0
    outer loop
      vertex -11.3637 -4.70701 0
      vertex -11.1702 -5.14951 1.8
      vertex -11.1702 -5.14951 0
    endloop
  endfacet
  facet normal 0.17578 -0.984429 0
    outer loop
      vertex -2.39961 12.0637 0
      vertex -1.92414 12.1486 1.8
      vertex -2.39961 12.0637 1.8
    endloop
  endfacet
  facet normal 0.17578 -0.984429 0
    outer loop
      vertex -1.92414 12.1486 1.8
      vertex -2.39961 12.0637 0
      vertex -1.92414 12.1486 0
    endloop
  endfacet
  facet normal -0.0981376 0.995173 0
    outer loop
      vertex 1.44571 -12.2147 0
      vertex 0.965046 -12.2621 1.8
      vertex 1.44571 -12.2147 1.8
    endloop
  endfacet
  facet normal -0.0981376 0.995173 0
    outer loop
      vertex 0.965046 -12.2621 1.8
      vertex 1.44571 -12.2147 0
      vertex 0.965046 -12.2621 0
    endloop
  endfacet
  facet normal 0.99827 0.0588008 0
    outer loop
      vertex -12.2621 -0.965046 1.8
      vertex -12.2905 -0.482895 0
      vertex -12.2905 -0.482895 1.8
    endloop
  endfacet
  facet normal 0.99827 0.0588008 0
    outer loop
      vertex -12.2905 -0.482895 0
      vertex -12.2621 -0.965046 1.8
      vertex -12.2621 -0.965046 0
    endloop
  endfacet
  facet normal -0.99827 0.0588008 0
    outer loop
      vertex 12.2621 -0.965046 0
      vertex 12.2905 -0.482895 1.8
      vertex 12.2905 -0.482895 0
    endloop
  endfacet
  facet normal -0.99827 0.0588008 0
    outer loop
      vertex 12.2905 -0.482895 1.8
      vertex 12.2621 -0.965046 0
      vertex 12.2621 -0.965046 1.8
    endloop
  endfacet
  facet normal -0.999807 0.0196692 0
    outer loop
      vertex 12.2905 -0.482895 0
      vertex 12.3 0 1.8
      vertex 12.3 0 0
    endloop
  endfacet
  facet normal -0.999807 0.0196692 0
    outer loop
      vertex 12.3 0 1.8
      vertex 12.2905 -0.482895 0
      vertex 12.2905 -0.482895 1.8
    endloop
  endfacet
  facet normal 0.664243 -0.747517 0
    outer loop
      vertex -8.34925 9.03217 0
      vertex -7.98821 9.35299 1.8
      vertex -8.34925 9.03217 1.8
    endloop
  endfacet
  facet normal 0.664243 -0.747517 0
    outer loop
      vertex -7.98821 9.35299 1.8
      vertex -8.34925 9.03217 0
      vertex -7.98821 9.35299 0
    endloop
  endfacet
  facet normal -0.944833 0.327554 0
    outer loop
      vertex 11.5398 -4.25724 0
      vertex 11.698 -3.80091 1.8
      vertex 11.698 -3.80091 0
    endloop
  endfacet
  facet normal -0.944833 0.327554 0
    outer loop
      vertex 11.698 -3.80091 1.8
      vertex 11.5398 -4.25724 0
      vertex 11.5398 -4.25724 1.8
    endloop
  endfacet
  facet normal -0.664243 0.747517 0
    outer loop
      vertex 8.34925 -9.03217 0
      vertex 7.98821 -9.35299 1.8
      vertex 8.34925 -9.03217 1.8
    endloop
  endfacet
  facet normal -0.664243 0.747517 0
    outer loop
      vertex 7.98821 -9.35299 1.8
      vertex 8.34925 -9.03217 0
      vertex 7.98821 -9.35299 0
    endloop
  endfacet
  facet normal 0.505617 -0.862758 0
    outer loop
      vertex -6.42673 10.4875 0
      vertex -6.01004 10.7317 1.8
      vertex -6.42673 10.4875 1.8
    endloop
  endfacet
  facet normal 0.505617 -0.862758 0
    outer loop
      vertex -6.01004 10.7317 1.8
      vertex -6.42673 10.4875 0
      vertex -6.01004 10.7317 0
    endloop
  endfacet
  facet normal 0.976727 0.214488 0
    outer loop
      vertex -11.9601 -2.87138 1.8
      vertex -12.0637 -2.39961 0
      vertex -12.0637 -2.39961 1.8
    endloop
  endfacet
  facet normal 0.976727 0.214488 0
    outer loop
      vertex -12.0637 -2.39961 0
      vertex -11.9601 -2.87138 1.8
      vertex -11.9601 -2.87138 0
    endloop
  endfacet
  facet normal 0.0588008 -0.99827 0
    outer loop
      vertex -0.965046 12.2621 0
      vertex -0.482895 12.2905 1.8
      vertex -0.965046 12.2621 1.8
    endloop
  endfacet
  facet normal 0.0588008 -0.99827 0
    outer loop
      vertex -0.482895 12.2905 1.8
      vertex -0.965046 12.2621 0
      vertex -0.482895 12.2905 0
    endloop
  endfacet
  facet normal -0.747517 0.664243 0
    outer loop
      vertex 9.03217 -8.34925 0
      vertex 9.35299 -7.98821 1.8
      vertex 9.35299 -7.98821 0
    endloop
  endfacet
  facet normal -0.747517 0.664243 0
    outer loop
      vertex 9.35299 -7.98821 1.8
      vertex 9.03217 -8.34925 0
      vertex 9.03217 -8.34925 1.8
    endloop
  endfacet
  facet normal -0.0196692 0.999807 0
    outer loop
      vertex 0.482895 -12.2905 0
      vertex 0 -12.3 1.8
      vertex 0.482895 -12.2905 1.8
    endloop
  endfacet
  facet normal -0.0196692 0.999807 0
    outer loop
      vertex 0 -12.3 1.8
      vertex 0.482895 -12.2905 0
      vertex 0 -12.3 0
    endloop
  endfacet
  facet normal 0.999807 0.0196692 0
    outer loop
      vertex -12.2905 -0.482895 1.8
      vertex -12.3 0 0
      vertex -12.3 0 1.8
    endloop
  endfacet
  facet normal 0.999807 0.0196692 0
    outer loop
      vertex -12.3 0 0
      vertex -12.2905 -0.482895 1.8
      vertex -12.2905 -0.482895 0
    endloop
  endfacet
  facet normal 0.634395 -0.773009 0
    outer loop
      vertex -7.98821 9.35299 0
      vertex -7.61485 9.6594 1.8
      vertex -7.98821 9.35299 1.8
    endloop
  endfacet
  facet normal 0.634395 -0.773009 0
    outer loop
      vertex -7.61485 9.6594 1.8
      vertex -7.98821 9.35299 0
      vertex -7.61485 9.6594 0
    endloop
  endfacet
  facet normal 0.603562 -0.797316 0
    outer loop
      vertex -7.61485 9.6594 0
      vertex -7.22976 9.95091 1.8
      vertex -7.61485 9.6594 1.8
    endloop
  endfacet
  facet normal 0.603562 -0.797316 0
    outer loop
      vertex -7.22976 9.95091 1.8
      vertex -7.61485 9.6594 0
      vertex -7.22976 9.95091 0
    endloop
  endfacet
  facet normal -0.603562 0.797316 0
    outer loop
      vertex 7.61485 -9.6594 0
      vertex 7.22976 -9.95091 1.8
      vertex 7.61485 -9.6594 1.8
    endloop
  endfacet
  facet normal -0.603562 0.797316 0
    outer loop
      vertex 7.22976 -9.95091 1.8
      vertex 7.61485 -9.6594 0
      vertex 7.22976 -9.95091 0
    endloop
  endfacet
  facet normal -0.471428 -0.881904 0
    outer loop
      vertex 5.58408 10.9594 0
      vertex 6.01004 10.7317 1.8
      vertex 5.58408 10.9594 1.8
    endloop
  endfacet
  facet normal -0.471428 -0.881904 -0
    outer loop
      vertex 6.01004 10.7317 1.8
      vertex 5.58408 10.9594 0
      vertex 6.01004 10.7317 0
    endloop
  endfacet
  facet normal 0.290277 0.956943 -0
    outer loop
      vertex -3.33872 -11.8382 0
      vertex -3.80091 -11.698 1.8
      vertex -3.33872 -11.8382 1.8
    endloop
  endfacet
  facet normal 0.290277 0.956943 0
    outer loop
      vertex -3.80091 -11.698 1.8
      vertex -3.33872 -11.8382 0
      vertex -3.80091 -11.698 0
    endloop
  endfacet
  facet normal 0.0588008 0.99827 -0
    outer loop
      vertex -0.482895 -12.2905 0
      vertex -0.965046 -12.2621 1.8
      vertex -0.482895 -12.2905 1.8
    endloop
  endfacet
  facet normal 0.0588008 0.99827 0
    outer loop
      vertex -0.965046 -12.2621 1.8
      vertex -0.482895 -12.2905 0
      vertex -0.965046 -12.2621 0
    endloop
  endfacet
  facet normal -0.93117 -0.364584 0
    outer loop
      vertex 11.5398 4.25724 0
      vertex 11.3637 4.70701 1.8
      vertex 11.3637 4.70701 0
    endloop
  endfacet
  facet normal -0.93117 -0.364584 0
    outer loop
      vertex 11.3637 4.70701 1.8
      vertex 11.5398 4.25724 0
      vertex 11.5398 4.25724 1.8
    endloop
  endfacet
  facet normal 0.664243 0.747517 -0
    outer loop
      vertex -7.98821 -9.35299 0
      vertex -8.34925 -9.03217 1.8
      vertex -7.98821 -9.35299 1.8
    endloop
  endfacet
  facet normal 0.664243 0.747517 0
    outer loop
      vertex -8.34925 -9.03217 1.8
      vertex -7.98821 -9.35299 0
      vertex -8.34925 -9.03217 0
    endloop
  endfacet
  facet normal -0.471428 0.881904 0
    outer loop
      vertex 6.01004 -10.7317 0
      vertex 5.58408 -10.9594 1.8
      vertex 6.01004 -10.7317 1.8
    endloop
  endfacet
  facet normal -0.471428 0.881904 0
    outer loop
      vertex 5.58408 -10.9594 1.8
      vertex 6.01004 -10.7317 0
      vertex 5.58408 -10.9594 0
    endloop
  endfacet
  facet normal 0.944833 0.327554 0
    outer loop
      vertex -11.5398 -4.25724 1.8
      vertex -11.698 -3.80091 0
      vertex -11.698 -3.80091 1.8
    endloop
  endfacet
  facet normal 0.944833 0.327554 0
    outer loop
      vertex -11.698 -3.80091 0
      vertex -11.5398 -4.25724 1.8
      vertex -11.5398 -4.25724 0
    endloop
  endfacet
  facet normal -0.862758 0.505617 0
    outer loop
      vertex 10.4875 -6.42673 0
      vertex 10.7317 -6.01004 1.8
      vertex 10.7317 -6.01004 0
    endloop
  endfacet
  facet normal -0.862758 0.505617 0
    outer loop
      vertex 10.7317 -6.01004 1.8
      vertex 10.4875 -6.42673 0
      vertex 10.4875 -6.42673 1.8
    endloop
  endfacet
  facet normal 0.93117 -0.364584 0
    outer loop
      vertex -11.5398 4.25724 1.8
      vertex -11.3637 4.70701 0
      vertex -11.3637 4.70701 1.8
    endloop
  endfacet
  facet normal 0.93117 -0.364584 0
    outer loop
      vertex -11.3637 4.70701 0
      vertex -11.5398 4.25724 1.8
      vertex -11.5398 4.25724 0
    endloop
  endfacet
  facet normal -0.99059 -0.13686 0
    outer loop
      vertex 12.2147 1.44571 0
      vertex 12.1486 1.92414 1.8
      vertex 12.1486 1.92414 0
    endloop
  endfacet
  facet normal -0.99059 -0.13686 0
    outer loop
      vertex 12.1486 1.92414 1.8
      vertex 12.2147 1.44571 0
      vertex 12.2147 1.44571 1.8
    endloop
  endfacet
  facet normal -0.956943 -0.290277 0
    outer loop
      vertex 11.8382 3.33872 0
      vertex 11.698 3.80091 1.8
      vertex 11.698 3.80091 0
    endloop
  endfacet
  facet normal -0.956943 -0.290277 0
    outer loop
      vertex 11.698 3.80091 1.8
      vertex 11.8382 3.33872 0
      vertex 11.8382 3.33872 1.8
    endloop
  endfacet
  facet normal -0.995173 -0.0981376 0
    outer loop
      vertex 12.2621 0.965046 0
      vertex 12.2147 1.44571 1.8
      vertex 12.2147 1.44571 0
    endloop
  endfacet
  facet normal -0.995173 -0.0981376 0
    outer loop
      vertex 12.2147 1.44571 1.8
      vertex 12.2621 0.965046 0
      vertex 12.2621 0.965046 1.8
    endloop
  endfacet
  facet normal -0.93117 0.364584 0
    outer loop
      vertex 11.3637 -4.70701 0
      vertex 11.5398 -4.25724 1.8
      vertex 11.5398 -4.25724 0
    endloop
  endfacet
  facet normal -0.93117 0.364584 0
    outer loop
      vertex 11.5398 -4.25724 1.8
      vertex 11.3637 -4.70701 0
      vertex 11.3637 -4.70701 1.8
    endloop
  endfacet
  facet normal -0.13686 -0.99059 0
    outer loop
      vertex 1.44571 12.2147 0
      vertex 1.92414 12.1486 1.8
      vertex 1.44571 12.2147 1.8
    endloop
  endfacet
  facet normal -0.13686 -0.99059 -0
    outer loop
      vertex 1.92414 12.1486 1.8
      vertex 1.44571 12.2147 0
      vertex 1.92414 12.1486 0
    endloop
  endfacet
  facet normal -0.0981376 -0.995173 0
    outer loop
      vertex 0.965046 12.2621 0
      vertex 1.44571 12.2147 1.8
      vertex 0.965046 12.2621 1.8
    endloop
  endfacet
  facet normal -0.0981376 -0.995173 -0
    outer loop
      vertex 1.44571 12.2147 1.8
      vertex 0.965046 12.2621 0
      vertex 1.44571 12.2147 0
    endloop
  endfacet
  facet normal -0.797316 -0.603562 0
    outer loop
      vertex 9.95091 7.22976 0
      vertex 9.6594 7.61485 1.8
      vertex 9.6594 7.61485 0
    endloop
  endfacet
  facet normal -0.797316 -0.603562 0
    outer loop
      vertex 9.6594 7.61485 1.8
      vertex 9.95091 7.22976 0
      vertex 9.95091 7.22976 1.8
    endloop
  endfacet
  facet normal 0.93117 0.364584 0
    outer loop
      vertex -11.3637 -4.70701 1.8
      vertex -11.5398 -4.25724 0
      vertex -11.5398 -4.25724 1.8
    endloop
  endfacet
  facet normal 0.93117 0.364584 0
    outer loop
      vertex -11.5398 -4.25724 0
      vertex -11.3637 -4.70701 1.8
      vertex -11.3637 -4.70701 0
    endloop
  endfacet
  facet normal 0.252393 -0.967625 0
    outer loop
      vertex -3.33872 11.8382 0
      vertex -2.87138 11.9601 1.8
      vertex -3.33872 11.8382 1.8
    endloop
  endfacet
  facet normal 0.252393 -0.967625 0
    outer loop
      vertex -2.87138 11.9601 1.8
      vertex -3.33872 11.8382 0
      vertex -2.87138 11.9601 0
    endloop
  endfacet
  facet normal -0.214488 -0.976727 0
    outer loop
      vertex 2.39961 12.0637 0
      vertex 2.87138 11.9601 1.8
      vertex 2.39961 12.0637 1.8
    endloop
  endfacet
  facet normal -0.214488 -0.976727 -0
    outer loop
      vertex 2.87138 11.9601 1.8
      vertex 2.39961 12.0637 0
      vertex 2.87138 11.9601 0
    endloop
  endfacet
  facet normal 0.984429 -0.17578 0
    outer loop
      vertex -12.1486 1.92414 1.8
      vertex -12.0637 2.39961 0
      vertex -12.0637 2.39961 1.8
    endloop
  endfacet
  facet normal 0.984429 -0.17578 0
    outer loop
      vertex -12.0637 2.39961 0
      vertex -12.1486 1.92414 1.8
      vertex -12.1486 1.92414 0
    endloop
  endfacet
  facet normal -0.773009 0.634395 0
    outer loop
      vertex 9.35299 -7.98821 0
      vertex 9.6594 -7.61485 1.8
      vertex 9.6594 -7.61485 0
    endloop
  endfacet
  facet normal -0.773009 0.634395 0
    outer loop
      vertex 9.6594 -7.61485 1.8
      vertex 9.35299 -7.98821 0
      vertex 9.35299 -7.98821 1.8
    endloop
  endfacet
  facet normal 0.773009 -0.634395 0
    outer loop
      vertex -9.6594 7.61485 1.8
      vertex -9.35299 7.98821 0
      vertex -9.35299 7.98821 1.8
    endloop
  endfacet
  facet normal 0.773009 -0.634395 0
    outer loop
      vertex -9.35299 7.98821 0
      vertex -9.6594 7.61485 1.8
      vertex -9.6594 7.61485 0
    endloop
  endfacet
  facet normal 0.693099 0.720843 -0
    outer loop
      vertex -8.34925 -9.03217 0
      vertex -8.69741 -8.69741 1.8
      vertex -8.34925 -9.03217 1.8
    endloop
  endfacet
  facet normal 0.693099 0.720843 0
    outer loop
      vertex -8.69741 -8.69741 1.8
      vertex -8.34925 -9.03217 0
      vertex -8.69741 -8.69741 0
    endloop
  endfacet
  facet normal -0.720843 -0.693099 0
    outer loop
      vertex 9.03217 8.34925 0
      vertex 8.69741 8.69741 1.8
      vertex 8.69741 8.69741 0
    endloop
  endfacet
  facet normal -0.720843 -0.693099 0
    outer loop
      vertex 8.69741 8.69741 1.8
      vertex 9.03217 8.34925 0
      vertex 9.03217 8.34925 1.8
    endloop
  endfacet
  facet normal -0.505617 0.862758 0
    outer loop
      vertex 6.42673 -10.4875 0
      vertex 6.01004 -10.7317 1.8
      vertex 6.42673 -10.4875 1.8
    endloop
  endfacet
  facet normal -0.505617 0.862758 0
    outer loop
      vertex 6.01004 -10.7317 1.8
      vertex 6.42673 -10.4875 0
      vertex 6.01004 -10.7317 0
    endloop
  endfacet
  facet normal -0.773009 -0.634395 0
    outer loop
      vertex 9.6594 7.61485 0
      vertex 9.35299 7.98821 1.8
      vertex 9.35299 7.98821 0
    endloop
  endfacet
  facet normal -0.773009 -0.634395 0
    outer loop
      vertex 9.35299 7.98821 1.8
      vertex 9.6594 7.61485 0
      vertex 9.6594 7.61485 1.8
    endloop
  endfacet
  facet normal 0.773009 0.634395 0
    outer loop
      vertex -9.35299 -7.98821 1.8
      vertex -9.6594 -7.61485 0
      vertex -9.6594 -7.61485 1.8
    endloop
  endfacet
  facet normal 0.773009 0.634395 0
    outer loop
      vertex -9.6594 -7.61485 0
      vertex -9.35299 -7.98821 1.8
      vertex -9.35299 -7.98821 0
    endloop
  endfacet
  facet normal 0.13686 0.99059 -0
    outer loop
      vertex -1.44571 -12.2147 0
      vertex -1.92414 -12.1486 1.8
      vertex -1.44571 -12.2147 1.8
    endloop
  endfacet
  facet normal 0.13686 0.99059 0
    outer loop
      vertex -1.92414 -12.1486 1.8
      vertex -1.44571 -12.2147 0
      vertex -1.92414 -12.1486 0
    endloop
  endfacet
  facet normal 0.327554 0.944833 -0
    outer loop
      vertex -3.80091 -11.698 0
      vertex -4.25724 -11.5398 1.8
      vertex -3.80091 -11.698 1.8
    endloop
  endfacet
  facet normal 0.327554 0.944833 0
    outer loop
      vertex -4.25724 -11.5398 1.8
      vertex -3.80091 -11.698 0
      vertex -4.25724 -11.5398 0
    endloop
  endfacet
  facet normal 0.899733 0.43644 0
    outer loop
      vertex -10.9594 -5.58408 1.8
      vertex -11.1702 -5.14951 0
      vertex -11.1702 -5.14951 1.8
    endloop
  endfacet
  facet normal 0.899733 0.43644 0
    outer loop
      vertex -11.1702 -5.14951 0
      vertex -10.9594 -5.58408 1.8
      vertex -10.9594 -5.58408 0
    endloop
  endfacet
  facet normal -0.634395 0.773009 0
    outer loop
      vertex 7.98821 -9.35299 0
      vertex 7.61485 -9.6594 1.8
      vertex 7.98821 -9.35299 1.8
    endloop
  endfacet
  facet normal -0.634395 0.773009 0
    outer loop
      vertex 7.61485 -9.6594 1.8
      vertex 7.98821 -9.35299 0
      vertex 7.61485 -9.6594 0
    endloop
  endfacet
  facet normal -0.327554 0.944833 0
    outer loop
      vertex 4.25724 -11.5398 0
      vertex 3.80091 -11.698 1.8
      vertex 4.25724 -11.5398 1.8
    endloop
  endfacet
  facet normal -0.327554 0.944833 0
    outer loop
      vertex 3.80091 -11.698 1.8
      vertex 4.25724 -11.5398 0
      vertex 3.80091 -11.698 0
    endloop
  endfacet
  facet normal -0.0196692 -0.999807 0
    outer loop
      vertex 0 12.3 0
      vertex 0.482895 12.2905 1.8
      vertex 0 12.3 1.8
    endloop
  endfacet
  facet normal -0.0196692 -0.999807 -0
    outer loop
      vertex 0.482895 12.2905 1.8
      vertex 0 12.3 0
      vertex 0.482895 12.2905 0
    endloop
  endfacet
  facet normal 0.17578 0.984429 -0
    outer loop
      vertex -1.92414 -12.1486 0
      vertex -2.39961 -12.0637 1.8
      vertex -1.92414 -12.1486 1.8
    endloop
  endfacet
  facet normal 0.17578 0.984429 0
    outer loop
      vertex -2.39961 -12.0637 1.8
      vertex -1.92414 -12.1486 0
      vertex -2.39961 -12.0637 0
    endloop
  endfacet
  facet normal 0.0196692 -0.999807 0
    outer loop
      vertex -0.482895 12.2905 0
      vertex 0 12.3 1.8
      vertex -0.482895 12.2905 1.8
    endloop
  endfacet
  facet normal 0.0196692 -0.999807 0
    outer loop
      vertex 0 12.3 1.8
      vertex -0.482895 12.2905 0
      vertex 0 12.3 0
    endloop
  endfacet
  facet normal -0.693099 -0.720843 0
    outer loop
      vertex 8.34925 9.03217 0
      vertex 8.69741 8.69741 1.8
      vertex 8.34925 9.03217 1.8
    endloop
  endfacet
  facet normal -0.693099 -0.720843 -0
    outer loop
      vertex 8.69741 8.69741 1.8
      vertex 8.34925 9.03217 0
      vertex 8.69741 8.69741 0
    endloop
  endfacet
  facet normal 0.967625 0.252393 0
    outer loop
      vertex -11.8382 -3.33872 1.8
      vertex -11.9601 -2.87138 0
      vertex -11.9601 -2.87138 1.8
    endloop
  endfacet
  facet normal 0.967625 0.252393 0
    outer loop
      vertex -11.9601 -2.87138 0
      vertex -11.8382 -3.33872 1.8
      vertex -11.8382 -3.33872 0
    endloop
  endfacet
  facet normal 0.995173 0.0981376 0
    outer loop
      vertex -12.2147 -1.44571 1.8
      vertex -12.2621 -0.965046 0
      vertex -12.2621 -0.965046 1.8
    endloop
  endfacet
  facet normal 0.995173 0.0981376 0
    outer loop
      vertex -12.2621 -0.965046 0
      vertex -12.2147 -1.44571 1.8
      vertex -12.2147 -1.44571 0
    endloop
  endfacet
  facet normal -0.252393 -0.967625 0
    outer loop
      vertex 2.87138 11.9601 0
      vertex 3.33872 11.8382 1.8
      vertex 2.87138 11.9601 1.8
    endloop
  endfacet
  facet normal -0.252393 -0.967625 -0
    outer loop
      vertex 3.33872 11.8382 1.8
      vertex 2.87138 11.9601 0
      vertex 3.33872 11.8382 0
    endloop
  endfacet
  facet normal -0.899733 0.43644 0
    outer loop
      vertex 10.9594 -5.58408 0
      vertex 11.1702 -5.14951 1.8
      vertex 11.1702 -5.14951 0
    endloop
  endfacet
  facet normal -0.899733 0.43644 0
    outer loop
      vertex 11.1702 -5.14951 1.8
      vertex 10.9594 -5.58408 0
      vertex 10.9594 -5.58408 1.8
    endloop
  endfacet
  facet normal -0.539143 0.842214 0
    outer loop
      vertex 6.83351 -10.2271 0
      vertex 6.42673 -10.4875 1.8
      vertex 6.83351 -10.2271 1.8
    endloop
  endfacet
  facet normal -0.539143 0.842214 0
    outer loop
      vertex 6.42673 -10.4875 1.8
      vertex 6.83351 -10.2271 0
      vertex 6.42673 -10.4875 0
    endloop
  endfacet
  facet normal 0.505617 0.862758 -0
    outer loop
      vertex -6.01004 -10.7317 0
      vertex -6.42673 -10.4875 1.8
      vertex -6.01004 -10.7317 1.8
    endloop
  endfacet
  facet normal 0.505617 0.862758 0
    outer loop
      vertex -6.42673 -10.4875 1.8
      vertex -6.01004 -10.7317 0
      vertex -6.42673 -10.4875 0
    endloop
  endfacet
  facet normal 0.252393 0.967625 -0
    outer loop
      vertex -2.87138 -11.9601 0
      vertex -3.33872 -11.8382 1.8
      vertex -2.87138 -11.9601 1.8
    endloop
  endfacet
  facet normal 0.252393 0.967625 0
    outer loop
      vertex -3.33872 -11.8382 1.8
      vertex -2.87138 -11.9601 0
      vertex -3.33872 -11.8382 0
    endloop
  endfacet
  facet normal -0.17578 -0.984429 0
    outer loop
      vertex 1.92414 12.1486 0
      vertex 2.39961 12.0637 1.8
      vertex 1.92414 12.1486 1.8
    endloop
  endfacet
  facet normal -0.17578 -0.984429 -0
    outer loop
      vertex 2.39961 12.0637 1.8
      vertex 1.92414 12.1486 0
      vertex 2.39961 12.0637 0
    endloop
  endfacet
  facet normal -0.693099 0.720843 0
    outer loop
      vertex 8.69741 -8.69741 0
      vertex 8.34925 -9.03217 1.8
      vertex 8.69741 -8.69741 1.8
    endloop
  endfacet
  facet normal -0.693099 0.720843 0
    outer loop
      vertex 8.34925 -9.03217 1.8
      vertex 8.69741 -8.69741 0
      vertex 8.34925 -9.03217 0
    endloop
  endfacet
  facet normal 0.797316 -0.603562 0
    outer loop
      vertex -9.95091 7.22976 1.8
      vertex -9.6594 7.61485 0
      vertex -9.6594 7.61485 1.8
    endloop
  endfacet
  facet normal 0.797316 -0.603562 0
    outer loop
      vertex -9.6594 7.61485 0
      vertex -9.95091 7.22976 1.8
      vertex -9.95091 7.22976 0
    endloop
  endfacet
  facet normal 0.99059 -0.13686 0
    outer loop
      vertex -12.2147 1.44571 1.8
      vertex -12.1486 1.92414 0
      vertex -12.1486 1.92414 1.8
    endloop
  endfacet
  facet normal 0.99059 -0.13686 0
    outer loop
      vertex -12.1486 1.92414 0
      vertex -12.2147 1.44571 1.8
      vertex -12.2147 1.44571 0
    endloop
  endfacet
  facet normal 0.0196692 0.999807 -0
    outer loop
      vertex 0 -12.3 0
      vertex -0.482895 -12.2905 1.8
      vertex 0 -12.3 1.8
    endloop
  endfacet
  facet normal 0.0196692 0.999807 0
    outer loop
      vertex -0.482895 -12.2905 1.8
      vertex 0 -12.3 0
      vertex -0.482895 -12.2905 0
    endloop
  endfacet
  facet normal 0.862758 -0.505617 0
    outer loop
      vertex -10.7317 6.01004 1.8
      vertex -10.4875 6.42673 0
      vertex -10.4875 6.42673 1.8
    endloop
  endfacet
  facet normal 0.862758 -0.505617 0
    outer loop
      vertex -10.4875 6.42673 0
      vertex -10.7317 6.01004 1.8
      vertex -10.7317 6.01004 0
    endloop
  endfacet
  facet normal -0.290277 -0.956943 0
    outer loop
      vertex 3.33872 11.8382 0
      vertex 3.80091 11.698 1.8
      vertex 3.33872 11.8382 1.8
    endloop
  endfacet
  facet normal -0.290277 -0.956943 -0
    outer loop
      vertex 3.80091 11.698 1.8
      vertex 3.33872 11.8382 0
      vertex 3.80091 11.698 0
    endloop
  endfacet
  facet normal 0.956943 0.290277 0
    outer loop
      vertex -11.698 -3.80091 1.8
      vertex -11.8382 -3.33872 0
      vertex -11.8382 -3.33872 1.8
    endloop
  endfacet
  facet normal 0.956943 0.290277 0
    outer loop
      vertex -11.8382 -3.33872 0
      vertex -11.698 -3.80091 1.8
      vertex -11.698 -3.80091 0
    endloop
  endfacet
  facet normal 0.99059 0.13686 0
    outer loop
      vertex -12.1486 -1.92414 1.8
      vertex -12.2147 -1.44571 0
      vertex -12.2147 -1.44571 1.8
    endloop
  endfacet
  facet normal 0.99059 0.13686 0
    outer loop
      vertex -12.2147 -1.44571 0
      vertex -12.1486 -1.92414 1.8
      vertex -12.1486 -1.92414 0
    endloop
  endfacet
  facet normal 0.43644 0.899733 -0
    outer loop
      vertex -5.14951 -11.1702 0
      vertex -5.58408 -10.9594 1.8
      vertex -5.14951 -11.1702 1.8
    endloop
  endfacet
  facet normal 0.43644 0.899733 0
    outer loop
      vertex -5.58408 -10.9594 1.8
      vertex -5.14951 -11.1702 0
      vertex -5.58408 -10.9594 0
    endloop
  endfacet
  facet normal 0.471428 0.881904 -0
    outer loop
      vertex -5.58408 -10.9594 0
      vertex -6.01004 -10.7317 1.8
      vertex -5.58408 -10.9594 1.8
    endloop
  endfacet
  facet normal 0.471428 0.881904 0
    outer loop
      vertex -6.01004 -10.7317 1.8
      vertex -5.58408 -10.9594 0
      vertex -6.01004 -10.7317 0
    endloop
  endfacet
  facet normal 0.634395 0.773009 -0
    outer loop
      vertex -7.61485 -9.6594 0
      vertex -7.98821 -9.35299 1.8
      vertex -7.61485 -9.6594 1.8
    endloop
  endfacet
  facet normal 0.634395 0.773009 0
    outer loop
      vertex -7.98821 -9.35299 1.8
      vertex -7.61485 -9.6594 0
      vertex -7.98821 -9.35299 0
    endloop
  endfacet
  facet normal 0.603562 0.797316 -0
    outer loop
      vertex -7.22976 -9.95091 0
      vertex -7.61485 -9.6594 1.8
      vertex -7.22976 -9.95091 1.8
    endloop
  endfacet
  facet normal 0.603562 0.797316 0
    outer loop
      vertex -7.61485 -9.6594 1.8
      vertex -7.22976 -9.95091 0
      vertex -7.61485 -9.6594 0
    endloop
  endfacet
endsolid OpenSCAD_Model
