solid OpenSCAD_Model
  facet normal 0 0 -1
    outer loop
      vertex 23.2353 -9 0
      vertex 24 -7 0
      vertex 24 -9 0
    endloop
  endfacet
  facet normal 0 -0 -1
    outer loop
      vertex 22.5692 -7.50988 0
      vertex 24 -7 0
      vertex 22.548 -7.57109 0
    endloop
  endfacet
  facet normal 0 -0 -1
    outer loop
      vertex 22.6044 -7.38518 0
      vertex 24 -7 0
      vertex 22.5881 -7.44788 0
    endloop
  endfacet
  facet normal 0 -0 -1
    outer loop
      vertex 22.6297 -7.25812 0
      vertex 24 -7 0
      vertex 22.6183 -7.3219 0
    endloop
  endfacet
  facet normal 0 -0 -1
    outer loop
      vertex 22.6386 -7.19394 0
      vertex 24 -7 0
      vertex 22.6297 -7.25812 0
    endloop
  endfacet
  facet normal 0 -0 -1
    outer loop
      vertex 22.6487 -7.06478 0
      vertex 24 -7 0
      vertex 22.6449 -7.12946 0
    endloop
  endfacet
  facet normal 0 0 -1
    outer loop
      vertex 24 -7 0
      vertex 22.65 -7 0
      vertex 23.9977 -6.88222 0
    endloop
  endfacet
  facet normal 0 0 -1
    outer loop
      vertex 22.6487 -6.93522 0
      vertex 23.9977 -6.88222 0
      vertex 22.65 -7 0
    endloop
  endfacet
  facet normal 0 0 -1
    outer loop
      vertex 22.6449 -6.87054 0
      vertex 23.9907 -6.76462 0
      vertex 22.6487 -6.93522 0
    endloop
  endfacet
  facet normal 0 0 -1
    outer loop
      vertex 24 -7 0
      vertex 23.2353 -9 0
      vertex 22.548 -7.57109 0
    endloop
  endfacet
  facet normal 0 0 -1
    outer loop
      vertex 23.8223 -5.98386 0
      vertex 24 -0.299988 0
      vertex 27.55 -0.299988 0
    endloop
  endfacet
  facet normal -0 0 -1
    outer loop
      vertex 23.9977 -6.88222 0
      vertex 22.6487 -6.93522 0
      vertex 23.9907 -6.76462 0
    endloop
  endfacet
  facet normal 0 0 -1
    outer loop
      vertex 22.2116 -8.12002 0
      vertex 23.2353 -9 0
      vertex 23.203 -9.03639 0
    endloop
  endfacet
  facet normal 0 0 -1
    outer loop
      vertex 22.2116 -8.12002 0
      vertex 23.203 -9.03639 0
      vertex 23.1213 -9.12131 0
    endloop
  endfacet
  facet normal 0 0 -1
    outer loop
      vertex 22.1667 -8.16673 0
      vertex 23.1213 -9.12131 0
      vertex 23.0364 -9.20296 0
    endloop
  endfacet
  facet normal 0 0 -1
    outer loop
      vertex 22.12 -8.21163 0
      vertex 23.0364 -9.20296 0
      vertex 22.9483 -9.2812 0
    endloop
  endfacet
  facet normal 0 0 -1
    outer loop
      vertex 22.0716 -8.25467 0
      vertex 22.9483 -9.2812 0
      vertex 22.8573 -9.35594 0
    endloop
  endfacet
  facet normal 0 0 -1
    outer loop
      vertex 22.0215 -8.29577 0
      vertex 22.8573 -9.35594 0
      vertex 22.7634 -9.42705 0
    endloop
  endfacet
  facet normal 0 0 -1
    outer loop
      vertex 21.9698 -8.33488 0
      vertex 22.7634 -9.42705 0
      vertex 22.6667 -9.4944 0
    endloop
  endfacet
  facet normal -0 0 -1
    outer loop
      vertex 23.9631 -6.53069 0
      vertex 22.6297 -6.74188 0
      vertex 23.9424 -6.41472 0
    endloop
  endfacet
  facet normal -0 0 -1
    outer loop
      vertex 23.9424 -6.41472 0
      vertex 22.6183 -6.6781 0
      vertex 23.9171 -6.29965 0
    endloop
  endfacet
  facet normal 0 0 -1
    outer loop
      vertex 22.6044 -6.61481 0
      vertex 23.9171 -6.29965 0
      vertex 22.6183 -6.6781 0
    endloop
  endfacet
  facet normal -0 0 -1
    outer loop
      vertex 23.9171 -6.29965 0
      vertex 22.6044 -6.61481 0
      vertex 23.8874 -6.18567 0
    endloop
  endfacet
  facet normal 0 0 -1
    outer loop
      vertex 22.5881 -6.55212 0
      vertex 23.8874 -6.18567 0
      vertex 22.6044 -6.61481 0
    endloop
  endfacet
  facet normal -0 0 -1
    outer loop
      vertex 23.8874 -6.18567 0
      vertex 22.5881 -6.55212 0
      vertex 23.8532 -6.07294 0
    endloop
  endfacet
  facet normal 0 0 -1
    outer loop
      vertex 22.5692 -6.49012 0
      vertex 23.8532 -6.07294 0
      vertex 22.5881 -6.55212 0
    endloop
  endfacet
  facet normal -0 0 -1
    outer loop
      vertex 23.8532 -6.07294 0
      vertex 22.5692 -6.49012 0
      vertex 23.8223 -5.98386 0
    endloop
  endfacet
  facet normal 0 0 -1
    outer loop
      vertex 22.548 -6.42891 0
      vertex 23.8223 -5.98386 0
      vertex 22.5692 -6.49012 0
    endloop
  endfacet
  facet normal 0 0 -1
    outer loop
      vertex 22.5244 -6.36857 0
      vertex 23.8223 -5.98386 0
      vertex 22.548 -6.42891 0
    endloop
  endfacet
  facet normal 0 0 -1
    outer loop
      vertex 22.4984 -6.30921 0
      vertex 23.8223 -5.98386 0
      vertex 22.5244 -6.36857 0
    endloop
  endfacet
  facet normal 0 0 -1
    outer loop
      vertex 22.4702 -6.25092 0
      vertex 23.8223 -5.98386 0
      vertex 22.4984 -6.30921 0
    endloop
  endfacet
  facet normal 0 0 -1
    outer loop
      vertex 22.4396 -6.19377 0
      vertex 23.8223 -5.98386 0
      vertex 22.4702 -6.25092 0
    endloop
  endfacet
  facet normal 0 0 -1
    outer loop
      vertex 22.4069 -6.13788 0
      vertex 23.8223 -5.98386 0
      vertex 22.4396 -6.19377 0
    endloop
  endfacet
  facet normal 0 0 -1
    outer loop
      vertex 22.3719 -6.08331 0
      vertex 23.8223 -5.98386 0
      vertex 22.4069 -6.13788 0
    endloop
  endfacet
  facet normal 0 0 -1
    outer loop
      vertex 22.3349 -6.03015 0
      vertex 23.8223 -5.98386 0
      vertex 22.3719 -6.08331 0
    endloop
  endfacet
  facet normal 0 0 -1
    outer loop
      vertex 22.2958 -5.97849 0
      vertex 23.8223 -5.98386 0
      vertex 22.3349 -6.03015 0
    endloop
  endfacet
  facet normal 0 0 -1
    outer loop
      vertex 22.2547 -5.92841 0
      vertex 23.8223 -5.98386 0
      vertex 22.2958 -5.97849 0
    endloop
  endfacet
  facet normal 0 0 -1
    outer loop
      vertex 22.2116 -5.87998 0
      vertex 23.8223 -5.98386 0
      vertex 22.2547 -5.92841 0
    endloop
  endfacet
  facet normal 0 0 -1
    outer loop
      vertex 22.1667 -5.83327 0
      vertex 23.8223 -5.98386 0
      vertex 22.2116 -5.87998 0
    endloop
  endfacet
  facet normal 0 0 -1
    outer loop
      vertex 22.12 -5.78837 0
      vertex 23.8223 -5.98386 0
      vertex 22.1667 -5.83327 0
    endloop
  endfacet
  facet normal 0 0 -1
    outer loop
      vertex 22.0716 -5.74533 0
      vertex 23.8223 -5.98386 0
      vertex 22.12 -5.78837 0
    endloop
  endfacet
  facet normal 0 0 -1
    outer loop
      vertex 22.0215 -5.70423 0
      vertex 23.8223 -5.98386 0
      vertex 22.0716 -5.74533 0
    endloop
  endfacet
  facet normal 0 0 -1
    outer loop
      vertex 21.9698 -5.66512 0
      vertex 23.8223 -5.98386 0
      vertex 22.0215 -5.70423 0
    endloop
  endfacet
  facet normal 0 0 -1
    outer loop
      vertex 21.9167 -5.62807 0
      vertex 23.8223 -5.98386 0
      vertex 21.9698 -5.66512 0
    endloop
  endfacet
  facet normal 0 0 -1
    outer loop
      vertex 21.8621 -5.59314 0
      vertex 23.8223 -5.98386 0
      vertex 21.9167 -5.62807 0
    endloop
  endfacet
  facet normal 0 0 -1
    outer loop
      vertex 23.8223 -5.98386 0
      vertex 21.8621 -5.59314 0
      vertex 24 -0.299988 0
    endloop
  endfacet
  facet normal 0 0 -1
    outer loop
      vertex 21.8062 -5.56038 0
      vertex 24 -0.299988 0
      vertex 21.8621 -5.59314 0
    endloop
  endfacet
  facet normal 0 0 -1
    outer loop
      vertex 21.7491 -5.52984 0
      vertex 24 -0.299988 0
      vertex 21.8062 -5.56038 0
    endloop
  endfacet
  facet normal 0 0 -1
    outer loop
      vertex 21.6908 -5.50156 0
      vertex 24 -0.299988 0
      vertex 21.7491 -5.52984 0
    endloop
  endfacet
  facet normal 0 0 -1
    outer loop
      vertex 21.6314 -5.4756 0
      vertex 24 -0.299988 0
      vertex 21.6908 -5.50156 0
    endloop
  endfacet
  facet normal 0 0 -1
    outer loop
      vertex 21.5711 -5.45198 0
      vertex 24 -0.299988 0
      vertex 21.6314 -5.4756 0
    endloop
  endfacet
  facet normal 0 0 -1
    outer loop
      vertex 20 -4 0
      vertex 21.5711 -5.45198 0
      vertex 21.5099 -5.43076 0
    endloop
  endfacet
  facet normal 0 0 -1
    outer loop
      vertex 20 -4 0
      vertex 21.5099 -5.43076 0
      vertex 21.4479 -5.41195 0
    endloop
  endfacet
  facet normal 0 0 -1
    outer loop
      vertex 20 -4 0
      vertex 21.4479 -5.41195 0
      vertex 21.3852 -5.39559 0
    endloop
  endfacet
  facet normal 0 0 -1
    outer loop
      vertex 20 -4 0
      vertex 21.3852 -5.39559 0
      vertex 21.3219 -5.3817 0
    endloop
  endfacet
  facet normal 0 0 -1
    outer loop
      vertex 20 -4 0
      vertex 21.3219 -5.3817 0
      vertex 21.2581 -5.37031 0
    endloop
  endfacet
  facet normal 0 0 -1
    outer loop
      vertex 20 -4 0
      vertex 21.2581 -5.37031 0
      vertex 21.1939 -5.36144 0
    endloop
  endfacet
  facet normal 0 0 -1
    outer loop
      vertex 20 -4 0
      vertex 21.1939 -5.36144 0
      vertex 21.1295 -5.35509 0
    endloop
  endfacet
  facet normal 0 0 -1
    outer loop
      vertex 20 -4 0
      vertex 21.1295 -5.35509 0
      vertex 21.0648 -5.35127 0
    endloop
  endfacet
  facet normal 0 0 -1
    outer loop
      vertex 20 -4 0
      vertex 21.0648 -5.35127 0
      vertex 21 -5.35 0
    endloop
  endfacet
  facet normal 0 0 -1
    outer loop
      vertex 20 -4 0
      vertex 21 -5.35 0
      vertex 20.9352 -5.35127 0
    endloop
  endfacet
  facet normal 0 0 -1
    outer loop
      vertex 19.9528 -4.18889 0
      vertex 20.9352 -5.35127 0
      vertex 20.8705 -5.35509 0
    endloop
  endfacet
  facet normal 0 0 -1
    outer loop
      vertex 19.9528 -4.18889 0
      vertex 20.8705 -5.35509 0
      vertex 20.8061 -5.36144 0
    endloop
  endfacet
  facet normal 0 0 -1
    outer loop
      vertex 19.9528 -4.18889 0
      vertex 20.8061 -5.36144 0
      vertex 20.7419 -5.37031 0
    endloop
  endfacet
  facet normal 0 0 -1
    outer loop
      vertex 19.9528 -4.18889 0
      vertex 20.7419 -5.37031 0
      vertex 20.6781 -5.3817 0
    endloop
  endfacet
  facet normal 0 0 -1
    outer loop
      vertex 19.9528 -4.18889 0
      vertex 20.6781 -5.3817 0
      vertex 20.6148 -5.39559 0
    endloop
  endfacet
  facet normal 0 0 -1
    outer loop
      vertex 19.9528 -4.18889 0
      vertex 20.6148 -5.39559 0
      vertex 20.5521 -5.41195 0
    endloop
  endfacet
  facet normal 0 0 -1
    outer loop
      vertex 19.9528 -4.18889 0
      vertex 20.5521 -5.41195 0
      vertex 20.4901 -5.43076 0
    endloop
  endfacet
  facet normal 0 0 -1
    outer loop
      vertex 19.9528 -4.18889 0
      vertex 20.4901 -5.43076 0
      vertex 20.4289 -5.45198 0
    endloop
  endfacet
  facet normal 0 0 -1
    outer loop
      vertex 19.9528 -4.18889 0
      vertex 20.4289 -5.45198 0
      vertex 20.3686 -5.4756 0
    endloop
  endfacet
  facet normal 0 0 -1
    outer loop
      vertex 19.8519 -4.22835 0
      vertex 20.3686 -5.4756 0
      vertex 20.3092 -5.50156 0
    endloop
  endfacet
  facet normal 0 0 -1
    outer loop
      vertex 19.744 -4.27556 0
      vertex 20.3092 -5.50156 0
      vertex 20.2509 -5.52984 0
    endloop
  endfacet
  facet normal 0 0 -1
    outer loop
      vertex 19.638 -4.32697 0
      vertex 20.2509 -5.52984 0
      vertex 20.1938 -5.56038 0
    endloop
  endfacet
  facet normal 0 0 -1
    outer loop
      vertex 19.5341 -4.38251 0
      vertex 20.1938 -5.56038 0
      vertex 20.1379 -5.59314 0
    endloop
  endfacet
  facet normal 0 0 -1
    outer loop
      vertex 19.4325 -4.44208 0
      vertex 20.1379 -5.59314 0
      vertex 20.0833 -5.62807 0
    endloop
  endfacet
  facet normal 0 0 -1
    outer loop
      vertex 19.3333 -4.50558 0
      vertex 20.0833 -5.62807 0
      vertex 20.0302 -5.66512 0
    endloop
  endfacet
  facet normal 0 0 -1
    outer loop
      vertex 21.5711 -5.45198 0
      vertex 20 -4 0
      vertex 24 -0.299988 0
    endloop
  endfacet
  facet normal 0 0 -1
    outer loop
      vertex 19.2366 -4.57294 0
      vertex 20.0302 -5.66512 0
      vertex 19.9785 -5.70423 0
    endloop
  endfacet
  facet normal 0 0 -1
    outer loop
      vertex 20.9352 -5.35127 0
      vertex 19.9528 -4.18889 0
      vertex 20 -4 0
    endloop
  endfacet
  facet normal 0 0 -1
    outer loop
      vertex 19.1427 -4.64404 0
      vertex 19.9785 -5.70423 0
      vertex 19.9284 -5.74533 0
    endloop
  endfacet
  facet normal 0 0 -1
    outer loop
      vertex 19.0517 -4.71878 0
      vertex 19.9284 -5.74533 0
      vertex 19.88 -5.78837 0
    endloop
  endfacet
  facet normal 0 0 -1
    outer loop
      vertex 20.3686 -5.4756 0
      vertex 19.8519 -4.22835 0
      vertex 19.9528 -4.18889 0
    endloop
  endfacet
  facet normal 0 0 -1
    outer loop
      vertex 18.9636 -4.79703 0
      vertex 19.88 -5.78837 0
      vertex 19.8333 -5.83327 0
    endloop
  endfacet
  facet normal 0 0 -1
    outer loop
      vertex 18.8787 -4.87868 0
      vertex 19.8333 -5.83327 0
      vertex 19.7884 -5.87998 0
    endloop
  endfacet
  facet normal 0 0 -1
    outer loop
      vertex 18.797 -4.96359 0
      vertex 19.7884 -5.87998 0
      vertex 19.7453 -5.92841 0
    endloop
  endfacet
  facet normal 0 0 -1
    outer loop
      vertex 20.3092 -5.50156 0
      vertex 19.744 -4.27556 0
      vertex 19.8519 -4.22835 0
    endloop
  endfacet
  facet normal 0 0 -1
    outer loop
      vertex 18.7188 -5.05165 0
      vertex 19.7453 -5.92841 0
      vertex 19.7042 -5.97849 0
    endloop
  endfacet
  facet normal 0 0 -1
    outer loop
      vertex 18.644 -5.14272 0
      vertex 19.7042 -5.97849 0
      vertex 19.6651 -6.03015 0
    endloop
  endfacet
  facet normal 0 0 -1
    outer loop
      vertex 20.2509 -5.52984 0
      vertex 19.638 -4.32697 0
      vertex 19.744 -4.27556 0
    endloop
  endfacet
  facet normal 0 0 -1
    outer loop
      vertex 18.5729 -5.23663 0
      vertex 19.6651 -6.03015 0
      vertex 19.6281 -6.08331 0
    endloop
  endfacet
  facet normal 0 0 -1
    outer loop
      vertex 18.5056 -5.33328 0
      vertex 19.6281 -6.08331 0
      vertex 19.5931 -6.13788 0
    endloop
  endfacet
  facet normal 0 0 -1
    outer loop
      vertex 18.4421 -5.4325 0
      vertex 19.5931 -6.13788 0
      vertex 19.5604 -6.19377 0
    endloop
  endfacet
  facet normal 0 0 -1
    outer loop
      vertex 20.1938 -5.56038 0
      vertex 19.5341 -4.38251 0
      vertex 19.638 -4.32697 0
    endloop
  endfacet
  facet normal 0 0 -1
    outer loop
      vertex 18.3825 -5.53413 0
      vertex 19.5604 -6.19377 0
      vertex 19.5298 -6.25092 0
    endloop
  endfacet
  facet normal 0 0 -1
    outer loop
      vertex 18.327 -5.63802 0
      vertex 19.5298 -6.25092 0
      vertex 19.5016 -6.30921 0
    endloop
  endfacet
  facet normal 0 0 -1
    outer loop
      vertex 18.2756 -5.74402 0
      vertex 19.5016 -6.30921 0
      vertex 19.4756 -6.36857 0
    endloop
  endfacet
  facet normal 0 0 -1
    outer loop
      vertex 18.2283 -5.85194 0
      vertex 19.4756 -6.36857 0
      vertex 19.452 -6.42891 0
    endloop
  endfacet
  facet normal 0 0 -1
    outer loop
      vertex 20.1379 -5.59314 0
      vertex 19.4325 -4.44208 0
      vertex 19.5341 -4.38251 0
    endloop
  endfacet
  facet normal 0 0 -1
    outer loop
      vertex 18.1854 -5.96164 0
      vertex 19.452 -6.42891 0
      vertex 19.4308 -6.49012 0
    endloop
  endfacet
  facet normal 0 0 -1
    outer loop
      vertex 18.1468 -6.07294 0
      vertex 19.4308 -6.49012 0
      vertex 19.4119 -6.55212 0
    endloop
  endfacet
  facet normal 0 0 -1
    outer loop
      vertex 18.1126 -6.18567 0
      vertex 19.4119 -6.55212 0
      vertex 19.3956 -6.61481 0
    endloop
  endfacet
  facet normal 0 0 -1
    outer loop
      vertex 18.0829 -6.29965 0
      vertex 19.3956 -6.61481 0
      vertex 19.3817 -6.6781 0
    endloop
  endfacet
  facet normal 0 0 -1
    outer loop
      vertex 18.0576 -6.41472 0
      vertex 19.3817 -6.6781 0
      vertex 19.3703 -6.74188 0
    endloop
  endfacet
  facet normal 0 0 -1
    outer loop
      vertex 18.0369 -6.53069 0
      vertex 19.3703 -6.74188 0
      vertex 19.3614 -6.80606 0
    endloop
  endfacet
  facet normal 0 0 -1
    outer loop
      vertex 18.0208 -6.64738 0
      vertex 19.3614 -6.80606 0
      vertex 19.3551 -6.87054 0
    endloop
  endfacet
  facet normal 0 0 -1
    outer loop
      vertex 18.0092 -6.76462 0
      vertex 19.3551 -6.87054 0
      vertex 19.3513 -6.93522 0
    endloop
  endfacet
  facet normal 0 0 -1
    outer loop
      vertex 20.0833 -5.62807 0
      vertex 19.3333 -4.50558 0
      vertex 19.4325 -4.44208 0
    endloop
  endfacet
  facet normal 0 0 -1
    outer loop
      vertex 18.0023 -6.88222 0
      vertex 19.3513 -6.93522 0
      vertex 19.35 -7 0
    endloop
  endfacet
  facet normal 0 0 -1
    outer loop
      vertex 18.327 -8.36197 0
      vertex 19.5298 -7.74908 0
      vertex 18.3825 -8.46585 0
    endloop
  endfacet
  facet normal -0 0 -1
    outer loop
      vertex 19.5298 -7.74908 0
      vertex 18.327 -8.36197 0
      vertex 19.5016 -7.69079 0
    endloop
  endfacet
  facet normal 0 0 -1
    outer loop
      vertex 20.0302 -5.66512 0
      vertex 19.2366 -4.57294 0
      vertex 19.3333 -4.50558 0
    endloop
  endfacet
  facet normal 0 0 -1
    outer loop
      vertex 18.2756 -8.25597 0
      vertex 19.5016 -7.69079 0
      vertex 18.327 -8.36197 0
    endloop
  endfacet
  facet normal 0 0 -1
    outer loop
      vertex 19.9785 -5.70423 0
      vertex 19.1427 -4.64404 0
      vertex 19.2366 -4.57294 0
    endloop
  endfacet
  facet normal -0 0 -1
    outer loop
      vertex 19.5016 -7.69079 0
      vertex 18.2756 -8.25597 0
      vertex 19.4756 -7.63143 0
    endloop
  endfacet
  facet normal 0 0 -1
    outer loop
      vertex 19.9284 -5.74533 0
      vertex 19.0517 -4.71878 0
      vertex 19.1427 -4.64404 0
    endloop
  endfacet
  facet normal 0 0 -1
    outer loop
      vertex 18.2283 -8.14804 0
      vertex 19.4756 -7.63143 0
      vertex 18.2756 -8.25597 0
    endloop
  endfacet
  facet normal 0 0 -1
    outer loop
      vertex 19.88 -5.78837 0
      vertex 18.9636 -4.79703 0
      vertex 19.0517 -4.71878 0
    endloop
  endfacet
  facet normal -0 0 -1
    outer loop
      vertex 19.4756 -7.63143 0
      vertex 18.2283 -8.14804 0
      vertex 19.452 -7.57109 0
    endloop
  endfacet
  facet normal 0 0 -1
    outer loop
      vertex 19.8333 -5.83327 0
      vertex 18.8787 -4.87868 0
      vertex 18.9636 -4.79703 0
    endloop
  endfacet
  facet normal 0 0 -1
    outer loop
      vertex 18.1854 -8.03835 0
      vertex 19.452 -7.57109 0
      vertex 18.2283 -8.14804 0
    endloop
  endfacet
  facet normal 0 0 -1
    outer loop
      vertex 19.7884 -5.87998 0
      vertex 18.797 -4.96359 0
      vertex 18.8787 -4.87868 0
    endloop
  endfacet
  facet normal -0 0 -1
    outer loop
      vertex 19.452 -7.57109 0
      vertex 18.1854 -8.03835 0
      vertex 19.4308 -7.50988 0
    endloop
  endfacet
  facet normal 0 0 -1
    outer loop
      vertex 19.7453 -5.92841 0
      vertex 18.7188 -5.05165 0
      vertex 18.797 -4.96359 0
    endloop
  endfacet
  facet normal 0 0 -1
    outer loop
      vertex 18.1468 -7.92705 0
      vertex 19.4308 -7.50988 0
      vertex 18.1854 -8.03835 0
    endloop
  endfacet
  facet normal 0 0 -1
    outer loop
      vertex 19.7042 -5.97849 0
      vertex 18.644 -5.14272 0
      vertex 18.7188 -5.05165 0
    endloop
  endfacet
  facet normal -0 0 -1
    outer loop
      vertex 19.4308 -7.50988 0
      vertex 18.1468 -7.92705 0
      vertex 19.4119 -7.44788 0
    endloop
  endfacet
  facet normal 0 0 -1
    outer loop
      vertex 19.6651 -6.03015 0
      vertex 18.5729 -5.23663 0
      vertex 18.644 -5.14272 0
    endloop
  endfacet
  facet normal 0 0 -1
    outer loop
      vertex 18.1126 -7.81432 0
      vertex 19.4119 -7.44788 0
      vertex 18.1468 -7.92705 0
    endloop
  endfacet
  facet normal 0 0 -1
    outer loop
      vertex 19.6281 -6.08331 0
      vertex 18.5056 -5.33328 0
      vertex 18.5729 -5.23663 0
    endloop
  endfacet
  facet normal -0 0 -1
    outer loop
      vertex 19.4119 -7.44788 0
      vertex 18.1126 -7.81432 0
      vertex 19.3956 -7.38518 0
    endloop
  endfacet
  facet normal 0 0 -1
    outer loop
      vertex 19.5931 -6.13788 0
      vertex 18.4421 -5.4325 0
      vertex 18.5056 -5.33328 0
    endloop
  endfacet
  facet normal 0 0 -1
    outer loop
      vertex 18.0829 -7.70033 0
      vertex 19.3956 -7.38518 0
      vertex 18.1126 -7.81432 0
    endloop
  endfacet
  facet normal 0 0 -1
    outer loop
      vertex 19.5604 -6.19377 0
      vertex 18.3825 -5.53413 0
      vertex 18.4421 -5.4325 0
    endloop
  endfacet
  facet normal -0 0 -1
    outer loop
      vertex 19.3956 -7.38518 0
      vertex 18.0829 -7.70033 0
      vertex 19.3817 -7.3219 0
    endloop
  endfacet
  facet normal 0 0 -1
    outer loop
      vertex 19.5298 -6.25092 0
      vertex 18.327 -5.63802 0
      vertex 18.3825 -5.53413 0
    endloop
  endfacet
  facet normal 0 0 -1
    outer loop
      vertex 18.0576 -7.58527 0
      vertex 19.3817 -7.3219 0
      vertex 18.0829 -7.70033 0
    endloop
  endfacet
  facet normal 0 0 -1
    outer loop
      vertex 19.5016 -6.30921 0
      vertex 18.2756 -5.74402 0
      vertex 18.327 -5.63802 0
    endloop
  endfacet
  facet normal -0 0 -1
    outer loop
      vertex 19.3817 -7.3219 0
      vertex 18.0576 -7.58527 0
      vertex 19.3703 -7.25812 0
    endloop
  endfacet
  facet normal 0 0 -1
    outer loop
      vertex 19.4756 -6.36857 0
      vertex 18.2283 -5.85194 0
      vertex 18.2756 -5.74402 0
    endloop
  endfacet
  facet normal 0 0 -1
    outer loop
      vertex 18.0369 -7.4693 0
      vertex 19.3703 -7.25812 0
      vertex 18.0576 -7.58527 0
    endloop
  endfacet
  facet normal 0 0 -1
    outer loop
      vertex 19.452 -6.42891 0
      vertex 18.1854 -5.96164 0
      vertex 18.2283 -5.85194 0
    endloop
  endfacet
  facet normal -0 0 -1
    outer loop
      vertex 19.3703 -7.25812 0
      vertex 18.0369 -7.4693 0
      vertex 19.3614 -7.19394 0
    endloop
  endfacet
  facet normal 0 0 -1
    outer loop
      vertex 19.4308 -6.49012 0
      vertex 18.1468 -6.07294 0
      vertex 18.1854 -5.96164 0
    endloop
  endfacet
  facet normal 0 0 -1
    outer loop
      vertex 18.0208 -7.3526 0
      vertex 19.3614 -7.19394 0
      vertex 18.0369 -7.4693 0
    endloop
  endfacet
  facet normal 0 0 -1
    outer loop
      vertex 19.4119 -6.55212 0
      vertex 18.1126 -6.18567 0
      vertex 18.1468 -6.07294 0
    endloop
  endfacet
  facet normal -0 0 -1
    outer loop
      vertex 19.3614 -7.19394 0
      vertex 18.0208 -7.3526 0
      vertex 19.3551 -7.12946 0
    endloop
  endfacet
  facet normal 0 0 -1
    outer loop
      vertex 19.3956 -6.61481 0
      vertex 18.0829 -6.29965 0
      vertex 18.1126 -6.18567 0
    endloop
  endfacet
  facet normal 0 0 -1
    outer loop
      vertex 18.0092 -7.23537 0
      vertex 19.3551 -7.12946 0
      vertex 18.0208 -7.3526 0
    endloop
  endfacet
  facet normal 0 0 -1
    outer loop
      vertex 19.3817 -6.6781 0
      vertex 18.0576 -6.41472 0
      vertex 18.0829 -6.29965 0
    endloop
  endfacet
  facet normal -0 0 -1
    outer loop
      vertex 19.3551 -7.12946 0
      vertex 18.0092 -7.23537 0
      vertex 19.3513 -7.06478 0
    endloop
  endfacet
  facet normal 0 0 -1
    outer loop
      vertex 19.3703 -6.74188 0
      vertex 18.0369 -6.53069 0
      vertex 18.0576 -6.41472 0
    endloop
  endfacet
  facet normal 0 0 -1
    outer loop
      vertex 18.0023 -7.11777 0
      vertex 19.3513 -7.06478 0
      vertex 18.0092 -7.23537 0
    endloop
  endfacet
  facet normal 0 0 -1
    outer loop
      vertex 19.3614 -6.80606 0
      vertex 18.0208 -6.64738 0
      vertex 18.0369 -6.53069 0
    endloop
  endfacet
  facet normal -0 0 -1
    outer loop
      vertex 19.3513 -7.06478 0
      vertex 18.0023 -7.11777 0
      vertex 19.35 -7 0
    endloop
  endfacet
  facet normal 0 0 -1
    outer loop
      vertex 19.3551 -6.87054 0
      vertex 18.0092 -6.76462 0
      vertex 18.0208 -6.64738 0
    endloop
  endfacet
  facet normal 0 0 -1
    outer loop
      vertex 18 -7 0
      vertex 19.35 -7 0
      vertex 18.0023 -7.11777 0
    endloop
  endfacet
  facet normal 0 0 -1
    outer loop
      vertex 19.3513 -6.93522 0
      vertex 18.0023 -6.88222 0
      vertex 18.0092 -6.76462 0
    endloop
  endfacet
  facet normal 0 0 -1
    outer loop
      vertex 19.35 -7 0
      vertex 18 -7 0
      vertex 18.0023 -6.88222 0
    endloop
  endfacet
  facet normal 0 0 -1
    outer loop
      vertex 22.6183 -6.6781 0
      vertex 23.9424 -6.41472 0
      vertex 22.6297 -6.74188 0
    endloop
  endfacet
  facet normal 0 0 -1
    outer loop
      vertex 22.6297 -6.74188 0
      vertex 23.9631 -6.53069 0
      vertex 22.6386 -6.80606 0
    endloop
  endfacet
  facet normal -0 0 -1
    outer loop
      vertex 23.9792 -6.64738 0
      vertex 22.6386 -6.80606 0
      vertex 23.9631 -6.53069 0
    endloop
  endfacet
  facet normal 0 0 -1
    outer loop
      vertex 22.6386 -6.80606 0
      vertex 23.9792 -6.64738 0
      vertex 22.6449 -6.87054 0
    endloop
  endfacet
  facet normal -0 0 -1
    outer loop
      vertex 23.9907 -6.76462 0
      vertex 22.6449 -6.87054 0
      vertex 23.9792 -6.64738 0
    endloop
  endfacet
  facet normal 0 -0 -1
    outer loop
      vertex 22.65 -7 0
      vertex 24 -7 0
      vertex 22.6487 -7.06478 0
    endloop
  endfacet
  facet normal 0 -0 -1
    outer loop
      vertex 22.6449 -7.12946 0
      vertex 24 -7 0
      vertex 22.6386 -7.19394 0
    endloop
  endfacet
  facet normal 0 -0 -1
    outer loop
      vertex 22.6183 -7.3219 0
      vertex 24 -7 0
      vertex 22.6044 -7.38518 0
    endloop
  endfacet
  facet normal 0 0 -1
    outer loop
      vertex 21.9167 -8.37192 0
      vertex 22.6667 -9.4944 0
      vertex 22.5675 -9.55791 0
    endloop
  endfacet
  facet normal 0 -0 -1
    outer loop
      vertex 22.5881 -7.44788 0
      vertex 24 -7 0
      vertex 22.5692 -7.50988 0
    endloop
  endfacet
  facet normal 0 0 -1
    outer loop
      vertex 23.2353 -9 0
      vertex 22.5244 -7.63143 0
      vertex 22.548 -7.57109 0
    endloop
  endfacet
  facet normal 0 0 -1
    outer loop
      vertex 23.2353 -9 0
      vertex 22.4984 -7.69079 0
      vertex 22.5244 -7.63143 0
    endloop
  endfacet
  facet normal 0 0 -1
    outer loop
      vertex 23.2353 -9 0
      vertex 22.4702 -7.74908 0
      vertex 22.4984 -7.69079 0
    endloop
  endfacet
  facet normal 0 0 -1
    outer loop
      vertex 21.8621 -8.40686 0
      vertex 22.5675 -9.55791 0
      vertex 22.4659 -9.61748 0
    endloop
  endfacet
  facet normal 0 0 -1
    outer loop
      vertex 23.2353 -9 0
      vertex 22.4396 -7.80622 0
      vertex 22.4702 -7.74908 0
    endloop
  endfacet
  facet normal 0 0 -1
    outer loop
      vertex 23.2353 -9 0
      vertex 22.4069 -7.86212 0
      vertex 22.4396 -7.80622 0
    endloop
  endfacet
  facet normal 0 0 -1
    outer loop
      vertex 23.2353 -9 0
      vertex 22.3719 -7.91669 0
      vertex 22.4069 -7.86212 0
    endloop
  endfacet
  facet normal 0 0 -1
    outer loop
      vertex 21.8062 -8.43962 0
      vertex 22.4659 -9.61748 0
      vertex 22.362 -9.67302 0
    endloop
  endfacet
  facet normal 0 0 -1
    outer loop
      vertex 23.2353 -9 0
      vertex 22.3349 -7.96984 0
      vertex 22.3719 -7.91669 0
    endloop
  endfacet
  facet normal 0 0 -1
    outer loop
      vertex 23.2353 -9 0
      vertex 22.2958 -8.0215 0
      vertex 22.3349 -7.96984 0
    endloop
  endfacet
  facet normal 0 0 -1
    outer loop
      vertex 21.7491 -8.47016 0
      vertex 22.362 -9.67302 0
      vertex 22.256 -9.72443 0
    endloop
  endfacet
  facet normal 0 0 -1
    outer loop
      vertex 23.2353 -9 0
      vertex 22.2547 -8.07159 0
      vertex 22.2958 -8.0215 0
    endloop
  endfacet
  facet normal 0 0 -1
    outer loop
      vertex 23.2353 -9 0
      vertex 22.2116 -8.12002 0
      vertex 22.2547 -8.07159 0
    endloop
  endfacet
  facet normal 0 0 -1
    outer loop
      vertex 23.1213 -9.12131 0
      vertex 22.1667 -8.16673 0
      vertex 22.2116 -8.12002 0
    endloop
  endfacet
  facet normal 0 0 -1
    outer loop
      vertex 21.6908 -8.49844 0
      vertex 22.256 -9.72443 0
      vertex 22.148 -9.77164 0
    endloop
  endfacet
  facet normal 0 0 -1
    outer loop
      vertex 23.0364 -9.20296 0
      vertex 22.12 -8.21163 0
      vertex 22.1667 -8.16673 0
    endloop
  endfacet
  facet normal 0 0 -1
    outer loop
      vertex 22.9483 -9.2812 0
      vertex 22.0716 -8.25467 0
      vertex 22.12 -8.21163 0
    endloop
  endfacet
  facet normal 0 0 -1
    outer loop
      vertex 21.6314 -8.5244 0
      vertex 22.148 -9.77164 0
      vertex 22.0383 -9.81456 0
    endloop
  endfacet
  facet normal 0 0 -1
    outer loop
      vertex 22.8573 -9.35594 0
      vertex 22.0215 -8.29577 0
      vertex 22.0716 -8.25467 0
    endloop
  endfacet
  facet normal 0 0 -1
    outer loop
      vertex 22.7634 -9.42705 0
      vertex 21.9698 -8.33488 0
      vertex 22.0215 -8.29577 0
    endloop
  endfacet
  facet normal 0 0 -1
    outer loop
      vertex 21.5711 -8.54802 0
      vertex 22.0383 -9.81456 0
      vertex 21.927 -9.85316 0
    endloop
  endfacet
  facet normal 0 0 -1
    outer loop
      vertex 22.6667 -9.4944 0
      vertex 21.9167 -8.37192 0
      vertex 21.9698 -8.33488 0
    endloop
  endfacet
  facet normal 0 0 -1
    outer loop
      vertex 22.5675 -9.55791 0
      vertex 21.8621 -8.40686 0
      vertex 21.9167 -8.37192 0
    endloop
  endfacet
  facet normal 0 0 -1
    outer loop
      vertex 21.5099 -8.56924 0
      vertex 21.927 -9.85316 0
      vertex 21.8143 -9.88736 0
    endloop
  endfacet
  facet normal 0 0 -1
    outer loop
      vertex 22.4659 -9.61748 0
      vertex 21.8062 -8.43962 0
      vertex 21.8621 -8.40686 0
    endloop
  endfacet
  facet normal 0 0 -1
    outer loop
      vertex 22.362 -9.67302 0
      vertex 21.7491 -8.47016 0
      vertex 21.8062 -8.43962 0
    endloop
  endfacet
  facet normal 0 0 -1
    outer loop
      vertex 21.4479 -8.58805 0
      vertex 21.8143 -9.88736 0
      vertex 21.7003 -9.9171 0
    endloop
  endfacet
  facet normal 0 0 -1
    outer loop
      vertex 22.256 -9.72443 0
      vertex 21.6908 -8.49844 0
      vertex 21.7491 -8.47016 0
    endloop
  endfacet
  facet normal 0 0 -1
    outer loop
      vertex 22.148 -9.77164 0
      vertex 21.6314 -8.5244 0
      vertex 21.6908 -8.49844 0
    endloop
  endfacet
  facet normal 0 0 -1
    outer loop
      vertex 21.3852 -8.60441 0
      vertex 21.7003 -9.9171 0
      vertex 21.5853 -9.94235 0
    endloop
  endfacet
  facet normal 0 0 -1
    outer loop
      vertex 22.0383 -9.81456 0
      vertex 21.5711 -8.54802 0
      vertex 21.6314 -8.5244 0
    endloop
  endfacet
  facet normal 0 0 -1
    outer loop
      vertex 21.927 -9.85316 0
      vertex 21.5099 -8.56924 0
      vertex 21.5711 -8.54802 0
    endloop
  endfacet
  facet normal 0 0 -1
    outer loop
      vertex 21.3219 -8.6183 0
      vertex 21.5853 -9.94235 0
      vertex 21.4693 -9.96306 0
    endloop
  endfacet
  facet normal 0 0 -1
    outer loop
      vertex 21.8143 -9.88736 0
      vertex 21.4479 -8.58805 0
      vertex 21.5099 -8.56924 0
    endloop
  endfacet
  facet normal 0 0 -1
    outer loop
      vertex 21.7003 -9.9171 0
      vertex 21.3852 -8.60441 0
      vertex 21.4479 -8.58805 0
    endloop
  endfacet
  facet normal 0 0 -1
    outer loop
      vertex 21.2581 -8.62969 0
      vertex 21.4693 -9.96306 0
      vertex 21.3526 -9.9792 0
    endloop
  endfacet
  facet normal 0 0 -1
    outer loop
      vertex 21.5853 -9.94235 0
      vertex 21.3219 -8.6183 0
      vertex 21.3852 -8.60441 0
    endloop
  endfacet
  facet normal 0 0 -1
    outer loop
      vertex 21.4693 -9.96306 0
      vertex 21.2581 -8.62969 0
      vertex 21.3219 -8.6183 0
    endloop
  endfacet
  facet normal 0 0 -1
    outer loop
      vertex 21.1939 -8.63856 0
      vertex 21.3526 -9.9792 0
      vertex 21.2354 -9.99074 0
    endloop
  endfacet
  facet normal 0 0 -1
    outer loop
      vertex 21.3526 -9.9792 0
      vertex 21.1939 -8.63856 0
      vertex 21.2581 -8.62969 0
    endloop
  endfacet
  facet normal 0 0 -1
    outer loop
      vertex 21.2354 -9.99074 0
      vertex 21.1295 -8.64491 0
      vertex 21.1939 -8.63856 0
    endloop
  endfacet
  facet normal 0 0 -1
    outer loop
      vertex 21.1178 -9.99768 0
      vertex 21.1295 -8.64491 0
      vertex 21.2354 -9.99074 0
    endloop
  endfacet
  facet normal 0 0 -1
    outer loop
      vertex 21.1178 -9.99768 0
      vertex 21.0648 -8.64873 0
      vertex 21.1295 -8.64491 0
    endloop
  endfacet
  facet normal 0 0 -1
    outer loop
      vertex 21 -10 0
      vertex 21.0648 -8.64873 0
      vertex 21.1178 -9.99768 0
    endloop
  endfacet
  facet normal 0 0 -1
    outer loop
      vertex 21 -10 0
      vertex 21 -8.65 0
      vertex 21.0648 -8.64873 0
    endloop
  endfacet
  facet normal 0 0 -1
    outer loop
      vertex 21 -10 0
      vertex 20.9352 -8.64873 0
      vertex 21 -8.65 0
    endloop
  endfacet
  facet normal 0 0 -1
    outer loop
      vertex 20.8822 -9.99768 0
      vertex 20.9352 -8.64873 0
      vertex 21 -10 0
    endloop
  endfacet
  facet normal 0 0 -1
    outer loop
      vertex 20.8822 -9.99768 0
      vertex 20.8705 -8.64491 0
      vertex 20.9352 -8.64873 0
    endloop
  endfacet
  facet normal 0 0 -1
    outer loop
      vertex 20.7646 -9.99074 0
      vertex 20.8705 -8.64491 0
      vertex 20.8822 -9.99768 0
    endloop
  endfacet
  facet normal -0 0 -1
    outer loop
      vertex 20.8705 -8.64491 0
      vertex 20.7646 -9.99074 0
      vertex 20.8061 -8.63856 0
    endloop
  endfacet
  facet normal 0 0 -1
    outer loop
      vertex 20.6474 -9.9792 0
      vertex 20.8061 -8.63856 0
      vertex 20.7646 -9.99074 0
    endloop
  endfacet
  facet normal -0 0 -1
    outer loop
      vertex 20.8061 -8.63856 0
      vertex 20.6474 -9.9792 0
      vertex 20.7419 -8.62969 0
    endloop
  endfacet
  facet normal 0 0 -1
    outer loop
      vertex 20.5307 -9.96306 0
      vertex 20.7419 -8.62969 0
      vertex 20.6474 -9.9792 0
    endloop
  endfacet
  facet normal -0 0 -1
    outer loop
      vertex 20.7419 -8.62969 0
      vertex 20.5307 -9.96306 0
      vertex 20.6781 -8.6183 0
    endloop
  endfacet
  facet normal 0 0 -1
    outer loop
      vertex 20.4147 -9.94235 0
      vertex 20.6781 -8.6183 0
      vertex 20.5307 -9.96306 0
    endloop
  endfacet
  facet normal -0 0 -1
    outer loop
      vertex 20.6781 -8.6183 0
      vertex 20.4147 -9.94235 0
      vertex 20.6148 -8.60441 0
    endloop
  endfacet
  facet normal 0 0 -1
    outer loop
      vertex 20.2997 -9.9171 0
      vertex 20.6148 -8.60441 0
      vertex 20.4147 -9.94235 0
    endloop
  endfacet
  facet normal -0 0 -1
    outer loop
      vertex 20.6148 -8.60441 0
      vertex 20.2997 -9.9171 0
      vertex 20.5521 -8.58805 0
    endloop
  endfacet
  facet normal 0 0 -1
    outer loop
      vertex 20.1857 -9.88736 0
      vertex 20.5521 -8.58805 0
      vertex 20.2997 -9.9171 0
    endloop
  endfacet
  facet normal -0 0 -1
    outer loop
      vertex 20.5521 -8.58805 0
      vertex 20.1857 -9.88736 0
      vertex 20.4901 -8.56924 0
    endloop
  endfacet
  facet normal 0 0 -1
    outer loop
      vertex 20.0729 -9.85316 0
      vertex 20.4901 -8.56924 0
      vertex 20.1857 -9.88736 0
    endloop
  endfacet
  facet normal -0 0 -1
    outer loop
      vertex 20.4901 -8.56924 0
      vertex 20.0729 -9.85316 0
      vertex 20.4289 -8.54802 0
    endloop
  endfacet
  facet normal 0 0 -1
    outer loop
      vertex 19.9616 -9.81456 0
      vertex 20.4289 -8.54802 0
      vertex 20.0729 -9.85316 0
    endloop
  endfacet
  facet normal -0 0 -1
    outer loop
      vertex 20.4289 -8.54802 0
      vertex 19.9616 -9.81456 0
      vertex 20.3686 -8.5244 0
    endloop
  endfacet
  facet normal 0 0 -1
    outer loop
      vertex 19.8519 -9.77164 0
      vertex 20.3686 -8.5244 0
      vertex 19.9616 -9.81456 0
    endloop
  endfacet
  facet normal -0 0 -1
    outer loop
      vertex 20.3686 -8.5244 0
      vertex 19.8519 -9.77164 0
      vertex 20.3092 -8.49844 0
    endloop
  endfacet
  facet normal 0 0 -1
    outer loop
      vertex 19.744 -9.72443 0
      vertex 20.3092 -8.49844 0
      vertex 19.8519 -9.77164 0
    endloop
  endfacet
  facet normal -0 0 -1
    outer loop
      vertex 20.3092 -8.49844 0
      vertex 19.744 -9.72443 0
      vertex 20.2509 -8.47016 0
    endloop
  endfacet
  facet normal 0 0 -1
    outer loop
      vertex 19.638 -9.67302 0
      vertex 20.2509 -8.47016 0
      vertex 19.744 -9.72443 0
    endloop
  endfacet
  facet normal -0 0 -1
    outer loop
      vertex 20.2509 -8.47016 0
      vertex 19.638 -9.67302 0
      vertex 20.1938 -8.43962 0
    endloop
  endfacet
  facet normal 0 0 -1
    outer loop
      vertex 19.5341 -9.61748 0
      vertex 20.1938 -8.43962 0
      vertex 19.638 -9.67302 0
    endloop
  endfacet
  facet normal -0 0 -1
    outer loop
      vertex 20.1938 -8.43962 0
      vertex 19.5341 -9.61748 0
      vertex 20.1379 -8.40686 0
    endloop
  endfacet
  facet normal 0 0 -1
    outer loop
      vertex 19.4325 -9.55791 0
      vertex 20.1379 -8.40686 0
      vertex 19.5341 -9.61748 0
    endloop
  endfacet
  facet normal -0 0 -1
    outer loop
      vertex 20.1379 -8.40686 0
      vertex 19.4325 -9.55791 0
      vertex 20.0833 -8.37192 0
    endloop
  endfacet
  facet normal 0 0 -1
    outer loop
      vertex 19.3333 -9.4944 0
      vertex 20.0833 -8.37192 0
      vertex 19.4325 -9.55791 0
    endloop
  endfacet
  facet normal -0 0 -1
    outer loop
      vertex 20.0833 -8.37192 0
      vertex 19.3333 -9.4944 0
      vertex 20.0302 -8.33488 0
    endloop
  endfacet
  facet normal 0 0 -1
    outer loop
      vertex 19.2366 -9.42705 0
      vertex 20.0302 -8.33488 0
      vertex 19.3333 -9.4944 0
    endloop
  endfacet
  facet normal -0 0 -1
    outer loop
      vertex 20.0302 -8.33488 0
      vertex 19.2366 -9.42705 0
      vertex 19.9785 -8.29577 0
    endloop
  endfacet
  facet normal 0 0 -1
    outer loop
      vertex 19.1427 -9.35594 0
      vertex 19.9785 -8.29577 0
      vertex 19.2366 -9.42705 0
    endloop
  endfacet
  facet normal -0 0 -1
    outer loop
      vertex 19.9785 -8.29577 0
      vertex 19.1427 -9.35594 0
      vertex 19.9284 -8.25467 0
    endloop
  endfacet
  facet normal 0 0 -1
    outer loop
      vertex 19.0517 -9.2812 0
      vertex 19.9284 -8.25467 0
      vertex 19.1427 -9.35594 0
    endloop
  endfacet
  facet normal -0 0 -1
    outer loop
      vertex 19.9284 -8.25467 0
      vertex 19.0517 -9.2812 0
      vertex 19.88 -8.21163 0
    endloop
  endfacet
  facet normal 0 0 -1
    outer loop
      vertex 18.9636 -9.20296 0
      vertex 19.88 -8.21163 0
      vertex 19.0517 -9.2812 0
    endloop
  endfacet
  facet normal -0 0 -1
    outer loop
      vertex 19.88 -8.21163 0
      vertex 18.9636 -9.20296 0
      vertex 19.8333 -8.16673 0
    endloop
  endfacet
  facet normal 0 0 -1
    outer loop
      vertex 18.8787 -9.12131 0
      vertex 19.8333 -8.16673 0
      vertex 18.9636 -9.20296 0
    endloop
  endfacet
  facet normal -0 0 -1
    outer loop
      vertex 19.8333 -8.16673 0
      vertex 18.8787 -9.12131 0
      vertex 19.7884 -8.12002 0
    endloop
  endfacet
  facet normal 0 0 -1
    outer loop
      vertex 18.797 -9.03639 0
      vertex 19.7884 -8.12002 0
      vertex 18.8787 -9.12131 0
    endloop
  endfacet
  facet normal -0 0 -1
    outer loop
      vertex 19.7884 -8.12002 0
      vertex 18.797 -9.03639 0
      vertex 19.7453 -8.07159 0
    endloop
  endfacet
  facet normal 0 0 -1
    outer loop
      vertex 18.7188 -8.94833 0
      vertex 19.7453 -8.07159 0
      vertex 18.797 -9.03639 0
    endloop
  endfacet
  facet normal -0 0 -1
    outer loop
      vertex 19.7453 -8.07159 0
      vertex 18.7188 -8.94833 0
      vertex 19.7042 -8.0215 0
    endloop
  endfacet
  facet normal 0 0 -1
    outer loop
      vertex 18.644 -8.85727 0
      vertex 19.7042 -8.0215 0
      vertex 18.7188 -8.94833 0
    endloop
  endfacet
  facet normal -0 0 -1
    outer loop
      vertex 19.7042 -8.0215 0
      vertex 18.644 -8.85727 0
      vertex 19.6651 -7.96984 0
    endloop
  endfacet
  facet normal 0 0 -1
    outer loop
      vertex 18.5729 -8.76335 0
      vertex 19.6651 -7.96984 0
      vertex 18.644 -8.85727 0
    endloop
  endfacet
  facet normal -0 0 -1
    outer loop
      vertex 19.6651 -7.96984 0
      vertex 18.5729 -8.76335 0
      vertex 19.6281 -7.91669 0
    endloop
  endfacet
  facet normal 0 0 -1
    outer loop
      vertex 18.5056 -8.6667 0
      vertex 19.6281 -7.91669 0
      vertex 18.5729 -8.76335 0
    endloop
  endfacet
  facet normal -0 0 -1
    outer loop
      vertex 19.6281 -7.91669 0
      vertex 18.5056 -8.6667 0
      vertex 19.5931 -7.86212 0
    endloop
  endfacet
  facet normal 0 0 -1
    outer loop
      vertex 18.4421 -8.56749 0
      vertex 19.5931 -7.86212 0
      vertex 18.5056 -8.6667 0
    endloop
  endfacet
  facet normal -0 0 -1
    outer loop
      vertex 19.5931 -7.86212 0
      vertex 18.4421 -8.56749 0
      vertex 19.5604 -7.80622 0
    endloop
  endfacet
  facet normal -0 0 -1
    outer loop
      vertex 19.5604 -7.80622 0
      vertex 18.3825 -8.46585 0
      vertex 19.5298 -7.74908 0
    endloop
  endfacet
  facet normal 0 0 -1
    outer loop
      vertex 18.3825 -8.46585 0
      vertex 19.5604 -7.80622 0
      vertex 18.4421 -8.56749 0
    endloop
  endfacet
  facet normal 0 0 1
    outer loop
      vertex 27.55 -0.299988 4
      vertex 24.4497 -1.98233 4
      vertex 24.45 -2 4
    endloop
  endfacet
  facet normal 0 0 1
    outer loop
      vertex 27.55 -0.299988 4
      vertex 24.4486 -1.96469 4
      vertex 24.4497 -1.98233 4
    endloop
  endfacet
  facet normal 0 0 1
    outer loop
      vertex 27.55 -0.299988 4
      vertex 24.4469 -1.94711 4
      vertex 24.4486 -1.96469 4
    endloop
  endfacet
  facet normal 0 0 1
    outer loop
      vertex 27.55 -0.299988 4
      vertex 24.4445 -1.9296 4
      vertex 24.4469 -1.94711 4
    endloop
  endfacet
  facet normal 0 0 1
    outer loop
      vertex 27.55 -0.299988 4
      vertex 24.4414 -1.91221 4
      vertex 24.4445 -1.9296 4
    endloop
  endfacet
  facet normal 0 0 1
    outer loop
      vertex 27.55 -0.299988 4
      vertex 24.4376 -1.89495 4
      vertex 24.4414 -1.91221 4
    endloop
  endfacet
  facet normal 0 0 1
    outer loop
      vertex 27.55 -0.299988 4
      vertex 24.4331 -1.87785 4
      vertex 24.4376 -1.89495 4
    endloop
  endfacet
  facet normal 0 0 1
    outer loop
      vertex 27.55 -0.299988 4
      vertex 24.428 -1.86094 4
      vertex 24.4331 -1.87785 4
    endloop
  endfacet
  facet normal 0 0 1
    outer loop
      vertex 27.55 -0.299988 4
      vertex 24.4222 -1.84425 4
      vertex 24.428 -1.86094 4
    endloop
  endfacet
  facet normal 0 0 1
    outer loop
      vertex 27.55 -0.299988 4
      vertex 24.4157 -1.82779 4
      vertex 24.4222 -1.84425 4
    endloop
  endfacet
  facet normal 0 0 1
    outer loop
      vertex 27.55 -0.299988 4
      vertex 24.4087 -1.8116 4
      vertex 24.4157 -1.82779 4
    endloop
  endfacet
  facet normal 0 0 1
    outer loop
      vertex 27.55 -0.299988 4
      vertex 24.401 -1.7957 4
      vertex 24.4087 -1.8116 4
    endloop
  endfacet
  facet normal 0 0 1
    outer loop
      vertex 27.55 -0.299988 4
      vertex 24.3926 -1.78012 4
      vertex 24.401 -1.7957 4
    endloop
  endfacet
  facet normal 0 0 1
    outer loop
      vertex 27.55 -0.299988 4
      vertex 24.3837 -1.76488 4
      vertex 24.3926 -1.78012 4
    endloop
  endfacet
  facet normal 0 0 1
    outer loop
      vertex 27.55 -0.299988 4
      vertex 24.3742 -1.74999 4
      vertex 24.3837 -1.76488 4
    endloop
  endfacet
  facet normal 0 0 1
    outer loop
      vertex 27.55 -0.299988 4
      vertex 24.3641 -1.7355 4
      vertex 24.3742 -1.74999 4
    endloop
  endfacet
  facet normal 0 0 1
    outer loop
      vertex 27.55 -0.299988 4
      vertex 24.3534 -1.72141 4
      vertex 24.3641 -1.7355 4
    endloop
  endfacet
  facet normal -0 0 1
    outer loop
      vertex 24 -0.299988 4
      vertex 24.3534 -1.72141 4
      vertex 27.55 -0.299988 4
    endloop
  endfacet
  facet normal 0 0 1
    outer loop
      vertex 24.3534 -1.72141 4
      vertex 24 -0.299988 4
      vertex 24.3422 -1.70775 4
    endloop
  endfacet
  facet normal 0 0 1
    outer loop
      vertex 24.3422 -1.70775 4
      vertex 24 -0.299988 4
      vertex 24.3304 -1.69454 4
    endloop
  endfacet
  facet normal 0 0 1
    outer loop
      vertex 24.3304 -1.69454 4
      vertex 24 -0.299988 4
      vertex 24.3182 -1.6818 4
    endloop
  endfacet
  facet normal 0 0 1
    outer loop
      vertex 24.3182 -1.6818 4
      vertex 24 -0.299988 4
      vertex 24.3055 -1.66955 4
    endloop
  endfacet
  facet normal 0 0 1
    outer loop
      vertex 24.3055 -1.66955 4
      vertex 24 -0.299988 4
      vertex 24.2923 -1.65782 4
    endloop
  endfacet
  facet normal 0 0 1
    outer loop
      vertex 24.2923 -1.65782 4
      vertex 24 -0.299988 4
      vertex 24.2786 -1.64661 4
    endloop
  endfacet
  facet normal 0 0 1
    outer loop
      vertex 24.2786 -1.64661 4
      vertex 24 -0.299988 4
      vertex 24.2645 -1.63594 4
    endloop
  endfacet
  facet normal 0 0 1
    outer loop
      vertex 24.2645 -1.63594 4
      vertex 24 -0.299988 4
      vertex 24.25 -1.62584 4
    endloop
  endfacet
  facet normal 0 0 1
    outer loop
      vertex 24.25 -1.62584 4
      vertex 24 -0.299988 4
      vertex 24.2351 -1.61631 4
    endloop
  endfacet
  facet normal 0 0 1
    outer loop
      vertex 24.2351 -1.61631 4
      vertex 24 -0.299988 4
      vertex 24.2199 -1.60738 4
    endloop
  endfacet
  facet normal 0 0 1
    outer loop
      vertex 24.2199 -1.60738 4
      vertex 24 -0.299988 4
      vertex 24.2043 -1.59905 4
    endloop
  endfacet
  facet normal 0 0 1
    outer loop
      vertex 24.2043 -1.59905 4
      vertex 24 -0.299988 4
      vertex 24.1884 -1.59134 4
    endloop
  endfacet
  facet normal 0 0 1
    outer loop
      vertex 24.1884 -1.59134 4
      vertex 24 -0.299988 4
      vertex 24.1722 -1.58425 4
    endloop
  endfacet
  facet normal 0 0 1
    outer loop
      vertex 24.1722 -1.58425 4
      vertex 24 -0.299988 4
      vertex 24.1558 -1.57781 4
    endloop
  endfacet
  facet normal 0 0 1
    outer loop
      vertex 24.1558 -1.57781 4
      vertex 24 -0.299988 4
      vertex 24.1391 -1.57202 4
    endloop
  endfacet
  facet normal 0 0 1
    outer loop
      vertex 24.1391 -1.57202 4
      vertex 24 -0.299988 4
      vertex 24.1221 -1.56689 4
    endloop
  endfacet
  facet normal 0 0 1
    outer loop
      vertex 24.1221 -1.56689 4
      vertex 24 -0.299988 4
      vertex 24.105 -1.56243 4
    endloop
  endfacet
  facet normal 0 0 1
    outer loop
      vertex 24.105 -1.56243 4
      vertex 24 -0.299988 4
      vertex 24.0878 -1.55865 4
    endloop
  endfacet
  facet normal 0 0 1
    outer loop
      vertex 24.0878 -1.55865 4
      vertex 24 -0.299988 4
      vertex 24.0704 -1.55554 4
    endloop
  endfacet
  facet normal 0 0 1
    outer loop
      vertex 24.0704 -1.55554 4
      vertex 24 -0.299988 4
      vertex 24.0529 -1.55312 4
    endloop
  endfacet
  facet normal 0 0 1
    outer loop
      vertex 24.0529 -1.55312 4
      vertex 24 -0.299988 4
      vertex 24.0353 -1.55139 4
    endloop
  endfacet
  facet normal 0 0 1
    outer loop
      vertex 24.0353 -1.55139 4
      vertex 24 -0.299988 4
      vertex 24.0177 -1.55035 4
    endloop
  endfacet
  facet normal 0 0 1
    outer loop
      vertex 24 -0.299988 4
      vertex 24 -1.55 4
      vertex 24.0177 -1.55035 4
    endloop
  endfacet
  facet normal 0 0 1
    outer loop
      vertex 24 -0.299988 4
      vertex 23.9823 -1.55035 4
      vertex 24 -1.55 4
    endloop
  endfacet
  facet normal 0 0 1
    outer loop
      vertex 24 -0.299988 4
      vertex 23.9647 -1.55139 4
      vertex 23.9823 -1.55035 4
    endloop
  endfacet
  facet normal 0 0 1
    outer loop
      vertex 24 -0.299988 4
      vertex 23.9471 -1.55312 4
      vertex 23.9647 -1.55139 4
    endloop
  endfacet
  facet normal 0 0 1
    outer loop
      vertex 24 -0.299988 4
      vertex 23.9296 -1.55554 4
      vertex 23.9471 -1.55312 4
    endloop
  endfacet
  facet normal 0 0 1
    outer loop
      vertex 24 -0.299988 4
      vertex 23.9122 -1.55865 4
      vertex 23.9296 -1.55554 4
    endloop
  endfacet
  facet normal 0 0 1
    outer loop
      vertex 24 -0.299988 4
      vertex 23.8949 -1.56243 4
      vertex 23.9122 -1.55865 4
    endloop
  endfacet
  facet normal 0 0 1
    outer loop
      vertex 24 -0.299988 4
      vertex 23.8779 -1.56689 4
      vertex 23.8949 -1.56243 4
    endloop
  endfacet
  facet normal 0 0 1
    outer loop
      vertex 24 -0.299988 4
      vertex 23.8609 -1.57202 4
      vertex 23.8779 -1.56689 4
    endloop
  endfacet
  facet normal 0 0 1
    outer loop
      vertex 24 -0.299988 4
      vertex 23.8442 -1.57781 4
      vertex 23.8609 -1.57202 4
    endloop
  endfacet
  facet normal 0 0 1
    outer loop
      vertex 24 -0.299988 4
      vertex 23.8278 -1.58425 4
      vertex 23.8442 -1.57781 4
    endloop
  endfacet
  facet normal 0 0 1
    outer loop
      vertex 24 -0.299988 4
      vertex 23.8116 -1.59134 4
      vertex 23.8278 -1.58425 4
    endloop
  endfacet
  facet normal 0 0 1
    outer loop
      vertex 24 -0.299988 4
      vertex 23.7957 -1.59905 4
      vertex 23.8116 -1.59134 4
    endloop
  endfacet
  facet normal 0 0 1
    outer loop
      vertex 24 -0.299988 4
      vertex 23.7801 -1.60738 4
      vertex 23.7957 -1.59905 4
    endloop
  endfacet
  facet normal 0 0 1
    outer loop
      vertex 24 -0.299988 4
      vertex 23.7649 -1.61631 4
      vertex 23.7801 -1.60738 4
    endloop
  endfacet
  facet normal 0 0 1
    outer loop
      vertex 24 -0.299988 4
      vertex 23.75 -1.62584 4
      vertex 23.7649 -1.61631 4
    endloop
  endfacet
  facet normal 0 0 1
    outer loop
      vertex 24 -0.299988 4
      vertex 23.7355 -1.63594 4
      vertex 23.75 -1.62584 4
    endloop
  endfacet
  facet normal 0 0 1
    outer loop
      vertex 24 -0.299988 4
      vertex 23.7214 -1.64661 4
      vertex 23.7355 -1.63594 4
    endloop
  endfacet
  facet normal 0 0 1
    outer loop
      vertex 24 -0.299988 4
      vertex 23.7077 -1.65782 4
      vertex 23.7214 -1.64661 4
    endloop
  endfacet
  facet normal 0 0 1
    outer loop
      vertex 24 -0.299988 4
      vertex 23.6945 -1.66955 4
      vertex 23.7077 -1.65782 4
    endloop
  endfacet
  facet normal 0 0 1
    outer loop
      vertex 24 -0.299988 4
      vertex 23.6818 -1.6818 4
      vertex 23.6945 -1.66955 4
    endloop
  endfacet
  facet normal 0 0 1
    outer loop
      vertex 24 -0.299988 4
      vertex 23.6696 -1.69454 4
      vertex 23.6818 -1.6818 4
    endloop
  endfacet
  facet normal 0 0 1
    outer loop
      vertex 24 -0.299988 4
      vertex 23.6578 -1.70775 4
      vertex 23.6696 -1.69454 4
    endloop
  endfacet
  facet normal 0 0 1
    outer loop
      vertex 24 -0.299988 4
      vertex 23.6466 -1.72141 4
      vertex 23.6578 -1.70775 4
    endloop
  endfacet
  facet normal 0 0 1
    outer loop
      vertex 24 -0.299988 4
      vertex 23.6359 -1.7355 4
      vertex 23.6466 -1.72141 4
    endloop
  endfacet
  facet normal 0 0 1
    outer loop
      vertex 24 -0.299988 4
      vertex 23.6258 -1.74999 4
      vertex 23.6359 -1.7355 4
    endloop
  endfacet
  facet normal 0 0 1
    outer loop
      vertex 24 -0.299988 4
      vertex 23.6163 -1.76488 4
      vertex 23.6258 -1.74999 4
    endloop
  endfacet
  facet normal 0 0 1
    outer loop
      vertex 24 -0.299988 4
      vertex 23.6074 -1.78012 4
      vertex 23.6163 -1.76488 4
    endloop
  endfacet
  facet normal 0 0 1
    outer loop
      vertex 24 -0.299988 4
      vertex 23.599 -1.7957 4
      vertex 23.6074 -1.78012 4
    endloop
  endfacet
  facet normal 0 0 1
    outer loop
      vertex 24 -0.299988 4
      vertex 23.5913 -1.8116 4
      vertex 23.599 -1.7957 4
    endloop
  endfacet
  facet normal 0 0 1
    outer loop
      vertex 20 -4 4
      vertex 23.5913 -1.8116 4
      vertex 24 -0.299988 4
    endloop
  endfacet
  facet normal 0 0 1
    outer loop
      vertex 23.5913 -1.8116 4
      vertex 20 -4 4
      vertex 23.5843 -1.82779 4
    endloop
  endfacet
  facet normal 0 0 1
    outer loop
      vertex 23.5843 -1.82779 4
      vertex 20 -4 4
      vertex 23.5778 -1.84425 4
    endloop
  endfacet
  facet normal 0 0 1
    outer loop
      vertex 23.5778 -1.84425 4
      vertex 20 -4 4
      vertex 23.572 -1.86094 4
    endloop
  endfacet
  facet normal 0 0 1
    outer loop
      vertex 20 -4 4
      vertex 23.55 -2 4
      vertex 23.5503 -1.98233 4
    endloop
  endfacet
  facet normal 0 0 1
    outer loop
      vertex 23.55 -2 4
      vertex 22.6386 -6.80606 4
      vertex 23.2353 -9 4
    endloop
  endfacet
  facet normal -0 -0 1
    outer loop
      vertex 22.6449 -6.87054 4
      vertex 23.2353 -9 4
      vertex 22.6386 -6.80606 4
    endloop
  endfacet
  facet normal 0 0 1
    outer loop
      vertex 20 -4 4
      vertex 23.5503 -1.98233 4
      vertex 23.5514 -1.96469 4
    endloop
  endfacet
  facet normal -0 -0 1
    outer loop
      vertex 22.65 -7 4
      vertex 23.2353 -9 4
      vertex 22.6487 -6.93522 4
    endloop
  endfacet
  facet normal -0 0 1
    outer loop
      vertex 22.6449 -7.12946 4
      vertex 23.2353 -9 4
      vertex 22.6487 -7.06478 4
    endloop
  endfacet
  facet normal -0 0 1
    outer loop
      vertex 22.6386 -7.19394 4
      vertex 23.2353 -9 4
      vertex 22.6449 -7.12946 4
    endloop
  endfacet
  facet normal -0 0 1
    outer loop
      vertex 22.6183 -7.3219 4
      vertex 23.2353 -9 4
      vertex 22.6297 -7.25812 4
    endloop
  endfacet
  facet normal 0 0 1
    outer loop
      vertex 20 -4 4
      vertex 23.5514 -1.96469 4
      vertex 23.5531 -1.94711 4
    endloop
  endfacet
  facet normal -0 0 1
    outer loop
      vertex 22.5881 -7.44788 4
      vertex 23.2353 -9 4
      vertex 22.6044 -7.38518 4
    endloop
  endfacet
  facet normal -0 0 1
    outer loop
      vertex 22.6044 -7.38518 4
      vertex 23.2353 -9 4
      vertex 22.6183 -7.3219 4
    endloop
  endfacet
  facet normal 0 0 1
    outer loop
      vertex 20 -4 4
      vertex 23.5531 -1.94711 4
      vertex 23.5555 -1.9296 4
    endloop
  endfacet
  facet normal -0 0 1
    outer loop
      vertex 22.6297 -7.25812 4
      vertex 23.2353 -9 4
      vertex 22.6386 -7.19394 4
    endloop
  endfacet
  facet normal 0 0 1
    outer loop
      vertex 20 -4 4
      vertex 23.5555 -1.9296 4
      vertex 23.5586 -1.91221 4
    endloop
  endfacet
  facet normal -0 0 1
    outer loop
      vertex 22.6487 -7.06478 4
      vertex 23.2353 -9 4
      vertex 22.65 -7 4
    endloop
  endfacet
  facet normal -0 -0 1
    outer loop
      vertex 22.6487 -6.93522 4
      vertex 23.2353 -9 4
      vertex 22.6449 -6.87054 4
    endloop
  endfacet
  facet normal 0 0 1
    outer loop
      vertex 23.55 -2 4
      vertex 22.6297 -6.74188 4
      vertex 22.6386 -6.80606 4
    endloop
  endfacet
  facet normal 0 0 1
    outer loop
      vertex 23.55 -2 4
      vertex 22.6183 -6.6781 4
      vertex 22.6297 -6.74188 4
    endloop
  endfacet
  facet normal 0 0 1
    outer loop
      vertex 23.55 -2 4
      vertex 22.6044 -6.61481 4
      vertex 22.6183 -6.6781 4
    endloop
  endfacet
  facet normal 0 0 1
    outer loop
      vertex 23.55 -2 4
      vertex 22.5881 -6.55212 4
      vertex 22.6044 -6.61481 4
    endloop
  endfacet
  facet normal 0 0 1
    outer loop
      vertex 23.55 -2 4
      vertex 22.5692 -6.49012 4
      vertex 22.5881 -6.55212 4
    endloop
  endfacet
  facet normal 0 0 1
    outer loop
      vertex 23.55 -2 4
      vertex 22.548 -6.42891 4
      vertex 22.5692 -6.49012 4
    endloop
  endfacet
  facet normal 0 0 1
    outer loop
      vertex 20 -4 4
      vertex 23.5586 -1.91221 4
      vertex 23.5624 -1.89495 4
    endloop
  endfacet
  facet normal 0 0 1
    outer loop
      vertex 23.55 -2 4
      vertex 22.5244 -6.36857 4
      vertex 22.548 -6.42891 4
    endloop
  endfacet
  facet normal 0 0 1
    outer loop
      vertex 23.55 -2 4
      vertex 22.4984 -6.30921 4
      vertex 22.5244 -6.36857 4
    endloop
  endfacet
  facet normal 0 0 1
    outer loop
      vertex 23.55 -2 4
      vertex 22.4702 -6.25092 4
      vertex 22.4984 -6.30921 4
    endloop
  endfacet
  facet normal 0 0 1
    outer loop
      vertex 23.55 -2 4
      vertex 22.4396 -6.19377 4
      vertex 22.4702 -6.25092 4
    endloop
  endfacet
  facet normal 0 0 1
    outer loop
      vertex 20 -4 4
      vertex 23.5624 -1.89495 4
      vertex 23.5669 -1.87785 4
    endloop
  endfacet
  facet normal 0 0 1
    outer loop
      vertex 23.55 -2 4
      vertex 22.4069 -6.13788 4
      vertex 22.4396 -6.19377 4
    endloop
  endfacet
  facet normal 0 0 1
    outer loop
      vertex 23.55 -2 4
      vertex 22.3719 -6.08331 4
      vertex 22.4069 -6.13788 4
    endloop
  endfacet
  facet normal 0 0 1
    outer loop
      vertex 23.572 -1.86094 4
      vertex 20 -4 4
      vertex 23.5669 -1.87785 4
    endloop
  endfacet
  facet normal 0 0 1
    outer loop
      vertex 23.55 -2 4
      vertex 22.3349 -6.03015 4
      vertex 22.3719 -6.08331 4
    endloop
  endfacet
  facet normal 0 0 1
    outer loop
      vertex 23.55 -2 4
      vertex 22.2958 -5.97849 4
      vertex 22.3349 -6.03015 4
    endloop
  endfacet
  facet normal 0 0 1
    outer loop
      vertex 23.55 -2 4
      vertex 22.2547 -5.92841 4
      vertex 22.2958 -5.97849 4
    endloop
  endfacet
  facet normal 0 0 1
    outer loop
      vertex 23.55 -2 4
      vertex 22.2116 -5.87998 4
      vertex 22.2547 -5.92841 4
    endloop
  endfacet
  facet normal 0 0 1
    outer loop
      vertex 23.55 -2 4
      vertex 22.1667 -5.83327 4
      vertex 22.2116 -5.87998 4
    endloop
  endfacet
  facet normal 0 0 1
    outer loop
      vertex 23.55 -2 4
      vertex 22.12 -5.78837 4
      vertex 22.1667 -5.83327 4
    endloop
  endfacet
  facet normal 0 0 1
    outer loop
      vertex 23.55 -2 4
      vertex 22.0716 -5.74533 4
      vertex 22.12 -5.78837 4
    endloop
  endfacet
  facet normal 0 0 1
    outer loop
      vertex 23.55 -2 4
      vertex 22.0215 -5.70423 4
      vertex 22.0716 -5.74533 4
    endloop
  endfacet
  facet normal 0 0 1
    outer loop
      vertex 23.55 -2 4
      vertex 21.9698 -5.66512 4
      vertex 22.0215 -5.70423 4
    endloop
  endfacet
  facet normal 0 0 1
    outer loop
      vertex 23.55 -2 4
      vertex 21.9167 -5.62807 4
      vertex 21.9698 -5.66512 4
    endloop
  endfacet
  facet normal 0 0 1
    outer loop
      vertex 23.55 -2 4
      vertex 21.8621 -5.59314 4
      vertex 21.9167 -5.62807 4
    endloop
  endfacet
  facet normal 0 0 1
    outer loop
      vertex 23.55 -2 4
      vertex 21.8062 -5.56038 4
      vertex 21.8621 -5.59314 4
    endloop
  endfacet
  facet normal 0 0 1
    outer loop
      vertex 23.55 -2 4
      vertex 21.7491 -5.52984 4
      vertex 21.8062 -5.56038 4
    endloop
  endfacet
  facet normal 0 0 1
    outer loop
      vertex 23.55 -2 4
      vertex 21.6908 -5.50156 4
      vertex 21.7491 -5.52984 4
    endloop
  endfacet
  facet normal 0 0 1
    outer loop
      vertex 23.55 -2 4
      vertex 21.6314 -5.4756 4
      vertex 21.6908 -5.50156 4
    endloop
  endfacet
  facet normal 0 0 1
    outer loop
      vertex 23.55 -2 4
      vertex 21.5711 -5.45198 4
      vertex 21.6314 -5.4756 4
    endloop
  endfacet
  facet normal 0 0 1
    outer loop
      vertex 23.55 -2 4
      vertex 20 -4 4
      vertex 21.4479 -5.41195 4
    endloop
  endfacet
  facet normal 0 0 1
    outer loop
      vertex 23.55 -2 4
      vertex 21.5099 -5.43076 4
      vertex 21.5711 -5.45198 4
    endloop
  endfacet
  facet normal 0 0 1
    outer loop
      vertex 23.55 -2 4
      vertex 21.4479 -5.41195 4
      vertex 21.5099 -5.43076 4
    endloop
  endfacet
  facet normal 0 0 1
    outer loop
      vertex 21.4479 -5.41195 4
      vertex 20 -4 4
      vertex 21.3852 -5.39559 4
    endloop
  endfacet
  facet normal 0 0 1
    outer loop
      vertex 21.3852 -5.39559 4
      vertex 20 -4 4
      vertex 21.3219 -5.3817 4
    endloop
  endfacet
  facet normal 0 0 1
    outer loop
      vertex 21.3219 -5.3817 4
      vertex 20 -4 4
      vertex 21.2581 -5.37031 4
    endloop
  endfacet
  facet normal 0 0 1
    outer loop
      vertex 21.2581 -5.37031 4
      vertex 20 -4 4
      vertex 21.1939 -5.36144 4
    endloop
  endfacet
  facet normal 0 0 1
    outer loop
      vertex 21.1939 -5.36144 4
      vertex 20 -4 4
      vertex 21.1295 -5.35509 4
    endloop
  endfacet
  facet normal 0 0 1
    outer loop
      vertex 21.1295 -5.35509 4
      vertex 20 -4 4
      vertex 21.0648 -5.35127 4
    endloop
  endfacet
  facet normal 0 0 1
    outer loop
      vertex 21.0648 -5.35127 4
      vertex 20 -4 4
      vertex 21 -5.35 4
    endloop
  endfacet
  facet normal 0 0 1
    outer loop
      vertex 21 -5.35 4
      vertex 20 -4 4
      vertex 20.9352 -5.35127 4
    endloop
  endfacet
  facet normal -0 0 1
    outer loop
      vertex 19.9528 -4.18889 4
      vertex 20.9352 -5.35127 4
      vertex 20 -4 4
    endloop
  endfacet
  facet normal 0 0 1
    outer loop
      vertex 20.9352 -5.35127 4
      vertex 19.9528 -4.18889 4
      vertex 20.8705 -5.35509 4
    endloop
  endfacet
  facet normal 0 0 1
    outer loop
      vertex 20.8705 -5.35509 4
      vertex 19.9528 -4.18889 4
      vertex 20.8061 -5.36144 4
    endloop
  endfacet
  facet normal 0 0 1
    outer loop
      vertex 20.8061 -5.36144 4
      vertex 19.9528 -4.18889 4
      vertex 20.7419 -5.37031 4
    endloop
  endfacet
  facet normal 0 0 1
    outer loop
      vertex 20.7419 -5.37031 4
      vertex 19.9528 -4.18889 4
      vertex 20.6781 -5.3817 4
    endloop
  endfacet
  facet normal 0 0 1
    outer loop
      vertex 20.6781 -5.3817 4
      vertex 19.9528 -4.18889 4
      vertex 20.6148 -5.39559 4
    endloop
  endfacet
  facet normal 0 0 1
    outer loop
      vertex 20.6148 -5.39559 4
      vertex 19.9528 -4.18889 4
      vertex 20.5521 -5.41195 4
    endloop
  endfacet
  facet normal 0 0 1
    outer loop
      vertex 20.5521 -5.41195 4
      vertex 19.9528 -4.18889 4
      vertex 20.4901 -5.43076 4
    endloop
  endfacet
  facet normal 0 0 1
    outer loop
      vertex 20.4901 -5.43076 4
      vertex 19.9528 -4.18889 4
      vertex 20.4289 -5.45198 4
    endloop
  endfacet
  facet normal 0 0 1
    outer loop
      vertex 20.4289 -5.45198 4
      vertex 19.9528 -4.18889 4
      vertex 20.3686 -5.4756 4
    endloop
  endfacet
  facet normal -0 0 1
    outer loop
      vertex 19.8519 -4.22835 4
      vertex 20.3686 -5.4756 4
      vertex 19.9528 -4.18889 4
    endloop
  endfacet
  facet normal 0 0 1
    outer loop
      vertex 20.3686 -5.4756 4
      vertex 19.8519 -4.22835 4
      vertex 20.3092 -5.50156 4
    endloop
  endfacet
  facet normal -0 0 1
    outer loop
      vertex 19.744 -4.27556 4
      vertex 20.3092 -5.50156 4
      vertex 19.8519 -4.22835 4
    endloop
  endfacet
  facet normal 0 0 1
    outer loop
      vertex 20.3092 -5.50156 4
      vertex 19.744 -4.27556 4
      vertex 20.2509 -5.52984 4
    endloop
  endfacet
  facet normal -0 0 1
    outer loop
      vertex 19.638 -4.32697 4
      vertex 20.2509 -5.52984 4
      vertex 19.744 -4.27556 4
    endloop
  endfacet
  facet normal 0 0 1
    outer loop
      vertex 20.2509 -5.52984 4
      vertex 19.638 -4.32697 4
      vertex 20.1938 -5.56038 4
    endloop
  endfacet
  facet normal -0 0 1
    outer loop
      vertex 19.5341 -4.38251 4
      vertex 20.1938 -5.56038 4
      vertex 19.638 -4.32697 4
    endloop
  endfacet
  facet normal 0 0 1
    outer loop
      vertex 20.1938 -5.56038 4
      vertex 19.5341 -4.38251 4
      vertex 20.1379 -5.59314 4
    endloop
  endfacet
  facet normal -0 0 1
    outer loop
      vertex 19.4325 -4.44208 4
      vertex 20.1379 -5.59314 4
      vertex 19.5341 -4.38251 4
    endloop
  endfacet
  facet normal 0 0 1
    outer loop
      vertex 20.1379 -5.59314 4
      vertex 19.4325 -4.44208 4
      vertex 20.0833 -5.62807 4
    endloop
  endfacet
  facet normal -0 0 1
    outer loop
      vertex 19.3333 -4.50558 4
      vertex 20.0833 -5.62807 4
      vertex 19.4325 -4.44208 4
    endloop
  endfacet
  facet normal 0 0 1
    outer loop
      vertex 20.0833 -5.62807 4
      vertex 19.3333 -4.50558 4
      vertex 20.0302 -5.66512 4
    endloop
  endfacet
  facet normal -0 0 1
    outer loop
      vertex 19.2366 -4.57294 4
      vertex 20.0302 -5.66512 4
      vertex 19.3333 -4.50558 4
    endloop
  endfacet
  facet normal 0 0 1
    outer loop
      vertex 20.0302 -5.66512 4
      vertex 19.2366 -4.57294 4
      vertex 19.9785 -5.70423 4
    endloop
  endfacet
  facet normal -0 0 1
    outer loop
      vertex 19.1427 -4.64404 4
      vertex 19.9785 -5.70423 4
      vertex 19.2366 -4.57294 4
    endloop
  endfacet
  facet normal 0 0 1
    outer loop
      vertex 19.9785 -5.70423 4
      vertex 19.1427 -4.64404 4
      vertex 19.9284 -5.74533 4
    endloop
  endfacet
  facet normal -0 0 1
    outer loop
      vertex 19.0517 -4.71878 4
      vertex 19.9284 -5.74533 4
      vertex 19.1427 -4.64404 4
    endloop
  endfacet
  facet normal 0 0 1
    outer loop
      vertex 19.9284 -5.74533 4
      vertex 19.0517 -4.71878 4
      vertex 19.88 -5.78837 4
    endloop
  endfacet
  facet normal -0 0 1
    outer loop
      vertex 18.9636 -4.79703 4
      vertex 19.88 -5.78837 4
      vertex 19.0517 -4.71878 4
    endloop
  endfacet
  facet normal 0 0 1
    outer loop
      vertex 19.88 -5.78837 4
      vertex 18.9636 -4.79703 4
      vertex 19.8333 -5.83327 4
    endloop
  endfacet
  facet normal -0 0 1
    outer loop
      vertex 18.8787 -4.87868 4
      vertex 19.8333 -5.83327 4
      vertex 18.9636 -4.79703 4
    endloop
  endfacet
  facet normal 0 0 1
    outer loop
      vertex 19.8333 -5.83327 4
      vertex 18.8787 -4.87868 4
      vertex 19.7884 -5.87998 4
    endloop
  endfacet
  facet normal -0 0 1
    outer loop
      vertex 18.797 -4.96359 4
      vertex 19.7884 -5.87998 4
      vertex 18.8787 -4.87868 4
    endloop
  endfacet
  facet normal 0 0 1
    outer loop
      vertex 19.7884 -5.87998 4
      vertex 18.797 -4.96359 4
      vertex 19.7453 -5.92841 4
    endloop
  endfacet
  facet normal -0 0 1
    outer loop
      vertex 18.7188 -5.05165 4
      vertex 19.7453 -5.92841 4
      vertex 18.797 -4.96359 4
    endloop
  endfacet
  facet normal 0 0 1
    outer loop
      vertex 19.7453 -5.92841 4
      vertex 18.7188 -5.05165 4
      vertex 19.7042 -5.97849 4
    endloop
  endfacet
  facet normal -0 0 1
    outer loop
      vertex 18.644 -5.14272 4
      vertex 19.7042 -5.97849 4
      vertex 18.7188 -5.05165 4
    endloop
  endfacet
  facet normal 0 0 1
    outer loop
      vertex 19.7042 -5.97849 4
      vertex 18.644 -5.14272 4
      vertex 19.6651 -6.03015 4
    endloop
  endfacet
  facet normal -0 0 1
    outer loop
      vertex 18.5729 -5.23663 4
      vertex 19.6651 -6.03015 4
      vertex 18.644 -5.14272 4
    endloop
  endfacet
  facet normal 0 0 1
    outer loop
      vertex 19.6651 -6.03015 4
      vertex 18.5729 -5.23663 4
      vertex 19.6281 -6.08331 4
    endloop
  endfacet
  facet normal -0 0 1
    outer loop
      vertex 18.5056 -5.33328 4
      vertex 19.6281 -6.08331 4
      vertex 18.5729 -5.23663 4
    endloop
  endfacet
  facet normal 0 0 1
    outer loop
      vertex 19.6281 -6.08331 4
      vertex 18.5056 -5.33328 4
      vertex 19.5931 -6.13788 4
    endloop
  endfacet
  facet normal -0 0 1
    outer loop
      vertex 18.4421 -5.4325 4
      vertex 19.5931 -6.13788 4
      vertex 18.5056 -5.33328 4
    endloop
  endfacet
  facet normal 0 0 1
    outer loop
      vertex 19.5931 -6.13788 4
      vertex 18.4421 -5.4325 4
      vertex 19.5604 -6.19377 4
    endloop
  endfacet
  facet normal 0 0 1
    outer loop
      vertex 19.5604 -6.19377 4
      vertex 18.3825 -5.53413 4
      vertex 19.5298 -6.25092 4
    endloop
  endfacet
  facet normal -0 0 1
    outer loop
      vertex 18.3825 -5.53413 4
      vertex 19.5604 -6.19377 4
      vertex 18.4421 -5.4325 4
    endloop
  endfacet
  facet normal 0 0 1
    outer loop
      vertex 24.4497 -2.01767 4
      vertex 27.55 -0.299988 4
      vertex 24.45 -2 4
    endloop
  endfacet
  facet normal 0 0 1
    outer loop
      vertex 24.4486 -2.03531 4
      vertex 27.55 -0.299988 4
      vertex 24.4497 -2.01767 4
    endloop
  endfacet
  facet normal 0 0 1
    outer loop
      vertex 24.4469 -2.05289 4
      vertex 27.55 -0.299988 4
      vertex 24.4486 -2.03531 4
    endloop
  endfacet
  facet normal 0 0 1
    outer loop
      vertex 24.4445 -2.0704 4
      vertex 27.55 -0.299988 4
      vertex 24.4469 -2.05289 4
    endloop
  endfacet
  facet normal 0 0 1
    outer loop
      vertex 24.4414 -2.08779 4
      vertex 27.55 -0.299988 4
      vertex 24.4445 -2.0704 4
    endloop
  endfacet
  facet normal 0 0 1
    outer loop
      vertex 24.4376 -2.10505 4
      vertex 27.55 -0.299988 4
      vertex 24.4414 -2.08779 4
    endloop
  endfacet
  facet normal 0 0 1
    outer loop
      vertex 24.4331 -2.12215 4
      vertex 27.55 -0.299988 4
      vertex 24.4376 -2.10505 4
    endloop
  endfacet
  facet normal 0 0 1
    outer loop
      vertex 24.428 -2.13906 4
      vertex 27.55 -0.299988 4
      vertex 24.4331 -2.12215 4
    endloop
  endfacet
  facet normal 0 0 1
    outer loop
      vertex 24.4222 -2.15575 4
      vertex 27.55 -0.299988 4
      vertex 24.428 -2.13906 4
    endloop
  endfacet
  facet normal 0 0 1
    outer loop
      vertex 24.4157 -2.17221 4
      vertex 27.55 -0.299988 4
      vertex 24.4222 -2.15575 4
    endloop
  endfacet
  facet normal 0 0 1
    outer loop
      vertex 24.4087 -2.1884 4
      vertex 27.55 -0.299988 4
      vertex 24.4157 -2.17221 4
    endloop
  endfacet
  facet normal 0 0 1
    outer loop
      vertex 24.401 -2.2043 4
      vertex 27.55 -0.299988 4
      vertex 24.4087 -2.1884 4
    endloop
  endfacet
  facet normal 0 0 1
    outer loop
      vertex 24.3926 -2.21988 4
      vertex 27.55 -0.299988 4
      vertex 24.401 -2.2043 4
    endloop
  endfacet
  facet normal 0 0 1
    outer loop
      vertex 24.3837 -2.23512 4
      vertex 27.55 -0.299988 4
      vertex 24.3926 -2.21988 4
    endloop
  endfacet
  facet normal 0 0 1
    outer loop
      vertex 24.3742 -2.25001 4
      vertex 27.55 -0.299988 4
      vertex 24.3837 -2.23512 4
    endloop
  endfacet
  facet normal 0 0 1
    outer loop
      vertex 23.8223 -5.98386 4
      vertex 24.3742 -2.25001 4
      vertex 24.3641 -2.2645 4
    endloop
  endfacet
  facet normal 0 0 1
    outer loop
      vertex 23.8223 -5.98386 4
      vertex 24.3641 -2.2645 4
      vertex 24.3534 -2.27859 4
    endloop
  endfacet
  facet normal 0 0 1
    outer loop
      vertex 23.8223 -5.98386 4
      vertex 24.3534 -2.27859 4
      vertex 24.3422 -2.29225 4
    endloop
  endfacet
  facet normal 0 0 1
    outer loop
      vertex 23.8223 -5.98386 4
      vertex 24.3422 -2.29225 4
      vertex 24.3304 -2.30546 4
    endloop
  endfacet
  facet normal 0 0 1
    outer loop
      vertex 23.8223 -5.98386 4
      vertex 24.3304 -2.30546 4
      vertex 24.3182 -2.3182 4
    endloop
  endfacet
  facet normal 0 0 1
    outer loop
      vertex 23.8223 -5.98386 4
      vertex 24.3182 -2.3182 4
      vertex 24.3055 -2.33044 4
    endloop
  endfacet
  facet normal 0 0 1
    outer loop
      vertex 23.8223 -5.98386 4
      vertex 24.3055 -2.33044 4
      vertex 24.2923 -2.34218 4
    endloop
  endfacet
  facet normal 0 0 1
    outer loop
      vertex 23.8223 -5.98386 4
      vertex 24.2923 -2.34218 4
      vertex 24.2786 -2.35339 4
    endloop
  endfacet
  facet normal 0 0 1
    outer loop
      vertex 23.8223 -5.98386 4
      vertex 24.2786 -2.35339 4
      vertex 24.2645 -2.36406 4
    endloop
  endfacet
  facet normal 0 0 1
    outer loop
      vertex 23.8223 -5.98386 4
      vertex 24.2645 -2.36406 4
      vertex 24.25 -2.37416 4
    endloop
  endfacet
  facet normal 0 0 1
    outer loop
      vertex 23.8223 -5.98386 4
      vertex 24.25 -2.37416 4
      vertex 24.2351 -2.38369 4
    endloop
  endfacet
  facet normal -0 0 1
    outer loop
      vertex 24.3742 -2.25001 4
      vertex 23.8223 -5.98386 4
      vertex 27.55 -0.299988 4
    endloop
  endfacet
  facet normal -0 0 1
    outer loop
      vertex 24.2199 -2.39262 4
      vertex 23.8223 -5.98386 4
      vertex 24.2351 -2.38369 4
    endloop
  endfacet
  facet normal -0 0 1
    outer loop
      vertex 24.2043 -2.40095 4
      vertex 23.8223 -5.98386 4
      vertex 24.2199 -2.39262 4
    endloop
  endfacet
  facet normal -0 0 1
    outer loop
      vertex 24.1884 -2.40866 4
      vertex 23.8223 -5.98386 4
      vertex 24.2043 -2.40095 4
    endloop
  endfacet
  facet normal -0 0 1
    outer loop
      vertex 24.1722 -2.41575 4
      vertex 23.8223 -5.98386 4
      vertex 24.1884 -2.40866 4
    endloop
  endfacet
  facet normal -0 0 1
    outer loop
      vertex 24.1558 -2.42219 4
      vertex 23.8223 -5.98386 4
      vertex 24.1722 -2.41575 4
    endloop
  endfacet
  facet normal -0 0 1
    outer loop
      vertex 24.1391 -2.42797 4
      vertex 23.8223 -5.98386 4
      vertex 24.1558 -2.42219 4
    endloop
  endfacet
  facet normal -0 0 1
    outer loop
      vertex 24.1221 -2.4331 4
      vertex 23.8223 -5.98386 4
      vertex 24.1391 -2.42797 4
    endloop
  endfacet
  facet normal -0 0 1
    outer loop
      vertex 24.105 -2.43757 4
      vertex 23.8223 -5.98386 4
      vertex 24.1221 -2.4331 4
    endloop
  endfacet
  facet normal -0 0 1
    outer loop
      vertex 24.0878 -2.44135 4
      vertex 23.8223 -5.98386 4
      vertex 24.105 -2.43757 4
    endloop
  endfacet
  facet normal -0 0 1
    outer loop
      vertex 24.0704 -2.44446 4
      vertex 23.8223 -5.98386 4
      vertex 24.0878 -2.44135 4
    endloop
  endfacet
  facet normal -0 0 1
    outer loop
      vertex 24.0529 -2.44688 4
      vertex 23.8223 -5.98386 4
      vertex 24.0704 -2.44446 4
    endloop
  endfacet
  facet normal -0 0 1
    outer loop
      vertex 24.0353 -2.44861 4
      vertex 23.8223 -5.98386 4
      vertex 24.0529 -2.44688 4
    endloop
  endfacet
  facet normal -0 0 1
    outer loop
      vertex 24.0177 -2.44965 4
      vertex 23.8223 -5.98386 4
      vertex 24.0353 -2.44861 4
    endloop
  endfacet
  facet normal -0 0 1
    outer loop
      vertex 24 -2.45 4
      vertex 23.8223 -5.98386 4
      vertex 24.0177 -2.44965 4
    endloop
  endfacet
  facet normal 0 0 1
    outer loop
      vertex 23.9823 -2.44965 4
      vertex 23.8223 -5.98386 4
      vertex 24 -2.45 4
    endloop
  endfacet
  facet normal 0 0 1
    outer loop
      vertex 23.9647 -2.44861 4
      vertex 23.8223 -5.98386 4
      vertex 23.9823 -2.44965 4
    endloop
  endfacet
  facet normal 0 0 1
    outer loop
      vertex 23.9471 -2.44688 4
      vertex 23.8223 -5.98386 4
      vertex 23.9647 -2.44861 4
    endloop
  endfacet
  facet normal 0 0 1
    outer loop
      vertex 23.9296 -2.44446 4
      vertex 23.8223 -5.98386 4
      vertex 23.9471 -2.44688 4
    endloop
  endfacet
  facet normal 0 0 1
    outer loop
      vertex 23.9122 -2.44135 4
      vertex 23.8223 -5.98386 4
      vertex 23.9296 -2.44446 4
    endloop
  endfacet
  facet normal 0 0 1
    outer loop
      vertex 23.8949 -2.43757 4
      vertex 23.8223 -5.98386 4
      vertex 23.9122 -2.44135 4
    endloop
  endfacet
  facet normal 0 0 1
    outer loop
      vertex 23.8779 -2.4331 4
      vertex 23.8223 -5.98386 4
      vertex 23.8949 -2.43757 4
    endloop
  endfacet
  facet normal 0 0 1
    outer loop
      vertex 23.8609 -2.42797 4
      vertex 23.8223 -5.98386 4
      vertex 23.8779 -2.4331 4
    endloop
  endfacet
  facet normal 0 0 1
    outer loop
      vertex 23.8442 -2.42219 4
      vertex 23.8223 -5.98386 4
      vertex 23.8609 -2.42797 4
    endloop
  endfacet
  facet normal 0 0 1
    outer loop
      vertex 23.8278 -2.41575 4
      vertex 23.8223 -5.98386 4
      vertex 23.8442 -2.42219 4
    endloop
  endfacet
  facet normal 0 -0 1
    outer loop
      vertex 23.8223 -5.98386 4
      vertex 23.8278 -2.41575 4
      vertex 23.8116 -2.40866 4
    endloop
  endfacet
  facet normal 0 0 1
    outer loop
      vertex 23.2353 -9 4
      vertex 24 -7 4
      vertex 23.9977 -6.88222 4
    endloop
  endfacet
  facet normal 0 0 1
    outer loop
      vertex 23.2353 -9 4
      vertex 23.9977 -6.88222 4
      vertex 23.9907 -6.76462 4
    endloop
  endfacet
  facet normal 0 0 1
    outer loop
      vertex 23.2353 -9 4
      vertex 23.9907 -6.76462 4
      vertex 23.9792 -6.64738 4
    endloop
  endfacet
  facet normal 0 0 1
    outer loop
      vertex 23.2353 -9 4
      vertex 23.9792 -6.64738 4
      vertex 23.9631 -6.53069 4
    endloop
  endfacet
  facet normal 0 0 1
    outer loop
      vertex 23.2353 -9 4
      vertex 23.9631 -6.53069 4
      vertex 23.9424 -6.41472 4
    endloop
  endfacet
  facet normal 0 0 1
    outer loop
      vertex 23.2353 -9 4
      vertex 23.9424 -6.41472 4
      vertex 23.9171 -6.29965 4
    endloop
  endfacet
  facet normal 0 0 1
    outer loop
      vertex 23.2353 -9 4
      vertex 23.9171 -6.29965 4
      vertex 23.8874 -6.18567 4
    endloop
  endfacet
  facet normal 0 0 1
    outer loop
      vertex 23.2353 -9 4
      vertex 23.8874 -6.18567 4
      vertex 23.8532 -6.07294 4
    endloop
  endfacet
  facet normal 0 0 1
    outer loop
      vertex 23.2353 -9 4
      vertex 23.8532 -6.07294 4
      vertex 23.8223 -5.98386 4
    endloop
  endfacet
  facet normal 0 0 1
    outer loop
      vertex 23.7957 -2.40095 4
      vertex 23.8223 -5.98386 4
      vertex 23.8116 -2.40866 4
    endloop
  endfacet
  facet normal 0 0 1
    outer loop
      vertex 23.7801 -2.39262 4
      vertex 23.8223 -5.98386 4
      vertex 23.7957 -2.40095 4
    endloop
  endfacet
  facet normal 0 0 1
    outer loop
      vertex 23.7649 -2.38369 4
      vertex 23.8223 -5.98386 4
      vertex 23.7801 -2.39262 4
    endloop
  endfacet
  facet normal 0 0 1
    outer loop
      vertex 23.75 -2.37416 4
      vertex 23.8223 -5.98386 4
      vertex 23.7649 -2.38369 4
    endloop
  endfacet
  facet normal 0 0 1
    outer loop
      vertex 23.7355 -2.36406 4
      vertex 23.8223 -5.98386 4
      vertex 23.75 -2.37416 4
    endloop
  endfacet
  facet normal 0 0 1
    outer loop
      vertex 23.7214 -2.35339 4
      vertex 23.8223 -5.98386 4
      vertex 23.7355 -2.36406 4
    endloop
  endfacet
  facet normal 0 0 1
    outer loop
      vertex 23.7077 -2.34218 4
      vertex 23.8223 -5.98386 4
      vertex 23.7214 -2.35339 4
    endloop
  endfacet
  facet normal 0 0 1
    outer loop
      vertex 23.6945 -2.33044 4
      vertex 23.8223 -5.98386 4
      vertex 23.7077 -2.34218 4
    endloop
  endfacet
  facet normal 0 0 1
    outer loop
      vertex 23.6818 -2.3182 4
      vertex 23.8223 -5.98386 4
      vertex 23.6945 -2.33044 4
    endloop
  endfacet
  facet normal 0 0 1
    outer loop
      vertex 23.6696 -2.30546 4
      vertex 23.8223 -5.98386 4
      vertex 23.6818 -2.3182 4
    endloop
  endfacet
  facet normal 0 0 1
    outer loop
      vertex 23.6578 -2.29225 4
      vertex 23.8223 -5.98386 4
      vertex 23.6696 -2.30546 4
    endloop
  endfacet
  facet normal 0 0 1
    outer loop
      vertex 23.6466 -2.27859 4
      vertex 23.8223 -5.98386 4
      vertex 23.6578 -2.29225 4
    endloop
  endfacet
  facet normal 0 0 1
    outer loop
      vertex 23.6359 -2.2645 4
      vertex 23.8223 -5.98386 4
      vertex 23.6466 -2.27859 4
    endloop
  endfacet
  facet normal 0 0 1
    outer loop
      vertex 23.6258 -2.25001 4
      vertex 23.8223 -5.98386 4
      vertex 23.6359 -2.2645 4
    endloop
  endfacet
  facet normal 0 0 1
    outer loop
      vertex 23.6163 -2.23512 4
      vertex 23.8223 -5.98386 4
      vertex 23.6258 -2.25001 4
    endloop
  endfacet
  facet normal 0 0 1
    outer loop
      vertex 23.6074 -2.21988 4
      vertex 23.8223 -5.98386 4
      vertex 23.6163 -2.23512 4
    endloop
  endfacet
  facet normal 0 0 1
    outer loop
      vertex 23.599 -2.2043 4
      vertex 23.8223 -5.98386 4
      vertex 23.6074 -2.21988 4
    endloop
  endfacet
  facet normal 0 0 1
    outer loop
      vertex 23.5913 -2.1884 4
      vertex 23.8223 -5.98386 4
      vertex 23.599 -2.2043 4
    endloop
  endfacet
  facet normal 0 0 1
    outer loop
      vertex 23.5843 -2.17221 4
      vertex 23.8223 -5.98386 4
      vertex 23.5913 -2.1884 4
    endloop
  endfacet
  facet normal 0 0 1
    outer loop
      vertex 23.5778 -2.15575 4
      vertex 23.8223 -5.98386 4
      vertex 23.5843 -2.17221 4
    endloop
  endfacet
  facet normal 0 0 1
    outer loop
      vertex 23.572 -2.13906 4
      vertex 23.8223 -5.98386 4
      vertex 23.5778 -2.15575 4
    endloop
  endfacet
  facet normal 0 0 1
    outer loop
      vertex 23.5669 -2.12215 4
      vertex 23.8223 -5.98386 4
      vertex 23.572 -2.13906 4
    endloop
  endfacet
  facet normal 0 0 1
    outer loop
      vertex 23.5624 -2.10505 4
      vertex 23.8223 -5.98386 4
      vertex 23.5669 -2.12215 4
    endloop
  endfacet
  facet normal 0 0 1
    outer loop
      vertex 23.8223 -5.98386 4
      vertex 23.5624 -2.10505 4
      vertex 23.2353 -9 4
    endloop
  endfacet
  facet normal 0 0 1
    outer loop
      vertex 23.2353 -9 4
      vertex 23.5624 -2.10505 4
      vertex 23.5586 -2.08779 4
    endloop
  endfacet
  facet normal 0 0 1
    outer loop
      vertex 23.2353 -9 4
      vertex 23.5586 -2.08779 4
      vertex 23.5555 -2.0704 4
    endloop
  endfacet
  facet normal 0 0 1
    outer loop
      vertex 23.2353 -9 4
      vertex 23.5555 -2.0704 4
      vertex 23.5531 -2.05289 4
    endloop
  endfacet
  facet normal 0 0 1
    outer loop
      vertex 23.2353 -9 4
      vertex 23.5531 -2.05289 4
      vertex 23.5514 -2.03531 4
    endloop
  endfacet
  facet normal 0 0 1
    outer loop
      vertex 24 -7 4
      vertex 23.2353 -9 4
      vertex 24 -9 4
    endloop
  endfacet
  facet normal 0 0 1
    outer loop
      vertex 23.5503 -2.01767 4
      vertex 23.2353 -9 4
      vertex 23.5514 -2.03531 4
    endloop
  endfacet
  facet normal 0 0 1
    outer loop
      vertex 23.2353 -9 4
      vertex 23.5503 -2.01767 4
      vertex 23.55 -2 4
    endloop
  endfacet
  facet normal -0 0 1
    outer loop
      vertex 22.5692 -7.50988 4
      vertex 23.2353 -9 4
      vertex 22.5881 -7.44788 4
    endloop
  endfacet
  facet normal -0 0 1
    outer loop
      vertex 22.548 -7.57109 4
      vertex 23.2353 -9 4
      vertex 22.5692 -7.50988 4
    endloop
  endfacet
  facet normal -0 0 1
    outer loop
      vertex 22.5244 -7.63143 4
      vertex 23.2353 -9 4
      vertex 22.548 -7.57109 4
    endloop
  endfacet
  facet normal -0 0 1
    outer loop
      vertex 22.4984 -7.69079 4
      vertex 23.2353 -9 4
      vertex 22.5244 -7.63143 4
    endloop
  endfacet
  facet normal -0 0 1
    outer loop
      vertex 22.4702 -7.74908 4
      vertex 23.2353 -9 4
      vertex 22.4984 -7.69079 4
    endloop
  endfacet
  facet normal -0 0 1
    outer loop
      vertex 22.4396 -7.80622 4
      vertex 23.2353 -9 4
      vertex 22.4702 -7.74908 4
    endloop
  endfacet
  facet normal -0 0 1
    outer loop
      vertex 22.4069 -7.86212 4
      vertex 23.2353 -9 4
      vertex 22.4396 -7.80622 4
    endloop
  endfacet
  facet normal -0 0 1
    outer loop
      vertex 22.3719 -7.91669 4
      vertex 23.2353 -9 4
      vertex 22.4069 -7.86212 4
    endloop
  endfacet
  facet normal -0 0 1
    outer loop
      vertex 22.3349 -7.96984 4
      vertex 23.2353 -9 4
      vertex 22.3719 -7.91669 4
    endloop
  endfacet
  facet normal -0 0 1
    outer loop
      vertex 22.2958 -8.0215 4
      vertex 23.2353 -9 4
      vertex 22.3349 -7.96984 4
    endloop
  endfacet
  facet normal -0 0 1
    outer loop
      vertex 22.2547 -8.07159 4
      vertex 23.2353 -9 4
      vertex 22.2958 -8.0215 4
    endloop
  endfacet
  facet normal -0 0 1
    outer loop
      vertex 22.2116 -8.12002 4
      vertex 23.2353 -9 4
      vertex 22.2547 -8.07159 4
    endloop
  endfacet
  facet normal 0 0 1
    outer loop
      vertex 23.2353 -9 4
      vertex 22.2116 -8.12002 4
      vertex 23.203 -9.03639 4
    endloop
  endfacet
  facet normal 0 0 1
    outer loop
      vertex 23.203 -9.03639 4
      vertex 22.2116 -8.12002 4
      vertex 23.1213 -9.12131 4
    endloop
  endfacet
  facet normal -0 0 1
    outer loop
      vertex 22.1667 -8.16673 4
      vertex 23.1213 -9.12131 4
      vertex 22.2116 -8.12002 4
    endloop
  endfacet
  facet normal 0 0 1
    outer loop
      vertex 23.1213 -9.12131 4
      vertex 22.1667 -8.16673 4
      vertex 23.0364 -9.20296 4
    endloop
  endfacet
  facet normal -0 0 1
    outer loop
      vertex 22.12 -8.21163 4
      vertex 23.0364 -9.20296 4
      vertex 22.1667 -8.16673 4
    endloop
  endfacet
  facet normal 0 0 1
    outer loop
      vertex 23.0364 -9.20296 4
      vertex 22.12 -8.21163 4
      vertex 22.9483 -9.2812 4
    endloop
  endfacet
  facet normal -0 0 1
    outer loop
      vertex 22.0716 -8.25467 4
      vertex 22.9483 -9.2812 4
      vertex 22.12 -8.21163 4
    endloop
  endfacet
  facet normal 0 0 1
    outer loop
      vertex 22.9483 -9.2812 4
      vertex 22.0716 -8.25467 4
      vertex 22.8573 -9.35594 4
    endloop
  endfacet
  facet normal -0 0 1
    outer loop
      vertex 22.0215 -8.29577 4
      vertex 22.8573 -9.35594 4
      vertex 22.0716 -8.25467 4
    endloop
  endfacet
  facet normal 0 0 1
    outer loop
      vertex 22.8573 -9.35594 4
      vertex 22.0215 -8.29577 4
      vertex 22.7634 -9.42705 4
    endloop
  endfacet
  facet normal -0 0 1
    outer loop
      vertex 21.9698 -8.33488 4
      vertex 22.7634 -9.42705 4
      vertex 22.0215 -8.29577 4
    endloop
  endfacet
  facet normal 0 0 1
    outer loop
      vertex 22.7634 -9.42705 4
      vertex 21.9698 -8.33488 4
      vertex 22.6667 -9.4944 4
    endloop
  endfacet
  facet normal -0 0 1
    outer loop
      vertex 21.9167 -8.37192 4
      vertex 22.6667 -9.4944 4
      vertex 21.9698 -8.33488 4
    endloop
  endfacet
  facet normal 0 0 1
    outer loop
      vertex 22.6667 -9.4944 4
      vertex 21.9167 -8.37192 4
      vertex 22.5675 -9.55791 4
    endloop
  endfacet
  facet normal -0 0 1
    outer loop
      vertex 21.8621 -8.40686 4
      vertex 22.5675 -9.55791 4
      vertex 21.9167 -8.37192 4
    endloop
  endfacet
  facet normal 0 0 1
    outer loop
      vertex 22.5675 -9.55791 4
      vertex 21.8621 -8.40686 4
      vertex 22.4659 -9.61748 4
    endloop
  endfacet
  facet normal -0 0 1
    outer loop
      vertex 21.8062 -8.43962 4
      vertex 22.4659 -9.61748 4
      vertex 21.8621 -8.40686 4
    endloop
  endfacet
  facet normal 0 0 1
    outer loop
      vertex 22.4659 -9.61748 4
      vertex 21.8062 -8.43962 4
      vertex 22.362 -9.67302 4
    endloop
  endfacet
  facet normal -0 0 1
    outer loop
      vertex 21.7491 -8.47016 4
      vertex 22.362 -9.67302 4
      vertex 21.8062 -8.43962 4
    endloop
  endfacet
  facet normal 0 0 1
    outer loop
      vertex 22.362 -9.67302 4
      vertex 21.7491 -8.47016 4
      vertex 22.256 -9.72443 4
    endloop
  endfacet
  facet normal -0 0 1
    outer loop
      vertex 21.6908 -8.49844 4
      vertex 22.256 -9.72443 4
      vertex 21.7491 -8.47016 4
    endloop
  endfacet
  facet normal 0 0 1
    outer loop
      vertex 22.256 -9.72443 4
      vertex 21.6908 -8.49844 4
      vertex 22.148 -9.77164 4
    endloop
  endfacet
  facet normal -0 0 1
    outer loop
      vertex 21.6314 -8.5244 4
      vertex 22.148 -9.77164 4
      vertex 21.6908 -8.49844 4
    endloop
  endfacet
  facet normal 0 0 1
    outer loop
      vertex 22.148 -9.77164 4
      vertex 21.6314 -8.5244 4
      vertex 22.0383 -9.81456 4
    endloop
  endfacet
  facet normal -0 0 1
    outer loop
      vertex 21.5711 -8.54802 4
      vertex 22.0383 -9.81456 4
      vertex 21.6314 -8.5244 4
    endloop
  endfacet
  facet normal 0 0 1
    outer loop
      vertex 22.0383 -9.81456 4
      vertex 21.5711 -8.54802 4
      vertex 21.927 -9.85316 4
    endloop
  endfacet
  facet normal -0 0 1
    outer loop
      vertex 21.5099 -8.56924 4
      vertex 21.927 -9.85316 4
      vertex 21.5711 -8.54802 4
    endloop
  endfacet
  facet normal 0 0 1
    outer loop
      vertex 21.927 -9.85316 4
      vertex 21.5099 -8.56924 4
      vertex 21.8143 -9.88736 4
    endloop
  endfacet
  facet normal -0 0 1
    outer loop
      vertex 21.4479 -8.58805 4
      vertex 21.8143 -9.88736 4
      vertex 21.5099 -8.56924 4
    endloop
  endfacet
  facet normal 0 0 1
    outer loop
      vertex 21.8143 -9.88736 4
      vertex 21.4479 -8.58805 4
      vertex 21.7003 -9.9171 4
    endloop
  endfacet
  facet normal -0 0 1
    outer loop
      vertex 21.3852 -8.60441 4
      vertex 21.7003 -9.9171 4
      vertex 21.4479 -8.58805 4
    endloop
  endfacet
  facet normal 0 0 1
    outer loop
      vertex 21.7003 -9.9171 4
      vertex 21.3852 -8.60441 4
      vertex 21.5853 -9.94235 4
    endloop
  endfacet
  facet normal -0 0 1
    outer loop
      vertex 21.3219 -8.6183 4
      vertex 21.5853 -9.94235 4
      vertex 21.3852 -8.60441 4
    endloop
  endfacet
  facet normal 0 0 1
    outer loop
      vertex 21.5853 -9.94235 4
      vertex 21.3219 -8.6183 4
      vertex 21.4693 -9.96306 4
    endloop
  endfacet
  facet normal -0 0 1
    outer loop
      vertex 21.2581 -8.62969 4
      vertex 21.4693 -9.96306 4
      vertex 21.3219 -8.6183 4
    endloop
  endfacet
  facet normal 0 0 1
    outer loop
      vertex 21.4693 -9.96306 4
      vertex 21.2581 -8.62969 4
      vertex 21.3526 -9.9792 4
    endloop
  endfacet
  facet normal -0 0 1
    outer loop
      vertex 21.1939 -8.63856 4
      vertex 21.3526 -9.9792 4
      vertex 21.2581 -8.62969 4
    endloop
  endfacet
  facet normal 0 0 1
    outer loop
      vertex 21.3526 -9.9792 4
      vertex 21.1939 -8.63856 4
      vertex 21.2354 -9.99074 4
    endloop
  endfacet
  facet normal -0 0 1
    outer loop
      vertex 21.1295 -8.64491 4
      vertex 21.2354 -9.99074 4
      vertex 21.1939 -8.63856 4
    endloop
  endfacet
  facet normal 0 0 1
    outer loop
      vertex 21.1295 -8.64491 4
      vertex 21.1178 -9.99768 4
      vertex 21.2354 -9.99074 4
    endloop
  endfacet
  facet normal -0 0 1
    outer loop
      vertex 21.0648 -8.64873 4
      vertex 21.1178 -9.99768 4
      vertex 21.1295 -8.64491 4
    endloop
  endfacet
  facet normal -0 0 1
    outer loop
      vertex 21 -8.65 4
      vertex 21.1178 -9.99768 4
      vertex 21.0648 -8.64873 4
    endloop
  endfacet
  facet normal 0 0 1
    outer loop
      vertex 21 -8.65 4
      vertex 21 -10 4
      vertex 21.1178 -9.99768 4
    endloop
  endfacet
  facet normal 0 0 1
    outer loop
      vertex 20.9352 -8.64873 4
      vertex 21 -10 4
      vertex 21 -8.65 4
    endloop
  endfacet
  facet normal 0 0 1
    outer loop
      vertex 20.9352 -8.64873 4
      vertex 20.8822 -9.99768 4
      vertex 21 -10 4
    endloop
  endfacet
  facet normal 0 0 1
    outer loop
      vertex 20.8705 -8.64491 4
      vertex 20.8822 -9.99768 4
      vertex 20.9352 -8.64873 4
    endloop
  endfacet
  facet normal 0 0 1
    outer loop
      vertex 20.7646 -9.99074 4
      vertex 20.8705 -8.64491 4
      vertex 20.8061 -8.63856 4
    endloop
  endfacet
  facet normal 0 0 1
    outer loop
      vertex 20.8705 -8.64491 4
      vertex 20.7646 -9.99074 4
      vertex 20.8822 -9.99768 4
    endloop
  endfacet
  facet normal 0 0 1
    outer loop
      vertex 20.6474 -9.9792 4
      vertex 20.8061 -8.63856 4
      vertex 20.7419 -8.62969 4
    endloop
  endfacet
  facet normal 0 0 1
    outer loop
      vertex 20.5307 -9.96306 4
      vertex 20.7419 -8.62969 4
      vertex 20.6781 -8.6183 4
    endloop
  endfacet
  facet normal 0 0 1
    outer loop
      vertex 20.8061 -8.63856 4
      vertex 20.6474 -9.9792 4
      vertex 20.7646 -9.99074 4
    endloop
  endfacet
  facet normal 0 0 1
    outer loop
      vertex 20.4147 -9.94235 4
      vertex 20.6781 -8.6183 4
      vertex 20.6148 -8.60441 4
    endloop
  endfacet
  facet normal 0 0 1
    outer loop
      vertex 20.2997 -9.9171 4
      vertex 20.6148 -8.60441 4
      vertex 20.5521 -8.58805 4
    endloop
  endfacet
  facet normal 0 0 1
    outer loop
      vertex 20.7419 -8.62969 4
      vertex 20.5307 -9.96306 4
      vertex 20.6474 -9.9792 4
    endloop
  endfacet
  facet normal 0 0 1
    outer loop
      vertex 20.1857 -9.88736 4
      vertex 20.5521 -8.58805 4
      vertex 20.4901 -8.56924 4
    endloop
  endfacet
  facet normal 0 0 1
    outer loop
      vertex 20.0729 -9.85316 4
      vertex 20.4901 -8.56924 4
      vertex 20.4289 -8.54802 4
    endloop
  endfacet
  facet normal 0 0 1
    outer loop
      vertex 20.6781 -8.6183 4
      vertex 20.4147 -9.94235 4
      vertex 20.5307 -9.96306 4
    endloop
  endfacet
  facet normal 0 0 1
    outer loop
      vertex 19.9616 -9.81456 4
      vertex 20.4289 -8.54802 4
      vertex 20.3686 -8.5244 4
    endloop
  endfacet
  facet normal 0 0 1
    outer loop
      vertex 19.8519 -9.77164 4
      vertex 20.3686 -8.5244 4
      vertex 20.3092 -8.49844 4
    endloop
  endfacet
  facet normal 0 0 1
    outer loop
      vertex 20.6148 -8.60441 4
      vertex 20.2997 -9.9171 4
      vertex 20.4147 -9.94235 4
    endloop
  endfacet
  facet normal 0 0 1
    outer loop
      vertex 19.744 -9.72443 4
      vertex 20.3092 -8.49844 4
      vertex 20.2509 -8.47016 4
    endloop
  endfacet
  facet normal 0 0 1
    outer loop
      vertex 19.638 -9.67302 4
      vertex 20.2509 -8.47016 4
      vertex 20.1938 -8.43962 4
    endloop
  endfacet
  facet normal 0 0 1
    outer loop
      vertex 20.5521 -8.58805 4
      vertex 20.1857 -9.88736 4
      vertex 20.2997 -9.9171 4
    endloop
  endfacet
  facet normal 0 0 1
    outer loop
      vertex 19.5341 -9.61748 4
      vertex 20.1938 -8.43962 4
      vertex 20.1379 -8.40686 4
    endloop
  endfacet
  facet normal 0 0 1
    outer loop
      vertex 19.4325 -9.55791 4
      vertex 20.1379 -8.40686 4
      vertex 20.0833 -8.37192 4
    endloop
  endfacet
  facet normal 0 0 1
    outer loop
      vertex 20.4901 -8.56924 4
      vertex 20.0729 -9.85316 4
      vertex 20.1857 -9.88736 4
    endloop
  endfacet
  facet normal 0 0 1
    outer loop
      vertex 19.3333 -9.4944 4
      vertex 20.0833 -8.37192 4
      vertex 20.0302 -8.33488 4
    endloop
  endfacet
  facet normal 0 0 1
    outer loop
      vertex 19.2366 -9.42705 4
      vertex 20.0302 -8.33488 4
      vertex 19.9785 -8.29577 4
    endloop
  endfacet
  facet normal 0 0 1
    outer loop
      vertex 20.4289 -8.54802 4
      vertex 19.9616 -9.81456 4
      vertex 20.0729 -9.85316 4
    endloop
  endfacet
  facet normal 0 0 1
    outer loop
      vertex 19.1427 -9.35594 4
      vertex 19.9785 -8.29577 4
      vertex 19.9284 -8.25467 4
    endloop
  endfacet
  facet normal 0 0 1
    outer loop
      vertex 19.0517 -9.2812 4
      vertex 19.9284 -8.25467 4
      vertex 19.88 -8.21163 4
    endloop
  endfacet
  facet normal 0 0 1
    outer loop
      vertex 20.3686 -8.5244 4
      vertex 19.8519 -9.77164 4
      vertex 19.9616 -9.81456 4
    endloop
  endfacet
  facet normal 0 0 1
    outer loop
      vertex 18.9636 -9.20296 4
      vertex 19.88 -8.21163 4
      vertex 19.8333 -8.16673 4
    endloop
  endfacet
  facet normal 0 0 1
    outer loop
      vertex 18.8787 -9.12131 4
      vertex 19.8333 -8.16673 4
      vertex 19.7884 -8.12002 4
    endloop
  endfacet
  facet normal 0 0 1
    outer loop
      vertex 18.797 -9.03639 4
      vertex 19.7884 -8.12002 4
      vertex 19.7453 -8.07159 4
    endloop
  endfacet
  facet normal 0 0 1
    outer loop
      vertex 20.3092 -8.49844 4
      vertex 19.744 -9.72443 4
      vertex 19.8519 -9.77164 4
    endloop
  endfacet
  facet normal 0 0 1
    outer loop
      vertex 18.7188 -8.94833 4
      vertex 19.7453 -8.07159 4
      vertex 19.7042 -8.0215 4
    endloop
  endfacet
  facet normal 0 0 1
    outer loop
      vertex 18.644 -8.85727 4
      vertex 19.7042 -8.0215 4
      vertex 19.6651 -7.96984 4
    endloop
  endfacet
  facet normal 0 0 1
    outer loop
      vertex 20.2509 -8.47016 4
      vertex 19.638 -9.67302 4
      vertex 19.744 -9.72443 4
    endloop
  endfacet
  facet normal 0 0 1
    outer loop
      vertex 18.5729 -8.76335 4
      vertex 19.6651 -7.96984 4
      vertex 19.6281 -7.91669 4
    endloop
  endfacet
  facet normal 0 0 1
    outer loop
      vertex 18.5056 -8.6667 4
      vertex 19.6281 -7.91669 4
      vertex 19.5931 -7.86212 4
    endloop
  endfacet
  facet normal 0 0 1
    outer loop
      vertex 18.4421 -8.56749 4
      vertex 19.5931 -7.86212 4
      vertex 19.5604 -7.80622 4
    endloop
  endfacet
  facet normal 0 0 1
    outer loop
      vertex 20.1938 -8.43962 4
      vertex 19.5341 -9.61748 4
      vertex 19.638 -9.67302 4
    endloop
  endfacet
  facet normal 0 0 1
    outer loop
      vertex 18.3825 -8.46585 4
      vertex 19.5604 -7.80622 4
      vertex 19.5298 -7.74908 4
    endloop
  endfacet
  facet normal 0 0 1
    outer loop
      vertex 18.327 -8.36197 4
      vertex 19.5298 -7.74908 4
      vertex 19.5016 -7.69079 4
    endloop
  endfacet
  facet normal 0 0 1
    outer loop
      vertex 18.2756 -8.25597 4
      vertex 19.5016 -7.69079 4
      vertex 19.4756 -7.63143 4
    endloop
  endfacet
  facet normal 0 0 1
    outer loop
      vertex 18.2283 -8.14804 4
      vertex 19.4756 -7.63143 4
      vertex 19.452 -7.57109 4
    endloop
  endfacet
  facet normal 0 0 1
    outer loop
      vertex 20.1379 -8.40686 4
      vertex 19.4325 -9.55791 4
      vertex 19.5341 -9.61748 4
    endloop
  endfacet
  facet normal 0 0 1
    outer loop
      vertex 18.1854 -8.03835 4
      vertex 19.452 -7.57109 4
      vertex 19.4308 -7.50988 4
    endloop
  endfacet
  facet normal 0 0 1
    outer loop
      vertex 18.1468 -7.92705 4
      vertex 19.4308 -7.50988 4
      vertex 19.4119 -7.44788 4
    endloop
  endfacet
  facet normal 0 0 1
    outer loop
      vertex 18.1126 -7.81432 4
      vertex 19.4119 -7.44788 4
      vertex 19.3956 -7.38518 4
    endloop
  endfacet
  facet normal 0 0 1
    outer loop
      vertex 18.0829 -7.70033 4
      vertex 19.3956 -7.38518 4
      vertex 19.3817 -7.3219 4
    endloop
  endfacet
  facet normal 0 0 1
    outer loop
      vertex 18.0576 -7.58527 4
      vertex 19.3817 -7.3219 4
      vertex 19.3703 -7.25812 4
    endloop
  endfacet
  facet normal 0 0 1
    outer loop
      vertex 18.0369 -7.4693 4
      vertex 19.3703 -7.25812 4
      vertex 19.3614 -7.19394 4
    endloop
  endfacet
  facet normal 0 0 1
    outer loop
      vertex 18.0208 -7.3526 4
      vertex 19.3614 -7.19394 4
      vertex 19.3551 -7.12946 4
    endloop
  endfacet
  facet normal 0 0 1
    outer loop
      vertex 18.0092 -7.23537 4
      vertex 19.3551 -7.12946 4
      vertex 19.3513 -7.06478 4
    endloop
  endfacet
  facet normal 0 0 1
    outer loop
      vertex 20.0833 -8.37192 4
      vertex 19.3333 -9.4944 4
      vertex 19.4325 -9.55791 4
    endloop
  endfacet
  facet normal 0 0 1
    outer loop
      vertex 18.0023 -7.11777 4
      vertex 19.3513 -7.06478 4
      vertex 19.35 -7 4
    endloop
  endfacet
  facet normal -0 0 1
    outer loop
      vertex 18.327 -5.63802 4
      vertex 19.5298 -6.25092 4
      vertex 18.3825 -5.53413 4
    endloop
  endfacet
  facet normal 0 0 1
    outer loop
      vertex 19.5298 -6.25092 4
      vertex 18.327 -5.63802 4
      vertex 19.5016 -6.30921 4
    endloop
  endfacet
  facet normal 0 0 1
    outer loop
      vertex 20.0302 -8.33488 4
      vertex 19.2366 -9.42705 4
      vertex 19.3333 -9.4944 4
    endloop
  endfacet
  facet normal -0 0 1
    outer loop
      vertex 18.2756 -5.74402 4
      vertex 19.5016 -6.30921 4
      vertex 18.327 -5.63802 4
    endloop
  endfacet
  facet normal 0 0 1
    outer loop
      vertex 19.9785 -8.29577 4
      vertex 19.1427 -9.35594 4
      vertex 19.2366 -9.42705 4
    endloop
  endfacet
  facet normal 0 0 1
    outer loop
      vertex 19.5016 -6.30921 4
      vertex 18.2756 -5.74402 4
      vertex 19.4756 -6.36857 4
    endloop
  endfacet
  facet normal 0 0 1
    outer loop
      vertex 19.9284 -8.25467 4
      vertex 19.0517 -9.2812 4
      vertex 19.1427 -9.35594 4
    endloop
  endfacet
  facet normal -0 0 1
    outer loop
      vertex 18.2283 -5.85194 4
      vertex 19.4756 -6.36857 4
      vertex 18.2756 -5.74402 4
    endloop
  endfacet
  facet normal 0 0 1
    outer loop
      vertex 19.88 -8.21163 4
      vertex 18.9636 -9.20296 4
      vertex 19.0517 -9.2812 4
    endloop
  endfacet
  facet normal 0 0 1
    outer loop
      vertex 19.4756 -6.36857 4
      vertex 18.2283 -5.85194 4
      vertex 19.452 -6.42891 4
    endloop
  endfacet
  facet normal 0 0 1
    outer loop
      vertex 19.8333 -8.16673 4
      vertex 18.8787 -9.12131 4
      vertex 18.9636 -9.20296 4
    endloop
  endfacet
  facet normal -0 0 1
    outer loop
      vertex 18.1854 -5.96164 4
      vertex 19.452 -6.42891 4
      vertex 18.2283 -5.85194 4
    endloop
  endfacet
  facet normal 0 0 1
    outer loop
      vertex 19.7884 -8.12002 4
      vertex 18.797 -9.03639 4
      vertex 18.8787 -9.12131 4
    endloop
  endfacet
  facet normal 0 0 1
    outer loop
      vertex 19.452 -6.42891 4
      vertex 18.1854 -5.96164 4
      vertex 19.4308 -6.49012 4
    endloop
  endfacet
  facet normal 0 0 1
    outer loop
      vertex 19.7453 -8.07159 4
      vertex 18.7188 -8.94833 4
      vertex 18.797 -9.03639 4
    endloop
  endfacet
  facet normal -0 0 1
    outer loop
      vertex 18.1468 -6.07294 4
      vertex 19.4308 -6.49012 4
      vertex 18.1854 -5.96164 4
    endloop
  endfacet
  facet normal 0 0 1
    outer loop
      vertex 19.7042 -8.0215 4
      vertex 18.644 -8.85727 4
      vertex 18.7188 -8.94833 4
    endloop
  endfacet
  facet normal 0 0 1
    outer loop
      vertex 19.4308 -6.49012 4
      vertex 18.1468 -6.07294 4
      vertex 19.4119 -6.55212 4
    endloop
  endfacet
  facet normal 0 0 1
    outer loop
      vertex 19.6651 -7.96984 4
      vertex 18.5729 -8.76335 4
      vertex 18.644 -8.85727 4
    endloop
  endfacet
  facet normal -0 0 1
    outer loop
      vertex 18.1126 -6.18567 4
      vertex 19.4119 -6.55212 4
      vertex 18.1468 -6.07294 4
    endloop
  endfacet
  facet normal 0 0 1
    outer loop
      vertex 19.6281 -7.91669 4
      vertex 18.5056 -8.6667 4
      vertex 18.5729 -8.76335 4
    endloop
  endfacet
  facet normal 0 0 1
    outer loop
      vertex 19.4119 -6.55212 4
      vertex 18.1126 -6.18567 4
      vertex 19.3956 -6.61481 4
    endloop
  endfacet
  facet normal 0 0 1
    outer loop
      vertex 19.5931 -7.86212 4
      vertex 18.4421 -8.56749 4
      vertex 18.5056 -8.6667 4
    endloop
  endfacet
  facet normal -0 0 1
    outer loop
      vertex 18.0829 -6.29965 4
      vertex 19.3956 -6.61481 4
      vertex 18.1126 -6.18567 4
    endloop
  endfacet
  facet normal 0 0 1
    outer loop
      vertex 19.5604 -7.80622 4
      vertex 18.3825 -8.46585 4
      vertex 18.4421 -8.56749 4
    endloop
  endfacet
  facet normal 0 0 1
    outer loop
      vertex 19.3956 -6.61481 4
      vertex 18.0829 -6.29965 4
      vertex 19.3817 -6.6781 4
    endloop
  endfacet
  facet normal 0 0 1
    outer loop
      vertex 19.5298 -7.74908 4
      vertex 18.327 -8.36197 4
      vertex 18.3825 -8.46585 4
    endloop
  endfacet
  facet normal -0 0 1
    outer loop
      vertex 18.0576 -6.41472 4
      vertex 19.3817 -6.6781 4
      vertex 18.0829 -6.29965 4
    endloop
  endfacet
  facet normal 0 0 1
    outer loop
      vertex 19.5016 -7.69079 4
      vertex 18.2756 -8.25597 4
      vertex 18.327 -8.36197 4
    endloop
  endfacet
  facet normal 0 0 1
    outer loop
      vertex 19.3817 -6.6781 4
      vertex 18.0576 -6.41472 4
      vertex 19.3703 -6.74188 4
    endloop
  endfacet
  facet normal 0 0 1
    outer loop
      vertex 19.4756 -7.63143 4
      vertex 18.2283 -8.14804 4
      vertex 18.2756 -8.25597 4
    endloop
  endfacet
  facet normal -0 0 1
    outer loop
      vertex 18.0369 -6.53069 4
      vertex 19.3703 -6.74188 4
      vertex 18.0576 -6.41472 4
    endloop
  endfacet
  facet normal 0 0 1
    outer loop
      vertex 19.452 -7.57109 4
      vertex 18.1854 -8.03835 4
      vertex 18.2283 -8.14804 4
    endloop
  endfacet
  facet normal 0 0 1
    outer loop
      vertex 19.3703 -6.74188 4
      vertex 18.0369 -6.53069 4
      vertex 19.3614 -6.80606 4
    endloop
  endfacet
  facet normal 0 0 1
    outer loop
      vertex 19.4308 -7.50988 4
      vertex 18.1468 -7.92705 4
      vertex 18.1854 -8.03835 4
    endloop
  endfacet
  facet normal -0 0 1
    outer loop
      vertex 18.0208 -6.64738 4
      vertex 19.3614 -6.80606 4
      vertex 18.0369 -6.53069 4
    endloop
  endfacet
  facet normal 0 0 1
    outer loop
      vertex 19.4119 -7.44788 4
      vertex 18.1126 -7.81432 4
      vertex 18.1468 -7.92705 4
    endloop
  endfacet
  facet normal 0 0 1
    outer loop
      vertex 19.3614 -6.80606 4
      vertex 18.0208 -6.64738 4
      vertex 19.3551 -6.87054 4
    endloop
  endfacet
  facet normal 0 0 1
    outer loop
      vertex 19.3956 -7.38518 4
      vertex 18.0829 -7.70033 4
      vertex 18.1126 -7.81432 4
    endloop
  endfacet
  facet normal -0 0 1
    outer loop
      vertex 18.0092 -6.76462 4
      vertex 19.3551 -6.87054 4
      vertex 18.0208 -6.64738 4
    endloop
  endfacet
  facet normal 0 0 1
    outer loop
      vertex 19.3817 -7.3219 4
      vertex 18.0576 -7.58527 4
      vertex 18.0829 -7.70033 4
    endloop
  endfacet
  facet normal 0 0 1
    outer loop
      vertex 19.3551 -6.87054 4
      vertex 18.0092 -6.76462 4
      vertex 19.3513 -6.93522 4
    endloop
  endfacet
  facet normal 0 0 1
    outer loop
      vertex 19.3703 -7.25812 4
      vertex 18.0369 -7.4693 4
      vertex 18.0576 -7.58527 4
    endloop
  endfacet
  facet normal -0 0 1
    outer loop
      vertex 18.0023 -6.88222 4
      vertex 19.3513 -6.93522 4
      vertex 18.0092 -6.76462 4
    endloop
  endfacet
  facet normal 0 0 1
    outer loop
      vertex 19.3614 -7.19394 4
      vertex 18.0208 -7.3526 4
      vertex 18.0369 -7.4693 4
    endloop
  endfacet
  facet normal 0 0 1
    outer loop
      vertex 19.3513 -6.93522 4
      vertex 18.0023 -6.88222 4
      vertex 19.35 -7 4
    endloop
  endfacet
  facet normal 0 0 1
    outer loop
      vertex 19.3551 -7.12946 4
      vertex 18.0092 -7.23537 4
      vertex 18.0208 -7.3526 4
    endloop
  endfacet
  facet normal 0 0 1
    outer loop
      vertex 18 -7 4
      vertex 19.35 -7 4
      vertex 18.0023 -6.88222 4
    endloop
  endfacet
  facet normal 0 0 1
    outer loop
      vertex 19.3513 -7.06478 4
      vertex 18.0023 -7.11777 4
      vertex 18.0092 -7.23537 4
    endloop
  endfacet
  facet normal 0 0 1
    outer loop
      vertex 19.35 -7 4
      vertex 18 -7 4
      vertex 18.0023 -7.11777 4
    endloop
  endfacet
  facet normal 0.0589111 -0.998263 0
    outer loop
      vertex 21.1178 -9.99768 0
      vertex 21.2354 -9.99074 4
      vertex 21.1178 -9.99768 4
    endloop
  endfacet
  facet normal 0.0589111 -0.998263 0
    outer loop
      vertex 21.2354 -9.99074 4
      vertex 21.1178 -9.99768 0
      vertex 21.2354 -9.99074 0
    endloop
  endfacet
  facet normal 0.0979903 -0.995187 0
    outer loop
      vertex 21.2354 -9.99074 0
      vertex 21.3526 -9.9792 4
      vertex 21.2354 -9.99074 4
    endloop
  endfacet
  facet normal 0.0979903 -0.995187 0
    outer loop
      vertex 21.3526 -9.9792 4
      vertex 21.2354 -9.99074 0
      vertex 21.3526 -9.9792 0
    endloop
  endfacet
  facet normal 0.136999 -0.990571 0
    outer loop
      vertex 21.3526 -9.9792 0
      vertex 21.4693 -9.96306 4
      vertex 21.3526 -9.9792 4
    endloop
  endfacet
  facet normal 0.136999 -0.990571 0
    outer loop
      vertex 21.4693 -9.96306 4
      vertex 21.3526 -9.9792 0
      vertex 21.4693 -9.96306 0
    endloop
  endfacet
  facet normal 0.175755 -0.984434 0
    outer loop
      vertex 21.4693 -9.96306 0
      vertex 21.5853 -9.94235 4
      vertex 21.4693 -9.96306 4
    endloop
  endfacet
  facet normal 0.175755 -0.984434 0
    outer loop
      vertex 21.5853 -9.94235 4
      vertex 21.4693 -9.96306 0
      vertex 21.5853 -9.94235 0
    endloop
  endfacet
  facet normal 0.214457 -0.976733 0
    outer loop
      vertex 21.5853 -9.94235 0
      vertex 21.7003 -9.9171 4
      vertex 21.5853 -9.94235 4
    endloop
  endfacet
  facet normal 0.214457 -0.976733 0
    outer loop
      vertex 21.7003 -9.9171 4
      vertex 21.5853 -9.94235 0
      vertex 21.7003 -9.9171 0
    endloop
  endfacet
  facet normal 0.252429 -0.967615 0
    outer loop
      vertex 21.7003 -9.9171 0
      vertex 21.8143 -9.88736 4
      vertex 21.7003 -9.9171 4
    endloop
  endfacet
  facet normal 0.252429 -0.967615 0
    outer loop
      vertex 21.8143 -9.88736 4
      vertex 21.7003 -9.9171 0
      vertex 21.8143 -9.88736 0
    endloop
  endfacet
  facet normal 0.290384 -0.95691 0
    outer loop
      vertex 21.8143 -9.88736 0
      vertex 21.927 -9.85316 4
      vertex 21.8143 -9.88736 4
    endloop
  endfacet
  facet normal 0.290384 -0.95691 0
    outer loop
      vertex 21.927 -9.85316 4
      vertex 21.8143 -9.88736 0
      vertex 21.927 -9.85316 0
    endloop
  endfacet
  facet normal 0.327664 -0.944794 0
    outer loop
      vertex 21.927 -9.85316 0
      vertex 22.0383 -9.81456 4
      vertex 21.927 -9.85316 4
    endloop
  endfacet
  facet normal 0.327664 -0.944794 0
    outer loop
      vertex 22.0383 -9.81456 4
      vertex 21.927 -9.85316 0
      vertex 22.0383 -9.81456 0
    endloop
  endfacet
  facet normal 0.364355 -0.93126 0
    outer loop
      vertex 22.0383 -9.81456 0
      vertex 22.148 -9.77164 4
      vertex 22.0383 -9.81456 4
    endloop
  endfacet
  facet normal 0.364355 -0.93126 0
    outer loop
      vertex 22.148 -9.77164 4
      vertex 22.0383 -9.81456 0
      vertex 22.148 -9.77164 0
    endloop
  endfacet
  facet normal 0.400534 -0.916282 0
    outer loop
      vertex 22.148 -9.77164 0
      vertex 22.256 -9.72443 4
      vertex 22.148 -9.77164 4
    endloop
  endfacet
  facet normal 0.400534 -0.916282 0
    outer loop
      vertex 22.256 -9.72443 4
      vertex 22.148 -9.77164 0
      vertex 22.256 -9.72443 0
    endloop
  endfacet
  facet normal 0.436384 -0.899761 0
    outer loop
      vertex 22.256 -9.72443 0
      vertex 22.362 -9.67302 4
      vertex 22.256 -9.72443 4
    endloop
  endfacet
  facet normal 0.436384 -0.899761 0
    outer loop
      vertex 22.362 -9.67302 4
      vertex 22.256 -9.72443 0
      vertex 22.362 -9.67302 0
    endloop
  endfacet
  facet normal 0.471425 -0.881906 0
    outer loop
      vertex 22.362 -9.67302 0
      vertex 22.4659 -9.61748 4
      vertex 22.362 -9.67302 4
    endloop
  endfacet
  facet normal 0.471425 -0.881906 0
    outer loop
      vertex 22.4659 -9.61748 4
      vertex 22.362 -9.67302 0
      vertex 22.4659 -9.61748 0
    endloop
  endfacet
  facet normal 0.505791 -0.862656 0
    outer loop
      vertex 22.4659 -9.61748 0
      vertex 22.5675 -9.55791 4
      vertex 22.4659 -9.61748 4
    endloop
  endfacet
  facet normal 0.505791 -0.862656 0
    outer loop
      vertex 22.5675 -9.55791 4
      vertex 22.4659 -9.61748 0
      vertex 22.5675 -9.55791 0
    endloop
  endfacet
  facet normal 0.539186 -0.842187 0
    outer loop
      vertex 22.5675 -9.55791 0
      vertex 22.6667 -9.4944 4
      vertex 22.5675 -9.55791 4
    endloop
  endfacet
  facet normal 0.539186 -0.842187 0
    outer loop
      vertex 22.6667 -9.4944 4
      vertex 22.5675 -9.55791 0
      vertex 22.6667 -9.4944 0
    endloop
  endfacet
  facet normal 0.571524 -0.820585 0
    outer loop
      vertex 22.6667 -9.4944 0
      vertex 22.7634 -9.42705 4
      vertex 22.6667 -9.4944 4
    endloop
  endfacet
  facet normal 0.571524 -0.820585 0
    outer loop
      vertex 22.7634 -9.42705 4
      vertex 22.6667 -9.4944 0
      vertex 22.7634 -9.42705 0
    endloop
  endfacet
  facet normal 0.603715 -0.7972 0
    outer loop
      vertex 22.7634 -9.42705 0
      vertex 22.8573 -9.35594 4
      vertex 22.7634 -9.42705 4
    endloop
  endfacet
  facet normal 0.603715 -0.7972 0
    outer loop
      vertex 22.8573 -9.35594 4
      vertex 22.7634 -9.42705 0
      vertex 22.8573 -9.35594 0
    endloop
  endfacet
  facet normal 0.634689 -0.772768 0
    outer loop
      vertex 22.8573 -9.35594 0
      vertex 22.9483 -9.2812 4
      vertex 22.8573 -9.35594 4
    endloop
  endfacet
  facet normal 0.634689 -0.772768 0
    outer loop
      vertex 22.9483 -9.2812 4
      vertex 22.8573 -9.35594 0
      vertex 22.9483 -9.2812 0
    endloop
  endfacet
  facet normal 0.664027 -0.747709 0
    outer loop
      vertex 22.9483 -9.2812 0
      vertex 23.0364 -9.20296 4
      vertex 22.9483 -9.2812 4
    endloop
  endfacet
  facet normal 0.664027 -0.747709 0
    outer loop
      vertex 23.0364 -9.20296 4
      vertex 22.9483 -9.2812 0
      vertex 23.0364 -9.20296 0
    endloop
  endfacet
  facet normal 0.693177 -0.720768 0
    outer loop
      vertex 23.0364 -9.20296 0
      vertex 23.1213 -9.12131 4
      vertex 23.0364 -9.20296 4
    endloop
  endfacet
  facet normal 0.693177 -0.720768 0
    outer loop
      vertex 23.1213 -9.12131 4
      vertex 23.0364 -9.20296 0
      vertex 23.1213 -9.12131 0
    endloop
  endfacet
  facet normal 0.720637 -0.693312 0
    outer loop
      vertex 23.1213 -9.12131 4
      vertex 23.203 -9.03639 0
      vertex 23.203 -9.03639 4
    endloop
  endfacet
  facet normal 0.720637 -0.693312 0
    outer loop
      vertex 23.203 -9.03639 0
      vertex 23.1213 -9.12131 4
      vertex 23.1213 -9.12131 0
    endloop
  endfacet
  facet normal 0.747885 -0.663828 0
    outer loop
      vertex 23.203 -9.03639 4
      vertex 23.2353 -9 0
      vertex 23.2353 -9 4
    endloop
  endfacet
  facet normal 0.747885 -0.663828 0
    outer loop
      vertex 23.2353 -9 0
      vertex 23.203 -9.03639 4
      vertex 23.203 -9.03639 0
    endloop
  endfacet
  facet normal 0 -1 0
    outer loop
      vertex 23.2353 -9 0
      vertex 24 -9 4
      vertex 23.2353 -9 4
    endloop
  endfacet
  facet normal 0 -1 -0
    outer loop
      vertex 24 -9 4
      vertex 23.2353 -9 0
      vertex 24 -9 0
    endloop
  endfacet
  facet normal 1 -0 0
    outer loop
      vertex 24 -9 4
      vertex 24 -7 0
      vertex 24 -7 4
    endloop
  endfacet
  facet normal 1 0 0
    outer loop
      vertex 24 -7 0
      vertex 24 -9 4
      vertex 24 -9 0
    endloop
  endfacet
  facet normal 0.999809 0.0195242 0
    outer loop
      vertex 24 -7 4
      vertex 23.9977 -6.88222 0
      vertex 23.9977 -6.88222 4
    endloop
  endfacet
  facet normal 0.999809 0.0195242 0
    outer loop
      vertex 23.9977 -6.88222 0
      vertex 24 -7 4
      vertex 24 -7 0
    endloop
  endfacet
  facet normal 0.998233 0.0594186 0
    outer loop
      vertex 23.9977 -6.88222 4
      vertex 23.9907 -6.76462 0
      vertex 23.9907 -6.76462 4
    endloop
  endfacet
  facet normal 0.998233 0.0594186 0
    outer loop
      vertex 23.9907 -6.76462 0
      vertex 23.9977 -6.88222 4
      vertex 23.9977 -6.88222 0
    endloop
  endfacet
  facet normal 0.995224 0.0976209 0
    outer loop
      vertex 23.9907 -6.76462 4
      vertex 23.9792 -6.64738 0
      vertex 23.9792 -6.64738 4
    endloop
  endfacet
  facet normal 0.995224 0.0976209 0
    outer loop
      vertex 23.9792 -6.64738 0
      vertex 23.9907 -6.76462 4
      vertex 23.9907 -6.76462 0
    endloop
  endfacet
  facet normal 0.990616 0.136678 0
    outer loop
      vertex 23.9792 -6.64738 4
      vertex 23.9631 -6.53069 0
      vertex 23.9631 -6.53069 4
    endloop
  endfacet
  facet normal 0.990616 0.136678 0
    outer loop
      vertex 23.9631 -6.53069 0
      vertex 23.9792 -6.64738 4
      vertex 23.9792 -6.64738 0
    endloop
  endfacet
  facet normal 0.984441 0.175717 0
    outer loop
      vertex 23.9631 -6.53069 4
      vertex 23.9424 -6.41472 0
      vertex 23.9424 -6.41472 4
    endloop
  endfacet
  facet normal 0.984441 0.175717 0
    outer loop
      vertex 23.9424 -6.41472 0
      vertex 23.9631 -6.53069 4
      vertex 23.9631 -6.53069 0
    endloop
  endfacet
  facet normal 0.976672 0.214737 0
    outer loop
      vertex 23.9424 -6.41472 4
      vertex 23.9171 -6.29965 0
      vertex 23.9171 -6.29965 4
    endloop
  endfacet
  facet normal 0.976672 0.214737 0
    outer loop
      vertex 23.9171 -6.29965 0
      vertex 23.9424 -6.41472 4
      vertex 23.9424 -6.41472 0
    endloop
  endfacet
  facet normal 0.967688 0.252152 0
    outer loop
      vertex 23.9171 -6.29965 4
      vertex 23.8874 -6.18567 0
      vertex 23.8874 -6.18567 4
    endloop
  endfacet
  facet normal 0.967688 0.252152 0
    outer loop
      vertex 23.8874 -6.18567 0
      vertex 23.9171 -6.29965 4
      vertex 23.9171 -6.29965 0
    endloop
  endfacet
  facet normal 0.956932 0.290314 0
    outer loop
      vertex 23.8874 -6.18567 4
      vertex 23.8532 -6.07294 0
      vertex 23.8532 -6.07294 4
    endloop
  endfacet
  facet normal 0.956932 0.290314 0
    outer loop
      vertex 23.8532 -6.07294 0
      vertex 23.8874 -6.18567 4
      vertex 23.8874 -6.18567 0
    endloop
  endfacet
  facet normal 0.944774 0.327722 0
    outer loop
      vertex 23.8532 -6.07294 4
      vertex 23.8223 -5.98386 0
      vertex 23.8223 -5.98386 4
    endloop
  endfacet
  facet normal 0.944774 0.327722 0
    outer loop
      vertex 23.8223 -5.98386 0
      vertex 23.8532 -6.07294 4
      vertex 23.8532 -6.07294 0
    endloop
  endfacet
  facet normal 0.836206 -0.548416 0
    outer loop
      vertex 23.8223 -5.98386 4
      vertex 27.55 -0.299988 0
      vertex 27.55 -0.299988 4
    endloop
  endfacet
  facet normal 0.836206 -0.548416 0
    outer loop
      vertex 27.55 -0.299988 0
      vertex 23.8223 -5.98386 4
      vertex 23.8223 -5.98386 0
    endloop
  endfacet
  facet normal 0 1 -0
    outer loop
      vertex 27.55 -0.299988 0
      vertex 24 -0.299988 4
      vertex 27.55 -0.299988 4
    endloop
  endfacet
  facet normal 0 1 0
    outer loop
      vertex 24 -0.299988 4
      vertex 27.55 -0.299988 0
      vertex 24 -0.299988 0
    endloop
  endfacet
  facet normal -0.679043 0.734098 0
    outer loop
      vertex 24 -0.299988 0
      vertex 20 -4 4
      vertex 24 -0.299988 4
    endloop
  endfacet
  facet normal -0.679043 0.734098 0
    outer loop
      vertex 20 -4 4
      vertex 24 -0.299988 0
      vertex 20 -4 0
    endloop
  endfacet
  facet normal -0.97017 0.242427 0
    outer loop
      vertex 19.9528 -4.18889 0
      vertex 20 -4 4
      vertex 20 -4 0
    endloop
  endfacet
  facet normal -0.97017 0.242427 0
    outer loop
      vertex 20 -4 4
      vertex 19.9528 -4.18889 0
      vertex 19.9528 -4.18889 4
    endloop
  endfacet
  facet normal -0.364218 0.931314 0
    outer loop
      vertex 19.9528 -4.18889 0
      vertex 19.8519 -4.22835 4
      vertex 19.9528 -4.18889 4
    endloop
  endfacet
  facet normal -0.364218 0.931314 0
    outer loop
      vertex 19.8519 -4.22835 4
      vertex 19.9528 -4.18889 0
      vertex 19.8519 -4.22835 0
    endloop
  endfacet
  facet normal -0.400846 0.916146 0
    outer loop
      vertex 19.8519 -4.22835 0
      vertex 19.744 -4.27556 4
      vertex 19.8519 -4.22835 4
    endloop
  endfacet
  facet normal -0.400846 0.916146 0
    outer loop
      vertex 19.744 -4.27556 4
      vertex 19.8519 -4.22835 0
      vertex 19.744 -4.27556 0
    endloop
  endfacet
  facet normal -0.436384 0.899761 0
    outer loop
      vertex 19.744 -4.27556 0
      vertex 19.638 -4.32697 4
      vertex 19.744 -4.27556 4
    endloop
  endfacet
  facet normal -0.436384 0.899761 0
    outer loop
      vertex 19.638 -4.32697 4
      vertex 19.744 -4.27556 0
      vertex 19.638 -4.32697 0
    endloop
  endfacet
  facet normal -0.471425 0.881906 0
    outer loop
      vertex 19.638 -4.32697 0
      vertex 19.5341 -4.38251 4
      vertex 19.638 -4.32697 4
    endloop
  endfacet
  facet normal -0.471425 0.881906 0
    outer loop
      vertex 19.5341 -4.38251 4
      vertex 19.638 -4.32697 0
      vertex 19.5341 -4.38251 0
    endloop
  endfacet
  facet normal -0.505791 0.862656 0
    outer loop
      vertex 19.5341 -4.38251 0
      vertex 19.4325 -4.44208 4
      vertex 19.5341 -4.38251 4
    endloop
  endfacet
  facet normal -0.505791 0.862656 0
    outer loop
      vertex 19.4325 -4.44208 4
      vertex 19.5341 -4.38251 0
      vertex 19.4325 -4.44208 0
    endloop
  endfacet
  facet normal -0.539126 0.842225 0
    outer loop
      vertex 19.4325 -4.44208 0
      vertex 19.3333 -4.50558 4
      vertex 19.4325 -4.44208 4
    endloop
  endfacet
  facet normal -0.539126 0.842225 0
    outer loop
      vertex 19.3333 -4.50558 4
      vertex 19.4325 -4.44208 0
      vertex 19.3333 -4.50558 0
    endloop
  endfacet
  facet normal -0.571582 0.820545 0
    outer loop
      vertex 19.3333 -4.50558 0
      vertex 19.2366 -4.57294 4
      vertex 19.3333 -4.50558 4
    endloop
  endfacet
  facet normal -0.571582 0.820545 0
    outer loop
      vertex 19.2366 -4.57294 4
      vertex 19.3333 -4.50558 0
      vertex 19.2366 -4.57294 0
    endloop
  endfacet
  facet normal -0.603662 0.797241 0
    outer loop
      vertex 19.2366 -4.57294 0
      vertex 19.1427 -4.64404 4
      vertex 19.2366 -4.57294 4
    endloop
  endfacet
  facet normal -0.603662 0.797241 0
    outer loop
      vertex 19.1427 -4.64404 4
      vertex 19.2366 -4.57294 0
      vertex 19.1427 -4.64404 0
    endloop
  endfacet
  facet normal -0.634689 0.772768 0
    outer loop
      vertex 19.1427 -4.64404 0
      vertex 19.0517 -4.71878 4
      vertex 19.1427 -4.64404 4
    endloop
  endfacet
  facet normal -0.634689 0.772768 0
    outer loop
      vertex 19.0517 -4.71878 4
      vertex 19.1427 -4.64404 0
      vertex 19.0517 -4.71878 0
    endloop
  endfacet
  facet normal -0.664074 0.747667 0
    outer loop
      vertex 19.0517 -4.71878 0
      vertex 18.9636 -4.79703 4
      vertex 19.0517 -4.71878 4
    endloop
  endfacet
  facet normal -0.664074 0.747667 0
    outer loop
      vertex 18.9636 -4.79703 4
      vertex 19.0517 -4.71878 0
      vertex 18.9636 -4.79703 0
    endloop
  endfacet
  facet normal -0.693177 0.720768 0
    outer loop
      vertex 18.9636 -4.79703 0
      vertex 18.8787 -4.87868 4
      vertex 18.9636 -4.79703 4
    endloop
  endfacet
  facet normal -0.693177 0.720768 0
    outer loop
      vertex 18.8787 -4.87868 4
      vertex 18.9636 -4.79703 0
      vertex 18.8787 -4.87868 0
    endloop
  endfacet
  facet normal -0.720597 0.693355 0
    outer loop
      vertex 18.797 -4.96359 0
      vertex 18.8787 -4.87868 4
      vertex 18.8787 -4.87868 0
    endloop
  endfacet
  facet normal -0.720597 0.693355 0
    outer loop
      vertex 18.8787 -4.87868 4
      vertex 18.797 -4.96359 0
      vertex 18.797 -4.96359 4
    endloop
  endfacet
  facet normal -0.747728 0.664005 0
    outer loop
      vertex 18.7188 -5.05165 0
      vertex 18.797 -4.96359 4
      vertex 18.797 -4.96359 0
    endloop
  endfacet
  facet normal -0.747728 0.664005 0
    outer loop
      vertex 18.797 -4.96359 4
      vertex 18.7188 -5.05165 0
      vertex 18.7188 -5.05165 4
    endloop
  endfacet
  facet normal -0.772757 0.634701 0
    outer loop
      vertex 18.644 -5.14272 0
      vertex 18.7188 -5.05165 4
      vertex 18.7188 -5.05165 0
    endloop
  endfacet
  facet normal -0.772757 0.634701 0
    outer loop
      vertex 18.7188 -5.05165 4
      vertex 18.644 -5.14272 0
      vertex 18.644 -5.14272 4
    endloop
  endfacet
  facet normal -0.797272 0.603621 0
    outer loop
      vertex 18.5729 -5.23663 0
      vertex 18.644 -5.14272 4
      vertex 18.644 -5.14272 0
    endloop
  endfacet
  facet normal -0.797272 0.603621 0
    outer loop
      vertex 18.644 -5.14272 4
      vertex 18.5729 -5.23663 0
      vertex 18.5729 -5.23663 4
    endloop
  endfacet
  facet normal -0.820646 0.571438 0
    outer loop
      vertex 18.5056 -5.33328 0
      vertex 18.5729 -5.23663 4
      vertex 18.5729 -5.23663 0
    endloop
  endfacet
  facet normal -0.820646 0.571438 0
    outer loop
      vertex 18.5729 -5.23663 4
      vertex 18.5056 -5.33328 0
      vertex 18.5056 -5.33328 4
    endloop
  endfacet
  facet normal -0.842274 0.539049 0
    outer loop
      vertex 18.4421 -5.4325 0
      vertex 18.5056 -5.33328 4
      vertex 18.5056 -5.33328 0
    endloop
  endfacet
  facet normal -0.842274 0.539049 0
    outer loop
      vertex 18.5056 -5.33328 4
      vertex 18.4421 -5.4325 0
      vertex 18.4421 -5.4325 4
    endloop
  endfacet
  facet normal -0.86261 0.50587 0
    outer loop
      vertex 18.3825 -5.53413 0
      vertex 18.4421 -5.4325 4
      vertex 18.4421 -5.4325 0
    endloop
  endfacet
  facet normal -0.86261 0.50587 0
    outer loop
      vertex 18.4421 -5.4325 4
      vertex 18.3825 -5.53413 0
      vertex 18.3825 -5.53413 4
    endloop
  endfacet
  facet normal -0.882028 0.471196 0
    outer loop
      vertex 18.327 -5.63802 0
      vertex 18.3825 -5.53413 4
      vertex 18.3825 -5.53413 0
    endloop
  endfacet
  facet normal -0.882028 0.471196 0
    outer loop
      vertex 18.3825 -5.53413 4
      vertex 18.327 -5.63802 0
      vertex 18.327 -5.63802 4
    endloop
  endfacet
  facet normal -0.899794 0.436315 0
    outer loop
      vertex 18.2756 -5.74402 0
      vertex 18.327 -5.63802 4
      vertex 18.327 -5.63802 0
    endloop
  endfacet
  facet normal -0.899794 0.436315 0
    outer loop
      vertex 18.327 -5.63802 4
      vertex 18.2756 -5.74402 0
      vertex 18.2756 -5.74402 4
    endloop
  endfacet
  facet normal -0.915892 0.401424 0
    outer loop
      vertex 18.2283 -5.85194 0
      vertex 18.2756 -5.74402 4
      vertex 18.2756 -5.74402 0
    endloop
  endfacet
  facet normal -0.915892 0.401424 0
    outer loop
      vertex 18.2756 -5.74402 4
      vertex 18.2283 -5.85194 0
      vertex 18.2283 -5.85194 4
    endloop
  endfacet
  facet normal -0.931318 0.364207 0
    outer loop
      vertex 18.1854 -5.96164 0
      vertex 18.2283 -5.85194 4
      vertex 18.2283 -5.85194 0
    endloop
  endfacet
  facet normal -0.931318 0.364207 0
    outer loop
      vertex 18.2283 -5.85194 4
      vertex 18.1854 -5.96164 0
      vertex 18.1854 -5.96164 4
    endloop
  endfacet
  facet normal -0.944794 0.327664 0
    outer loop
      vertex 18.1468 -6.07294 0
      vertex 18.1854 -5.96164 4
      vertex 18.1854 -5.96164 0
    endloop
  endfacet
  facet normal -0.944794 0.327664 0
    outer loop
      vertex 18.1854 -5.96164 4
      vertex 18.1468 -6.07294 0
      vertex 18.1468 -6.07294 4
    endloop
  endfacet
  facet normal -0.956932 0.290314 0
    outer loop
      vertex 18.1126 -6.18567 0
      vertex 18.1468 -6.07294 4
      vertex 18.1468 -6.07294 0
    endloop
  endfacet
  facet normal -0.956932 0.290314 0
    outer loop
      vertex 18.1468 -6.07294 4
      vertex 18.1126 -6.18567 0
      vertex 18.1126 -6.18567 4
    endloop
  endfacet
  facet normal -0.967688 0.252152 0
    outer loop
      vertex 18.0829 -6.29965 0
      vertex 18.1126 -6.18567 4
      vertex 18.1126 -6.18567 0
    endloop
  endfacet
  facet normal -0.967688 0.252152 0
    outer loop
      vertex 18.1126 -6.18567 4
      vertex 18.0829 -6.29965 0
      vertex 18.0829 -6.29965 4
    endloop
  endfacet
  facet normal -0.976672 0.214737 0
    outer loop
      vertex 18.0576 -6.41472 0
      vertex 18.0829 -6.29965 4
      vertex 18.0829 -6.29965 0
    endloop
  endfacet
  facet normal -0.976672 0.214737 0
    outer loop
      vertex 18.0829 -6.29965 4
      vertex 18.0576 -6.41472 0
      vertex 18.0576 -6.41472 4
    endloop
  endfacet
  facet normal -0.984441 0.175717 0
    outer loop
      vertex 18.0369 -6.53069 0
      vertex 18.0576 -6.41472 4
      vertex 18.0576 -6.41472 0
    endloop
  endfacet
  facet normal -0.984441 0.175717 0
    outer loop
      vertex 18.0576 -6.41472 4
      vertex 18.0369 -6.53069 0
      vertex 18.0369 -6.53069 4
    endloop
  endfacet
  facet normal -0.990616 0.136678 0
    outer loop
      vertex 18.0208 -6.64738 0
      vertex 18.0369 -6.53069 4
      vertex 18.0369 -6.53069 0
    endloop
  endfacet
  facet normal -0.990616 0.136678 0
    outer loop
      vertex 18.0369 -6.53069 4
      vertex 18.0208 -6.64738 0
      vertex 18.0208 -6.64738 4
    endloop
  endfacet
  facet normal -0.995141 0.0984616 0
    outer loop
      vertex 18.0092 -6.76462 0
      vertex 18.0208 -6.64738 4
      vertex 18.0208 -6.64738 0
    endloop
  endfacet
  facet normal -0.995141 0.0984616 0
    outer loop
      vertex 18.0208 -6.64738 4
      vertex 18.0092 -6.76462 0
      vertex 18.0092 -6.76462 4
    endloop
  endfacet
  facet normal -0.998283 0.0585727 0
    outer loop
      vertex 18.0023 -6.88222 0
      vertex 18.0092 -6.76462 4
      vertex 18.0092 -6.76462 0
    endloop
  endfacet
  facet normal -0.998283 0.0585727 0
    outer loop
      vertex 18.0092 -6.76462 4
      vertex 18.0023 -6.88222 0
      vertex 18.0023 -6.88222 4
    endloop
  endfacet
  facet normal -0.999809 0.0195242 0
    outer loop
      vertex 18 -7 0
      vertex 18.0023 -6.88222 4
      vertex 18.0023 -6.88222 0
    endloop
  endfacet
  facet normal -0.999809 0.0195242 0
    outer loop
      vertex 18.0023 -6.88222 4
      vertex 18 -7 0
      vertex 18 -7 4
    endloop
  endfacet
  facet normal -0.999809 -0.0195259 0
    outer loop
      vertex 18.0023 -7.11777 0
      vertex 18 -7 4
      vertex 18 -7 0
    endloop
  endfacet
  facet normal -0.999809 -0.0195259 0
    outer loop
      vertex 18 -7 4
      vertex 18.0023 -7.11777 0
      vertex 18.0023 -7.11777 4
    endloop
  endfacet
  facet normal -0.998283 -0.0585727 0
    outer loop
      vertex 18.0092 -7.23537 0
      vertex 18.0023 -7.11777 4
      vertex 18.0023 -7.11777 0
    endloop
  endfacet
  facet normal -0.998283 -0.0585727 0
    outer loop
      vertex 18.0023 -7.11777 4
      vertex 18.0092 -7.23537 0
      vertex 18.0092 -7.23537 4
    endloop
  endfacet
  facet normal -0.99514 -0.0984699 0
    outer loop
      vertex 18.0208 -7.3526 0
      vertex 18.0092 -7.23537 4
      vertex 18.0092 -7.23537 0
    endloop
  endfacet
  facet normal -0.99514 -0.0984699 0
    outer loop
      vertex 18.0092 -7.23537 4
      vertex 18.0208 -7.3526 0
      vertex 18.0208 -7.3526 4
    endloop
  endfacet
  facet normal -0.990617 -0.136666 0
    outer loop
      vertex 18.0369 -7.4693 0
      vertex 18.0208 -7.3526 4
      vertex 18.0208 -7.3526 0
    endloop
  endfacet
  facet normal -0.990617 -0.136666 0
    outer loop
      vertex 18.0208 -7.3526 4
      vertex 18.0369 -7.4693 0
      vertex 18.0369 -7.4693 4
    endloop
  endfacet
  facet normal -0.984441 -0.175717 0
    outer loop
      vertex 18.0576 -7.58527 0
      vertex 18.0369 -7.4693 4
      vertex 18.0369 -7.4693 0
    endloop
  endfacet
  facet normal -0.984441 -0.175717 0
    outer loop
      vertex 18.0369 -7.4693 4
      vertex 18.0576 -7.58527 0
      vertex 18.0576 -7.58527 4
    endloop
  endfacet
  facet normal -0.976668 -0.214755 0
    outer loop
      vertex 18.0829 -7.70033 0
      vertex 18.0576 -7.58527 4
      vertex 18.0576 -7.58527 0
    endloop
  endfacet
  facet normal -0.976668 -0.214755 0
    outer loop
      vertex 18.0576 -7.58527 4
      vertex 18.0829 -7.70033 0
      vertex 18.0829 -7.70033 4
    endloop
  endfacet
  facet normal -0.967693 -0.252132 0
    outer loop
      vertex 18.1126 -7.81432 0
      vertex 18.0829 -7.70033 4
      vertex 18.0829 -7.70033 0
    endloop
  endfacet
  facet normal -0.967693 -0.252132 0
    outer loop
      vertex 18.0829 -7.70033 4
      vertex 18.1126 -7.81432 0
      vertex 18.1126 -7.81432 4
    endloop
  endfacet
  facet normal -0.956932 -0.290314 0
    outer loop
      vertex 18.1468 -7.92705 0
      vertex 18.1126 -7.81432 4
      vertex 18.1126 -7.81432 0
    endloop
  endfacet
  facet normal -0.956932 -0.290314 0
    outer loop
      vertex 18.1126 -7.81432 4
      vertex 18.1468 -7.92705 0
      vertex 18.1468 -7.92705 4
    endloop
  endfacet
  facet normal -0.944794 -0.327664 0
    outer loop
      vertex 18.1854 -8.03835 0
      vertex 18.1468 -7.92705 4
      vertex 18.1468 -7.92705 0
    endloop
  endfacet
  facet normal -0.944794 -0.327664 0
    outer loop
      vertex 18.1468 -7.92705 4
      vertex 18.1854 -8.03835 0
      vertex 18.1854 -8.03835 4
    endloop
  endfacet
  facet normal -0.931307 -0.364236 0
    outer loop
      vertex 18.2283 -8.14804 0
      vertex 18.1854 -8.03835 4
      vertex 18.1854 -8.03835 0
    endloop
  endfacet
  facet normal -0.931307 -0.364236 0
    outer loop
      vertex 18.1854 -8.03835 4
      vertex 18.2283 -8.14804 0
      vertex 18.2283 -8.14804 4
    endloop
  endfacet
  facet normal -0.915906 -0.401393 0
    outer loop
      vertex 18.2756 -8.25597 0
      vertex 18.2283 -8.14804 4
      vertex 18.2283 -8.14804 0
    endloop
  endfacet
  facet normal -0.915906 -0.401393 0
    outer loop
      vertex 18.2283 -8.14804 4
      vertex 18.2756 -8.25597 0
      vertex 18.2756 -8.25597 4
    endloop
  endfacet
  facet normal -0.899794 -0.436315 0
    outer loop
      vertex 18.327 -8.36197 0
      vertex 18.2756 -8.25597 4
      vertex 18.2756 -8.25597 0
    endloop
  endfacet
  facet normal -0.899794 -0.436315 0
    outer loop
      vertex 18.2756 -8.25597 4
      vertex 18.327 -8.36197 0
      vertex 18.327 -8.36197 4
    endloop
  endfacet
  facet normal -0.88201 -0.471232 0
    outer loop
      vertex 18.3825 -8.46585 0
      vertex 18.327 -8.36197 4
      vertex 18.327 -8.36197 0
    endloop
  endfacet
  facet normal -0.88201 -0.471232 0
    outer loop
      vertex 18.327 -8.36197 4
      vertex 18.3825 -8.46585 0
      vertex 18.3825 -8.46585 4
    endloop
  endfacet
  facet normal -0.862632 -0.505833 0
    outer loop
      vertex 18.4421 -8.56749 0
      vertex 18.3825 -8.46585 4
      vertex 18.3825 -8.46585 0
    endloop
  endfacet
  facet normal -0.862632 -0.505833 0
    outer loop
      vertex 18.3825 -8.46585 4
      vertex 18.4421 -8.56749 0
      vertex 18.4421 -8.56749 4
    endloop
  endfacet
  facet normal -0.84225 -0.539087 0
    outer loop
      vertex 18.5056 -8.6667 0
      vertex 18.4421 -8.56749 4
      vertex 18.4421 -8.56749 0
    endloop
  endfacet
  facet normal -0.84225 -0.539087 0
    outer loop
      vertex 18.4421 -8.56749 4
      vertex 18.5056 -8.6667 0
      vertex 18.5056 -8.6667 4
    endloop
  endfacet
  facet normal -0.820646 -0.571438 0
    outer loop
      vertex 18.5729 -8.76335 0
      vertex 18.5056 -8.6667 4
      vertex 18.5056 -8.6667 0
    endloop
  endfacet
  facet normal -0.820646 -0.571438 0
    outer loop
      vertex 18.5056 -8.6667 4
      vertex 18.5729 -8.76335 0
      vertex 18.5729 -8.76335 4
    endloop
  endfacet
  facet normal -0.797303 -0.60358 0
    outer loop
      vertex 18.644 -8.85727 0
      vertex 18.5729 -8.76335 4
      vertex 18.5729 -8.76335 0
    endloop
  endfacet
  facet normal -0.797303 -0.60358 0
    outer loop
      vertex 18.5729 -8.76335 4
      vertex 18.644 -8.85727 0
      vertex 18.644 -8.85727 4
    endloop
  endfacet
  facet normal -0.772723 -0.634743 0
    outer loop
      vertex 18.7188 -8.94833 0
      vertex 18.644 -8.85727 4
      vertex 18.644 -8.85727 0
    endloop
  endfacet
  facet normal -0.772723 -0.634743 0
    outer loop
      vertex 18.644 -8.85727 4
      vertex 18.7188 -8.94833 0
      vertex 18.7188 -8.94833 4
    endloop
  endfacet
  facet normal -0.747728 -0.664005 0
    outer loop
      vertex 18.797 -9.03639 0
      vertex 18.7188 -8.94833 4
      vertex 18.7188 -8.94833 0
    endloop
  endfacet
  facet normal -0.747728 -0.664005 0
    outer loop
      vertex 18.7188 -8.94833 4
      vertex 18.797 -9.03639 0
      vertex 18.797 -9.03639 4
    endloop
  endfacet
  facet normal -0.720637 -0.693312 0
    outer loop
      vertex 18.8787 -9.12131 0
      vertex 18.797 -9.03639 4
      vertex 18.797 -9.03639 0
    endloop
  endfacet
  facet normal -0.720637 -0.693312 0
    outer loop
      vertex 18.797 -9.03639 4
      vertex 18.8787 -9.12131 0
      vertex 18.8787 -9.12131 4
    endloop
  endfacet
  facet normal -0.693177 -0.720768 0
    outer loop
      vertex 18.8787 -9.12131 0
      vertex 18.9636 -9.20296 4
      vertex 18.8787 -9.12131 4
    endloop
  endfacet
  facet normal -0.693177 -0.720768 -0
    outer loop
      vertex 18.9636 -9.20296 4
      vertex 18.8787 -9.12131 0
      vertex 18.9636 -9.20296 0
    endloop
  endfacet
  facet normal -0.664027 -0.747709 0
    outer loop
      vertex 18.9636 -9.20296 0
      vertex 19.0517 -9.2812 4
      vertex 18.9636 -9.20296 4
    endloop
  endfacet
  facet normal -0.664027 -0.747709 -0
    outer loop
      vertex 19.0517 -9.2812 4
      vertex 18.9636 -9.20296 0
      vertex 19.0517 -9.2812 0
    endloop
  endfacet
  facet normal -0.634689 -0.772768 0
    outer loop
      vertex 19.0517 -9.2812 0
      vertex 19.1427 -9.35594 4
      vertex 19.0517 -9.2812 4
    endloop
  endfacet
  facet normal -0.634689 -0.772768 -0
    outer loop
      vertex 19.1427 -9.35594 4
      vertex 19.0517 -9.2812 0
      vertex 19.1427 -9.35594 0
    endloop
  endfacet
  facet normal -0.603715 -0.7972 0
    outer loop
      vertex 19.1427 -9.35594 0
      vertex 19.2366 -9.42705 4
      vertex 19.1427 -9.35594 4
    endloop
  endfacet
  facet normal -0.603715 -0.7972 -0
    outer loop
      vertex 19.2366 -9.42705 4
      vertex 19.1427 -9.35594 0
      vertex 19.2366 -9.42705 0
    endloop
  endfacet
  facet normal -0.571524 -0.820585 0
    outer loop
      vertex 19.2366 -9.42705 0
      vertex 19.3333 -9.4944 4
      vertex 19.2366 -9.42705 4
    endloop
  endfacet
  facet normal -0.571524 -0.820585 -0
    outer loop
      vertex 19.3333 -9.4944 4
      vertex 19.2366 -9.42705 0
      vertex 19.3333 -9.4944 0
    endloop
  endfacet
  facet normal -0.539186 -0.842187 0
    outer loop
      vertex 19.3333 -9.4944 0
      vertex 19.4325 -9.55791 4
      vertex 19.3333 -9.4944 4
    endloop
  endfacet
  facet normal -0.539186 -0.842187 -0
    outer loop
      vertex 19.4325 -9.55791 4
      vertex 19.3333 -9.4944 0
      vertex 19.4325 -9.55791 0
    endloop
  endfacet
  facet normal -0.505791 -0.862656 0
    outer loop
      vertex 19.4325 -9.55791 0
      vertex 19.5341 -9.61748 4
      vertex 19.4325 -9.55791 4
    endloop
  endfacet
  facet normal -0.505791 -0.862656 -0
    outer loop
      vertex 19.5341 -9.61748 4
      vertex 19.4325 -9.55791 0
      vertex 19.5341 -9.61748 0
    endloop
  endfacet
  facet normal -0.471425 -0.881906 0
    outer loop
      vertex 19.5341 -9.61748 0
      vertex 19.638 -9.67302 4
      vertex 19.5341 -9.61748 4
    endloop
  endfacet
  facet normal -0.471425 -0.881906 -0
    outer loop
      vertex 19.638 -9.67302 4
      vertex 19.5341 -9.61748 0
      vertex 19.638 -9.67302 0
    endloop
  endfacet
  facet normal -0.436384 -0.899761 0
    outer loop
      vertex 19.638 -9.67302 0
      vertex 19.744 -9.72443 4
      vertex 19.638 -9.67302 4
    endloop
  endfacet
  facet normal -0.436384 -0.899761 -0
    outer loop
      vertex 19.744 -9.72443 4
      vertex 19.638 -9.67302 0
      vertex 19.744 -9.72443 0
    endloop
  endfacet
  facet normal -0.400846 -0.916146 0
    outer loop
      vertex 19.744 -9.72443 0
      vertex 19.8519 -9.77164 4
      vertex 19.744 -9.72443 4
    endloop
  endfacet
  facet normal -0.400846 -0.916146 -0
    outer loop
      vertex 19.8519 -9.77164 4
      vertex 19.744 -9.72443 0
      vertex 19.8519 -9.77164 0
    endloop
  endfacet
  facet normal -0.364355 -0.93126 0
    outer loop
      vertex 19.8519 -9.77164 0
      vertex 19.9616 -9.81456 4
      vertex 19.8519 -9.77164 4
    endloop
  endfacet
  facet normal -0.364355 -0.93126 -0
    outer loop
      vertex 19.9616 -9.81456 4
      vertex 19.8519 -9.77164 0
      vertex 19.9616 -9.81456 0
    endloop
  endfacet
  facet normal -0.327664 -0.944794 0
    outer loop
      vertex 19.9616 -9.81456 0
      vertex 20.0729 -9.85316 4
      vertex 19.9616 -9.81456 4
    endloop
  endfacet
  facet normal -0.327664 -0.944794 -0
    outer loop
      vertex 20.0729 -9.85316 4
      vertex 19.9616 -9.81456 0
      vertex 20.0729 -9.85316 0
    endloop
  endfacet
  facet normal -0.290149 -0.956982 0
    outer loop
      vertex 20.0729 -9.85316 0
      vertex 20.1857 -9.88736 4
      vertex 20.0729 -9.85316 4
    endloop
  endfacet
  facet normal -0.290149 -0.956982 -0
    outer loop
      vertex 20.1857 -9.88736 4
      vertex 20.0729 -9.85316 0
      vertex 20.1857 -9.88736 0
    endloop
  endfacet
  facet normal -0.252429 -0.967615 0
    outer loop
      vertex 20.1857 -9.88736 0
      vertex 20.2997 -9.9171 4
      vertex 20.1857 -9.88736 4
    endloop
  endfacet
  facet normal -0.252429 -0.967615 -0
    outer loop
      vertex 20.2997 -9.9171 4
      vertex 20.1857 -9.88736 0
      vertex 20.2997 -9.9171 0
    endloop
  endfacet
  facet normal -0.214457 -0.976733 0
    outer loop
      vertex 20.2997 -9.9171 0
      vertex 20.4147 -9.94235 4
      vertex 20.2997 -9.9171 4
    endloop
  endfacet
  facet normal -0.214457 -0.976733 -0
    outer loop
      vertex 20.4147 -9.94235 4
      vertex 20.2997 -9.9171 0
      vertex 20.4147 -9.94235 0
    endloop
  endfacet
  facet normal -0.175755 -0.984434 0
    outer loop
      vertex 20.4147 -9.94235 0
      vertex 20.5307 -9.96306 4
      vertex 20.4147 -9.94235 4
    endloop
  endfacet
  facet normal -0.175755 -0.984434 -0
    outer loop
      vertex 20.5307 -9.96306 4
      vertex 20.4147 -9.94235 0
      vertex 20.5307 -9.96306 0
    endloop
  endfacet
  facet normal -0.136999 -0.990571 0
    outer loop
      vertex 20.5307 -9.96306 0
      vertex 20.6474 -9.9792 4
      vertex 20.5307 -9.96306 4
    endloop
  endfacet
  facet normal -0.136999 -0.990571 -0
    outer loop
      vertex 20.6474 -9.9792 4
      vertex 20.5307 -9.96306 0
      vertex 20.6474 -9.9792 0
    endloop
  endfacet
  facet normal -0.0979903 -0.995187 0
    outer loop
      vertex 20.6474 -9.9792 0
      vertex 20.7646 -9.99074 4
      vertex 20.6474 -9.9792 4
    endloop
  endfacet
  facet normal -0.0979903 -0.995187 -0
    outer loop
      vertex 20.7646 -9.99074 4
      vertex 20.6474 -9.9792 0
      vertex 20.7646 -9.99074 0
    endloop
  endfacet
  facet normal -0.0589111 -0.998263 0
    outer loop
      vertex 20.7646 -9.99074 0
      vertex 20.8822 -9.99768 4
      vertex 20.7646 -9.99074 4
    endloop
  endfacet
  facet normal -0.0589111 -0.998263 -0
    outer loop
      vertex 20.8822 -9.99768 4
      vertex 20.7646 -9.99074 0
      vertex 20.8822 -9.99768 0
    endloop
  endfacet
  facet normal -0.0196906 -0.999806 0
    outer loop
      vertex 20.8822 -9.99768 0
      vertex 21 -10 4
      vertex 20.8822 -9.99768 4
    endloop
  endfacet
  facet normal -0.0196906 -0.999806 -0
    outer loop
      vertex 21 -10 4
      vertex 20.8822 -9.99768 0
      vertex 21 -10 0
    endloop
  endfacet
  facet normal 0.0196906 -0.999806 0
    outer loop
      vertex 21 -10 0
      vertex 21.1178 -9.99768 4
      vertex 21 -10 4
    endloop
  endfacet
  facet normal 0.0196906 -0.999806 0
    outer loop
      vertex 21.1178 -9.99768 4
      vertex 21 -10 0
      vertex 21.1178 -9.99768 0
    endloop
  endfacet
  facet normal -0.984399 -0.175951 0
    outer loop
      vertex 22.6297 -6.74188 0
      vertex 22.6183 -6.6781 4
      vertex 22.6183 -6.6781 0
    endloop
  endfacet
  facet normal -0.984399 -0.175951 0
    outer loop
      vertex 22.6183 -6.6781 4
      vertex 22.6297 -6.74188 0
      vertex 22.6297 -6.74188 4
    endloop
  endfacet
  facet normal -0.634246 -0.773132 0
    outer loop
      vertex 22.0215 -5.70423 0
      vertex 22.0716 -5.74533 4
      vertex 22.0215 -5.70423 4
    endloop
  endfacet
  facet normal -0.634246 -0.773132 -0
    outer loop
      vertex 22.0716 -5.74533 4
      vertex 22.0215 -5.70423 0
      vertex 22.0716 -5.74533 0
    endloop
  endfacet
  facet normal 0.720937 -0.693001 0
    outer loop
      vertex 19.7884 -5.87998 4
      vertex 19.8333 -5.83327 0
      vertex 19.8333 -5.83327 4
    endloop
  endfacet
  facet normal 0.720937 -0.693001 0
    outer loop
      vertex 19.8333 -5.83327 0
      vertex 19.7884 -5.87998 4
      vertex 19.7884 -5.87998 0
    endloop
  endfacet
  facet normal -0.841744 -0.539876 0
    outer loop
      vertex 22.4069 -6.13788 0
      vertex 22.3719 -6.08331 4
      vertex 22.3719 -6.08331 0
    endloop
  endfacet
  facet normal -0.841744 -0.539876 0
    outer loop
      vertex 22.3719 -6.08331 4
      vertex 22.4069 -6.13788 0
      vertex 22.4069 -6.13788 4
    endloop
  endfacet
  facet normal -0.175748 0.984435 0
    outer loop
      vertex 21.3219 -8.6183 0
      vertex 21.2581 -8.62969 4
      vertex 21.3219 -8.6183 4
    endloop
  endfacet
  facet normal -0.175748 0.984435 0
    outer loop
      vertex 21.2581 -8.62969 4
      vertex 21.3219 -8.6183 0
      vertex 21.2581 -8.62969 0
    endloop
  endfacet
  facet normal -0.96783 0.251605 0
    outer loop
      vertex 22.5881 -7.44788 0
      vertex 22.6044 -7.38518 4
      vertex 22.6044 -7.38518 0
    endloop
  endfacet
  facet normal -0.96783 0.251605 0
    outer loop
      vertex 22.6044 -7.38518 4
      vertex 22.5881 -7.44788 0
      vertex 22.5881 -7.44788 4
    endloop
  endfacet
  facet normal 0.999799 0.0200639 0
    outer loop
      vertex 19.3513 -7.06478 4
      vertex 19.35 -7 0
      vertex 19.35 -7 4
    endloop
  endfacet
  facet normal 0.999799 0.0200639 0
    outer loop
      vertex 19.35 -7 0
      vertex 19.3513 -7.06478 4
      vertex 19.3513 -7.06478 0
    endloop
  endfacet
  facet normal -0.0589391 0.998262 0
    outer loop
      vertex 21.1295 -8.64491 0
      vertex 21.0648 -8.64873 4
      vertex 21.1295 -8.64491 4
    endloop
  endfacet
  facet normal -0.0589391 0.998262 0
    outer loop
      vertex 21.0648 -8.64873 4
      vertex 21.1295 -8.64491 0
      vertex 21.0648 -8.64873 0
    endloop
  endfacet
  facet normal 0.0981266 0.995174 -0
    outer loop
      vertex 20.8705 -8.64491 0
      vertex 20.8061 -8.63856 4
      vertex 20.8705 -8.64491 4
    endloop
  endfacet
  facet normal 0.0981266 0.995174 0
    outer loop
      vertex 20.8061 -8.63856 4
      vertex 20.8705 -8.64491 0
      vertex 20.8061 -8.63856 0
    endloop
  endfacet
  facet normal 0.0981266 -0.995174 0
    outer loop
      vertex 20.8061 -5.36144 0
      vertex 20.8705 -5.35509 4
      vertex 20.8061 -5.36144 4
    endloop
  endfacet
  facet normal 0.0981266 -0.995174 0
    outer loop
      vertex 20.8705 -5.35509 4
      vertex 20.8061 -5.36144 0
      vertex 20.8705 -5.35509 0
    endloop
  endfacet
  facet normal 0.956543 -0.291591 0
    outer loop
      vertex 19.4119 -6.55212 4
      vertex 19.4308 -6.49012 0
      vertex 19.4308 -6.49012 4
    endloop
  endfacet
  facet normal 0.956543 -0.291591 0
    outer loop
      vertex 19.4308 -6.49012 0
      vertex 19.4119 -6.55212 4
      vertex 19.4119 -6.55212 0
    endloop
  endfacet
  facet normal -0.956543 -0.291591 0
    outer loop
      vertex 22.5881 -6.55212 0
      vertex 22.5692 -6.49012 4
      vertex 22.5692 -6.49012 0
    endloop
  endfacet
  facet normal -0.956543 -0.291591 0
    outer loop
      vertex 22.5692 -6.49012 4
      vertex 22.5881 -6.55212 0
      vertex 22.5881 -6.55212 4
    endloop
  endfacet
  facet normal 0.773069 0.634321 0
    outer loop
      vertex 19.7453 -8.07159 4
      vertex 19.7042 -8.0215 0
      vertex 19.7042 -8.0215 4
    endloop
  endfacet
  facet normal 0.773069 0.634321 0
    outer loop
      vertex 19.7042 -8.0215 0
      vertex 19.7453 -8.07159 4
      vertex 19.7453 -8.07159 0
    endloop
  endfacet
  facet normal 0.797362 0.603501 0
    outer loop
      vertex 19.7042 -8.0215 4
      vertex 19.6651 -7.96984 0
      vertex 19.6651 -7.96984 4
    endloop
  endfacet
  facet normal 0.797362 0.603501 0
    outer loop
      vertex 19.6651 -7.96984 0
      vertex 19.7042 -8.0215 4
      vertex 19.7042 -8.0215 0
    endloop
  endfacet
  facet normal -0.915987 -0.401207 0
    outer loop
      vertex 22.5244 -6.36857 0
      vertex 22.4984 -6.30921 4
      vertex 22.4984 -6.30921 0
    endloop
  endfacet
  facet normal -0.915987 -0.401207 0
    outer loop
      vertex 22.4984 -6.30921 4
      vertex 22.5244 -6.36857 0
      vertex 22.5244 -6.36857 4
    endloop
  endfacet
  facet normal -0.995261 -0.0972417 0
    outer loop
      vertex 22.6449 -6.87054 0
      vertex 22.6386 -6.80606 4
      vertex 22.6386 -6.80606 0
    endloop
  endfacet
  facet normal -0.995261 -0.0972417 0
    outer loop
      vertex 22.6386 -6.80606 4
      vertex 22.6449 -6.87054 0
      vertex 22.6449 -6.87054 4
    endloop
  endfacet
  facet normal -0.136862 -0.99059 0
    outer loop
      vertex 21.1939 -5.36144 0
      vertex 21.2581 -5.37031 4
      vertex 21.1939 -5.36144 4
    endloop
  endfacet
  facet normal -0.136862 -0.99059 -0
    outer loop
      vertex 21.2581 -5.37031 4
      vertex 21.1939 -5.36144 0
      vertex 21.2581 -5.37031 0
    endloop
  endfacet
  facet normal -0.820716 0.571336 0
    outer loop
      vertex 22.3349 -7.96984 0
      vertex 22.3719 -7.91669 4
      vertex 22.3719 -7.91669 0
    endloop
  endfacet
  facet normal -0.820716 0.571336 0
    outer loop
      vertex 22.3719 -7.91669 4
      vertex 22.3349 -7.96984 0
      vertex 22.3349 -7.96984 4
    endloop
  endfacet
  facet normal -0.136862 0.99059 0
    outer loop
      vertex 21.2581 -8.62969 0
      vertex 21.1939 -8.63856 4
      vertex 21.2581 -8.62969 4
    endloop
  endfacet
  facet normal -0.136862 0.99059 0
    outer loop
      vertex 21.1939 -8.63856 4
      vertex 21.2581 -8.62969 0
      vertex 21.1939 -8.63856 0
    endloop
  endfacet
  facet normal -0.47163 0.881797 0
    outer loop
      vertex 21.8062 -8.43962 0
      vertex 21.7491 -8.47016 4
      vertex 21.8062 -8.43962 4
    endloop
  endfacet
  facet normal -0.47163 0.881797 0
    outer loop
      vertex 21.7491 -8.47016 4
      vertex 21.8062 -8.43962 0
      vertex 21.7491 -8.47016 0
    endloop
  endfacet
  facet normal -0.364725 0.931115 0
    outer loop
      vertex 21.6314 -8.5244 0
      vertex 21.5711 -8.54802 4
      vertex 21.6314 -8.5244 4
    endloop
  endfacet
  facet normal -0.364725 0.931115 0
    outer loop
      vertex 21.5711 -8.54802 4
      vertex 21.6314 -8.5244 0
      vertex 21.5711 -8.54802 0
    endloop
  endfacet
  facet normal 0.863162 0.504927 0
    outer loop
      vertex 19.5931 -7.86212 4
      vertex 19.5604 -7.80622 0
      vertex 19.5604 -7.80622 4
    endloop
  endfacet
  facet normal 0.863162 0.504927 0
    outer loop
      vertex 19.5604 -7.80622 0
      vertex 19.5931 -7.86212 4
      vertex 19.5931 -7.86212 0
    endloop
  endfacet
  facet normal -0.984399 0.175951 0
    outer loop
      vertex 22.6183 -7.3219 0
      vertex 22.6297 -7.25812 4
      vertex 22.6297 -7.25812 0
    endloop
  endfacet
  facet normal -0.984399 0.175951 0
    outer loop
      vertex 22.6297 -7.25812 4
      vertex 22.6183 -7.3219 0
      vertex 22.6183 -7.3219 4
    endloop
  endfacet
  facet normal 0.96782 -0.251643 0
    outer loop
      vertex 19.3956 -6.61481 4
      vertex 19.4119 -6.55212 0
      vertex 19.4119 -6.55212 4
    endloop
  endfacet
  facet normal 0.96782 -0.251643 0
    outer loop
      vertex 19.4119 -6.55212 0
      vertex 19.3956 -6.61481 4
      vertex 19.3956 -6.61481 0
    endloop
  endfacet
  facet normal -0.900189 -0.4355 0
    outer loop
      vertex 22.4984 -6.30921 0
      vertex 22.4702 -6.25092 4
      vertex 22.4702 -6.25092 0
    endloop
  endfacet
  facet normal -0.900189 -0.4355 0
    outer loop
      vertex 22.4702 -6.25092 4
      vertex 22.4984 -6.30921 0
      vertex 22.4984 -6.30921 4
    endloop
  endfacet
  facet normal 0.797362 -0.603501 0
    outer loop
      vertex 19.6651 -6.03015 4
      vertex 19.7042 -5.97849 0
      vertex 19.7042 -5.97849 4
    endloop
  endfacet
  facet normal 0.797362 -0.603501 0
    outer loop
      vertex 19.7042 -5.97849 0
      vertex 19.6651 -6.03015 4
      vertex 19.6651 -6.03015 0
    endloop
  endfacet
  facet normal -0.175748 -0.984435 0
    outer loop
      vertex 21.2581 -5.37031 0
      vertex 21.3219 -5.3817 4
      vertex 21.2581 -5.37031 4
    endloop
  endfacet
  facet normal -0.175748 -0.984435 -0
    outer loop
      vertex 21.3219 -5.3817 4
      vertex 21.2581 -5.37031 0
      vertex 21.3219 -5.3817 0
    endloop
  endfacet
  facet normal -0.572114 0.820174 0
    outer loop
      vertex 21.9698 -8.33488 0
      vertex 21.9167 -8.37192 4
      vertex 21.9698 -8.33488 4
    endloop
  endfacet
  facet normal -0.572114 0.820174 0
    outer loop
      vertex 21.9167 -8.37192 4
      vertex 21.9698 -8.33488 0
      vertex 21.9167 -8.37192 0
    endloop
  endfacet
  facet normal 0.175748 0.984435 -0
    outer loop
      vertex 20.7419 -8.62969 0
      vertex 20.6781 -8.6183 4
      vertex 20.7419 -8.62969 4
    endloop
  endfacet
  facet normal 0.175748 0.984435 0
    outer loop
      vertex 20.6781 -8.6183 4
      vertex 20.7419 -8.62969 0
      vertex 20.6781 -8.6183 0
    endloop
  endfacet
  facet normal -0.999799 -0.0200639 0
    outer loop
      vertex 22.65 -7 0
      vertex 22.6487 -6.93522 4
      vertex 22.6487 -6.93522 0
    endloop
  endfacet
  facet normal -0.999799 -0.0200639 0
    outer loop
      vertex 22.6487 -6.93522 4
      vertex 22.65 -7 0
      vertex 22.65 -7 4
    endloop
  endfacet
  facet normal -0.664517 0.747273 0
    outer loop
      vertex 22.12 -8.21163 0
      vertex 22.0716 -8.25467 4
      vertex 22.12 -8.21163 4
    endloop
  endfacet
  facet normal -0.664517 0.747273 0
    outer loop
      vertex 22.0716 -8.25467 4
      vertex 22.12 -8.21163 0
      vertex 22.0716 -8.25467 0
    endloop
  endfacet
  facet normal -0.841744 0.539876 0
    outer loop
      vertex 22.3719 -7.91669 0
      vertex 22.4069 -7.86212 4
      vertex 22.4069 -7.86212 0
    endloop
  endfacet
  facet normal -0.841744 0.539876 0
    outer loop
      vertex 22.4069 -7.86212 4
      vertex 22.3719 -7.91669 0
      vertex 22.3719 -7.91669 4
    endloop
  endfacet
  facet normal 0.400463 -0.916313 0
    outer loop
      vertex 20.3092 -5.50156 0
      vertex 20.3686 -5.4756 4
      vertex 20.3092 -5.50156 4
    endloop
  endfacet
  facet normal 0.400463 -0.916313 0
    outer loop
      vertex 20.3686 -5.4756 4
      vertex 20.3092 -5.50156 0
      vertex 20.3686 -5.4756 0
    endloop
  endfacet
  facet normal 0.214332 -0.976761 0
    outer loop
      vertex 20.6148 -5.39559 0
      vertex 20.6781 -5.3817 4
      vertex 20.6148 -5.39559 4
    endloop
  endfacet
  facet normal 0.214332 -0.976761 0
    outer loop
      vertex 20.6781 -5.3817 4
      vertex 20.6148 -5.39559 0
      vertex 20.6781 -5.3817 0
    endloop
  endfacet
  facet normal 0.747018 0.664804 0
    outer loop
      vertex 19.7884 -8.12002 4
      vertex 19.7453 -8.07159 0
      vertex 19.7453 -8.07159 4
    endloop
  endfacet
  facet normal 0.747018 0.664804 0
    outer loop
      vertex 19.7453 -8.07159 0
      vertex 19.7884 -8.12002 4
      vertex 19.7884 -8.12002 0
    endloop
  endfacet
  facet normal -0.720937 0.693001 0
    outer loop
      vertex 22.1667 -8.16673 0
      vertex 22.2116 -8.12002 4
      vertex 22.2116 -8.12002 0
    endloop
  endfacet
  facet normal -0.720937 0.693001 0
    outer loop
      vertex 22.2116 -8.12002 4
      vertex 22.1667 -8.16673 0
      vertex 22.1667 -8.16673 4
    endloop
  endfacet
  facet normal -0.990521 -0.137358 0
    outer loop
      vertex 22.6386 -6.80606 0
      vertex 22.6297 -6.74188 4
      vertex 22.6297 -6.74188 0
    endloop
  endfacet
  facet normal -0.990521 -0.137358 0
    outer loop
      vertex 22.6297 -6.74188 4
      vertex 22.6386 -6.80606 0
      vertex 22.6386 -6.80606 4
    endloop
  endfacet
  facet normal -0.931302 -0.364248 0
    outer loop
      vertex 22.548 -6.42891 0
      vertex 22.5244 -6.36857 4
      vertex 22.5244 -6.36857 0
    endloop
  endfacet
  facet normal -0.931302 -0.364248 0
    outer loop
      vertex 22.5244 -6.36857 4
      vertex 22.548 -6.42891 0
      vertex 22.548 -6.42891 4
    endloop
  endfacet
  facet normal -0.747018 0.664804 0
    outer loop
      vertex 22.2116 -8.12002 0
      vertex 22.2547 -8.07159 4
      vertex 22.2547 -8.07159 0
    endloop
  endfacet
  facet normal -0.747018 0.664804 0
    outer loop
      vertex 22.2547 -8.07159 4
      vertex 22.2116 -8.12002 0
      vertex 22.2116 -8.12002 4
    endloop
  endfacet
  facet normal -0.53901 0.842299 0
    outer loop
      vertex 21.9167 -8.37192 0
      vertex 21.8621 -8.40686 4
      vertex 21.9167 -8.37192 4
    endloop
  endfacet
  facet normal -0.53901 0.842299 0
    outer loop
      vertex 21.8621 -8.40686 4
      vertex 21.9167 -8.37192 0
      vertex 21.8621 -8.40686 0
    endloop
  endfacet
  facet normal 0.995261 -0.0972417 0
    outer loop
      vertex 19.3551 -6.87054 4
      vertex 19.3614 -6.80606 0
      vertex 19.3614 -6.80606 4
    endloop
  endfacet
  facet normal 0.995261 -0.0972417 0
    outer loop
      vertex 19.3614 -6.80606 0
      vertex 19.3551 -6.87054 4
      vertex 19.3551 -6.87054 0
    endloop
  endfacet
  facet normal -0.96782 -0.251643 0
    outer loop
      vertex 22.6044 -6.61481 0
      vertex 22.5881 -6.55212 4
      vertex 22.5881 -6.55212 0
    endloop
  endfacet
  facet normal -0.96782 -0.251643 0
    outer loop
      vertex 22.5881 -6.55212 4
      vertex 22.6044 -6.61481 0
      vertex 22.6044 -6.61481 4
    endloop
  endfacet
  facet normal 0.29032 0.95693 -0
    outer loop
      vertex 20.5521 -8.58805 0
      vertex 20.4901 -8.56924 4
      vertex 20.5521 -8.58805 4
    endloop
  endfacet
  facet normal 0.29032 0.95693 0
    outer loop
      vertex 20.4901 -8.56924 4
      vertex 20.5521 -8.58805 0
      vertex 20.4901 -8.56924 0
    endloop
  endfacet
  facet normal 0.634246 -0.773132 0
    outer loop
      vertex 19.9284 -5.74533 0
      vertex 19.9785 -5.70423 4
      vertex 19.9284 -5.74533 4
    endloop
  endfacet
  facet normal 0.634246 -0.773132 0
    outer loop
      vertex 19.9785 -5.70423 4
      vertex 19.9284 -5.74533 0
      vertex 19.9785 -5.70423 0
    endloop
  endfacet
  facet normal 0.990521 0.137358 0
    outer loop
      vertex 19.3703 -7.25812 4
      vertex 19.3614 -7.19394 0
      vertex 19.3614 -7.19394 4
    endloop
  endfacet
  facet normal 0.990521 0.137358 0
    outer loop
      vertex 19.3614 -7.19394 0
      vertex 19.3703 -7.25812 4
      vertex 19.3703 -7.25812 0
    endloop
  endfacet
  facet normal 0.900189 -0.4355 0
    outer loop
      vertex 19.5016 -6.30921 4
      vertex 19.5298 -6.25092 0
      vertex 19.5298 -6.25092 4
    endloop
  endfacet
  facet normal 0.900189 -0.4355 0
    outer loop
      vertex 19.5298 -6.25092 0
      vertex 19.5016 -6.30921 4
      vertex 19.5016 -6.30921 0
    endloop
  endfacet
  facet normal -0.603302 -0.797513 0
    outer loop
      vertex 21.9698 -5.66512 0
      vertex 22.0215 -5.70423 4
      vertex 21.9698 -5.66512 4
    endloop
  endfacet
  facet normal -0.603302 -0.797513 -0
    outer loop
      vertex 22.0215 -5.70423 4
      vertex 21.9698 -5.66512 0
      vertex 22.0215 -5.70423 0
    endloop
  endfacet
  facet normal -0.019595 0.999808 0
    outer loop
      vertex 21.0648 -8.64873 0
      vertex 21 -8.65 4
      vertex 21.0648 -8.64873 4
    endloop
  endfacet
  facet normal -0.019595 0.999808 0
    outer loop
      vertex 21 -8.65 4
      vertex 21.0648 -8.64873 0
      vertex 21 -8.65 0
    endloop
  endfacet
  facet normal -0.664517 -0.747273 0
    outer loop
      vertex 22.0716 -5.74533 0
      vertex 22.12 -5.78837 4
      vertex 22.0716 -5.74533 4
    endloop
  endfacet
  facet normal -0.664517 -0.747273 -0
    outer loop
      vertex 22.12 -5.78837 4
      vertex 22.0716 -5.74533 0
      vertex 22.12 -5.78837 0
    endloop
  endfacet
  facet normal 0.019595 0.999808 -0
    outer loop
      vertex 21 -8.65 0
      vertex 20.9352 -8.64873 4
      vertex 21 -8.65 4
    endloop
  endfacet
  facet normal 0.019595 0.999808 0
    outer loop
      vertex 20.9352 -8.64873 4
      vertex 21 -8.65 0
      vertex 20.9352 -8.64873 0
    endloop
  endfacet
  facet normal 0.999799 -0.0200639 0
    outer loop
      vertex 19.35 -7 4
      vertex 19.3513 -6.93522 0
      vertex 19.3513 -6.93522 4
    endloop
  endfacet
  facet normal 0.999799 -0.0200639 0
    outer loop
      vertex 19.3513 -6.93522 0
      vertex 19.35 -7 4
      vertex 19.35 -7 0
    endloop
  endfacet
  facet normal -0.990521 0.137358 0
    outer loop
      vertex 22.6297 -7.25812 0
      vertex 22.6386 -7.19394 4
      vertex 22.6386 -7.19394 0
    endloop
  endfacet
  facet normal -0.990521 0.137358 0
    outer loop
      vertex 22.6386 -7.19394 4
      vertex 22.6297 -7.25812 0
      vertex 22.6297 -7.25812 4
    endloop
  endfacet
  facet normal -0.976721 -0.214511 0
    outer loop
      vertex 22.6183 -6.6781 0
      vertex 22.6044 -6.61481 4
      vertex 22.6044 -6.61481 0
    endloop
  endfacet
  facet normal -0.976721 -0.214511 0
    outer loop
      vertex 22.6044 -6.61481 4
      vertex 22.6183 -6.6781 0
      vertex 22.6183 -6.6781 4
    endloop
  endfacet
  facet normal -0.603302 0.797513 0
    outer loop
      vertex 22.0215 -8.29577 0
      vertex 21.9698 -8.33488 4
      vertex 22.0215 -8.29577 4
    endloop
  endfacet
  facet normal -0.603302 0.797513 0
    outer loop
      vertex 21.9698 -8.33488 4
      vertex 22.0215 -8.29577 0
      vertex 21.9698 -8.33488 0
    endloop
  endfacet
  facet normal -0.999799 0.0200639 0
    outer loop
      vertex 22.6487 -7.06478 0
      vertex 22.65 -7 4
      vertex 22.65 -7 0
    endloop
  endfacet
  facet normal -0.999799 0.0200639 0
    outer loop
      vertex 22.65 -7 4
      vertex 22.6487 -7.06478 0
      vertex 22.6487 -7.06478 4
    endloop
  endfacet
  facet normal 0.47163 -0.881797 0
    outer loop
      vertex 20.1938 -5.56038 0
      vertex 20.2509 -5.52984 4
      vertex 20.1938 -5.56038 4
    endloop
  endfacet
  facet normal 0.47163 -0.881797 0
    outer loop
      vertex 20.2509 -5.52984 4
      vertex 20.1938 -5.56038 0
      vertex 20.2509 -5.52984 0
    endloop
  endfacet
  facet normal 0.931302 -0.364248 0
    outer loop
      vertex 19.452 -6.42891 4
      vertex 19.4756 -6.36857 0
      vertex 19.4756 -6.36857 4
    endloop
  endfacet
  facet normal 0.931302 -0.364248 0
    outer loop
      vertex 19.4756 -6.36857 0
      vertex 19.452 -6.42891 4
      vertex 19.452 -6.42891 0
    endloop
  endfacet
  facet normal 0.820716 0.571336 0
    outer loop
      vertex 19.6651 -7.96984 4
      vertex 19.6281 -7.91669 0
      vertex 19.6281 -7.91669 4
    endloop
  endfacet
  facet normal 0.820716 0.571336 0
    outer loop
      vertex 19.6281 -7.91669 0
      vertex 19.6651 -7.96984 4
      vertex 19.6651 -7.96984 0
    endloop
  endfacet
  facet normal 0.505617 0.862758 -0
    outer loop
      vertex 20.1938 -8.43962 0
      vertex 20.1379 -8.40686 4
      vertex 20.1938 -8.43962 4
    endloop
  endfacet
  facet normal 0.505617 0.862758 0
    outer loop
      vertex 20.1379 -8.40686 4
      vertex 20.1938 -8.43962 0
      vertex 20.1379 -8.40686 0
    endloop
  endfacet
  facet normal -0.820767 -0.571264 0
    outer loop
      vertex 22.3719 -6.08331 0
      vertex 22.3349 -6.03015 4
      vertex 22.3349 -6.03015 0
    endloop
  endfacet
  facet normal -0.820767 -0.571264 0
    outer loop
      vertex 22.3349 -6.03015 4
      vertex 22.3719 -6.08331 0
      vertex 22.3719 -6.08331 4
    endloop
  endfacet
  facet normal -0.881549 0.472093 0
    outer loop
      vertex 22.4396 -7.80622 0
      vertex 22.4702 -7.74908 4
      vertex 22.4702 -7.74908 0
    endloop
  endfacet
  facet normal -0.881549 0.472093 0
    outer loop
      vertex 22.4702 -7.74908 4
      vertex 22.4396 -7.80622 0
      vertex 22.4396 -7.80622 4
    endloop
  endfacet
  facet normal -0.881583 -0.472029 0
    outer loop
      vertex 22.4702 -6.25092 0
      vertex 22.4396 -6.19377 4
      vertex 22.4396 -6.19377 0
    endloop
  endfacet
  facet normal -0.881583 -0.472029 0
    outer loop
      vertex 22.4396 -6.19377 4
      vertex 22.4702 -6.25092 0
      vertex 22.4702 -6.25092 4
    endloop
  endfacet
  facet normal -0.956543 0.291591 0
    outer loop
      vertex 22.5692 -7.50988 0
      vertex 22.5881 -7.44788 4
      vertex 22.5881 -7.44788 0
    endloop
  endfacet
  facet normal -0.956543 0.291591 0
    outer loop
      vertex 22.5881 -7.44788 4
      vertex 22.5692 -7.50988 0
      vertex 22.5692 -7.50988 4
    endloop
  endfacet
  facet normal -0.572218 -0.820102 0
    outer loop
      vertex 21.9167 -5.62807 0
      vertex 21.9698 -5.66512 4
      vertex 21.9167 -5.62807 4
    endloop
  endfacet
  facet normal -0.572218 -0.820102 -0
    outer loop
      vertex 21.9698 -5.66512 4
      vertex 21.9167 -5.62807 0
      vertex 21.9698 -5.66512 0
    endloop
  endfacet
  facet normal 0.0589391 0.998262 -0
    outer loop
      vertex 20.9352 -8.64873 0
      vertex 20.8705 -8.64491 4
      vertex 20.9352 -8.64873 4
    endloop
  endfacet
  facet normal 0.0589391 0.998262 0
    outer loop
      vertex 20.8705 -8.64491 4
      vertex 20.9352 -8.64873 0
      vertex 20.8705 -8.64491 0
    endloop
  endfacet
  facet normal -0.252472 -0.967604 0
    outer loop
      vertex 21.3852 -5.39559 0
      vertex 21.4479 -5.41195 4
      vertex 21.3852 -5.39559 4
    endloop
  endfacet
  facet normal -0.252472 -0.967604 -0
    outer loop
      vertex 21.4479 -5.41195 4
      vertex 21.3852 -5.39559 0
      vertex 21.4479 -5.41195 0
    endloop
  endfacet
  facet normal -0.863123 -0.504994 0
    outer loop
      vertex 22.4396 -6.19377 0
      vertex 22.4069 -6.13788 4
      vertex 22.4069 -6.13788 0
    endloop
  endfacet
  facet normal -0.863123 -0.504994 0
    outer loop
      vertex 22.4069 -6.13788 4
      vertex 22.4396 -6.19377 0
      vertex 22.4396 -6.19377 4
    endloop
  endfacet
  facet normal 0.0589391 -0.998262 0
    outer loop
      vertex 20.8705 -5.35509 0
      vertex 20.9352 -5.35127 4
      vertex 20.8705 -5.35509 4
    endloop
  endfacet
  facet normal 0.0589391 -0.998262 0
    outer loop
      vertex 20.9352 -5.35127 4
      vertex 20.8705 -5.35509 0
      vertex 20.9352 -5.35127 0
    endloop
  endfacet
  facet normal 0.664517 -0.747273 0
    outer loop
      vertex 19.88 -5.78837 0
      vertex 19.9284 -5.74533 4
      vertex 19.88 -5.78837 4
    endloop
  endfacet
  facet normal 0.664517 -0.747273 0
    outer loop
      vertex 19.9284 -5.74533 4
      vertex 19.88 -5.78837 0
      vertex 19.9284 -5.74533 0
    endloop
  endfacet
  facet normal -0.931302 0.364248 0
    outer loop
      vertex 22.5244 -7.63143 0
      vertex 22.548 -7.57109 4
      vertex 22.548 -7.57109 0
    endloop
  endfacet
  facet normal -0.931302 0.364248 0
    outer loop
      vertex 22.548 -7.57109 4
      vertex 22.5244 -7.63143 0
      vertex 22.5244 -7.63143 4
    endloop
  endfacet
  facet normal -0.863162 0.504927 0
    outer loop
      vertex 22.4069 -7.86212 0
      vertex 22.4396 -7.80622 4
      vertex 22.4396 -7.80622 0
    endloop
  endfacet
  facet normal -0.863162 0.504927 0
    outer loop
      vertex 22.4396 -7.80622 4
      vertex 22.4069 -7.86212 0
      vertex 22.4069 -7.86212 4
    endloop
  endfacet
  facet normal -0.327598 -0.944817 0
    outer loop
      vertex 21.5099 -5.43076 0
      vertex 21.5711 -5.45198 4
      vertex 21.5099 -5.43076 4
    endloop
  endfacet
  facet normal -0.327598 -0.944817 -0
    outer loop
      vertex 21.5711 -5.45198 4
      vertex 21.5099 -5.43076 0
      vertex 21.5711 -5.45198 0
    endloop
  endfacet
  facet normal 0.944929 0.327275 0
    outer loop
      vertex 19.452 -7.57109 4
      vertex 19.4308 -7.50988 0
      vertex 19.4308 -7.50988 4
    endloop
  endfacet
  facet normal 0.944929 0.327275 0
    outer loop
      vertex 19.4308 -7.50988 0
      vertex 19.452 -7.57109 4
      vertex 19.452 -7.57109 0
    endloop
  endfacet
  facet normal -0.797362 -0.603501 0
    outer loop
      vertex 22.3349 -6.03015 0
      vertex 22.2958 -5.97849 4
      vertex 22.2958 -5.97849 0
    endloop
  endfacet
  facet normal -0.797362 -0.603501 0
    outer loop
      vertex 22.2958 -5.97849 4
      vertex 22.3349 -6.03015 0
      vertex 22.3349 -6.03015 4
    endloop
  endfacet
  facet normal -0.998279 -0.0586496 0
    outer loop
      vertex 22.6487 -6.93522 0
      vertex 22.6449 -6.87054 4
      vertex 22.6449 -6.87054 0
    endloop
  endfacet
  facet normal -0.998279 -0.0586496 0
    outer loop
      vertex 22.6449 -6.87054 4
      vertex 22.6487 -6.93522 0
      vertex 22.6487 -6.93522 4
    endloop
  endfacet
  facet normal 0.136862 -0.99059 0
    outer loop
      vertex 20.7419 -5.37031 0
      vertex 20.8061 -5.36144 4
      vertex 20.7419 -5.37031 4
    endloop
  endfacet
  facet normal 0.136862 -0.99059 0
    outer loop
      vertex 20.8061 -5.36144 4
      vertex 20.7419 -5.37031 0
      vertex 20.8061 -5.36144 0
    endloop
  endfacet
  facet normal 0.5389 -0.842369 0
    outer loop
      vertex 20.0833 -5.62807 0
      vertex 20.1379 -5.59314 4
      vertex 20.0833 -5.62807 4
    endloop
  endfacet
  facet normal 0.5389 -0.842369 0
    outer loop
      vertex 20.1379 -5.59314 4
      vertex 20.0833 -5.62807 0
      vertex 20.1379 -5.59314 0
    endloop
  endfacet
  facet normal -0.773007 -0.634397 0
    outer loop
      vertex 22.2958 -5.97849 0
      vertex 22.2547 -5.92841 4
      vertex 22.2547 -5.92841 0
    endloop
  endfacet
  facet normal -0.773007 -0.634397 0
    outer loop
      vertex 22.2547 -5.92841 4
      vertex 22.2958 -5.97849 0
      vertex 22.2958 -5.97849 4
    endloop
  endfacet
  facet normal 0.720937 0.693001 0
    outer loop
      vertex 19.8333 -8.16673 4
      vertex 19.7884 -8.12002 0
      vertex 19.7884 -8.12002 4
    endloop
  endfacet
  facet normal 0.720937 0.693001 0
    outer loop
      vertex 19.7884 -8.12002 0
      vertex 19.8333 -8.16673 4
      vertex 19.8333 -8.16673 0
    endloop
  endfacet
  facet normal 0.915987 0.401207 0
    outer loop
      vertex 19.5016 -7.69079 4
      vertex 19.4756 -7.63143 0
      vertex 19.4756 -7.63143 4
    endloop
  endfacet
  facet normal 0.915987 0.401207 0
    outer loop
      vertex 19.4756 -7.63143 0
      vertex 19.5016 -7.69079 4
      vertex 19.5016 -7.69079 0
    endloop
  endfacet
  facet normal -0.998279 0.0586496 0
    outer loop
      vertex 22.6449 -7.12946 0
      vertex 22.6487 -7.06478 4
      vertex 22.6487 -7.06478 0
    endloop
  endfacet
  facet normal -0.998279 0.0586496 0
    outer loop
      vertex 22.6487 -7.06478 4
      vertex 22.6449 -7.12946 0
      vertex 22.6449 -7.12946 4
    endloop
  endfacet
  facet normal 0.693078 -0.720863 0
    outer loop
      vertex 19.8333 -5.83327 0
      vertex 19.88 -5.78837 4
      vertex 19.8333 -5.83327 4
    endloop
  endfacet
  facet normal 0.693078 -0.720863 0
    outer loop
      vertex 19.88 -5.78837 4
      vertex 19.8333 -5.83327 0
      vertex 19.88 -5.78837 0
    endloop
  endfacet
  facet normal 0.747018 -0.664804 0
    outer loop
      vertex 19.7453 -5.92841 4
      vertex 19.7884 -5.87998 0
      vertex 19.7884 -5.87998 4
    endloop
  endfacet
  facet normal 0.747018 -0.664804 0
    outer loop
      vertex 19.7884 -5.87998 0
      vertex 19.7453 -5.92841 4
      vertex 19.7453 -5.92841 0
    endloop
  endfacet
  facet normal 0.841744 0.539876 0
    outer loop
      vertex 19.6281 -7.91669 4
      vertex 19.5931 -7.86212 0
      vertex 19.5931 -7.86212 4
    endloop
  endfacet
  facet normal 0.841744 0.539876 0
    outer loop
      vertex 19.5931 -7.86212 0
      vertex 19.6281 -7.91669 4
      vertex 19.6281 -7.91669 0
    endloop
  endfacet
  facet normal -0.400463 -0.916313 0
    outer loop
      vertex 21.6314 -5.4756 0
      vertex 21.6908 -5.50156 4
      vertex 21.6314 -5.4756 4
    endloop
  endfacet
  facet normal -0.400463 -0.916313 -0
    outer loop
      vertex 21.6908 -5.50156 4
      vertex 21.6314 -5.4756 0
      vertex 21.6908 -5.50156 0
    endloop
  endfacet
  facet normal 0.984399 -0.175951 0
    outer loop
      vertex 19.3703 -6.74188 4
      vertex 19.3817 -6.6781 0
      vertex 19.3817 -6.6781 4
    endloop
  endfacet
  facet normal 0.984399 -0.175951 0
    outer loop
      vertex 19.3817 -6.6781 0
      vertex 19.3703 -6.74188 4
      vertex 19.3703 -6.74188 0
    endloop
  endfacet
  facet normal 0.019595 -0.999808 0
    outer loop
      vertex 20.9352 -5.35127 0
      vertex 21 -5.35 4
      vertex 20.9352 -5.35127 4
    endloop
  endfacet
  facet normal 0.019595 -0.999808 0
    outer loop
      vertex 21 -5.35 4
      vertex 20.9352 -5.35127 0
      vertex 21 -5.35 0
    endloop
  endfacet
  facet normal 0.327598 -0.944817 0
    outer loop
      vertex 20.4289 -5.45198 0
      vertex 20.4901 -5.43076 4
      vertex 20.4289 -5.45198 4
    endloop
  endfacet
  facet normal 0.327598 -0.944817 0
    outer loop
      vertex 20.4901 -5.43076 4
      vertex 20.4289 -5.45198 0
      vertex 20.4901 -5.43076 0
    endloop
  endfacet
  facet normal -0.693078 -0.720863 0
    outer loop
      vertex 22.12 -5.78837 0
      vertex 22.1667 -5.83327 4
      vertex 22.12 -5.78837 4
    endloop
  endfacet
  facet normal -0.693078 -0.720863 -0
    outer loop
      vertex 22.1667 -5.83327 4
      vertex 22.12 -5.78837 0
      vertex 22.1667 -5.83327 0
    endloop
  endfacet
  facet normal -0.400463 0.916313 0
    outer loop
      vertex 21.6908 -8.49844 0
      vertex 21.6314 -8.5244 4
      vertex 21.6908 -8.49844 4
    endloop
  endfacet
  facet normal -0.400463 0.916313 0
    outer loop
      vertex 21.6314 -8.5244 4
      vertex 21.6908 -8.49844 0
      vertex 21.6314 -8.5244 0
    endloop
  endfacet
  facet normal -0.976714 0.214544 0
    outer loop
      vertex 22.6044 -7.38518 0
      vertex 22.6183 -7.3219 4
      vertex 22.6183 -7.3219 0
    endloop
  endfacet
  facet normal -0.976714 0.214544 0
    outer loop
      vertex 22.6183 -7.3219 4
      vertex 22.6044 -7.38518 0
      vertex 22.6044 -7.38518 4
    endloop
  endfacet
  facet normal -0.773069 0.634321 0
    outer loop
      vertex 22.2547 -8.07159 0
      vertex 22.2958 -8.0215 4
      vertex 22.2958 -8.0215 0
    endloop
  endfacet
  facet normal -0.773069 0.634321 0
    outer loop
      vertex 22.2958 -8.0215 4
      vertex 22.2547 -8.07159 0
      vertex 22.2547 -8.07159 4
    endloop
  endfacet
  facet normal 0.773007 -0.634397 0
    outer loop
      vertex 19.7042 -5.97849 4
      vertex 19.7453 -5.92841 0
      vertex 19.7453 -5.92841 4
    endloop
  endfacet
  facet normal 0.773007 -0.634397 0
    outer loop
      vertex 19.7453 -5.92841 0
      vertex 19.7042 -5.97849 4
      vertex 19.7042 -5.97849 0
    endloop
  endfacet
  facet normal -0.364725 -0.931115 0
    outer loop
      vertex 21.5711 -5.45198 0
      vertex 21.6314 -5.4756 4
      vertex 21.5711 -5.45198 4
    endloop
  endfacet
  facet normal -0.364725 -0.931115 -0
    outer loop
      vertex 21.6314 -5.4756 4
      vertex 21.5711 -5.45198 0
      vertex 21.6314 -5.4756 0
    endloop
  endfacet
  facet normal 0.175748 -0.984435 0
    outer loop
      vertex 20.6781 -5.3817 0
      vertex 20.7419 -5.37031 4
      vertex 20.6781 -5.3817 4
    endloop
  endfacet
  facet normal 0.175748 -0.984435 0
    outer loop
      vertex 20.7419 -5.37031 4
      vertex 20.6781 -5.3817 0
      vertex 20.7419 -5.37031 0
    endloop
  endfacet
  facet normal -0.43644 -0.899733 0
    outer loop
      vertex 21.6908 -5.50156 0
      vertex 21.7491 -5.52984 4
      vertex 21.6908 -5.50156 4
    endloop
  endfacet
  facet normal -0.43644 -0.899733 -0
    outer loop
      vertex 21.7491 -5.52984 4
      vertex 21.6908 -5.50156 0
      vertex 21.7491 -5.52984 0
    endloop
  endfacet
  facet normal 0.693078 0.720863 -0
    outer loop
      vertex 19.88 -8.21163 0
      vertex 19.8333 -8.16673 4
      vertex 19.88 -8.21163 4
    endloop
  endfacet
  facet normal 0.693078 0.720863 0
    outer loop
      vertex 19.8333 -8.16673 4
      vertex 19.88 -8.21163 0
      vertex 19.8333 -8.16673 0
    endloop
  endfacet
  facet normal 0.364725 -0.931115 0
    outer loop
      vertex 20.3686 -5.4756 0
      vertex 20.4289 -5.45198 4
      vertex 20.3686 -5.4756 4
    endloop
  endfacet
  facet normal 0.364725 -0.931115 0
    outer loop
      vertex 20.4289 -5.45198 4
      vertex 20.3686 -5.4756 0
      vertex 20.4289 -5.45198 0
    endloop
  endfacet
  facet normal 0.664517 0.747273 -0
    outer loop
      vertex 19.9284 -8.25467 0
      vertex 19.88 -8.21163 4
      vertex 19.9284 -8.25467 4
    endloop
  endfacet
  facet normal 0.664517 0.747273 0
    outer loop
      vertex 19.88 -8.21163 4
      vertex 19.9284 -8.25467 0
      vertex 19.88 -8.21163 0
    endloop
  endfacet
  facet normal 0.327598 0.944817 -0
    outer loop
      vertex 20.4901 -8.56924 0
      vertex 20.4289 -8.54802 4
      vertex 20.4901 -8.56924 4
    endloop
  endfacet
  facet normal 0.327598 0.944817 0
    outer loop
      vertex 20.4289 -8.54802 4
      vertex 20.4901 -8.56924 0
      vertex 20.4289 -8.54802 0
    endloop
  endfacet
  facet normal -0.720937 -0.693001 0
    outer loop
      vertex 22.2116 -5.87998 0
      vertex 22.1667 -5.83327 4
      vertex 22.1667 -5.83327 0
    endloop
  endfacet
  facet normal -0.720937 -0.693001 0
    outer loop
      vertex 22.1667 -5.83327 4
      vertex 22.2116 -5.87998 0
      vertex 22.2116 -5.87998 4
    endloop
  endfacet
  facet normal -0.995261 0.0972417 0
    outer loop
      vertex 22.6386 -7.19394 0
      vertex 22.6449 -7.12946 4
      vertex 22.6449 -7.12946 0
    endloop
  endfacet
  facet normal -0.995261 0.0972417 0
    outer loop
      vertex 22.6449 -7.12946 4
      vertex 22.6386 -7.19394 0
      vertex 22.6386 -7.19394 4
    endloop
  endfacet
  facet normal 0.136862 0.99059 -0
    outer loop
      vertex 20.8061 -8.63856 0
      vertex 20.7419 -8.62969 4
      vertex 20.8061 -8.63856 4
    endloop
  endfacet
  facet normal 0.136862 0.99059 0
    outer loop
      vertex 20.7419 -8.62969 4
      vertex 20.8061 -8.63856 0
      vertex 20.7419 -8.62969 0
    endloop
  endfacet
  facet normal 0.43644 0.899733 -0
    outer loop
      vertex 20.3092 -8.49844 0
      vertex 20.2509 -8.47016 4
      vertex 20.3092 -8.49844 4
    endloop
  endfacet
  facet normal 0.43644 0.899733 0
    outer loop
      vertex 20.2509 -8.47016 4
      vertex 20.3092 -8.49844 0
      vertex 20.2509 -8.47016 0
    endloop
  endfacet
  facet normal -0.214332 0.976761 0
    outer loop
      vertex 21.3852 -8.60441 0
      vertex 21.3219 -8.6183 4
      vertex 21.3852 -8.60441 4
    endloop
  endfacet
  facet normal -0.214332 0.976761 0
    outer loop
      vertex 21.3219 -8.6183 4
      vertex 21.3852 -8.60441 0
      vertex 21.3219 -8.6183 0
    endloop
  endfacet
  facet normal 0.931302 0.364248 0
    outer loop
      vertex 19.4756 -7.63143 4
      vertex 19.452 -7.57109 0
      vertex 19.452 -7.57109 4
    endloop
  endfacet
  facet normal 0.931302 0.364248 0
    outer loop
      vertex 19.452 -7.57109 0
      vertex 19.4756 -7.63143 4
      vertex 19.4756 -7.63143 0
    endloop
  endfacet
  facet normal -0.252472 0.967604 0
    outer loop
      vertex 21.4479 -8.58805 0
      vertex 21.3852 -8.60441 4
      vertex 21.4479 -8.58805 4
    endloop
  endfacet
  facet normal -0.252472 0.967604 0
    outer loop
      vertex 21.3852 -8.60441 4
      vertex 21.4479 -8.58805 0
      vertex 21.3852 -8.60441 0
    endloop
  endfacet
  facet normal -0.747018 -0.664804 0
    outer loop
      vertex 22.2547 -5.92841 0
      vertex 22.2116 -5.87998 4
      vertex 22.2116 -5.87998 0
    endloop
  endfacet
  facet normal -0.747018 -0.664804 0
    outer loop
      vertex 22.2116 -5.87998 4
      vertex 22.2547 -5.92841 0
      vertex 22.2547 -5.92841 4
    endloop
  endfacet
  facet normal 0.956543 0.291591 0
    outer loop
      vertex 19.4308 -7.50988 4
      vertex 19.4119 -7.44788 0
      vertex 19.4119 -7.44788 4
    endloop
  endfacet
  facet normal 0.956543 0.291591 0
    outer loop
      vertex 19.4119 -7.44788 0
      vertex 19.4308 -7.50988 4
      vertex 19.4308 -7.50988 0
    endloop
  endfacet
  facet normal -0.505617 0.862758 0
    outer loop
      vertex 21.8621 -8.40686 0
      vertex 21.8062 -8.43962 4
      vertex 21.8621 -8.40686 4
    endloop
  endfacet
  facet normal -0.505617 0.862758 0
    outer loop
      vertex 21.8062 -8.43962 4
      vertex 21.8621 -8.40686 0
      vertex 21.8062 -8.43962 0
    endloop
  endfacet
  facet normal 0.976721 -0.214511 0
    outer loop
      vertex 19.3817 -6.6781 4
      vertex 19.3956 -6.61481 0
      vertex 19.3956 -6.61481 4
    endloop
  endfacet
  facet normal 0.976721 -0.214511 0
    outer loop
      vertex 19.3956 -6.61481 0
      vertex 19.3817 -6.6781 4
      vertex 19.3817 -6.6781 0
    endloop
  endfacet
  facet normal 0.984399 0.175951 0
    outer loop
      vertex 19.3817 -7.3219 4
      vertex 19.3703 -7.25812 0
      vertex 19.3703 -7.25812 4
    endloop
  endfacet
  facet normal 0.984399 0.175951 0
    outer loop
      vertex 19.3703 -7.25812 0
      vertex 19.3817 -7.3219 4
      vertex 19.3817 -7.3219 0
    endloop
  endfacet
  facet normal -0.944929 -0.327275 0
    outer loop
      vertex 22.5692 -6.49012 0
      vertex 22.548 -6.42891 4
      vertex 22.548 -6.42891 0
    endloop
  endfacet
  facet normal -0.944929 -0.327275 0
    outer loop
      vertex 22.548 -6.42891 4
      vertex 22.5692 -6.49012 0
      vertex 22.5692 -6.49012 4
    endloop
  endfacet
  facet normal 0.990521 -0.137358 0
    outer loop
      vertex 19.3614 -6.80606 4
      vertex 19.3703 -6.74188 0
      vertex 19.3703 -6.74188 4
    endloop
  endfacet
  facet normal 0.990521 -0.137358 0
    outer loop
      vertex 19.3703 -6.74188 0
      vertex 19.3614 -6.80606 4
      vertex 19.3614 -6.80606 0
    endloop
  endfacet
  facet normal 0.603302 -0.797513 0
    outer loop
      vertex 19.9785 -5.70423 0
      vertex 20.0302 -5.66512 4
      vertex 19.9785 -5.70423 4
    endloop
  endfacet
  facet normal 0.603302 -0.797513 0
    outer loop
      vertex 20.0302 -5.66512 4
      vertex 19.9785 -5.70423 0
      vertex 20.0302 -5.66512 0
    endloop
  endfacet
  facet normal -0.944929 0.327275 0
    outer loop
      vertex 22.548 -7.57109 0
      vertex 22.5692 -7.50988 4
      vertex 22.5692 -7.50988 0
    endloop
  endfacet
  facet normal -0.944929 0.327275 0
    outer loop
      vertex 22.5692 -7.50988 4
      vertex 22.548 -7.57109 0
      vertex 22.548 -7.57109 4
    endloop
  endfacet
  facet normal 0.505617 -0.862758 0
    outer loop
      vertex 20.1379 -5.59314 0
      vertex 20.1938 -5.56038 4
      vertex 20.1379 -5.59314 4
    endloop
  endfacet
  facet normal 0.505617 -0.862758 0
    outer loop
      vertex 20.1938 -5.56038 4
      vertex 20.1379 -5.59314 0
      vertex 20.1938 -5.56038 0
    endloop
  endfacet
  facet normal -0.29032 0.95693 0
    outer loop
      vertex 21.5099 -8.56924 0
      vertex 21.4479 -8.58805 4
      vertex 21.5099 -8.56924 4
    endloop
  endfacet
  facet normal -0.29032 0.95693 0
    outer loop
      vertex 21.4479 -8.58805 4
      vertex 21.5099 -8.56924 0
      vertex 21.4479 -8.58805 0
    endloop
  endfacet
  facet normal 0.47163 0.881797 -0
    outer loop
      vertex 20.2509 -8.47016 0
      vertex 20.1938 -8.43962 4
      vertex 20.2509 -8.47016 4
    endloop
  endfacet
  facet normal 0.47163 0.881797 0
    outer loop
      vertex 20.1938 -8.43962 4
      vertex 20.2509 -8.47016 0
      vertex 20.1938 -8.43962 0
    endloop
  endfacet
  facet normal 0.998279 -0.0586496 0
    outer loop
      vertex 19.3513 -6.93522 4
      vertex 19.3551 -6.87054 0
      vertex 19.3551 -6.87054 4
    endloop
  endfacet
  facet normal 0.998279 -0.0586496 0
    outer loop
      vertex 19.3551 -6.87054 0
      vertex 19.3513 -6.93522 4
      vertex 19.3513 -6.93522 0
    endloop
  endfacet
  facet normal -0.634246 0.773132 0
    outer loop
      vertex 22.0716 -8.25467 0
      vertex 22.0215 -8.29577 4
      vertex 22.0716 -8.25467 4
    endloop
  endfacet
  facet normal -0.634246 0.773132 0
    outer loop
      vertex 22.0215 -8.29577 4
      vertex 22.0716 -8.25467 0
      vertex 22.0215 -8.29577 0
    endloop
  endfacet
  facet normal 0.998279 0.0586496 0
    outer loop
      vertex 19.3551 -7.12946 4
      vertex 19.3513 -7.06478 0
      vertex 19.3513 -7.06478 4
    endloop
  endfacet
  facet normal 0.998279 0.0586496 0
    outer loop
      vertex 19.3513 -7.06478 0
      vertex 19.3551 -7.12946 4
      vertex 19.3551 -7.12946 0
    endloop
  endfacet
  facet normal -0.505617 -0.862758 0
    outer loop
      vertex 21.8062 -5.56038 0
      vertex 21.8621 -5.59314 4
      vertex 21.8062 -5.56038 4
    endloop
  endfacet
  facet normal -0.505617 -0.862758 -0
    outer loop
      vertex 21.8621 -5.59314 4
      vertex 21.8062 -5.56038 0
      vertex 21.8621 -5.59314 0
    endloop
  endfacet
  facet normal -0.5389 -0.842369 0
    outer loop
      vertex 21.8621 -5.59314 0
      vertex 21.9167 -5.62807 4
      vertex 21.8621 -5.59314 4
    endloop
  endfacet
  facet normal -0.5389 -0.842369 -0
    outer loop
      vertex 21.9167 -5.62807 4
      vertex 21.8621 -5.59314 0
      vertex 21.9167 -5.62807 0
    endloop
  endfacet
  facet normal -0.214332 -0.976761 0
    outer loop
      vertex 21.3219 -5.3817 0
      vertex 21.3852 -5.39559 4
      vertex 21.3219 -5.3817 4
    endloop
  endfacet
  facet normal -0.214332 -0.976761 -0
    outer loop
      vertex 21.3852 -5.39559 4
      vertex 21.3219 -5.3817 0
      vertex 21.3852 -5.39559 0
    endloop
  endfacet
  facet normal -0.019595 -0.999808 0
    outer loop
      vertex 21 -5.35 0
      vertex 21.0648 -5.35127 4
      vertex 21 -5.35 4
    endloop
  endfacet
  facet normal -0.019595 -0.999808 -0
    outer loop
      vertex 21.0648 -5.35127 4
      vertex 21 -5.35 0
      vertex 21.0648 -5.35127 0
    endloop
  endfacet
  facet normal 0.214332 0.976761 -0
    outer loop
      vertex 20.6781 -8.6183 0
      vertex 20.6148 -8.60441 4
      vertex 20.6781 -8.6183 4
    endloop
  endfacet
  facet normal 0.214332 0.976761 0
    outer loop
      vertex 20.6148 -8.60441 4
      vertex 20.6781 -8.6183 0
      vertex 20.6148 -8.60441 0
    endloop
  endfacet
  facet normal 0.252472 0.967604 -0
    outer loop
      vertex 20.6148 -8.60441 0
      vertex 20.5521 -8.58805 4
      vertex 20.6148 -8.60441 4
    endloop
  endfacet
  facet normal 0.252472 0.967604 0
    outer loop
      vertex 20.5521 -8.58805 4
      vertex 20.6148 -8.60441 0
      vertex 20.5521 -8.58805 0
    endloop
  endfacet
  facet normal 0.881583 -0.472029 0
    outer loop
      vertex 19.5298 -6.25092 4
      vertex 19.5604 -6.19377 0
      vertex 19.5604 -6.19377 4
    endloop
  endfacet
  facet normal 0.881583 -0.472029 0
    outer loop
      vertex 19.5604 -6.19377 0
      vertex 19.5298 -6.25092 4
      vertex 19.5298 -6.25092 0
    endloop
  endfacet
  facet normal -0.915987 0.401207 0
    outer loop
      vertex 22.4984 -7.69079 0
      vertex 22.5244 -7.63143 4
      vertex 22.5244 -7.63143 0
    endloop
  endfacet
  facet normal -0.915987 0.401207 0
    outer loop
      vertex 22.5244 -7.63143 4
      vertex 22.4984 -7.69079 0
      vertex 22.4984 -7.69079 4
    endloop
  endfacet
  facet normal 0.29032 -0.95693 0
    outer loop
      vertex 20.4901 -5.43076 0
      vertex 20.5521 -5.41195 4
      vertex 20.4901 -5.43076 4
    endloop
  endfacet
  facet normal 0.29032 -0.95693 0
    outer loop
      vertex 20.5521 -5.41195 4
      vertex 20.4901 -5.43076 0
      vertex 20.5521 -5.41195 0
    endloop
  endfacet
  facet normal 0.572218 -0.820102 0
    outer loop
      vertex 20.0302 -5.66512 0
      vertex 20.0833 -5.62807 4
      vertex 20.0302 -5.66512 4
    endloop
  endfacet
  facet normal 0.572218 -0.820102 0
    outer loop
      vertex 20.0833 -5.62807 4
      vertex 20.0302 -5.66512 0
      vertex 20.0833 -5.62807 0
    endloop
  endfacet
  facet normal -0.900189 0.4355 0
    outer loop
      vertex 22.4702 -7.74908 0
      vertex 22.4984 -7.69079 4
      vertex 22.4984 -7.69079 0
    endloop
  endfacet
  facet normal -0.900189 0.4355 0
    outer loop
      vertex 22.4984 -7.69079 4
      vertex 22.4702 -7.74908 0
      vertex 22.4702 -7.74908 4
    endloop
  endfacet
  facet normal 0.995261 0.0972417 0
    outer loop
      vertex 19.3614 -7.19394 4
      vertex 19.3551 -7.12946 0
      vertex 19.3551 -7.12946 4
    endloop
  endfacet
  facet normal 0.995261 0.0972417 0
    outer loop
      vertex 19.3551 -7.12946 0
      vertex 19.3614 -7.19394 4
      vertex 19.3614 -7.19394 0
    endloop
  endfacet
  facet normal 0.252472 -0.967604 0
    outer loop
      vertex 20.5521 -5.41195 0
      vertex 20.6148 -5.39559 4
      vertex 20.5521 -5.41195 4
    endloop
  endfacet
  facet normal 0.252472 -0.967604 0
    outer loop
      vertex 20.6148 -5.39559 4
      vertex 20.5521 -5.41195 0
      vertex 20.6148 -5.39559 0
    endloop
  endfacet
  facet normal -0.29032 -0.95693 0
    outer loop
      vertex 21.4479 -5.41195 0
      vertex 21.5099 -5.43076 4
      vertex 21.4479 -5.41195 4
    endloop
  endfacet
  facet normal -0.29032 -0.95693 -0
    outer loop
      vertex 21.5099 -5.43076 4
      vertex 21.4479 -5.41195 0
      vertex 21.5099 -5.43076 0
    endloop
  endfacet
  facet normal 0.364725 0.931115 -0
    outer loop
      vertex 20.4289 -8.54802 0
      vertex 20.3686 -8.5244 4
      vertex 20.4289 -8.54802 4
    endloop
  endfacet
  facet normal 0.364725 0.931115 0
    outer loop
      vertex 20.3686 -8.5244 4
      vertex 20.4289 -8.54802 0
      vertex 20.3686 -8.5244 0
    endloop
  endfacet
  facet normal 0.881549 0.472093 0
    outer loop
      vertex 19.5604 -7.80622 4
      vertex 19.5298 -7.74908 0
      vertex 19.5298 -7.74908 4
    endloop
  endfacet
  facet normal 0.881549 0.472093 0
    outer loop
      vertex 19.5298 -7.74908 0
      vertex 19.5604 -7.80622 4
      vertex 19.5604 -7.80622 0
    endloop
  endfacet
  facet normal 0.841744 -0.539876 0
    outer loop
      vertex 19.5931 -6.13788 4
      vertex 19.6281 -6.08331 0
      vertex 19.6281 -6.08331 4
    endloop
  endfacet
  facet normal 0.841744 -0.539876 0
    outer loop
      vertex 19.6281 -6.08331 0
      vertex 19.5931 -6.13788 4
      vertex 19.5931 -6.13788 0
    endloop
  endfacet
  facet normal -0.47163 -0.881797 0
    outer loop
      vertex 21.7491 -5.52984 0
      vertex 21.8062 -5.56038 4
      vertex 21.7491 -5.52984 4
    endloop
  endfacet
  facet normal -0.47163 -0.881797 -0
    outer loop
      vertex 21.8062 -5.56038 4
      vertex 21.7491 -5.52984 0
      vertex 21.8062 -5.56038 0
    endloop
  endfacet
  facet normal 0.96783 0.251605 0
    outer loop
      vertex 19.4119 -7.44788 4
      vertex 19.3956 -7.38518 0
      vertex 19.3956 -7.38518 4
    endloop
  endfacet
  facet normal 0.96783 0.251605 0
    outer loop
      vertex 19.3956 -7.38518 0
      vertex 19.4119 -7.44788 4
      vertex 19.4119 -7.44788 0
    endloop
  endfacet
  facet normal 0.976714 0.214544 0
    outer loop
      vertex 19.3956 -7.38518 4
      vertex 19.3817 -7.3219 0
      vertex 19.3817 -7.3219 4
    endloop
  endfacet
  facet normal 0.976714 0.214544 0
    outer loop
      vertex 19.3817 -7.3219 0
      vertex 19.3956 -7.38518 4
      vertex 19.3956 -7.38518 0
    endloop
  endfacet
  facet normal -0.693078 0.720863 0
    outer loop
      vertex 22.1667 -8.16673 0
      vertex 22.12 -8.21163 4
      vertex 22.1667 -8.16673 4
    endloop
  endfacet
  facet normal -0.693078 0.720863 0
    outer loop
      vertex 22.12 -8.21163 4
      vertex 22.1667 -8.16673 0
      vertex 22.12 -8.21163 0
    endloop
  endfacet
  facet normal -0.797362 0.603501 0
    outer loop
      vertex 22.2958 -8.0215 0
      vertex 22.3349 -7.96984 4
      vertex 22.3349 -7.96984 0
    endloop
  endfacet
  facet normal -0.797362 0.603501 0
    outer loop
      vertex 22.3349 -7.96984 4
      vertex 22.2958 -8.0215 0
      vertex 22.2958 -8.0215 4
    endloop
  endfacet
  facet normal -0.0981266 0.995174 0
    outer loop
      vertex 21.1939 -8.63856 0
      vertex 21.1295 -8.64491 4
      vertex 21.1939 -8.63856 4
    endloop
  endfacet
  facet normal -0.0981266 0.995174 0
    outer loop
      vertex 21.1295 -8.64491 4
      vertex 21.1939 -8.63856 0
      vertex 21.1295 -8.64491 0
    endloop
  endfacet
  facet normal -0.43644 0.899733 0
    outer loop
      vertex 21.7491 -8.47016 0
      vertex 21.6908 -8.49844 4
      vertex 21.7491 -8.47016 4
    endloop
  endfacet
  facet normal -0.43644 0.899733 0
    outer loop
      vertex 21.6908 -8.49844 4
      vertex 21.7491 -8.47016 0
      vertex 21.6908 -8.49844 0
    endloop
  endfacet
  facet normal -0.0981266 -0.995174 0
    outer loop
      vertex 21.1295 -5.35509 0
      vertex 21.1939 -5.36144 4
      vertex 21.1295 -5.35509 4
    endloop
  endfacet
  facet normal -0.0981266 -0.995174 -0
    outer loop
      vertex 21.1939 -5.36144 4
      vertex 21.1295 -5.35509 0
      vertex 21.1939 -5.36144 0
    endloop
  endfacet
  facet normal -0.0589391 -0.998262 0
    outer loop
      vertex 21.0648 -5.35127 0
      vertex 21.1295 -5.35509 4
      vertex 21.0648 -5.35127 4
    endloop
  endfacet
  facet normal -0.0589391 -0.998262 -0
    outer loop
      vertex 21.1295 -5.35509 4
      vertex 21.0648 -5.35127 0
      vertex 21.1295 -5.35509 0
    endloop
  endfacet
  facet normal 0.944929 -0.327275 0
    outer loop
      vertex 19.4308 -6.49012 4
      vertex 19.452 -6.42891 0
      vertex 19.452 -6.42891 4
    endloop
  endfacet
  facet normal 0.944929 -0.327275 0
    outer loop
      vertex 19.452 -6.42891 0
      vertex 19.4308 -6.49012 4
      vertex 19.4308 -6.49012 0
    endloop
  endfacet
  facet normal -0.327598 0.944817 0
    outer loop
      vertex 21.5711 -8.54802 0
      vertex 21.5099 -8.56924 4
      vertex 21.5711 -8.54802 4
    endloop
  endfacet
  facet normal -0.327598 0.944817 0
    outer loop
      vertex 21.5099 -8.56924 4
      vertex 21.5711 -8.54802 0
      vertex 21.5099 -8.56924 0
    endloop
  endfacet
  facet normal 0.820767 -0.571264 0
    outer loop
      vertex 19.6281 -6.08331 4
      vertex 19.6651 -6.03015 0
      vertex 19.6651 -6.03015 4
    endloop
  endfacet
  facet normal 0.820767 -0.571264 0
    outer loop
      vertex 19.6651 -6.03015 0
      vertex 19.6281 -6.08331 4
      vertex 19.6281 -6.08331 0
    endloop
  endfacet
  facet normal 0.43644 -0.899733 0
    outer loop
      vertex 20.2509 -5.52984 0
      vertex 20.3092 -5.50156 4
      vertex 20.2509 -5.52984 4
    endloop
  endfacet
  facet normal 0.43644 -0.899733 0
    outer loop
      vertex 20.3092 -5.50156 4
      vertex 20.2509 -5.52984 0
      vertex 20.3092 -5.50156 0
    endloop
  endfacet
  facet normal 0.603302 0.797513 -0
    outer loop
      vertex 20.0302 -8.33488 0
      vertex 19.9785 -8.29577 4
      vertex 20.0302 -8.33488 4
    endloop
  endfacet
  facet normal 0.603302 0.797513 0
    outer loop
      vertex 19.9785 -8.29577 4
      vertex 20.0302 -8.33488 0
      vertex 19.9785 -8.29577 0
    endloop
  endfacet
  facet normal 0.572114 0.820174 -0
    outer loop
      vertex 20.0833 -8.37192 0
      vertex 20.0302 -8.33488 4
      vertex 20.0833 -8.37192 4
    endloop
  endfacet
  facet normal 0.572114 0.820174 0
    outer loop
      vertex 20.0302 -8.33488 4
      vertex 20.0833 -8.37192 0
      vertex 20.0302 -8.33488 0
    endloop
  endfacet
  facet normal 0.53901 0.842299 -0
    outer loop
      vertex 20.1379 -8.40686 0
      vertex 20.0833 -8.37192 4
      vertex 20.1379 -8.40686 4
    endloop
  endfacet
  facet normal 0.53901 0.842299 0
    outer loop
      vertex 20.0833 -8.37192 4
      vertex 20.1379 -8.40686 0
      vertex 20.0833 -8.37192 0
    endloop
  endfacet
  facet normal 0.863123 -0.504994 0
    outer loop
      vertex 19.5604 -6.19377 4
      vertex 19.5931 -6.13788 0
      vertex 19.5931 -6.13788 4
    endloop
  endfacet
  facet normal 0.863123 -0.504994 0
    outer loop
      vertex 19.5931 -6.13788 0
      vertex 19.5604 -6.19377 4
      vertex 19.5604 -6.19377 0
    endloop
  endfacet
  facet normal 0.915987 -0.401207 0
    outer loop
      vertex 19.4756 -6.36857 4
      vertex 19.5016 -6.30921 0
      vertex 19.5016 -6.30921 4
    endloop
  endfacet
  facet normal 0.915987 -0.401207 0
    outer loop
      vertex 19.5016 -6.30921 0
      vertex 19.4756 -6.36857 4
      vertex 19.4756 -6.36857 0
    endloop
  endfacet
  facet normal 0.400463 0.916313 -0
    outer loop
      vertex 20.3686 -8.5244 0
      vertex 20.3092 -8.49844 4
      vertex 20.3686 -8.5244 4
    endloop
  endfacet
  facet normal 0.400463 0.916313 0
    outer loop
      vertex 20.3092 -8.49844 4
      vertex 20.3686 -8.5244 0
      vertex 20.3092 -8.49844 0
    endloop
  endfacet
  facet normal 0.634246 0.773132 -0
    outer loop
      vertex 19.9785 -8.29577 0
      vertex 19.9284 -8.25467 4
      vertex 19.9785 -8.29577 4
    endloop
  endfacet
  facet normal 0.634246 0.773132 0
    outer loop
      vertex 19.9284 -8.25467 4
      vertex 19.9785 -8.29577 0
      vertex 19.9284 -8.25467 0
    endloop
  endfacet
  facet normal 0.900189 0.4355 0
    outer loop
      vertex 19.5298 -7.74908 4
      vertex 19.5016 -7.69079 0
      vertex 19.5016 -7.69079 4
    endloop
  endfacet
  facet normal 0.900189 0.4355 0
    outer loop
      vertex 19.5016 -7.69079 0
      vertex 19.5298 -7.74908 4
      vertex 19.5298 -7.74908 0
    endloop
  endfacet
  facet normal -0.900016 0.435857 0
    outer loop
      vertex 24.401 -2.2043 2.8
      vertex 24.4087 -2.1884 4
      vertex 24.4087 -2.1884 2.8
    endloop
  endfacet
  facet normal -0.900016 0.435857 0
    outer loop
      vertex 24.4087 -2.1884 4
      vertex 24.401 -2.2043 2.8
      vertex 24.401 -2.2043 4
    endloop
  endfacet
  facet normal -0.252376 -0.967629 0
    outer loop
      vertex 24.105 -1.56243 2.8
      vertex 24.1221 -1.56689 4
      vertex 24.105 -1.56243 4
    endloop
  endfacet
  facet normal -0.252376 -0.967629 -0
    outer loop
      vertex 24.1221 -1.56689 4
      vertex 24.105 -1.56243 2.8
      vertex 24.1221 -1.56689 2.8
    endloop
  endfacet
  facet normal 0.506549 -0.862211 0
    outer loop
      vertex 23.7649 -1.61631 2.8
      vertex 23.7801 -1.60738 4
      vertex 23.7649 -1.61631 4
    endloop
  endfacet
  facet normal 0.506549 -0.862211 0
    outer loop
      vertex 23.7801 -1.60738 4
      vertex 23.7649 -1.61631 2.8
      vertex 23.7801 -1.60738 2.8
    endloop
  endfacet
  facet normal -0.693947 0.720026 0
    outer loop
      vertex 24.3182 -2.3182 2.8
      vertex 24.3055 -2.33044 4
      vertex 24.3182 -2.3182 4
    endloop
  endfacet
  facet normal -0.693947 0.720026 0
    outer loop
      vertex 24.3055 -2.33044 4
      vertex 24.3182 -2.3182 2.8
      vertex 24.3055 -2.33044 2.8
    endloop
  endfacet
  facet normal -0.722248 0.691634 0
    outer loop
      vertex 24.3182 -2.3182 2.8
      vertex 24.3304 -2.30546 4
      vertex 24.3304 -2.30546 2.8
    endloop
  endfacet
  facet normal -0.722248 0.691634 0
    outer loop
      vertex 24.3304 -2.30546 4
      vertex 24.3182 -2.3182 2.8
      vertex 24.3182 -2.3182 4
    endloop
  endfacet
  facet normal 0.773301 -0.634039 0
    outer loop
      vertex 23.6466 -1.72141 4
      vertex 23.6578 -1.70775 2.8
      vertex 23.6578 -1.70775 4
    endloop
  endfacet
  facet normal 0.773301 -0.634039 0
    outer loop
      vertex 23.6578 -1.70775 2.8
      vertex 23.6466 -1.72141 4
      vertex 23.6466 -1.72141 2.8
    endloop
  endfacet
  facet normal 0.365512 -0.930807 0
    outer loop
      vertex 23.8278 -1.58425 2.8
      vertex 23.8442 -1.57781 4
      vertex 23.8278 -1.58425 4
    endloop
  endfacet
  facet normal 0.365512 -0.930807 0
    outer loop
      vertex 23.8442 -1.57781 4
      vertex 23.8278 -1.58425 2.8
      vertex 23.8442 -1.57781 2.8
    endloop
  endfacet
  facet normal 0 0 1
    outer loop
      vertex 24.4497 -1.98233 2.8
      vertex 24.4497 -2.01767 2.8
      vertex 24.45 -2 2.8
    endloop
  endfacet
  facet normal 0 0 1
    outer loop
      vertex 24.4486 -1.96469 2.8
      vertex 24.4497 -2.01767 2.8
      vertex 24.4497 -1.98233 2.8
    endloop
  endfacet
  facet normal 0 0 1
    outer loop
      vertex 24.4486 -1.96469 2.8
      vertex 24.4486 -2.03531 2.8
      vertex 24.4497 -2.01767 2.8
    endloop
  endfacet
  facet normal 0 0 1
    outer loop
      vertex 24.4469 -1.94711 2.8
      vertex 24.4486 -2.03531 2.8
      vertex 24.4486 -1.96469 2.8
    endloop
  endfacet
  facet normal 0 0 1
    outer loop
      vertex 24.4469 -1.94711 2.8
      vertex 24.4469 -2.05289 2.8
      vertex 24.4486 -2.03531 2.8
    endloop
  endfacet
  facet normal 0 0 1
    outer loop
      vertex 24.4445 -1.9296 2.8
      vertex 24.4469 -2.05289 2.8
      vertex 24.4469 -1.94711 2.8
    endloop
  endfacet
  facet normal 0 0 1
    outer loop
      vertex 24.4445 -1.9296 2.8
      vertex 24.4445 -2.0704 2.8
      vertex 24.4469 -2.05289 2.8
    endloop
  endfacet
  facet normal 0 0 1
    outer loop
      vertex 24.4414 -1.91221 2.8
      vertex 24.4445 -2.0704 2.8
      vertex 24.4445 -1.9296 2.8
    endloop
  endfacet
  facet normal 0 0 1
    outer loop
      vertex 24.4414 -1.91221 2.8
      vertex 24.4414 -2.08779 2.8
      vertex 24.4445 -2.0704 2.8
    endloop
  endfacet
  facet normal 0 0 1
    outer loop
      vertex 24.4376 -1.89495 2.8
      vertex 24.4414 -2.08779 2.8
      vertex 24.4414 -1.91221 2.8
    endloop
  endfacet
  facet normal 0 0 1
    outer loop
      vertex 24.4376 -1.89495 2.8
      vertex 24.4376 -2.10505 2.8
      vertex 24.4414 -2.08779 2.8
    endloop
  endfacet
  facet normal 0 0 1
    outer loop
      vertex 24.4331 -1.87785 2.8
      vertex 24.4376 -2.10505 2.8
      vertex 24.4376 -1.89495 2.8
    endloop
  endfacet
  facet normal 0 0 1
    outer loop
      vertex 24.4331 -1.87785 2.8
      vertex 24.4331 -2.12215 2.8
      vertex 24.4376 -2.10505 2.8
    endloop
  endfacet
  facet normal 0 0 1
    outer loop
      vertex 24.428 -1.86094 2.8
      vertex 24.4331 -2.12215 2.8
      vertex 24.4331 -1.87785 2.8
    endloop
  endfacet
  facet normal 0 0 1
    outer loop
      vertex 24.428 -1.86094 2.8
      vertex 24.428 -2.13906 2.8
      vertex 24.4331 -2.12215 2.8
    endloop
  endfacet
  facet normal 0 0 1
    outer loop
      vertex 24.4222 -1.84425 2.8
      vertex 24.428 -2.13906 2.8
      vertex 24.428 -1.86094 2.8
    endloop
  endfacet
  facet normal 0 0 1
    outer loop
      vertex 24.4222 -1.84425 2.8
      vertex 24.4222 -2.15575 2.8
      vertex 24.428 -2.13906 2.8
    endloop
  endfacet
  facet normal 0 0 1
    outer loop
      vertex 24.4157 -1.82779 2.8
      vertex 24.4222 -2.15575 2.8
      vertex 24.4222 -1.84425 2.8
    endloop
  endfacet
  facet normal 0 0 1
    outer loop
      vertex 24.4157 -1.82779 2.8
      vertex 24.4157 -2.17221 2.8
      vertex 24.4222 -2.15575 2.8
    endloop
  endfacet
  facet normal 0 0 1
    outer loop
      vertex 24.4087 -1.8116 2.8
      vertex 24.4157 -2.17221 2.8
      vertex 24.4157 -1.82779 2.8
    endloop
  endfacet
  facet normal 0 0 1
    outer loop
      vertex 24.4087 -1.8116 2.8
      vertex 24.4087 -2.1884 2.8
      vertex 24.4157 -2.17221 2.8
    endloop
  endfacet
  facet normal 0 0 1
    outer loop
      vertex 24.401 -1.7957 2.8
      vertex 24.4087 -2.1884 2.8
      vertex 24.4087 -1.8116 2.8
    endloop
  endfacet
  facet normal 0 0 1
    outer loop
      vertex 24.401 -1.7957 2.8
      vertex 24.401 -2.2043 2.8
      vertex 24.4087 -2.1884 2.8
    endloop
  endfacet
  facet normal 0 0 1
    outer loop
      vertex 24.3926 -1.78012 2.8
      vertex 24.401 -2.2043 2.8
      vertex 24.401 -1.7957 2.8
    endloop
  endfacet
  facet normal 0 0 1
    outer loop
      vertex 24.3926 -1.78012 2.8
      vertex 24.3926 -2.21988 2.8
      vertex 24.401 -2.2043 2.8
    endloop
  endfacet
  facet normal 0 0 1
    outer loop
      vertex 24.3837 -1.76488 2.8
      vertex 24.3926 -2.21988 2.8
      vertex 24.3926 -1.78012 2.8
    endloop
  endfacet
  facet normal 0 0 1
    outer loop
      vertex 24.3837 -1.76488 2.8
      vertex 24.3837 -2.23512 2.8
      vertex 24.3926 -2.21988 2.8
    endloop
  endfacet
  facet normal 0 0 1
    outer loop
      vertex 24.3742 -1.74999 2.8
      vertex 24.3837 -2.23512 2.8
      vertex 24.3837 -1.76488 2.8
    endloop
  endfacet
  facet normal 0 0 1
    outer loop
      vertex 24.3742 -1.74999 2.8
      vertex 24.3742 -2.25001 2.8
      vertex 24.3837 -2.23512 2.8
    endloop
  endfacet
  facet normal 0 0 1
    outer loop
      vertex 24.3641 -1.7355 2.8
      vertex 24.3742 -2.25001 2.8
      vertex 24.3742 -1.74999 2.8
    endloop
  endfacet
  facet normal 0 0 1
    outer loop
      vertex 24.3641 -1.7355 2.8
      vertex 24.3641 -2.2645 2.8
      vertex 24.3742 -2.25001 2.8
    endloop
  endfacet
  facet normal 0 0 1
    outer loop
      vertex 24.3534 -1.72141 2.8
      vertex 24.3641 -2.2645 2.8
      vertex 24.3641 -1.7355 2.8
    endloop
  endfacet
  facet normal 0 0 1
    outer loop
      vertex 24.3534 -1.72141 2.8
      vertex 24.3534 -2.27859 2.8
      vertex 24.3641 -2.2645 2.8
    endloop
  endfacet
  facet normal 0 0 1
    outer loop
      vertex 24.3422 -1.70775 2.8
      vertex 24.3534 -2.27859 2.8
      vertex 24.3534 -1.72141 2.8
    endloop
  endfacet
  facet normal 0 0 1
    outer loop
      vertex 24.3422 -1.70775 2.8
      vertex 24.3422 -2.29225 2.8
      vertex 24.3534 -2.27859 2.8
    endloop
  endfacet
  facet normal 0 0 1
    outer loop
      vertex 24.3304 -1.69454 2.8
      vertex 24.3422 -2.29225 2.8
      vertex 24.3422 -1.70775 2.8
    endloop
  endfacet
  facet normal 0 0 1
    outer loop
      vertex 24.3304 -1.69454 2.8
      vertex 24.3304 -2.30546 2.8
      vertex 24.3422 -2.29225 2.8
    endloop
  endfacet
  facet normal 0 0 1
    outer loop
      vertex 24.3182 -1.6818 2.8
      vertex 24.3304 -2.30546 2.8
      vertex 24.3304 -1.69454 2.8
    endloop
  endfacet
  facet normal 0 0 1
    outer loop
      vertex 24.3182 -1.6818 2.8
      vertex 24.3182 -2.3182 2.8
      vertex 24.3304 -2.30546 2.8
    endloop
  endfacet
  facet normal 0 0 1
    outer loop
      vertex 24.3055 -1.66955 2.8
      vertex 24.3182 -2.3182 2.8
      vertex 24.3182 -1.6818 2.8
    endloop
  endfacet
  facet normal 0 0 1
    outer loop
      vertex 24.3055 -1.66955 2.8
      vertex 24.3055 -2.33044 2.8
      vertex 24.3182 -2.3182 2.8
    endloop
  endfacet
  facet normal 0 0 1
    outer loop
      vertex 24.2923 -1.65782 2.8
      vertex 24.3055 -2.33044 2.8
      vertex 24.3055 -1.66955 2.8
    endloop
  endfacet
  facet normal 0 0 1
    outer loop
      vertex 24.2923 -1.65782 2.8
      vertex 24.2923 -2.34218 2.8
      vertex 24.3055 -2.33044 2.8
    endloop
  endfacet
  facet normal 0 0 1
    outer loop
      vertex 24.2786 -1.64661 2.8
      vertex 24.2923 -2.34218 2.8
      vertex 24.2923 -1.65782 2.8
    endloop
  endfacet
  facet normal 0 0 1
    outer loop
      vertex 24.2786 -1.64661 2.8
      vertex 24.2786 -2.35339 2.8
      vertex 24.2923 -2.34218 2.8
    endloop
  endfacet
  facet normal 0 0 1
    outer loop
      vertex 24.2645 -1.63594 2.8
      vertex 24.2786 -2.35339 2.8
      vertex 24.2786 -1.64661 2.8
    endloop
  endfacet
  facet normal 0 0 1
    outer loop
      vertex 24.2645 -1.63594 2.8
      vertex 24.2645 -2.36406 2.8
      vertex 24.2786 -2.35339 2.8
    endloop
  endfacet
  facet normal 0 0 1
    outer loop
      vertex 24.25 -1.62584 2.8
      vertex 24.2645 -2.36406 2.8
      vertex 24.2645 -1.63594 2.8
    endloop
  endfacet
  facet normal 0 0 1
    outer loop
      vertex 24.25 -1.62584 2.8
      vertex 24.25 -2.37416 2.8
      vertex 24.2645 -2.36406 2.8
    endloop
  endfacet
  facet normal 0 0 1
    outer loop
      vertex 24.2351 -1.61631 2.8
      vertex 24.25 -2.37416 2.8
      vertex 24.25 -1.62584 2.8
    endloop
  endfacet
  facet normal 0 0 1
    outer loop
      vertex 24.2351 -1.61631 2.8
      vertex 24.2351 -2.38369 2.8
      vertex 24.25 -2.37416 2.8
    endloop
  endfacet
  facet normal 0 0 1
    outer loop
      vertex 24.2199 -1.60738 2.8
      vertex 24.2351 -2.38369 2.8
      vertex 24.2351 -1.61631 2.8
    endloop
  endfacet
  facet normal 0 0 1
    outer loop
      vertex 24.2199 -1.60738 2.8
      vertex 24.2199 -2.39262 2.8
      vertex 24.2351 -2.38369 2.8
    endloop
  endfacet
  facet normal 0 0 1
    outer loop
      vertex 24.2043 -1.59905 2.8
      vertex 24.2199 -2.39262 2.8
      vertex 24.2199 -1.60738 2.8
    endloop
  endfacet
  facet normal 0 0 1
    outer loop
      vertex 24.2043 -1.59905 2.8
      vertex 24.2043 -2.40095 2.8
      vertex 24.2199 -2.39262 2.8
    endloop
  endfacet
  facet normal 0 0 1
    outer loop
      vertex 24.1884 -1.59134 2.8
      vertex 24.2043 -2.40095 2.8
      vertex 24.2043 -1.59905 2.8
    endloop
  endfacet
  facet normal 0 0 1
    outer loop
      vertex 24.1884 -1.59134 2.8
      vertex 24.1884 -2.40866 2.8
      vertex 24.2043 -2.40095 2.8
    endloop
  endfacet
  facet normal 0 0 1
    outer loop
      vertex 24.1722 -1.58425 2.8
      vertex 24.1884 -2.40866 2.8
      vertex 24.1884 -1.59134 2.8
    endloop
  endfacet
  facet normal 0 0 1
    outer loop
      vertex 24.1722 -1.58425 2.8
      vertex 24.1722 -2.41575 2.8
      vertex 24.1884 -2.40866 2.8
    endloop
  endfacet
  facet normal 0 0 1
    outer loop
      vertex 24.1558 -1.57781 2.8
      vertex 24.1722 -2.41575 2.8
      vertex 24.1722 -1.58425 2.8
    endloop
  endfacet
  facet normal 0 0 1
    outer loop
      vertex 24.1558 -1.57781 2.8
      vertex 24.1558 -2.42219 2.8
      vertex 24.1722 -2.41575 2.8
    endloop
  endfacet
  facet normal 0 0 1
    outer loop
      vertex 24.1391 -1.57202 2.8
      vertex 24.1558 -2.42219 2.8
      vertex 24.1558 -1.57781 2.8
    endloop
  endfacet
  facet normal 0 0 1
    outer loop
      vertex 24.1391 -1.57202 2.8
      vertex 24.1391 -2.42797 2.8
      vertex 24.1558 -2.42219 2.8
    endloop
  endfacet
  facet normal 0 0 1
    outer loop
      vertex 24.1221 -1.56689 2.8
      vertex 24.1391 -2.42797 2.8
      vertex 24.1391 -1.57202 2.8
    endloop
  endfacet
  facet normal 0 0 1
    outer loop
      vertex 24.1221 -1.56689 2.8
      vertex 24.1221 -2.4331 2.8
      vertex 24.1391 -2.42797 2.8
    endloop
  endfacet
  facet normal 0 0 1
    outer loop
      vertex 24.105 -1.56243 2.8
      vertex 24.1221 -2.4331 2.8
      vertex 24.1221 -1.56689 2.8
    endloop
  endfacet
  facet normal 0 0 1
    outer loop
      vertex 24.105 -1.56243 2.8
      vertex 24.105 -2.43757 2.8
      vertex 24.1221 -2.4331 2.8
    endloop
  endfacet
  facet normal 0 0 1
    outer loop
      vertex 24.0878 -1.55865 2.8
      vertex 24.105 -2.43757 2.8
      vertex 24.105 -1.56243 2.8
    endloop
  endfacet
  facet normal 0 0 1
    outer loop
      vertex 24.0878 -1.55865 2.8
      vertex 24.0878 -2.44135 2.8
      vertex 24.105 -2.43757 2.8
    endloop
  endfacet
  facet normal 0 0 1
    outer loop
      vertex 24.0704 -1.55554 2.8
      vertex 24.0878 -2.44135 2.8
      vertex 24.0878 -1.55865 2.8
    endloop
  endfacet
  facet normal 0 0 1
    outer loop
      vertex 24.0704 -1.55554 2.8
      vertex 24.0704 -2.44446 2.8
      vertex 24.0878 -2.44135 2.8
    endloop
  endfacet
  facet normal 0 0 1
    outer loop
      vertex 24.0529 -1.55312 2.8
      vertex 24.0704 -2.44446 2.8
      vertex 24.0704 -1.55554 2.8
    endloop
  endfacet
  facet normal 0 0 1
    outer loop
      vertex 24.0529 -1.55312 2.8
      vertex 24.0529 -2.44688 2.8
      vertex 24.0704 -2.44446 2.8
    endloop
  endfacet
  facet normal 0 0 1
    outer loop
      vertex 24.0353 -1.55139 2.8
      vertex 24.0529 -2.44688 2.8
      vertex 24.0529 -1.55312 2.8
    endloop
  endfacet
  facet normal 0 0 1
    outer loop
      vertex 24.0353 -1.55139 2.8
      vertex 24.0353 -2.44861 2.8
      vertex 24.0529 -2.44688 2.8
    endloop
  endfacet
  facet normal 0 0 1
    outer loop
      vertex 24.0177 -1.55035 2.8
      vertex 24.0353 -2.44861 2.8
      vertex 24.0353 -1.55139 2.8
    endloop
  endfacet
  facet normal 0 0 1
    outer loop
      vertex 24.0177 -1.55035 2.8
      vertex 24.0177 -2.44965 2.8
      vertex 24.0353 -2.44861 2.8
    endloop
  endfacet
  facet normal 0 0 1
    outer loop
      vertex 24 -1.55 2.8
      vertex 24.0177 -2.44965 2.8
      vertex 24.0177 -1.55035 2.8
    endloop
  endfacet
  facet normal 0 0 1
    outer loop
      vertex 24 -1.55 2.8
      vertex 24 -2.45 2.8
      vertex 24.0177 -2.44965 2.8
    endloop
  endfacet
  facet normal -0 0 1
    outer loop
      vertex 23.9823 -1.55035 2.8
      vertex 24 -2.45 2.8
      vertex 24 -1.55 2.8
    endloop
  endfacet
  facet normal 0 0 1
    outer loop
      vertex 23.9823 -1.55035 2.8
      vertex 23.9823 -2.44965 2.8
      vertex 24 -2.45 2.8
    endloop
  endfacet
  facet normal -0 0 1
    outer loop
      vertex 23.9647 -1.55139 2.8
      vertex 23.9823 -2.44965 2.8
      vertex 23.9823 -1.55035 2.8
    endloop
  endfacet
  facet normal 0 0 1
    outer loop
      vertex 23.9647 -1.55139 2.8
      vertex 23.9647 -2.44861 2.8
      vertex 23.9823 -2.44965 2.8
    endloop
  endfacet
  facet normal -0 0 1
    outer loop
      vertex 23.9471 -1.55312 2.8
      vertex 23.9647 -2.44861 2.8
      vertex 23.9647 -1.55139 2.8
    endloop
  endfacet
  facet normal 0 0 1
    outer loop
      vertex 23.9471 -1.55312 2.8
      vertex 23.9471 -2.44688 2.8
      vertex 23.9647 -2.44861 2.8
    endloop
  endfacet
  facet normal -0 0 1
    outer loop
      vertex 23.9296 -1.55554 2.8
      vertex 23.9471 -2.44688 2.8
      vertex 23.9471 -1.55312 2.8
    endloop
  endfacet
  facet normal 0 0 1
    outer loop
      vertex 23.9296 -1.55554 2.8
      vertex 23.9296 -2.44446 2.8
      vertex 23.9471 -2.44688 2.8
    endloop
  endfacet
  facet normal -0 0 1
    outer loop
      vertex 23.9122 -1.55865 2.8
      vertex 23.9296 -2.44446 2.8
      vertex 23.9296 -1.55554 2.8
    endloop
  endfacet
  facet normal 0 0 1
    outer loop
      vertex 23.9122 -1.55865 2.8
      vertex 23.9122 -2.44135 2.8
      vertex 23.9296 -2.44446 2.8
    endloop
  endfacet
  facet normal -0 0 1
    outer loop
      vertex 23.8949 -1.56243 2.8
      vertex 23.9122 -2.44135 2.8
      vertex 23.9122 -1.55865 2.8
    endloop
  endfacet
  facet normal 0 0 1
    outer loop
      vertex 23.8949 -1.56243 2.8
      vertex 23.8949 -2.43757 2.8
      vertex 23.9122 -2.44135 2.8
    endloop
  endfacet
  facet normal -0 0 1
    outer loop
      vertex 23.8779 -1.56689 2.8
      vertex 23.8949 -2.43757 2.8
      vertex 23.8949 -1.56243 2.8
    endloop
  endfacet
  facet normal 0 0 1
    outer loop
      vertex 23.8779 -1.56689 2.8
      vertex 23.8779 -2.4331 2.8
      vertex 23.8949 -2.43757 2.8
    endloop
  endfacet
  facet normal -0 0 1
    outer loop
      vertex 23.8609 -1.57202 2.8
      vertex 23.8779 -2.4331 2.8
      vertex 23.8779 -1.56689 2.8
    endloop
  endfacet
  facet normal 0 0 1
    outer loop
      vertex 23.8609 -1.57202 2.8
      vertex 23.8609 -2.42797 2.8
      vertex 23.8779 -2.4331 2.8
    endloop
  endfacet
  facet normal -0 0 1
    outer loop
      vertex 23.8442 -1.57781 2.8
      vertex 23.8609 -2.42797 2.8
      vertex 23.8609 -1.57202 2.8
    endloop
  endfacet
  facet normal 0 0 1
    outer loop
      vertex 23.8442 -1.57781 2.8
      vertex 23.8442 -2.42219 2.8
      vertex 23.8609 -2.42797 2.8
    endloop
  endfacet
  facet normal -0 0 1
    outer loop
      vertex 23.8278 -1.58425 2.8
      vertex 23.8442 -2.42219 2.8
      vertex 23.8442 -1.57781 2.8
    endloop
  endfacet
  facet normal 0 0 1
    outer loop
      vertex 23.8278 -1.58425 2.8
      vertex 23.8278 -2.41575 2.8
      vertex 23.8442 -2.42219 2.8
    endloop
  endfacet
  facet normal -0 0 1
    outer loop
      vertex 23.8116 -1.59134 2.8
      vertex 23.8278 -2.41575 2.8
      vertex 23.8278 -1.58425 2.8
    endloop
  endfacet
  facet normal 0 0 1
    outer loop
      vertex 23.8116 -1.59134 2.8
      vertex 23.8116 -2.40866 2.8
      vertex 23.8278 -2.41575 2.8
    endloop
  endfacet
  facet normal -0 0 1
    outer loop
      vertex 23.7957 -1.59905 2.8
      vertex 23.8116 -2.40866 2.8
      vertex 23.8116 -1.59134 2.8
    endloop
  endfacet
  facet normal 0 0 1
    outer loop
      vertex 23.7957 -1.59905 2.8
      vertex 23.7957 -2.40095 2.8
      vertex 23.8116 -2.40866 2.8
    endloop
  endfacet
  facet normal -0 0 1
    outer loop
      vertex 23.7801 -1.60738 2.8
      vertex 23.7957 -2.40095 2.8
      vertex 23.7957 -1.59905 2.8
    endloop
  endfacet
  facet normal 0 0 1
    outer loop
      vertex 23.7801 -1.60738 2.8
      vertex 23.7801 -2.39262 2.8
      vertex 23.7957 -2.40095 2.8
    endloop
  endfacet
  facet normal -0 0 1
    outer loop
      vertex 23.7649 -1.61631 2.8
      vertex 23.7801 -2.39262 2.8
      vertex 23.7801 -1.60738 2.8
    endloop
  endfacet
  facet normal 0 0 1
    outer loop
      vertex 23.7649 -1.61631 2.8
      vertex 23.7649 -2.38369 2.8
      vertex 23.7801 -2.39262 2.8
    endloop
  endfacet
  facet normal -0 0 1
    outer loop
      vertex 23.75 -1.62584 2.8
      vertex 23.7649 -2.38369 2.8
      vertex 23.7649 -1.61631 2.8
    endloop
  endfacet
  facet normal 0 0 1
    outer loop
      vertex 23.75 -1.62584 2.8
      vertex 23.75 -2.37416 2.8
      vertex 23.7649 -2.38369 2.8
    endloop
  endfacet
  facet normal -0 0 1
    outer loop
      vertex 23.7355 -1.63594 2.8
      vertex 23.75 -2.37416 2.8
      vertex 23.75 -1.62584 2.8
    endloop
  endfacet
  facet normal 0 0 1
    outer loop
      vertex 23.7355 -1.63594 2.8
      vertex 23.7355 -2.36406 2.8
      vertex 23.75 -2.37416 2.8
    endloop
  endfacet
  facet normal -0 0 1
    outer loop
      vertex 23.7214 -1.64661 2.8
      vertex 23.7355 -2.36406 2.8
      vertex 23.7355 -1.63594 2.8
    endloop
  endfacet
  facet normal 0 0 1
    outer loop
      vertex 23.7214 -1.64661 2.8
      vertex 23.7214 -2.35339 2.8
      vertex 23.7355 -2.36406 2.8
    endloop
  endfacet
  facet normal -0 0 1
    outer loop
      vertex 23.7077 -1.65782 2.8
      vertex 23.7214 -2.35339 2.8
      vertex 23.7214 -1.64661 2.8
    endloop
  endfacet
  facet normal 0 0 1
    outer loop
      vertex 23.7077 -1.65782 2.8
      vertex 23.7077 -2.34218 2.8
      vertex 23.7214 -2.35339 2.8
    endloop
  endfacet
  facet normal -0 0 1
    outer loop
      vertex 23.6945 -1.66955 2.8
      vertex 23.7077 -2.34218 2.8
      vertex 23.7077 -1.65782 2.8
    endloop
  endfacet
  facet normal 0 0 1
    outer loop
      vertex 23.6945 -1.66955 2.8
      vertex 23.6945 -2.33044 2.8
      vertex 23.7077 -2.34218 2.8
    endloop
  endfacet
  facet normal -0 0 1
    outer loop
      vertex 23.6818 -1.6818 2.8
      vertex 23.6945 -2.33044 2.8
      vertex 23.6945 -1.66955 2.8
    endloop
  endfacet
  facet normal 0 0 1
    outer loop
      vertex 23.6818 -1.6818 2.8
      vertex 23.6818 -2.3182 2.8
      vertex 23.6945 -2.33044 2.8
    endloop
  endfacet
  facet normal -0 0 1
    outer loop
      vertex 23.6696 -1.69454 2.8
      vertex 23.6818 -2.3182 2.8
      vertex 23.6818 -1.6818 2.8
    endloop
  endfacet
  facet normal 0 0 1
    outer loop
      vertex 23.6696 -1.69454 2.8
      vertex 23.6696 -2.30546 2.8
      vertex 23.6818 -2.3182 2.8
    endloop
  endfacet
  facet normal -0 0 1
    outer loop
      vertex 23.6578 -1.70775 2.8
      vertex 23.6696 -2.30546 2.8
      vertex 23.6696 -1.69454 2.8
    endloop
  endfacet
  facet normal 0 0 1
    outer loop
      vertex 23.6578 -1.70775 2.8
      vertex 23.6578 -2.29225 2.8
      vertex 23.6696 -2.30546 2.8
    endloop
  endfacet
  facet normal -0 0 1
    outer loop
      vertex 23.6466 -1.72141 2.8
      vertex 23.6578 -2.29225 2.8
      vertex 23.6578 -1.70775 2.8
    endloop
  endfacet
  facet normal 0 0 1
    outer loop
      vertex 23.6466 -1.72141 2.8
      vertex 23.6466 -2.27859 2.8
      vertex 23.6578 -2.29225 2.8
    endloop
  endfacet
  facet normal -0 0 1
    outer loop
      vertex 23.6359 -1.7355 2.8
      vertex 23.6466 -2.27859 2.8
      vertex 23.6466 -1.72141 2.8
    endloop
  endfacet
  facet normal 0 0 1
    outer loop
      vertex 23.6359 -1.7355 2.8
      vertex 23.6359 -2.2645 2.8
      vertex 23.6466 -2.27859 2.8
    endloop
  endfacet
  facet normal -0 0 1
    outer loop
      vertex 23.6258 -1.74999 2.8
      vertex 23.6359 -2.2645 2.8
      vertex 23.6359 -1.7355 2.8
    endloop
  endfacet
  facet normal 0 0 1
    outer loop
      vertex 23.6258 -1.74999 2.8
      vertex 23.6258 -2.25001 2.8
      vertex 23.6359 -2.2645 2.8
    endloop
  endfacet
  facet normal -0 0 1
    outer loop
      vertex 23.6163 -1.76488 2.8
      vertex 23.6258 -2.25001 2.8
      vertex 23.6258 -1.74999 2.8
    endloop
  endfacet
  facet normal 0 0 1
    outer loop
      vertex 23.6163 -1.76488 2.8
      vertex 23.6163 -2.23512 2.8
      vertex 23.6258 -2.25001 2.8
    endloop
  endfacet
  facet normal -0 0 1
    outer loop
      vertex 23.6074 -1.78012 2.8
      vertex 23.6163 -2.23512 2.8
      vertex 23.6163 -1.76488 2.8
    endloop
  endfacet
  facet normal 0 0 1
    outer loop
      vertex 23.6074 -1.78012 2.8
      vertex 23.6074 -2.21988 2.8
      vertex 23.6163 -2.23512 2.8
    endloop
  endfacet
  facet normal -0 0 1
    outer loop
      vertex 23.599 -1.7957 2.8
      vertex 23.6074 -2.21988 2.8
      vertex 23.6074 -1.78012 2.8
    endloop
  endfacet
  facet normal 0 0 1
    outer loop
      vertex 23.599 -1.7957 2.8
      vertex 23.599 -2.2043 2.8
      vertex 23.6074 -2.21988 2.8
    endloop
  endfacet
  facet normal -0 0 1
    outer loop
      vertex 23.5913 -1.8116 2.8
      vertex 23.599 -2.2043 2.8
      vertex 23.599 -1.7957 2.8
    endloop
  endfacet
  facet normal 0 0 1
    outer loop
      vertex 23.5913 -1.8116 2.8
      vertex 23.5913 -2.1884 2.8
      vertex 23.599 -2.2043 2.8
    endloop
  endfacet
  facet normal -0 0 1
    outer loop
      vertex 23.5843 -1.82779 2.8
      vertex 23.5913 -2.1884 2.8
      vertex 23.5913 -1.8116 2.8
    endloop
  endfacet
  facet normal 0 0 1
    outer loop
      vertex 23.5843 -1.82779 2.8
      vertex 23.5843 -2.17221 2.8
      vertex 23.5913 -2.1884 2.8
    endloop
  endfacet
  facet normal -0 0 1
    outer loop
      vertex 23.5778 -1.84425 2.8
      vertex 23.5843 -2.17221 2.8
      vertex 23.5843 -1.82779 2.8
    endloop
  endfacet
  facet normal 0 0 1
    outer loop
      vertex 23.5778 -1.84425 2.8
      vertex 23.5778 -2.15575 2.8
      vertex 23.5843 -2.17221 2.8
    endloop
  endfacet
  facet normal -0 0 1
    outer loop
      vertex 23.572 -1.86094 2.8
      vertex 23.5778 -2.15575 2.8
      vertex 23.5778 -1.84425 2.8
    endloop
  endfacet
  facet normal 0 0 1
    outer loop
      vertex 23.572 -1.86094 2.8
      vertex 23.572 -2.13906 2.8
      vertex 23.5778 -2.15575 2.8
    endloop
  endfacet
  facet normal -0 0 1
    outer loop
      vertex 23.5669 -1.87785 2.8
      vertex 23.572 -2.13906 2.8
      vertex 23.572 -1.86094 2.8
    endloop
  endfacet
  facet normal 0 0 1
    outer loop
      vertex 23.5669 -1.87785 2.8
      vertex 23.5669 -2.12215 2.8
      vertex 23.572 -2.13906 2.8
    endloop
  endfacet
  facet normal -0 0 1
    outer loop
      vertex 23.5624 -1.89495 2.8
      vertex 23.5669 -2.12215 2.8
      vertex 23.5669 -1.87785 2.8
    endloop
  endfacet
  facet normal 0 0 1
    outer loop
      vertex 23.5624 -1.89495 2.8
      vertex 23.5624 -2.10505 2.8
      vertex 23.5669 -2.12215 2.8
    endloop
  endfacet
  facet normal -0 0 1
    outer loop
      vertex 23.5586 -1.91221 2.8
      vertex 23.5624 -2.10505 2.8
      vertex 23.5624 -1.89495 2.8
    endloop
  endfacet
  facet normal 0 0 1
    outer loop
      vertex 23.5586 -1.91221 2.8
      vertex 23.5586 -2.08779 2.8
      vertex 23.5624 -2.10505 2.8
    endloop
  endfacet
  facet normal -0 0 1
    outer loop
      vertex 23.5555 -1.9296 2.8
      vertex 23.5586 -2.08779 2.8
      vertex 23.5586 -1.91221 2.8
    endloop
  endfacet
  facet normal 0 0 1
    outer loop
      vertex 23.5555 -1.9296 2.8
      vertex 23.5555 -2.0704 2.8
      vertex 23.5586 -2.08779 2.8
    endloop
  endfacet
  facet normal -0 0 1
    outer loop
      vertex 23.5531 -1.94711 2.8
      vertex 23.5555 -2.0704 2.8
      vertex 23.5555 -1.9296 2.8
    endloop
  endfacet
  facet normal 0 0 1
    outer loop
      vertex 23.5531 -1.94711 2.8
      vertex 23.5531 -2.05289 2.8
      vertex 23.5555 -2.0704 2.8
    endloop
  endfacet
  facet normal -0 0 1
    outer loop
      vertex 23.5514 -1.96469 2.8
      vertex 23.5531 -2.05289 2.8
      vertex 23.5531 -1.94711 2.8
    endloop
  endfacet
  facet normal 0 0 1
    outer loop
      vertex 23.5514 -1.96469 2.8
      vertex 23.5514 -2.03531 2.8
      vertex 23.5531 -2.05289 2.8
    endloop
  endfacet
  facet normal -0 0 1
    outer loop
      vertex 23.5503 -1.98233 2.8
      vertex 23.5514 -2.03531 2.8
      vertex 23.5514 -1.96469 2.8
    endloop
  endfacet
  facet normal 0 0 1
    outer loop
      vertex 23.5503 -1.98233 2.8
      vertex 23.5503 -2.01767 2.8
      vertex 23.5514 -2.03531 2.8
    endloop
  endfacet
  facet normal 0 -0 1
    outer loop
      vertex 23.5503 -2.01767 2.8
      vertex 23.5503 -1.98233 2.8
      vertex 23.55 -2 2.8
    endloop
  endfacet
  facet normal 0.058988 -0.998259 0
    outer loop
      vertex 23.9647 -1.55139 2.8
      vertex 23.9823 -1.55035 4
      vertex 23.9647 -1.55139 4
    endloop
  endfacet
  facet normal 0.058988 -0.998259 0
    outer loop
      vertex 23.9823 -1.55035 4
      vertex 23.9647 -1.55139 2.8
      vertex 23.9823 -1.55035 2.8
    endloop
  endfacet
  facet normal -0.976611 -0.215013 0
    outer loop
      vertex 24.4414 -1.91221 2.8
      vertex 24.4376 -1.89495 4
      vertex 24.4376 -1.89495 2.8
    endloop
  endfacet
  facet normal -0.976611 -0.215013 0
    outer loop
      vertex 24.4376 -1.89495 4
      vertex 24.4414 -1.91221 2.8
      vertex 24.4414 -1.91221 4
    endloop
  endfacet
  facet normal -0.400937 -0.916105 0
    outer loop
      vertex 24.1722 -1.58425 2.8
      vertex 24.1884 -1.59134 4
      vertex 24.1722 -1.58425 4
    endloop
  endfacet
  facet normal -0.400937 -0.916105 -0
    outer loop
      vertex 24.1884 -1.59134 4
      vertex 24.1722 -1.58425 2.8
      vertex 24.1884 -1.59134 2.8
    endloop
  endfacet
  facet normal -0.571562 0.820559 0
    outer loop
      vertex 24.2645 -2.36406 2.8
      vertex 24.25 -2.37416 4
      vertex 24.2645 -2.36406 4
    endloop
  endfacet
  facet normal -0.571562 0.820559 0
    outer loop
      vertex 24.25 -2.37416 4
      vertex 24.2645 -2.36406 2.8
      vertex 24.25 -2.37416 2.8
    endloop
  endfacet
  facet normal -0.820374 0.571827 0
    outer loop
      vertex 24.3641 -2.2645 2.8
      vertex 24.3742 -2.25001 4
      vertex 24.3742 -2.25001 2.8
    endloop
  endfacet
  facet normal -0.820374 0.571827 0
    outer loop
      vertex 24.3742 -2.25001 4
      vertex 24.3641 -2.2645 2.8
      vertex 24.3641 -2.2645 4
    endloop
  endfacet
  facet normal -0.863532 0.504294 0
    outer loop
      vertex 24.3837 -2.23512 2.8
      vertex 24.3926 -2.21988 4
      vertex 24.3926 -2.21988 2.8
    endloop
  endfacet
  facet normal -0.863532 0.504294 0
    outer loop
      vertex 24.3926 -2.21988 4
      vertex 24.3837 -2.23512 2.8
      vertex 24.3837 -2.23512 4
    endloop
  endfacet
  facet normal -0.998061 -0.0622374 0
    outer loop
      vertex 24.4497 -1.98233 2.8
      vertex 24.4486 -1.96469 4
      vertex 24.4486 -1.96469 2.8
    endloop
  endfacet
  facet normal -0.998061 -0.0622374 0
    outer loop
      vertex 24.4486 -1.96469 4
      vertex 24.4497 -1.98233 2.8
      vertex 24.4497 -1.98233 4
    endloop
  endfacet
  facet normal 0.773301 0.634039 0
    outer loop
      vertex 23.6578 -2.29225 4
      vertex 23.6466 -2.27859 2.8
      vertex 23.6466 -2.27859 4
    endloop
  endfacet
  facet normal 0.773301 0.634039 0
    outer loop
      vertex 23.6466 -2.27859 2.8
      vertex 23.6578 -2.29225 4
      vertex 23.6578 -2.29225 2.8
    endloop
  endfacet
  facet normal -0.930104 0.367295 0
    outer loop
      vertex 24.4157 -2.17221 2.8
      vertex 24.4222 -2.15575 4
      vertex 24.4222 -2.15575 2.8
    endloop
  endfacet
  facet normal -0.930104 0.367295 0
    outer loop
      vertex 24.4222 -2.15575 4
      vertex 24.4157 -2.17221 2.8
      vertex 24.4157 -2.17221 4
    endloop
  endfacet
  facet normal -0.097824 0.995204 0
    outer loop
      vertex 24.0529 -2.44688 2.8
      vertex 24.0353 -2.44861 4
      vertex 24.0529 -2.44688 4
    endloop
  endfacet
  facet normal -0.097824 0.995204 0
    outer loop
      vertex 24.0353 -2.44861 4
      vertex 24.0529 -2.44688 2.8
      vertex 24.0353 -2.44861 2.8
    endloop
  endfacet
  facet normal 0.863532 0.504294 0
    outer loop
      vertex 23.6163 -2.23512 4
      vertex 23.6074 -2.21988 2.8
      vertex 23.6074 -2.21988 4
    endloop
  endfacet
  facet normal 0.863532 0.504294 0
    outer loop
      vertex 23.6074 -2.21988 2.8
      vertex 23.6163 -2.23512 4
      vertex 23.6163 -2.23512 2.8
    endloop
  endfacet
  facet normal 0.998061 -0.0622374 0
    outer loop
      vertex 23.5503 -1.98233 4
      vertex 23.5514 -1.96469 2.8
      vertex 23.5514 -1.96469 4
    endloop
  endfacet
  facet normal 0.998061 -0.0622374 0
    outer loop
      vertex 23.5514 -1.96469 2.8
      vertex 23.5503 -1.98233 4
      vertex 23.5503 -1.98233 2.8
    endloop
  endfacet
  facet normal -0.796391 0.604782 0
    outer loop
      vertex 24.3534 -2.27859 2.8
      vertex 24.3641 -2.2645 4
      vertex 24.3641 -2.2645 2.8
    endloop
  endfacet
  facet normal -0.796391 0.604782 0
    outer loop
      vertex 24.3641 -2.2645 4
      vertex 24.3534 -2.27859 2.8
      vertex 24.3534 -2.27859 4
    endloop
  endfacet
  facet normal 0.944588 0.328257 0
    outer loop
      vertex 23.5778 -2.15575 4
      vertex 23.572 -2.13906 2.8
      vertex 23.572 -2.13906 4
    endloop
  endfacet
  facet normal 0.944588 0.328257 0
    outer loop
      vertex 23.572 -2.13906 2.8
      vertex 23.5778 -2.15575 4
      vertex 23.5778 -2.15575 2.8
    endloop
  endfacet
  facet normal 0.745787 -0.666184 0
    outer loop
      vertex 23.6578 -1.70775 4
      vertex 23.6696 -1.69454 2.8
      vertex 23.6696 -1.69454 4
    endloop
  endfacet
  facet normal 0.745787 -0.666184 0
    outer loop
      vertex 23.6696 -1.69454 2.8
      vertex 23.6578 -1.70775 4
      vertex 23.6578 -1.70775 2.8
    endloop
  endfacet
  facet normal -0.436315 -0.899794 0
    outer loop
      vertex 24.1884 -1.59134 2.8
      vertex 24.2043 -1.59905 4
      vertex 24.1884 -1.59134 4
    endloop
  endfacet
  facet normal -0.436315 -0.899794 -0
    outer loop
      vertex 24.2043 -1.59905 4
      vertex 24.1884 -1.59134 2.8
      vertex 24.2043 -1.59905 2.8
    endloop
  endfacet
  facet normal 0.98448 0.175497 0
    outer loop
      vertex 23.5586 -2.08779 4
      vertex 23.5555 -2.0704 2.8
      vertex 23.5555 -2.0704 4
    endloop
  endfacet
  facet normal 0.98448 0.175497 0
    outer loop
      vertex 23.5555 -2.0704 2.8
      vertex 23.5586 -2.08779 4
      vertex 23.5586 -2.08779 2.8
    endloop
  endfacet
  facet normal -0.252906 0.967491 0
    outer loop
      vertex 24.1221 -2.4331 2.8
      vertex 24.105 -2.43757 4
      vertex 24.1221 -2.4331 4
    endloop
  endfacet
  facet normal -0.252906 0.967491 0
    outer loop
      vertex 24.105 -2.43757 4
      vertex 24.1221 -2.4331 2.8
      vertex 24.105 -2.43757 2.8
    endloop
  endfacet
  facet normal -0.999856 -0.0169755 0
    outer loop
      vertex 24.45 -2 2.8
      vertex 24.4497 -1.98233 4
      vertex 24.4497 -1.98233 2.8
    endloop
  endfacet
  facet normal -0.999856 -0.0169755 0
    outer loop
      vertex 24.4497 -1.98233 4
      vertex 24.45 -2 2.8
      vertex 24.45 -2 4
    endloop
  endfacet
  facet normal 0.175947 0.9844 -0
    outer loop
      vertex 23.9296 -2.44446 2.8
      vertex 23.9122 -2.44135 4
      vertex 23.9296 -2.44446 4
    endloop
  endfacet
  facet normal 0.175947 0.9844 0
    outer loop
      vertex 23.9122 -2.44135 4
      vertex 23.9296 -2.44446 2.8
      vertex 23.9122 -2.44135 2.8
    endloop
  endfacet
  facet normal -0.097824 -0.995204 0
    outer loop
      vertex 24.0353 -1.55139 2.8
      vertex 24.0529 -1.55312 4
      vertex 24.0353 -1.55139 4
    endloop
  endfacet
  facet normal -0.097824 -0.995204 -0
    outer loop
      vertex 24.0529 -1.55312 4
      vertex 24.0353 -1.55139 2.8
      vertex 24.0529 -1.55312 2.8
    endloop
  endfacet
  facet normal 0.436315 -0.899794 0
    outer loop
      vertex 23.7957 -1.59905 2.8
      vertex 23.8116 -1.59134 4
      vertex 23.7957 -1.59905 4
    endloop
  endfacet
  facet normal 0.436315 -0.899794 0
    outer loop
      vertex 23.8116 -1.59134 4
      vertex 23.7957 -1.59905 2.8
      vertex 23.8116 -1.59134 2.8
    endloop
  endfacet
  facet normal 0.967075 -0.254493 0
    outer loop
      vertex 23.5624 -1.89495 4
      vertex 23.5669 -1.87785 2.8
      vertex 23.5669 -1.87785 4
    endloop
  endfacet
  facet normal 0.967075 -0.254493 0
    outer loop
      vertex 23.5669 -1.87785 2.8
      vertex 23.5624 -1.89495 4
      vertex 23.5624 -1.89495 2.8
    endloop
  endfacet
  facet normal 0.917879 -0.39686 0
    outer loop
      vertex 23.5843 -1.82779 4
      vertex 23.5913 -1.8116 2.8
      vertex 23.5913 -1.8116 4
    endloop
  endfacet
  facet normal 0.917879 -0.39686 0
    outer loop
      vertex 23.5913 -1.8116 2.8
      vertex 23.5843 -1.82779 4
      vertex 23.5843 -1.82779 2.8
    endloop
  endfacet
  facet normal 0.288897 -0.95736 0
    outer loop
      vertex 23.8609 -1.57202 2.8
      vertex 23.8779 -1.56689 4
      vertex 23.8609 -1.57202 4
    endloop
  endfacet
  facet normal 0.288897 -0.95736 0
    outer loop
      vertex 23.8779 -1.56689 4
      vertex 23.8609 -1.57202 2.8
      vertex 23.8779 -1.56689 2.8
    endloop
  endfacet
  facet normal -0.175947 -0.9844 0
    outer loop
      vertex 24.0704 -1.55554 2.8
      vertex 24.0878 -1.55865 4
      vertex 24.0704 -1.55554 4
    endloop
  endfacet
  facet normal -0.175947 -0.9844 -0
    outer loop
      vertex 24.0878 -1.55865 4
      vertex 24.0704 -1.55554 2.8
      vertex 24.0878 -1.55865 2.8
    endloop
  endfacet
  facet normal 0.0197701 -0.999805 0
    outer loop
      vertex 23.9823 -1.55035 2.8
      vertex 24 -1.55 4
      vertex 23.9823 -1.55035 4
    endloop
  endfacet
  facet normal 0.0197701 -0.999805 0
    outer loop
      vertex 24 -1.55 4
      vertex 23.9823 -1.55035 2.8
      vertex 24 -1.55 2.8
    endloop
  endfacet
  facet normal 0.990737 0.135795 0
    outer loop
      vertex 23.5555 -2.0704 4
      vertex 23.5531 -2.05289 2.8
      vertex 23.5531 -2.05289 4
    endloop
  endfacet
  facet normal 0.990737 0.135795 0
    outer loop
      vertex 23.5531 -2.05289 2.8
      vertex 23.5555 -2.0704 4
      vertex 23.5555 -2.0704 2.8
    endloop
  endfacet
  facet normal -0.288897 0.95736 0
    outer loop
      vertex 24.1391 -2.42797 2.8
      vertex 24.1221 -2.4331 4
      vertex 24.1391 -2.42797 4
    endloop
  endfacet
  facet normal -0.288897 0.95736 0
    outer loop
      vertex 24.1221 -2.4331 4
      vertex 24.1391 -2.42797 2.8
      vertex 24.1221 -2.4331 2.8
    endloop
  endfacet
  facet normal -0.995357 -0.0962518 0
    outer loop
      vertex 24.4486 -1.96469 2.8
      vertex 24.4469 -1.94711 4
      vertex 24.4469 -1.94711 2.8
    endloop
  endfacet
  facet normal -0.995357 -0.0962518 0
    outer loop
      vertex 24.4469 -1.94711 4
      vertex 24.4486 -1.96469 2.8
      vertex 24.4486 -1.96469 4
    endloop
  endfacet
  facet normal -0.930104 -0.367295 0
    outer loop
      vertex 24.4222 -1.84425 2.8
      vertex 24.4157 -1.82779 4
      vertex 24.4157 -1.82779 2.8
    endloop
  endfacet
  facet normal -0.930104 -0.367295 0
    outer loop
      vertex 24.4157 -1.82779 4
      vertex 24.4222 -1.84425 2.8
      vertex 24.4222 -1.84425 4
    endloop
  endfacet
  facet normal 0.327072 0.945 -0
    outer loop
      vertex 23.8609 -2.42797 2.8
      vertex 23.8442 -2.42219 4
      vertex 23.8609 -2.42797 4
    endloop
  endfacet
  facet normal 0.327072 0.945 0
    outer loop
      vertex 23.8442 -2.42219 4
      vertex 23.8609 -2.42797 2.8
      vertex 23.8442 -2.42219 2.8
    endloop
  endfacet
  facet normal 0.175947 -0.9844 0
    outer loop
      vertex 23.9122 -1.55865 2.8
      vertex 23.9296 -1.55554 4
      vertex 23.9122 -1.55865 4
    endloop
  endfacet
  facet normal 0.175947 -0.9844 0
    outer loop
      vertex 23.9296 -1.55554 4
      vertex 23.9122 -1.55865 2.8
      vertex 23.9296 -1.55554 2.8
    endloop
  endfacet
  facet normal -0.880217 0.474571 0
    outer loop
      vertex 24.3926 -2.21988 2.8
      vertex 24.401 -2.2043 4
      vertex 24.401 -2.2043 2.8
    endloop
  endfacet
  facet normal -0.880217 0.474571 0
    outer loop
      vertex 24.401 -2.2043 4
      vertex 24.3926 -2.21988 2.8
      vertex 24.3926 -2.21988 4
    endloop
  endfacet
  facet normal 0.722248 0.691634 0
    outer loop
      vertex 23.6818 -2.3182 4
      vertex 23.6696 -2.30546 2.8
      vertex 23.6696 -2.30546 4
    endloop
  endfacet
  facet normal 0.722248 0.691634 0
    outer loop
      vertex 23.6696 -2.30546 2.8
      vertex 23.6818 -2.3182 4
      vertex 23.6818 -2.3182 2.8
    endloop
  endfacet
  facet normal 0.930104 -0.367295 0
    outer loop
      vertex 23.5778 -1.84425 4
      vertex 23.5843 -1.82779 2.8
      vertex 23.5843 -1.82779 4
    endloop
  endfacet
  facet normal 0.930104 -0.367295 0
    outer loop
      vertex 23.5843 -1.82779 2.8
      vertex 23.5778 -1.84425 4
      vertex 23.5778 -1.84425 2.8
    endloop
  endfacet
  facet normal -0.967075 -0.254493 0
    outer loop
      vertex 24.4376 -1.89495 2.8
      vertex 24.4331 -1.87785 4
      vertex 24.4331 -1.87785 2.8
    endloop
  endfacet
  facet normal -0.967075 -0.254493 0
    outer loop
      vertex 24.4331 -1.87785 4
      vertex 24.4376 -1.89495 2.8
      vertex 24.4376 -1.89495 4
    endloop
  endfacet
  facet normal -0.471028 -0.882118 0
    outer loop
      vertex 24.2043 -1.59905 2.8
      vertex 24.2199 -1.60738 4
      vertex 24.2043 -1.59905 4
    endloop
  endfacet
  facet normal -0.471028 -0.882118 -0
    outer loop
      vertex 24.2199 -1.60738 4
      vertex 24.2043 -1.59905 2.8
      vertex 24.2199 -1.60738 2.8
    endloop
  endfacet
  facet normal 0.693947 0.720026 -0
    outer loop
      vertex 23.6945 -2.33044 2.8
      vertex 23.6818 -2.3182 4
      vertex 23.6945 -2.33044 4
    endloop
  endfacet
  facet normal 0.693947 0.720026 0
    outer loop
      vertex 23.6818 -2.3182 4
      vertex 23.6945 -2.33044 2.8
      vertex 23.6818 -2.3182 2.8
    endloop
  endfacet
  facet normal -0.0197701 0.999805 0
    outer loop
      vertex 24.0177 -2.44965 2.8
      vertex 24 -2.45 4
      vertex 24.0177 -2.44965 4
    endloop
  endfacet
  facet normal -0.0197701 0.999805 0
    outer loop
      vertex 24 -2.45 4
      vertex 24.0177 -2.44965 2.8
      vertex 24 -2.45 2.8
    endloop
  endfacet
  facet normal -0.957405 0.28875 0
    outer loop
      vertex 24.428 -2.13906 2.8
      vertex 24.4331 -2.12215 4
      vertex 24.4331 -2.12215 2.8
    endloop
  endfacet
  facet normal -0.957405 0.28875 0
    outer loop
      vertex 24.4331 -2.12215 4
      vertex 24.428 -2.13906 2.8
      vertex 24.428 -2.13906 4
    endloop
  endfacet
  facet normal -0.976611 0.215013 0
    outer loop
      vertex 24.4376 -2.10505 2.8
      vertex 24.4414 -2.08779 4
      vertex 24.4414 -2.08779 2.8
    endloop
  endfacet
  facet normal -0.976611 0.215013 0
    outer loop
      vertex 24.4414 -2.08779 4
      vertex 24.4376 -2.10505 2.8
      vertex 24.4376 -2.10505 4
    endloop
  endfacet
  facet normal -0.957405 -0.28875 0
    outer loop
      vertex 24.4331 -1.87785 2.8
      vertex 24.428 -1.86094 4
      vertex 24.428 -1.86094 2.8
    endloop
  endfacet
  facet normal -0.957405 -0.28875 0
    outer loop
      vertex 24.428 -1.86094 4
      vertex 24.4331 -1.87785 2.8
      vertex 24.4331 -1.87785 4
    endloop
  endfacet
  facet normal -0.175947 0.9844 0
    outer loop
      vertex 24.0878 -2.44135 2.8
      vertex 24.0704 -2.44446 4
      vertex 24.0878 -2.44135 4
    endloop
  endfacet
  facet normal -0.175947 0.9844 0
    outer loop
      vertex 24.0704 -2.44446 4
      vertex 24.0878 -2.44135 2.8
      vertex 24.0704 -2.44446 2.8
    endloop
  endfacet
  facet normal -0.571562 -0.820559 0
    outer loop
      vertex 24.25 -1.62584 2.8
      vertex 24.2645 -1.63594 4
      vertex 24.25 -1.62584 4
    endloop
  endfacet
  facet normal -0.571562 -0.820559 -0
    outer loop
      vertex 24.2645 -1.63594 4
      vertex 24.25 -1.62584 2.8
      vertex 24.2645 -1.63594 2.8
    endloop
  endfacet
  facet normal -0.843031 -0.537864 0
    outer loop
      vertex 24.3837 -1.76488 2.8
      vertex 24.3742 -1.74999 4
      vertex 24.3742 -1.74999 2.8
    endloop
  endfacet
  facet normal -0.843031 -0.537864 0
    outer loop
      vertex 24.3742 -1.74999 4
      vertex 24.3837 -1.76488 2.8
      vertex 24.3837 -1.76488 4
    endloop
  endfacet
  facet normal -0.863532 -0.504294 0
    outer loop
      vertex 24.3926 -1.78012 2.8
      vertex 24.3837 -1.76488 4
      vertex 24.3837 -1.76488 2.8
    endloop
  endfacet
  facet normal -0.863532 -0.504294 0
    outer loop
      vertex 24.3837 -1.76488 4
      vertex 24.3926 -1.78012 2.8
      vertex 24.3926 -1.78012 4
    endloop
  endfacet
  facet normal 0.633269 0.773932 -0
    outer loop
      vertex 23.7214 -2.35339 2.8
      vertex 23.7077 -2.34218 4
      vertex 23.7214 -2.35339 4
    endloop
  endfacet
  facet normal 0.633269 0.773932 0
    outer loop
      vertex 23.7077 -2.34218 4
      vertex 23.7214 -2.35339 2.8
      vertex 23.7077 -2.34218 2.8
    endloop
  endfacet
  facet normal -0.603433 0.797414 0
    outer loop
      vertex 24.2786 -2.35339 2.8
      vertex 24.2645 -2.36406 4
      vertex 24.2786 -2.35339 4
    endloop
  endfacet
  facet normal -0.603433 0.797414 0
    outer loop
      vertex 24.2645 -2.36406 4
      vertex 24.2786 -2.35339 2.8
      vertex 24.2645 -2.36406 2.8
    endloop
  endfacet
  facet normal -0.900016 -0.435857 0
    outer loop
      vertex 24.4087 -1.8116 2.8
      vertex 24.401 -1.7957 4
      vertex 24.401 -1.7957 2.8
    endloop
  endfacet
  facet normal -0.900016 -0.435857 0
    outer loop
      vertex 24.401 -1.7957 4
      vertex 24.4087 -1.8116 2.8
      vertex 24.4087 -1.8116 4
    endloop
  endfacet
  facet normal -0.967075 0.254493 0
    outer loop
      vertex 24.4331 -2.12215 2.8
      vertex 24.4376 -2.10505 4
      vertex 24.4376 -2.10505 2.8
    endloop
  endfacet
  facet normal -0.967075 0.254493 0
    outer loop
      vertex 24.4376 -2.10505 4
      vertex 24.4331 -2.12215 2.8
      vertex 24.4331 -2.12215 4
    endloop
  endfacet
  facet normal -0.999856 0.0169755 0
    outer loop
      vertex 24.4497 -2.01767 2.8
      vertex 24.45 -2 4
      vertex 24.45 -2 2.8
    endloop
  endfacet
  facet normal -0.999856 0.0169755 0
    outer loop
      vertex 24.45 -2 4
      vertex 24.4497 -2.01767 2.8
      vertex 24.4497 -2.01767 4
    endloop
  endfacet
  facet normal 0.097824 -0.995204 0
    outer loop
      vertex 23.9471 -1.55312 2.8
      vertex 23.9647 -1.55139 4
      vertex 23.9471 -1.55312 4
    endloop
  endfacet
  facet normal 0.097824 -0.995204 0
    outer loop
      vertex 23.9647 -1.55139 4
      vertex 23.9471 -1.55312 2.8
      vertex 23.9647 -1.55139 2.8
    endloop
  endfacet
  facet normal -0.664575 0.747222 0
    outer loop
      vertex 24.3055 -2.33044 2.8
      vertex 24.2923 -2.34218 4
      vertex 24.3055 -2.33044 4
    endloop
  endfacet
  facet normal -0.664575 0.747222 0
    outer loop
      vertex 24.2923 -2.34218 4
      vertex 24.3055 -2.33044 2.8
      vertex 24.2923 -2.34218 2.8
    endloop
  endfacet
  facet normal -0.136982 -0.990574 0
    outer loop
      vertex 24.0529 -1.55312 2.8
      vertex 24.0704 -1.55554 4
      vertex 24.0529 -1.55312 4
    endloop
  endfacet
  facet normal -0.136982 -0.990574 -0
    outer loop
      vertex 24.0704 -1.55554 4
      vertex 24.0529 -1.55312 2.8
      vertex 24.0704 -1.55554 2.8
    endloop
  endfacet
  facet normal -0.843031 0.537864 0
    outer loop
      vertex 24.3742 -2.25001 2.8
      vertex 24.3837 -2.23512 4
      vertex 24.3837 -2.23512 2.8
    endloop
  endfacet
  facet normal -0.843031 0.537864 0
    outer loop
      vertex 24.3837 -2.23512 4
      vertex 24.3742 -2.25001 2.8
      vertex 24.3742 -2.25001 4
    endloop
  endfacet
  facet normal -0.664258 -0.747503 0
    outer loop
      vertex 24.2923 -1.65782 2.8
      vertex 24.3055 -1.66955 4
      vertex 24.2923 -1.65782 4
    endloop
  endfacet
  facet normal -0.664258 -0.747503 -0
    outer loop
      vertex 24.3055 -1.66955 4
      vertex 24.2923 -1.65782 2.8
      vertex 24.3055 -1.66955 2.8
    endloop
  endfacet
  facet normal -0.506549 -0.862211 0
    outer loop
      vertex 24.2199 -1.60738 2.8
      vertex 24.2351 -1.61631 4
      vertex 24.2199 -1.60738 4
    endloop
  endfacet
  facet normal -0.506549 -0.862211 -0
    outer loop
      vertex 24.2351 -1.61631 4
      vertex 24.2199 -1.60738 2.8
      vertex 24.2351 -1.61631 2.8
    endloop
  endfacet
  facet normal -0.98448 -0.175497 0
    outer loop
      vertex 24.4445 -1.9296 2.8
      vertex 24.4414 -1.91221 4
      vertex 24.4414 -1.91221 2.8
    endloop
  endfacet
  facet normal -0.98448 -0.175497 0
    outer loop
      vertex 24.4414 -1.91221 4
      vertex 24.4445 -1.9296 2.8
      vertex 24.4445 -1.9296 4
    endloop
  endfacet
  facet normal -0.365512 -0.930807 0
    outer loop
      vertex 24.1558 -1.57781 2.8
      vertex 24.1722 -1.58425 4
      vertex 24.1558 -1.57781 4
    endloop
  endfacet
  facet normal -0.365512 -0.930807 -0
    outer loop
      vertex 24.1722 -1.58425 4
      vertex 24.1558 -1.57781 2.8
      vertex 24.1722 -1.58425 2.8
    endloop
  endfacet
  facet normal 0.538813 0.842425 -0
    outer loop
      vertex 23.7649 -2.38369 2.8
      vertex 23.75 -2.37416 4
      vertex 23.7649 -2.38369 4
    endloop
  endfacet
  facet normal 0.538813 0.842425 0
    outer loop
      vertex 23.75 -2.37416 4
      vertex 23.7649 -2.38369 2.8
      vertex 23.75 -2.37416 2.8
    endloop
  endfacet
  facet normal 0.995357 -0.0962518 0
    outer loop
      vertex 23.5514 -1.96469 4
      vertex 23.5531 -1.94711 2.8
      vertex 23.5531 -1.94711 4
    endloop
  endfacet
  facet normal 0.995357 -0.0962518 0
    outer loop
      vertex 23.5531 -1.94711 2.8
      vertex 23.5514 -1.96469 4
      vertex 23.5514 -1.96469 2.8
    endloop
  endfacet
  facet normal -0.880217 -0.474571 0
    outer loop
      vertex 24.401 -1.7957 2.8
      vertex 24.3926 -1.78012 4
      vertex 24.3926 -1.78012 2.8
    endloop
  endfacet
  facet normal -0.880217 -0.474571 0
    outer loop
      vertex 24.3926 -1.78012 4
      vertex 24.401 -1.7957 2.8
      vertex 24.401 -1.7957 4
    endloop
  endfacet
  facet normal 0.400937 0.916105 -0
    outer loop
      vertex 23.8278 -2.41575 2.8
      vertex 23.8116 -2.40866 4
      vertex 23.8278 -2.41575 4
    endloop
  endfacet
  facet normal 0.400937 0.916105 0
    outer loop
      vertex 23.8116 -2.40866 4
      vertex 23.8278 -2.41575 2.8
      vertex 23.8116 -2.40866 2.8
    endloop
  endfacet
  facet normal 0.843031 -0.537864 0
    outer loop
      vertex 23.6163 -1.76488 4
      vertex 23.6258 -1.74999 2.8
      vertex 23.6258 -1.74999 4
    endloop
  endfacet
  facet normal 0.843031 -0.537864 0
    outer loop
      vertex 23.6258 -1.74999 2.8
      vertex 23.6163 -1.76488 4
      vertex 23.6163 -1.76488 2.8
    endloop
  endfacet
  facet normal 0.722248 -0.691634 0
    outer loop
      vertex 23.6696 -1.69454 4
      vertex 23.6818 -1.6818 2.8
      vertex 23.6818 -1.6818 4
    endloop
  endfacet
  facet normal 0.722248 -0.691634 0
    outer loop
      vertex 23.6818 -1.6818 2.8
      vertex 23.6696 -1.69454 4
      vertex 23.6696 -1.69454 2.8
    endloop
  endfacet
  facet normal 0.633269 -0.773932 0
    outer loop
      vertex 23.7077 -1.65782 2.8
      vertex 23.7214 -1.64661 4
      vertex 23.7077 -1.65782 4
    endloop
  endfacet
  facet normal 0.633269 -0.773932 0
    outer loop
      vertex 23.7214 -1.64661 4
      vertex 23.7077 -1.65782 2.8
      vertex 23.7214 -1.64661 2.8
    endloop
  endfacet
  facet normal 0.999856 -0.0169755 0
    outer loop
      vertex 23.55 -2 4
      vertex 23.5503 -1.98233 2.8
      vertex 23.5503 -1.98233 4
    endloop
  endfacet
  facet normal 0.999856 -0.0169755 0
    outer loop
      vertex 23.5503 -1.98233 2.8
      vertex 23.55 -2 4
      vertex 23.55 -2 2.8
    endloop
  endfacet
  facet normal 0.999856 0.0169755 0
    outer loop
      vertex 23.5503 -2.01767 4
      vertex 23.55 -2 2.8
      vertex 23.55 -2 4
    endloop
  endfacet
  facet normal 0.999856 0.0169755 0
    outer loop
      vertex 23.55 -2 2.8
      vertex 23.5503 -2.01767 4
      vertex 23.5503 -2.01767 2.8
    endloop
  endfacet
  facet normal -0.990737 -0.135795 0
    outer loop
      vertex 24.4469 -1.94711 2.8
      vertex 24.4445 -1.9296 4
      vertex 24.4445 -1.9296 2.8
    endloop
  endfacet
  facet normal -0.990737 -0.135795 0
    outer loop
      vertex 24.4445 -1.9296 4
      vertex 24.4469 -1.94711 2.8
      vertex 24.4469 -1.94711 4
    endloop
  endfacet
  facet normal 0.136982 -0.990574 0
    outer loop
      vertex 23.9296 -1.55554 2.8
      vertex 23.9471 -1.55312 4
      vertex 23.9296 -1.55554 4
    endloop
  endfacet
  facet normal 0.136982 -0.990574 0
    outer loop
      vertex 23.9471 -1.55312 4
      vertex 23.9296 -1.55554 2.8
      vertex 23.9471 -1.55312 2.8
    endloop
  endfacet
  facet normal 0.990737 -0.135795 0
    outer loop
      vertex 23.5531 -1.94711 4
      vertex 23.5555 -1.9296 2.8
      vertex 23.5555 -1.9296 4
    endloop
  endfacet
  facet normal 0.990737 -0.135795 0
    outer loop
      vertex 23.5555 -1.9296 2.8
      vertex 23.5531 -1.94711 4
      vertex 23.5531 -1.94711 2.8
    endloop
  endfacet
  facet normal -0.603433 -0.797414 0
    outer loop
      vertex 24.2645 -1.63594 2.8
      vertex 24.2786 -1.64661 4
      vertex 24.2645 -1.63594 4
    endloop
  endfacet
  facet normal -0.603433 -0.797414 -0
    outer loop
      vertex 24.2786 -1.64661 4
      vertex 24.2645 -1.63594 2.8
      vertex 24.2786 -1.64661 2.8
    endloop
  endfacet
  facet normal -0.633269 -0.773932 0
    outer loop
      vertex 24.2786 -1.64661 2.8
      vertex 24.2923 -1.65782 4
      vertex 24.2786 -1.64661 4
    endloop
  endfacet
  facet normal -0.633269 -0.773932 -0
    outer loop
      vertex 24.2923 -1.65782 4
      vertex 24.2786 -1.64661 2.8
      vertex 24.2923 -1.65782 2.8
    endloop
  endfacet
  facet normal 0.213461 -0.976952 0
    outer loop
      vertex 23.8949 -1.56243 2.8
      vertex 23.9122 -1.55865 4
      vertex 23.8949 -1.56243 4
    endloop
  endfacet
  facet normal 0.213461 -0.976952 0
    outer loop
      vertex 23.9122 -1.55865 4
      vertex 23.8949 -1.56243 2.8
      vertex 23.9122 -1.55865 2.8
    endloop
  endfacet
  facet normal 0.930104 0.367295 0
    outer loop
      vertex 23.5843 -2.17221 4
      vertex 23.5778 -2.15575 2.8
      vertex 23.5778 -2.15575 4
    endloop
  endfacet
  facet normal 0.930104 0.367295 0
    outer loop
      vertex 23.5778 -2.15575 2.8
      vertex 23.5843 -2.17221 4
      vertex 23.5843 -2.17221 2.8
    endloop
  endfacet
  facet normal -0.506549 0.862211 0
    outer loop
      vertex 24.2351 -2.38369 2.8
      vertex 24.2199 -2.39262 4
      vertex 24.2351 -2.38369 4
    endloop
  endfacet
  facet normal -0.506549 0.862211 0
    outer loop
      vertex 24.2199 -2.39262 4
      vertex 24.2351 -2.38369 2.8
      vertex 24.2199 -2.39262 2.8
    endloop
  endfacet
  facet normal -0.773301 -0.634039 0
    outer loop
      vertex 24.3534 -1.72141 2.8
      vertex 24.3422 -1.70775 4
      vertex 24.3422 -1.70775 2.8
    endloop
  endfacet
  facet normal -0.773301 -0.634039 0
    outer loop
      vertex 24.3422 -1.70775 4
      vertex 24.3534 -1.72141 2.8
      vertex 24.3534 -1.72141 4
    endloop
  endfacet
  facet normal 0.976611 -0.215013 0
    outer loop
      vertex 23.5586 -1.91221 4
      vertex 23.5624 -1.89495 2.8
      vertex 23.5624 -1.89495 4
    endloop
  endfacet
  facet normal 0.976611 -0.215013 0
    outer loop
      vertex 23.5624 -1.89495 2.8
      vertex 23.5586 -1.91221 4
      vertex 23.5586 -1.91221 2.8
    endloop
  endfacet
  facet normal 0.880217 -0.474571 0
    outer loop
      vertex 23.599 -1.7957 4
      vertex 23.6074 -1.78012 2.8
      vertex 23.6074 -1.78012 4
    endloop
  endfacet
  facet normal 0.880217 -0.474571 0
    outer loop
      vertex 23.6074 -1.78012 2.8
      vertex 23.599 -1.7957 4
      vertex 23.599 -1.7957 2.8
    endloop
  endfacet
  facet normal -0.365512 0.930807 0
    outer loop
      vertex 24.1722 -2.41575 2.8
      vertex 24.1558 -2.42219 4
      vertex 24.1722 -2.41575 4
    endloop
  endfacet
  facet normal -0.365512 0.930807 0
    outer loop
      vertex 24.1558 -2.42219 4
      vertex 24.1722 -2.41575 2.8
      vertex 24.1558 -2.42219 2.8
    endloop
  endfacet
  facet normal -0.400937 0.916105 0
    outer loop
      vertex 24.1884 -2.40866 2.8
      vertex 24.1722 -2.41575 4
      vertex 24.1884 -2.40866 4
    endloop
  endfacet
  facet normal -0.400937 0.916105 0
    outer loop
      vertex 24.1722 -2.41575 4
      vertex 24.1884 -2.40866 2.8
      vertex 24.1722 -2.41575 2.8
    endloop
  endfacet
  facet normal -0.436315 0.899794 0
    outer loop
      vertex 24.2043 -2.40095 2.8
      vertex 24.1884 -2.40866 4
      vertex 24.2043 -2.40095 4
    endloop
  endfacet
  facet normal -0.436315 0.899794 0
    outer loop
      vertex 24.1884 -2.40866 4
      vertex 24.2043 -2.40095 2.8
      vertex 24.1884 -2.40866 2.8
    endloop
  endfacet
  facet normal -0.995357 0.0962518 0
    outer loop
      vertex 24.4469 -2.05289 2.8
      vertex 24.4486 -2.03531 4
      vertex 24.4486 -2.03531 2.8
    endloop
  endfacet
  facet normal -0.995357 0.0962518 0
    outer loop
      vertex 24.4486 -2.03531 4
      vertex 24.4469 -2.05289 2.8
      vertex 24.4469 -2.05289 4
    endloop
  endfacet
  facet normal -0.998061 0.0622374 0
    outer loop
      vertex 24.4486 -2.03531 2.8
      vertex 24.4497 -2.01767 4
      vertex 24.4497 -2.01767 2.8
    endloop
  endfacet
  facet normal -0.998061 0.0622374 0
    outer loop
      vertex 24.4497 -2.01767 4
      vertex 24.4486 -2.03531 2.8
      vertex 24.4486 -2.03531 4
    endloop
  endfacet
  facet normal -0.917879 0.39686 0
    outer loop
      vertex 24.4087 -2.1884 2.8
      vertex 24.4157 -2.17221 4
      vertex 24.4157 -2.17221 2.8
    endloop
  endfacet
  facet normal -0.917879 0.39686 0
    outer loop
      vertex 24.4157 -2.17221 4
      vertex 24.4087 -2.1884 2.8
      vertex 24.4087 -2.1884 4
    endloop
  endfacet
  facet normal 0.998061 0.0622374 0
    outer loop
      vertex 23.5514 -2.03531 4
      vertex 23.5503 -2.01767 2.8
      vertex 23.5503 -2.01767 4
    endloop
  endfacet
  facet normal 0.998061 0.0622374 0
    outer loop
      vertex 23.5503 -2.01767 2.8
      vertex 23.5514 -2.03531 4
      vertex 23.5514 -2.03531 2.8
    endloop
  endfacet
  facet normal 0.097824 0.995204 -0
    outer loop
      vertex 23.9647 -2.44861 2.8
      vertex 23.9471 -2.44688 4
      vertex 23.9647 -2.44861 4
    endloop
  endfacet
  facet normal 0.097824 0.995204 0
    outer loop
      vertex 23.9471 -2.44688 4
      vertex 23.9647 -2.44861 2.8
      vertex 23.9471 -2.44688 2.8
    endloop
  endfacet
  facet normal -0.538813 -0.842425 0
    outer loop
      vertex 24.2351 -1.61631 2.8
      vertex 24.25 -1.62584 4
      vertex 24.2351 -1.61631 4
    endloop
  endfacet
  facet normal -0.538813 -0.842425 -0
    outer loop
      vertex 24.25 -1.62584 4
      vertex 24.2351 -1.61631 2.8
      vertex 24.25 -1.62584 2.8
    endloop
  endfacet
  facet normal 0.820374 0.571827 0
    outer loop
      vertex 23.6359 -2.2645 4
      vertex 23.6258 -2.25001 2.8
      vertex 23.6258 -2.25001 4
    endloop
  endfacet
  facet normal 0.820374 0.571827 0
    outer loop
      vertex 23.6258 -2.25001 2.8
      vertex 23.6359 -2.2645 4
      vertex 23.6359 -2.2645 2.8
    endloop
  endfacet
  facet normal -0.214645 0.976692 0
    outer loop
      vertex 24.105 -2.43757 2.8
      vertex 24.0878 -2.44135 4
      vertex 24.105 -2.43757 4
    endloop
  endfacet
  facet normal -0.214645 0.976692 0
    outer loop
      vertex 24.0878 -2.44135 4
      vertex 24.105 -2.43757 2.8
      vertex 24.0878 -2.44135 2.8
    endloop
  endfacet
  facet normal -0.058988 0.998259 0
    outer loop
      vertex 24.0353 -2.44861 2.8
      vertex 24.0177 -2.44965 4
      vertex 24.0353 -2.44861 4
    endloop
  endfacet
  facet normal -0.058988 0.998259 0
    outer loop
      vertex 24.0177 -2.44965 4
      vertex 24.0353 -2.44861 2.8
      vertex 24.0177 -2.44965 2.8
    endloop
  endfacet
  facet normal -0.820374 -0.571827 0
    outer loop
      vertex 24.3742 -1.74999 2.8
      vertex 24.3641 -1.7355 4
      vertex 24.3641 -1.7355 2.8
    endloop
  endfacet
  facet normal -0.820374 -0.571827 0
    outer loop
      vertex 24.3641 -1.7355 4
      vertex 24.3742 -1.74999 2.8
      vertex 24.3742 -1.74999 4
    endloop
  endfacet
  facet normal -0.136982 0.990574 0
    outer loop
      vertex 24.0704 -2.44446 2.8
      vertex 24.0529 -2.44688 4
      vertex 24.0704 -2.44446 4
    endloop
  endfacet
  facet normal -0.136982 0.990574 0
    outer loop
      vertex 24.0529 -2.44688 4
      vertex 24.0704 -2.44446 2.8
      vertex 24.0529 -2.44688 2.8
    endloop
  endfacet
  facet normal -0.288897 -0.95736 0
    outer loop
      vertex 24.1221 -1.56689 2.8
      vertex 24.1391 -1.57202 4
      vertex 24.1221 -1.56689 4
    endloop
  endfacet
  facet normal -0.288897 -0.95736 -0
    outer loop
      vertex 24.1391 -1.57202 4
      vertex 24.1221 -1.56689 2.8
      vertex 24.1391 -1.57202 2.8
    endloop
  endfacet
  facet normal -0.745787 -0.666184 0
    outer loop
      vertex 24.3422 -1.70775 2.8
      vertex 24.3304 -1.69454 4
      vertex 24.3304 -1.69454 2.8
    endloop
  endfacet
  facet normal -0.745787 -0.666184 0
    outer loop
      vertex 24.3304 -1.69454 4
      vertex 24.3422 -1.70775 2.8
      vertex 24.3422 -1.70775 4
    endloop
  endfacet
  facet normal 0.957405 -0.28875 0
    outer loop
      vertex 23.5669 -1.87785 4
      vertex 23.572 -1.86094 2.8
      vertex 23.572 -1.86094 4
    endloop
  endfacet
  facet normal 0.957405 -0.28875 0
    outer loop
      vertex 23.572 -1.86094 2.8
      vertex 23.5669 -1.87785 4
      vertex 23.5669 -1.87785 2.8
    endloop
  endfacet
  facet normal -0.745787 0.666184 0
    outer loop
      vertex 24.3304 -2.30546 2.8
      vertex 24.3422 -2.29225 4
      vertex 24.3422 -2.29225 2.8
    endloop
  endfacet
  facet normal -0.745787 0.666184 0
    outer loop
      vertex 24.3422 -2.29225 4
      vertex 24.3304 -2.30546 2.8
      vertex 24.3304 -2.30546 4
    endloop
  endfacet
  facet normal -0.944588 0.328257 0
    outer loop
      vertex 24.4222 -2.15575 2.8
      vertex 24.428 -2.13906 4
      vertex 24.428 -2.13906 2.8
    endloop
  endfacet
  facet normal -0.944588 0.328257 0
    outer loop
      vertex 24.428 -2.13906 4
      vertex 24.4222 -2.15575 2.8
      vertex 24.4222 -2.15575 4
    endloop
  endfacet
  facet normal 0.213461 0.976952 -0
    outer loop
      vertex 23.9122 -2.44135 2.8
      vertex 23.8949 -2.43757 4
      vertex 23.9122 -2.44135 4
    endloop
  endfacet
  facet normal 0.213461 0.976952 0
    outer loop
      vertex 23.8949 -2.43757 4
      vertex 23.9122 -2.44135 2.8
      vertex 23.8949 -2.43757 2.8
    endloop
  endfacet
  facet normal -0.917879 -0.39686 0
    outer loop
      vertex 24.4157 -1.82779 2.8
      vertex 24.4087 -1.8116 4
      vertex 24.4087 -1.8116 2.8
    endloop
  endfacet
  facet normal -0.917879 -0.39686 0
    outer loop
      vertex 24.4087 -1.8116 4
      vertex 24.4157 -1.82779 2.8
      vertex 24.4157 -1.82779 4
    endloop
  endfacet
  facet normal 0.136982 0.990574 -0
    outer loop
      vertex 23.9471 -2.44688 2.8
      vertex 23.9296 -2.44446 4
      vertex 23.9471 -2.44688 4
    endloop
  endfacet
  facet normal 0.136982 0.990574 0
    outer loop
      vertex 23.9296 -2.44446 4
      vertex 23.9471 -2.44688 2.8
      vertex 23.9296 -2.44446 2.8
    endloop
  endfacet
  facet normal -0.471028 0.882118 0
    outer loop
      vertex 24.2199 -2.39262 2.8
      vertex 24.2043 -2.40095 4
      vertex 24.2199 -2.39262 4
    endloop
  endfacet
  facet normal -0.471028 0.882118 0
    outer loop
      vertex 24.2043 -2.40095 4
      vertex 24.2199 -2.39262 2.8
      vertex 24.2043 -2.40095 2.8
    endloop
  endfacet
  facet normal -0.633269 0.773932 0
    outer loop
      vertex 24.2923 -2.34218 2.8
      vertex 24.2786 -2.35339 4
      vertex 24.2923 -2.34218 4
    endloop
  endfacet
  facet normal -0.633269 0.773932 0
    outer loop
      vertex 24.2786 -2.35339 4
      vertex 24.2923 -2.34218 2.8
      vertex 24.2786 -2.35339 2.8
    endloop
  endfacet
  facet normal 0.436315 0.899794 -0
    outer loop
      vertex 23.8116 -2.40866 2.8
      vertex 23.7957 -2.40095 4
      vertex 23.8116 -2.40866 4
    endloop
  endfacet
  facet normal 0.436315 0.899794 0
    outer loop
      vertex 23.7957 -2.40095 4
      vertex 23.8116 -2.40866 2.8
      vertex 23.7957 -2.40095 2.8
    endloop
  endfacet
  facet normal 0.471028 -0.882118 0
    outer loop
      vertex 23.7801 -1.60738 2.8
      vertex 23.7957 -1.59905 4
      vertex 23.7801 -1.60738 4
    endloop
  endfacet
  facet normal 0.471028 -0.882118 0
    outer loop
      vertex 23.7957 -1.59905 4
      vertex 23.7801 -1.60738 2.8
      vertex 23.7957 -1.59905 2.8
    endloop
  endfacet
  facet normal -0.0197701 -0.999805 0
    outer loop
      vertex 24 -1.55 2.8
      vertex 24.0177 -1.55035 4
      vertex 24 -1.55 4
    endloop
  endfacet
  facet normal -0.0197701 -0.999805 -0
    outer loop
      vertex 24.0177 -1.55035 4
      vertex 24 -1.55 2.8
      vertex 24.0177 -1.55035 2.8
    endloop
  endfacet
  facet normal 0.98448 -0.175497 0
    outer loop
      vertex 23.5555 -1.9296 4
      vertex 23.5586 -1.91221 2.8
      vertex 23.5586 -1.91221 4
    endloop
  endfacet
  facet normal 0.98448 -0.175497 0
    outer loop
      vertex 23.5586 -1.91221 2.8
      vertex 23.5555 -1.9296 4
      vertex 23.5555 -1.9296 2.8
    endloop
  endfacet
  facet normal -0.944588 -0.328257 0
    outer loop
      vertex 24.428 -1.86094 2.8
      vertex 24.4222 -1.84425 4
      vertex 24.4222 -1.84425 2.8
    endloop
  endfacet
  facet normal -0.944588 -0.328257 0
    outer loop
      vertex 24.4222 -1.84425 4
      vertex 24.428 -1.86094 2.8
      vertex 24.428 -1.86094 4
    endloop
  endfacet
  facet normal 0.664258 -0.747503 0
    outer loop
      vertex 23.6945 -1.66955 2.8
      vertex 23.7077 -1.65782 4
      vertex 23.6945 -1.66955 4
    endloop
  endfacet
  facet normal 0.664258 -0.747503 0
    outer loop
      vertex 23.7077 -1.65782 4
      vertex 23.6945 -1.66955 2.8
      vertex 23.7077 -1.65782 2.8
    endloop
  endfacet
  facet normal 0.69424 -0.719743 0
    outer loop
      vertex 23.6818 -1.6818 2.8
      vertex 23.6945 -1.66955 4
      vertex 23.6818 -1.6818 4
    endloop
  endfacet
  facet normal 0.69424 -0.719743 0
    outer loop
      vertex 23.6945 -1.66955 4
      vertex 23.6818 -1.6818 2.8
      vertex 23.6945 -1.66955 2.8
    endloop
  endfacet
  facet normal 0.796391 0.604782 0
    outer loop
      vertex 23.6466 -2.27859 4
      vertex 23.6359 -2.2645 2.8
      vertex 23.6359 -2.2645 4
    endloop
  endfacet
  facet normal 0.796391 0.604782 0
    outer loop
      vertex 23.6359 -2.2645 2.8
      vertex 23.6466 -2.27859 4
      vertex 23.6466 -2.27859 2.8
    endloop
  endfacet
  facet normal 0.0197701 0.999805 -0
    outer loop
      vertex 24 -2.45 2.8
      vertex 23.9823 -2.44965 4
      vertex 24 -2.45 4
    endloop
  endfacet
  facet normal 0.0197701 0.999805 0
    outer loop
      vertex 23.9823 -2.44965 4
      vertex 24 -2.45 2.8
      vertex 23.9823 -2.44965 2.8
    endloop
  endfacet
  facet normal -0.327577 -0.944825 0
    outer loop
      vertex 24.1391 -1.57202 2.8
      vertex 24.1558 -1.57781 4
      vertex 24.1391 -1.57202 4
    endloop
  endfacet
  facet normal -0.327577 -0.944825 -0
    outer loop
      vertex 24.1558 -1.57781 4
      vertex 24.1391 -1.57202 2.8
      vertex 24.1558 -1.57781 2.8
    endloop
  endfacet
  facet normal 0.603433 -0.797414 0
    outer loop
      vertex 23.7214 -1.64661 2.8
      vertex 23.7355 -1.63594 4
      vertex 23.7214 -1.64661 4
    endloop
  endfacet
  facet normal 0.603433 -0.797414 0
    outer loop
      vertex 23.7355 -1.63594 4
      vertex 23.7214 -1.64661 2.8
      vertex 23.7355 -1.63594 2.8
    endloop
  endfacet
  facet normal 0.745787 0.666184 0
    outer loop
      vertex 23.6696 -2.30546 4
      vertex 23.6578 -2.29225 2.8
      vertex 23.6578 -2.29225 4
    endloop
  endfacet
  facet normal 0.745787 0.666184 0
    outer loop
      vertex 23.6578 -2.29225 2.8
      vertex 23.6696 -2.30546 4
      vertex 23.6696 -2.30546 2.8
    endloop
  endfacet
  facet normal 0.538813 -0.842425 0
    outer loop
      vertex 23.75 -1.62584 2.8
      vertex 23.7649 -1.61631 4
      vertex 23.75 -1.62584 4
    endloop
  endfacet
  facet normal 0.538813 -0.842425 0
    outer loop
      vertex 23.7649 -1.61631 4
      vertex 23.75 -1.62584 2.8
      vertex 23.7649 -1.61631 2.8
    endloop
  endfacet
  facet normal -0.773301 0.634039 0
    outer loop
      vertex 24.3422 -2.29225 2.8
      vertex 24.3534 -2.27859 4
      vertex 24.3534 -2.27859 2.8
    endloop
  endfacet
  facet normal -0.773301 0.634039 0
    outer loop
      vertex 24.3534 -2.27859 4
      vertex 24.3422 -2.29225 2.8
      vertex 24.3422 -2.29225 4
    endloop
  endfacet
  facet normal 0.900016 -0.435857 0
    outer loop
      vertex 23.5913 -1.8116 4
      vertex 23.599 -1.7957 2.8
      vertex 23.599 -1.7957 4
    endloop
  endfacet
  facet normal 0.900016 -0.435857 0
    outer loop
      vertex 23.599 -1.7957 2.8
      vertex 23.5913 -1.8116 4
      vertex 23.5913 -1.8116 2.8
    endloop
  endfacet
  facet normal 0.900016 0.435857 0
    outer loop
      vertex 23.599 -2.2043 4
      vertex 23.5913 -2.1884 2.8
      vertex 23.5913 -2.1884 4
    endloop
  endfacet
  facet normal 0.900016 0.435857 0
    outer loop
      vertex 23.5913 -2.1884 2.8
      vertex 23.599 -2.2043 4
      vertex 23.599 -2.2043 2.8
    endloop
  endfacet
  facet normal 0.571562 -0.820559 0
    outer loop
      vertex 23.7355 -1.63594 2.8
      vertex 23.75 -1.62584 4
      vertex 23.7355 -1.63594 4
    endloop
  endfacet
  facet normal 0.571562 -0.820559 0
    outer loop
      vertex 23.75 -1.62584 4
      vertex 23.7355 -1.63594 2.8
      vertex 23.75 -1.62584 2.8
    endloop
  endfacet
  facet normal -0.214645 -0.976692 0
    outer loop
      vertex 24.0878 -1.55865 2.8
      vertex 24.105 -1.56243 4
      vertex 24.0878 -1.55865 4
    endloop
  endfacet
  facet normal -0.214645 -0.976692 -0
    outer loop
      vertex 24.105 -1.56243 4
      vertex 24.0878 -1.55865 2.8
      vertex 24.105 -1.56243 2.8
    endloop
  endfacet
  facet normal 0.253765 -0.967266 0
    outer loop
      vertex 23.8779 -1.56689 2.8
      vertex 23.8949 -1.56243 4
      vertex 23.8779 -1.56689 4
    endloop
  endfacet
  facet normal 0.253765 -0.967266 0
    outer loop
      vertex 23.8949 -1.56243 4
      vertex 23.8779 -1.56689 2.8
      vertex 23.8949 -1.56243 2.8
    endloop
  endfacet
  facet normal -0.990737 0.135795 0
    outer loop
      vertex 24.4445 -2.0704 2.8
      vertex 24.4469 -2.05289 4
      vertex 24.4469 -2.05289 2.8
    endloop
  endfacet
  facet normal -0.990737 0.135795 0
    outer loop
      vertex 24.4469 -2.05289 4
      vertex 24.4445 -2.0704 2.8
      vertex 24.4445 -2.0704 4
    endloop
  endfacet
  facet normal -0.98448 0.175497 0
    outer loop
      vertex 24.4414 -2.08779 2.8
      vertex 24.4445 -2.0704 4
      vertex 24.4445 -2.0704 2.8
    endloop
  endfacet
  facet normal -0.98448 0.175497 0
    outer loop
      vertex 24.4445 -2.0704 4
      vertex 24.4414 -2.08779 2.8
      vertex 24.4414 -2.08779 4
    endloop
  endfacet
  facet normal -0.796391 -0.604782 0
    outer loop
      vertex 24.3641 -1.7355 2.8
      vertex 24.3534 -1.72141 4
      vertex 24.3534 -1.72141 2.8
    endloop
  endfacet
  facet normal -0.796391 -0.604782 0
    outer loop
      vertex 24.3534 -1.72141 4
      vertex 24.3641 -1.7355 2.8
      vertex 24.3641 -1.7355 4
    endloop
  endfacet
  facet normal 0.327577 -0.944825 0
    outer loop
      vertex 23.8442 -1.57781 2.8
      vertex 23.8609 -1.57202 4
      vertex 23.8442 -1.57781 4
    endloop
  endfacet
  facet normal 0.327577 -0.944825 0
    outer loop
      vertex 23.8609 -1.57202 4
      vertex 23.8442 -1.57781 2.8
      vertex 23.8609 -1.57202 2.8
    endloop
  endfacet
  facet normal 0.400937 -0.916105 0
    outer loop
      vertex 23.8116 -1.59134 2.8
      vertex 23.8278 -1.58425 4
      vertex 23.8116 -1.59134 4
    endloop
  endfacet
  facet normal 0.400937 -0.916105 0
    outer loop
      vertex 23.8278 -1.58425 4
      vertex 23.8116 -1.59134 2.8
      vertex 23.8278 -1.58425 2.8
    endloop
  endfacet
  facet normal 0.664575 0.747222 -0
    outer loop
      vertex 23.7077 -2.34218 2.8
      vertex 23.6945 -2.33044 4
      vertex 23.7077 -2.34218 4
    endloop
  endfacet
  facet normal 0.664575 0.747222 0
    outer loop
      vertex 23.6945 -2.33044 4
      vertex 23.7077 -2.34218 2.8
      vertex 23.6945 -2.33044 2.8
    endloop
  endfacet
  facet normal 0.365512 0.930807 -0
    outer loop
      vertex 23.8442 -2.42219 2.8
      vertex 23.8278 -2.41575 4
      vertex 23.8442 -2.42219 4
    endloop
  endfacet
  facet normal 0.365512 0.930807 0
    outer loop
      vertex 23.8278 -2.41575 4
      vertex 23.8442 -2.42219 2.8
      vertex 23.8278 -2.41575 2.8
    endloop
  endfacet
  facet normal -0.538813 0.842425 0
    outer loop
      vertex 24.25 -2.37416 2.8
      vertex 24.2351 -2.38369 4
      vertex 24.25 -2.37416 4
    endloop
  endfacet
  facet normal -0.538813 0.842425 0
    outer loop
      vertex 24.2351 -2.38369 4
      vertex 24.25 -2.37416 2.8
      vertex 24.2351 -2.38369 2.8
    endloop
  endfacet
  facet normal 0.917879 0.39686 0
    outer loop
      vertex 23.5913 -2.1884 4
      vertex 23.5843 -2.17221 2.8
      vertex 23.5843 -2.17221 4
    endloop
  endfacet
  facet normal 0.917879 0.39686 0
    outer loop
      vertex 23.5843 -2.17221 2.8
      vertex 23.5913 -2.1884 4
      vertex 23.5913 -2.1884 2.8
    endloop
  endfacet
  facet normal 0.058988 0.998259 -0
    outer loop
      vertex 23.9823 -2.44965 2.8
      vertex 23.9647 -2.44861 4
      vertex 23.9823 -2.44965 4
    endloop
  endfacet
  facet normal 0.058988 0.998259 0
    outer loop
      vertex 23.9647 -2.44861 4
      vertex 23.9823 -2.44965 2.8
      vertex 23.9647 -2.44861 2.8
    endloop
  endfacet
  facet normal 0.843031 0.537864 0
    outer loop
      vertex 23.6258 -2.25001 4
      vertex 23.6163 -2.23512 2.8
      vertex 23.6163 -2.23512 4
    endloop
  endfacet
  facet normal 0.843031 0.537864 0
    outer loop
      vertex 23.6163 -2.23512 2.8
      vertex 23.6258 -2.25001 4
      vertex 23.6258 -2.25001 2.8
    endloop
  endfacet
  facet normal 0.506549 0.862211 -0
    outer loop
      vertex 23.7801 -2.39262 2.8
      vertex 23.7649 -2.38369 4
      vertex 23.7801 -2.39262 4
    endloop
  endfacet
  facet normal 0.506549 0.862211 0
    outer loop
      vertex 23.7649 -2.38369 4
      vertex 23.7801 -2.39262 2.8
      vertex 23.7649 -2.38369 2.8
    endloop
  endfacet
  facet normal 0.995357 0.0962518 0
    outer loop
      vertex 23.5531 -2.05289 4
      vertex 23.5514 -2.03531 2.8
      vertex 23.5514 -2.03531 4
    endloop
  endfacet
  facet normal 0.995357 0.0962518 0
    outer loop
      vertex 23.5514 -2.03531 2.8
      vertex 23.5531 -2.05289 4
      vertex 23.5531 -2.05289 2.8
    endloop
  endfacet
  facet normal 0.967075 0.254493 0
    outer loop
      vertex 23.5669 -2.12215 4
      vertex 23.5624 -2.10505 2.8
      vertex 23.5624 -2.10505 4
    endloop
  endfacet
  facet normal 0.967075 0.254493 0
    outer loop
      vertex 23.5624 -2.10505 2.8
      vertex 23.5669 -2.12215 4
      vertex 23.5669 -2.12215 2.8
    endloop
  endfacet
  facet normal 0.976611 0.215013 0
    outer loop
      vertex 23.5624 -2.10505 4
      vertex 23.5586 -2.08779 2.8
      vertex 23.5586 -2.08779 4
    endloop
  endfacet
  facet normal 0.976611 0.215013 0
    outer loop
      vertex 23.5586 -2.08779 2.8
      vertex 23.5624 -2.10505 4
      vertex 23.5624 -2.10505 2.8
    endloop
  endfacet
  facet normal -0.722248 -0.691634 0
    outer loop
      vertex 24.3304 -1.69454 2.8
      vertex 24.3182 -1.6818 4
      vertex 24.3182 -1.6818 2.8
    endloop
  endfacet
  facet normal -0.722248 -0.691634 0
    outer loop
      vertex 24.3182 -1.6818 4
      vertex 24.3304 -1.69454 2.8
      vertex 24.3304 -1.69454 4
    endloop
  endfacet
  facet normal 0.471028 0.882118 -0
    outer loop
      vertex 23.7957 -2.40095 2.8
      vertex 23.7801 -2.39262 4
      vertex 23.7957 -2.40095 4
    endloop
  endfacet
  facet normal 0.471028 0.882118 0
    outer loop
      vertex 23.7801 -2.39262 4
      vertex 23.7957 -2.40095 2.8
      vertex 23.7801 -2.39262 2.8
    endloop
  endfacet
  facet normal 0.288897 0.95736 -0
    outer loop
      vertex 23.8779 -2.4331 2.8
      vertex 23.8609 -2.42797 4
      vertex 23.8779 -2.4331 4
    endloop
  endfacet
  facet normal 0.288897 0.95736 0
    outer loop
      vertex 23.8609 -2.42797 4
      vertex 23.8779 -2.4331 2.8
      vertex 23.8609 -2.42797 2.8
    endloop
  endfacet
  facet normal -0.69424 -0.719743 0
    outer loop
      vertex 24.3055 -1.66955 2.8
      vertex 24.3182 -1.6818 4
      vertex 24.3055 -1.66955 4
    endloop
  endfacet
  facet normal -0.69424 -0.719743 -0
    outer loop
      vertex 24.3182 -1.6818 4
      vertex 24.3055 -1.66955 2.8
      vertex 24.3182 -1.6818 2.8
    endloop
  endfacet
  facet normal -0.058988 -0.998259 0
    outer loop
      vertex 24.0177 -1.55035 2.8
      vertex 24.0353 -1.55139 4
      vertex 24.0177 -1.55035 4
    endloop
  endfacet
  facet normal -0.058988 -0.998259 -0
    outer loop
      vertex 24.0353 -1.55139 4
      vertex 24.0177 -1.55035 2.8
      vertex 24.0353 -1.55139 2.8
    endloop
  endfacet
  facet normal -0.327072 0.945 0
    outer loop
      vertex 24.1558 -2.42219 2.8
      vertex 24.1391 -2.42797 4
      vertex 24.1558 -2.42219 4
    endloop
  endfacet
  facet normal -0.327072 0.945 0
    outer loop
      vertex 24.1391 -2.42797 4
      vertex 24.1558 -2.42219 2.8
      vertex 24.1391 -2.42797 2.8
    endloop
  endfacet
  facet normal 0.820374 -0.571827 0
    outer loop
      vertex 23.6258 -1.74999 4
      vertex 23.6359 -1.7355 2.8
      vertex 23.6359 -1.7355 4
    endloop
  endfacet
  facet normal 0.820374 -0.571827 0
    outer loop
      vertex 23.6359 -1.7355 2.8
      vertex 23.6258 -1.74999 4
      vertex 23.6258 -1.74999 2.8
    endloop
  endfacet
  facet normal 0.796391 -0.604782 0
    outer loop
      vertex 23.6359 -1.7355 4
      vertex 23.6466 -1.72141 2.8
      vertex 23.6466 -1.72141 4
    endloop
  endfacet
  facet normal 0.796391 -0.604782 0
    outer loop
      vertex 23.6466 -1.72141 2.8
      vertex 23.6359 -1.7355 4
      vertex 23.6359 -1.7355 2.8
    endloop
  endfacet
  facet normal 0.944588 -0.328257 0
    outer loop
      vertex 23.572 -1.86094 4
      vertex 23.5778 -1.84425 2.8
      vertex 23.5778 -1.84425 4
    endloop
  endfacet
  facet normal 0.944588 -0.328257 0
    outer loop
      vertex 23.5778 -1.84425 2.8
      vertex 23.572 -1.86094 4
      vertex 23.572 -1.86094 2.8
    endloop
  endfacet
  facet normal 0.957405 0.28875 0
    outer loop
      vertex 23.572 -2.13906 4
      vertex 23.5669 -2.12215 2.8
      vertex 23.5669 -2.12215 4
    endloop
  endfacet
  facet normal 0.957405 0.28875 0
    outer loop
      vertex 23.5669 -2.12215 2.8
      vertex 23.572 -2.13906 4
      vertex 23.572 -2.13906 2.8
    endloop
  endfacet
  facet normal 0.254297 0.967126 -0
    outer loop
      vertex 23.8949 -2.43757 2.8
      vertex 23.8779 -2.4331 4
      vertex 23.8949 -2.43757 4
    endloop
  endfacet
  facet normal 0.254297 0.967126 0
    outer loop
      vertex 23.8779 -2.4331 4
      vertex 23.8949 -2.43757 2.8
      vertex 23.8779 -2.4331 2.8
    endloop
  endfacet
  facet normal 0.603433 0.797414 -0
    outer loop
      vertex 23.7355 -2.36406 2.8
      vertex 23.7214 -2.35339 4
      vertex 23.7355 -2.36406 4
    endloop
  endfacet
  facet normal 0.603433 0.797414 0
    outer loop
      vertex 23.7214 -2.35339 4
      vertex 23.7355 -2.36406 2.8
      vertex 23.7214 -2.35339 2.8
    endloop
  endfacet
  facet normal 0.571562 0.820559 -0
    outer loop
      vertex 23.75 -2.37416 2.8
      vertex 23.7355 -2.36406 4
      vertex 23.75 -2.37416 4
    endloop
  endfacet
  facet normal 0.571562 0.820559 0
    outer loop
      vertex 23.7355 -2.36406 4
      vertex 23.75 -2.37416 2.8
      vertex 23.7355 -2.36406 2.8
    endloop
  endfacet
  facet normal 0.880217 0.474571 0
    outer loop
      vertex 23.6074 -2.21988 4
      vertex 23.599 -2.2043 2.8
      vertex 23.599 -2.2043 4
    endloop
  endfacet
  facet normal 0.880217 0.474571 0
    outer loop
      vertex 23.599 -2.2043 2.8
      vertex 23.6074 -2.21988 4
      vertex 23.6074 -2.21988 2.8
    endloop
  endfacet
  facet normal 0.863532 -0.504294 0
    outer loop
      vertex 23.6074 -1.78012 4
      vertex 23.6163 -1.76488 2.8
      vertex 23.6163 -1.76488 4
    endloop
  endfacet
  facet normal 0.863532 -0.504294 0
    outer loop
      vertex 23.6163 -1.76488 2.8
      vertex 23.6074 -1.78012 4
      vertex 23.6074 -1.78012 2.8
    endloop
  endfacet
endsolid OpenSCAD_Model
