solid OpenSCAD_Model
  facet normal 0.175927 -0.984403 0
    outer loop
      vertex 1.87721 -11.8523 10.8
      vertex 2.34108 -11.7694 13
      vertex 1.87721 -11.8523 13
    endloop
  endfacet
  facet normal 0.175927 -0.984403 0
    outer loop
      vertex 2.34108 -11.7694 13
      vertex 1.87721 -11.8523 10.8
      vertex 2.34108 -11.7694 10.8
    endloop
  endfacet
  facet normal 0.175927 -0.984403 0
    outer loop
      vertex 1.87721 -11.8523 0
      vertex 2.34108 -11.7694 2.2
      vertex 1.87721 -11.8523 2.2
    endloop
  endfacet
  facet normal 0.175927 -0.984403 0
    outer loop
      vertex 2.34108 -11.7694 2.2
      vertex 1.87721 -11.8523 0
      vertex 2.34108 -11.7694 0
    endloop
  endfacet
  facet normal 0.998271 0.0587853 0
    outer loop
      vertex 11.9907 0.471117 2.2
      vertex 11.963 0.941508 0
      vertex 11.963 0.941508 2.2
    endloop
  endfacet
  facet normal 0.998271 0.0587853 0
    outer loop
      vertex 11.963 0.941508 0
      vertex 11.9907 0.471117 2.2
      vertex 11.9907 0.471117 0
    endloop
  endfacet
  facet normal 0.998271 0.0587853 0
    outer loop
      vertex 11.9907 0.471117 13
      vertex 11.963 0.941508 10.8
      vertex 11.963 0.941508 13
    endloop
  endfacet
  facet normal 0.998271 0.0587853 0
    outer loop
      vertex 11.963 0.941508 10.8
      vertex 11.9907 0.471117 13
      vertex 11.9907 0.471117 10.8
    endloop
  endfacet
  facet normal 0.999805 0.0197365 0
    outer loop
      vertex 12 0 2.2
      vertex 11.9907 0.471117 0
      vertex 11.9907 0.471117 2.2
    endloop
  endfacet
  facet normal 0.999805 0.0197365 0
    outer loop
      vertex 11.9907 0.471117 0
      vertex 12 0 2.2
      vertex 12 0 0
    endloop
  endfacet
  facet normal 0.999805 0.0197365 0
    outer loop
      vertex 12 0 13
      vertex 11.9907 0.471117 10.8
      vertex 11.9907 0.471117 13
    endloop
  endfacet
  facet normal 0.999805 0.0197365 0
    outer loop
      vertex 11.9907 0.471117 10.8
      vertex 12 0 13
      vertex 12 0 10.8
    endloop
  endfacet
  facet normal 0.995182 0.098045 0
    outer loop
      vertex 11.963 0.941508 2.2
      vertex 11.9168 1.41045 0
      vertex 11.9168 1.41045 2.2
    endloop
  endfacet
  facet normal 0.995182 0.098045 0
    outer loop
      vertex 11.9168 1.41045 0
      vertex 11.963 0.941508 2.2
      vertex 11.963 0.941508 0
    endloop
  endfacet
  facet normal 0.995182 0.098045 0
    outer loop
      vertex 11.963 0.941508 13
      vertex 11.9168 1.41045 10.8
      vertex 11.9168 1.41045 13
    endloop
  endfacet
  facet normal 0.995182 0.098045 0
    outer loop
      vertex 11.9168 1.41045 10.8
      vertex 11.963 0.941508 13
      vertex 11.963 0.941508 10.8
    endloop
  endfacet
  facet normal 0.842195 0.539174 0
    outer loop
      vertex 10.2317 6.26998 2.2
      vertex 9.97763 6.66684 0
      vertex 9.97763 6.66684 2.2
    endloop
  endfacet
  facet normal 0.842195 0.539174 0
    outer loop
      vertex 9.97763 6.66684 0
      vertex 10.2317 6.26998 2.2
      vertex 10.2317 6.26998 0
    endloop
  endfacet
  facet normal 0.842195 0.539174 0
    outer loop
      vertex 10.2317 6.26998 13
      vertex 9.97763 6.66684 10.8
      vertex 9.97763 6.66684 13
    endloop
  endfacet
  facet normal 0.842195 0.539174 0
    outer loop
      vertex 9.97763 6.66684 10.8
      vertex 10.2317 6.26998 13
      vertex 10.2317 6.26998 10.8
    endloop
  endfacet
  facet normal -0.0197365 0.999805 0
    outer loop
      vertex 0 12 0
      vertex -0.471117 11.9907 2.2
      vertex 0 12 2.2
    endloop
  endfacet
  facet normal -0.0197365 0.999805 0
    outer loop
      vertex -0.471117 11.9907 2.2
      vertex 0 12 0
      vertex -0.471117 11.9907 0
    endloop
  endfacet
  facet normal -0.0197365 0.999805 0
    outer loop
      vertex 0 12 10.8
      vertex -0.471117 11.9907 13
      vertex 0 12 13
    endloop
  endfacet
  facet normal -0.0197365 0.999805 0
    outer loop
      vertex -0.471117 11.9907 13
      vertex 0 12 10.8
      vertex -0.471117 11.9907 10.8
    endloop
  endfacet
  facet normal 0.693091 0.72085 -0
    outer loop
      vertex 8.48528 8.48528 0
      vertex 8.14561 8.81187 2.2
      vertex 8.48528 8.48528 2.2
    endloop
  endfacet
  facet normal 0.693091 0.72085 0
    outer loop
      vertex 8.14561 8.81187 2.2
      vertex 8.48528 8.48528 0
      vertex 8.14561 8.81187 0
    endloop
  endfacet
  facet normal 0.693091 0.72085 -0
    outer loop
      vertex 8.48528 8.48528 10.8
      vertex 8.14561 8.81187 13
      vertex 8.48528 8.48528 13
    endloop
  endfacet
  facet normal 0.693091 0.72085 0
    outer loop
      vertex 8.14561 8.81187 13
      vertex 8.48528 8.48528 10.8
      vertex 8.14561 8.81187 10.8
    endloop
  endfacet
  facet normal 0.471361 0.88194 -0
    outer loop
      vertex 5.86345 10.47 0
      vertex 5.44789 10.6921 2.2
      vertex 5.86345 10.47 2.2
    endloop
  endfacet
  facet normal 0.471361 0.88194 0
    outer loop
      vertex 5.44789 10.6921 2.2
      vertex 5.86345 10.47 0
      vertex 5.44789 10.6921 0
    endloop
  endfacet
  facet normal 0.471361 0.88194 -0
    outer loop
      vertex 5.86345 10.47 10.8
      vertex 5.44789 10.6921 13
      vertex 5.86345 10.47 13
    endloop
  endfacet
  facet normal 0.471361 0.88194 0
    outer loop
      vertex 5.44789 10.6921 13
      vertex 5.86345 10.47 10.8
      vertex 5.44789 10.6921 10.8
    endloop
  endfacet
  facet normal -0.664253 0.747508 0
    outer loop
      vertex -7.79338 9.12487 0
      vertex -8.14561 8.81187 2.2
      vertex -7.79338 9.12487 2.2
    endloop
  endfacet
  facet normal -0.664253 0.747508 0
    outer loop
      vertex -8.14561 8.81187 2.2
      vertex -7.79338 9.12487 0
      vertex -8.14561 8.81187 0
    endloop
  endfacet
  facet normal -0.664253 0.747508 0
    outer loop
      vertex -7.79338 9.12487 10.8
      vertex -8.14561 8.81187 13
      vertex -7.79338 9.12487 13
    endloop
  endfacet
  facet normal -0.664253 0.747508 0
    outer loop
      vertex -8.14561 8.81187 13
      vertex -7.79338 9.12487 10.8
      vertex -8.14561 8.81187 10.8
    endloop
  endfacet
  facet normal 0.862708 -0.505703 0
    outer loop
      vertex 10.2317 -6.26998 2.2
      vertex 10.47 -5.86345 0
      vertex 10.47 -5.86345 2.2
    endloop
  endfacet
  facet normal 0.862708 -0.505703 0
    outer loop
      vertex 10.47 -5.86345 0
      vertex 10.2317 -6.26998 2.2
      vertex 10.2317 -6.26998 0
    endloop
  endfacet
  facet normal 0.862708 -0.505703 0
    outer loop
      vertex 10.2317 -6.26998 13
      vertex 10.47 -5.86345 10.8
      vertex 10.47 -5.86345 13
    endloop
  endfacet
  facet normal 0.862708 -0.505703 0
    outer loop
      vertex 10.47 -5.86345 10.8
      vertex 10.2317 -6.26998 13
      vertex 10.2317 -6.26998 10.8
    endloop
  endfacet
  facet normal 0.43634 0.899782 -0
    outer loop
      vertex 5.44789 10.6921 0
      vertex 5.02392 10.8977 2.2
      vertex 5.44789 10.6921 2.2
    endloop
  endfacet
  facet normal 0.43634 0.899782 0
    outer loop
      vertex 5.02392 10.8977 2.2
      vertex 5.44789 10.6921 0
      vertex 5.02392 10.8977 0
    endloop
  endfacet
  facet normal 0.43634 0.899782 -0
    outer loop
      vertex 5.44789 10.6921 10.8
      vertex 5.02392 10.8977 13
      vertex 5.44789 10.6921 13
    endloop
  endfacet
  facet normal 0.43634 0.899782 0
    outer loop
      vertex 5.02392 10.8977 13
      vertex 5.44789 10.6921 10.8
      vertex 5.02392 10.8977 10.8
    endloop
  endfacet
  facet normal -0.63439 0.773013 0
    outer loop
      vertex -7.42913 9.4238 0
      vertex -7.79338 9.12487 2.2
      vertex -7.42913 9.4238 2.2
    endloop
  endfacet
  facet normal -0.63439 0.773013 0
    outer loop
      vertex -7.79338 9.12487 2.2
      vertex -7.42913 9.4238 0
      vertex -7.79338 9.12487 0
    endloop
  endfacet
  facet normal -0.63439 0.773013 0
    outer loop
      vertex -7.42913 9.4238 10.8
      vertex -7.79338 9.12487 13
      vertex -7.42913 9.4238 13
    endloop
  endfacet
  facet normal -0.63439 0.773013 0
    outer loop
      vertex -7.79338 9.12487 13
      vertex -7.42913 9.4238 10.8
      vertex -7.79338 9.12487 10.8
    endloop
  endfacet
  facet normal 0.136886 0.990587 -0
    outer loop
      vertex 1.87721 11.8523 0
      vertex 1.41045 11.9168 2.2
      vertex 1.87721 11.8523 2.2
    endloop
  endfacet
  facet normal 0.136886 0.990587 0
    outer loop
      vertex 1.41045 11.9168 2.2
      vertex 1.87721 11.8523 0
      vertex 1.41045 11.9168 0
    endloop
  endfacet
  facet normal 0.136886 0.990587 -0
    outer loop
      vertex 1.87721 11.8523 10.8
      vertex 1.41045 11.9168 13
      vertex 1.87721 11.8523 13
    endloop
  endfacet
  facet normal 0.136886 0.990587 0
    outer loop
      vertex 1.41045 11.9168 13
      vertex 1.87721 11.8523 10.8
      vertex 1.41045 11.9168 10.8
    endloop
  endfacet
  facet normal -0.995182 0.098045 0
    outer loop
      vertex -11.963 0.941508 10.8
      vertex -11.9168 1.41045 13
      vertex -11.9168 1.41045 10.8
    endloop
  endfacet
  facet normal -0.995182 0.098045 0
    outer loop
      vertex -11.9168 1.41045 13
      vertex -11.963 0.941508 10.8
      vertex -11.963 0.941508 13
    endloop
  endfacet
  facet normal -0.995182 0.098045 0
    outer loop
      vertex -11.963 0.941508 0
      vertex -11.9168 1.41045 2.2
      vertex -11.9168 1.41045 0
    endloop
  endfacet
  facet normal -0.995182 0.098045 0
    outer loop
      vertex -11.9168 1.41045 2.2
      vertex -11.963 0.941508 0
      vertex -11.963 0.941508 2.2
    endloop
  endfacet
  facet normal 0.098045 -0.995182 0
    outer loop
      vertex 0.941508 -11.963 10.8
      vertex 1.41045 -11.9168 13
      vertex 0.941508 -11.963 13
    endloop
  endfacet
  facet normal 0.098045 -0.995182 0
    outer loop
      vertex 1.41045 -11.9168 13
      vertex 0.941508 -11.963 10.8
      vertex 1.41045 -11.9168 10.8
    endloop
  endfacet
  facet normal 0.098045 -0.995182 0
    outer loop
      vertex 0.941508 -11.963 0
      vertex 1.41045 -11.9168 2.2
      vertex 0.941508 -11.963 2.2
    endloop
  endfacet
  facet normal 0.098045 -0.995182 0
    outer loop
      vertex 1.41045 -11.9168 2.2
      vertex 0.941508 -11.963 0
      vertex 1.41045 -11.9168 0
    endloop
  endfacet
  facet normal -0.976759 -0.214341 0
    outer loop
      vertex -11.6684 -2.80134 10.8
      vertex -11.7694 -2.34108 13
      vertex -11.7694 -2.34108 10.8
    endloop
  endfacet
  facet normal -0.976759 -0.214341 0
    outer loop
      vertex -11.7694 -2.34108 13
      vertex -11.6684 -2.80134 10.8
      vertex -11.6684 -2.80134 13
    endloop
  endfacet
  facet normal -0.976759 -0.214341 0
    outer loop
      vertex -11.6684 -2.80134 0
      vertex -11.7694 -2.34108 2.2
      vertex -11.7694 -2.34108 0
    endloop
  endfacet
  facet normal -0.976759 -0.214341 0
    outer loop
      vertex -11.7694 -2.34108 2.2
      vertex -11.6684 -2.80134 0
      vertex -11.6684 -2.80134 2.2
    endloop
  endfacet
  facet normal -0.773013 0.63439 0
    outer loop
      vertex -9.4238 7.42913 0
      vertex -9.12487 7.79338 2.2
      vertex -9.12487 7.79338 0
    endloop
  endfacet
  facet normal -0.773013 0.63439 0
    outer loop
      vertex -9.12487 7.79338 2.2
      vertex -9.4238 7.42913 0
      vertex -9.4238 7.42913 2.2
    endloop
  endfacet
  facet normal -0.773013 0.63439 0
    outer loop
      vertex -9.4238 7.42913 10.8
      vertex -9.12487 7.79338 13
      vertex -9.12487 7.79338 10.8
    endloop
  endfacet
  facet normal -0.773013 0.63439 0
    outer loop
      vertex -9.12487 7.79338 13
      vertex -9.4238 7.42913 10.8
      vertex -9.4238 7.42913 13
    endloop
  endfacet
  facet normal 0.931246 -0.364391 0
    outer loop
      vertex 11.0866 -4.5922 13
      vertex 11.2583 -4.1534 10.8
      vertex 11.2583 -4.1534 13
    endloop
  endfacet
  facet normal 0.931246 -0.364391 0
    outer loop
      vertex 11.2583 -4.1534 10.8
      vertex 11.0866 -4.5922 13
      vertex 11.0866 -4.5922 10.8
    endloop
  endfacet
  facet normal 0.931246 -0.364391 0
    outer loop
      vertex 11.0866 -4.5922 2.2
      vertex 11.2583 -4.1534 0
      vertex 11.2583 -4.1534 2.2
    endloop
  endfacet
  facet normal 0.931246 -0.364391 0
    outer loop
      vertex 11.2583 -4.1534 0
      vertex 11.0866 -4.5922 2.2
      vertex 11.0866 -4.5922 0
    endloop
  endfacet
  facet normal -0.931246 -0.364391 0
    outer loop
      vertex -11.0866 -4.5922 10.8
      vertex -11.2583 -4.1534 13
      vertex -11.2583 -4.1534 10.8
    endloop
  endfacet
  facet normal -0.931246 -0.364391 0
    outer loop
      vertex -11.2583 -4.1534 13
      vertex -11.0866 -4.5922 10.8
      vertex -11.0866 -4.5922 13
    endloop
  endfacet
  facet normal -0.931246 -0.364391 0
    outer loop
      vertex -11.0866 -4.5922 0
      vertex -11.2583 -4.1534 2.2
      vertex -11.2583 -4.1534 0
    endloop
  endfacet
  facet normal -0.931246 -0.364391 0
    outer loop
      vertex -11.2583 -4.1534 2.2
      vertex -11.0866 -4.5922 0
      vertex -11.0866 -4.5922 2.2
    endloop
  endfacet
  facet normal 0.571786 0.820403 -0
    outer loop
      vertex 7.05342 9.7082 10.8
      vertex 6.66684 9.97763 13
      vertex 7.05342 9.7082 13
    endloop
  endfacet
  facet normal 0.571786 0.820403 0
    outer loop
      vertex 6.66684 9.97763 13
      vertex 7.05342 9.7082 10.8
      vertex 6.66684 9.97763 10.8
    endloop
  endfacet
  facet normal 0.571786 0.820403 -0
    outer loop
      vertex 7.05342 9.7082 0
      vertex 6.66684 9.97763 2.2
      vertex 7.05342 9.7082 2.2
    endloop
  endfacet
  facet normal 0.571786 0.820403 0
    outer loop
      vertex 6.66684 9.97763 2.2
      vertex 7.05342 9.7082 0
      vertex 6.66684 9.97763 0
    endloop
  endfacet
  facet normal -0.862708 0.505703 0
    outer loop
      vertex -10.47 5.86345 0
      vertex -10.2317 6.26998 2.2
      vertex -10.2317 6.26998 0
    endloop
  endfacet
  facet normal -0.862708 0.505703 0
    outer loop
      vertex -10.2317 6.26998 2.2
      vertex -10.47 5.86345 0
      vertex -10.47 5.86345 2.2
    endloop
  endfacet
  facet normal -0.862708 0.505703 0
    outer loop
      vertex -10.47 5.86345 10.8
      vertex -10.2317 6.26998 13
      vertex -10.2317 6.26998 10.8
    endloop
  endfacet
  facet normal -0.862708 0.505703 0
    outer loop
      vertex -10.2317 6.26998 13
      vertex -10.47 5.86345 10.8
      vertex -10.47 5.86345 13
    endloop
  endfacet
  facet normal 0.842195 -0.539174 0
    outer loop
      vertex 9.97763 -6.66684 13
      vertex 10.2317 -6.26998 10.8
      vertex 10.2317 -6.26998 13
    endloop
  endfacet
  facet normal 0.842195 -0.539174 0
    outer loop
      vertex 10.2317 -6.26998 10.8
      vertex 9.97763 -6.66684 13
      vertex 9.97763 -6.66684 10.8
    endloop
  endfacet
  facet normal 0.842195 -0.539174 0
    outer loop
      vertex 9.97763 -6.66684 2.2
      vertex 10.2317 -6.26998 0
      vertex 10.2317 -6.26998 2.2
    endloop
  endfacet
  facet normal 0.842195 -0.539174 0
    outer loop
      vertex 10.2317 -6.26998 0
      vertex 9.97763 -6.66684 2.2
      vertex 9.97763 -6.66684 0
    endloop
  endfacet
  facet normal -0.252336 -0.96764 0
    outer loop
      vertex -3.25729 -11.5495 0
      vertex -2.80134 -11.6684 2.2
      vertex -3.25729 -11.5495 2.2
    endloop
  endfacet
  facet normal -0.252336 -0.96764 -0
    outer loop
      vertex -2.80134 -11.6684 2.2
      vertex -3.25729 -11.5495 0
      vertex -2.80134 -11.6684 0
    endloop
  endfacet
  facet normal -0.252336 -0.96764 0
    outer loop
      vertex -3.25729 -11.5495 10.8
      vertex -2.80134 -11.6684 13
      vertex -3.25729 -11.5495 13
    endloop
  endfacet
  facet normal -0.252336 -0.96764 -0
    outer loop
      vertex -2.80134 -11.6684 13
      vertex -3.25729 -11.5495 10.8
      vertex -2.80134 -11.6684 10.8
    endloop
  endfacet
  facet normal -0.747508 0.664253 0
    outer loop
      vertex -9.12487 7.79338 0
      vertex -8.81187 8.14561 2.2
      vertex -8.81187 8.14561 0
    endloop
  endfacet
  facet normal -0.747508 0.664253 0
    outer loop
      vertex -8.81187 8.14561 2.2
      vertex -9.12487 7.79338 0
      vertex -9.12487 7.79338 2.2
    endloop
  endfacet
  facet normal -0.747508 0.664253 0
    outer loop
      vertex -9.12487 7.79338 10.8
      vertex -8.81187 8.14561 13
      vertex -8.81187 8.14561 10.8
    endloop
  endfacet
  facet normal -0.747508 0.664253 0
    outer loop
      vertex -8.81187 8.14561 13
      vertex -9.12487 7.79338 10.8
      vertex -9.12487 7.79338 13
    endloop
  endfacet
  facet normal 0.820403 0.571786 0
    outer loop
      vertex 9.97763 6.66684 2.2
      vertex 9.7082 7.05342 0
      vertex 9.7082 7.05342 2.2
    endloop
  endfacet
  facet normal 0.820403 0.571786 0
    outer loop
      vertex 9.7082 7.05342 0
      vertex 9.97763 6.66684 2.2
      vertex 9.97763 6.66684 0
    endloop
  endfacet
  facet normal 0.820403 0.571786 0
    outer loop
      vertex 9.97763 6.66684 13
      vertex 9.7082 7.05342 10.8
      vertex 9.7082 7.05342 13
    endloop
  endfacet
  facet normal 0.820403 0.571786 0
    outer loop
      vertex 9.7082 7.05342 10.8
      vertex 9.97763 6.66684 13
      vertex 9.97763 6.66684 10.8
    endloop
  endfacet
  facet normal 0.95693 0.29032 0
    outer loop
      vertex 11.5495 3.25729 13
      vertex 11.4127 3.7082 10.8
      vertex 11.4127 3.7082 13
    endloop
  endfacet
  facet normal 0.95693 0.29032 0
    outer loop
      vertex 11.4127 3.7082 10.8
      vertex 11.5495 3.25729 13
      vertex 11.5495 3.25729 10.8
    endloop
  endfacet
  facet normal 0.95693 0.29032 0
    outer loop
      vertex 11.5495 3.25729 2.2
      vertex 11.4127 3.7082 0
      vertex 11.4127 3.7082 2.2
    endloop
  endfacet
  facet normal 0.95693 0.29032 0
    outer loop
      vertex 11.4127 3.7082 0
      vertex 11.5495 3.25729 2.2
      vertex 11.5495 3.25729 0
    endloop
  endfacet
  facet normal -0.693091 0.72085 0
    outer loop
      vertex -8.14561 8.81187 0
      vertex -8.48528 8.48528 2.2
      vertex -8.14561 8.81187 2.2
    endloop
  endfacet
  facet normal -0.693091 0.72085 0
    outer loop
      vertex -8.48528 8.48528 2.2
      vertex -8.14561 8.81187 0
      vertex -8.48528 8.48528 0
    endloop
  endfacet
  facet normal -0.693091 0.72085 0
    outer loop
      vertex -8.14561 8.81187 10.8
      vertex -8.48528 8.48528 13
      vertex -8.14561 8.81187 13
    endloop
  endfacet
  facet normal -0.693091 0.72085 0
    outer loop
      vertex -8.48528 8.48528 13
      vertex -8.14561 8.81187 10.8
      vertex -8.48528 8.48528 10.8
    endloop
  endfacet
  facet normal 0.998271 -0.0587853 0
    outer loop
      vertex 11.963 -0.941508 2.2
      vertex 11.9907 -0.471117 0
      vertex 11.9907 -0.471117 2.2
    endloop
  endfacet
  facet normal 0.998271 -0.0587853 0
    outer loop
      vertex 11.9907 -0.471117 0
      vertex 11.963 -0.941508 2.2
      vertex 11.963 -0.941508 0
    endloop
  endfacet
  facet normal 0.998271 -0.0587853 0
    outer loop
      vertex 11.963 -0.941508 13
      vertex 11.9907 -0.471117 10.8
      vertex 11.9907 -0.471117 13
    endloop
  endfacet
  facet normal 0.998271 -0.0587853 0
    outer loop
      vertex 11.9907 -0.471117 10.8
      vertex 11.963 -0.941508 13
      vertex 11.963 -0.941508 10.8
    endloop
  endfacet
  facet normal -0.984403 -0.175927 0
    outer loop
      vertex -11.7694 -2.34108 10.8
      vertex -11.8523 -1.87721 13
      vertex -11.8523 -1.87721 10.8
    endloop
  endfacet
  facet normal -0.984403 -0.175927 0
    outer loop
      vertex -11.8523 -1.87721 13
      vertex -11.7694 -2.34108 10.8
      vertex -11.7694 -2.34108 13
    endloop
  endfacet
  facet normal -0.984403 -0.175927 0
    outer loop
      vertex -11.7694 -2.34108 0
      vertex -11.8523 -1.87721 2.2
      vertex -11.8523 -1.87721 0
    endloop
  endfacet
  facet normal -0.984403 -0.175927 0
    outer loop
      vertex -11.8523 -1.87721 2.2
      vertex -11.7694 -2.34108 0
      vertex -11.7694 -2.34108 2.2
    endloop
  endfacet
  facet normal -0.91614 0.400859 0
    outer loop
      vertex -11.0866 4.5922 10.8
      vertex -10.8977 5.02392 13
      vertex -10.8977 5.02392 10.8
    endloop
  endfacet
  facet normal -0.91614 0.400859 0
    outer loop
      vertex -10.8977 5.02392 13
      vertex -11.0866 4.5922 10.8
      vertex -11.0866 4.5922 13
    endloop
  endfacet
  facet normal -0.91614 0.400859 0
    outer loop
      vertex -11.0866 4.5922 0
      vertex -10.8977 5.02392 2.2
      vertex -10.8977 5.02392 0
    endloop
  endfacet
  facet normal -0.91614 0.400859 0
    outer loop
      vertex -10.8977 5.02392 2.2
      vertex -11.0866 4.5922 0
      vertex -11.0866 4.5922 2.2
    endloop
  endfacet
  facet normal 0.984403 -0.175927 0
    outer loop
      vertex 11.7694 -2.34108 2.2
      vertex 11.8523 -1.87721 0
      vertex 11.8523 -1.87721 2.2
    endloop
  endfacet
  facet normal 0.984403 -0.175927 0
    outer loop
      vertex 11.8523 -1.87721 0
      vertex 11.7694 -2.34108 2.2
      vertex 11.7694 -2.34108 0
    endloop
  endfacet
  facet normal 0.984403 -0.175927 0
    outer loop
      vertex 11.7694 -2.34108 13
      vertex 11.8523 -1.87721 10.8
      vertex 11.8523 -1.87721 13
    endloop
  endfacet
  facet normal 0.984403 -0.175927 0
    outer loop
      vertex 11.8523 -1.87721 10.8
      vertex 11.7694 -2.34108 13
      vertex 11.7694 -2.34108 10.8
    endloop
  endfacet
  facet normal 0.571786 -0.820403 0
    outer loop
      vertex 6.66684 -9.97763 10.8
      vertex 7.05342 -9.7082 13
      vertex 6.66684 -9.97763 13
    endloop
  endfacet
  facet normal 0.571786 -0.820403 0
    outer loop
      vertex 7.05342 -9.7082 13
      vertex 6.66684 -9.97763 10.8
      vertex 7.05342 -9.7082 10.8
    endloop
  endfacet
  facet normal 0.571786 -0.820403 0
    outer loop
      vertex 6.66684 -9.97763 0
      vertex 7.05342 -9.7082 2.2
      vertex 6.66684 -9.97763 2.2
    endloop
  endfacet
  facet normal 0.571786 -0.820403 0
    outer loop
      vertex 7.05342 -9.7082 2.2
      vertex 6.66684 -9.97763 0
      vertex 7.05342 -9.7082 0
    endloop
  endfacet
  facet normal 0.96764 -0.252336 0
    outer loop
      vertex 11.5495 -3.25729 13
      vertex 11.6684 -2.80134 10.8
      vertex 11.6684 -2.80134 13
    endloop
  endfacet
  facet normal 0.96764 -0.252336 0
    outer loop
      vertex 11.6684 -2.80134 10.8
      vertex 11.5495 -3.25729 13
      vertex 11.5495 -3.25729 10.8
    endloop
  endfacet
  facet normal 0.96764 -0.252336 0
    outer loop
      vertex 11.5495 -3.25729 2.2
      vertex 11.6684 -2.80134 0
      vertex 11.6684 -2.80134 2.2
    endloop
  endfacet
  facet normal 0.96764 -0.252336 0
    outer loop
      vertex 11.6684 -2.80134 0
      vertex 11.5495 -3.25729 2.2
      vertex 11.5495 -3.25729 0
    endloop
  endfacet
  facet normal 0.72085 0.693091 0
    outer loop
      vertex 8.81187 8.14561 2.2
      vertex 8.48528 8.48528 0
      vertex 8.48528 8.48528 2.2
    endloop
  endfacet
  facet normal 0.72085 0.693091 0
    outer loop
      vertex 8.48528 8.48528 0
      vertex 8.81187 8.14561 2.2
      vertex 8.81187 8.14561 0
    endloop
  endfacet
  facet normal 0.72085 0.693091 0
    outer loop
      vertex 8.81187 8.14561 13
      vertex 8.48528 8.48528 10.8
      vertex 8.48528 8.48528 13
    endloop
  endfacet
  facet normal 0.72085 0.693091 0
    outer loop
      vertex 8.48528 8.48528 10.8
      vertex 8.81187 8.14561 13
      vertex 8.81187 8.14561 10.8
    endloop
  endfacet
  facet normal -0.95693 0.29032 0
    outer loop
      vertex -11.5495 3.25729 10.8
      vertex -11.4127 3.7082 13
      vertex -11.4127 3.7082 10.8
    endloop
  endfacet
  facet normal -0.95693 0.29032 0
    outer loop
      vertex -11.4127 3.7082 13
      vertex -11.5495 3.25729 10.8
      vertex -11.5495 3.25729 13
    endloop
  endfacet
  facet normal -0.95693 0.29032 0
    outer loop
      vertex -11.5495 3.25729 0
      vertex -11.4127 3.7082 2.2
      vertex -11.4127 3.7082 0
    endloop
  endfacet
  facet normal -0.95693 0.29032 0
    outer loop
      vertex -11.4127 3.7082 2.2
      vertex -11.5495 3.25729 0
      vertex -11.5495 3.25729 2.2
    endloop
  endfacet
  facet normal 0.539174 -0.842195 0
    outer loop
      vertex 6.26998 -10.2317 10.8
      vertex 6.66684 -9.97763 13
      vertex 6.26998 -10.2317 13
    endloop
  endfacet
  facet normal 0.539174 -0.842195 0
    outer loop
      vertex 6.66684 -9.97763 13
      vertex 6.26998 -10.2317 10.8
      vertex 6.66684 -9.97763 10.8
    endloop
  endfacet
  facet normal 0.539174 -0.842195 0
    outer loop
      vertex 6.26998 -10.2317 0
      vertex 6.66684 -9.97763 2.2
      vertex 6.26998 -10.2317 2.2
    endloop
  endfacet
  facet normal 0.539174 -0.842195 0
    outer loop
      vertex 6.66684 -9.97763 2.2
      vertex 6.26998 -10.2317 0
      vertex 6.66684 -9.97763 0
    endloop
  endfacet
  facet normal 0.364391 0.931246 -0
    outer loop
      vertex 4.5922 11.0866 0
      vertex 4.1534 11.2583 2.2
      vertex 4.5922 11.0866 2.2
    endloop
  endfacet
  facet normal 0.364391 0.931246 0
    outer loop
      vertex 4.1534 11.2583 2.2
      vertex 4.5922 11.0866 0
      vertex 4.1534 11.2583 0
    endloop
  endfacet
  facet normal 0.364391 0.931246 -0
    outer loop
      vertex 4.5922 11.0866 10.8
      vertex 4.1534 11.2583 13
      vertex 4.5922 11.0866 13
    endloop
  endfacet
  facet normal 0.364391 0.931246 0
    outer loop
      vertex 4.1534 11.2583 13
      vertex 4.5922 11.0866 10.8
      vertex 4.1534 11.2583 10.8
    endloop
  endfacet
  facet normal 0.0587853 -0.998271 0
    outer loop
      vertex 0.471117 -11.9907 10.8
      vertex 0.941508 -11.963 13
      vertex 0.471117 -11.9907 13
    endloop
  endfacet
  facet normal 0.0587853 -0.998271 0
    outer loop
      vertex 0.941508 -11.963 13
      vertex 0.471117 -11.9907 10.8
      vertex 0.941508 -11.963 10.8
    endloop
  endfacet
  facet normal 0.0587853 -0.998271 0
    outer loop
      vertex 0.471117 -11.9907 0
      vertex 0.941508 -11.963 2.2
      vertex 0.471117 -11.9907 2.2
    endloop
  endfacet
  facet normal 0.0587853 -0.998271 0
    outer loop
      vertex 0.941508 -11.963 2.2
      vertex 0.471117 -11.9907 0
      vertex 0.941508 -11.963 0
    endloop
  endfacet
  facet normal -0.175927 -0.984403 0
    outer loop
      vertex -2.34108 -11.7694 0
      vertex -1.87721 -11.8523 2.2
      vertex -2.34108 -11.7694 2.2
    endloop
  endfacet
  facet normal -0.175927 -0.984403 -0
    outer loop
      vertex -1.87721 -11.8523 2.2
      vertex -2.34108 -11.7694 0
      vertex -1.87721 -11.8523 0
    endloop
  endfacet
  facet normal -0.175927 -0.984403 0
    outer loop
      vertex -2.34108 -11.7694 10.8
      vertex -1.87721 -11.8523 13
      vertex -2.34108 -11.7694 13
    endloop
  endfacet
  facet normal -0.175927 -0.984403 -0
    outer loop
      vertex -1.87721 -11.8523 13
      vertex -2.34108 -11.7694 10.8
      vertex -1.87721 -11.8523 10.8
    endloop
  endfacet
  facet normal -0.603549 -0.797326 0
    outer loop
      vertex -7.42913 -9.4238 0
      vertex -7.05342 -9.7082 2.2
      vertex -7.42913 -9.4238 2.2
    endloop
  endfacet
  facet normal -0.603549 -0.797326 -0
    outer loop
      vertex -7.05342 -9.7082 2.2
      vertex -7.42913 -9.4238 0
      vertex -7.05342 -9.7082 0
    endloop
  endfacet
  facet normal -0.603549 -0.797326 0
    outer loop
      vertex -7.42913 -9.4238 10.8
      vertex -7.05342 -9.7082 13
      vertex -7.42913 -9.4238 13
    endloop
  endfacet
  facet normal -0.603549 -0.797326 -0
    outer loop
      vertex -7.05342 -9.7082 13
      vertex -7.42913 -9.4238 10.8
      vertex -7.05342 -9.7082 10.8
    endloop
  endfacet
  facet normal -0.214341 -0.976759 0
    outer loop
      vertex -2.80134 -11.6684 0
      vertex -2.34108 -11.7694 2.2
      vertex -2.80134 -11.6684 2.2
    endloop
  endfacet
  facet normal -0.214341 -0.976759 -0
    outer loop
      vertex -2.34108 -11.7694 2.2
      vertex -2.80134 -11.6684 0
      vertex -2.34108 -11.7694 0
    endloop
  endfacet
  facet normal -0.214341 -0.976759 0
    outer loop
      vertex -2.80134 -11.6684 10.8
      vertex -2.34108 -11.7694 13
      vertex -2.80134 -11.6684 13
    endloop
  endfacet
  facet normal -0.214341 -0.976759 -0
    outer loop
      vertex -2.34108 -11.7694 13
      vertex -2.80134 -11.6684 10.8
      vertex -2.34108 -11.7694 10.8
    endloop
  endfacet
  facet normal -0.999805 -0.0197365 0
    outer loop
      vertex -11.9907 -0.471117 10.8
      vertex -12 0 13
      vertex -12 0 10.8
    endloop
  endfacet
  facet normal -0.999805 -0.0197365 0
    outer loop
      vertex -12 0 13
      vertex -11.9907 -0.471117 10.8
      vertex -11.9907 -0.471117 13
    endloop
  endfacet
  facet normal -0.999805 -0.0197365 0
    outer loop
      vertex -11.9907 -0.471117 0
      vertex -12 0 2.2
      vertex -12 0 0
    endloop
  endfacet
  facet normal -0.999805 -0.0197365 0
    outer loop
      vertex -12 0 2.2
      vertex -11.9907 -0.471117 0
      vertex -11.9907 -0.471117 2.2
    endloop
  endfacet
  facet normal -0.797326 0.603549 0
    outer loop
      vertex -9.7082 7.05342 0
      vertex -9.4238 7.42913 2.2
      vertex -9.4238 7.42913 0
    endloop
  endfacet
  facet normal -0.797326 0.603549 0
    outer loop
      vertex -9.4238 7.42913 2.2
      vertex -9.7082 7.05342 0
      vertex -9.7082 7.05342 2.2
    endloop
  endfacet
  facet normal -0.797326 0.603549 0
    outer loop
      vertex -9.7082 7.05342 10.8
      vertex -9.4238 7.42913 13
      vertex -9.4238 7.42913 10.8
    endloop
  endfacet
  facet normal -0.797326 0.603549 0
    outer loop
      vertex -9.4238 7.42913 13
      vertex -9.7082 7.05342 10.8
      vertex -9.7082 7.05342 13
    endloop
  endfacet
  facet normal 0.400859 0.91614 -0
    outer loop
      vertex 5.02392 10.8977 0
      vertex 4.5922 11.0866 2.2
      vertex 5.02392 10.8977 2.2
    endloop
  endfacet
  facet normal 0.400859 0.91614 0
    outer loop
      vertex 4.5922 11.0866 2.2
      vertex 5.02392 10.8977 0
      vertex 4.5922 11.0866 0
    endloop
  endfacet
  facet normal 0.400859 0.91614 -0
    outer loop
      vertex 5.02392 10.8977 10.8
      vertex 4.5922 11.0866 13
      vertex 5.02392 10.8977 13
    endloop
  endfacet
  facet normal 0.400859 0.91614 0
    outer loop
      vertex 4.5922 11.0866 13
      vertex 5.02392 10.8977 10.8
      vertex 4.5922 11.0866 10.8
    endloop
  endfacet
  facet normal -0.29032 0.95693 0
    outer loop
      vertex -3.25729 11.5495 10.8
      vertex -3.7082 11.4127 13
      vertex -3.25729 11.5495 13
    endloop
  endfacet
  facet normal -0.29032 0.95693 0
    outer loop
      vertex -3.7082 11.4127 13
      vertex -3.25729 11.5495 10.8
      vertex -3.7082 11.4127 10.8
    endloop
  endfacet
  facet normal -0.29032 0.95693 0
    outer loop
      vertex -3.25729 11.5495 0
      vertex -3.7082 11.4127 2.2
      vertex -3.25729 11.5495 2.2
    endloop
  endfacet
  facet normal -0.29032 0.95693 0
    outer loop
      vertex -3.7082 11.4127 2.2
      vertex -3.25729 11.5495 0
      vertex -3.7082 11.4127 0
    endloop
  endfacet
  facet normal 0.862708 0.505703 0
    outer loop
      vertex 10.47 5.86345 2.2
      vertex 10.2317 6.26998 0
      vertex 10.2317 6.26998 2.2
    endloop
  endfacet
  facet normal 0.862708 0.505703 0
    outer loop
      vertex 10.2317 6.26998 0
      vertex 10.47 5.86345 2.2
      vertex 10.47 5.86345 0
    endloop
  endfacet
  facet normal 0.862708 0.505703 0
    outer loop
      vertex 10.47 5.86345 13
      vertex 10.2317 6.26998 10.8
      vertex 10.2317 6.26998 13
    endloop
  endfacet
  facet normal 0.862708 0.505703 0
    outer loop
      vertex 10.2317 6.26998 10.8
      vertex 10.47 5.86345 13
      vertex 10.47 5.86345 10.8
    endloop
  endfacet
  facet normal -0.88194 0.471361 0
    outer loop
      vertex -10.6921 5.44789 0
      vertex -10.47 5.86345 2.2
      vertex -10.47 5.86345 0
    endloop
  endfacet
  facet normal -0.88194 0.471361 0
    outer loop
      vertex -10.47 5.86345 2.2
      vertex -10.6921 5.44789 0
      vertex -10.6921 5.44789 2.2
    endloop
  endfacet
  facet normal -0.88194 0.471361 0
    outer loop
      vertex -10.6921 5.44789 10.8
      vertex -10.47 5.86345 13
      vertex -10.47 5.86345 10.8
    endloop
  endfacet
  facet normal -0.88194 0.471361 0
    outer loop
      vertex -10.47 5.86345 13
      vertex -10.6921 5.44789 10.8
      vertex -10.6921 5.44789 13
    endloop
  endfacet
  facet normal 0.252336 -0.96764 0
    outer loop
      vertex 2.80134 -11.6684 10.8
      vertex 3.25729 -11.5495 13
      vertex 2.80134 -11.6684 13
    endloop
  endfacet
  facet normal 0.252336 -0.96764 0
    outer loop
      vertex 3.25729 -11.5495 13
      vertex 2.80134 -11.6684 10.8
      vertex 3.25729 -11.5495 10.8
    endloop
  endfacet
  facet normal 0.252336 -0.96764 0
    outer loop
      vertex 2.80134 -11.6684 0
      vertex 3.25729 -11.5495 2.2
      vertex 2.80134 -11.6684 2.2
    endloop
  endfacet
  facet normal 0.252336 -0.96764 0
    outer loop
      vertex 3.25729 -11.5495 2.2
      vertex 2.80134 -11.6684 0
      vertex 3.25729 -11.5495 0
    endloop
  endfacet
  facet normal -0.214341 0.976759 0
    outer loop
      vertex -2.34108 11.7694 10.8
      vertex -2.80134 11.6684 13
      vertex -2.34108 11.7694 13
    endloop
  endfacet
  facet normal -0.214341 0.976759 0
    outer loop
      vertex -2.80134 11.6684 13
      vertex -2.34108 11.7694 10.8
      vertex -2.80134 11.6684 10.8
    endloop
  endfacet
  facet normal -0.214341 0.976759 0
    outer loop
      vertex -2.34108 11.7694 0
      vertex -2.80134 11.6684 2.2
      vertex -2.34108 11.7694 2.2
    endloop
  endfacet
  facet normal -0.214341 0.976759 0
    outer loop
      vertex -2.80134 11.6684 2.2
      vertex -2.34108 11.7694 0
      vertex -2.80134 11.6684 0
    endloop
  endfacet
  facet normal 0.747508 -0.664253 0
    outer loop
      vertex 8.81187 -8.14561 2.2
      vertex 9.12487 -7.79338 0
      vertex 9.12487 -7.79338 2.2
    endloop
  endfacet
  facet normal 0.747508 -0.664253 0
    outer loop
      vertex 9.12487 -7.79338 0
      vertex 8.81187 -8.14561 2.2
      vertex 8.81187 -8.14561 0
    endloop
  endfacet
  facet normal 0.747508 -0.664253 0
    outer loop
      vertex 8.81187 -8.14561 13
      vertex 9.12487 -7.79338 10.8
      vertex 9.12487 -7.79338 13
    endloop
  endfacet
  facet normal 0.747508 -0.664253 0
    outer loop
      vertex 9.12487 -7.79338 10.8
      vertex 8.81187 -8.14561 13
      vertex 8.81187 -8.14561 10.8
    endloop
  endfacet
  facet normal 0.505703 0.862708 -0
    outer loop
      vertex 6.26998 10.2317 10.8
      vertex 5.86345 10.47 13
      vertex 6.26998 10.2317 13
    endloop
  endfacet
  facet normal 0.505703 0.862708 0
    outer loop
      vertex 5.86345 10.47 13
      vertex 6.26998 10.2317 10.8
      vertex 5.86345 10.47 10.8
    endloop
  endfacet
  facet normal 0.505703 0.862708 -0
    outer loop
      vertex 6.26998 10.2317 0
      vertex 5.86345 10.47 2.2
      vertex 6.26998 10.2317 2.2
    endloop
  endfacet
  facet normal 0.505703 0.862708 0
    outer loop
      vertex 5.86345 10.47 2.2
      vertex 6.26998 10.2317 0
      vertex 5.86345 10.47 0
    endloop
  endfacet
  facet normal 0.0197365 -0.999805 0
    outer loop
      vertex 0 -12 0
      vertex 0.471117 -11.9907 2.2
      vertex 0 -12 2.2
    endloop
  endfacet
  facet normal 0.0197365 -0.999805 0
    outer loop
      vertex 0.471117 -11.9907 2.2
      vertex 0 -12 0
      vertex 0.471117 -11.9907 0
    endloop
  endfacet
  facet normal 0.0197365 -0.999805 0
    outer loop
      vertex 0 -12 10.8
      vertex 0.471117 -11.9907 13
      vertex 0 -12 13
    endloop
  endfacet
  facet normal 0.0197365 -0.999805 0
    outer loop
      vertex 0.471117 -11.9907 13
      vertex 0 -12 10.8
      vertex 0.471117 -11.9907 10.8
    endloop
  endfacet
  facet normal 0.327664 0.944794 -0
    outer loop
      vertex 4.1534 11.2583 10.8
      vertex 3.7082 11.4127 13
      vertex 4.1534 11.2583 13
    endloop
  endfacet
  facet normal 0.327664 0.944794 0
    outer loop
      vertex 3.7082 11.4127 13
      vertex 4.1534 11.2583 10.8
      vertex 3.7082 11.4127 10.8
    endloop
  endfacet
  facet normal 0.327664 0.944794 -0
    outer loop
      vertex 4.1534 11.2583 0
      vertex 3.7082 11.4127 2.2
      vertex 4.1534 11.2583 2.2
    endloop
  endfacet
  facet normal 0.327664 0.944794 0
    outer loop
      vertex 3.7082 11.4127 2.2
      vertex 4.1534 11.2583 0
      vertex 3.7082 11.4127 0
    endloop
  endfacet
  facet normal 0.990587 -0.136886 0
    outer loop
      vertex 11.8523 -1.87721 2.2
      vertex 11.9168 -1.41045 0
      vertex 11.9168 -1.41045 2.2
    endloop
  endfacet
  facet normal 0.990587 -0.136886 0
    outer loop
      vertex 11.9168 -1.41045 0
      vertex 11.8523 -1.87721 2.2
      vertex 11.8523 -1.87721 0
    endloop
  endfacet
  facet normal 0.990587 -0.136886 0
    outer loop
      vertex 11.8523 -1.87721 13
      vertex 11.9168 -1.41045 10.8
      vertex 11.9168 -1.41045 13
    endloop
  endfacet
  facet normal 0.990587 -0.136886 0
    outer loop
      vertex 11.9168 -1.41045 10.8
      vertex 11.8523 -1.87721 13
      vertex 11.8523 -1.87721 10.8
    endloop
  endfacet
  facet normal 0.95693 -0.29032 0
    outer loop
      vertex 11.4127 -3.7082 13
      vertex 11.5495 -3.25729 10.8
      vertex 11.5495 -3.25729 13
    endloop
  endfacet
  facet normal 0.95693 -0.29032 0
    outer loop
      vertex 11.5495 -3.25729 10.8
      vertex 11.4127 -3.7082 13
      vertex 11.4127 -3.7082 10.8
    endloop
  endfacet
  facet normal 0.95693 -0.29032 0
    outer loop
      vertex 11.4127 -3.7082 2.2
      vertex 11.5495 -3.25729 0
      vertex 11.5495 -3.25729 2.2
    endloop
  endfacet
  facet normal 0.95693 -0.29032 0
    outer loop
      vertex 11.5495 -3.25729 0
      vertex 11.4127 -3.7082 2.2
      vertex 11.4127 -3.7082 0
    endloop
  endfacet
  facet normal -0.72085 0.693091 0
    outer loop
      vertex -8.81187 8.14561 0
      vertex -8.48528 8.48528 2.2
      vertex -8.48528 8.48528 0
    endloop
  endfacet
  facet normal -0.72085 0.693091 0
    outer loop
      vertex -8.48528 8.48528 2.2
      vertex -8.81187 8.14561 0
      vertex -8.81187 8.14561 2.2
    endloop
  endfacet
  facet normal -0.72085 0.693091 0
    outer loop
      vertex -8.81187 8.14561 10.8
      vertex -8.48528 8.48528 13
      vertex -8.48528 8.48528 10.8
    endloop
  endfacet
  facet normal -0.72085 0.693091 0
    outer loop
      vertex -8.48528 8.48528 13
      vertex -8.81187 8.14561 10.8
      vertex -8.81187 8.14561 13
    endloop
  endfacet
  facet normal 0.29032 -0.95693 0
    outer loop
      vertex 3.25729 -11.5495 10.8
      vertex 3.7082 -11.4127 13
      vertex 3.25729 -11.5495 13
    endloop
  endfacet
  facet normal 0.29032 -0.95693 0
    outer loop
      vertex 3.7082 -11.4127 13
      vertex 3.25729 -11.5495 10.8
      vertex 3.7082 -11.4127 10.8
    endloop
  endfacet
  facet normal 0.29032 -0.95693 0
    outer loop
      vertex 3.25729 -11.5495 0
      vertex 3.7082 -11.4127 2.2
      vertex 3.25729 -11.5495 2.2
    endloop
  endfacet
  facet normal 0.29032 -0.95693 0
    outer loop
      vertex 3.7082 -11.4127 2.2
      vertex 3.25729 -11.5495 0
      vertex 3.7082 -11.4127 0
    endloop
  endfacet
  facet normal 0.603549 -0.797326 0
    outer loop
      vertex 7.05342 -9.7082 0
      vertex 7.42913 -9.4238 2.2
      vertex 7.05342 -9.7082 2.2
    endloop
  endfacet
  facet normal 0.603549 -0.797326 0
    outer loop
      vertex 7.42913 -9.4238 2.2
      vertex 7.05342 -9.7082 0
      vertex 7.42913 -9.4238 0
    endloop
  endfacet
  facet normal 0.603549 -0.797326 0
    outer loop
      vertex 7.05342 -9.7082 10.8
      vertex 7.42913 -9.4238 13
      vertex 7.05342 -9.7082 13
    endloop
  endfacet
  facet normal 0.603549 -0.797326 0
    outer loop
      vertex 7.42913 -9.4238 13
      vertex 7.05342 -9.7082 10.8
      vertex 7.42913 -9.4238 10.8
    endloop
  endfacet
  facet normal 0.664253 -0.747508 0
    outer loop
      vertex 7.79338 -9.12487 10.8
      vertex 8.14561 -8.81187 13
      vertex 7.79338 -9.12487 13
    endloop
  endfacet
  facet normal 0.664253 -0.747508 0
    outer loop
      vertex 8.14561 -8.81187 13
      vertex 7.79338 -9.12487 10.8
      vertex 8.14561 -8.81187 10.8
    endloop
  endfacet
  facet normal 0.664253 -0.747508 0
    outer loop
      vertex 7.79338 -9.12487 0
      vertex 8.14561 -8.81187 2.2
      vertex 7.79338 -9.12487 2.2
    endloop
  endfacet
  facet normal 0.664253 -0.747508 0
    outer loop
      vertex 8.14561 -8.81187 2.2
      vertex 7.79338 -9.12487 0
      vertex 8.14561 -8.81187 0
    endloop
  endfacet
  facet normal -0.175927 0.984403 0
    outer loop
      vertex -1.87721 11.8523 10.8
      vertex -2.34108 11.7694 13
      vertex -1.87721 11.8523 13
    endloop
  endfacet
  facet normal -0.175927 0.984403 0
    outer loop
      vertex -2.34108 11.7694 13
      vertex -1.87721 11.8523 10.8
      vertex -2.34108 11.7694 10.8
    endloop
  endfacet
  facet normal -0.175927 0.984403 0
    outer loop
      vertex -1.87721 11.8523 0
      vertex -2.34108 11.7694 2.2
      vertex -1.87721 11.8523 2.2
    endloop
  endfacet
  facet normal -0.175927 0.984403 0
    outer loop
      vertex -2.34108 11.7694 2.2
      vertex -1.87721 11.8523 0
      vertex -2.34108 11.7694 0
    endloop
  endfacet
  facet normal 0.603549 0.797326 -0
    outer loop
      vertex 7.42913 9.4238 10.8
      vertex 7.05342 9.7082 13
      vertex 7.42913 9.4238 13
    endloop
  endfacet
  facet normal 0.603549 0.797326 0
    outer loop
      vertex 7.05342 9.7082 13
      vertex 7.42913 9.4238 10.8
      vertex 7.05342 9.7082 10.8
    endloop
  endfacet
  facet normal 0.603549 0.797326 -0
    outer loop
      vertex 7.42913 9.4238 0
      vertex 7.05342 9.7082 2.2
      vertex 7.42913 9.4238 2.2
    endloop
  endfacet
  facet normal 0.603549 0.797326 0
    outer loop
      vertex 7.05342 9.7082 2.2
      vertex 7.42913 9.4238 0
      vertex 7.05342 9.7082 0
    endloop
  endfacet
  facet normal -0.72085 -0.693091 0
    outer loop
      vertex -8.48528 -8.48528 0
      vertex -8.81187 -8.14561 2.2
      vertex -8.81187 -8.14561 0
    endloop
  endfacet
  facet normal -0.72085 -0.693091 0
    outer loop
      vertex -8.81187 -8.14561 2.2
      vertex -8.48528 -8.48528 0
      vertex -8.48528 -8.48528 2.2
    endloop
  endfacet
  facet normal -0.72085 -0.693091 0
    outer loop
      vertex -8.48528 -8.48528 10.8
      vertex -8.81187 -8.14561 13
      vertex -8.81187 -8.14561 10.8
    endloop
  endfacet
  facet normal -0.72085 -0.693091 0
    outer loop
      vertex -8.81187 -8.14561 13
      vertex -8.48528 -8.48528 10.8
      vertex -8.48528 -8.48528 13
    endloop
  endfacet
  facet normal -0.0587853 -0.998271 0
    outer loop
      vertex -0.941508 -11.963 10.8
      vertex -0.471117 -11.9907 13
      vertex -0.941508 -11.963 13
    endloop
  endfacet
  facet normal -0.0587853 -0.998271 -0
    outer loop
      vertex -0.471117 -11.9907 13
      vertex -0.941508 -11.963 10.8
      vertex -0.471117 -11.9907 10.8
    endloop
  endfacet
  facet normal -0.0587853 -0.998271 0
    outer loop
      vertex -0.941508 -11.963 0
      vertex -0.471117 -11.9907 2.2
      vertex -0.941508 -11.963 2.2
    endloop
  endfacet
  facet normal -0.0587853 -0.998271 -0
    outer loop
      vertex -0.471117 -11.9907 2.2
      vertex -0.941508 -11.963 0
      vertex -0.471117 -11.9907 0
    endloop
  endfacet
  facet normal -0.747508 -0.664253 0
    outer loop
      vertex -8.81187 -8.14561 10.8
      vertex -9.12487 -7.79338 13
      vertex -9.12487 -7.79338 10.8
    endloop
  endfacet
  facet normal -0.747508 -0.664253 0
    outer loop
      vertex -9.12487 -7.79338 13
      vertex -8.81187 -8.14561 10.8
      vertex -8.81187 -8.14561 13
    endloop
  endfacet
  facet normal -0.747508 -0.664253 0
    outer loop
      vertex -8.81187 -8.14561 0
      vertex -9.12487 -7.79338 2.2
      vertex -9.12487 -7.79338 0
    endloop
  endfacet
  facet normal -0.747508 -0.664253 0
    outer loop
      vertex -9.12487 -7.79338 2.2
      vertex -8.81187 -8.14561 0
      vertex -8.81187 -8.14561 2.2
    endloop
  endfacet
  facet normal 0.0587853 0.998271 -0
    outer loop
      vertex 0.941508 11.963 10.8
      vertex 0.471117 11.9907 13
      vertex 0.941508 11.963 13
    endloop
  endfacet
  facet normal 0.0587853 0.998271 0
    outer loop
      vertex 0.471117 11.9907 13
      vertex 0.941508 11.963 10.8
      vertex 0.471117 11.9907 10.8
    endloop
  endfacet
  facet normal 0.0587853 0.998271 -0
    outer loop
      vertex 0.941508 11.963 0
      vertex 0.471117 11.9907 2.2
      vertex 0.941508 11.963 2.2
    endloop
  endfacet
  facet normal 0.0587853 0.998271 0
    outer loop
      vertex 0.471117 11.9907 2.2
      vertex 0.941508 11.963 0
      vertex 0.471117 11.9907 0
    endloop
  endfacet
  facet normal -0.327664 -0.944794 0
    outer loop
      vertex -4.1534 -11.2583 0
      vertex -3.7082 -11.4127 2.2
      vertex -4.1534 -11.2583 2.2
    endloop
  endfacet
  facet normal -0.327664 -0.944794 -0
    outer loop
      vertex -3.7082 -11.4127 2.2
      vertex -4.1534 -11.2583 0
      vertex -3.7082 -11.4127 0
    endloop
  endfacet
  facet normal -0.327664 -0.944794 0
    outer loop
      vertex -4.1534 -11.2583 10.8
      vertex -3.7082 -11.4127 13
      vertex -4.1534 -11.2583 13
    endloop
  endfacet
  facet normal -0.327664 -0.944794 -0
    outer loop
      vertex -3.7082 -11.4127 13
      vertex -4.1534 -11.2583 10.8
      vertex -3.7082 -11.4127 10.8
    endloop
  endfacet
  facet normal 0.931246 0.364391 0
    outer loop
      vertex 11.2583 4.1534 2.2
      vertex 11.0866 4.5922 0
      vertex 11.0866 4.5922 2.2
    endloop
  endfacet
  facet normal 0.931246 0.364391 0
    outer loop
      vertex 11.0866 4.5922 0
      vertex 11.2583 4.1534 2.2
      vertex 11.2583 4.1534 0
    endloop
  endfacet
  facet normal 0.931246 0.364391 0
    outer loop
      vertex 11.2583 4.1534 13
      vertex 11.0866 4.5922 10.8
      vertex 11.0866 4.5922 13
    endloop
  endfacet
  facet normal 0.931246 0.364391 0
    outer loop
      vertex 11.0866 4.5922 10.8
      vertex 11.2583 4.1534 13
      vertex 11.2583 4.1534 10.8
    endloop
  endfacet
  facet normal -0.327664 0.944794 0
    outer loop
      vertex -3.7082 11.4127 10.8
      vertex -4.1534 11.2583 13
      vertex -3.7082 11.4127 13
    endloop
  endfacet
  facet normal -0.327664 0.944794 0
    outer loop
      vertex -4.1534 11.2583 13
      vertex -3.7082 11.4127 10.8
      vertex -4.1534 11.2583 10.8
    endloop
  endfacet
  facet normal -0.327664 0.944794 0
    outer loop
      vertex -3.7082 11.4127 0
      vertex -4.1534 11.2583 2.2
      vertex -3.7082 11.4127 2.2
    endloop
  endfacet
  facet normal -0.327664 0.944794 0
    outer loop
      vertex -4.1534 11.2583 2.2
      vertex -3.7082 11.4127 0
      vertex -4.1534 11.2583 0
    endloop
  endfacet
  facet normal -0.364391 0.931246 0
    outer loop
      vertex -4.1534 11.2583 10.8
      vertex -4.5922 11.0866 13
      vertex -4.1534 11.2583 13
    endloop
  endfacet
  facet normal -0.364391 0.931246 0
    outer loop
      vertex -4.5922 11.0866 13
      vertex -4.1534 11.2583 10.8
      vertex -4.5922 11.0866 10.8
    endloop
  endfacet
  facet normal -0.364391 0.931246 0
    outer loop
      vertex -4.1534 11.2583 0
      vertex -4.5922 11.0866 2.2
      vertex -4.1534 11.2583 2.2
    endloop
  endfacet
  facet normal -0.364391 0.931246 0
    outer loop
      vertex -4.5922 11.0866 2.2
      vertex -4.1534 11.2583 0
      vertex -4.5922 11.0866 0
    endloop
  endfacet
  facet normal 0.400859 -0.91614 0
    outer loop
      vertex 4.5922 -11.0866 10.8
      vertex 5.02392 -10.8977 13
      vertex 4.5922 -11.0866 13
    endloop
  endfacet
  facet normal 0.400859 -0.91614 0
    outer loop
      vertex 5.02392 -10.8977 13
      vertex 4.5922 -11.0866 10.8
      vertex 5.02392 -10.8977 10.8
    endloop
  endfacet
  facet normal 0.400859 -0.91614 0
    outer loop
      vertex 4.5922 -11.0866 0
      vertex 5.02392 -10.8977 2.2
      vertex 4.5922 -11.0866 2.2
    endloop
  endfacet
  facet normal 0.400859 -0.91614 0
    outer loop
      vertex 5.02392 -10.8977 2.2
      vertex 4.5922 -11.0866 0
      vertex 5.02392 -10.8977 0
    endloop
  endfacet
  facet normal 0.976759 0.214341 0
    outer loop
      vertex 11.7694 2.34108 13
      vertex 11.6684 2.80134 10.8
      vertex 11.6684 2.80134 13
    endloop
  endfacet
  facet normal 0.976759 0.214341 0
    outer loop
      vertex 11.6684 2.80134 10.8
      vertex 11.7694 2.34108 13
      vertex 11.7694 2.34108 10.8
    endloop
  endfacet
  facet normal 0.976759 0.214341 0
    outer loop
      vertex 11.7694 2.34108 2.2
      vertex 11.6684 2.80134 0
      vertex 11.6684 2.80134 2.2
    endloop
  endfacet
  facet normal 0.976759 0.214341 0
    outer loop
      vertex 11.6684 2.80134 0
      vertex 11.7694 2.34108 2.2
      vertex 11.7694 2.34108 0
    endloop
  endfacet
  facet normal 0.944794 0.327664 0
    outer loop
      vertex 11.4127 3.7082 2.2
      vertex 11.2583 4.1534 0
      vertex 11.2583 4.1534 2.2
    endloop
  endfacet
  facet normal 0.944794 0.327664 0
    outer loop
      vertex 11.2583 4.1534 0
      vertex 11.4127 3.7082 2.2
      vertex 11.4127 3.7082 0
    endloop
  endfacet
  facet normal 0.944794 0.327664 0
    outer loop
      vertex 11.4127 3.7082 13
      vertex 11.2583 4.1534 10.8
      vertex 11.2583 4.1534 13
    endloop
  endfacet
  facet normal 0.944794 0.327664 0
    outer loop
      vertex 11.2583 4.1534 10.8
      vertex 11.4127 3.7082 13
      vertex 11.4127 3.7082 10.8
    endloop
  endfacet
  facet normal 0.63439 0.773013 -0
    outer loop
      vertex 7.79338 9.12487 10.8
      vertex 7.42913 9.4238 13
      vertex 7.79338 9.12487 13
    endloop
  endfacet
  facet normal 0.63439 0.773013 0
    outer loop
      vertex 7.42913 9.4238 13
      vertex 7.79338 9.12487 10.8
      vertex 7.42913 9.4238 10.8
    endloop
  endfacet
  facet normal 0.63439 0.773013 -0
    outer loop
      vertex 7.79338 9.12487 0
      vertex 7.42913 9.4238 2.2
      vertex 7.79338 9.12487 2.2
    endloop
  endfacet
  facet normal 0.63439 0.773013 0
    outer loop
      vertex 7.42913 9.4238 2.2
      vertex 7.79338 9.12487 0
      vertex 7.42913 9.4238 0
    endloop
  endfacet
  facet normal 0.773013 0.63439 0
    outer loop
      vertex 9.4238 7.42913 13
      vertex 9.12487 7.79338 10.8
      vertex 9.12487 7.79338 13
    endloop
  endfacet
  facet normal 0.773013 0.63439 0
    outer loop
      vertex 9.12487 7.79338 10.8
      vertex 9.4238 7.42913 13
      vertex 9.4238 7.42913 10.8
    endloop
  endfacet
  facet normal 0.773013 0.63439 0
    outer loop
      vertex 9.4238 7.42913 2.2
      vertex 9.12487 7.79338 0
      vertex 9.12487 7.79338 2.2
    endloop
  endfacet
  facet normal 0.773013 0.63439 0
    outer loop
      vertex 9.12487 7.79338 0
      vertex 9.4238 7.42913 2.2
      vertex 9.4238 7.42913 0
    endloop
  endfacet
  facet normal -0.95693 -0.29032 0
    outer loop
      vertex -11.4127 -3.7082 0
      vertex -11.5495 -3.25729 2.2
      vertex -11.5495 -3.25729 0
    endloop
  endfacet
  facet normal -0.95693 -0.29032 0
    outer loop
      vertex -11.5495 -3.25729 2.2
      vertex -11.4127 -3.7082 0
      vertex -11.4127 -3.7082 2.2
    endloop
  endfacet
  facet normal -0.95693 -0.29032 0
    outer loop
      vertex -11.4127 -3.7082 10.8
      vertex -11.5495 -3.25729 13
      vertex -11.5495 -3.25729 10.8
    endloop
  endfacet
  facet normal -0.95693 -0.29032 0
    outer loop
      vertex -11.5495 -3.25729 13
      vertex -11.4127 -3.7082 10.8
      vertex -11.4127 -3.7082 13
    endloop
  endfacet
  facet normal -0.571786 0.820403 0
    outer loop
      vertex -6.66684 9.97763 10.8
      vertex -7.05342 9.7082 13
      vertex -6.66684 9.97763 13
    endloop
  endfacet
  facet normal -0.571786 0.820403 0
    outer loop
      vertex -7.05342 9.7082 13
      vertex -6.66684 9.97763 10.8
      vertex -7.05342 9.7082 10.8
    endloop
  endfacet
  facet normal -0.571786 0.820403 0
    outer loop
      vertex -6.66684 9.97763 0
      vertex -7.05342 9.7082 2.2
      vertex -6.66684 9.97763 2.2
    endloop
  endfacet
  facet normal -0.571786 0.820403 0
    outer loop
      vertex -7.05342 9.7082 2.2
      vertex -6.66684 9.97763 0
      vertex -7.05342 9.7082 0
    endloop
  endfacet
  facet normal -0.990587 0.136886 0
    outer loop
      vertex -11.9168 1.41045 0
      vertex -11.8523 1.87721 2.2
      vertex -11.8523 1.87721 0
    endloop
  endfacet
  facet normal -0.990587 0.136886 0
    outer loop
      vertex -11.8523 1.87721 2.2
      vertex -11.9168 1.41045 0
      vertex -11.9168 1.41045 2.2
    endloop
  endfacet
  facet normal -0.990587 0.136886 0
    outer loop
      vertex -11.9168 1.41045 10.8
      vertex -11.8523 1.87721 13
      vertex -11.8523 1.87721 10.8
    endloop
  endfacet
  facet normal -0.990587 0.136886 0
    outer loop
      vertex -11.8523 1.87721 13
      vertex -11.9168 1.41045 10.8
      vertex -11.9168 1.41045 13
    endloop
  endfacet
  facet normal -0.539174 0.842195 0
    outer loop
      vertex -6.26998 10.2317 10.8
      vertex -6.66684 9.97763 13
      vertex -6.26998 10.2317 13
    endloop
  endfacet
  facet normal -0.539174 0.842195 0
    outer loop
      vertex -6.66684 9.97763 13
      vertex -6.26998 10.2317 10.8
      vertex -6.66684 9.97763 10.8
    endloop
  endfacet
  facet normal -0.539174 0.842195 0
    outer loop
      vertex -6.26998 10.2317 0
      vertex -6.66684 9.97763 2.2
      vertex -6.26998 10.2317 2.2
    endloop
  endfacet
  facet normal -0.539174 0.842195 0
    outer loop
      vertex -6.66684 9.97763 2.2
      vertex -6.26998 10.2317 0
      vertex -6.66684 9.97763 0
    endloop
  endfacet
  facet normal 0.944794 -0.327664 0
    outer loop
      vertex 11.2583 -4.1534 2.2
      vertex 11.4127 -3.7082 0
      vertex 11.4127 -3.7082 2.2
    endloop
  endfacet
  facet normal 0.944794 -0.327664 0
    outer loop
      vertex 11.4127 -3.7082 0
      vertex 11.2583 -4.1534 2.2
      vertex 11.2583 -4.1534 0
    endloop
  endfacet
  facet normal 0.944794 -0.327664 0
    outer loop
      vertex 11.2583 -4.1534 13
      vertex 11.4127 -3.7082 10.8
      vertex 11.4127 -3.7082 13
    endloop
  endfacet
  facet normal 0.944794 -0.327664 0
    outer loop
      vertex 11.4127 -3.7082 10.8
      vertex 11.2583 -4.1534 13
      vertex 11.2583 -4.1534 10.8
    endloop
  endfacet
  facet normal 0.995182 -0.098045 0
    outer loop
      vertex 11.9168 -1.41045 2.2
      vertex 11.963 -0.941508 0
      vertex 11.963 -0.941508 2.2
    endloop
  endfacet
  facet normal 0.995182 -0.098045 0
    outer loop
      vertex 11.963 -0.941508 0
      vertex 11.9168 -1.41045 2.2
      vertex 11.9168 -1.41045 0
    endloop
  endfacet
  facet normal 0.995182 -0.098045 0
    outer loop
      vertex 11.9168 -1.41045 13
      vertex 11.963 -0.941508 10.8
      vertex 11.963 -0.941508 13
    endloop
  endfacet
  facet normal 0.995182 -0.098045 0
    outer loop
      vertex 11.963 -0.941508 10.8
      vertex 11.9168 -1.41045 13
      vertex 11.9168 -1.41045 10.8
    endloop
  endfacet
  facet normal 0.976759 -0.214341 0
    outer loop
      vertex 11.6684 -2.80134 13
      vertex 11.7694 -2.34108 10.8
      vertex 11.7694 -2.34108 13
    endloop
  endfacet
  facet normal 0.976759 -0.214341 0
    outer loop
      vertex 11.7694 -2.34108 10.8
      vertex 11.6684 -2.80134 13
      vertex 11.6684 -2.80134 10.8
    endloop
  endfacet
  facet normal 0.976759 -0.214341 0
    outer loop
      vertex 11.6684 -2.80134 2.2
      vertex 11.7694 -2.34108 0
      vertex 11.7694 -2.34108 2.2
    endloop
  endfacet
  facet normal 0.976759 -0.214341 0
    outer loop
      vertex 11.7694 -2.34108 0
      vertex 11.6684 -2.80134 2.2
      vertex 11.6684 -2.80134 0
    endloop
  endfacet
  facet normal -0.976759 0.214341 0
    outer loop
      vertex -11.7694 2.34108 0
      vertex -11.6684 2.80134 2.2
      vertex -11.6684 2.80134 0
    endloop
  endfacet
  facet normal -0.976759 0.214341 0
    outer loop
      vertex -11.6684 2.80134 2.2
      vertex -11.7694 2.34108 0
      vertex -11.7694 2.34108 2.2
    endloop
  endfacet
  facet normal -0.976759 0.214341 0
    outer loop
      vertex -11.7694 2.34108 10.8
      vertex -11.6684 2.80134 13
      vertex -11.6684 2.80134 10.8
    endloop
  endfacet
  facet normal -0.976759 0.214341 0
    outer loop
      vertex -11.6684 2.80134 13
      vertex -11.7694 2.34108 10.8
      vertex -11.7694 2.34108 13
    endloop
  endfacet
  facet normal -0.773013 -0.63439 0
    outer loop
      vertex -9.12487 -7.79338 10.8
      vertex -9.4238 -7.42913 13
      vertex -9.4238 -7.42913 10.8
    endloop
  endfacet
  facet normal -0.773013 -0.63439 0
    outer loop
      vertex -9.4238 -7.42913 13
      vertex -9.12487 -7.79338 10.8
      vertex -9.12487 -7.79338 13
    endloop
  endfacet
  facet normal -0.773013 -0.63439 0
    outer loop
      vertex -9.12487 -7.79338 0
      vertex -9.4238 -7.42913 2.2
      vertex -9.4238 -7.42913 0
    endloop
  endfacet
  facet normal -0.773013 -0.63439 0
    outer loop
      vertex -9.4238 -7.42913 2.2
      vertex -9.12487 -7.79338 0
      vertex -9.12487 -7.79338 2.2
    endloop
  endfacet
  facet normal -0.862708 -0.505703 0
    outer loop
      vertex -10.2317 -6.26998 0
      vertex -10.47 -5.86345 2.2
      vertex -10.47 -5.86345 0
    endloop
  endfacet
  facet normal -0.862708 -0.505703 0
    outer loop
      vertex -10.47 -5.86345 2.2
      vertex -10.2317 -6.26998 0
      vertex -10.2317 -6.26998 2.2
    endloop
  endfacet
  facet normal -0.862708 -0.505703 0
    outer loop
      vertex -10.2317 -6.26998 10.8
      vertex -10.47 -5.86345 13
      vertex -10.47 -5.86345 10.8
    endloop
  endfacet
  facet normal -0.862708 -0.505703 0
    outer loop
      vertex -10.47 -5.86345 13
      vertex -10.2317 -6.26998 10.8
      vertex -10.2317 -6.26998 13
    endloop
  endfacet
  facet normal -0.999805 0.0197365 0
    outer loop
      vertex -12 0 10.8
      vertex -11.9907 0.471117 13
      vertex -11.9907 0.471117 10.8
    endloop
  endfacet
  facet normal -0.999805 0.0197365 0
    outer loop
      vertex -11.9907 0.471117 13
      vertex -12 0 10.8
      vertex -12 0 13
    endloop
  endfacet
  facet normal -0.999805 0.0197365 0
    outer loop
      vertex -12 0 0
      vertex -11.9907 0.471117 2.2
      vertex -11.9907 0.471117 0
    endloop
  endfacet
  facet normal -0.999805 0.0197365 0
    outer loop
      vertex -11.9907 0.471117 2.2
      vertex -12 0 0
      vertex -12 0 2.2
    endloop
  endfacet
  facet normal 0.990587 0.136886 0
    outer loop
      vertex 11.9168 1.41045 2.2
      vertex 11.8523 1.87721 0
      vertex 11.8523 1.87721 2.2
    endloop
  endfacet
  facet normal 0.990587 0.136886 0
    outer loop
      vertex 11.8523 1.87721 0
      vertex 11.9168 1.41045 2.2
      vertex 11.9168 1.41045 0
    endloop
  endfacet
  facet normal 0.990587 0.136886 0
    outer loop
      vertex 11.9168 1.41045 13
      vertex 11.8523 1.87721 10.8
      vertex 11.8523 1.87721 13
    endloop
  endfacet
  facet normal 0.990587 0.136886 0
    outer loop
      vertex 11.8523 1.87721 10.8
      vertex 11.9168 1.41045 13
      vertex 11.9168 1.41045 10.8
    endloop
  endfacet
  facet normal 0.96764 0.252336 0
    outer loop
      vertex 11.6684 2.80134 13
      vertex 11.5495 3.25729 10.8
      vertex 11.5495 3.25729 13
    endloop
  endfacet
  facet normal 0.96764 0.252336 0
    outer loop
      vertex 11.5495 3.25729 10.8
      vertex 11.6684 2.80134 13
      vertex 11.6684 2.80134 10.8
    endloop
  endfacet
  facet normal 0.96764 0.252336 0
    outer loop
      vertex 11.6684 2.80134 2.2
      vertex 11.5495 3.25729 0
      vertex 11.5495 3.25729 2.2
    endloop
  endfacet
  facet normal 0.96764 0.252336 0
    outer loop
      vertex 11.5495 3.25729 0
      vertex 11.6684 2.80134 2.2
      vertex 11.6684 2.80134 0
    endloop
  endfacet
  facet normal 0.364391 -0.931246 0
    outer loop
      vertex 4.1534 -11.2583 10.8
      vertex 4.5922 -11.0866 13
      vertex 4.1534 -11.2583 13
    endloop
  endfacet
  facet normal 0.364391 -0.931246 0
    outer loop
      vertex 4.5922 -11.0866 13
      vertex 4.1534 -11.2583 10.8
      vertex 4.5922 -11.0866 10.8
    endloop
  endfacet
  facet normal 0.364391 -0.931246 0
    outer loop
      vertex 4.1534 -11.2583 0
      vertex 4.5922 -11.0866 2.2
      vertex 4.1534 -11.2583 2.2
    endloop
  endfacet
  facet normal 0.364391 -0.931246 0
    outer loop
      vertex 4.5922 -11.0866 2.2
      vertex 4.1534 -11.2583 0
      vertex 4.5922 -11.0866 0
    endloop
  endfacet
  facet normal -0.400859 0.91614 0
    outer loop
      vertex -4.5922 11.0866 10.8
      vertex -5.02392 10.8977 13
      vertex -4.5922 11.0866 13
    endloop
  endfacet
  facet normal -0.400859 0.91614 0
    outer loop
      vertex -5.02392 10.8977 13
      vertex -4.5922 11.0866 10.8
      vertex -5.02392 10.8977 10.8
    endloop
  endfacet
  facet normal -0.400859 0.91614 0
    outer loop
      vertex -4.5922 11.0866 0
      vertex -5.02392 10.8977 2.2
      vertex -4.5922 11.0866 2.2
    endloop
  endfacet
  facet normal -0.400859 0.91614 0
    outer loop
      vertex -5.02392 10.8977 2.2
      vertex -4.5922 11.0866 0
      vertex -5.02392 10.8977 0
    endloop
  endfacet
  facet normal 0.098045 0.995182 -0
    outer loop
      vertex 1.41045 11.9168 0
      vertex 0.941508 11.963 2.2
      vertex 1.41045 11.9168 2.2
    endloop
  endfacet
  facet normal 0.098045 0.995182 0
    outer loop
      vertex 0.941508 11.963 2.2
      vertex 1.41045 11.9168 0
      vertex 0.941508 11.963 0
    endloop
  endfacet
  facet normal 0.098045 0.995182 -0
    outer loop
      vertex 1.41045 11.9168 10.8
      vertex 0.941508 11.963 13
      vertex 1.41045 11.9168 13
    endloop
  endfacet
  facet normal 0.098045 0.995182 0
    outer loop
      vertex 0.941508 11.963 13
      vertex 1.41045 11.9168 10.8
      vertex 0.941508 11.963 10.8
    endloop
  endfacet
  facet normal 0.539174 0.842195 -0
    outer loop
      vertex 6.66684 9.97763 0
      vertex 6.26998 10.2317 2.2
      vertex 6.66684 9.97763 2.2
    endloop
  endfacet
  facet normal 0.539174 0.842195 0
    outer loop
      vertex 6.26998 10.2317 2.2
      vertex 6.66684 9.97763 0
      vertex 6.26998 10.2317 0
    endloop
  endfacet
  facet normal 0.539174 0.842195 -0
    outer loop
      vertex 6.66684 9.97763 10.8
      vertex 6.26998 10.2317 13
      vertex 6.66684 9.97763 13
    endloop
  endfacet
  facet normal 0.539174 0.842195 0
    outer loop
      vertex 6.26998 10.2317 13
      vertex 6.66684 9.97763 10.8
      vertex 6.26998 10.2317 10.8
    endloop
  endfacet
  facet normal 0.999805 -0.0197365 0
    outer loop
      vertex 11.9907 -0.471117 13
      vertex 12 0 10.8
      vertex 12 0 13
    endloop
  endfacet
  facet normal 0.999805 -0.0197365 0
    outer loop
      vertex 12 0 10.8
      vertex 11.9907 -0.471117 13
      vertex 11.9907 -0.471117 10.8
    endloop
  endfacet
  facet normal 0.999805 -0.0197365 0
    outer loop
      vertex 11.9907 -0.471117 2.2
      vertex 12 0 0
      vertex 12 0 2.2
    endloop
  endfacet
  facet normal 0.999805 -0.0197365 0
    outer loop
      vertex 12 0 0
      vertex 11.9907 -0.471117 2.2
      vertex 11.9907 -0.471117 0
    endloop
  endfacet
  facet normal 0.0197365 0.999805 -0
    outer loop
      vertex 0.471117 11.9907 10.8
      vertex 0 12 13
      vertex 0.471117 11.9907 13
    endloop
  endfacet
  facet normal 0.0197365 0.999805 0
    outer loop
      vertex 0 12 13
      vertex 0.471117 11.9907 10.8
      vertex 0 12 10.8
    endloop
  endfacet
  facet normal 0.0197365 0.999805 -0
    outer loop
      vertex 0.471117 11.9907 0
      vertex 0 12 2.2
      vertex 0.471117 11.9907 2.2
    endloop
  endfacet
  facet normal 0.0197365 0.999805 0
    outer loop
      vertex 0 12 2.2
      vertex 0.471117 11.9907 0
      vertex 0 12 0
    endloop
  endfacet
  facet normal 0.984403 0.175927 0
    outer loop
      vertex 11.8523 1.87721 13
      vertex 11.7694 2.34108 10.8
      vertex 11.7694 2.34108 13
    endloop
  endfacet
  facet normal 0.984403 0.175927 0
    outer loop
      vertex 11.7694 2.34108 10.8
      vertex 11.8523 1.87721 13
      vertex 11.8523 1.87721 10.8
    endloop
  endfacet
  facet normal 0.984403 0.175927 0
    outer loop
      vertex 11.8523 1.87721 2.2
      vertex 11.7694 2.34108 0
      vertex 11.7694 2.34108 2.2
    endloop
  endfacet
  facet normal 0.984403 0.175927 0
    outer loop
      vertex 11.7694 2.34108 0
      vertex 11.8523 1.87721 2.2
      vertex 11.8523 1.87721 0
    endloop
  endfacet
  facet normal 0.136886 -0.990587 0
    outer loop
      vertex 1.41045 -11.9168 10.8
      vertex 1.87721 -11.8523 13
      vertex 1.41045 -11.9168 13
    endloop
  endfacet
  facet normal 0.136886 -0.990587 0
    outer loop
      vertex 1.87721 -11.8523 13
      vertex 1.41045 -11.9168 10.8
      vertex 1.87721 -11.8523 10.8
    endloop
  endfacet
  facet normal 0.136886 -0.990587 0
    outer loop
      vertex 1.41045 -11.9168 0
      vertex 1.87721 -11.8523 2.2
      vertex 1.41045 -11.9168 2.2
    endloop
  endfacet
  facet normal 0.136886 -0.990587 0
    outer loop
      vertex 1.87721 -11.8523 2.2
      vertex 1.41045 -11.9168 0
      vertex 1.87721 -11.8523 0
    endloop
  endfacet
  facet normal 0.664253 0.747508 -0
    outer loop
      vertex 8.14561 8.81187 0
      vertex 7.79338 9.12487 2.2
      vertex 8.14561 8.81187 2.2
    endloop
  endfacet
  facet normal 0.664253 0.747508 0
    outer loop
      vertex 7.79338 9.12487 2.2
      vertex 8.14561 8.81187 0
      vertex 7.79338 9.12487 0
    endloop
  endfacet
  facet normal 0.664253 0.747508 -0
    outer loop
      vertex 8.14561 8.81187 10.8
      vertex 7.79338 9.12487 13
      vertex 8.14561 8.81187 13
    endloop
  endfacet
  facet normal 0.664253 0.747508 0
    outer loop
      vertex 7.79338 9.12487 13
      vertex 8.14561 8.81187 10.8
      vertex 7.79338 9.12487 10.8
    endloop
  endfacet
  facet normal -0.944794 -0.327664 0
    outer loop
      vertex -11.2583 -4.1534 10.8
      vertex -11.4127 -3.7082 13
      vertex -11.4127 -3.7082 10.8
    endloop
  endfacet
  facet normal -0.944794 -0.327664 0
    outer loop
      vertex -11.4127 -3.7082 13
      vertex -11.2583 -4.1534 10.8
      vertex -11.2583 -4.1534 13
    endloop
  endfacet
  facet normal -0.944794 -0.327664 0
    outer loop
      vertex -11.2583 -4.1534 0
      vertex -11.4127 -3.7082 2.2
      vertex -11.4127 -3.7082 0
    endloop
  endfacet
  facet normal -0.944794 -0.327664 0
    outer loop
      vertex -11.4127 -3.7082 2.2
      vertex -11.2583 -4.1534 0
      vertex -11.2583 -4.1534 2.2
    endloop
  endfacet
  facet normal -0.136886 0.990587 0
    outer loop
      vertex -1.41045 11.9168 10.8
      vertex -1.87721 11.8523 13
      vertex -1.41045 11.9168 13
    endloop
  endfacet
  facet normal -0.136886 0.990587 0
    outer loop
      vertex -1.87721 11.8523 13
      vertex -1.41045 11.9168 10.8
      vertex -1.87721 11.8523 10.8
    endloop
  endfacet
  facet normal -0.136886 0.990587 0
    outer loop
      vertex -1.41045 11.9168 0
      vertex -1.87721 11.8523 2.2
      vertex -1.41045 11.9168 2.2
    endloop
  endfacet
  facet normal -0.136886 0.990587 0
    outer loop
      vertex -1.87721 11.8523 2.2
      vertex -1.41045 11.9168 0
      vertex -1.87721 11.8523 0
    endloop
  endfacet
  facet normal -0.400859 -0.91614 0
    outer loop
      vertex -5.02392 -10.8977 10.8
      vertex -4.5922 -11.0866 13
      vertex -5.02392 -10.8977 13
    endloop
  endfacet
  facet normal -0.400859 -0.91614 -0
    outer loop
      vertex -4.5922 -11.0866 13
      vertex -5.02392 -10.8977 10.8
      vertex -4.5922 -11.0866 10.8
    endloop
  endfacet
  facet normal -0.400859 -0.91614 0
    outer loop
      vertex -5.02392 -10.8977 0
      vertex -4.5922 -11.0866 2.2
      vertex -5.02392 -10.8977 2.2
    endloop
  endfacet
  facet normal -0.400859 -0.91614 -0
    outer loop
      vertex -4.5922 -11.0866 2.2
      vertex -5.02392 -10.8977 0
      vertex -4.5922 -11.0866 0
    endloop
  endfacet
  facet normal 0.747508 0.664253 0
    outer loop
      vertex 9.12487 7.79338 2.2
      vertex 8.81187 8.14561 0
      vertex 8.81187 8.14561 2.2
    endloop
  endfacet
  facet normal 0.747508 0.664253 0
    outer loop
      vertex 8.81187 8.14561 0
      vertex 9.12487 7.79338 2.2
      vertex 9.12487 7.79338 0
    endloop
  endfacet
  facet normal 0.747508 0.664253 0
    outer loop
      vertex 9.12487 7.79338 13
      vertex 8.81187 8.14561 10.8
      vertex 8.81187 8.14561 13
    endloop
  endfacet
  facet normal 0.747508 0.664253 0
    outer loop
      vertex 8.81187 8.14561 10.8
      vertex 9.12487 7.79338 13
      vertex 9.12487 7.79338 10.8
    endloop
  endfacet
  facet normal -0.539174 -0.842195 0
    outer loop
      vertex -6.66684 -9.97763 0
      vertex -6.26998 -10.2317 2.2
      vertex -6.66684 -9.97763 2.2
    endloop
  endfacet
  facet normal -0.539174 -0.842195 -0
    outer loop
      vertex -6.26998 -10.2317 2.2
      vertex -6.66684 -9.97763 0
      vertex -6.26998 -10.2317 0
    endloop
  endfacet
  facet normal -0.539174 -0.842195 0
    outer loop
      vertex -6.66684 -9.97763 10.8
      vertex -6.26998 -10.2317 13
      vertex -6.66684 -9.97763 13
    endloop
  endfacet
  facet normal -0.539174 -0.842195 -0
    outer loop
      vertex -6.26998 -10.2317 13
      vertex -6.66684 -9.97763 10.8
      vertex -6.26998 -10.2317 10.8
    endloop
  endfacet
  facet normal 0.327664 -0.944794 0
    outer loop
      vertex 3.7082 -11.4127 0
      vertex 4.1534 -11.2583 2.2
      vertex 3.7082 -11.4127 2.2
    endloop
  endfacet
  facet normal 0.327664 -0.944794 0
    outer loop
      vertex 4.1534 -11.2583 2.2
      vertex 3.7082 -11.4127 0
      vertex 4.1534 -11.2583 0
    endloop
  endfacet
  facet normal 0.327664 -0.944794 0
    outer loop
      vertex 3.7082 -11.4127 10.8
      vertex 4.1534 -11.2583 13
      vertex 3.7082 -11.4127 13
    endloop
  endfacet
  facet normal 0.327664 -0.944794 0
    outer loop
      vertex 4.1534 -11.2583 13
      vertex 3.7082 -11.4127 10.8
      vertex 4.1534 -11.2583 10.8
    endloop
  endfacet
  facet normal 0.471361 -0.88194 0
    outer loop
      vertex 5.44789 -10.6921 10.8
      vertex 5.86345 -10.47 13
      vertex 5.44789 -10.6921 13
    endloop
  endfacet
  facet normal 0.471361 -0.88194 0
    outer loop
      vertex 5.86345 -10.47 13
      vertex 5.44789 -10.6921 10.8
      vertex 5.86345 -10.47 10.8
    endloop
  endfacet
  facet normal 0.471361 -0.88194 0
    outer loop
      vertex 5.44789 -10.6921 0
      vertex 5.86345 -10.47 2.2
      vertex 5.44789 -10.6921 2.2
    endloop
  endfacet
  facet normal 0.471361 -0.88194 0
    outer loop
      vertex 5.86345 -10.47 2.2
      vertex 5.44789 -10.6921 0
      vertex 5.86345 -10.47 0
    endloop
  endfacet
  facet normal 0.88194 -0.471361 0
    outer loop
      vertex 10.47 -5.86345 2.2
      vertex 10.6921 -5.44789 0
      vertex 10.6921 -5.44789 2.2
    endloop
  endfacet
  facet normal 0.88194 -0.471361 0
    outer loop
      vertex 10.6921 -5.44789 0
      vertex 10.47 -5.86345 2.2
      vertex 10.47 -5.86345 0
    endloop
  endfacet
  facet normal 0.88194 -0.471361 0
    outer loop
      vertex 10.47 -5.86345 13
      vertex 10.6921 -5.44789 10.8
      vertex 10.6921 -5.44789 13
    endloop
  endfacet
  facet normal 0.88194 -0.471361 0
    outer loop
      vertex 10.6921 -5.44789 10.8
      vertex 10.47 -5.86345 13
      vertex 10.47 -5.86345 10.8
    endloop
  endfacet
  facet normal 0.899782 0.43634 0
    outer loop
      vertex 10.8977 5.02392 2.2
      vertex 10.6921 5.44789 0
      vertex 10.6921 5.44789 2.2
    endloop
  endfacet
  facet normal 0.899782 0.43634 0
    outer loop
      vertex 10.6921 5.44789 0
      vertex 10.8977 5.02392 2.2
      vertex 10.8977 5.02392 0
    endloop
  endfacet
  facet normal 0.899782 0.43634 0
    outer loop
      vertex 10.8977 5.02392 13
      vertex 10.6921 5.44789 10.8
      vertex 10.6921 5.44789 13
    endloop
  endfacet
  facet normal 0.899782 0.43634 0
    outer loop
      vertex 10.6921 5.44789 10.8
      vertex 10.8977 5.02392 13
      vertex 10.8977 5.02392 10.8
    endloop
  endfacet
  facet normal -0.990587 -0.136886 0
    outer loop
      vertex -11.8523 -1.87721 10.8
      vertex -11.9168 -1.41045 13
      vertex -11.9168 -1.41045 10.8
    endloop
  endfacet
  facet normal -0.990587 -0.136886 0
    outer loop
      vertex -11.9168 -1.41045 13
      vertex -11.8523 -1.87721 10.8
      vertex -11.8523 -1.87721 13
    endloop
  endfacet
  facet normal -0.990587 -0.136886 0
    outer loop
      vertex -11.8523 -1.87721 0
      vertex -11.9168 -1.41045 2.2
      vertex -11.9168 -1.41045 0
    endloop
  endfacet
  facet normal -0.990587 -0.136886 0
    outer loop
      vertex -11.9168 -1.41045 2.2
      vertex -11.8523 -1.87721 0
      vertex -11.8523 -1.87721 2.2
    endloop
  endfacet
  facet normal 0.820403 -0.571786 0
    outer loop
      vertex 9.7082 -7.05342 13
      vertex 9.97763 -6.66684 10.8
      vertex 9.97763 -6.66684 13
    endloop
  endfacet
  facet normal 0.820403 -0.571786 0
    outer loop
      vertex 9.97763 -6.66684 10.8
      vertex 9.7082 -7.05342 13
      vertex 9.7082 -7.05342 10.8
    endloop
  endfacet
  facet normal 0.820403 -0.571786 0
    outer loop
      vertex 9.7082 -7.05342 2.2
      vertex 9.97763 -6.66684 0
      vertex 9.97763 -6.66684 2.2
    endloop
  endfacet
  facet normal 0.820403 -0.571786 0
    outer loop
      vertex 9.97763 -6.66684 0
      vertex 9.7082 -7.05342 2.2
      vertex 9.7082 -7.05342 0
    endloop
  endfacet
  facet normal -0.364391 -0.931246 0
    outer loop
      vertex -4.5922 -11.0866 0
      vertex -4.1534 -11.2583 2.2
      vertex -4.5922 -11.0866 2.2
    endloop
  endfacet
  facet normal -0.364391 -0.931246 -0
    outer loop
      vertex -4.1534 -11.2583 2.2
      vertex -4.5922 -11.0866 0
      vertex -4.1534 -11.2583 0
    endloop
  endfacet
  facet normal -0.364391 -0.931246 0
    outer loop
      vertex -4.5922 -11.0866 10.8
      vertex -4.1534 -11.2583 13
      vertex -4.5922 -11.0866 13
    endloop
  endfacet
  facet normal -0.364391 -0.931246 -0
    outer loop
      vertex -4.1534 -11.2583 13
      vertex -4.5922 -11.0866 10.8
      vertex -4.1534 -11.2583 10.8
    endloop
  endfacet
  facet normal 0.72085 -0.693091 0
    outer loop
      vertex 8.48528 -8.48528 13
      vertex 8.81187 -8.14561 10.8
      vertex 8.81187 -8.14561 13
    endloop
  endfacet
  facet normal 0.72085 -0.693091 0
    outer loop
      vertex 8.81187 -8.14561 10.8
      vertex 8.48528 -8.48528 13
      vertex 8.48528 -8.48528 10.8
    endloop
  endfacet
  facet normal 0.72085 -0.693091 0
    outer loop
      vertex 8.48528 -8.48528 2.2
      vertex 8.81187 -8.14561 0
      vertex 8.81187 -8.14561 2.2
    endloop
  endfacet
  facet normal 0.72085 -0.693091 0
    outer loop
      vertex 8.81187 -8.14561 0
      vertex 8.48528 -8.48528 2.2
      vertex 8.48528 -8.48528 0
    endloop
  endfacet
  facet normal -0.252336 0.96764 0
    outer loop
      vertex -2.80134 11.6684 10.8
      vertex -3.25729 11.5495 13
      vertex -2.80134 11.6684 13
    endloop
  endfacet
  facet normal -0.252336 0.96764 0
    outer loop
      vertex -3.25729 11.5495 13
      vertex -2.80134 11.6684 10.8
      vertex -3.25729 11.5495 10.8
    endloop
  endfacet
  facet normal -0.252336 0.96764 0
    outer loop
      vertex -2.80134 11.6684 0
      vertex -3.25729 11.5495 2.2
      vertex -2.80134 11.6684 2.2
    endloop
  endfacet
  facet normal -0.252336 0.96764 0
    outer loop
      vertex -3.25729 11.5495 2.2
      vertex -2.80134 11.6684 0
      vertex -3.25729 11.5495 0
    endloop
  endfacet
  facet normal 0.252336 0.96764 -0
    outer loop
      vertex 3.25729 11.5495 10.8
      vertex 2.80134 11.6684 13
      vertex 3.25729 11.5495 13
    endloop
  endfacet
  facet normal 0.252336 0.96764 0
    outer loop
      vertex 2.80134 11.6684 13
      vertex 3.25729 11.5495 10.8
      vertex 2.80134 11.6684 10.8
    endloop
  endfacet
  facet normal 0.252336 0.96764 -0
    outer loop
      vertex 3.25729 11.5495 0
      vertex 2.80134 11.6684 2.2
      vertex 3.25729 11.5495 2.2
    endloop
  endfacet
  facet normal 0.252336 0.96764 0
    outer loop
      vertex 2.80134 11.6684 2.2
      vertex 3.25729 11.5495 0
      vertex 2.80134 11.6684 0
    endloop
  endfacet
  facet normal 0.797326 0.603549 0
    outer loop
      vertex 9.7082 7.05342 13
      vertex 9.4238 7.42913 10.8
      vertex 9.4238 7.42913 13
    endloop
  endfacet
  facet normal 0.797326 0.603549 0
    outer loop
      vertex 9.4238 7.42913 10.8
      vertex 9.7082 7.05342 13
      vertex 9.7082 7.05342 10.8
    endloop
  endfacet
  facet normal 0.797326 0.603549 0
    outer loop
      vertex 9.7082 7.05342 2.2
      vertex 9.4238 7.42913 0
      vertex 9.4238 7.42913 2.2
    endloop
  endfacet
  facet normal 0.797326 0.603549 0
    outer loop
      vertex 9.4238 7.42913 0
      vertex 9.7082 7.05342 2.2
      vertex 9.7082 7.05342 0
    endloop
  endfacet
  facet normal 0.505703 -0.862708 0
    outer loop
      vertex 5.86345 -10.47 10.8
      vertex 6.26998 -10.2317 13
      vertex 5.86345 -10.47 13
    endloop
  endfacet
  facet normal 0.505703 -0.862708 0
    outer loop
      vertex 6.26998 -10.2317 13
      vertex 5.86345 -10.47 10.8
      vertex 6.26998 -10.2317 10.8
    endloop
  endfacet
  facet normal 0.505703 -0.862708 0
    outer loop
      vertex 5.86345 -10.47 0
      vertex 6.26998 -10.2317 2.2
      vertex 5.86345 -10.47 2.2
    endloop
  endfacet
  facet normal 0.505703 -0.862708 0
    outer loop
      vertex 6.26998 -10.2317 2.2
      vertex 5.86345 -10.47 0
      vertex 6.26998 -10.2317 0
    endloop
  endfacet
  facet normal -0.098045 0.995182 0
    outer loop
      vertex -0.941508 11.963 10.8
      vertex -1.41045 11.9168 13
      vertex -0.941508 11.963 13
    endloop
  endfacet
  facet normal -0.098045 0.995182 0
    outer loop
      vertex -1.41045 11.9168 13
      vertex -0.941508 11.963 10.8
      vertex -1.41045 11.9168 10.8
    endloop
  endfacet
  facet normal -0.098045 0.995182 0
    outer loop
      vertex -0.941508 11.963 0
      vertex -1.41045 11.9168 2.2
      vertex -0.941508 11.963 2.2
    endloop
  endfacet
  facet normal -0.098045 0.995182 0
    outer loop
      vertex -1.41045 11.9168 2.2
      vertex -0.941508 11.963 0
      vertex -1.41045 11.9168 0
    endloop
  endfacet
  facet normal -0.571786 -0.820403 0
    outer loop
      vertex -7.05342 -9.7082 0
      vertex -6.66684 -9.97763 2.2
      vertex -7.05342 -9.7082 2.2
    endloop
  endfacet
  facet normal -0.571786 -0.820403 -0
    outer loop
      vertex -6.66684 -9.97763 2.2
      vertex -7.05342 -9.7082 0
      vertex -6.66684 -9.97763 0
    endloop
  endfacet
  facet normal -0.571786 -0.820403 0
    outer loop
      vertex -7.05342 -9.7082 10.8
      vertex -6.66684 -9.97763 13
      vertex -7.05342 -9.7082 13
    endloop
  endfacet
  facet normal -0.571786 -0.820403 -0
    outer loop
      vertex -6.66684 -9.97763 13
      vertex -7.05342 -9.7082 10.8
      vertex -6.66684 -9.97763 10.8
    endloop
  endfacet
  facet normal -0.0587853 0.998271 0
    outer loop
      vertex -0.471117 11.9907 0
      vertex -0.941508 11.963 2.2
      vertex -0.471117 11.9907 2.2
    endloop
  endfacet
  facet normal -0.0587853 0.998271 0
    outer loop
      vertex -0.941508 11.963 2.2
      vertex -0.471117 11.9907 0
      vertex -0.941508 11.963 0
    endloop
  endfacet
  facet normal -0.0587853 0.998271 0
    outer loop
      vertex -0.471117 11.9907 10.8
      vertex -0.941508 11.963 13
      vertex -0.471117 11.9907 13
    endloop
  endfacet
  facet normal -0.0587853 0.998271 0
    outer loop
      vertex -0.941508 11.963 13
      vertex -0.471117 11.9907 10.8
      vertex -0.941508 11.963 10.8
    endloop
  endfacet
  facet normal -0.998271 -0.0587853 0
    outer loop
      vertex -11.963 -0.941508 10.8
      vertex -11.9907 -0.471117 13
      vertex -11.9907 -0.471117 10.8
    endloop
  endfacet
  facet normal -0.998271 -0.0587853 0
    outer loop
      vertex -11.9907 -0.471117 13
      vertex -11.963 -0.941508 10.8
      vertex -11.963 -0.941508 13
    endloop
  endfacet
  facet normal -0.998271 -0.0587853 0
    outer loop
      vertex -11.963 -0.941508 0
      vertex -11.9907 -0.471117 2.2
      vertex -11.9907 -0.471117 0
    endloop
  endfacet
  facet normal -0.998271 -0.0587853 0
    outer loop
      vertex -11.9907 -0.471117 2.2
      vertex -11.963 -0.941508 0
      vertex -11.963 -0.941508 2.2
    endloop
  endfacet
  facet normal -0.995182 -0.098045 0
    outer loop
      vertex -11.9168 -1.41045 10.8
      vertex -11.963 -0.941508 13
      vertex -11.963 -0.941508 10.8
    endloop
  endfacet
  facet normal -0.995182 -0.098045 0
    outer loop
      vertex -11.963 -0.941508 13
      vertex -11.9168 -1.41045 10.8
      vertex -11.9168 -1.41045 13
    endloop
  endfacet
  facet normal -0.995182 -0.098045 0
    outer loop
      vertex -11.9168 -1.41045 0
      vertex -11.963 -0.941508 2.2
      vertex -11.963 -0.941508 0
    endloop
  endfacet
  facet normal -0.995182 -0.098045 0
    outer loop
      vertex -11.963 -0.941508 2.2
      vertex -11.9168 -1.41045 0
      vertex -11.9168 -1.41045 2.2
    endloop
  endfacet
  facet normal -0.931246 0.364391 0
    outer loop
      vertex -11.2583 4.1534 0
      vertex -11.0866 4.5922 2.2
      vertex -11.0866 4.5922 0
    endloop
  endfacet
  facet normal -0.931246 0.364391 0
    outer loop
      vertex -11.0866 4.5922 2.2
      vertex -11.2583 4.1534 0
      vertex -11.2583 4.1534 2.2
    endloop
  endfacet
  facet normal -0.931246 0.364391 0
    outer loop
      vertex -11.2583 4.1534 10.8
      vertex -11.0866 4.5922 13
      vertex -11.0866 4.5922 10.8
    endloop
  endfacet
  facet normal -0.931246 0.364391 0
    outer loop
      vertex -11.0866 4.5922 13
      vertex -11.2583 4.1534 10.8
      vertex -11.2583 4.1534 13
    endloop
  endfacet
  facet normal 0.88194 0.471361 0
    outer loop
      vertex 10.6921 5.44789 2.2
      vertex 10.47 5.86345 0
      vertex 10.47 5.86345 2.2
    endloop
  endfacet
  facet normal 0.88194 0.471361 0
    outer loop
      vertex 10.47 5.86345 0
      vertex 10.6921 5.44789 2.2
      vertex 10.6921 5.44789 0
    endloop
  endfacet
  facet normal 0.88194 0.471361 0
    outer loop
      vertex 10.6921 5.44789 13
      vertex 10.47 5.86345 10.8
      vertex 10.47 5.86345 13
    endloop
  endfacet
  facet normal 0.88194 0.471361 0
    outer loop
      vertex 10.47 5.86345 10.8
      vertex 10.6921 5.44789 13
      vertex 10.6921 5.44789 10.8
    endloop
  endfacet
  facet normal 0.91614 0.400859 0
    outer loop
      vertex 11.0866 4.5922 2.2
      vertex 10.8977 5.02392 0
      vertex 10.8977 5.02392 2.2
    endloop
  endfacet
  facet normal 0.91614 0.400859 0
    outer loop
      vertex 10.8977 5.02392 0
      vertex 11.0866 4.5922 2.2
      vertex 11.0866 4.5922 0
    endloop
  endfacet
  facet normal 0.91614 0.400859 0
    outer loop
      vertex 11.0866 4.5922 13
      vertex 10.8977 5.02392 10.8
      vertex 10.8977 5.02392 13
    endloop
  endfacet
  facet normal 0.91614 0.400859 0
    outer loop
      vertex 10.8977 5.02392 10.8
      vertex 11.0866 4.5922 13
      vertex 11.0866 4.5922 10.8
    endloop
  endfacet
  facet normal -0.0197365 -0.999805 0
    outer loop
      vertex -0.471117 -11.9907 10.8
      vertex 0 -12 13
      vertex -0.471117 -11.9907 13
    endloop
  endfacet
  facet normal -0.0197365 -0.999805 -0
    outer loop
      vertex 0 -12 13
      vertex -0.471117 -11.9907 10.8
      vertex 0 -12 10.8
    endloop
  endfacet
  facet normal -0.0197365 -0.999805 0
    outer loop
      vertex -0.471117 -11.9907 0
      vertex 0 -12 2.2
      vertex -0.471117 -11.9907 2.2
    endloop
  endfacet
  facet normal -0.0197365 -0.999805 -0
    outer loop
      vertex 0 -12 2.2
      vertex -0.471117 -11.9907 0
      vertex 0 -12 0
    endloop
  endfacet
  facet normal -0.820403 -0.571786 0
    outer loop
      vertex -9.7082 -7.05342 0
      vertex -9.97763 -6.66684 2.2
      vertex -9.97763 -6.66684 0
    endloop
  endfacet
  facet normal -0.820403 -0.571786 0
    outer loop
      vertex -9.97763 -6.66684 2.2
      vertex -9.7082 -7.05342 0
      vertex -9.7082 -7.05342 2.2
    endloop
  endfacet
  facet normal -0.820403 -0.571786 0
    outer loop
      vertex -9.7082 -7.05342 10.8
      vertex -9.97763 -6.66684 13
      vertex -9.97763 -6.66684 10.8
    endloop
  endfacet
  facet normal -0.820403 -0.571786 0
    outer loop
      vertex -9.97763 -6.66684 13
      vertex -9.7082 -7.05342 10.8
      vertex -9.7082 -7.05342 13
    endloop
  endfacet
  facet normal -0.842195 0.539174 0
    outer loop
      vertex -10.2317 6.26998 0
      vertex -9.97763 6.66684 2.2
      vertex -9.97763 6.66684 0
    endloop
  endfacet
  facet normal -0.842195 0.539174 0
    outer loop
      vertex -9.97763 6.66684 2.2
      vertex -10.2317 6.26998 0
      vertex -10.2317 6.26998 2.2
    endloop
  endfacet
  facet normal -0.842195 0.539174 0
    outer loop
      vertex -10.2317 6.26998 10.8
      vertex -9.97763 6.66684 13
      vertex -9.97763 6.66684 10.8
    endloop
  endfacet
  facet normal -0.842195 0.539174 0
    outer loop
      vertex -9.97763 6.66684 13
      vertex -10.2317 6.26998 10.8
      vertex -10.2317 6.26998 13
    endloop
  endfacet
  facet normal -0.693091 -0.72085 0
    outer loop
      vertex -8.48528 -8.48528 0
      vertex -8.14561 -8.81187 2.2
      vertex -8.48528 -8.48528 2.2
    endloop
  endfacet
  facet normal -0.693091 -0.72085 -0
    outer loop
      vertex -8.14561 -8.81187 2.2
      vertex -8.48528 -8.48528 0
      vertex -8.14561 -8.81187 0
    endloop
  endfacet
  facet normal -0.693091 -0.72085 0
    outer loop
      vertex -8.48528 -8.48528 10.8
      vertex -8.14561 -8.81187 13
      vertex -8.48528 -8.48528 13
    endloop
  endfacet
  facet normal -0.693091 -0.72085 -0
    outer loop
      vertex -8.14561 -8.81187 13
      vertex -8.48528 -8.48528 10.8
      vertex -8.14561 -8.81187 10.8
    endloop
  endfacet
  facet normal -0.797326 -0.603549 0
    outer loop
      vertex -9.4238 -7.42913 0
      vertex -9.7082 -7.05342 2.2
      vertex -9.7082 -7.05342 0
    endloop
  endfacet
  facet normal -0.797326 -0.603549 0
    outer loop
      vertex -9.7082 -7.05342 2.2
      vertex -9.4238 -7.42913 0
      vertex -9.4238 -7.42913 2.2
    endloop
  endfacet
  facet normal -0.797326 -0.603549 0
    outer loop
      vertex -9.4238 -7.42913 10.8
      vertex -9.7082 -7.05342 13
      vertex -9.7082 -7.05342 10.8
    endloop
  endfacet
  facet normal -0.797326 -0.603549 0
    outer loop
      vertex -9.7082 -7.05342 13
      vertex -9.4238 -7.42913 10.8
      vertex -9.4238 -7.42913 13
    endloop
  endfacet
  facet normal -0.820403 0.571786 0
    outer loop
      vertex -9.97763 6.66684 0
      vertex -9.7082 7.05342 2.2
      vertex -9.7082 7.05342 0
    endloop
  endfacet
  facet normal -0.820403 0.571786 0
    outer loop
      vertex -9.7082 7.05342 2.2
      vertex -9.97763 6.66684 0
      vertex -9.97763 6.66684 2.2
    endloop
  endfacet
  facet normal -0.820403 0.571786 0
    outer loop
      vertex -9.97763 6.66684 10.8
      vertex -9.7082 7.05342 13
      vertex -9.7082 7.05342 10.8
    endloop
  endfacet
  facet normal -0.820403 0.571786 0
    outer loop
      vertex -9.7082 7.05342 13
      vertex -9.97763 6.66684 10.8
      vertex -9.97763 6.66684 13
    endloop
  endfacet
  facet normal -0.136886 -0.990587 0
    outer loop
      vertex -1.87721 -11.8523 0
      vertex -1.41045 -11.9168 2.2
      vertex -1.87721 -11.8523 2.2
    endloop
  endfacet
  facet normal -0.136886 -0.990587 -0
    outer loop
      vertex -1.41045 -11.9168 2.2
      vertex -1.87721 -11.8523 0
      vertex -1.41045 -11.9168 0
    endloop
  endfacet
  facet normal -0.136886 -0.990587 0
    outer loop
      vertex -1.87721 -11.8523 10.8
      vertex -1.41045 -11.9168 13
      vertex -1.87721 -11.8523 13
    endloop
  endfacet
  facet normal -0.136886 -0.990587 -0
    outer loop
      vertex -1.41045 -11.9168 13
      vertex -1.87721 -11.8523 10.8
      vertex -1.41045 -11.9168 10.8
    endloop
  endfacet
  facet normal -0.944794 0.327664 0
    outer loop
      vertex -11.4127 3.7082 10.8
      vertex -11.2583 4.1534 13
      vertex -11.2583 4.1534 10.8
    endloop
  endfacet
  facet normal -0.944794 0.327664 0
    outer loop
      vertex -11.2583 4.1534 13
      vertex -11.4127 3.7082 10.8
      vertex -11.4127 3.7082 13
    endloop
  endfacet
  facet normal -0.944794 0.327664 0
    outer loop
      vertex -11.4127 3.7082 0
      vertex -11.2583 4.1534 2.2
      vertex -11.2583 4.1534 0
    endloop
  endfacet
  facet normal -0.944794 0.327664 0
    outer loop
      vertex -11.2583 4.1534 2.2
      vertex -11.4127 3.7082 0
      vertex -11.4127 3.7082 2.2
    endloop
  endfacet
  facet normal -0.43634 0.899782 0
    outer loop
      vertex -5.02392 10.8977 0
      vertex -5.44789 10.6921 2.2
      vertex -5.02392 10.8977 2.2
    endloop
  endfacet
  facet normal -0.43634 0.899782 0
    outer loop
      vertex -5.44789 10.6921 2.2
      vertex -5.02392 10.8977 0
      vertex -5.44789 10.6921 0
    endloop
  endfacet
  facet normal -0.43634 0.899782 0
    outer loop
      vertex -5.02392 10.8977 10.8
      vertex -5.44789 10.6921 13
      vertex -5.02392 10.8977 13
    endloop
  endfacet
  facet normal -0.43634 0.899782 0
    outer loop
      vertex -5.44789 10.6921 13
      vertex -5.02392 10.8977 10.8
      vertex -5.44789 10.6921 10.8
    endloop
  endfacet
  facet normal -0.098045 -0.995182 0
    outer loop
      vertex -1.41045 -11.9168 0
      vertex -0.941508 -11.963 2.2
      vertex -1.41045 -11.9168 2.2
    endloop
  endfacet
  facet normal -0.098045 -0.995182 -0
    outer loop
      vertex -0.941508 -11.963 2.2
      vertex -1.41045 -11.9168 0
      vertex -0.941508 -11.963 0
    endloop
  endfacet
  facet normal -0.098045 -0.995182 0
    outer loop
      vertex -1.41045 -11.9168 10.8
      vertex -0.941508 -11.963 13
      vertex -1.41045 -11.9168 13
    endloop
  endfacet
  facet normal -0.098045 -0.995182 -0
    outer loop
      vertex -0.941508 -11.963 13
      vertex -1.41045 -11.9168 10.8
      vertex -0.941508 -11.963 10.8
    endloop
  endfacet
  facet normal -0.505703 0.862708 0
    outer loop
      vertex -5.86345 10.47 10.8
      vertex -6.26998 10.2317 13
      vertex -5.86345 10.47 13
    endloop
  endfacet
  facet normal -0.505703 0.862708 0
    outer loop
      vertex -6.26998 10.2317 13
      vertex -5.86345 10.47 10.8
      vertex -6.26998 10.2317 10.8
    endloop
  endfacet
  facet normal -0.505703 0.862708 0
    outer loop
      vertex -5.86345 10.47 0
      vertex -6.26998 10.2317 2.2
      vertex -5.86345 10.47 2.2
    endloop
  endfacet
  facet normal -0.505703 0.862708 0
    outer loop
      vertex -6.26998 10.2317 2.2
      vertex -5.86345 10.47 0
      vertex -6.26998 10.2317 0
    endloop
  endfacet
  facet normal -0.91614 -0.400859 0
    outer loop
      vertex -10.8977 -5.02392 10.8
      vertex -11.0866 -4.5922 13
      vertex -11.0866 -4.5922 10.8
    endloop
  endfacet
  facet normal -0.91614 -0.400859 0
    outer loop
      vertex -11.0866 -4.5922 13
      vertex -10.8977 -5.02392 10.8
      vertex -10.8977 -5.02392 13
    endloop
  endfacet
  facet normal -0.91614 -0.400859 0
    outer loop
      vertex -10.8977 -5.02392 0
      vertex -11.0866 -4.5922 2.2
      vertex -11.0866 -4.5922 0
    endloop
  endfacet
  facet normal -0.91614 -0.400859 0
    outer loop
      vertex -11.0866 -4.5922 2.2
      vertex -10.8977 -5.02392 0
      vertex -10.8977 -5.02392 2.2
    endloop
  endfacet
  facet normal 0.91614 -0.400859 0
    outer loop
      vertex 10.8977 -5.02392 13
      vertex 11.0866 -4.5922 10.8
      vertex 11.0866 -4.5922 13
    endloop
  endfacet
  facet normal 0.91614 -0.400859 0
    outer loop
      vertex 11.0866 -4.5922 10.8
      vertex 10.8977 -5.02392 13
      vertex 10.8977 -5.02392 10.8
    endloop
  endfacet
  facet normal 0.91614 -0.400859 0
    outer loop
      vertex 10.8977 -5.02392 2.2
      vertex 11.0866 -4.5922 0
      vertex 11.0866 -4.5922 2.2
    endloop
  endfacet
  facet normal 0.91614 -0.400859 0
    outer loop
      vertex 11.0866 -4.5922 0
      vertex 10.8977 -5.02392 2.2
      vertex 10.8977 -5.02392 0
    endloop
  endfacet
  facet normal 0.175927 0.984403 -0
    outer loop
      vertex 2.34108 11.7694 10.8
      vertex 1.87721 11.8523 13
      vertex 2.34108 11.7694 13
    endloop
  endfacet
  facet normal 0.175927 0.984403 0
    outer loop
      vertex 1.87721 11.8523 13
      vertex 2.34108 11.7694 10.8
      vertex 1.87721 11.8523 10.8
    endloop
  endfacet
  facet normal 0.175927 0.984403 -0
    outer loop
      vertex 2.34108 11.7694 0
      vertex 1.87721 11.8523 2.2
      vertex 2.34108 11.7694 2.2
    endloop
  endfacet
  facet normal 0.175927 0.984403 0
    outer loop
      vertex 1.87721 11.8523 2.2
      vertex 2.34108 11.7694 0
      vertex 1.87721 11.8523 0
    endloop
  endfacet
  facet normal -0.664253 -0.747508 0
    outer loop
      vertex -8.14561 -8.81187 0
      vertex -7.79338 -9.12487 2.2
      vertex -8.14561 -8.81187 2.2
    endloop
  endfacet
  facet normal -0.664253 -0.747508 -0
    outer loop
      vertex -7.79338 -9.12487 2.2
      vertex -8.14561 -8.81187 0
      vertex -7.79338 -9.12487 0
    endloop
  endfacet
  facet normal -0.664253 -0.747508 0
    outer loop
      vertex -8.14561 -8.81187 10.8
      vertex -7.79338 -9.12487 13
      vertex -8.14561 -8.81187 13
    endloop
  endfacet
  facet normal -0.664253 -0.747508 -0
    outer loop
      vertex -7.79338 -9.12487 13
      vertex -8.14561 -8.81187 10.8
      vertex -7.79338 -9.12487 10.8
    endloop
  endfacet
  facet normal -0.984403 0.175927 0
    outer loop
      vertex -11.8523 1.87721 0
      vertex -11.7694 2.34108 2.2
      vertex -11.7694 2.34108 0
    endloop
  endfacet
  facet normal -0.984403 0.175927 0
    outer loop
      vertex -11.7694 2.34108 2.2
      vertex -11.8523 1.87721 0
      vertex -11.8523 1.87721 2.2
    endloop
  endfacet
  facet normal -0.984403 0.175927 0
    outer loop
      vertex -11.8523 1.87721 10.8
      vertex -11.7694 2.34108 13
      vertex -11.7694 2.34108 10.8
    endloop
  endfacet
  facet normal -0.984403 0.175927 0
    outer loop
      vertex -11.7694 2.34108 13
      vertex -11.8523 1.87721 10.8
      vertex -11.8523 1.87721 13
    endloop
  endfacet
  facet normal 0.214341 -0.976759 0
    outer loop
      vertex 2.34108 -11.7694 10.8
      vertex 2.80134 -11.6684 13
      vertex 2.34108 -11.7694 13
    endloop
  endfacet
  facet normal 0.214341 -0.976759 0
    outer loop
      vertex 2.80134 -11.6684 13
      vertex 2.34108 -11.7694 10.8
      vertex 2.80134 -11.6684 10.8
    endloop
  endfacet
  facet normal 0.214341 -0.976759 0
    outer loop
      vertex 2.34108 -11.7694 0
      vertex 2.80134 -11.6684 2.2
      vertex 2.34108 -11.7694 2.2
    endloop
  endfacet
  facet normal 0.214341 -0.976759 0
    outer loop
      vertex 2.80134 -11.6684 2.2
      vertex 2.34108 -11.7694 0
      vertex 2.80134 -11.6684 0
    endloop
  endfacet
  facet normal 0.693091 -0.72085 0
    outer loop
      vertex 8.14561 -8.81187 10.8
      vertex 8.48528 -8.48528 13
      vertex 8.14561 -8.81187 13
    endloop
  endfacet
  facet normal 0.693091 -0.72085 0
    outer loop
      vertex 8.48528 -8.48528 13
      vertex 8.14561 -8.81187 10.8
      vertex 8.48528 -8.48528 10.8
    endloop
  endfacet
  facet normal 0.693091 -0.72085 0
    outer loop
      vertex 8.14561 -8.81187 0
      vertex 8.48528 -8.48528 2.2
      vertex 8.14561 -8.81187 2.2
    endloop
  endfacet
  facet normal 0.693091 -0.72085 0
    outer loop
      vertex 8.48528 -8.48528 2.2
      vertex 8.14561 -8.81187 0
      vertex 8.48528 -8.48528 0
    endloop
  endfacet
  facet normal 0.899782 -0.43634 0
    outer loop
      vertex 10.6921 -5.44789 13
      vertex 10.8977 -5.02392 10.8
      vertex 10.8977 -5.02392 13
    endloop
  endfacet
  facet normal 0.899782 -0.43634 0
    outer loop
      vertex 10.8977 -5.02392 10.8
      vertex 10.6921 -5.44789 13
      vertex 10.6921 -5.44789 10.8
    endloop
  endfacet
  facet normal 0.899782 -0.43634 0
    outer loop
      vertex 10.6921 -5.44789 2.2
      vertex 10.8977 -5.02392 0
      vertex 10.8977 -5.02392 2.2
    endloop
  endfacet
  facet normal 0.899782 -0.43634 0
    outer loop
      vertex 10.8977 -5.02392 0
      vertex 10.6921 -5.44789 2.2
      vertex 10.6921 -5.44789 0
    endloop
  endfacet
  facet normal 0.43634 -0.899782 0
    outer loop
      vertex 5.02392 -10.8977 0
      vertex 5.44789 -10.6921 2.2
      vertex 5.02392 -10.8977 2.2
    endloop
  endfacet
  facet normal 0.43634 -0.899782 0
    outer loop
      vertex 5.44789 -10.6921 2.2
      vertex 5.02392 -10.8977 0
      vertex 5.44789 -10.6921 0
    endloop
  endfacet
  facet normal 0.43634 -0.899782 0
    outer loop
      vertex 5.02392 -10.8977 10.8
      vertex 5.44789 -10.6921 13
      vertex 5.02392 -10.8977 13
    endloop
  endfacet
  facet normal 0.43634 -0.899782 0
    outer loop
      vertex 5.44789 -10.6921 13
      vertex 5.02392 -10.8977 10.8
      vertex 5.44789 -10.6921 10.8
    endloop
  endfacet
  facet normal -0.842195 -0.539174 0
    outer loop
      vertex -9.97763 -6.66684 0
      vertex -10.2317 -6.26998 2.2
      vertex -10.2317 -6.26998 0
    endloop
  endfacet
  facet normal -0.842195 -0.539174 0
    outer loop
      vertex -10.2317 -6.26998 2.2
      vertex -9.97763 -6.66684 0
      vertex -9.97763 -6.66684 2.2
    endloop
  endfacet
  facet normal -0.842195 -0.539174 0
    outer loop
      vertex -9.97763 -6.66684 10.8
      vertex -10.2317 -6.26998 13
      vertex -10.2317 -6.26998 10.8
    endloop
  endfacet
  facet normal -0.842195 -0.539174 0
    outer loop
      vertex -10.2317 -6.26998 13
      vertex -9.97763 -6.66684 10.8
      vertex -9.97763 -6.66684 13
    endloop
  endfacet
  facet normal -0.96764 0.252336 0
    outer loop
      vertex -11.6684 2.80134 0
      vertex -11.5495 3.25729 2.2
      vertex -11.5495 3.25729 0
    endloop
  endfacet
  facet normal -0.96764 0.252336 0
    outer loop
      vertex -11.5495 3.25729 2.2
      vertex -11.6684 2.80134 0
      vertex -11.6684 2.80134 2.2
    endloop
  endfacet
  facet normal -0.96764 0.252336 0
    outer loop
      vertex -11.6684 2.80134 10.8
      vertex -11.5495 3.25729 13
      vertex -11.5495 3.25729 10.8
    endloop
  endfacet
  facet normal -0.96764 0.252336 0
    outer loop
      vertex -11.5495 3.25729 13
      vertex -11.6684 2.80134 10.8
      vertex -11.6684 2.80134 13
    endloop
  endfacet
  facet normal 0.773013 -0.63439 0
    outer loop
      vertex 9.12487 -7.79338 2.2
      vertex 9.4238 -7.42913 0
      vertex 9.4238 -7.42913 2.2
    endloop
  endfacet
  facet normal 0.773013 -0.63439 0
    outer loop
      vertex 9.4238 -7.42913 0
      vertex 9.12487 -7.79338 2.2
      vertex 9.12487 -7.79338 0
    endloop
  endfacet
  facet normal 0.773013 -0.63439 0
    outer loop
      vertex 9.12487 -7.79338 13
      vertex 9.4238 -7.42913 10.8
      vertex 9.4238 -7.42913 13
    endloop
  endfacet
  facet normal 0.773013 -0.63439 0
    outer loop
      vertex 9.4238 -7.42913 10.8
      vertex 9.12487 -7.79338 13
      vertex 9.12487 -7.79338 10.8
    endloop
  endfacet
  facet normal 0.797326 -0.603549 0
    outer loop
      vertex 9.4238 -7.42913 13
      vertex 9.7082 -7.05342 10.8
      vertex 9.7082 -7.05342 13
    endloop
  endfacet
  facet normal 0.797326 -0.603549 0
    outer loop
      vertex 9.7082 -7.05342 10.8
      vertex 9.4238 -7.42913 13
      vertex 9.4238 -7.42913 10.8
    endloop
  endfacet
  facet normal 0.797326 -0.603549 0
    outer loop
      vertex 9.4238 -7.42913 2.2
      vertex 9.7082 -7.05342 0
      vertex 9.7082 -7.05342 2.2
    endloop
  endfacet
  facet normal 0.797326 -0.603549 0
    outer loop
      vertex 9.7082 -7.05342 0
      vertex 9.4238 -7.42913 2.2
      vertex 9.4238 -7.42913 0
    endloop
  endfacet
  facet normal 0.214341 0.976759 -0
    outer loop
      vertex 2.80134 11.6684 10.8
      vertex 2.34108 11.7694 13
      vertex 2.80134 11.6684 13
    endloop
  endfacet
  facet normal 0.214341 0.976759 0
    outer loop
      vertex 2.34108 11.7694 13
      vertex 2.80134 11.6684 10.8
      vertex 2.34108 11.7694 10.8
    endloop
  endfacet
  facet normal 0.214341 0.976759 -0
    outer loop
      vertex 2.80134 11.6684 0
      vertex 2.34108 11.7694 2.2
      vertex 2.80134 11.6684 2.2
    endloop
  endfacet
  facet normal 0.214341 0.976759 0
    outer loop
      vertex 2.34108 11.7694 2.2
      vertex 2.80134 11.6684 0
      vertex 2.34108 11.7694 0
    endloop
  endfacet
  facet normal -0.603549 0.797326 0
    outer loop
      vertex -7.05342 9.7082 10.8
      vertex -7.42913 9.4238 13
      vertex -7.05342 9.7082 13
    endloop
  endfacet
  facet normal -0.603549 0.797326 0
    outer loop
      vertex -7.42913 9.4238 13
      vertex -7.05342 9.7082 10.8
      vertex -7.42913 9.4238 10.8
    endloop
  endfacet
  facet normal -0.603549 0.797326 0
    outer loop
      vertex -7.05342 9.7082 0
      vertex -7.42913 9.4238 2.2
      vertex -7.05342 9.7082 2.2
    endloop
  endfacet
  facet normal -0.603549 0.797326 0
    outer loop
      vertex -7.42913 9.4238 2.2
      vertex -7.05342 9.7082 0
      vertex -7.42913 9.4238 0
    endloop
  endfacet
  facet normal -0.998271 0.0587853 0
    outer loop
      vertex -11.9907 0.471117 10.8
      vertex -11.963 0.941508 13
      vertex -11.963 0.941508 10.8
    endloop
  endfacet
  facet normal -0.998271 0.0587853 0
    outer loop
      vertex -11.963 0.941508 13
      vertex -11.9907 0.471117 10.8
      vertex -11.9907 0.471117 13
    endloop
  endfacet
  facet normal -0.998271 0.0587853 0
    outer loop
      vertex -11.9907 0.471117 0
      vertex -11.963 0.941508 2.2
      vertex -11.963 0.941508 0
    endloop
  endfacet
  facet normal -0.998271 0.0587853 0
    outer loop
      vertex -11.963 0.941508 2.2
      vertex -11.9907 0.471117 0
      vertex -11.9907 0.471117 2.2
    endloop
  endfacet
  facet normal -0.63439 -0.773013 0
    outer loop
      vertex -7.79338 -9.12487 0
      vertex -7.42913 -9.4238 2.2
      vertex -7.79338 -9.12487 2.2
    endloop
  endfacet
  facet normal -0.63439 -0.773013 -0
    outer loop
      vertex -7.42913 -9.4238 2.2
      vertex -7.79338 -9.12487 0
      vertex -7.42913 -9.4238 0
    endloop
  endfacet
  facet normal -0.63439 -0.773013 0
    outer loop
      vertex -7.79338 -9.12487 10.8
      vertex -7.42913 -9.4238 13
      vertex -7.79338 -9.12487 13
    endloop
  endfacet
  facet normal -0.63439 -0.773013 -0
    outer loop
      vertex -7.42913 -9.4238 13
      vertex -7.79338 -9.12487 10.8
      vertex -7.42913 -9.4238 10.8
    endloop
  endfacet
  facet normal -0.505703 -0.862708 0
    outer loop
      vertex -6.26998 -10.2317 10.8
      vertex -5.86345 -10.47 13
      vertex -6.26998 -10.2317 13
    endloop
  endfacet
  facet normal -0.505703 -0.862708 -0
    outer loop
      vertex -5.86345 -10.47 13
      vertex -6.26998 -10.2317 10.8
      vertex -5.86345 -10.47 10.8
    endloop
  endfacet
  facet normal -0.505703 -0.862708 0
    outer loop
      vertex -6.26998 -10.2317 0
      vertex -5.86345 -10.47 2.2
      vertex -6.26998 -10.2317 2.2
    endloop
  endfacet
  facet normal -0.505703 -0.862708 -0
    outer loop
      vertex -5.86345 -10.47 2.2
      vertex -6.26998 -10.2317 0
      vertex -5.86345 -10.47 0
    endloop
  endfacet
  facet normal -0.471361 0.88194 0
    outer loop
      vertex -5.44789 10.6921 0
      vertex -5.86345 10.47 2.2
      vertex -5.44789 10.6921 2.2
    endloop
  endfacet
  facet normal -0.471361 0.88194 0
    outer loop
      vertex -5.86345 10.47 2.2
      vertex -5.44789 10.6921 0
      vertex -5.86345 10.47 0
    endloop
  endfacet
  facet normal -0.471361 0.88194 0
    outer loop
      vertex -5.44789 10.6921 10.8
      vertex -5.86345 10.47 13
      vertex -5.44789 10.6921 13
    endloop
  endfacet
  facet normal -0.471361 0.88194 0
    outer loop
      vertex -5.86345 10.47 13
      vertex -5.44789 10.6921 10.8
      vertex -5.86345 10.47 10.8
    endloop
  endfacet
  facet normal 0.29032 0.95693 -0
    outer loop
      vertex 3.7082 11.4127 10.8
      vertex 3.25729 11.5495 13
      vertex 3.7082 11.4127 13
    endloop
  endfacet
  facet normal 0.29032 0.95693 0
    outer loop
      vertex 3.25729 11.5495 13
      vertex 3.7082 11.4127 10.8
      vertex 3.25729 11.5495 10.8
    endloop
  endfacet
  facet normal 0.29032 0.95693 -0
    outer loop
      vertex 3.7082 11.4127 0
      vertex 3.25729 11.5495 2.2
      vertex 3.7082 11.4127 2.2
    endloop
  endfacet
  facet normal 0.29032 0.95693 0
    outer loop
      vertex 3.25729 11.5495 2.2
      vertex 3.7082 11.4127 0
      vertex 3.25729 11.5495 0
    endloop
  endfacet
  facet normal -0.899782 0.43634 0
    outer loop
      vertex -10.8977 5.02392 10.8
      vertex -10.6921 5.44789 13
      vertex -10.6921 5.44789 10.8
    endloop
  endfacet
  facet normal -0.899782 0.43634 0
    outer loop
      vertex -10.6921 5.44789 13
      vertex -10.8977 5.02392 10.8
      vertex -10.8977 5.02392 13
    endloop
  endfacet
  facet normal -0.899782 0.43634 0
    outer loop
      vertex -10.8977 5.02392 0
      vertex -10.6921 5.44789 2.2
      vertex -10.6921 5.44789 0
    endloop
  endfacet
  facet normal -0.899782 0.43634 0
    outer loop
      vertex -10.6921 5.44789 2.2
      vertex -10.8977 5.02392 0
      vertex -10.8977 5.02392 2.2
    endloop
  endfacet
  facet normal -0.96764 -0.252336 0
    outer loop
      vertex -11.5495 -3.25729 0
      vertex -11.6684 -2.80134 2.2
      vertex -11.6684 -2.80134 0
    endloop
  endfacet
  facet normal -0.96764 -0.252336 0
    outer loop
      vertex -11.6684 -2.80134 2.2
      vertex -11.5495 -3.25729 0
      vertex -11.5495 -3.25729 2.2
    endloop
  endfacet
  facet normal -0.96764 -0.252336 0
    outer loop
      vertex -11.5495 -3.25729 10.8
      vertex -11.6684 -2.80134 13
      vertex -11.6684 -2.80134 10.8
    endloop
  endfacet
  facet normal -0.96764 -0.252336 0
    outer loop
      vertex -11.6684 -2.80134 13
      vertex -11.5495 -3.25729 10.8
      vertex -11.5495 -3.25729 13
    endloop
  endfacet
  facet normal 0 0 1
    outer loop
      vertex 3.46001 2.81944 13
      vertex 12 0 13
      vertex 11.9907 0.471117 13
    endloop
  endfacet
  facet normal 0 0 1
    outer loop
      vertex 3.46001 2.81944 13
      vertex 11.9907 0.471117 13
      vertex 11.963 0.941508 13
    endloop
  endfacet
  facet normal 0 0 1
    outer loop
      vertex 3.46001 -2.81944 13
      vertex 12 0 13
      vertex 3.46001 2.81944 13
    endloop
  endfacet
  facet normal 0 0 1
    outer loop
      vertex 3.46001 2.81944 13
      vertex 11.963 0.941508 13
      vertex 11.9168 1.41045 13
    endloop
  endfacet
  facet normal 0 0 1
    outer loop
      vertex 12 0 13
      vertex 3.46001 -2.81944 13
      vertex 11.9907 -0.471117 13
    endloop
  endfacet
  facet normal 0 0 1
    outer loop
      vertex 3.46001 2.81944 13
      vertex 11.9168 1.41045 13
      vertex 11.8523 1.87721 13
    endloop
  endfacet
  facet normal 0 0 1
    outer loop
      vertex 11.9907 -0.471117 13
      vertex 3.46001 -2.81944 13
      vertex 11.963 -0.941508 13
    endloop
  endfacet
  facet normal 0 0 1
    outer loop
      vertex 3.46001 2.81944 13
      vertex 11.8523 1.87721 13
      vertex 11.7694 2.34108 13
    endloop
  endfacet
  facet normal 0 0 1
    outer loop
      vertex 11.963 -0.941508 13
      vertex 3.46001 -2.81944 13
      vertex 11.9168 -1.41045 13
    endloop
  endfacet
  facet normal 0 0 1
    outer loop
      vertex 3.46001 2.81944 13
      vertex 11.7694 2.34108 13
      vertex 11.6684 2.80134 13
    endloop
  endfacet
  facet normal 0 0 1
    outer loop
      vertex 11.9168 -1.41045 13
      vertex 3.46001 -2.81944 13
      vertex 11.8523 -1.87721 13
    endloop
  endfacet
  facet normal -0 0 1
    outer loop
      vertex 3.46001 2.81944 13
      vertex 11.6684 2.80134 13
      vertex 11.5495 3.25729 13
    endloop
  endfacet
  facet normal 0 0 1
    outer loop
      vertex 11.8523 -1.87721 13
      vertex 3.46001 -2.81944 13
      vertex 11.7694 -2.34108 13
    endloop
  endfacet
  facet normal 0 0 1
    outer loop
      vertex 3.46001 2.81944 13
      vertex 11.5495 3.25729 13
      vertex 11.4127 3.7082 13
    endloop
  endfacet
  facet normal 0 0 1
    outer loop
      vertex 11.7694 -2.34108 13
      vertex 3.46001 -2.81944 13
      vertex 11.6684 -2.80134 13
    endloop
  endfacet
  facet normal 0 0 1
    outer loop
      vertex 3.46001 2.81944 13
      vertex 11.4127 3.7082 13
      vertex 11.2583 4.1534 13
    endloop
  endfacet
  facet normal 0 0 1
    outer loop
      vertex 11.6684 -2.80134 13
      vertex 3.46001 -2.81944 13
      vertex 11.5495 -3.25729 13
    endloop
  endfacet
  facet normal 0 0 1
    outer loop
      vertex 3.46001 2.81944 13
      vertex 11.2583 4.1534 13
      vertex 11.0866 4.5922 13
    endloop
  endfacet
  facet normal 0 0 1
    outer loop
      vertex 11.5495 -3.25729 13
      vertex 3.46001 -2.81944 13
      vertex 11.4127 -3.7082 13
    endloop
  endfacet
  facet normal 0 0 1
    outer loop
      vertex 3.46001 2.81944 13
      vertex 11.0866 4.5922 13
      vertex 10.8977 5.02392 13
    endloop
  endfacet
  facet normal 0 0 1
    outer loop
      vertex 11.4127 -3.7082 13
      vertex 3.46001 -2.81944 13
      vertex 11.2583 -4.1534 13
    endloop
  endfacet
  facet normal 0 0 1
    outer loop
      vertex 3.46001 2.81944 13
      vertex 10.8977 5.02392 13
      vertex 10.6921 5.44789 13
    endloop
  endfacet
  facet normal 0 0 1
    outer loop
      vertex 11.2583 -4.1534 13
      vertex 3.46001 -2.81944 13
      vertex 11.0866 -4.5922 13
    endloop
  endfacet
  facet normal 0 0 1
    outer loop
      vertex 3.46001 2.81944 13
      vertex 10.6921 5.44789 13
      vertex 10.47 5.86345 13
    endloop
  endfacet
  facet normal 0 0 1
    outer loop
      vertex 11.0866 -4.5922 13
      vertex 3.46001 -2.81944 13
      vertex 10.8977 -5.02392 13
    endloop
  endfacet
  facet normal 0 0 1
    outer loop
      vertex 3.46001 2.81944 13
      vertex 10.47 5.86345 13
      vertex 10.2317 6.26998 13
    endloop
  endfacet
  facet normal 0 0 1
    outer loop
      vertex 10.8977 -5.02392 13
      vertex 3.46001 -2.81944 13
      vertex 10.6921 -5.44789 13
    endloop
  endfacet
  facet normal 0 0 1
    outer loop
      vertex 3.46001 2.81944 13
      vertex 10.2317 6.26998 13
      vertex 9.97763 6.66684 13
    endloop
  endfacet
  facet normal 0 0 1
    outer loop
      vertex 10.6921 -5.44789 13
      vertex 3.46001 -2.81944 13
      vertex 10.47 -5.86345 13
    endloop
  endfacet
  facet normal 0 0 1
    outer loop
      vertex 3.46001 2.81944 13
      vertex 9.97763 6.66684 13
      vertex 9.7082 7.05342 13
    endloop
  endfacet
  facet normal 0 0 1
    outer loop
      vertex 10.47 -5.86345 13
      vertex 3.46001 -2.81944 13
      vertex 10.2317 -6.26998 13
    endloop
  endfacet
  facet normal 0 0 1
    outer loop
      vertex 3.46001 2.81944 13
      vertex 9.7082 7.05342 13
      vertex 9.4238 7.42913 13
    endloop
  endfacet
  facet normal 0 0 1
    outer loop
      vertex 10.2317 -6.26998 13
      vertex 3.46001 -2.81944 13
      vertex 9.97763 -6.66684 13
    endloop
  endfacet
  facet normal 0 0 1
    outer loop
      vertex 3.46001 2.81944 13
      vertex 9.4238 7.42913 13
      vertex 9.12487 7.79338 13
    endloop
  endfacet
  facet normal 0 0 1
    outer loop
      vertex 9.97763 -6.66684 13
      vertex 3.46001 -2.81944 13
      vertex 9.7082 -7.05342 13
    endloop
  endfacet
  facet normal 0 0 1
    outer loop
      vertex 3.27515 3.0275 13
      vertex 9.12487 7.79338 13
      vertex 8.81187 8.14561 13
    endloop
  endfacet
  facet normal 0 0 1
    outer loop
      vertex 9.7082 -7.05342 13
      vertex 3.46001 -2.81944 13
      vertex 9.4238 -7.42913 13
    endloop
  endfacet
  facet normal 0 0 1
    outer loop
      vertex 3.27515 3.0275 13
      vertex 8.81187 8.14561 13
      vertex 8.48528 8.48528 13
    endloop
  endfacet
  facet normal 0 0 1
    outer loop
      vertex 9.4238 -7.42913 13
      vertex 3.46001 -2.81944 13
      vertex 9.12487 -7.79338 13
    endloop
  endfacet
  facet normal 0 0 1
    outer loop
      vertex 3.15375 3.15375 13
      vertex 8.48528 8.48528 13
      vertex 8.14561 8.81187 13
    endloop
  endfacet
  facet normal -0 0 1
    outer loop
      vertex 3.27515 -3.0275 13
      vertex 9.12487 -7.79338 13
      vertex 3.46001 -2.81944 13
    endloop
  endfacet
  facet normal 0 0 1
    outer loop
      vertex 3.0275 3.27515 13
      vertex 8.14561 8.81187 13
      vertex 7.79338 9.12487 13
    endloop
  endfacet
  facet normal 0 0 1
    outer loop
      vertex 9.12487 -7.79338 13
      vertex 3.27515 -3.0275 13
      vertex 8.81187 -8.14561 13
    endloop
  endfacet
  facet normal 0 0 1
    outer loop
      vertex 2.89658 3.39146 13
      vertex 7.79338 9.12487 13
      vertex 7.42913 9.4238 13
    endloop
  endfacet
  facet normal 0 0 1
    outer loop
      vertex 8.81187 -8.14561 13
      vertex 3.27515 -3.0275 13
      vertex 8.48528 -8.48528 13
    endloop
  endfacet
  facet normal 0 0 1
    outer loop
      vertex 2.7612 3.50258 13
      vertex 7.42913 9.4238 13
      vertex 7.05342 9.7082 13
    endloop
  endfacet
  facet normal -0 0 1
    outer loop
      vertex 3.15375 -3.15375 13
      vertex 8.48528 -8.48528 13
      vertex 3.27515 -3.0275 13
    endloop
  endfacet
  facet normal 0 0 1
    outer loop
      vertex 2.62157 3.60828 13
      vertex 7.05342 9.7082 13
      vertex 6.66684 9.97763 13
    endloop
  endfacet
  facet normal 0 0 1
    outer loop
      vertex 8.48528 -8.48528 13
      vertex 3.15375 -3.15375 13
      vertex 8.14561 -8.81187 13
    endloop
  endfacet
  facet normal 0 0 1
    outer loop
      vertex 2.47789 3.70842 13
      vertex 6.66684 9.97763 13
      vertex 6.26998 10.2317 13
    endloop
  endfacet
  facet normal -0 0 1
    outer loop
      vertex 3.0275 -3.27515 13
      vertex 8.14561 -8.81187 13
      vertex 3.15375 -3.15375 13
    endloop
  endfacet
  facet normal 0 0 1
    outer loop
      vertex 2.33038 3.80284 13
      vertex 6.26998 10.2317 13
      vertex 5.86345 10.47 13
    endloop
  endfacet
  facet normal 0 0 1
    outer loop
      vertex 8.14561 -8.81187 13
      vertex 3.0275 -3.27515 13
      vertex 7.79338 -9.12487 13
    endloop
  endfacet
  facet normal 0 0 1
    outer loop
      vertex 2.17931 3.8914 13
      vertex 5.86345 10.47 13
      vertex 5.44789 10.6921 13
    endloop
  endfacet
  facet normal -0 0 1
    outer loop
      vertex 2.89658 -3.39146 13
      vertex 7.79338 -9.12487 13
      vertex 3.0275 -3.27515 13
    endloop
  endfacet
  facet normal 0 0 1
    outer loop
      vertex 2.02483 3.97397 13
      vertex 5.44789 10.6921 13
      vertex 5.02392 10.8977 13
    endloop
  endfacet
  facet normal 0 0 1
    outer loop
      vertex 7.79338 -9.12487 13
      vertex 2.89658 -3.39146 13
      vertex 7.42913 -9.4238 13
    endloop
  endfacet
  facet normal 0 0 1
    outer loop
      vertex 1.86725 4.0504 13
      vertex 5.02392 10.8977 13
      vertex 4.5922 11.0866 13
    endloop
  endfacet
  facet normal -0 0 1
    outer loop
      vertex 2.7612 -3.50258 13
      vertex 7.42913 -9.4238 13
      vertex 2.89658 -3.39146 13
    endloop
  endfacet
  facet normal 0 0 1
    outer loop
      vertex 1.7068 4.12057 13
      vertex 4.5922 11.0866 13
      vertex 4.1534 11.2583 13
    endloop
  endfacet
  facet normal 0 0 1
    outer loop
      vertex 7.42913 -9.4238 13
      vertex 2.7612 -3.50258 13
      vertex 7.05342 -9.7082 13
    endloop
  endfacet
  facet normal 0 0 1
    outer loop
      vertex 1.5437 4.18442 13
      vertex 4.1534 11.2583 13
      vertex 3.7082 11.4127 13
    endloop
  endfacet
  facet normal -0 0 1
    outer loop
      vertex 2.62157 -3.60828 13
      vertex 7.05342 -9.7082 13
      vertex 2.7612 -3.50258 13
    endloop
  endfacet
  facet normal 0 0 1
    outer loop
      vertex 7.05342 -9.7082 13
      vertex 2.62157 -3.60828 13
      vertex 6.66684 -9.97763 13
    endloop
  endfacet
  facet normal 0 0 1
    outer loop
      vertex 9.12487 7.79338 13
      vertex 3.27515 3.0275 13
      vertex 3.46001 2.81944 13
    endloop
  endfacet
  facet normal 0 0 1
    outer loop
      vertex 1.37822 4.24179 13
      vertex 3.7082 11.4127 13
      vertex 3.25729 11.5495 13
    endloop
  endfacet
  facet normal 0 0 1
    outer loop
      vertex 8.48528 8.48528 13
      vertex 3.15375 3.15375 13
      vertex 3.27515 3.0275 13
    endloop
  endfacet
  facet normal 0 0 1
    outer loop
      vertex 8.14561 8.81187 13
      vertex 3.0275 3.27515 13
      vertex 3.15375 3.15375 13
    endloop
  endfacet
  facet normal 0 0 1
    outer loop
      vertex 7.79338 9.12487 13
      vertex 2.89658 3.39146 13
      vertex 3.0275 3.27515 13
    endloop
  endfacet
  facet normal 0 0 1
    outer loop
      vertex 1.21065 4.29262 13
      vertex 3.25729 11.5495 13
      vertex 2.80134 11.6684 13
    endloop
  endfacet
  facet normal 0 0 1
    outer loop
      vertex 7.42913 9.4238 13
      vertex 2.7612 3.50258 13
      vertex 2.89658 3.39146 13
    endloop
  endfacet
  facet normal 0 0 1
    outer loop
      vertex 7.05342 9.7082 13
      vertex 2.62157 3.60828 13
      vertex 2.7612 3.50258 13
    endloop
  endfacet
  facet normal 0 0 1
    outer loop
      vertex 6.66684 9.97763 13
      vertex 2.47789 3.70842 13
      vertex 2.62157 3.60828 13
    endloop
  endfacet
  facet normal 0 0 1
    outer loop
      vertex 1.04118 4.33684 13
      vertex 2.80134 11.6684 13
      vertex 2.34108 11.7694 13
    endloop
  endfacet
  facet normal 0 0 1
    outer loop
      vertex 6.26998 10.2317 13
      vertex 2.33038 3.80284 13
      vertex 2.47789 3.70842 13
    endloop
  endfacet
  facet normal 0 0 1
    outer loop
      vertex 5.86345 10.47 13
      vertex 2.17931 3.8914 13
      vertex 2.33038 3.80284 13
    endloop
  endfacet
  facet normal 0 0 1
    outer loop
      vertex 5.44789 10.6921 13
      vertex 2.02483 3.97397 13
      vertex 2.17931 3.8914 13
    endloop
  endfacet
  facet normal 0 0 1
    outer loop
      vertex 0.870117 4.37437 13
      vertex 2.34108 11.7694 13
      vertex 1.87721 11.8523 13
    endloop
  endfacet
  facet normal 0 0 1
    outer loop
      vertex 5.02392 10.8977 13
      vertex 1.86725 4.0504 13
      vertex 2.02483 3.97397 13
    endloop
  endfacet
  facet normal 0 0 1
    outer loop
      vertex 4.5922 11.0866 13
      vertex 1.7068 4.12057 13
      vertex 1.86725 4.0504 13
    endloop
  endfacet
  facet normal 0 0 1
    outer loop
      vertex 4.1534 11.2583 13
      vertex 1.5437 4.18442 13
      vertex 1.7068 4.12057 13
    endloop
  endfacet
  facet normal 0 0 1
    outer loop
      vertex 0.697708 4.40517 13
      vertex 1.87721 11.8523 13
      vertex 1.41045 11.9168 13
    endloop
  endfacet
  facet normal 0 0 1
    outer loop
      vertex 3.7082 11.4127 13
      vertex 1.37822 4.24179 13
      vertex 1.5437 4.18442 13
    endloop
  endfacet
  facet normal 0 0 1
    outer loop
      vertex 3.25729 11.5495 13
      vertex 1.21065 4.29262 13
      vertex 1.37822 4.24179 13
    endloop
  endfacet
  facet normal 0 0 1
    outer loop
      vertex 2.80134 11.6684 13
      vertex 1.04118 4.33684 13
      vertex 1.21065 4.29262 13
    endloop
  endfacet
  facet normal 0 0 1
    outer loop
      vertex 0.524216 4.42915 13
      vertex 1.41045 11.9168 13
      vertex 0.941508 11.963 13
    endloop
  endfacet
  facet normal 0 0 1
    outer loop
      vertex 2.34108 11.7694 13
      vertex 0.870117 4.37437 13
      vertex 1.04118 4.33684 13
    endloop
  endfacet
  facet normal 0 0 1
    outer loop
      vertex 1.87721 11.8523 13
      vertex 0.697708 4.40517 13
      vertex 0.870117 4.37437 13
    endloop
  endfacet
  facet normal 0 0 1
    outer loop
      vertex 1.41045 11.9168 13
      vertex 0.524216 4.42915 13
      vertex 0.697708 4.40517 13
    endloop
  endfacet
  facet normal 0 0 1
    outer loop
      vertex 0.34993 4.44632 13
      vertex 0.941508 11.963 13
      vertex 0.471117 11.9907 13
    endloop
  endfacet
  facet normal 0 0 1
    outer loop
      vertex 0.941508 11.963 13
      vertex 0.34993 4.44632 13
      vertex 0.524216 4.42915 13
    endloop
  endfacet
  facet normal 0 0 1
    outer loop
      vertex 0.471117 11.9907 13
      vertex 0.17511 4.45663 13
      vertex 0.34993 4.44632 13
    endloop
  endfacet
  facet normal 0 0 1
    outer loop
      vertex 0 12 13
      vertex 0.17511 4.45663 13
      vertex 0.471117 11.9907 13
    endloop
  endfacet
  facet normal 0 0 1
    outer loop
      vertex 0 12 13
      vertex 0 4.46008 13
      vertex 0.17511 4.45663 13
    endloop
  endfacet
  facet normal 0 0 1
    outer loop
      vertex 0 12 13
      vertex -0.17511 4.45663 13
      vertex 0 4.46008 13
    endloop
  endfacet
  facet normal -0 0 1
    outer loop
      vertex -0.471117 11.9907 13
      vertex -0.17511 4.45663 13
      vertex 0 12 13
    endloop
  endfacet
  facet normal 0 0 1
    outer loop
      vertex -0.17511 4.45663 13
      vertex -0.471117 11.9907 13
      vertex -0.34993 4.44632 13
    endloop
  endfacet
  facet normal -0 0 1
    outer loop
      vertex -0.941508 11.963 13
      vertex -0.34993 4.44632 13
      vertex -0.471117 11.9907 13
    endloop
  endfacet
  facet normal 0 0 1
    outer loop
      vertex -0.34993 4.44632 13
      vertex -0.941508 11.963 13
      vertex -0.524216 4.42915 13
    endloop
  endfacet
  facet normal -0 0 1
    outer loop
      vertex -1.41045 11.9168 13
      vertex -0.524216 4.42915 13
      vertex -0.941508 11.963 13
    endloop
  endfacet
  facet normal 0 0 1
    outer loop
      vertex -0.524216 4.42915 13
      vertex -1.41045 11.9168 13
      vertex -0.697708 4.40517 13
    endloop
  endfacet
  facet normal -0 0 1
    outer loop
      vertex -1.87721 11.8523 13
      vertex -0.697708 4.40517 13
      vertex -1.41045 11.9168 13
    endloop
  endfacet
  facet normal 0 0 1
    outer loop
      vertex -0.697708 4.40517 13
      vertex -1.87721 11.8523 13
      vertex -0.870117 4.37437 13
    endloop
  endfacet
  facet normal -0 0 1
    outer loop
      vertex -2.34108 11.7694 13
      vertex -0.870117 4.37437 13
      vertex -1.87721 11.8523 13
    endloop
  endfacet
  facet normal 0 0 1
    outer loop
      vertex -0.870117 4.37437 13
      vertex -2.34108 11.7694 13
      vertex -1.04118 4.33684 13
    endloop
  endfacet
  facet normal -0 0 1
    outer loop
      vertex -2.80134 11.6684 13
      vertex -1.04118 4.33684 13
      vertex -2.34108 11.7694 13
    endloop
  endfacet
  facet normal 0 0 1
    outer loop
      vertex -1.04118 4.33684 13
      vertex -2.80134 11.6684 13
      vertex -1.21065 4.29262 13
    endloop
  endfacet
  facet normal -0 0 1
    outer loop
      vertex -3.25729 11.5495 13
      vertex -1.21065 4.29262 13
      vertex -2.80134 11.6684 13
    endloop
  endfacet
  facet normal 0 0 1
    outer loop
      vertex -1.21065 4.29262 13
      vertex -3.25729 11.5495 13
      vertex -1.37822 4.24179 13
    endloop
  endfacet
  facet normal -0 0 1
    outer loop
      vertex -3.7082 11.4127 13
      vertex -1.37822 4.24179 13
      vertex -3.25729 11.5495 13
    endloop
  endfacet
  facet normal 0 0 1
    outer loop
      vertex -1.37822 4.24179 13
      vertex -3.7082 11.4127 13
      vertex -1.5437 4.18442 13
    endloop
  endfacet
  facet normal -0 0 1
    outer loop
      vertex -4.1534 11.2583 13
      vertex -1.5437 4.18442 13
      vertex -3.7082 11.4127 13
    endloop
  endfacet
  facet normal 0 0 1
    outer loop
      vertex -1.5437 4.18442 13
      vertex -4.1534 11.2583 13
      vertex -1.7068 4.12057 13
    endloop
  endfacet
  facet normal -0 0 1
    outer loop
      vertex -4.5922 11.0866 13
      vertex -1.7068 4.12057 13
      vertex -4.1534 11.2583 13
    endloop
  endfacet
  facet normal 0 0 1
    outer loop
      vertex -1.7068 4.12057 13
      vertex -4.5922 11.0866 13
      vertex -1.86725 4.0504 13
    endloop
  endfacet
  facet normal -0 0 1
    outer loop
      vertex -5.02392 10.8977 13
      vertex -1.86725 4.0504 13
      vertex -4.5922 11.0866 13
    endloop
  endfacet
  facet normal 0 0 1
    outer loop
      vertex -1.86725 4.0504 13
      vertex -5.02392 10.8977 13
      vertex -2.02483 3.97397 13
    endloop
  endfacet
  facet normal -0 0 1
    outer loop
      vertex -5.44789 10.6921 13
      vertex -2.02483 3.97397 13
      vertex -5.02392 10.8977 13
    endloop
  endfacet
  facet normal 0 0 1
    outer loop
      vertex -2.02483 3.97397 13
      vertex -5.44789 10.6921 13
      vertex -2.17931 3.8914 13
    endloop
  endfacet
  facet normal -0 0 1
    outer loop
      vertex -5.86345 10.47 13
      vertex -2.17931 3.8914 13
      vertex -5.44789 10.6921 13
    endloop
  endfacet
  facet normal 0 0 1
    outer loop
      vertex -2.17931 3.8914 13
      vertex -5.86345 10.47 13
      vertex -2.33038 3.80284 13
    endloop
  endfacet
  facet normal -0 0 1
    outer loop
      vertex -6.26998 10.2317 13
      vertex -2.33038 3.80284 13
      vertex -5.86345 10.47 13
    endloop
  endfacet
  facet normal 0 0 1
    outer loop
      vertex -2.33038 3.80284 13
      vertex -6.26998 10.2317 13
      vertex -2.47789 3.70842 13
    endloop
  endfacet
  facet normal -0 0 1
    outer loop
      vertex -6.66684 9.97763 13
      vertex -2.47789 3.70842 13
      vertex -6.26998 10.2317 13
    endloop
  endfacet
  facet normal 0 0 1
    outer loop
      vertex -2.47789 3.70842 13
      vertex -6.66684 9.97763 13
      vertex -2.62157 3.60828 13
    endloop
  endfacet
  facet normal -0 0 1
    outer loop
      vertex -7.05342 9.7082 13
      vertex -2.62157 3.60828 13
      vertex -6.66684 9.97763 13
    endloop
  endfacet
  facet normal 0 0 1
    outer loop
      vertex -2.62157 3.60828 13
      vertex -7.05342 9.7082 13
      vertex -2.7612 3.50258 13
    endloop
  endfacet
  facet normal -0 0 1
    outer loop
      vertex -7.42913 9.4238 13
      vertex -2.7612 3.50258 13
      vertex -7.05342 9.7082 13
    endloop
  endfacet
  facet normal 0 0 1
    outer loop
      vertex -2.7612 3.50258 13
      vertex -7.42913 9.4238 13
      vertex -2.89658 3.39146 13
    endloop
  endfacet
  facet normal -0 0 1
    outer loop
      vertex -7.79338 9.12487 13
      vertex -2.89658 3.39146 13
      vertex -7.42913 9.4238 13
    endloop
  endfacet
  facet normal 0 0 1
    outer loop
      vertex -2.89658 3.39146 13
      vertex -7.79338 9.12487 13
      vertex -3.0275 3.27515 13
    endloop
  endfacet
  facet normal -0 0 1
    outer loop
      vertex -8.14561 8.81187 13
      vertex -3.0275 3.27515 13
      vertex -7.79338 9.12487 13
    endloop
  endfacet
  facet normal 0 0 1
    outer loop
      vertex -3.0275 3.27515 13
      vertex -8.14561 8.81187 13
      vertex -3.15375 3.15375 13
    endloop
  endfacet
  facet normal -0 0 1
    outer loop
      vertex -8.48528 8.48528 13
      vertex -3.15375 3.15375 13
      vertex -8.14561 8.81187 13
    endloop
  endfacet
  facet normal 0 0 1
    outer loop
      vertex -3.15375 3.15375 13
      vertex -8.48528 8.48528 13
      vertex -3.27515 3.0275 13
    endloop
  endfacet
  facet normal -0 0 1
    outer loop
      vertex -8.81187 8.14561 13
      vertex -3.27515 3.0275 13
      vertex -8.48528 8.48528 13
    endloop
  endfacet
  facet normal 0 0 1
    outer loop
      vertex -3.27515 3.0275 13
      vertex -8.81187 8.14561 13
      vertex -3.39146 2.89658 13
    endloop
  endfacet
  facet normal -0 0 1
    outer loop
      vertex -9.12487 7.79338 13
      vertex -3.39146 2.89658 13
      vertex -8.81187 8.14561 13
    endloop
  endfacet
  facet normal 0 0 1
    outer loop
      vertex -3.39146 2.89658 13
      vertex -9.12487 7.79338 13
      vertex -3.50258 2.7612 13
    endloop
  endfacet
  facet normal -0 0 1
    outer loop
      vertex -9.4238 7.42913 13
      vertex -3.50258 2.7612 13
      vertex -9.12487 7.79338 13
    endloop
  endfacet
  facet normal 0 0 1
    outer loop
      vertex -3.50258 2.7612 13
      vertex -9.4238 7.42913 13
      vertex -3.60828 2.62157 13
    endloop
  endfacet
  facet normal -0 0 1
    outer loop
      vertex -9.7082 7.05342 13
      vertex -3.60828 2.62157 13
      vertex -9.4238 7.42913 13
    endloop
  endfacet
  facet normal -0 0 1
    outer loop
      vertex -9.97763 6.66684 13
      vertex -3.70842 2.47789 13
      vertex -9.7082 7.05342 13
    endloop
  endfacet
  facet normal 0 0 1
    outer loop
      vertex -3.60828 2.62157 13
      vertex -9.7082 7.05342 13
      vertex -3.70842 2.47789 13
    endloop
  endfacet
  facet normal -0 0 1
    outer loop
      vertex 2.47789 -3.70842 13
      vertex 6.66684 -9.97763 13
      vertex 2.62157 -3.60828 13
    endloop
  endfacet
  facet normal 0 0 1
    outer loop
      vertex 6.66684 -9.97763 13
      vertex 2.47789 -3.70842 13
      vertex 6.26998 -10.2317 13
    endloop
  endfacet
  facet normal -0 0 1
    outer loop
      vertex 2.33038 -3.80284 13
      vertex 6.26998 -10.2317 13
      vertex 2.47789 -3.70842 13
    endloop
  endfacet
  facet normal 0 0 1
    outer loop
      vertex 6.26998 -10.2317 13
      vertex 2.33038 -3.80284 13
      vertex 5.86345 -10.47 13
    endloop
  endfacet
  facet normal -0 0 1
    outer loop
      vertex 2.17931 -3.8914 13
      vertex 5.86345 -10.47 13
      vertex 2.33038 -3.80284 13
    endloop
  endfacet
  facet normal 0 0 1
    outer loop
      vertex 5.86345 -10.47 13
      vertex 2.17931 -3.8914 13
      vertex 5.44789 -10.6921 13
    endloop
  endfacet
  facet normal -0 0 1
    outer loop
      vertex 2.02483 -3.97397 13
      vertex 5.44789 -10.6921 13
      vertex 2.17931 -3.8914 13
    endloop
  endfacet
  facet normal 0 0 1
    outer loop
      vertex 5.44789 -10.6921 13
      vertex 2.02483 -3.97397 13
      vertex 5.02392 -10.8977 13
    endloop
  endfacet
  facet normal -0 0 1
    outer loop
      vertex 1.86725 -4.0504 13
      vertex 5.02392 -10.8977 13
      vertex 2.02483 -3.97397 13
    endloop
  endfacet
  facet normal 0 0 1
    outer loop
      vertex 5.02392 -10.8977 13
      vertex 1.86725 -4.0504 13
      vertex 4.5922 -11.0866 13
    endloop
  endfacet
  facet normal -0 0 1
    outer loop
      vertex 1.7068 -4.12057 13
      vertex 4.5922 -11.0866 13
      vertex 1.86725 -4.0504 13
    endloop
  endfacet
  facet normal 0 0 1
    outer loop
      vertex 4.5922 -11.0866 13
      vertex 1.7068 -4.12057 13
      vertex 4.1534 -11.2583 13
    endloop
  endfacet
  facet normal -0 0 1
    outer loop
      vertex 1.5437 -4.18442 13
      vertex 4.1534 -11.2583 13
      vertex 1.7068 -4.12057 13
    endloop
  endfacet
  facet normal 0 0 1
    outer loop
      vertex 4.1534 -11.2583 13
      vertex 1.5437 -4.18442 13
      vertex 3.7082 -11.4127 13
    endloop
  endfacet
  facet normal -0 0 1
    outer loop
      vertex 1.37822 -4.24179 13
      vertex 3.7082 -11.4127 13
      vertex 1.5437 -4.18442 13
    endloop
  endfacet
  facet normal 0 0 1
    outer loop
      vertex 3.7082 -11.4127 13
      vertex 1.37822 -4.24179 13
      vertex 3.25729 -11.5495 13
    endloop
  endfacet
  facet normal -0 0 1
    outer loop
      vertex 1.21065 -4.29262 13
      vertex 3.25729 -11.5495 13
      vertex 1.37822 -4.24179 13
    endloop
  endfacet
  facet normal 0 0 1
    outer loop
      vertex 3.25729 -11.5495 13
      vertex 1.21065 -4.29262 13
      vertex 2.80134 -11.6684 13
    endloop
  endfacet
  facet normal -0 0 1
    outer loop
      vertex 1.04118 -4.33684 13
      vertex 2.80134 -11.6684 13
      vertex 1.21065 -4.29262 13
    endloop
  endfacet
  facet normal 0 0 1
    outer loop
      vertex 2.80134 -11.6684 13
      vertex 1.04118 -4.33684 13
      vertex 2.34108 -11.7694 13
    endloop
  endfacet
  facet normal -0 0 1
    outer loop
      vertex 0.870117 -4.37437 13
      vertex 2.34108 -11.7694 13
      vertex 1.04118 -4.33684 13
    endloop
  endfacet
  facet normal 0 0 1
    outer loop
      vertex 2.34108 -11.7694 13
      vertex 0.870117 -4.37437 13
      vertex 1.87721 -11.8523 13
    endloop
  endfacet
  facet normal -0 0 1
    outer loop
      vertex 0.697708 -4.40517 13
      vertex 1.87721 -11.8523 13
      vertex 0.870117 -4.37437 13
    endloop
  endfacet
  facet normal 0 0 1
    outer loop
      vertex 1.87721 -11.8523 13
      vertex 0.697708 -4.40517 13
      vertex 1.41045 -11.9168 13
    endloop
  endfacet
  facet normal -0 0 1
    outer loop
      vertex 0.524216 -4.42915 13
      vertex 1.41045 -11.9168 13
      vertex 0.697708 -4.40517 13
    endloop
  endfacet
  facet normal 0 0 1
    outer loop
      vertex 1.41045 -11.9168 13
      vertex 0.524216 -4.42915 13
      vertex 0.941508 -11.963 13
    endloop
  endfacet
  facet normal -0 0 1
    outer loop
      vertex 0.34993 -4.44632 13
      vertex 0.941508 -11.963 13
      vertex 0.524216 -4.42915 13
    endloop
  endfacet
  facet normal 0 0 1
    outer loop
      vertex 0.941508 -11.963 13
      vertex 0.34993 -4.44632 13
      vertex 0.471117 -11.9907 13
    endloop
  endfacet
  facet normal -0 0 1
    outer loop
      vertex 0.17511 -4.45663 13
      vertex 0.471117 -11.9907 13
      vertex 0.34993 -4.44632 13
    endloop
  endfacet
  facet normal -0 0 1
    outer loop
      vertex 0 -4.46008 13
      vertex 0.471117 -11.9907 13
      vertex 0.17511 -4.45663 13
    endloop
  endfacet
  facet normal 0 0 1
    outer loop
      vertex 0 -4.46008 13
      vertex 0 -12 13
      vertex 0.471117 -11.9907 13
    endloop
  endfacet
  facet normal 0 0 1
    outer loop
      vertex -0.17511 -4.45663 13
      vertex 0 -12 13
      vertex 0 -4.46008 13
    endloop
  endfacet
  facet normal 0 0 1
    outer loop
      vertex -0.471117 -11.9907 13
      vertex -0.17511 -4.45663 13
      vertex -0.34993 -4.44632 13
    endloop
  endfacet
  facet normal 0 0 1
    outer loop
      vertex -0.17511 -4.45663 13
      vertex -0.471117 -11.9907 13
      vertex 0 -12 13
    endloop
  endfacet
  facet normal 0 0 1
    outer loop
      vertex -0.941508 -11.963 13
      vertex -0.34993 -4.44632 13
      vertex -0.524216 -4.42915 13
    endloop
  endfacet
  facet normal 0 0 1
    outer loop
      vertex -1.41045 -11.9168 13
      vertex -0.524216 -4.42915 13
      vertex -0.697708 -4.40517 13
    endloop
  endfacet
  facet normal 0 0 1
    outer loop
      vertex -1.87721 -11.8523 13
      vertex -0.697708 -4.40517 13
      vertex -0.870117 -4.37437 13
    endloop
  endfacet
  facet normal 0 0 1
    outer loop
      vertex -0.34993 -4.44632 13
      vertex -0.941508 -11.963 13
      vertex -0.471117 -11.9907 13
    endloop
  endfacet
  facet normal 0 0 1
    outer loop
      vertex -2.34108 -11.7694 13
      vertex -0.870117 -4.37437 13
      vertex -1.04118 -4.33684 13
    endloop
  endfacet
  facet normal 0 0 1
    outer loop
      vertex -2.80134 -11.6684 13
      vertex -1.04118 -4.33684 13
      vertex -1.21065 -4.29262 13
    endloop
  endfacet
  facet normal 0 0 1
    outer loop
      vertex -3.25729 -11.5495 13
      vertex -1.21065 -4.29262 13
      vertex -1.37822 -4.24179 13
    endloop
  endfacet
  facet normal 0 0 1
    outer loop
      vertex -0.524216 -4.42915 13
      vertex -1.41045 -11.9168 13
      vertex -0.941508 -11.963 13
    endloop
  endfacet
  facet normal 0 0 1
    outer loop
      vertex -3.7082 -11.4127 13
      vertex -1.37822 -4.24179 13
      vertex -1.5437 -4.18442 13
    endloop
  endfacet
  facet normal 0 0 1
    outer loop
      vertex -4.1534 -11.2583 13
      vertex -1.5437 -4.18442 13
      vertex -1.7068 -4.12057 13
    endloop
  endfacet
  facet normal 0 0 1
    outer loop
      vertex -4.5922 -11.0866 13
      vertex -1.7068 -4.12057 13
      vertex -1.86725 -4.0504 13
    endloop
  endfacet
  facet normal 0 0 1
    outer loop
      vertex -0.697708 -4.40517 13
      vertex -1.87721 -11.8523 13
      vertex -1.41045 -11.9168 13
    endloop
  endfacet
  facet normal 0 0 1
    outer loop
      vertex -5.02392 -10.8977 13
      vertex -1.86725 -4.0504 13
      vertex -2.02483 -3.97397 13
    endloop
  endfacet
  facet normal 0 0 1
    outer loop
      vertex -5.44789 -10.6921 13
      vertex -2.02483 -3.97397 13
      vertex -2.17931 -3.8914 13
    endloop
  endfacet
  facet normal 0 0 1
    outer loop
      vertex -5.86345 -10.47 13
      vertex -2.17931 -3.8914 13
      vertex -2.33038 -3.80284 13
    endloop
  endfacet
  facet normal 0 0 1
    outer loop
      vertex -0.870117 -4.37437 13
      vertex -2.34108 -11.7694 13
      vertex -1.87721 -11.8523 13
    endloop
  endfacet
  facet normal 0 0 1
    outer loop
      vertex -6.26998 -10.2317 13
      vertex -2.33038 -3.80284 13
      vertex -2.47789 -3.70842 13
    endloop
  endfacet
  facet normal 0 0 1
    outer loop
      vertex -6.66684 -9.97763 13
      vertex -2.47789 -3.70842 13
      vertex -2.62157 -3.60828 13
    endloop
  endfacet
  facet normal 0 0 1
    outer loop
      vertex -7.05342 -9.7082 13
      vertex -2.62157 -3.60828 13
      vertex -2.7612 -3.50258 13
    endloop
  endfacet
  facet normal 0 0 1
    outer loop
      vertex -1.04118 -4.33684 13
      vertex -2.80134 -11.6684 13
      vertex -2.34108 -11.7694 13
    endloop
  endfacet
  facet normal 0 0 1
    outer loop
      vertex -7.42913 -9.4238 13
      vertex -2.7612 -3.50258 13
      vertex -2.89658 -3.39146 13
    endloop
  endfacet
  facet normal 0 0 1
    outer loop
      vertex -7.79338 -9.12487 13
      vertex -2.89658 -3.39146 13
      vertex -3.0275 -3.27515 13
    endloop
  endfacet
  facet normal 0 0 1
    outer loop
      vertex -8.14561 -8.81187 13
      vertex -3.0275 -3.27515 13
      vertex -3.15375 -3.15375 13
    endloop
  endfacet
  facet normal 0 0 1
    outer loop
      vertex -1.21065 -4.29262 13
      vertex -3.25729 -11.5495 13
      vertex -2.80134 -11.6684 13
    endloop
  endfacet
  facet normal 0 0 1
    outer loop
      vertex -8.48528 -8.48528 13
      vertex -3.15375 -3.15375 13
      vertex -3.27515 -3.0275 13
    endloop
  endfacet
  facet normal 0 0 1
    outer loop
      vertex -8.81187 -8.14561 13
      vertex -3.27515 -3.0275 13
      vertex -3.39146 -2.89658 13
    endloop
  endfacet
  facet normal 0 0 1
    outer loop
      vertex -9.12487 -7.79338 13
      vertex -3.39146 -2.89658 13
      vertex -3.50258 -2.7612 13
    endloop
  endfacet
  facet normal 0 0 1
    outer loop
      vertex -9.4238 -7.42913 13
      vertex -3.50258 -2.7612 13
      vertex -3.60828 -2.62157 13
    endloop
  endfacet
  facet normal 0 0 1
    outer loop
      vertex -1.37822 -4.24179 13
      vertex -3.7082 -11.4127 13
      vertex -3.25729 -11.5495 13
    endloop
  endfacet
  facet normal 0 0 1
    outer loop
      vertex -9.7082 -7.05342 13
      vertex -3.60828 -2.62157 13
      vertex -3.70842 -2.47789 13
    endloop
  endfacet
  facet normal 0 0 1
    outer loop
      vertex -9.97763 -6.66684 13
      vertex -3.70842 -2.47789 13
      vertex -3.80284 -2.33038 13
    endloop
  endfacet
  facet normal 0 0 1
    outer loop
      vertex -10.2317 -6.26998 13
      vertex -3.80284 -2.33038 13
      vertex -3.8914 -2.17931 13
    endloop
  endfacet
  facet normal 0 0 1
    outer loop
      vertex -10.47 -5.86345 13
      vertex -3.8914 -2.17931 13
      vertex -3.97397 -2.02483 13
    endloop
  endfacet
  facet normal 0 0 1
    outer loop
      vertex -10.6921 -5.44789 13
      vertex -3.97397 -2.02483 13
      vertex -4.0504 -1.86725 13
    endloop
  endfacet
  facet normal 0 0 1
    outer loop
      vertex -10.8977 -5.02392 13
      vertex -4.0504 -1.86725 13
      vertex -4.12057 -1.7068 13
    endloop
  endfacet
  facet normal 0 0 1
    outer loop
      vertex -1.5437 -4.18442 13
      vertex -4.1534 -11.2583 13
      vertex -3.7082 -11.4127 13
    endloop
  endfacet
  facet normal 0 0 1
    outer loop
      vertex -11.0866 -4.5922 13
      vertex -4.12057 -1.7068 13
      vertex -4.18442 -1.5437 13
    endloop
  endfacet
  facet normal 0 0 1
    outer loop
      vertex -11.2583 -4.1534 13
      vertex -4.18442 -1.5437 13
      vertex -4.24179 -1.37822 13
    endloop
  endfacet
  facet normal 0 0 1
    outer loop
      vertex -11.4127 -3.7082 13
      vertex -4.24179 -1.37822 13
      vertex -4.29262 -1.21065 13
    endloop
  endfacet
  facet normal 0 0 1
    outer loop
      vertex -11.5495 -3.25729 13
      vertex -4.29262 -1.21065 13
      vertex -4.33684 -1.04118 13
    endloop
  endfacet
  facet normal 0 0 1
    outer loop
      vertex -11.6684 -2.80134 13
      vertex -4.33684 -1.04118 13
      vertex -4.37437 -0.870117 13
    endloop
  endfacet
  facet normal 0 0 1
    outer loop
      vertex -11.7694 -2.34108 13
      vertex -4.37437 -0.870117 13
      vertex -4.40517 -0.697708 13
    endloop
  endfacet
  facet normal 0 0 1
    outer loop
      vertex -11.8523 -1.87721 13
      vertex -4.40517 -0.697708 13
      vertex -4.42915 -0.524216 13
    endloop
  endfacet
  facet normal 0 0 1
    outer loop
      vertex -11.9168 -1.41045 13
      vertex -4.42915 -0.524216 13
      vertex -4.44632 -0.34993 13
    endloop
  endfacet
  facet normal 0 0 1
    outer loop
      vertex -11.963 -0.941508 13
      vertex -4.44632 -0.34993 13
      vertex -4.45663 -0.17511 13
    endloop
  endfacet
  facet normal 0 0 1
    outer loop
      vertex -1.7068 -4.12057 13
      vertex -4.5922 -11.0866 13
      vertex -4.1534 -11.2583 13
    endloop
  endfacet
  facet normal 0 0 1
    outer loop
      vertex -11.9907 -0.471117 13
      vertex -4.45663 -0.17511 13
      vertex -4.46008 0 13
    endloop
  endfacet
  facet normal 0 0 1
    outer loop
      vertex -3.70842 2.47789 13
      vertex -9.97763 6.66684 13
      vertex -3.80284 2.33038 13
    endloop
  endfacet
  facet normal -0 0 1
    outer loop
      vertex -10.2317 6.26998 13
      vertex -3.80284 2.33038 13
      vertex -9.97763 6.66684 13
    endloop
  endfacet
  facet normal 0 0 1
    outer loop
      vertex -1.86725 -4.0504 13
      vertex -5.02392 -10.8977 13
      vertex -4.5922 -11.0866 13
    endloop
  endfacet
  facet normal 0 0 1
    outer loop
      vertex -3.80284 2.33038 13
      vertex -10.2317 6.26998 13
      vertex -3.8914 2.17931 13
    endloop
  endfacet
  facet normal 0 0 1
    outer loop
      vertex -2.02483 -3.97397 13
      vertex -5.44789 -10.6921 13
      vertex -5.02392 -10.8977 13
    endloop
  endfacet
  facet normal -0 0 1
    outer loop
      vertex -10.47 5.86345 13
      vertex -3.8914 2.17931 13
      vertex -10.2317 6.26998 13
    endloop
  endfacet
  facet normal 0 0 1
    outer loop
      vertex -2.17931 -3.8914 13
      vertex -5.86345 -10.47 13
      vertex -5.44789 -10.6921 13
    endloop
  endfacet
  facet normal 0 0 1
    outer loop
      vertex -3.8914 2.17931 13
      vertex -10.47 5.86345 13
      vertex -3.97397 2.02483 13
    endloop
  endfacet
  facet normal 0 0 1
    outer loop
      vertex -2.33038 -3.80284 13
      vertex -6.26998 -10.2317 13
      vertex -5.86345 -10.47 13
    endloop
  endfacet
  facet normal -0 0 1
    outer loop
      vertex -10.6921 5.44789 13
      vertex -3.97397 2.02483 13
      vertex -10.47 5.86345 13
    endloop
  endfacet
  facet normal 0 0 1
    outer loop
      vertex -2.47789 -3.70842 13
      vertex -6.66684 -9.97763 13
      vertex -6.26998 -10.2317 13
    endloop
  endfacet
  facet normal 0 0 1
    outer loop
      vertex -3.97397 2.02483 13
      vertex -10.6921 5.44789 13
      vertex -4.0504 1.86725 13
    endloop
  endfacet
  facet normal 0 0 1
    outer loop
      vertex -2.62157 -3.60828 13
      vertex -7.05342 -9.7082 13
      vertex -6.66684 -9.97763 13
    endloop
  endfacet
  facet normal -0 0 1
    outer loop
      vertex -10.8977 5.02392 13
      vertex -4.0504 1.86725 13
      vertex -10.6921 5.44789 13
    endloop
  endfacet
  facet normal 0 0 1
    outer loop
      vertex -2.7612 -3.50258 13
      vertex -7.42913 -9.4238 13
      vertex -7.05342 -9.7082 13
    endloop
  endfacet
  facet normal 0 0 1
    outer loop
      vertex -4.0504 1.86725 13
      vertex -10.8977 5.02392 13
      vertex -4.12057 1.7068 13
    endloop
  endfacet
  facet normal 0 0 1
    outer loop
      vertex -2.89658 -3.39146 13
      vertex -7.79338 -9.12487 13
      vertex -7.42913 -9.4238 13
    endloop
  endfacet
  facet normal -0 0 1
    outer loop
      vertex -11.0866 4.5922 13
      vertex -4.12057 1.7068 13
      vertex -10.8977 5.02392 13
    endloop
  endfacet
  facet normal 0 0 1
    outer loop
      vertex -3.0275 -3.27515 13
      vertex -8.14561 -8.81187 13
      vertex -7.79338 -9.12487 13
    endloop
  endfacet
  facet normal 0 0 1
    outer loop
      vertex -4.12057 1.7068 13
      vertex -11.0866 4.5922 13
      vertex -4.18442 1.5437 13
    endloop
  endfacet
  facet normal 0 0 1
    outer loop
      vertex -3.15375 -3.15375 13
      vertex -8.48528 -8.48528 13
      vertex -8.14561 -8.81187 13
    endloop
  endfacet
  facet normal -0 0 1
    outer loop
      vertex -11.2583 4.1534 13
      vertex -4.18442 1.5437 13
      vertex -11.0866 4.5922 13
    endloop
  endfacet
  facet normal 0 0 1
    outer loop
      vertex -3.27515 -3.0275 13
      vertex -8.81187 -8.14561 13
      vertex -8.48528 -8.48528 13
    endloop
  endfacet
  facet normal 0 0 1
    outer loop
      vertex -4.18442 1.5437 13
      vertex -11.2583 4.1534 13
      vertex -4.24179 1.37822 13
    endloop
  endfacet
  facet normal 0 0 1
    outer loop
      vertex -3.39146 -2.89658 13
      vertex -9.12487 -7.79338 13
      vertex -8.81187 -8.14561 13
    endloop
  endfacet
  facet normal -0 0 1
    outer loop
      vertex -11.4127 3.7082 13
      vertex -4.24179 1.37822 13
      vertex -11.2583 4.1534 13
    endloop
  endfacet
  facet normal 0 0 1
    outer loop
      vertex -3.50258 -2.7612 13
      vertex -9.4238 -7.42913 13
      vertex -9.12487 -7.79338 13
    endloop
  endfacet
  facet normal 0 0 1
    outer loop
      vertex -4.24179 1.37822 13
      vertex -11.4127 3.7082 13
      vertex -4.29262 1.21065 13
    endloop
  endfacet
  facet normal 0 0 1
    outer loop
      vertex -3.60828 -2.62157 13
      vertex -9.7082 -7.05342 13
      vertex -9.4238 -7.42913 13
    endloop
  endfacet
  facet normal -0 0 1
    outer loop
      vertex -11.5495 3.25729 13
      vertex -4.29262 1.21065 13
      vertex -11.4127 3.7082 13
    endloop
  endfacet
  facet normal 0 0 1
    outer loop
      vertex -3.70842 -2.47789 13
      vertex -9.97763 -6.66684 13
      vertex -9.7082 -7.05342 13
    endloop
  endfacet
  facet normal 0 0 1
    outer loop
      vertex -4.29262 1.21065 13
      vertex -11.5495 3.25729 13
      vertex -4.33684 1.04118 13
    endloop
  endfacet
  facet normal 0 0 1
    outer loop
      vertex -3.80284 -2.33038 13
      vertex -10.2317 -6.26998 13
      vertex -9.97763 -6.66684 13
    endloop
  endfacet
  facet normal -0 0 1
    outer loop
      vertex -11.6684 2.80134 13
      vertex -4.33684 1.04118 13
      vertex -11.5495 3.25729 13
    endloop
  endfacet
  facet normal 0 0 1
    outer loop
      vertex -3.8914 -2.17931 13
      vertex -10.47 -5.86345 13
      vertex -10.2317 -6.26998 13
    endloop
  endfacet
  facet normal 0 0 1
    outer loop
      vertex -4.33684 1.04118 13
      vertex -11.6684 2.80134 13
      vertex -4.37437 0.870117 13
    endloop
  endfacet
  facet normal 0 0 1
    outer loop
      vertex -3.97397 -2.02483 13
      vertex -10.6921 -5.44789 13
      vertex -10.47 -5.86345 13
    endloop
  endfacet
  facet normal -0 0 1
    outer loop
      vertex -11.7694 2.34108 13
      vertex -4.37437 0.870117 13
      vertex -11.6684 2.80134 13
    endloop
  endfacet
  facet normal 0 0 1
    outer loop
      vertex -4.0504 -1.86725 13
      vertex -10.8977 -5.02392 13
      vertex -10.6921 -5.44789 13
    endloop
  endfacet
  facet normal 0 0 1
    outer loop
      vertex -4.37437 0.870117 13
      vertex -11.7694 2.34108 13
      vertex -4.40517 0.697708 13
    endloop
  endfacet
  facet normal 0 0 1
    outer loop
      vertex -4.12057 -1.7068 13
      vertex -11.0866 -4.5922 13
      vertex -10.8977 -5.02392 13
    endloop
  endfacet
  facet normal -0 0 1
    outer loop
      vertex -11.8523 1.87721 13
      vertex -4.40517 0.697708 13
      vertex -11.7694 2.34108 13
    endloop
  endfacet
  facet normal 0 0 1
    outer loop
      vertex -4.18442 -1.5437 13
      vertex -11.2583 -4.1534 13
      vertex -11.0866 -4.5922 13
    endloop
  endfacet
  facet normal 0 0 1
    outer loop
      vertex -4.40517 0.697708 13
      vertex -11.8523 1.87721 13
      vertex -4.42915 0.524216 13
    endloop
  endfacet
  facet normal 0 0 1
    outer loop
      vertex -4.24179 -1.37822 13
      vertex -11.4127 -3.7082 13
      vertex -11.2583 -4.1534 13
    endloop
  endfacet
  facet normal -0 0 1
    outer loop
      vertex -11.9168 1.41045 13
      vertex -4.42915 0.524216 13
      vertex -11.8523 1.87721 13
    endloop
  endfacet
  facet normal 0 0 1
    outer loop
      vertex -4.29262 -1.21065 13
      vertex -11.5495 -3.25729 13
      vertex -11.4127 -3.7082 13
    endloop
  endfacet
  facet normal 0 0 1
    outer loop
      vertex -4.42915 0.524216 13
      vertex -11.9168 1.41045 13
      vertex -4.44632 0.34993 13
    endloop
  endfacet
  facet normal 0 0 1
    outer loop
      vertex -4.33684 -1.04118 13
      vertex -11.6684 -2.80134 13
      vertex -11.5495 -3.25729 13
    endloop
  endfacet
  facet normal -0 0 1
    outer loop
      vertex -11.963 0.941508 13
      vertex -4.44632 0.34993 13
      vertex -11.9168 1.41045 13
    endloop
  endfacet
  facet normal 0 0 1
    outer loop
      vertex -4.37437 -0.870117 13
      vertex -11.7694 -2.34108 13
      vertex -11.6684 -2.80134 13
    endloop
  endfacet
  facet normal 0 0 1
    outer loop
      vertex -4.44632 0.34993 13
      vertex -11.963 0.941508 13
      vertex -4.45663 0.17511 13
    endloop
  endfacet
  facet normal 0 0 1
    outer loop
      vertex -4.40517 -0.697708 13
      vertex -11.8523 -1.87721 13
      vertex -11.7694 -2.34108 13
    endloop
  endfacet
  facet normal -0 0 1
    outer loop
      vertex -11.9907 0.471117 13
      vertex -4.45663 0.17511 13
      vertex -11.963 0.941508 13
    endloop
  endfacet
  facet normal 0 0 1
    outer loop
      vertex -4.42915 -0.524216 13
      vertex -11.9168 -1.41045 13
      vertex -11.8523 -1.87721 13
    endloop
  endfacet
  facet normal 0 0 1
    outer loop
      vertex -4.45663 0.17511 13
      vertex -11.9907 0.471117 13
      vertex -4.46008 0 13
    endloop
  endfacet
  facet normal 0 0 1
    outer loop
      vertex -4.44632 -0.34993 13
      vertex -11.963 -0.941508 13
      vertex -11.9168 -1.41045 13
    endloop
  endfacet
  facet normal 0 0 1
    outer loop
      vertex -12 0 13
      vertex -4.46008 0 13
      vertex -11.9907 0.471117 13
    endloop
  endfacet
  facet normal 0 0 1
    outer loop
      vertex -4.45663 -0.17511 13
      vertex -11.9907 -0.471117 13
      vertex -11.963 -0.941508 13
    endloop
  endfacet
  facet normal 0 0 1
    outer loop
      vertex -4.46008 0 13
      vertex -12 0 13
      vertex -11.9907 -0.471117 13
    endloop
  endfacet
  facet normal -0.29032 -0.95693 0
    outer loop
      vertex -3.7082 -11.4127 0
      vertex -3.25729 -11.5495 2.2
      vertex -3.7082 -11.4127 2.2
    endloop
  endfacet
  facet normal -0.29032 -0.95693 -0
    outer loop
      vertex -3.25729 -11.5495 2.2
      vertex -3.7082 -11.4127 0
      vertex -3.25729 -11.5495 0
    endloop
  endfacet
  facet normal -0.29032 -0.95693 0
    outer loop
      vertex -3.7082 -11.4127 10.8
      vertex -3.25729 -11.5495 13
      vertex -3.7082 -11.4127 13
    endloop
  endfacet
  facet normal -0.29032 -0.95693 -0
    outer loop
      vertex -3.25729 -11.5495 13
      vertex -3.7082 -11.4127 10.8
      vertex -3.25729 -11.5495 10.8
    endloop
  endfacet
  facet normal 0.63439 -0.773013 0
    outer loop
      vertex 7.42913 -9.4238 10.8
      vertex 7.79338 -9.12487 13
      vertex 7.42913 -9.4238 13
    endloop
  endfacet
  facet normal 0.63439 -0.773013 0
    outer loop
      vertex 7.79338 -9.12487 13
      vertex 7.42913 -9.4238 10.8
      vertex 7.79338 -9.12487 10.8
    endloop
  endfacet
  facet normal 0.63439 -0.773013 0
    outer loop
      vertex 7.42913 -9.4238 0
      vertex 7.79338 -9.12487 2.2
      vertex 7.42913 -9.4238 2.2
    endloop
  endfacet
  facet normal 0.63439 -0.773013 0
    outer loop
      vertex 7.79338 -9.12487 2.2
      vertex 7.42913 -9.4238 0
      vertex 7.79338 -9.12487 0
    endloop
  endfacet
  facet normal 0 0 -1
    outer loop
      vertex 3.46001 -2.81944 0
      vertex 12 0 0
      vertex 11.9907 -0.471117 0
    endloop
  endfacet
  facet normal 0 0 -1
    outer loop
      vertex 3.46001 -2.81944 0
      vertex 11.9907 -0.471117 0
      vertex 11.963 -0.941508 0
    endloop
  endfacet
  facet normal 0 0 -1
    outer loop
      vertex 3.46001 2.81944 0
      vertex 12 0 0
      vertex 3.46001 -2.81944 0
    endloop
  endfacet
  facet normal 0 0 -1
    outer loop
      vertex 3.46001 -2.81944 0
      vertex 11.963 -0.941508 0
      vertex 11.9168 -1.41045 0
    endloop
  endfacet
  facet normal 0 0 -1
    outer loop
      vertex 12 0 0
      vertex 3.46001 2.81944 0
      vertex 11.9907 0.471117 0
    endloop
  endfacet
  facet normal 0 0 -1
    outer loop
      vertex 3.46001 -2.81944 0
      vertex 11.9168 -1.41045 0
      vertex 11.8523 -1.87721 0
    endloop
  endfacet
  facet normal 0 0 -1
    outer loop
      vertex 11.9907 0.471117 0
      vertex 3.46001 2.81944 0
      vertex 11.963 0.941508 0
    endloop
  endfacet
  facet normal 0 0 -1
    outer loop
      vertex 3.46001 -2.81944 0
      vertex 11.8523 -1.87721 0
      vertex 11.7694 -2.34108 0
    endloop
  endfacet
  facet normal 0 0 -1
    outer loop
      vertex 11.963 0.941508 0
      vertex 3.46001 2.81944 0
      vertex 11.9168 1.41045 0
    endloop
  endfacet
  facet normal 0 0 -1
    outer loop
      vertex 3.46001 -2.81944 0
      vertex 11.7694 -2.34108 0
      vertex 11.6684 -2.80134 0
    endloop
  endfacet
  facet normal 0 0 -1
    outer loop
      vertex 11.9168 1.41045 0
      vertex 3.46001 2.81944 0
      vertex 11.8523 1.87721 0
    endloop
  endfacet
  facet normal 0 0 -1
    outer loop
      vertex 3.46001 -2.81944 0
      vertex 11.6684 -2.80134 0
      vertex 11.5495 -3.25729 0
    endloop
  endfacet
  facet normal 0 0 -1
    outer loop
      vertex 11.8523 1.87721 0
      vertex 3.46001 2.81944 0
      vertex 11.7694 2.34108 0
    endloop
  endfacet
  facet normal 0 0 -1
    outer loop
      vertex 3.46001 -2.81944 0
      vertex 11.5495 -3.25729 0
      vertex 11.4127 -3.7082 0
    endloop
  endfacet
  facet normal 0 0 -1
    outer loop
      vertex 11.7694 2.34108 0
      vertex 3.46001 2.81944 0
      vertex 11.6684 2.80134 0
    endloop
  endfacet
  facet normal 0 0 -1
    outer loop
      vertex 3.46001 -2.81944 0
      vertex 11.4127 -3.7082 0
      vertex 11.2583 -4.1534 0
    endloop
  endfacet
  facet normal 0 0 -1
    outer loop
      vertex 11.6684 2.80134 0
      vertex 3.46001 2.81944 0
      vertex 11.5495 3.25729 0
    endloop
  endfacet
  facet normal 0 0 -1
    outer loop
      vertex 3.46001 -2.81944 0
      vertex 11.2583 -4.1534 0
      vertex 11.0866 -4.5922 0
    endloop
  endfacet
  facet normal -0 0 -1
    outer loop
      vertex 11.5495 3.25729 0
      vertex 3.46001 2.81944 0
      vertex 11.4127 3.7082 0
    endloop
  endfacet
  facet normal 0 0 -1
    outer loop
      vertex 3.46001 -2.81944 0
      vertex 11.0866 -4.5922 0
      vertex 10.8977 -5.02392 0
    endloop
  endfacet
  facet normal -0 0 -1
    outer loop
      vertex 11.4127 3.7082 0
      vertex 3.46001 2.81944 0
      vertex 11.2583 4.1534 0
    endloop
  endfacet
  facet normal 0 0 -1
    outer loop
      vertex 3.46001 -2.81944 0
      vertex 10.8977 -5.02392 0
      vertex 10.6921 -5.44789 0
    endloop
  endfacet
  facet normal -0 0 -1
    outer loop
      vertex 11.2583 4.1534 0
      vertex 3.46001 2.81944 0
      vertex 11.0866 4.5922 0
    endloop
  endfacet
  facet normal 0 0 -1
    outer loop
      vertex 3.46001 -2.81944 0
      vertex 10.6921 -5.44789 0
      vertex 10.47 -5.86345 0
    endloop
  endfacet
  facet normal -0 0 -1
    outer loop
      vertex 11.0866 4.5922 0
      vertex 3.46001 2.81944 0
      vertex 10.8977 5.02392 0
    endloop
  endfacet
  facet normal 0 0 -1
    outer loop
      vertex 3.46001 -2.81944 0
      vertex 10.47 -5.86345 0
      vertex 10.2317 -6.26998 0
    endloop
  endfacet
  facet normal -0 0 -1
    outer loop
      vertex 10.8977 5.02392 0
      vertex 3.46001 2.81944 0
      vertex 10.6921 5.44789 0
    endloop
  endfacet
  facet normal 0 0 -1
    outer loop
      vertex 3.46001 -2.81944 0
      vertex 10.2317 -6.26998 0
      vertex 9.97763 -6.66684 0
    endloop
  endfacet
  facet normal -0 0 -1
    outer loop
      vertex 10.6921 5.44789 0
      vertex 3.46001 2.81944 0
      vertex 10.47 5.86345 0
    endloop
  endfacet
  facet normal 0 0 -1
    outer loop
      vertex 3.46001 -2.81944 0
      vertex 9.97763 -6.66684 0
      vertex 9.7082 -7.05342 0
    endloop
  endfacet
  facet normal -0 0 -1
    outer loop
      vertex 10.47 5.86345 0
      vertex 3.46001 2.81944 0
      vertex 10.2317 6.26998 0
    endloop
  endfacet
  facet normal 0 0 -1
    outer loop
      vertex 3.46001 -2.81944 0
      vertex 9.7082 -7.05342 0
      vertex 9.4238 -7.42913 0
    endloop
  endfacet
  facet normal -0 0 -1
    outer loop
      vertex 10.2317 6.26998 0
      vertex 3.46001 2.81944 0
      vertex 9.97763 6.66684 0
    endloop
  endfacet
  facet normal 0 0 -1
    outer loop
      vertex 3.46001 -2.81944 0
      vertex 9.4238 -7.42913 0
      vertex 9.12487 -7.79338 0
    endloop
  endfacet
  facet normal -0 0 -1
    outer loop
      vertex 9.97763 6.66684 0
      vertex 3.46001 2.81944 0
      vertex 9.7082 7.05342 0
    endloop
  endfacet
  facet normal 0 0 -1
    outer loop
      vertex 3.27515 -3.0275 0
      vertex 9.12487 -7.79338 0
      vertex 8.81187 -8.14561 0
    endloop
  endfacet
  facet normal -0 0 -1
    outer loop
      vertex 9.7082 7.05342 0
      vertex 3.46001 2.81944 0
      vertex 9.4238 7.42913 0
    endloop
  endfacet
  facet normal 0 0 -1
    outer loop
      vertex 3.27515 -3.0275 0
      vertex 8.81187 -8.14561 0
      vertex 8.48528 -8.48528 0
    endloop
  endfacet
  facet normal -0 0 -1
    outer loop
      vertex 9.4238 7.42913 0
      vertex 3.46001 2.81944 0
      vertex 9.12487 7.79338 0
    endloop
  endfacet
  facet normal 0 0 -1
    outer loop
      vertex 3.15375 -3.15375 0
      vertex 8.48528 -8.48528 0
      vertex 8.14561 -8.81187 0
    endloop
  endfacet
  facet normal 0 0 -1
    outer loop
      vertex 3.27515 3.0275 0
      vertex 9.12487 7.79338 0
      vertex 3.46001 2.81944 0
    endloop
  endfacet
  facet normal 0 0 -1
    outer loop
      vertex 3.0275 -3.27515 0
      vertex 8.14561 -8.81187 0
      vertex 7.79338 -9.12487 0
    endloop
  endfacet
  facet normal -0 0 -1
    outer loop
      vertex 9.12487 7.79338 0
      vertex 3.27515 3.0275 0
      vertex 8.81187 8.14561 0
    endloop
  endfacet
  facet normal 0 0 -1
    outer loop
      vertex 2.89658 -3.39146 0
      vertex 7.79338 -9.12487 0
      vertex 7.42913 -9.4238 0
    endloop
  endfacet
  facet normal -0 0 -1
    outer loop
      vertex 8.81187 8.14561 0
      vertex 3.27515 3.0275 0
      vertex 8.48528 8.48528 0
    endloop
  endfacet
  facet normal 0 0 -1
    outer loop
      vertex 2.7612 -3.50258 0
      vertex 7.42913 -9.4238 0
      vertex 7.05342 -9.7082 0
    endloop
  endfacet
  facet normal 0 0 -1
    outer loop
      vertex 3.15375 3.15375 0
      vertex 8.48528 8.48528 0
      vertex 3.27515 3.0275 0
    endloop
  endfacet
  facet normal 0 0 -1
    outer loop
      vertex 2.62157 -3.60828 0
      vertex 7.05342 -9.7082 0
      vertex 6.66684 -9.97763 0
    endloop
  endfacet
  facet normal -0 0 -1
    outer loop
      vertex 8.48528 8.48528 0
      vertex 3.15375 3.15375 0
      vertex 8.14561 8.81187 0
    endloop
  endfacet
  facet normal 0 0 -1
    outer loop
      vertex 2.47789 -3.70842 0
      vertex 6.66684 -9.97763 0
      vertex 6.26998 -10.2317 0
    endloop
  endfacet
  facet normal 0 0 -1
    outer loop
      vertex 3.0275 3.27515 0
      vertex 8.14561 8.81187 0
      vertex 3.15375 3.15375 0
    endloop
  endfacet
  facet normal 0 0 -1
    outer loop
      vertex 2.33038 -3.80284 0
      vertex 6.26998 -10.2317 0
      vertex 5.86345 -10.47 0
    endloop
  endfacet
  facet normal -0 0 -1
    outer loop
      vertex 8.14561 8.81187 0
      vertex 3.0275 3.27515 0
      vertex 7.79338 9.12487 0
    endloop
  endfacet
  facet normal 0 0 -1
    outer loop
      vertex 2.17931 -3.8914 0
      vertex 5.86345 -10.47 0
      vertex 5.44789 -10.6921 0
    endloop
  endfacet
  facet normal 0 0 -1
    outer loop
      vertex 2.89658 3.39146 0
      vertex 7.79338 9.12487 0
      vertex 3.0275 3.27515 0
    endloop
  endfacet
  facet normal 0 0 -1
    outer loop
      vertex 2.02483 -3.97397 0
      vertex 5.44789 -10.6921 0
      vertex 5.02392 -10.8977 0
    endloop
  endfacet
  facet normal -0 0 -1
    outer loop
      vertex 7.79338 9.12487 0
      vertex 2.89658 3.39146 0
      vertex 7.42913 9.4238 0
    endloop
  endfacet
  facet normal 0 0 -1
    outer loop
      vertex 1.86725 -4.0504 0
      vertex 5.02392 -10.8977 0
      vertex 4.5922 -11.0866 0
    endloop
  endfacet
  facet normal 0 0 -1
    outer loop
      vertex 2.7612 3.50258 0
      vertex 7.42913 9.4238 0
      vertex 2.89658 3.39146 0
    endloop
  endfacet
  facet normal 0 0 -1
    outer loop
      vertex 1.7068 -4.12057 0
      vertex 4.5922 -11.0866 0
      vertex 4.1534 -11.2583 0
    endloop
  endfacet
  facet normal -0 0 -1
    outer loop
      vertex 7.42913 9.4238 0
      vertex 2.7612 3.50258 0
      vertex 7.05342 9.7082 0
    endloop
  endfacet
  facet normal 0 0 -1
    outer loop
      vertex 1.5437 -4.18442 0
      vertex 4.1534 -11.2583 0
      vertex 3.7082 -11.4127 0
    endloop
  endfacet
  facet normal 0 0 -1
    outer loop
      vertex 2.62157 3.60828 0
      vertex 7.05342 9.7082 0
      vertex 2.7612 3.50258 0
    endloop
  endfacet
  facet normal -0 0 -1
    outer loop
      vertex 7.05342 9.7082 0
      vertex 2.62157 3.60828 0
      vertex 6.66684 9.97763 0
    endloop
  endfacet
  facet normal 0 0 -1
    outer loop
      vertex 9.12487 -7.79338 0
      vertex 3.27515 -3.0275 0
      vertex 3.46001 -2.81944 0
    endloop
  endfacet
  facet normal 0 0 -1
    outer loop
      vertex 1.37822 -4.24179 0
      vertex 3.7082 -11.4127 0
      vertex 3.25729 -11.5495 0
    endloop
  endfacet
  facet normal 0 0 -1
    outer loop
      vertex 8.48528 -8.48528 0
      vertex 3.15375 -3.15375 0
      vertex 3.27515 -3.0275 0
    endloop
  endfacet
  facet normal 0 0 -1
    outer loop
      vertex 8.14561 -8.81187 0
      vertex 3.0275 -3.27515 0
      vertex 3.15375 -3.15375 0
    endloop
  endfacet
  facet normal 0 0 -1
    outer loop
      vertex 7.79338 -9.12487 0
      vertex 2.89658 -3.39146 0
      vertex 3.0275 -3.27515 0
    endloop
  endfacet
  facet normal 0 0 -1
    outer loop
      vertex 1.21065 -4.29262 0
      vertex 3.25729 -11.5495 0
      vertex 2.80134 -11.6684 0
    endloop
  endfacet
  facet normal 0 0 -1
    outer loop
      vertex 7.42913 -9.4238 0
      vertex 2.7612 -3.50258 0
      vertex 2.89658 -3.39146 0
    endloop
  endfacet
  facet normal 0 0 -1
    outer loop
      vertex 7.05342 -9.7082 0
      vertex 2.62157 -3.60828 0
      vertex 2.7612 -3.50258 0
    endloop
  endfacet
  facet normal 0 0 -1
    outer loop
      vertex 6.66684 -9.97763 0
      vertex 2.47789 -3.70842 0
      vertex 2.62157 -3.60828 0
    endloop
  endfacet
  facet normal 0 0 -1
    outer loop
      vertex 1.04118 -4.33684 0
      vertex 2.80134 -11.6684 0
      vertex 2.34108 -11.7694 0
    endloop
  endfacet
  facet normal 0 0 -1
    outer loop
      vertex 6.26998 -10.2317 0
      vertex 2.33038 -3.80284 0
      vertex 2.47789 -3.70842 0
    endloop
  endfacet
  facet normal 0 0 -1
    outer loop
      vertex 5.86345 -10.47 0
      vertex 2.17931 -3.8914 0
      vertex 2.33038 -3.80284 0
    endloop
  endfacet
  facet normal 0 0 -1
    outer loop
      vertex 5.44789 -10.6921 0
      vertex 2.02483 -3.97397 0
      vertex 2.17931 -3.8914 0
    endloop
  endfacet
  facet normal 0 0 -1
    outer loop
      vertex 0.870117 -4.37437 0
      vertex 2.34108 -11.7694 0
      vertex 1.87721 -11.8523 0
    endloop
  endfacet
  facet normal 0 0 -1
    outer loop
      vertex 5.02392 -10.8977 0
      vertex 1.86725 -4.0504 0
      vertex 2.02483 -3.97397 0
    endloop
  endfacet
  facet normal 0 0 -1
    outer loop
      vertex 4.5922 -11.0866 0
      vertex 1.7068 -4.12057 0
      vertex 1.86725 -4.0504 0
    endloop
  endfacet
  facet normal 0 0 -1
    outer loop
      vertex 4.1534 -11.2583 0
      vertex 1.5437 -4.18442 0
      vertex 1.7068 -4.12057 0
    endloop
  endfacet
  facet normal 0 0 -1
    outer loop
      vertex 0.697708 -4.40517 0
      vertex 1.87721 -11.8523 0
      vertex 1.41045 -11.9168 0
    endloop
  endfacet
  facet normal 0 0 -1
    outer loop
      vertex 3.7082 -11.4127 0
      vertex 1.37822 -4.24179 0
      vertex 1.5437 -4.18442 0
    endloop
  endfacet
  facet normal 0 0 -1
    outer loop
      vertex 3.25729 -11.5495 0
      vertex 1.21065 -4.29262 0
      vertex 1.37822 -4.24179 0
    endloop
  endfacet
  facet normal 0 0 -1
    outer loop
      vertex 2.80134 -11.6684 0
      vertex 1.04118 -4.33684 0
      vertex 1.21065 -4.29262 0
    endloop
  endfacet
  facet normal 0 0 -1
    outer loop
      vertex 0.524216 -4.42915 0
      vertex 1.41045 -11.9168 0
      vertex 0.941508 -11.963 0
    endloop
  endfacet
  facet normal 0 0 -1
    outer loop
      vertex 2.34108 -11.7694 0
      vertex 0.870117 -4.37437 0
      vertex 1.04118 -4.33684 0
    endloop
  endfacet
  facet normal 0 0 -1
    outer loop
      vertex 1.87721 -11.8523 0
      vertex 0.697708 -4.40517 0
      vertex 0.870117 -4.37437 0
    endloop
  endfacet
  facet normal 0 0 -1
    outer loop
      vertex 1.41045 -11.9168 0
      vertex 0.524216 -4.42915 0
      vertex 0.697708 -4.40517 0
    endloop
  endfacet
  facet normal 0 0 -1
    outer loop
      vertex 0.34993 -4.44632 0
      vertex 0.941508 -11.963 0
      vertex 0.471117 -11.9907 0
    endloop
  endfacet
  facet normal 0 0 -1
    outer loop
      vertex 0.941508 -11.963 0
      vertex 0.34993 -4.44632 0
      vertex 0.524216 -4.42915 0
    endloop
  endfacet
  facet normal 0 0 -1
    outer loop
      vertex 0.471117 -11.9907 0
      vertex 0.17511 -4.45663 0
      vertex 0.34993 -4.44632 0
    endloop
  endfacet
  facet normal 0 0 -1
    outer loop
      vertex 0 -12 0
      vertex 0.17511 -4.45663 0
      vertex 0.471117 -11.9907 0
    endloop
  endfacet
  facet normal 0 0 -1
    outer loop
      vertex 0 -12 0
      vertex 0 -4.46008 0
      vertex 0.17511 -4.45663 0
    endloop
  endfacet
  facet normal 0 0 -1
    outer loop
      vertex 0 -12 0
      vertex -0.17511 -4.45663 0
      vertex 0 -4.46008 0
    endloop
  endfacet
  facet normal 0 0 -1
    outer loop
      vertex -0.471117 -11.9907 0
      vertex -0.17511 -4.45663 0
      vertex 0 -12 0
    endloop
  endfacet
  facet normal -0 0 -1
    outer loop
      vertex -0.17511 -4.45663 0
      vertex -0.471117 -11.9907 0
      vertex -0.34993 -4.44632 0
    endloop
  endfacet
  facet normal 0 0 -1
    outer loop
      vertex -0.941508 -11.963 0
      vertex -0.34993 -4.44632 0
      vertex -0.471117 -11.9907 0
    endloop
  endfacet
  facet normal -0 0 -1
    outer loop
      vertex -0.34993 -4.44632 0
      vertex -0.941508 -11.963 0
      vertex -0.524216 -4.42915 0
    endloop
  endfacet
  facet normal 0 0 -1
    outer loop
      vertex -1.41045 -11.9168 0
      vertex -0.524216 -4.42915 0
      vertex -0.941508 -11.963 0
    endloop
  endfacet
  facet normal -0 0 -1
    outer loop
      vertex -0.524216 -4.42915 0
      vertex -1.41045 -11.9168 0
      vertex -0.697708 -4.40517 0
    endloop
  endfacet
  facet normal 0 0 -1
    outer loop
      vertex -1.87721 -11.8523 0
      vertex -0.697708 -4.40517 0
      vertex -1.41045 -11.9168 0
    endloop
  endfacet
  facet normal -0 0 -1
    outer loop
      vertex -0.697708 -4.40517 0
      vertex -1.87721 -11.8523 0
      vertex -0.870117 -4.37437 0
    endloop
  endfacet
  facet normal 0 0 -1
    outer loop
      vertex -2.34108 -11.7694 0
      vertex -0.870117 -4.37437 0
      vertex -1.87721 -11.8523 0
    endloop
  endfacet
  facet normal -0 0 -1
    outer loop
      vertex -0.870117 -4.37437 0
      vertex -2.34108 -11.7694 0
      vertex -1.04118 -4.33684 0
    endloop
  endfacet
  facet normal 0 0 -1
    outer loop
      vertex -2.80134 -11.6684 0
      vertex -1.04118 -4.33684 0
      vertex -2.34108 -11.7694 0
    endloop
  endfacet
  facet normal -0 0 -1
    outer loop
      vertex -1.04118 -4.33684 0
      vertex -2.80134 -11.6684 0
      vertex -1.21065 -4.29262 0
    endloop
  endfacet
  facet normal 0 0 -1
    outer loop
      vertex -3.25729 -11.5495 0
      vertex -1.21065 -4.29262 0
      vertex -2.80134 -11.6684 0
    endloop
  endfacet
  facet normal -0 0 -1
    outer loop
      vertex -1.21065 -4.29262 0
      vertex -3.25729 -11.5495 0
      vertex -1.37822 -4.24179 0
    endloop
  endfacet
  facet normal 0 0 -1
    outer loop
      vertex -3.7082 -11.4127 0
      vertex -1.37822 -4.24179 0
      vertex -3.25729 -11.5495 0
    endloop
  endfacet
  facet normal -0 0 -1
    outer loop
      vertex -1.37822 -4.24179 0
      vertex -3.7082 -11.4127 0
      vertex -1.5437 -4.18442 0
    endloop
  endfacet
  facet normal 0 0 -1
    outer loop
      vertex -4.1534 -11.2583 0
      vertex -1.5437 -4.18442 0
      vertex -3.7082 -11.4127 0
    endloop
  endfacet
  facet normal -0 0 -1
    outer loop
      vertex -1.5437 -4.18442 0
      vertex -4.1534 -11.2583 0
      vertex -1.7068 -4.12057 0
    endloop
  endfacet
  facet normal 0 0 -1
    outer loop
      vertex -4.5922 -11.0866 0
      vertex -1.7068 -4.12057 0
      vertex -4.1534 -11.2583 0
    endloop
  endfacet
  facet normal -0 0 -1
    outer loop
      vertex -1.7068 -4.12057 0
      vertex -4.5922 -11.0866 0
      vertex -1.86725 -4.0504 0
    endloop
  endfacet
  facet normal 0 0 -1
    outer loop
      vertex -5.02392 -10.8977 0
      vertex -1.86725 -4.0504 0
      vertex -4.5922 -11.0866 0
    endloop
  endfacet
  facet normal -0 0 -1
    outer loop
      vertex -1.86725 -4.0504 0
      vertex -5.02392 -10.8977 0
      vertex -2.02483 -3.97397 0
    endloop
  endfacet
  facet normal 0 0 -1
    outer loop
      vertex -5.44789 -10.6921 0
      vertex -2.02483 -3.97397 0
      vertex -5.02392 -10.8977 0
    endloop
  endfacet
  facet normal -0 0 -1
    outer loop
      vertex -2.02483 -3.97397 0
      vertex -5.44789 -10.6921 0
      vertex -2.17931 -3.8914 0
    endloop
  endfacet
  facet normal 0 0 -1
    outer loop
      vertex -5.86345 -10.47 0
      vertex -2.17931 -3.8914 0
      vertex -5.44789 -10.6921 0
    endloop
  endfacet
  facet normal -0 0 -1
    outer loop
      vertex -2.17931 -3.8914 0
      vertex -5.86345 -10.47 0
      vertex -2.33038 -3.80284 0
    endloop
  endfacet
  facet normal 0 0 -1
    outer loop
      vertex -6.26998 -10.2317 0
      vertex -2.33038 -3.80284 0
      vertex -5.86345 -10.47 0
    endloop
  endfacet
  facet normal -0 0 -1
    outer loop
      vertex -2.33038 -3.80284 0
      vertex -6.26998 -10.2317 0
      vertex -2.47789 -3.70842 0
    endloop
  endfacet
  facet normal 0 0 -1
    outer loop
      vertex -6.66684 -9.97763 0
      vertex -2.47789 -3.70842 0
      vertex -6.26998 -10.2317 0
    endloop
  endfacet
  facet normal -0 0 -1
    outer loop
      vertex -2.47789 -3.70842 0
      vertex -6.66684 -9.97763 0
      vertex -2.62157 -3.60828 0
    endloop
  endfacet
  facet normal 0 0 -1
    outer loop
      vertex -7.05342 -9.7082 0
      vertex -2.62157 -3.60828 0
      vertex -6.66684 -9.97763 0
    endloop
  endfacet
  facet normal -0 0 -1
    outer loop
      vertex -2.62157 -3.60828 0
      vertex -7.05342 -9.7082 0
      vertex -2.7612 -3.50258 0
    endloop
  endfacet
  facet normal 0 0 -1
    outer loop
      vertex -7.42913 -9.4238 0
      vertex -2.7612 -3.50258 0
      vertex -7.05342 -9.7082 0
    endloop
  endfacet
  facet normal -0 0 -1
    outer loop
      vertex -2.7612 -3.50258 0
      vertex -7.42913 -9.4238 0
      vertex -2.89658 -3.39146 0
    endloop
  endfacet
  facet normal 0 0 -1
    outer loop
      vertex -7.79338 -9.12487 0
      vertex -2.89658 -3.39146 0
      vertex -7.42913 -9.4238 0
    endloop
  endfacet
  facet normal -0 0 -1
    outer loop
      vertex -2.89658 -3.39146 0
      vertex -7.79338 -9.12487 0
      vertex -3.0275 -3.27515 0
    endloop
  endfacet
  facet normal 0 0 -1
    outer loop
      vertex -8.14561 -8.81187 0
      vertex -3.0275 -3.27515 0
      vertex -7.79338 -9.12487 0
    endloop
  endfacet
  facet normal -0 0 -1
    outer loop
      vertex -3.0275 -3.27515 0
      vertex -8.14561 -8.81187 0
      vertex -3.15375 -3.15375 0
    endloop
  endfacet
  facet normal 0 0 -1
    outer loop
      vertex -8.48528 -8.48528 0
      vertex -3.15375 -3.15375 0
      vertex -8.14561 -8.81187 0
    endloop
  endfacet
  facet normal -0 0 -1
    outer loop
      vertex -3.15375 -3.15375 0
      vertex -8.48528 -8.48528 0
      vertex -3.27515 -3.0275 0
    endloop
  endfacet
  facet normal 0 0 -1
    outer loop
      vertex -8.81187 -8.14561 0
      vertex -3.27515 -3.0275 0
      vertex -8.48528 -8.48528 0
    endloop
  endfacet
  facet normal -0 0 -1
    outer loop
      vertex -3.27515 -3.0275 0
      vertex -8.81187 -8.14561 0
      vertex -3.39146 -2.89658 0
    endloop
  endfacet
  facet normal 0 0 -1
    outer loop
      vertex -9.12487 -7.79338 0
      vertex -3.39146 -2.89658 0
      vertex -8.81187 -8.14561 0
    endloop
  endfacet
  facet normal -0 0 -1
    outer loop
      vertex -3.39146 -2.89658 0
      vertex -9.12487 -7.79338 0
      vertex -3.50258 -2.7612 0
    endloop
  endfacet
  facet normal 0 0 -1
    outer loop
      vertex -9.4238 -7.42913 0
      vertex -3.50258 -2.7612 0
      vertex -9.12487 -7.79338 0
    endloop
  endfacet
  facet normal -0 0 -1
    outer loop
      vertex -3.50258 -2.7612 0
      vertex -9.4238 -7.42913 0
      vertex -3.60828 -2.62157 0
    endloop
  endfacet
  facet normal 0 0 -1
    outer loop
      vertex -9.7082 -7.05342 0
      vertex -3.60828 -2.62157 0
      vertex -9.4238 -7.42913 0
    endloop
  endfacet
  facet normal 0 0 -1
    outer loop
      vertex -9.97763 -6.66684 0
      vertex -3.70842 -2.47789 0
      vertex -9.7082 -7.05342 0
    endloop
  endfacet
  facet normal -0 0 -1
    outer loop
      vertex -3.60828 -2.62157 0
      vertex -9.7082 -7.05342 0
      vertex -3.70842 -2.47789 0
    endloop
  endfacet
  facet normal 0 0 -1
    outer loop
      vertex 2.47789 3.70842 0
      vertex 6.66684 9.97763 0
      vertex 2.62157 3.60828 0
    endloop
  endfacet
  facet normal -0 0 -1
    outer loop
      vertex 6.66684 9.97763 0
      vertex 2.47789 3.70842 0
      vertex 6.26998 10.2317 0
    endloop
  endfacet
  facet normal 0 0 -1
    outer loop
      vertex 2.33038 3.80284 0
      vertex 6.26998 10.2317 0
      vertex 2.47789 3.70842 0
    endloop
  endfacet
  facet normal -0 0 -1
    outer loop
      vertex 6.26998 10.2317 0
      vertex 2.33038 3.80284 0
      vertex 5.86345 10.47 0
    endloop
  endfacet
  facet normal 0 0 -1
    outer loop
      vertex 2.17931 3.8914 0
      vertex 5.86345 10.47 0
      vertex 2.33038 3.80284 0
    endloop
  endfacet
  facet normal -0 0 -1
    outer loop
      vertex 5.86345 10.47 0
      vertex 2.17931 3.8914 0
      vertex 5.44789 10.6921 0
    endloop
  endfacet
  facet normal 0 0 -1
    outer loop
      vertex 2.02483 3.97397 0
      vertex 5.44789 10.6921 0
      vertex 2.17931 3.8914 0
    endloop
  endfacet
  facet normal -0 0 -1
    outer loop
      vertex 5.44789 10.6921 0
      vertex 2.02483 3.97397 0
      vertex 5.02392 10.8977 0
    endloop
  endfacet
  facet normal 0 0 -1
    outer loop
      vertex 1.86725 4.0504 0
      vertex 5.02392 10.8977 0
      vertex 2.02483 3.97397 0
    endloop
  endfacet
  facet normal -0 0 -1
    outer loop
      vertex 5.02392 10.8977 0
      vertex 1.86725 4.0504 0
      vertex 4.5922 11.0866 0
    endloop
  endfacet
  facet normal 0 0 -1
    outer loop
      vertex 1.7068 4.12057 0
      vertex 4.5922 11.0866 0
      vertex 1.86725 4.0504 0
    endloop
  endfacet
  facet normal -0 0 -1
    outer loop
      vertex 4.5922 11.0866 0
      vertex 1.7068 4.12057 0
      vertex 4.1534 11.2583 0
    endloop
  endfacet
  facet normal 0 0 -1
    outer loop
      vertex 1.5437 4.18442 0
      vertex 4.1534 11.2583 0
      vertex 1.7068 4.12057 0
    endloop
  endfacet
  facet normal -0 0 -1
    outer loop
      vertex 4.1534 11.2583 0
      vertex 1.5437 4.18442 0
      vertex 3.7082 11.4127 0
    endloop
  endfacet
  facet normal 0 0 -1
    outer loop
      vertex 1.37822 4.24179 0
      vertex 3.7082 11.4127 0
      vertex 1.5437 4.18442 0
    endloop
  endfacet
  facet normal -0 0 -1
    outer loop
      vertex 3.7082 11.4127 0
      vertex 1.37822 4.24179 0
      vertex 3.25729 11.5495 0
    endloop
  endfacet
  facet normal 0 0 -1
    outer loop
      vertex 1.21065 4.29262 0
      vertex 3.25729 11.5495 0
      vertex 1.37822 4.24179 0
    endloop
  endfacet
  facet normal -0 0 -1
    outer loop
      vertex 3.25729 11.5495 0
      vertex 1.21065 4.29262 0
      vertex 2.80134 11.6684 0
    endloop
  endfacet
  facet normal 0 0 -1
    outer loop
      vertex 1.04118 4.33684 0
      vertex 2.80134 11.6684 0
      vertex 1.21065 4.29262 0
    endloop
  endfacet
  facet normal -0 0 -1
    outer loop
      vertex 2.80134 11.6684 0
      vertex 1.04118 4.33684 0
      vertex 2.34108 11.7694 0
    endloop
  endfacet
  facet normal 0 0 -1
    outer loop
      vertex 0.870117 4.37437 0
      vertex 2.34108 11.7694 0
      vertex 1.04118 4.33684 0
    endloop
  endfacet
  facet normal -0 0 -1
    outer loop
      vertex 2.34108 11.7694 0
      vertex 0.870117 4.37437 0
      vertex 1.87721 11.8523 0
    endloop
  endfacet
  facet normal 0 0 -1
    outer loop
      vertex 0.697708 4.40517 0
      vertex 1.87721 11.8523 0
      vertex 0.870117 4.37437 0
    endloop
  endfacet
  facet normal -0 0 -1
    outer loop
      vertex 1.87721 11.8523 0
      vertex 0.697708 4.40517 0
      vertex 1.41045 11.9168 0
    endloop
  endfacet
  facet normal 0 0 -1
    outer loop
      vertex 0.524216 4.42915 0
      vertex 1.41045 11.9168 0
      vertex 0.697708 4.40517 0
    endloop
  endfacet
  facet normal -0 0 -1
    outer loop
      vertex 1.41045 11.9168 0
      vertex 0.524216 4.42915 0
      vertex 0.941508 11.963 0
    endloop
  endfacet
  facet normal 0 0 -1
    outer loop
      vertex 0.34993 4.44632 0
      vertex 0.941508 11.963 0
      vertex 0.524216 4.42915 0
    endloop
  endfacet
  facet normal -0 0 -1
    outer loop
      vertex 0.941508 11.963 0
      vertex 0.34993 4.44632 0
      vertex 0.471117 11.9907 0
    endloop
  endfacet
  facet normal 0 0 -1
    outer loop
      vertex 0.17511 4.45663 0
      vertex 0.471117 11.9907 0
      vertex 0.34993 4.44632 0
    endloop
  endfacet
  facet normal 0 0 -1
    outer loop
      vertex 0 4.46008 0
      vertex 0.471117 11.9907 0
      vertex 0.17511 4.45663 0
    endloop
  endfacet
  facet normal 0 0 -1
    outer loop
      vertex 0 4.46008 0
      vertex 0 12 0
      vertex 0.471117 11.9907 0
    endloop
  endfacet
  facet normal 0 0 -1
    outer loop
      vertex -0.17511 4.45663 0
      vertex 0 12 0
      vertex 0 4.46008 0
    endloop
  endfacet
  facet normal 0 0 -1
    outer loop
      vertex -0.471117 11.9907 0
      vertex -0.17511 4.45663 0
      vertex -0.34993 4.44632 0
    endloop
  endfacet
  facet normal 0 0 -1
    outer loop
      vertex -0.17511 4.45663 0
      vertex -0.471117 11.9907 0
      vertex 0 12 0
    endloop
  endfacet
  facet normal 0 0 -1
    outer loop
      vertex -0.941508 11.963 0
      vertex -0.34993 4.44632 0
      vertex -0.524216 4.42915 0
    endloop
  endfacet
  facet normal 0 0 -1
    outer loop
      vertex -1.41045 11.9168 0
      vertex -0.524216 4.42915 0
      vertex -0.697708 4.40517 0
    endloop
  endfacet
  facet normal 0 0 -1
    outer loop
      vertex -1.87721 11.8523 0
      vertex -0.697708 4.40517 0
      vertex -0.870117 4.37437 0
    endloop
  endfacet
  facet normal 0 0 -1
    outer loop
      vertex -0.34993 4.44632 0
      vertex -0.941508 11.963 0
      vertex -0.471117 11.9907 0
    endloop
  endfacet
  facet normal 0 0 -1
    outer loop
      vertex -2.34108 11.7694 0
      vertex -0.870117 4.37437 0
      vertex -1.04118 4.33684 0
    endloop
  endfacet
  facet normal 0 0 -1
    outer loop
      vertex -2.80134 11.6684 0
      vertex -1.04118 4.33684 0
      vertex -1.21065 4.29262 0
    endloop
  endfacet
  facet normal 0 0 -1
    outer loop
      vertex -3.25729 11.5495 0
      vertex -1.21065 4.29262 0
      vertex -1.37822 4.24179 0
    endloop
  endfacet
  facet normal 0 0 -1
    outer loop
      vertex -0.524216 4.42915 0
      vertex -1.41045 11.9168 0
      vertex -0.941508 11.963 0
    endloop
  endfacet
  facet normal 0 0 -1
    outer loop
      vertex -3.7082 11.4127 0
      vertex -1.37822 4.24179 0
      vertex -1.5437 4.18442 0
    endloop
  endfacet
  facet normal 0 0 -1
    outer loop
      vertex -4.1534 11.2583 0
      vertex -1.5437 4.18442 0
      vertex -1.7068 4.12057 0
    endloop
  endfacet
  facet normal 0 0 -1
    outer loop
      vertex -4.5922 11.0866 0
      vertex -1.7068 4.12057 0
      vertex -1.86725 4.0504 0
    endloop
  endfacet
  facet normal 0 0 -1
    outer loop
      vertex -0.697708 4.40517 0
      vertex -1.87721 11.8523 0
      vertex -1.41045 11.9168 0
    endloop
  endfacet
  facet normal 0 0 -1
    outer loop
      vertex -5.02392 10.8977 0
      vertex -1.86725 4.0504 0
      vertex -2.02483 3.97397 0
    endloop
  endfacet
  facet normal 0 0 -1
    outer loop
      vertex -5.44789 10.6921 0
      vertex -2.02483 3.97397 0
      vertex -2.17931 3.8914 0
    endloop
  endfacet
  facet normal 0 0 -1
    outer loop
      vertex -5.86345 10.47 0
      vertex -2.17931 3.8914 0
      vertex -2.33038 3.80284 0
    endloop
  endfacet
  facet normal 0 0 -1
    outer loop
      vertex -0.870117 4.37437 0
      vertex -2.34108 11.7694 0
      vertex -1.87721 11.8523 0
    endloop
  endfacet
  facet normal 0 0 -1
    outer loop
      vertex -6.26998 10.2317 0
      vertex -2.33038 3.80284 0
      vertex -2.47789 3.70842 0
    endloop
  endfacet
  facet normal 0 0 -1
    outer loop
      vertex -6.66684 9.97763 0
      vertex -2.47789 3.70842 0
      vertex -2.62157 3.60828 0
    endloop
  endfacet
  facet normal 0 0 -1
    outer loop
      vertex -7.05342 9.7082 0
      vertex -2.62157 3.60828 0
      vertex -2.7612 3.50258 0
    endloop
  endfacet
  facet normal 0 0 -1
    outer loop
      vertex -1.04118 4.33684 0
      vertex -2.80134 11.6684 0
      vertex -2.34108 11.7694 0
    endloop
  endfacet
  facet normal 0 0 -1
    outer loop
      vertex -7.42913 9.4238 0
      vertex -2.7612 3.50258 0
      vertex -2.89658 3.39146 0
    endloop
  endfacet
  facet normal 0 0 -1
    outer loop
      vertex -7.79338 9.12487 0
      vertex -2.89658 3.39146 0
      vertex -3.0275 3.27515 0
    endloop
  endfacet
  facet normal 0 0 -1
    outer loop
      vertex -8.14561 8.81187 0
      vertex -3.0275 3.27515 0
      vertex -3.15375 3.15375 0
    endloop
  endfacet
  facet normal 0 0 -1
    outer loop
      vertex -1.21065 4.29262 0
      vertex -3.25729 11.5495 0
      vertex -2.80134 11.6684 0
    endloop
  endfacet
  facet normal 0 0 -1
    outer loop
      vertex -8.48528 8.48528 0
      vertex -3.15375 3.15375 0
      vertex -3.27515 3.0275 0
    endloop
  endfacet
  facet normal 0 0 -1
    outer loop
      vertex -8.81187 8.14561 0
      vertex -3.27515 3.0275 0
      vertex -3.39146 2.89658 0
    endloop
  endfacet
  facet normal 0 0 -1
    outer loop
      vertex -9.12487 7.79338 0
      vertex -3.39146 2.89658 0
      vertex -3.50258 2.7612 0
    endloop
  endfacet
  facet normal 0 0 -1
    outer loop
      vertex -9.4238 7.42913 0
      vertex -3.50258 2.7612 0
      vertex -3.60828 2.62157 0
    endloop
  endfacet
  facet normal 0 0 -1
    outer loop
      vertex -1.37822 4.24179 0
      vertex -3.7082 11.4127 0
      vertex -3.25729 11.5495 0
    endloop
  endfacet
  facet normal 0 0 -1
    outer loop
      vertex -9.7082 7.05342 0
      vertex -3.60828 2.62157 0
      vertex -3.70842 2.47789 0
    endloop
  endfacet
  facet normal 0 0 -1
    outer loop
      vertex -9.97763 6.66684 0
      vertex -3.70842 2.47789 0
      vertex -3.80284 2.33038 0
    endloop
  endfacet
  facet normal 0 0 -1
    outer loop
      vertex -10.2317 6.26998 0
      vertex -3.80284 2.33038 0
      vertex -3.8914 2.17931 0
    endloop
  endfacet
  facet normal 0 0 -1
    outer loop
      vertex -10.47 5.86345 0
      vertex -3.8914 2.17931 0
      vertex -3.97397 2.02483 0
    endloop
  endfacet
  facet normal 0 0 -1
    outer loop
      vertex -10.6921 5.44789 0
      vertex -3.97397 2.02483 0
      vertex -4.0504 1.86725 0
    endloop
  endfacet
  facet normal 0 0 -1
    outer loop
      vertex -10.8977 5.02392 0
      vertex -4.0504 1.86725 0
      vertex -4.12057 1.7068 0
    endloop
  endfacet
  facet normal 0 0 -1
    outer loop
      vertex -1.5437 4.18442 0
      vertex -4.1534 11.2583 0
      vertex -3.7082 11.4127 0
    endloop
  endfacet
  facet normal 0 0 -1
    outer loop
      vertex -11.0866 4.5922 0
      vertex -4.12057 1.7068 0
      vertex -4.18442 1.5437 0
    endloop
  endfacet
  facet normal 0 0 -1
    outer loop
      vertex -11.2583 4.1534 0
      vertex -4.18442 1.5437 0
      vertex -4.24179 1.37822 0
    endloop
  endfacet
  facet normal 0 0 -1
    outer loop
      vertex -11.4127 3.7082 0
      vertex -4.24179 1.37822 0
      vertex -4.29262 1.21065 0
    endloop
  endfacet
  facet normal 0 0 -1
    outer loop
      vertex -11.5495 3.25729 0
      vertex -4.29262 1.21065 0
      vertex -4.33684 1.04118 0
    endloop
  endfacet
  facet normal 0 0 -1
    outer loop
      vertex -11.6684 2.80134 0
      vertex -4.33684 1.04118 0
      vertex -4.37437 0.870117 0
    endloop
  endfacet
  facet normal 0 0 -1
    outer loop
      vertex -11.7694 2.34108 0
      vertex -4.37437 0.870117 0
      vertex -4.40517 0.697708 0
    endloop
  endfacet
  facet normal 0 0 -1
    outer loop
      vertex -11.8523 1.87721 0
      vertex -4.40517 0.697708 0
      vertex -4.42915 0.524216 0
    endloop
  endfacet
  facet normal 0 0 -1
    outer loop
      vertex -11.9168 1.41045 0
      vertex -4.42915 0.524216 0
      vertex -4.44632 0.34993 0
    endloop
  endfacet
  facet normal 0 0 -1
    outer loop
      vertex -11.963 0.941508 0
      vertex -4.44632 0.34993 0
      vertex -4.45663 0.17511 0
    endloop
  endfacet
  facet normal 0 0 -1
    outer loop
      vertex -1.7068 4.12057 0
      vertex -4.5922 11.0866 0
      vertex -4.1534 11.2583 0
    endloop
  endfacet
  facet normal 0 0 -1
    outer loop
      vertex -11.9907 0.471117 0
      vertex -4.45663 0.17511 0
      vertex -4.46008 0 0
    endloop
  endfacet
  facet normal -0 0 -1
    outer loop
      vertex -3.70842 -2.47789 0
      vertex -9.97763 -6.66684 0
      vertex -3.80284 -2.33038 0
    endloop
  endfacet
  facet normal 0 0 -1
    outer loop
      vertex -10.2317 -6.26998 0
      vertex -3.80284 -2.33038 0
      vertex -9.97763 -6.66684 0
    endloop
  endfacet
  facet normal 0 0 -1
    outer loop
      vertex -1.86725 4.0504 0
      vertex -5.02392 10.8977 0
      vertex -4.5922 11.0866 0
    endloop
  endfacet
  facet normal -0 0 -1
    outer loop
      vertex -3.80284 -2.33038 0
      vertex -10.2317 -6.26998 0
      vertex -3.8914 -2.17931 0
    endloop
  endfacet
  facet normal 0 0 -1
    outer loop
      vertex -2.02483 3.97397 0
      vertex -5.44789 10.6921 0
      vertex -5.02392 10.8977 0
    endloop
  endfacet
  facet normal 0 0 -1
    outer loop
      vertex -10.47 -5.86345 0
      vertex -3.8914 -2.17931 0
      vertex -10.2317 -6.26998 0
    endloop
  endfacet
  facet normal 0 0 -1
    outer loop
      vertex -2.17931 3.8914 0
      vertex -5.86345 10.47 0
      vertex -5.44789 10.6921 0
    endloop
  endfacet
  facet normal -0 0 -1
    outer loop
      vertex -3.8914 -2.17931 0
      vertex -10.47 -5.86345 0
      vertex -3.97397 -2.02483 0
    endloop
  endfacet
  facet normal 0 0 -1
    outer loop
      vertex -2.33038 3.80284 0
      vertex -6.26998 10.2317 0
      vertex -5.86345 10.47 0
    endloop
  endfacet
  facet normal 0 0 -1
    outer loop
      vertex -10.6921 -5.44789 0
      vertex -3.97397 -2.02483 0
      vertex -10.47 -5.86345 0
    endloop
  endfacet
  facet normal 0 0 -1
    outer loop
      vertex -2.47789 3.70842 0
      vertex -6.66684 9.97763 0
      vertex -6.26998 10.2317 0
    endloop
  endfacet
  facet normal -0 0 -1
    outer loop
      vertex -3.97397 -2.02483 0
      vertex -10.6921 -5.44789 0
      vertex -4.0504 -1.86725 0
    endloop
  endfacet
  facet normal 0 0 -1
    outer loop
      vertex -2.62157 3.60828 0
      vertex -7.05342 9.7082 0
      vertex -6.66684 9.97763 0
    endloop
  endfacet
  facet normal 0 0 -1
    outer loop
      vertex -10.8977 -5.02392 0
      vertex -4.0504 -1.86725 0
      vertex -10.6921 -5.44789 0
    endloop
  endfacet
  facet normal 0 0 -1
    outer loop
      vertex -2.7612 3.50258 0
      vertex -7.42913 9.4238 0
      vertex -7.05342 9.7082 0
    endloop
  endfacet
  facet normal -0 0 -1
    outer loop
      vertex -4.0504 -1.86725 0
      vertex -10.8977 -5.02392 0
      vertex -4.12057 -1.7068 0
    endloop
  endfacet
  facet normal 0 0 -1
    outer loop
      vertex -2.89658 3.39146 0
      vertex -7.79338 9.12487 0
      vertex -7.42913 9.4238 0
    endloop
  endfacet
  facet normal 0 0 -1
    outer loop
      vertex -11.0866 -4.5922 0
      vertex -4.12057 -1.7068 0
      vertex -10.8977 -5.02392 0
    endloop
  endfacet
  facet normal 0 0 -1
    outer loop
      vertex -3.0275 3.27515 0
      vertex -8.14561 8.81187 0
      vertex -7.79338 9.12487 0
    endloop
  endfacet
  facet normal -0 0 -1
    outer loop
      vertex -4.12057 -1.7068 0
      vertex -11.0866 -4.5922 0
      vertex -4.18442 -1.5437 0
    endloop
  endfacet
  facet normal 0 0 -1
    outer loop
      vertex -3.15375 3.15375 0
      vertex -8.48528 8.48528 0
      vertex -8.14561 8.81187 0
    endloop
  endfacet
  facet normal 0 0 -1
    outer loop
      vertex -11.2583 -4.1534 0
      vertex -4.18442 -1.5437 0
      vertex -11.0866 -4.5922 0
    endloop
  endfacet
  facet normal 0 0 -1
    outer loop
      vertex -3.27515 3.0275 0
      vertex -8.81187 8.14561 0
      vertex -8.48528 8.48528 0
    endloop
  endfacet
  facet normal -0 0 -1
    outer loop
      vertex -4.18442 -1.5437 0
      vertex -11.2583 -4.1534 0
      vertex -4.24179 -1.37822 0
    endloop
  endfacet
  facet normal 0 0 -1
    outer loop
      vertex -3.39146 2.89658 0
      vertex -9.12487 7.79338 0
      vertex -8.81187 8.14561 0
    endloop
  endfacet
  facet normal 0 0 -1
    outer loop
      vertex -11.4127 -3.7082 0
      vertex -4.24179 -1.37822 0
      vertex -11.2583 -4.1534 0
    endloop
  endfacet
  facet normal 0 0 -1
    outer loop
      vertex -3.50258 2.7612 0
      vertex -9.4238 7.42913 0
      vertex -9.12487 7.79338 0
    endloop
  endfacet
  facet normal -0 0 -1
    outer loop
      vertex -4.24179 -1.37822 0
      vertex -11.4127 -3.7082 0
      vertex -4.29262 -1.21065 0
    endloop
  endfacet
  facet normal 0 0 -1
    outer loop
      vertex -3.60828 2.62157 0
      vertex -9.7082 7.05342 0
      vertex -9.4238 7.42913 0
    endloop
  endfacet
  facet normal 0 0 -1
    outer loop
      vertex -11.5495 -3.25729 0
      vertex -4.29262 -1.21065 0
      vertex -11.4127 -3.7082 0
    endloop
  endfacet
  facet normal 0 0 -1
    outer loop
      vertex -3.70842 2.47789 0
      vertex -9.97763 6.66684 0
      vertex -9.7082 7.05342 0
    endloop
  endfacet
  facet normal -0 0 -1
    outer loop
      vertex -4.29262 -1.21065 0
      vertex -11.5495 -3.25729 0
      vertex -4.33684 -1.04118 0
    endloop
  endfacet
  facet normal 0 0 -1
    outer loop
      vertex -3.80284 2.33038 0
      vertex -10.2317 6.26998 0
      vertex -9.97763 6.66684 0
    endloop
  endfacet
  facet normal 0 0 -1
    outer loop
      vertex -11.6684 -2.80134 0
      vertex -4.33684 -1.04118 0
      vertex -11.5495 -3.25729 0
    endloop
  endfacet
  facet normal 0 0 -1
    outer loop
      vertex -3.8914 2.17931 0
      vertex -10.47 5.86345 0
      vertex -10.2317 6.26998 0
    endloop
  endfacet
  facet normal -0 0 -1
    outer loop
      vertex -4.33684 -1.04118 0
      vertex -11.6684 -2.80134 0
      vertex -4.37437 -0.870117 0
    endloop
  endfacet
  facet normal 0 0 -1
    outer loop
      vertex -3.97397 2.02483 0
      vertex -10.6921 5.44789 0
      vertex -10.47 5.86345 0
    endloop
  endfacet
  facet normal 0 0 -1
    outer loop
      vertex -11.7694 -2.34108 0
      vertex -4.37437 -0.870117 0
      vertex -11.6684 -2.80134 0
    endloop
  endfacet
  facet normal 0 0 -1
    outer loop
      vertex -4.0504 1.86725 0
      vertex -10.8977 5.02392 0
      vertex -10.6921 5.44789 0
    endloop
  endfacet
  facet normal -0 0 -1
    outer loop
      vertex -4.37437 -0.870117 0
      vertex -11.7694 -2.34108 0
      vertex -4.40517 -0.697708 0
    endloop
  endfacet
  facet normal 0 0 -1
    outer loop
      vertex -4.12057 1.7068 0
      vertex -11.0866 4.5922 0
      vertex -10.8977 5.02392 0
    endloop
  endfacet
  facet normal 0 0 -1
    outer loop
      vertex -11.8523 -1.87721 0
      vertex -4.40517 -0.697708 0
      vertex -11.7694 -2.34108 0
    endloop
  endfacet
  facet normal 0 0 -1
    outer loop
      vertex -4.18442 1.5437 0
      vertex -11.2583 4.1534 0
      vertex -11.0866 4.5922 0
    endloop
  endfacet
  facet normal -0 0 -1
    outer loop
      vertex -4.40517 -0.697708 0
      vertex -11.8523 -1.87721 0
      vertex -4.42915 -0.524216 0
    endloop
  endfacet
  facet normal 0 0 -1
    outer loop
      vertex -4.24179 1.37822 0
      vertex -11.4127 3.7082 0
      vertex -11.2583 4.1534 0
    endloop
  endfacet
  facet normal 0 0 -1
    outer loop
      vertex -11.9168 -1.41045 0
      vertex -4.42915 -0.524216 0
      vertex -11.8523 -1.87721 0
    endloop
  endfacet
  facet normal 0 0 -1
    outer loop
      vertex -4.29262 1.21065 0
      vertex -11.5495 3.25729 0
      vertex -11.4127 3.7082 0
    endloop
  endfacet
  facet normal -0 0 -1
    outer loop
      vertex -4.42915 -0.524216 0
      vertex -11.9168 -1.41045 0
      vertex -4.44632 -0.34993 0
    endloop
  endfacet
  facet normal 0 0 -1
    outer loop
      vertex -4.33684 1.04118 0
      vertex -11.6684 2.80134 0
      vertex -11.5495 3.25729 0
    endloop
  endfacet
  facet normal 0 0 -1
    outer loop
      vertex -11.963 -0.941508 0
      vertex -4.44632 -0.34993 0
      vertex -11.9168 -1.41045 0
    endloop
  endfacet
  facet normal 0 0 -1
    outer loop
      vertex -4.37437 0.870117 0
      vertex -11.7694 2.34108 0
      vertex -11.6684 2.80134 0
    endloop
  endfacet
  facet normal -0 0 -1
    outer loop
      vertex -4.44632 -0.34993 0
      vertex -11.963 -0.941508 0
      vertex -4.45663 -0.17511 0
    endloop
  endfacet
  facet normal 0 0 -1
    outer loop
      vertex -4.40517 0.697708 0
      vertex -11.8523 1.87721 0
      vertex -11.7694 2.34108 0
    endloop
  endfacet
  facet normal 0 0 -1
    outer loop
      vertex -11.9907 -0.471117 0
      vertex -4.45663 -0.17511 0
      vertex -11.963 -0.941508 0
    endloop
  endfacet
  facet normal 0 0 -1
    outer loop
      vertex -4.42915 0.524216 0
      vertex -11.9168 1.41045 0
      vertex -11.8523 1.87721 0
    endloop
  endfacet
  facet normal -0 0 -1
    outer loop
      vertex -4.45663 -0.17511 0
      vertex -11.9907 -0.471117 0
      vertex -4.46008 0 0
    endloop
  endfacet
  facet normal 0 0 -1
    outer loop
      vertex -4.44632 0.34993 0
      vertex -11.963 0.941508 0
      vertex -11.9168 1.41045 0
    endloop
  endfacet
  facet normal 0 0 -1
    outer loop
      vertex -12 0 0
      vertex -4.46008 0 0
      vertex -11.9907 -0.471117 0
    endloop
  endfacet
  facet normal 0 0 -1
    outer loop
      vertex -4.45663 0.17511 0
      vertex -11.9907 0.471117 0
      vertex -11.963 0.941508 0
    endloop
  endfacet
  facet normal 0 0 -1
    outer loop
      vertex -4.46008 0 0
      vertex -12 0 0
      vertex -11.9907 0.471117 0
    endloop
  endfacet
  facet normal -0.899782 -0.43634 0
    outer loop
      vertex -10.6921 -5.44789 0
      vertex -10.8977 -5.02392 2.2
      vertex -10.8977 -5.02392 0
    endloop
  endfacet
  facet normal -0.899782 -0.43634 0
    outer loop
      vertex -10.8977 -5.02392 2.2
      vertex -10.6921 -5.44789 0
      vertex -10.6921 -5.44789 2.2
    endloop
  endfacet
  facet normal -0.899782 -0.43634 0
    outer loop
      vertex -10.6921 -5.44789 10.8
      vertex -10.8977 -5.02392 13
      vertex -10.8977 -5.02392 10.8
    endloop
  endfacet
  facet normal -0.899782 -0.43634 0
    outer loop
      vertex -10.8977 -5.02392 13
      vertex -10.6921 -5.44789 10.8
      vertex -10.6921 -5.44789 13
    endloop
  endfacet
  facet normal -0.88194 -0.471361 0
    outer loop
      vertex -10.47 -5.86345 0
      vertex -10.6921 -5.44789 2.2
      vertex -10.6921 -5.44789 0
    endloop
  endfacet
  facet normal -0.88194 -0.471361 0
    outer loop
      vertex -10.6921 -5.44789 2.2
      vertex -10.47 -5.86345 0
      vertex -10.47 -5.86345 2.2
    endloop
  endfacet
  facet normal -0.88194 -0.471361 0
    outer loop
      vertex -10.47 -5.86345 10.8
      vertex -10.6921 -5.44789 13
      vertex -10.6921 -5.44789 10.8
    endloop
  endfacet
  facet normal -0.88194 -0.471361 0
    outer loop
      vertex -10.6921 -5.44789 13
      vertex -10.47 -5.86345 10.8
      vertex -10.47 -5.86345 13
    endloop
  endfacet
  facet normal -0.471361 -0.88194 0
    outer loop
      vertex -5.86345 -10.47 10.8
      vertex -5.44789 -10.6921 13
      vertex -5.86345 -10.47 13
    endloop
  endfacet
  facet normal -0.471361 -0.88194 -0
    outer loop
      vertex -5.44789 -10.6921 13
      vertex -5.86345 -10.47 10.8
      vertex -5.44789 -10.6921 10.8
    endloop
  endfacet
  facet normal -0.471361 -0.88194 0
    outer loop
      vertex -5.86345 -10.47 0
      vertex -5.44789 -10.6921 2.2
      vertex -5.86345 -10.47 2.2
    endloop
  endfacet
  facet normal -0.471361 -0.88194 -0
    outer loop
      vertex -5.44789 -10.6921 2.2
      vertex -5.86345 -10.47 0
      vertex -5.44789 -10.6921 0
    endloop
  endfacet
  facet normal -0.43634 -0.899782 0
    outer loop
      vertex -5.44789 -10.6921 10.8
      vertex -5.02392 -10.8977 13
      vertex -5.44789 -10.6921 13
    endloop
  endfacet
  facet normal -0.43634 -0.899782 -0
    outer loop
      vertex -5.02392 -10.8977 13
      vertex -5.44789 -10.6921 10.8
      vertex -5.02392 -10.8977 10.8
    endloop
  endfacet
  facet normal -0.43634 -0.899782 0
    outer loop
      vertex -5.44789 -10.6921 0
      vertex -5.02392 -10.8977 2.2
      vertex -5.44789 -10.6921 2.2
    endloop
  endfacet
  facet normal -0.43634 -0.899782 -0
    outer loop
      vertex -5.02392 -10.8977 2.2
      vertex -5.44789 -10.6921 0
      vertex -5.02392 -10.8977 0
    endloop
  endfacet
  facet normal 0 0 -1
    outer loop
      vertex 13.7249 -21.1345 2.2
      vertex 13.0713 -20.1281 2.2
      vertex 13.1891 -20.0502 2.2
    endloop
  endfacet
  facet normal 0 0 -1
    outer loop
      vertex 12.718 -20.3531 2.2
      vertex 13.354 -21.3708 2.2
      vertex 12.9789 -21.6006 2.2
    endloop
  endfacet
  facet normal 0 0 -1
    outer loop
      vertex 13.354 -21.3708 2.2
      vertex 12.718 -20.3531 2.2
      vertex 13.0713 -20.1281 2.2
    endloop
  endfacet
  facet normal 0 0 -1
    outer loop
      vertex 12.3609 -20.572 2.2
      vertex 12.9789 -21.6006 2.2
      vertex 12.6 -21.8238 2.2
    endloop
  endfacet
  facet normal 0 0 -1
    outer loop
      vertex 12.9789 -21.6006 2.2
      vertex 12.3609 -20.572 2.2
      vertex 12.718 -20.3531 2.2
    endloop
  endfacet
  facet normal 0 0 -1
    outer loop
      vertex 12 -20.7846 2.2
      vertex 12.6 -21.8238 2.2
      vertex 12.2172 -22.0404 2.2
    endloop
  endfacet
  facet normal 0 0 -1
    outer loop
      vertex 12.6 -21.8238 2.2
      vertex 12 -20.7846 2.2
      vertex 12.3609 -20.572 2.2
    endloop
  endfacet
  facet normal 0 0 -1
    outer loop
      vertex 11.6354 -20.9908 2.2
      vertex 12.2172 -22.0404 2.2
      vertex 11.8307 -22.2503 2.2
    endloop
  endfacet
  facet normal 0 0 -1
    outer loop
      vertex 12.2172 -22.0404 2.2
      vertex 11.6354 -20.9908 2.2
      vertex 12 -20.7846 2.2
    endloop
  endfacet
  facet normal 0 0 -1
    outer loop
      vertex 11.2673 -21.1907 2.2
      vertex 11.8307 -22.2503 2.2
      vertex 11.4406 -22.4534 2.2
    endloop
  endfacet
  facet normal 0 0 -1
    outer loop
      vertex 11.8307 -22.2503 2.2
      vertex 11.2673 -21.1907 2.2
      vertex 11.6354 -20.9908 2.2
    endloop
  endfacet
  facet normal 0 0 -1
    outer loop
      vertex 10.8958 -21.3841 2.2
      vertex 11.4406 -22.4534 2.2
      vertex 11.0469 -22.6496 2.2
    endloop
  endfacet
  facet normal 0 0 -1
    outer loop
      vertex 11.4406 -22.4534 2.2
      vertex 10.8958 -21.3841 2.2
      vertex 11.2673 -21.1907 2.2
    endloop
  endfacet
  facet normal 0 0 -1
    outer loop
      vertex 10.5209 -21.571 2.2
      vertex 11.0469 -22.6496 2.2
      vertex 10.65 -22.8389 2.2
    endloop
  endfacet
  facet normal 0 0 -1
    outer loop
      vertex 11.0469 -22.6496 2.2
      vertex 10.5209 -21.571 2.2
      vertex 10.8958 -21.3841 2.2
    endloop
  endfacet
  facet normal 0 0 -1
    outer loop
      vertex 10.1428 -21.7514 2.2
      vertex 10.65 -22.8389 2.2
      vertex 10.2498 -23.0213 2.2
    endloop
  endfacet
  facet normal 0 0 -1
    outer loop
      vertex 10.65 -22.8389 2.2
      vertex 10.1428 -21.7514 2.2
      vertex 10.5209 -21.571 2.2
    endloop
  endfacet
  facet normal 0 0 -1
    outer loop
      vertex 9.76166 -21.9251 2.2
      vertex 10.2498 -23.0213 2.2
      vertex 9.84642 -23.1967 2.2
    endloop
  endfacet
  facet normal 0 0 -1
    outer loop
      vertex 10.2498 -23.0213 2.2
      vertex 9.76166 -21.9251 2.2
      vertex 10.1428 -21.7514 2.2
    endloop
  endfacet
  facet normal 0 0 -1
    outer loop
      vertex 9.37753 -22.0921 2.2
      vertex 9.84642 -23.1967 2.2
      vertex 9.44008 -23.365 2.2
    endloop
  endfacet
  facet normal 0 0 -1
    outer loop
      vertex 9.84642 -23.1967 2.2
      vertex 9.37753 -22.0921 2.2
      vertex 9.76166 -21.9251 2.2
    endloop
  endfacet
  facet normal 0 0 -1
    outer loop
      vertex 8.99054 -22.2524 2.2
      vertex 9.44008 -23.365 2.2
      vertex 9.03087 -23.5262 2.2
    endloop
  endfacet
  facet normal 0 0 -1
    outer loop
      vertex 9.44008 -23.365 2.2
      vertex 8.99054 -22.2524 2.2
      vertex 9.37753 -22.0921 2.2
    endloop
  endfacet
  facet normal 0 0 -1
    outer loop
      vertex 8.60081 -22.4059 2.2
      vertex 9.03087 -23.5262 2.2
      vertex 8.6189 -23.6802 2.2
    endloop
  endfacet
  facet normal 0 0 -1
    outer loop
      vertex 9.03087 -23.5262 2.2
      vertex 8.60081 -22.4059 2.2
      vertex 8.99054 -22.2524 2.2
    endloop
  endfacet
  facet normal 0 0 -1
    outer loop
      vertex 8.6189 -23.6802 2.2
      vertex 8.20847 -22.5526 2.2
      vertex 8.60081 -22.4059 2.2
    endloop
  endfacet
  facet normal 0 0 -1
    outer loop
      vertex 8.2043 -23.8271 2.2
      vertex 8.20847 -22.5526 2.2
      vertex 8.6189 -23.6802 2.2
    endloop
  endfacet
  facet normal 0 0 -1
    outer loop
      vertex 8.2043 -23.8271 2.2
      vertex 7.81363 -22.6924 2.2
      vertex 8.20847 -22.5526 2.2
    endloop
  endfacet
  facet normal 0 0 -1
    outer loop
      vertex 7.78722 -23.9666 2.2
      vertex 7.81363 -22.6924 2.2
      vertex 8.2043 -23.8271 2.2
    endloop
  endfacet
  facet normal 0 0 -1
    outer loop
      vertex 7.78722 -23.9666 2.2
      vertex 7.4164 -22.8253 2.2
      vertex 7.81363 -22.6924 2.2
    endloop
  endfacet
  facet normal 0 0 -1
    outer loop
      vertex 7.36775 -24.0989 2.2
      vertex 7.4164 -22.8253 2.2
      vertex 7.78722 -23.9666 2.2
    endloop
  endfacet
  facet normal 0 0 -1
    outer loop
      vertex 7.36775 -24.0989 2.2
      vertex 7.01691 -22.9513 2.2
      vertex 7.4164 -22.8253 2.2
    endloop
  endfacet
  facet normal 0 0 -1
    outer loop
      vertex 6.94604 -24.2238 2.2
      vertex 7.01691 -22.9513 2.2
      vertex 7.36775 -24.0989 2.2
    endloop
  endfacet
  facet normal 0 0 -1
    outer loop
      vertex 6.94604 -24.2238 2.2
      vertex 6.61528 -23.0703 2.2
      vertex 7.01691 -22.9513 2.2
    endloop
  endfacet
  facet normal 0 0 -1
    outer loop
      vertex 6.52223 -24.3413 2.2
      vertex 6.61528 -23.0703 2.2
      vertex 6.94604 -24.2238 2.2
    endloop
  endfacet
  facet normal 0 0 -1
    outer loop
      vertex 6.52223 -24.3413 2.2
      vertex 6.21164 -23.1822 2.2
      vertex 6.61528 -23.0703 2.2
    endloop
  endfacet
  facet normal 0 0 -1
    outer loop
      vertex 6.09642 -24.4514 2.2
      vertex 6.21164 -23.1822 2.2
      vertex 6.52223 -24.3413 2.2
    endloop
  endfacet
  facet normal 0 0 -1
    outer loop
      vertex 6.09642 -24.4514 2.2
      vertex 5.80612 -23.2871 2.2
      vertex 6.21164 -23.1822 2.2
    endloop
  endfacet
  facet normal 0 0 -1
    outer loop
      vertex 5.66876 -24.5541 2.2
      vertex 5.80612 -23.2871 2.2
      vertex 6.09642 -24.4514 2.2
    endloop
  endfacet
  facet normal 0 0 -1
    outer loop
      vertex 5.66876 -24.5541 2.2
      vertex 5.39882 -23.3849 2.2
      vertex 5.80612 -23.2871 2.2
    endloop
  endfacet
  facet normal 0 0 -1
    outer loop
      vertex 5.23936 -24.6493 2.2
      vertex 5.39882 -23.3849 2.2
      vertex 5.66876 -24.5541 2.2
    endloop
  endfacet
  facet normal 0 0 -1
    outer loop
      vertex 5.23936 -24.6493 2.2
      vertex 4.98987 -23.4755 2.2
      vertex 5.39882 -23.3849 2.2
    endloop
  endfacet
  facet normal 0 0 -1
    outer loop
      vertex 4.80838 -24.737 2.2
      vertex 4.98987 -23.4755 2.2
      vertex 5.23936 -24.6493 2.2
    endloop
  endfacet
  facet normal 0 0 -1
    outer loop
      vertex 4.80838 -24.737 2.2
      vertex 4.57941 -23.559 2.2
      vertex 4.98987 -23.4755 2.2
    endloop
  endfacet
  facet normal 0 0 -1
    outer loop
      vertex 4.37593 -24.8171 2.2
      vertex 4.57941 -23.559 2.2
      vertex 4.80838 -24.737 2.2
    endloop
  endfacet
  facet normal 0 0 -1
    outer loop
      vertex 4.37593 -24.8171 2.2
      vertex 4.16754 -23.6354 2.2
      vertex 4.57941 -23.559 2.2
    endloop
  endfacet
  facet normal 0 0 -1
    outer loop
      vertex 3.94214 -24.8897 2.2
      vertex 4.16754 -23.6354 2.2
      vertex 4.37593 -24.8171 2.2
    endloop
  endfacet
  facet normal 0 0 -1
    outer loop
      vertex 3.94214 -24.8897 2.2
      vertex 3.75443 -23.7045 2.2
      vertex 4.16754 -23.6354 2.2
    endloop
  endfacet
  facet normal 0 0 -1
    outer loop
      vertex 3.50716 -24.9547 2.2
      vertex 3.75443 -23.7045 2.2
      vertex 3.94214 -24.8897 2.2
    endloop
  endfacet
  facet normal 0 0 -1
    outer loop
      vertex 3.50716 -24.9547 2.2
      vertex 3.34015 -23.7664 2.2
      vertex 3.75443 -23.7045 2.2
    endloop
  endfacet
  facet normal 0 0 -1
    outer loop
      vertex 3.07109 -25.0121 2.2
      vertex 3.34015 -23.7664 2.2
      vertex 3.50716 -24.9547 2.2
    endloop
  endfacet
  facet normal 0 0 -1
    outer loop
      vertex 3.07109 -25.0121 2.2
      vertex 2.92485 -23.8211 2.2
      vertex 3.34015 -23.7664 2.2
    endloop
  endfacet
  facet normal 0 0 -1
    outer loop
      vertex 2.63411 -25.0619 2.2
      vertex 2.92485 -23.8211 2.2
      vertex 3.07109 -25.0121 2.2
    endloop
  endfacet
  facet normal 0 0 -1
    outer loop
      vertex 2.63411 -25.0619 2.2
      vertex 2.50868 -23.8685 2.2
      vertex 2.92485 -23.8211 2.2
    endloop
  endfacet
  facet normal 0 0 -1
    outer loop
      vertex 2.19632 -25.1041 2.2
      vertex 2.50868 -23.8685 2.2
      vertex 2.63411 -25.0619 2.2
    endloop
  endfacet
  facet normal 0 0 -1
    outer loop
      vertex 2.19632 -25.1041 2.2
      vertex 2.09172 -23.9086 2.2
      vertex 2.50868 -23.8685 2.2
    endloop
  endfacet
  facet normal 0 0 -1
    outer loop
      vertex 1.75786 -25.1386 2.2
      vertex 2.09172 -23.9086 2.2
      vertex 2.19632 -25.1041 2.2
    endloop
  endfacet
  facet normal 0 0 -1
    outer loop
      vertex 1.75786 -25.1386 2.2
      vertex 1.67415 -23.9415 2.2
      vertex 2.09172 -23.9086 2.2
    endloop
  endfacet
  facet normal 0 0 -1
    outer loop
      vertex 1.31886 -25.1655 2.2
      vertex 1.67415 -23.9415 2.2
      vertex 1.75786 -25.1386 2.2
    endloop
  endfacet
  facet normal 0 0 -1
    outer loop
      vertex 1.31886 -25.1655 2.2
      vertex 1.25606 -23.9671 2.2
      vertex 1.67415 -23.9415 2.2
    endloop
  endfacet
  facet normal 0 0 -1
    outer loop
      vertex 0.879456 -25.1846 2.2
      vertex 1.25606 -23.9671 2.2
      vertex 1.31886 -25.1655 2.2
    endloop
  endfacet
  facet normal 0 0 -1
    outer loop
      vertex 0.879456 -25.1846 2.2
      vertex 0.83757 -23.9854 2.2
      vertex 1.25606 -23.9671 2.2
    endloop
  endfacet
  facet normal 0 0 -1
    outer loop
      vertex 0.439804 -25.1961 2.2
      vertex 0.83757 -23.9854 2.2
      vertex 0.879456 -25.1846 2.2
    endloop
  endfacet
  facet normal 0 0 -1
    outer loop
      vertex 0.439804 -25.1961 2.2
      vertex 0.418839 -23.9963 2.2
      vertex 0.83757 -23.9854 2.2
    endloop
  endfacet
  facet normal 0 0 -1
    outer loop
      vertex 0 -25.2 2.2
      vertex 0.418839 -23.9963 2.2
      vertex 0.439804 -25.1961 2.2
    endloop
  endfacet
  facet normal 0 0 -1
    outer loop
      vertex 0 -25.2 2.2
      vertex 0 -24 2.2
      vertex 0.418839 -23.9963 2.2
    endloop
  endfacet
  facet normal 0 0 -1
    outer loop
      vertex 0 -25.2 2.2
      vertex -0.418854 -23.9963 2.2
      vertex 0 -24 2.2
    endloop
  endfacet
  facet normal 0 0 -1
    outer loop
      vertex -0.439789 -25.1961 2.2
      vertex -0.418854 -23.9963 2.2
      vertex 0 -25.2 2.2
    endloop
  endfacet
  facet normal 0 0 -1
    outer loop
      vertex -0.439789 -25.1961 2.2
      vertex -0.837585 -23.9854 2.2
      vertex -0.418854 -23.9963 2.2
    endloop
  endfacet
  facet normal 0 0 -1
    outer loop
      vertex -0.879471 -25.1846 2.2
      vertex -0.837585 -23.9854 2.2
      vertex -0.439789 -25.1961 2.2
    endloop
  endfacet
  facet normal 0 0 -1
    outer loop
      vertex -0.879471 -25.1846 2.2
      vertex -1.25606 -23.9671 2.2
      vertex -0.837585 -23.9854 2.2
    endloop
  endfacet
  facet normal 0 0 -1
    outer loop
      vertex -1.31886 -25.1654 2.2
      vertex -1.25606 -23.9671 2.2
      vertex -0.879471 -25.1846 2.2
    endloop
  endfacet
  facet normal 0 0 -1
    outer loop
      vertex -1.31886 -25.1654 2.2
      vertex -1.67415 -23.9415 2.2
      vertex -1.25606 -23.9671 2.2
    endloop
  endfacet
  facet normal 0 0 -1
    outer loop
      vertex -1.75784 -25.1386 2.2
      vertex -1.67415 -23.9415 2.2
      vertex -1.31886 -25.1654 2.2
    endloop
  endfacet
  facet normal 0 0 -1
    outer loop
      vertex -1.75784 -25.1386 2.2
      vertex -2.09172 -23.9086 2.2
      vertex -1.67415 -23.9415 2.2
    endloop
  endfacet
  facet normal 0 0 -1
    outer loop
      vertex -2.19632 -25.1041 2.2
      vertex -2.09172 -23.9086 2.2
      vertex -1.75784 -25.1386 2.2
    endloop
  endfacet
  facet normal 0 0 -1
    outer loop
      vertex -2.19632 -25.1041 2.2
      vertex -2.50868 -23.8685 2.2
      vertex -2.09172 -23.9086 2.2
    endloop
  endfacet
  facet normal 0 0 -1
    outer loop
      vertex -2.63411 -25.0619 2.2
      vertex -2.50868 -23.8685 2.2
      vertex -2.19632 -25.1041 2.2
    endloop
  endfacet
  facet normal 0 0 -1
    outer loop
      vertex -2.63411 -25.0619 2.2
      vertex -2.92487 -23.8211 2.2
      vertex -2.50868 -23.8685 2.2
    endloop
  endfacet
  facet normal 0 0 -1
    outer loop
      vertex -3.07111 -25.0121 2.2
      vertex -2.92487 -23.8211 2.2
      vertex -2.63411 -25.0619 2.2
    endloop
  endfacet
  facet normal 0 0 -1
    outer loop
      vertex -3.07111 -25.0121 2.2
      vertex -3.34015 -23.7664 2.2
      vertex -2.92487 -23.8211 2.2
    endloop
  endfacet
  facet normal 0 0 -1
    outer loop
      vertex -3.50716 -24.9547 2.2
      vertex -3.34015 -23.7664 2.2
      vertex -3.07111 -25.0121 2.2
    endloop
  endfacet
  facet normal 0 0 -1
    outer loop
      vertex -3.50716 -24.9547 2.2
      vertex -3.75443 -23.7045 2.2
      vertex -3.34015 -23.7664 2.2
    endloop
  endfacet
  facet normal 0 0 -1
    outer loop
      vertex -3.94214 -24.8897 2.2
      vertex -3.75443 -23.7045 2.2
      vertex -3.50716 -24.9547 2.2
    endloop
  endfacet
  facet normal 0 0 -1
    outer loop
      vertex -3.94214 -24.8897 2.2
      vertex -4.16754 -23.6354 2.2
      vertex -3.75443 -23.7045 2.2
    endloop
  endfacet
  facet normal 0 0 -1
    outer loop
      vertex -4.37593 -24.8171 2.2
      vertex -4.16754 -23.6354 2.2
      vertex -3.94214 -24.8897 2.2
    endloop
  endfacet
  facet normal 0 0 -1
    outer loop
      vertex -4.37593 -24.8171 2.2
      vertex -4.57941 -23.559 2.2
      vertex -4.16754 -23.6354 2.2
    endloop
  endfacet
  facet normal 0 0 -1
    outer loop
      vertex -4.80838 -24.737 2.2
      vertex -4.57941 -23.559 2.2
      vertex -4.37593 -24.8171 2.2
    endloop
  endfacet
  facet normal 0 0 -1
    outer loop
      vertex -4.80838 -24.737 2.2
      vertex -4.98988 -23.4755 2.2
      vertex -4.57941 -23.559 2.2
    endloop
  endfacet
  facet normal 0 0 -1
    outer loop
      vertex -5.23936 -24.6493 2.2
      vertex -4.98988 -23.4755 2.2
      vertex -4.80838 -24.737 2.2
    endloop
  endfacet
  facet normal 0 0 -1
    outer loop
      vertex -5.23936 -24.6493 2.2
      vertex -5.39883 -23.3849 2.2
      vertex -4.98988 -23.4755 2.2
    endloop
  endfacet
  facet normal 0 0 -1
    outer loop
      vertex -5.66878 -24.5541 2.2
      vertex -5.39883 -23.3849 2.2
      vertex -5.23936 -24.6493 2.2
    endloop
  endfacet
  facet normal 0 0 -1
    outer loop
      vertex -5.66878 -24.5541 2.2
      vertex -5.80611 -23.2871 2.2
      vertex -5.39883 -23.3849 2.2
    endloop
  endfacet
  facet normal 0 0 -1
    outer loop
      vertex -6.09642 -24.4514 2.2
      vertex -5.80611 -23.2871 2.2
      vertex -5.66878 -24.5541 2.2
    endloop
  endfacet
  facet normal 0 0 -1
    outer loop
      vertex -6.09642 -24.4514 2.2
      vertex -6.21164 -23.1822 2.2
      vertex -5.80611 -23.2871 2.2
    endloop
  endfacet
  facet normal 0 0 -1
    outer loop
      vertex -6.52223 -24.3413 2.2
      vertex -6.21164 -23.1822 2.2
      vertex -6.09642 -24.4514 2.2
    endloop
  endfacet
  facet normal 0 0 -1
    outer loop
      vertex -6.52223 -24.3413 2.2
      vertex -6.6153 -23.0703 2.2
      vertex -6.21164 -23.1822 2.2
    endloop
  endfacet
  facet normal 0 0 -1
    outer loop
      vertex -6.94606 -24.2238 2.2
      vertex -6.6153 -23.0703 2.2
      vertex -6.52223 -24.3413 2.2
    endloop
  endfacet
  facet normal 0 0 -1
    outer loop
      vertex -6.94606 -24.2238 2.2
      vertex -7.01691 -22.9513 2.2
      vertex -6.6153 -23.0703 2.2
    endloop
  endfacet
  facet normal 0 0 -1
    outer loop
      vertex -7.36777 -24.0989 2.2
      vertex -7.01691 -22.9513 2.2
      vertex -6.94606 -24.2238 2.2
    endloop
  endfacet
  facet normal 0 0 -1
    outer loop
      vertex -7.36777 -24.0989 2.2
      vertex -7.41641 -22.8253 2.2
      vertex -7.01691 -22.9513 2.2
    endloop
  endfacet
  facet normal 0 0 -1
    outer loop
      vertex -7.78722 -23.9666 2.2
      vertex -7.41641 -22.8253 2.2
      vertex -7.36777 -24.0989 2.2
    endloop
  endfacet
  facet normal 0 0 -1
    outer loop
      vertex -7.78722 -23.9666 2.2
      vertex -7.81363 -22.6924 2.2
      vertex -7.41641 -22.8253 2.2
    endloop
  endfacet
  facet normal 0 0 -1
    outer loop
      vertex -8.20432 -23.8271 2.2
      vertex -7.81363 -22.6924 2.2
      vertex -7.78722 -23.9666 2.2
    endloop
  endfacet
  facet normal 0 0 -1
    outer loop
      vertex -8.20432 -23.8271 2.2
      vertex -8.20848 -22.5526 2.2
      vertex -7.81363 -22.6924 2.2
    endloop
  endfacet
  facet normal 0 0 -1
    outer loop
      vertex -8.6189 -23.6802 2.2
      vertex -8.20848 -22.5526 2.2
      vertex -8.20432 -23.8271 2.2
    endloop
  endfacet
  facet normal -0 0 -1
    outer loop
      vertex -8.20848 -22.5526 2.2
      vertex -8.6189 -23.6802 2.2
      vertex -8.60081 -22.4059 2.2
    endloop
  endfacet
  facet normal 0 0 -1
    outer loop
      vertex -9.03087 -23.5262 2.2
      vertex -8.60081 -22.4059 2.2
      vertex -8.6189 -23.6802 2.2
    endloop
  endfacet
  facet normal -0 0 -1
    outer loop
      vertex -8.60081 -22.4059 2.2
      vertex -9.03087 -23.5262 2.2
      vertex -8.99055 -22.2524 2.2
    endloop
  endfacet
  facet normal 0 0 -1
    outer loop
      vertex -9.44008 -23.365 2.2
      vertex -8.99055 -22.2524 2.2
      vertex -9.03087 -23.5262 2.2
    endloop
  endfacet
  facet normal -0 0 -1
    outer loop
      vertex -8.99055 -22.2524 2.2
      vertex -9.44008 -23.365 2.2
      vertex -9.37755 -22.0921 2.2
    endloop
  endfacet
  facet normal 0 0 -1
    outer loop
      vertex -9.84642 -23.1967 2.2
      vertex -9.37755 -22.0921 2.2
      vertex -9.44008 -23.365 2.2
    endloop
  endfacet
  facet normal -0 0 -1
    outer loop
      vertex -9.37755 -22.0921 2.2
      vertex -9.84642 -23.1967 2.2
      vertex -9.76167 -21.9251 2.2
    endloop
  endfacet
  facet normal 0 0 -1
    outer loop
      vertex -10.2498 -23.0213 2.2
      vertex -9.76167 -21.9251 2.2
      vertex -9.84642 -23.1967 2.2
    endloop
  endfacet
  facet normal -0 0 -1
    outer loop
      vertex -9.76167 -21.9251 2.2
      vertex -10.2498 -23.0213 2.2
      vertex -10.1428 -21.7514 2.2
    endloop
  endfacet
  facet normal 0 0 -1
    outer loop
      vertex -10.65 -22.8389 2.2
      vertex -10.1428 -21.7514 2.2
      vertex -10.2498 -23.0213 2.2
    endloop
  endfacet
  facet normal -0 0 -1
    outer loop
      vertex -10.1428 -21.7514 2.2
      vertex -10.65 -22.8389 2.2
      vertex -10.5209 -21.571 2.2
    endloop
  endfacet
  facet normal 0 0 -1
    outer loop
      vertex -11.047 -22.6496 2.2
      vertex -10.5209 -21.571 2.2
      vertex -10.65 -22.8389 2.2
    endloop
  endfacet
  facet normal -0 0 -1
    outer loop
      vertex -10.5209 -21.571 2.2
      vertex -11.047 -22.6496 2.2
      vertex -10.8958 -21.3841 2.2
    endloop
  endfacet
  facet normal 0 0 -1
    outer loop
      vertex -11.4406 -22.4533 2.2
      vertex -10.8958 -21.3841 2.2
      vertex -11.047 -22.6496 2.2
    endloop
  endfacet
  facet normal -0 0 -1
    outer loop
      vertex -10.8958 -21.3841 2.2
      vertex -11.4406 -22.4533 2.2
      vertex -11.2673 -21.1907 2.2
    endloop
  endfacet
  facet normal 0 0 -1
    outer loop
      vertex -11.8307 -22.2503 2.2
      vertex -11.2673 -21.1907 2.2
      vertex -11.4406 -22.4533 2.2
    endloop
  endfacet
  facet normal -0 0 -1
    outer loop
      vertex -11.2673 -21.1907 2.2
      vertex -11.8307 -22.2503 2.2
      vertex -11.6354 -20.9909 2.2
    endloop
  endfacet
  facet normal 0 0 -1
    outer loop
      vertex -12.2172 -22.0404 2.2
      vertex -11.6354 -20.9909 2.2
      vertex -11.8307 -22.2503 2.2
    endloop
  endfacet
  facet normal -0 0 -1
    outer loop
      vertex -11.6354 -20.9909 2.2
      vertex -12.2172 -22.0404 2.2
      vertex -12 -20.7846 2.2
    endloop
  endfacet
  facet normal 0 0 -1
    outer loop
      vertex -12.6 -21.8238 2.2
      vertex -12 -20.7846 2.2
      vertex -12.2172 -22.0404 2.2
    endloop
  endfacet
  facet normal 0 0 -1
    outer loop
      vertex -12.8274 -21.6899 2.2
      vertex -12 -20.7846 2.2
      vertex -12.6 -21.8238 2.2
    endloop
  endfacet
  facet normal -0 0 -1
    outer loop
      vertex -12 -20.7846 2.2
      vertex -12.8274 -21.6899 2.2
      vertex -12.3609 -20.572 2.2
    endloop
  endfacet
  facet normal -0 0 -1
    outer loop
      vertex -12.3609 -20.572 2.2
      vertex -12.8274 -21.6899 2.2
      vertex -12.718 -20.3531 2.2
    endloop
  endfacet
  facet normal 0 0 -1
    outer loop
      vertex -13.9753 -20.9687 2.2
      vertex -12.718 -20.3531 2.2
      vertex -12.8274 -21.6899 2.2
    endloop
  endfacet
  facet normal -0 0 -1
    outer loop
      vertex -12.718 -20.3531 2.2
      vertex -13.9753 -20.9687 2.2
      vertex -13.0713 -20.1281 2.2
    endloop
  endfacet
  facet normal -0 0 -1
    outer loop
      vertex -13.0713 -20.1281 2.2
      vertex -13.9753 -20.9687 2.2
      vertex -13.4206 -19.8969 2.2
    endloop
  endfacet
  facet normal 0 0 -1
    outer loop
      vertex -14.0916 -20.8917 2.2
      vertex -13.4206 -19.8969 2.2
      vertex -13.9753 -20.9687 2.2
    endloop
  endfacet
  facet normal 0 -0 -1
    outer loop
      vertex -13.9753 -20.9687 2.2
      vertex -12.8274 -21.6899 2.2
      vertex -14.075 -23.7995 2.2
    endloop
  endfacet
  facet normal 0 0 -1
    outer loop
      vertex 14.7092 -20.1825 2.2
      vertex 14.7098 -20.1354 2.2
      vertex 14.7099 -20.159 2.2
    endloop
  endfacet
  facet normal 0 0 -1
    outer loop
      vertex 14.7092 -20.1825 2.2
      vertex 14.7087 -20.1119 2.2
      vertex 14.7098 -20.1354 2.2
    endloop
  endfacet
  facet normal 0 0 -1
    outer loop
      vertex 14.7075 -20.206 2.2
      vertex 14.7087 -20.1119 2.2
      vertex 14.7092 -20.1825 2.2
    endloop
  endfacet
  facet normal 0 0 -1
    outer loop
      vertex 14.7075 -20.206 2.2
      vertex 14.7067 -20.0884 2.2
      vertex 14.7087 -20.1119 2.2
    endloop
  endfacet
  facet normal 0 0 -1
    outer loop
      vertex 14.7048 -20.2294 2.2
      vertex 14.7067 -20.0884 2.2
      vertex 14.7075 -20.206 2.2
    endloop
  endfacet
  facet normal 0 0 -1
    outer loop
      vertex 14.7048 -20.2294 2.2
      vertex 14.7038 -20.065 2.2
      vertex 14.7067 -20.0884 2.2
    endloop
  endfacet
  facet normal 0 0 -1
    outer loop
      vertex 14.7013 -20.2527 2.2
      vertex 14.7038 -20.065 2.2
      vertex 14.7048 -20.2294 2.2
    endloop
  endfacet
  facet normal 0 0 -1
    outer loop
      vertex 14.7013 -20.2527 2.2
      vertex 14.6999 -20.0418 2.2
      vertex 14.7038 -20.065 2.2
    endloop
  endfacet
  facet normal 0 0 -1
    outer loop
      vertex 14.6969 -20.2759 2.2
      vertex 14.6999 -20.0418 2.2
      vertex 14.7013 -20.2527 2.2
    endloop
  endfacet
  facet normal 0 0 -1
    outer loop
      vertex 14.6969 -20.2759 2.2
      vertex 14.6952 -20.0187 2.2
      vertex 14.6999 -20.0418 2.2
    endloop
  endfacet
  facet normal 0 0 -1
    outer loop
      vertex 14.6915 -20.2988 2.2
      vertex 14.6952 -20.0187 2.2
      vertex 14.6969 -20.2759 2.2
    endloop
  endfacet
  facet normal 0 0 -1
    outer loop
      vertex 14.6915 -20.2988 2.2
      vertex 14.6895 -19.9958 2.2
      vertex 14.6952 -20.0187 2.2
    endloop
  endfacet
  facet normal 0 0 -1
    outer loop
      vertex 14.6853 -20.3215 2.2
      vertex 14.6895 -19.9958 2.2
      vertex 14.6915 -20.2988 2.2
    endloop
  endfacet
  facet normal 0 0 -1
    outer loop
      vertex 14.6853 -20.3215 2.2
      vertex 14.683 -19.9732 2.2
      vertex 14.6895 -19.9958 2.2
    endloop
  endfacet
  facet normal 0 0 -1
    outer loop
      vertex 14.6781 -20.344 2.2
      vertex 14.683 -19.9732 2.2
      vertex 14.6853 -20.3215 2.2
    endloop
  endfacet
  facet normal 0 0 -1
    outer loop
      vertex 14.6781 -20.344 2.2
      vertex 14.6756 -19.9508 2.2
      vertex 14.683 -19.9732 2.2
    endloop
  endfacet
  facet normal 0 0 -1
    outer loop
      vertex 14.6701 -20.3661 2.2
      vertex 14.6756 -19.9508 2.2
      vertex 14.6781 -20.344 2.2
    endloop
  endfacet
  facet normal 0 0 -1
    outer loop
      vertex 14.6701 -20.3661 2.2
      vertex 14.6673 -19.9288 2.2
      vertex 14.6756 -19.9508 2.2
    endloop
  endfacet
  facet normal 0 0 -1
    outer loop
      vertex 14.6612 -20.388 2.2
      vertex 14.6673 -19.9288 2.2
      vertex 14.6701 -20.3661 2.2
    endloop
  endfacet
  facet normal 0 0 -1
    outer loop
      vertex 14.6612 -20.388 2.2
      vertex 14.6581 -19.9071 2.2
      vertex 14.6673 -19.9288 2.2
    endloop
  endfacet
  facet normal 0 0 -1
    outer loop
      vertex 14.6515 -20.4094 2.2
      vertex 14.6581 -19.9071 2.2
      vertex 14.6612 -20.388 2.2
    endloop
  endfacet
  facet normal 0 0 -1
    outer loop
      vertex 14.6515 -20.4094 2.2
      vertex 14.6481 -19.8858 2.2
      vertex 14.6581 -19.9071 2.2
    endloop
  endfacet
  facet normal 0 0 -1
    outer loop
      vertex 14.641 -20.4305 2.2
      vertex 14.6481 -19.8858 2.2
      vertex 14.6515 -20.4094 2.2
    endloop
  endfacet
  facet normal 0 0 -1
    outer loop
      vertex 14.6296 -20.4511 2.2
      vertex 14.6481 -19.8858 2.2
      vertex 14.641 -20.4305 2.2
    endloop
  endfacet
  facet normal 0 0 -1
    outer loop
      vertex 14.6174 -20.4713 2.2
      vertex 14.6481 -19.8858 2.2
      vertex 14.6296 -20.4511 2.2
    endloop
  endfacet
  facet normal 0 0 -1
    outer loop
      vertex 14.6044 -20.491 2.2
      vertex 14.6481 -19.8858 2.2
      vertex 14.6174 -20.4713 2.2
    endloop
  endfacet
  facet normal 0 0 -1
    outer loop
      vertex 14.5907 -20.5101 2.2
      vertex 14.6481 -19.8858 2.2
      vertex 14.6044 -20.491 2.2
    endloop
  endfacet
  facet normal 0 0 -1
    outer loop
      vertex 14.5762 -20.5287 2.2
      vertex 14.6481 -19.8858 2.2
      vertex 14.5907 -20.5101 2.2
    endloop
  endfacet
  facet normal 0 0 -1
    outer loop
      vertex 14.5611 -20.5467 2.2
      vertex 14.6481 -19.8858 2.2
      vertex 14.5762 -20.5287 2.2
    endloop
  endfacet
  facet normal 0 0 -1
    outer loop
      vertex 14.5452 -20.5641 2.2
      vertex 14.6481 -19.8858 2.2
      vertex 14.5611 -20.5467 2.2
    endloop
  endfacet
  facet normal 0 0 -1
    outer loop
      vertex 14.5286 -20.5809 2.2
      vertex 14.6481 -19.8858 2.2
      vertex 14.5452 -20.5641 2.2
    endloop
  endfacet
  facet normal 0 0 -1
    outer loop
      vertex 14.5114 -20.597 2.2
      vertex 14.6481 -19.8858 2.2
      vertex 14.5286 -20.5809 2.2
    endloop
  endfacet
  facet normal 0 0 -1
    outer loop
      vertex 14.4936 -20.6124 2.2
      vertex 14.6481 -19.8858 2.2
      vertex 14.5114 -20.597 2.2
    endloop
  endfacet
  facet normal 0 0 -1
    outer loop
      vertex 14.4752 -20.6271 2.2
      vertex 14.6481 -19.8858 2.2
      vertex 14.4936 -20.6124 2.2
    endloop
  endfacet
  facet normal 0 0 -1
    outer loop
      vertex 14.4563 -20.6411 2.2
      vertex 14.6481 -19.8858 2.2
      vertex 14.4752 -20.6271 2.2
    endloop
  endfacet
  facet normal 0 0 -1
    outer loop
      vertex 13.1891 -20.0502 2.2
      vertex 14.4563 -20.6411 2.2
      vertex 14.0916 -20.8917 2.2
    endloop
  endfacet
  facet normal 0 0 -1
    outer loop
      vertex 13.1891 -20.0502 2.2
      vertex 14.0916 -20.8917 2.2
      vertex 13.7249 -21.1345 2.2
    endloop
  endfacet
  facet normal 0 0 -1
    outer loop
      vertex 13.0713 -20.1281 2.2
      vertex 13.7249 -21.1345 2.2
      vertex 13.354 -21.3708 2.2
    endloop
  endfacet
  facet normal 0 0 -1
    outer loop
      vertex 14.4563 -20.6411 2.2
      vertex 13.1891 -20.0502 2.2
      vertex 14.6481 -19.8858 2.2
    endloop
  endfacet
  facet normal 0 0 -1
    outer loop
      vertex 13.1891 -20.0502 2.2
      vertex 10.6603 -11.9273 2.2
      vertex 14.6481 -19.8858 2.2
    endloop
  endfacet
  facet normal 0 0 -1
    outer loop
      vertex 13.6422 -8.35997 2.2
      vertex 10.2317 -6.26998 2.2
      vertex 10.47 -5.86345 2.2
    endloop
  endfacet
  facet normal 0 0 -1
    outer loop
      vertex 10.8608 -11.7491 2.2
      vertex 9.97763 -6.66684 2.2
      vertex 10.2317 -6.26998 2.2
    endloop
  endfacet
  facet normal 0 0 -1
    outer loop
      vertex 10.8608 -11.7491 2.2
      vertex 9.7082 -7.05342 2.2
      vertex 9.97763 -6.66684 2.2
    endloop
  endfacet
  facet normal 0 0 -1
    outer loop
      vertex 10.8608 -11.7491 2.2
      vertex 9.4238 -7.42913 2.2
      vertex 9.7082 -7.05342 2.2
    endloop
  endfacet
  facet normal 0 0 -1
    outer loop
      vertex 10.8608 -11.7491 2.2
      vertex 9.12487 -7.79338 2.2
      vertex 9.4238 -7.42913 2.2
    endloop
  endfacet
  facet normal 0 0 -1
    outer loop
      vertex 7.56215 -14.0966 2.2
      vertex 10.6603 -11.9273 2.2
      vertex 13.1891 -20.0502 2.2
    endloop
  endfacet
  facet normal 0 0 -1
    outer loop
      vertex 7.05342 -9.7082 2.2
      vertex 10.6603 -11.9273 2.2
      vertex 7.56215 -14.0966 2.2
    endloop
  endfacet
  facet normal 0 0 -1
    outer loop
      vertex 10.8608 -11.7491 2.2
      vertex 8.81187 -8.14561 2.2
      vertex 9.12487 -7.79338 2.2
    endloop
  endfacet
  facet normal 0 0 -1
    outer loop
      vertex 10.8608 -11.7491 2.2
      vertex 8.48528 -8.48528 2.2
      vertex 8.81187 -8.14561 2.2
    endloop
  endfacet
  facet normal 0 0 -1
    outer loop
      vertex 10.8608 -11.7491 2.2
      vertex 8.14561 -8.81187 2.2
      vertex 8.48528 -8.48528 2.2
    endloop
  endfacet
  facet normal 0 0 -1
    outer loop
      vertex 10.6603 -11.9273 2.2
      vertex 7.79338 -9.12487 2.2
      vertex 8.14561 -8.81187 2.2
    endloop
  endfacet
  facet normal 0 0 -1
    outer loop
      vertex 10.6603 -11.9273 2.2
      vertex 7.42913 -9.4238 2.2
      vertex 7.79338 -9.12487 2.2
    endloop
  endfacet
  facet normal 0 0 -1
    outer loop
      vertex 5.44789 -10.6921 2.2
      vertex 7.56215 -14.0966 2.2
      vertex 7.26384 -14.2561 2.2
    endloop
  endfacet
  facet normal 0 0 -1
    outer loop
      vertex 10.6603 -11.9273 2.2
      vertex 7.05342 -9.7082 2.2
      vertex 7.42913 -9.4238 2.2
    endloop
  endfacet
  facet normal 0 0 -1
    outer loop
      vertex 5.44789 -10.6921 2.2
      vertex 7.26384 -14.2561 2.2
      vertex 6.69855 -14.5303 2.2
    endloop
  endfacet
  facet normal 0 0 -1
    outer loop
      vertex 7.56215 -14.0966 2.2
      vertex 6.66684 -9.97763 2.2
      vertex 7.05342 -9.7082 2.2
    endloop
  endfacet
  facet normal 0 0 -1
    outer loop
      vertex 7.56215 -14.0966 2.2
      vertex 6.26998 -10.2317 2.2
      vertex 6.66684 -9.97763 2.2
    endloop
  endfacet
  facet normal 0 0 -1
    outer loop
      vertex 5.02392 -10.8977 2.2
      vertex 6.69855 -14.5303 2.2
      vertex 6.12292 -14.7821 2.2
    endloop
  endfacet
  facet normal 0 0 -1
    outer loop
      vertex 7.56215 -14.0966 2.2
      vertex 5.86345 -10.47 2.2
      vertex 6.26998 -10.2317 2.2
    endloop
  endfacet
  facet normal 0 0 -1
    outer loop
      vertex 4.5922 -11.0866 2.2
      vertex 6.12292 -14.7821 2.2
      vertex 5.53787 -15.011 2.2
    endloop
  endfacet
  facet normal 0 0 -1
    outer loop
      vertex 7.56215 -14.0966 2.2
      vertex 5.44789 -10.6921 2.2
      vertex 5.86345 -10.47 2.2
    endloop
  endfacet
  facet normal 0 0 -1
    outer loop
      vertex 6.69855 -14.5303 2.2
      vertex 5.02392 -10.8977 2.2
      vertex 5.44789 -10.6921 2.2
    endloop
  endfacet
  facet normal 0 0 -1
    outer loop
      vertex 4.1534 -11.2583 2.2
      vertex 5.53787 -15.011 2.2
      vertex 4.94426 -15.2169 2.2
    endloop
  endfacet
  facet normal 0 0 -1
    outer loop
      vertex 6.12292 -14.7821 2.2
      vertex 4.5922 -11.0866 2.2
      vertex 5.02392 -10.8977 2.2
    endloop
  endfacet
  facet normal 0 0 -1
    outer loop
      vertex 3.7082 -11.4127 2.2
      vertex 4.94426 -15.2169 2.2
      vertex 4.34303 -15.3993 2.2
    endloop
  endfacet
  facet normal 0 0 -1
    outer loop
      vertex 5.53787 -15.011 2.2
      vertex 4.1534 -11.2583 2.2
      vertex 4.5922 -11.0866 2.2
    endloop
  endfacet
  facet normal 0 0 -1
    outer loop
      vertex 3.25729 -11.5495 2.2
      vertex 4.34303 -15.3993 2.2
      vertex 3.73512 -15.5579 2.2
    endloop
  endfacet
  facet normal 0 0 -1
    outer loop
      vertex 4.94426 -15.2169 2.2
      vertex 3.7082 -11.4127 2.2
      vertex 4.1534 -11.2583 2.2
    endloop
  endfacet
  facet normal 0 0 -1
    outer loop
      vertex 4.34303 -15.3993 2.2
      vertex 3.25729 -11.5495 2.2
      vertex 3.7082 -11.4127 2.2
    endloop
  endfacet
  facet normal 0 0 -1
    outer loop
      vertex 2.80134 -11.6684 2.2
      vertex 3.73512 -15.5579 2.2
      vertex 3.12144 -15.6926 2.2
    endloop
  endfacet
  facet normal 0 0 -1
    outer loop
      vertex 3.73512 -15.5579 2.2
      vertex 2.80134 -11.6684 2.2
      vertex 3.25729 -11.5495 2.2
    endloop
  endfacet
  facet normal 0 0 -1
    outer loop
      vertex 2.34108 -11.7694 2.2
      vertex 3.12144 -15.6926 2.2
      vertex 2.50294 -15.803 2.2
    endloop
  endfacet
  facet normal 0 0 -1
    outer loop
      vertex 3.12144 -15.6926 2.2
      vertex 2.34108 -11.7694 2.2
      vertex 2.80134 -11.6684 2.2
    endloop
  endfacet
  facet normal 0 0 -1
    outer loop
      vertex 1.87721 -11.8523 2.2
      vertex 2.50294 -15.803 2.2
      vertex 1.88058 -15.8891 2.2
    endloop
  endfacet
  facet normal 0 0 -1
    outer loop
      vertex 2.50294 -15.803 2.2
      vertex 1.87721 -11.8523 2.2
      vertex 2.34108 -11.7694 2.2
    endloop
  endfacet
  facet normal 0 0 -1
    outer loop
      vertex 1.88058 -15.8891 2.2
      vertex 1.41045 -11.9168 2.2
      vertex 1.87721 -11.8523 2.2
    endloop
  endfacet
  facet normal 0 0 -1
    outer loop
      vertex 1.25534 -15.9507 2.2
      vertex 1.41045 -11.9168 2.2
      vertex 1.88058 -15.8891 2.2
    endloop
  endfacet
  facet normal 0 0 -1
    outer loop
      vertex 1.25534 -15.9507 2.2
      vertex 0.941508 -11.963 2.2
      vertex 1.41045 -11.9168 2.2
    endloop
  endfacet
  facet normal 0 0 -1
    outer loop
      vertex 0.628143 -15.9877 2.2
      vertex 0.941508 -11.963 2.2
      vertex 1.25534 -15.9507 2.2
    endloop
  endfacet
  facet normal 0 0 -1
    outer loop
      vertex 0.628143 -15.9877 2.2
      vertex 0.471117 -11.9907 2.2
      vertex 0.941508 -11.963 2.2
    endloop
  endfacet
  facet normal 0 0 -1
    outer loop
      vertex 0 -16 2.2
      vertex 0.471117 -11.9907 2.2
      vertex 0.628143 -15.9877 2.2
    endloop
  endfacet
  facet normal 0 0 -1
    outer loop
      vertex 0 -16 2.2
      vertex 0 -12 2.2
      vertex 0.471117 -11.9907 2.2
    endloop
  endfacet
  facet normal 0 0 -1
    outer loop
      vertex 0 -16 2.2
      vertex -0.471117 -11.9907 2.2
      vertex 0 -12 2.2
    endloop
  endfacet
  facet normal 0 0 -1
    outer loop
      vertex -0.628143 -15.9877 2.2
      vertex -0.471117 -11.9907 2.2
      vertex 0 -16 2.2
    endloop
  endfacet
  facet normal 0 0 -1
    outer loop
      vertex -0.628143 -15.9877 2.2
      vertex -0.941508 -11.963 2.2
      vertex -0.471117 -11.9907 2.2
    endloop
  endfacet
  facet normal 0 0 -1
    outer loop
      vertex -1.25534 -15.9507 2.2
      vertex -0.941508 -11.963 2.2
      vertex -0.628143 -15.9877 2.2
    endloop
  endfacet
  facet normal 0 0 -1
    outer loop
      vertex -1.25534 -15.9507 2.2
      vertex -1.41045 -11.9168 2.2
      vertex -0.941508 -11.963 2.2
    endloop
  endfacet
  facet normal 0 0 -1
    outer loop
      vertex -1.88058 -15.8891 2.2
      vertex -1.41045 -11.9168 2.2
      vertex -1.25534 -15.9507 2.2
    endloop
  endfacet
  facet normal -0 0 -1
    outer loop
      vertex -1.41045 -11.9168 2.2
      vertex -1.88058 -15.8891 2.2
      vertex -1.87721 -11.8523 2.2
    endloop
  endfacet
  facet normal 0 0 -1
    outer loop
      vertex -2.50294 -15.803 2.2
      vertex -1.87721 -11.8523 2.2
      vertex -1.88058 -15.8891 2.2
    endloop
  endfacet
  facet normal -0 0 -1
    outer loop
      vertex -1.87721 -11.8523 2.2
      vertex -2.50294 -15.803 2.2
      vertex -2.34108 -11.7694 2.2
    endloop
  endfacet
  facet normal 0 0 -1
    outer loop
      vertex -3.12144 -15.6926 2.2
      vertex -2.34108 -11.7694 2.2
      vertex -2.50294 -15.803 2.2
    endloop
  endfacet
  facet normal -0 0 -1
    outer loop
      vertex -2.34108 -11.7694 2.2
      vertex -3.12144 -15.6926 2.2
      vertex -2.80134 -11.6684 2.2
    endloop
  endfacet
  facet normal 0 0 -1
    outer loop
      vertex -3.73512 -15.5579 2.2
      vertex -2.80134 -11.6684 2.2
      vertex -3.12144 -15.6926 2.2
    endloop
  endfacet
  facet normal -0 0 -1
    outer loop
      vertex -2.80134 -11.6684 2.2
      vertex -3.73512 -15.5579 2.2
      vertex -3.25729 -11.5495 2.2
    endloop
  endfacet
  facet normal 0 0 -1
    outer loop
      vertex -4.34303 -15.3993 2.2
      vertex -3.25729 -11.5495 2.2
      vertex -3.73512 -15.5579 2.2
    endloop
  endfacet
  facet normal -0 0 -1
    outer loop
      vertex -3.25729 -11.5495 2.2
      vertex -4.34303 -15.3993 2.2
      vertex -3.7082 -11.4127 2.2
    endloop
  endfacet
  facet normal 0 0 -1
    outer loop
      vertex -4.94426 -15.2169 2.2
      vertex -3.7082 -11.4127 2.2
      vertex -4.34303 -15.3993 2.2
    endloop
  endfacet
  facet normal -0 0 -1
    outer loop
      vertex -3.7082 -11.4127 2.2
      vertex -4.94426 -15.2169 2.2
      vertex -4.1534 -11.2583 2.2
    endloop
  endfacet
  facet normal 0 0 -1
    outer loop
      vertex -5.53787 -15.011 2.2
      vertex -4.1534 -11.2583 2.2
      vertex -4.94426 -15.2169 2.2
    endloop
  endfacet
  facet normal -0 0 -1
    outer loop
      vertex -4.1534 -11.2583 2.2
      vertex -5.53787 -15.011 2.2
      vertex -4.5922 -11.0866 2.2
    endloop
  endfacet
  facet normal 0 0 -1
    outer loop
      vertex -6.12292 -14.7821 2.2
      vertex -4.5922 -11.0866 2.2
      vertex -5.53787 -15.011 2.2
    endloop
  endfacet
  facet normal -0 0 -1
    outer loop
      vertex -4.5922 -11.0866 2.2
      vertex -6.12292 -14.7821 2.2
      vertex -5.02392 -10.8977 2.2
    endloop
  endfacet
  facet normal 0 0 -1
    outer loop
      vertex -6.69855 -14.5303 2.2
      vertex -5.02392 -10.8977 2.2
      vertex -6.12292 -14.7821 2.2
    endloop
  endfacet
  facet normal -0 0 -1
    outer loop
      vertex -5.02392 -10.8977 2.2
      vertex -6.69855 -14.5303 2.2
      vertex -5.44789 -10.6921 2.2
    endloop
  endfacet
  facet normal 0 0 -1
    outer loop
      vertex -7.26384 -14.2561 2.2
      vertex -5.44789 -10.6921 2.2
      vertex -6.69855 -14.5303 2.2
    endloop
  endfacet
  facet normal -0 0 -1
    outer loop
      vertex -5.44789 -10.6921 2.2
      vertex -7.26384 -14.2561 2.2
      vertex -5.86345 -10.47 2.2
    endloop
  endfacet
  facet normal 0 0 -1
    outer loop
      vertex -7.81793 -13.9599 2.2
      vertex -5.86345 -10.47 2.2
      vertex -7.26384 -14.2561 2.2
    endloop
  endfacet
  facet normal -0 0 -1
    outer loop
      vertex -5.86345 -10.47 2.2
      vertex -7.81793 -13.9599 2.2
      vertex -6.26998 -10.2317 2.2
    endloop
  endfacet
  facet normal 0 0 -1
    outer loop
      vertex -8.35997 -13.6422 2.2
      vertex -6.26998 -10.2317 2.2
      vertex -7.81793 -13.9599 2.2
    endloop
  endfacet
  facet normal -0 0 -1
    outer loop
      vertex -6.26998 -10.2317 2.2
      vertex -8.35997 -13.6422 2.2
      vertex -6.66684 -9.97763 2.2
    endloop
  endfacet
  facet normal 0 0 -1
    outer loop
      vertex -8.88911 -13.3035 2.2
      vertex -6.66684 -9.97763 2.2
      vertex -8.35997 -13.6422 2.2
    endloop
  endfacet
  facet normal -0 0 -1
    outer loop
      vertex -6.66684 -9.97763 2.2
      vertex -8.88911 -13.3035 2.2
      vertex -7.05342 -9.7082 2.2
    endloop
  endfacet
  facet normal 0 0 -1
    outer loop
      vertex -9.40456 -12.9443 2.2
      vertex -7.05342 -9.7082 2.2
      vertex -8.88911 -13.3035 2.2
    endloop
  endfacet
  facet normal -0 0 -1
    outer loop
      vertex -7.05342 -9.7082 2.2
      vertex -9.40456 -12.9443 2.2
      vertex -7.42913 -9.4238 2.2
    endloop
  endfacet
  facet normal 0 0 -1
    outer loop
      vertex -9.9055 -12.5651 2.2
      vertex -7.42913 -9.4238 2.2
      vertex -9.40456 -12.9443 2.2
    endloop
  endfacet
  facet normal -0 0 -1
    outer loop
      vertex -7.42913 -9.4238 2.2
      vertex -9.9055 -12.5651 2.2
      vertex -7.79338 -9.12487 2.2
    endloop
  endfacet
  facet normal 0 0 -1
    outer loop
      vertex -10.3912 -12.1665 2.2
      vertex -7.79338 -9.12487 2.2
      vertex -9.9055 -12.5651 2.2
    endloop
  endfacet
  facet normal -0 0 -1
    outer loop
      vertex -7.79338 -9.12487 2.2
      vertex -10.3912 -12.1665 2.2
      vertex -8.14561 -8.81187 2.2
    endloop
  endfacet
  facet normal 0 0 -1
    outer loop
      vertex -10.8608 -11.7491 2.2
      vertex -8.14561 -8.81187 2.2
      vertex -10.3912 -12.1665 2.2
    endloop
  endfacet
  facet normal -0 0 -1
    outer loop
      vertex -8.14561 -8.81187 2.2
      vertex -10.8608 -11.7491 2.2
      vertex -8.48528 -8.48528 2.2
    endloop
  endfacet
  facet normal 0 0 -1
    outer loop
      vertex -11.3137 -11.3137 2.2
      vertex -8.48528 -8.48528 2.2
      vertex -10.8608 -11.7491 2.2
    endloop
  endfacet
  facet normal -0 0 -1
    outer loop
      vertex -8.48528 -8.48528 2.2
      vertex -11.3137 -11.3137 2.2
      vertex -8.81187 -8.14561 2.2
    endloop
  endfacet
  facet normal 0 0 -1
    outer loop
      vertex -11.7491 -10.8608 2.2
      vertex -8.81187 -8.14561 2.2
      vertex -11.3137 -11.3137 2.2
    endloop
  endfacet
  facet normal -0 0 -1
    outer loop
      vertex -8.81187 -8.14561 2.2
      vertex -11.7491 -10.8608 2.2
      vertex -9.12487 -7.79338 2.2
    endloop
  endfacet
  facet normal 0 0 -1
    outer loop
      vertex -12.1665 -10.3912 2.2
      vertex -9.12487 -7.79338 2.2
      vertex -11.7491 -10.8608 2.2
    endloop
  endfacet
  facet normal -0 0 -1
    outer loop
      vertex -9.12487 -7.79338 2.2
      vertex -12.1665 -10.3912 2.2
      vertex -9.4238 -7.42913 2.2
    endloop
  endfacet
  facet normal 0 0 -1
    outer loop
      vertex -12.5651 -9.9055 2.2
      vertex -9.4238 -7.42913 2.2
      vertex -12.1665 -10.3912 2.2
    endloop
  endfacet
  facet normal -0 0 -1
    outer loop
      vertex -9.4238 -7.42913 2.2
      vertex -12.5651 -9.9055 2.2
      vertex -9.7082 -7.05342 2.2
    endloop
  endfacet
  facet normal 0 0 -1
    outer loop
      vertex -12.9443 -9.40456 2.2
      vertex -9.7082 -7.05342 2.2
      vertex -12.5651 -9.9055 2.2
    endloop
  endfacet
  facet normal -0 0 -1
    outer loop
      vertex -9.7082 -7.05342 2.2
      vertex -12.9443 -9.40456 2.2
      vertex -9.97763 -6.66684 2.2
    endloop
  endfacet
  facet normal 0 0 -1
    outer loop
      vertex -13.3035 -8.88911 2.2
      vertex -9.97763 -6.66684 2.2
      vertex -12.9443 -9.40456 2.2
    endloop
  endfacet
  facet normal -0 0 -1
    outer loop
      vertex -9.97763 -6.66684 2.2
      vertex -13.3035 -8.88911 2.2
      vertex -10.2317 -6.26998 2.2
    endloop
  endfacet
  facet normal 0 0 -1
    outer loop
      vertex -13.6422 -8.35997 2.2
      vertex -10.2317 -6.26998 2.2
      vertex -13.3035 -8.88911 2.2
    endloop
  endfacet
  facet normal -0 0 -1
    outer loop
      vertex -10.2317 -6.26998 2.2
      vertex -13.6422 -8.35997 2.2
      vertex -10.47 -5.86345 2.2
    endloop
  endfacet
  facet normal 0 0 -1
    outer loop
      vertex -13.9599 -7.81793 2.2
      vertex -10.47 -5.86345 2.2
      vertex -13.6422 -8.35997 2.2
    endloop
  endfacet
  facet normal -0 0 -1
    outer loop
      vertex -10.47 -5.86345 2.2
      vertex -13.9599 -7.81793 2.2
      vertex -10.6921 -5.44789 2.2
    endloop
  endfacet
  facet normal 0 0 -1
    outer loop
      vertex -14.2561 -7.26384 2.2
      vertex -10.6921 -5.44789 2.2
      vertex -13.9599 -7.81793 2.2
    endloop
  endfacet
  facet normal -0 0 -1
    outer loop
      vertex -10.6921 -5.44789 2.2
      vertex -14.2561 -7.26384 2.2
      vertex -10.8977 -5.02392 2.2
    endloop
  endfacet
  facet normal 0 0 -1
    outer loop
      vertex -14.5303 -6.69855 2.2
      vertex -10.8977 -5.02392 2.2
      vertex -14.2561 -7.26384 2.2
    endloop
  endfacet
  facet normal -0 0 -1
    outer loop
      vertex -10.8977 -5.02392 2.2
      vertex -14.5303 -6.69855 2.2
      vertex -11.0866 -4.5922 2.2
    endloop
  endfacet
  facet normal 0 0 -1
    outer loop
      vertex -14.7821 -6.12292 2.2
      vertex -11.0866 -4.5922 2.2
      vertex -14.5303 -6.69855 2.2
    endloop
  endfacet
  facet normal 0 0 -1
    outer loop
      vertex -15.011 -5.53787 2.2
      vertex -11.2583 -4.1534 2.2
      vertex -14.7821 -6.12292 2.2
    endloop
  endfacet
  facet normal -0 0 -1
    outer loop
      vertex -11.0866 -4.5922 2.2
      vertex -14.7821 -6.12292 2.2
      vertex -11.2583 -4.1534 2.2
    endloop
  endfacet
  facet normal 0 0 -1
    outer loop
      vertex 12 0 2.2
      vertex 16 0 2.2
      vertex 15.9877 -0.628143 2.2
    endloop
  endfacet
  facet normal 0 0 -1
    outer loop
      vertex 11.9907 -0.471117 2.2
      vertex 15.9877 -0.628143 2.2
      vertex 15.9507 -1.25534 2.2
    endloop
  endfacet
  facet normal 0 0 -1
    outer loop
      vertex 16 0 2.2
      vertex 12 0 2.2
      vertex 15.9877 0.628143 2.2
    endloop
  endfacet
  facet normal 0 0 -1
    outer loop
      vertex 11.963 -0.941508 2.2
      vertex 15.9507 -1.25534 2.2
      vertex 15.8891 -1.88058 2.2
    endloop
  endfacet
  facet normal 0 0 -1
    outer loop
      vertex 11.9907 0.471117 2.2
      vertex 15.9877 0.628143 2.2
      vertex 12 0 2.2
    endloop
  endfacet
  facet normal 0 0 -1
    outer loop
      vertex 11.9168 -1.41045 2.2
      vertex 15.8891 -1.88058 2.2
      vertex 15.803 -2.50294 2.2
    endloop
  endfacet
  facet normal -0 0 -1
    outer loop
      vertex 15.9877 0.628143 2.2
      vertex 11.9907 0.471117 2.2
      vertex 15.9507 1.25534 2.2
    endloop
  endfacet
  facet normal 0 0 -1
    outer loop
      vertex 11.8523 -1.87721 2.2
      vertex 15.803 -2.50294 2.2
      vertex 15.6926 -3.12144 2.2
    endloop
  endfacet
  facet normal 0 0 -1
    outer loop
      vertex 11.963 0.941508 2.2
      vertex 15.9507 1.25534 2.2
      vertex 11.9907 0.471117 2.2
    endloop
  endfacet
  facet normal 0 0 -1
    outer loop
      vertex 11.7694 -2.34108 2.2
      vertex 15.6926 -3.12144 2.2
      vertex 15.5579 -3.73512 2.2
    endloop
  endfacet
  facet normal -0 0 -1
    outer loop
      vertex 15.9507 1.25534 2.2
      vertex 11.963 0.941508 2.2
      vertex 15.8891 1.88058 2.2
    endloop
  endfacet
  facet normal 0 0 -1
    outer loop
      vertex 11.6684 -2.80134 2.2
      vertex 15.5579 -3.73512 2.2
      vertex 15.3993 -4.34303 2.2
    endloop
  endfacet
  facet normal 0 0 -1
    outer loop
      vertex 11.9168 1.41045 2.2
      vertex 15.8891 1.88058 2.2
      vertex 11.963 0.941508 2.2
    endloop
  endfacet
  facet normal 0 0 -1
    outer loop
      vertex 11.5495 -3.25729 2.2
      vertex 15.3993 -4.34303 2.2
      vertex 15.2169 -4.94426 2.2
    endloop
  endfacet
  facet normal -0 0 -1
    outer loop
      vertex 15.8891 1.88058 2.2
      vertex 11.9168 1.41045 2.2
      vertex 15.803 2.50294 2.2
    endloop
  endfacet
  facet normal 0 0 -1
    outer loop
      vertex 11.4127 -3.7082 2.2
      vertex 15.2169 -4.94426 2.2
      vertex 15.011 -5.53787 2.2
    endloop
  endfacet
  facet normal 0 0 -1
    outer loop
      vertex 11.8523 1.87721 2.2
      vertex 15.803 2.50294 2.2
      vertex 11.9168 1.41045 2.2
    endloop
  endfacet
  facet normal 0 0 -1
    outer loop
      vertex 11.2583 -4.1534 2.2
      vertex 15.011 -5.53787 2.2
      vertex 14.7821 -6.12292 2.2
    endloop
  endfacet
  facet normal -0 0 -1
    outer loop
      vertex 15.803 2.50294 2.2
      vertex 11.8523 1.87721 2.2
      vertex 15.6926 3.12144 2.2
    endloop
  endfacet
  facet normal 0 0 -1
    outer loop
      vertex 11.0866 -4.5922 2.2
      vertex 14.7821 -6.12292 2.2
      vertex 14.5303 -6.69855 2.2
    endloop
  endfacet
  facet normal 0 0 -1
    outer loop
      vertex 11.7694 2.34108 2.2
      vertex 15.6926 3.12144 2.2
      vertex 11.8523 1.87721 2.2
    endloop
  endfacet
  facet normal 0 0 -1
    outer loop
      vertex 10.8977 -5.02392 2.2
      vertex 14.5303 -6.69855 2.2
      vertex 14.2561 -7.26384 2.2
    endloop
  endfacet
  facet normal -0 0 -1
    outer loop
      vertex 15.6926 3.12144 2.2
      vertex 11.7694 2.34108 2.2
      vertex 15.5579 3.73512 2.2
    endloop
  endfacet
  facet normal 0 0 -1
    outer loop
      vertex 10.6921 -5.44789 2.2
      vertex 14.2561 -7.26384 2.2
      vertex 13.9599 -7.81793 2.2
    endloop
  endfacet
  facet normal 0 0 -1
    outer loop
      vertex 11.6684 2.80134 2.2
      vertex 15.5579 3.73512 2.2
      vertex 11.7694 2.34108 2.2
    endloop
  endfacet
  facet normal 0 0 -1
    outer loop
      vertex 10.47 -5.86345 2.2
      vertex 13.9599 -7.81793 2.2
      vertex 13.6422 -8.35997 2.2
    endloop
  endfacet
  facet normal -0 0 -1
    outer loop
      vertex 15.5579 3.73512 2.2
      vertex 11.6684 2.80134 2.2
      vertex 15.3993 4.34303 2.2
    endloop
  endfacet
  facet normal 0 0 -1
    outer loop
      vertex 10.2317 -6.26998 2.2
      vertex 13.6422 -8.35997 2.2
      vertex 13.3035 -8.88911 2.2
    endloop
  endfacet
  facet normal 0 0 -1
    outer loop
      vertex 11.5495 3.25729 2.2
      vertex 15.3993 4.34303 2.2
      vertex 11.6684 2.80134 2.2
    endloop
  endfacet
  facet normal 0 0 -1
    outer loop
      vertex 10.2317 -6.26998 2.2
      vertex 13.3035 -8.88911 2.2
      vertex 12.9443 -9.40456 2.2
    endloop
  endfacet
  facet normal -0 0 -1
    outer loop
      vertex 15.3993 4.34303 2.2
      vertex 11.5495 3.25729 2.2
      vertex 15.2169 4.94426 2.2
    endloop
  endfacet
  facet normal 0 0 -1
    outer loop
      vertex 10.2317 -6.26998 2.2
      vertex 12.9443 -9.40456 2.2
      vertex 12.5651 -9.9055 2.2
    endloop
  endfacet
  facet normal 0 0 -1
    outer loop
      vertex 11.4127 3.7082 2.2
      vertex 15.2169 4.94426 2.2
      vertex 11.5495 3.25729 2.2
    endloop
  endfacet
  facet normal 0 0 -1
    outer loop
      vertex 10.2317 -6.26998 2.2
      vertex 12.5651 -9.9055 2.2
      vertex 12.1665 -10.3912 2.2
    endloop
  endfacet
  facet normal -0 0 -1
    outer loop
      vertex 15.2169 4.94426 2.2
      vertex 11.4127 3.7082 2.2
      vertex 15.011 5.53787 2.2
    endloop
  endfacet
  facet normal 0 0 -1
    outer loop
      vertex 11.2583 4.1534 2.2
      vertex 15.011 5.53787 2.2
      vertex 11.4127 3.7082 2.2
    endloop
  endfacet
  facet normal 0 0 -1
    outer loop
      vertex 15.9877 -0.628143 2.2
      vertex 11.9907 -0.471117 2.2
      vertex 12 0 2.2
    endloop
  endfacet
  facet normal 0 0 -1
    outer loop
      vertex 15.9507 -1.25534 2.2
      vertex 11.963 -0.941508 2.2
      vertex 11.9907 -0.471117 2.2
    endloop
  endfacet
  facet normal 0 0 -1
    outer loop
      vertex 15.8891 -1.88058 2.2
      vertex 11.9168 -1.41045 2.2
      vertex 11.963 -0.941508 2.2
    endloop
  endfacet
  facet normal 0 0 -1
    outer loop
      vertex 15.803 -2.50294 2.2
      vertex 11.8523 -1.87721 2.2
      vertex 11.9168 -1.41045 2.2
    endloop
  endfacet
  facet normal 0 0 -1
    outer loop
      vertex 15.6926 -3.12144 2.2
      vertex 11.7694 -2.34108 2.2
      vertex 11.8523 -1.87721 2.2
    endloop
  endfacet
  facet normal 0 0 -1
    outer loop
      vertex 10.2317 -6.26998 2.2
      vertex 12.1665 -10.3912 2.2
      vertex 11.7491 -10.8608 2.2
    endloop
  endfacet
  facet normal 0 0 -1
    outer loop
      vertex 15.5579 -3.73512 2.2
      vertex 11.6684 -2.80134 2.2
      vertex 11.7694 -2.34108 2.2
    endloop
  endfacet
  facet normal 0 0 -1
    outer loop
      vertex 15.3993 -4.34303 2.2
      vertex 11.5495 -3.25729 2.2
      vertex 11.6684 -2.80134 2.2
    endloop
  endfacet
  facet normal 0 0 -1
    outer loop
      vertex 15.2169 -4.94426 2.2
      vertex 11.4127 -3.7082 2.2
      vertex 11.5495 -3.25729 2.2
    endloop
  endfacet
  facet normal 0 0 -1
    outer loop
      vertex 10.2317 -6.26998 2.2
      vertex 11.7491 -10.8608 2.2
      vertex 11.3137 -11.3137 2.2
    endloop
  endfacet
  facet normal 0 0 -1
    outer loop
      vertex 15.011 -5.53787 2.2
      vertex 11.2583 -4.1534 2.2
      vertex 11.4127 -3.7082 2.2
    endloop
  endfacet
  facet normal 0 0 -1
    outer loop
      vertex 14.7821 -6.12292 2.2
      vertex 11.0866 -4.5922 2.2
      vertex 11.2583 -4.1534 2.2
    endloop
  endfacet
  facet normal 0 0 -1
    outer loop
      vertex 14.5303 -6.69855 2.2
      vertex 10.8977 -5.02392 2.2
      vertex 11.0866 -4.5922 2.2
    endloop
  endfacet
  facet normal 0 0 -1
    outer loop
      vertex 10.2317 -6.26998 2.2
      vertex 11.3137 -11.3137 2.2
      vertex 10.8608 -11.7491 2.2
    endloop
  endfacet
  facet normal 0 0 -1
    outer loop
      vertex 14.2561 -7.26384 2.2
      vertex 10.6921 -5.44789 2.2
      vertex 10.8977 -5.02392 2.2
    endloop
  endfacet
  facet normal 0 0 -1
    outer loop
      vertex 8.14561 -8.81187 2.2
      vertex 10.8608 -11.7491 2.2
      vertex 10.6603 -11.9273 2.2
    endloop
  endfacet
  facet normal 0 0 -1
    outer loop
      vertex 13.9599 -7.81793 2.2
      vertex 10.47 -5.86345 2.2
      vertex 10.6921 -5.44789 2.2
    endloop
  endfacet
  facet normal -0 0 -1
    outer loop
      vertex 15.011 5.53787 2.2
      vertex 11.2583 4.1534 2.2
      vertex 14.7821 6.12292 2.2
    endloop
  endfacet
  facet normal 0 0 -1
    outer loop
      vertex 11.0866 4.5922 2.2
      vertex 14.7821 6.12292 2.2
      vertex 11.2583 4.1534 2.2
    endloop
  endfacet
  facet normal -0 0 -1
    outer loop
      vertex 14.7821 6.12292 2.2
      vertex 11.0866 4.5922 2.2
      vertex 14.5303 6.69855 2.2
    endloop
  endfacet
  facet normal 0 0 -1
    outer loop
      vertex 10.8977 5.02392 2.2
      vertex 14.5303 6.69855 2.2
      vertex 11.0866 4.5922 2.2
    endloop
  endfacet
  facet normal -0 0 -1
    outer loop
      vertex 14.5303 6.69855 2.2
      vertex 10.8977 5.02392 2.2
      vertex 14.2561 7.26384 2.2
    endloop
  endfacet
  facet normal 0 0 -1
    outer loop
      vertex 10.6921 5.44789 2.2
      vertex 14.2561 7.26384 2.2
      vertex 10.8977 5.02392 2.2
    endloop
  endfacet
  facet normal -0 0 -1
    outer loop
      vertex 14.2561 7.26384 2.2
      vertex 10.6921 5.44789 2.2
      vertex 13.9599 7.81793 2.2
    endloop
  endfacet
  facet normal 0 0 -1
    outer loop
      vertex 10.47 5.86345 2.2
      vertex 13.9599 7.81793 2.2
      vertex 10.6921 5.44789 2.2
    endloop
  endfacet
  facet normal -0 0 -1
    outer loop
      vertex 13.9599 7.81793 2.2
      vertex 10.47 5.86345 2.2
      vertex 13.6422 8.35997 2.2
    endloop
  endfacet
  facet normal 0 0 -1
    outer loop
      vertex 10.2317 6.26998 2.2
      vertex 13.6422 8.35997 2.2
      vertex 10.47 5.86345 2.2
    endloop
  endfacet
  facet normal -0 0 -1
    outer loop
      vertex 13.6422 8.35997 2.2
      vertex 10.2317 6.26998 2.2
      vertex 13.3035 8.88911 2.2
    endloop
  endfacet
  facet normal 0 0 -1
    outer loop
      vertex 9.97763 6.66684 2.2
      vertex 13.3035 8.88911 2.2
      vertex 10.2317 6.26998 2.2
    endloop
  endfacet
  facet normal -0 0 -1
    outer loop
      vertex 13.3035 8.88911 2.2
      vertex 9.97763 6.66684 2.2
      vertex 12.9443 9.40456 2.2
    endloop
  endfacet
  facet normal 0 0 -1
    outer loop
      vertex 9.7082 7.05342 2.2
      vertex 12.9443 9.40456 2.2
      vertex 9.97763 6.66684 2.2
    endloop
  endfacet
  facet normal -0 0 -1
    outer loop
      vertex 12.9443 9.40456 2.2
      vertex 9.7082 7.05342 2.2
      vertex 12.5651 9.9055 2.2
    endloop
  endfacet
  facet normal 0 0 -1
    outer loop
      vertex 9.4238 7.42913 2.2
      vertex 12.5651 9.9055 2.2
      vertex 9.7082 7.05342 2.2
    endloop
  endfacet
  facet normal -0 0 -1
    outer loop
      vertex 12.5651 9.9055 2.2
      vertex 9.4238 7.42913 2.2
      vertex 12.1665 10.3912 2.2
    endloop
  endfacet
  facet normal 0 0 -1
    outer loop
      vertex 9.12487 7.79338 2.2
      vertex 12.1665 10.3912 2.2
      vertex 9.4238 7.42913 2.2
    endloop
  endfacet
  facet normal -0 0 -1
    outer loop
      vertex 12.1665 10.3912 2.2
      vertex 9.12487 7.79338 2.2
      vertex 11.7491 10.8608 2.2
    endloop
  endfacet
  facet normal 0 0 -1
    outer loop
      vertex 8.81187 8.14561 2.2
      vertex 11.7491 10.8608 2.2
      vertex 9.12487 7.79338 2.2
    endloop
  endfacet
  facet normal -0 0 -1
    outer loop
      vertex 11.7491 10.8608 2.2
      vertex 8.81187 8.14561 2.2
      vertex 11.3137 11.3137 2.2
    endloop
  endfacet
  facet normal 0 0 -1
    outer loop
      vertex 8.48528 8.48528 2.2
      vertex 11.3137 11.3137 2.2
      vertex 8.81187 8.14561 2.2
    endloop
  endfacet
  facet normal -0 0 -1
    outer loop
      vertex 11.3137 11.3137 2.2
      vertex 8.48528 8.48528 2.2
      vertex 10.8608 11.7491 2.2
    endloop
  endfacet
  facet normal 0 0 -1
    outer loop
      vertex 8.14561 8.81187 2.2
      vertex 10.8608 11.7491 2.2
      vertex 8.48528 8.48528 2.2
    endloop
  endfacet
  facet normal -0 0 -1
    outer loop
      vertex 10.8608 11.7491 2.2
      vertex 8.14561 8.81187 2.2
      vertex 10.3912 12.1665 2.2
    endloop
  endfacet
  facet normal 0 0 -1
    outer loop
      vertex 7.79338 9.12487 2.2
      vertex 10.3912 12.1665 2.2
      vertex 8.14561 8.81187 2.2
    endloop
  endfacet
  facet normal -0 0 -1
    outer loop
      vertex 10.3912 12.1665 2.2
      vertex 7.79338 9.12487 2.2
      vertex 9.9055 12.5651 2.2
    endloop
  endfacet
  facet normal 0 0 -1
    outer loop
      vertex 7.42913 9.4238 2.2
      vertex 9.9055 12.5651 2.2
      vertex 7.79338 9.12487 2.2
    endloop
  endfacet
  facet normal -0 0 -1
    outer loop
      vertex 9.9055 12.5651 2.2
      vertex 7.42913 9.4238 2.2
      vertex 9.40456 12.9443 2.2
    endloop
  endfacet
  facet normal 0 0 -1
    outer loop
      vertex 25.2 0 2.2
      vertex 24 0 2.2
      vertex 25.1962 0.439789 2.2
    endloop
  endfacet
  facet normal -0 0 -1
    outer loop
      vertex 25.1962 0.439789 2.2
      vertex 23.9963 0.418854 2.2
      vertex 25.1846 0.879456 2.2
    endloop
  endfacet
  facet normal 0 0 -1
    outer loop
      vertex 25.1471 -1.61862 2.2
      vertex 25.1977 -0.26387 2.2
      vertex 27.6485 -0.289536 2.2
    endloop
  endfacet
  facet normal 0 0 -1
    outer loop
      vertex 23.9854 -0.837585 2.2
      vertex 25.1977 -0.26387 2.2
      vertex 25.1471 -1.61862 2.2
    endloop
  endfacet
  facet normal 0 0 -1
    outer loop
      vertex 23.9415 -1.67415 2.2
      vertex 25.1471 -1.61862 2.2
      vertex 25.1386 -1.75786 2.2
    endloop
  endfacet
  facet normal 0 0 -1
    outer loop
      vertex 25.1962 0.439789 2.2
      vertex 24 0 2.2
      vertex 23.9963 0.418854 2.2
    endloop
  endfacet
  facet normal 0 0 -1
    outer loop
      vertex 23.9415 -1.67415 2.2
      vertex 25.1386 -1.75786 2.2
      vertex 25.1041 -2.19632 2.2
    endloop
  endfacet
  facet normal 0 0 -1
    outer loop
      vertex 23.9854 0.837585 2.2
      vertex 25.1846 0.879456 2.2
      vertex 23.9963 0.418854 2.2
    endloop
  endfacet
  facet normal -0 0 -1
    outer loop
      vertex 25.1846 0.879456 2.2
      vertex 23.9854 0.837585 2.2
      vertex 25.1655 1.31886 2.2
    endloop
  endfacet
  facet normal -0 0 -1
    outer loop
      vertex 25.1655 1.31886 2.2
      vertex 23.9671 1.25606 2.2
      vertex 25.1386 1.75786 2.2
    endloop
  endfacet
  facet normal 0 0 -1
    outer loop
      vertex 23.9415 1.67415 2.2
      vertex 25.1386 1.75786 2.2
      vertex 23.9671 1.25606 2.2
    endloop
  endfacet
  facet normal 0 0 -1
    outer loop
      vertex 23.9087 2.09174 2.2
      vertex 25.1041 2.19632 2.2
      vertex 23.9415 1.67415 2.2
    endloop
  endfacet
  facet normal -0 0 -1
    outer loop
      vertex 25.1041 2.19632 2.2
      vertex 23.9087 2.09174 2.2
      vertex 25.062 2.63411 2.2
    endloop
  endfacet
  facet normal -0 0 -1
    outer loop
      vertex 25.062 2.63411 2.2
      vertex 23.8685 2.50868 2.2
      vertex 25.0122 3.07111 2.2
    endloop
  endfacet
  facet normal 0 0 -1
    outer loop
      vertex 23.8211 2.92485 2.2
      vertex 25.0122 3.07111 2.2
      vertex 23.8685 2.50868 2.2
    endloop
  endfacet
  facet normal 0 0 -1
    outer loop
      vertex 23.7664 3.34015 2.2
      vertex 24.9547 3.50716 2.2
      vertex 23.8211 2.92485 2.2
    endloop
  endfacet
  facet normal -0 0 -1
    outer loop
      vertex 24.9547 3.50716 2.2
      vertex 23.7664 3.34015 2.2
      vertex 24.8897 3.94214 2.2
    endloop
  endfacet
  facet normal -0 0 -1
    outer loop
      vertex 24.8897 3.94214 2.2
      vertex 23.7045 3.75443 2.2
      vertex 24.8172 4.37593 2.2
    endloop
  endfacet
  facet normal 0 0 -1
    outer loop
      vertex 23.6354 4.16754 2.2
      vertex 24.8172 4.37593 2.2
      vertex 23.7045 3.75443 2.2
    endloop
  endfacet
  facet normal 0 0 -1
    outer loop
      vertex 23.5591 4.57941 2.2
      vertex 24.737 4.80838 2.2
      vertex 23.6354 4.16754 2.2
    endloop
  endfacet
  facet normal 0 0 -1
    outer loop
      vertex 23.9671 1.25606 2.2
      vertex 25.1655 1.31886 2.2
      vertex 23.9854 0.837585 2.2
    endloop
  endfacet
  facet normal -0 0 -1
    outer loop
      vertex 25.1977 -0.26387 2.2
      vertex 23.9963 -0.418854 2.2
      vertex 24 0 2.2
    endloop
  endfacet
  facet normal 0 0 -1
    outer loop
      vertex 25.1977 -0.26387 2.2
      vertex 23.9854 -0.837585 2.2
      vertex 23.9963 -0.418854 2.2
    endloop
  endfacet
  facet normal 0 0 -1
    outer loop
      vertex 25.1471 -1.61862 2.2
      vertex 23.9671 -1.25606 2.2
      vertex 23.9854 -0.837585 2.2
    endloop
  endfacet
  facet normal -0 0 -1
    outer loop
      vertex 25.1471 -1.61862 2.2
      vertex 23.9415 -1.67415 2.2
      vertex 23.9671 -1.25606 2.2
    endloop
  endfacet
  facet normal 0 -0 -1
    outer loop
      vertex 23.9415 -1.67415 2.2
      vertex 25.1041 -2.19632 2.2
      vertex 23.9087 -2.09174 2.2
    endloop
  endfacet
  facet normal 0 0 -1
    outer loop
      vertex 24 0 2.2
      vertex 25.2 0 2.2
      vertex 25.1977 -0.26387 2.2
    endloop
  endfacet
  facet normal -0 0 -1
    outer loop
      vertex 25.1386 1.75786 2.2
      vertex 23.9415 1.67415 2.2
      vertex 25.1041 2.19632 2.2
    endloop
  endfacet
  facet normal 0 0 -1
    outer loop
      vertex 23.8685 2.50868 2.2
      vertex 25.062 2.63411 2.2
      vertex 23.9087 2.09174 2.2
    endloop
  endfacet
  facet normal -0 0 -1
    outer loop
      vertex 25.0122 3.07111 2.2
      vertex 23.8211 2.92485 2.2
      vertex 24.9547 3.50716 2.2
    endloop
  endfacet
  facet normal 0 0 -1
    outer loop
      vertex 23.7045 3.75443 2.2
      vertex 24.8897 3.94214 2.2
      vertex 23.7664 3.34015 2.2
    endloop
  endfacet
  facet normal -0 0 -1
    outer loop
      vertex 24.8172 4.37593 2.2
      vertex 23.6354 4.16754 2.2
      vertex 24.737 4.80838 2.2
    endloop
  endfacet
  facet normal -0 0 -1
    outer loop
      vertex 24.737 4.80838 2.2
      vertex 23.5591 4.57941 2.2
      vertex 24.6493 5.23936 2.2
    endloop
  endfacet
  facet normal 0 0 -1
    outer loop
      vertex 23.4755 4.98987 2.2
      vertex 24.6493 5.23936 2.2
      vertex 23.5591 4.57941 2.2
    endloop
  endfacet
  facet normal -0 0 -1
    outer loop
      vertex 24.6493 5.23936 2.2
      vertex 23.4755 4.98987 2.2
      vertex 24.5541 5.66876 2.2
    endloop
  endfacet
  facet normal 0 0 -1
    outer loop
      vertex 23.3849 5.39882 2.2
      vertex 24.5541 5.66876 2.2
      vertex 23.4755 4.98987 2.2
    endloop
  endfacet
  facet normal -0 0 -1
    outer loop
      vertex 24.5541 5.66876 2.2
      vertex 23.3849 5.39882 2.2
      vertex 24.4514 6.09642 2.2
    endloop
  endfacet
  facet normal 0 0 -1
    outer loop
      vertex 23.2871 5.80612 2.2
      vertex 24.4514 6.09642 2.2
      vertex 23.3849 5.39882 2.2
    endloop
  endfacet
  facet normal -0 0 -1
    outer loop
      vertex 24.4514 6.09642 2.2
      vertex 23.2871 5.80612 2.2
      vertex 24.3413 6.52223 2.2
    endloop
  endfacet
  facet normal 0 0 -1
    outer loop
      vertex 23.1822 6.21165 2.2
      vertex 24.3413 6.52223 2.2
      vertex 23.2871 5.80612 2.2
    endloop
  endfacet
  facet normal -0 0 -1
    outer loop
      vertex 24.3413 6.52223 2.2
      vertex 23.1822 6.21165 2.2
      vertex 24.2238 6.94606 2.2
    endloop
  endfacet
  facet normal 0 0 -1
    outer loop
      vertex 23.0703 6.6153 2.2
      vertex 24.2238 6.94606 2.2
      vertex 23.1822 6.21165 2.2
    endloop
  endfacet
  facet normal -0 0 -1
    outer loop
      vertex 24.2238 6.94606 2.2
      vertex 23.0703 6.6153 2.2
      vertex 24.0989 7.36775 2.2
    endloop
  endfacet
  facet normal 0 0 -1
    outer loop
      vertex 22.9513 7.01691 2.2
      vertex 24.0989 7.36775 2.2
      vertex 23.0703 6.6153 2.2
    endloop
  endfacet
  facet normal -0 0 -1
    outer loop
      vertex 24.0989 7.36775 2.2
      vertex 22.9513 7.01691 2.2
      vertex 23.9666 7.78722 2.2
    endloop
  endfacet
  facet normal 0 0 -1
    outer loop
      vertex 22.8253 7.4164 2.2
      vertex 23.9666 7.78722 2.2
      vertex 22.9513 7.01691 2.2
    endloop
  endfacet
  facet normal -0 0 -1
    outer loop
      vertex 23.9666 7.78722 2.2
      vertex 22.8253 7.4164 2.2
      vertex 23.8271 8.20432 2.2
    endloop
  endfacet
  facet normal 0 0 -1
    outer loop
      vertex 22.6924 7.81363 2.2
      vertex 23.8271 8.20432 2.2
      vertex 22.8253 7.4164 2.2
    endloop
  endfacet
  facet normal -0 0 -1
    outer loop
      vertex 23.8271 8.20432 2.2
      vertex 22.6924 7.81363 2.2
      vertex 23.6803 8.6189 2.2
    endloop
  endfacet
  facet normal 0 0 -1
    outer loop
      vertex 22.5526 8.20848 2.2
      vertex 23.6803 8.6189 2.2
      vertex 22.6924 7.81363 2.2
    endloop
  endfacet
  facet normal -0 0 -1
    outer loop
      vertex 23.6803 8.6189 2.2
      vertex 22.5526 8.20848 2.2
      vertex 23.5262 9.03087 2.2
    endloop
  endfacet
  facet normal 0 0 -1
    outer loop
      vertex 22.4059 8.60083 2.2
      vertex 23.5262 9.03087 2.2
      vertex 22.5526 8.20848 2.2
    endloop
  endfacet
  facet normal -0 0 -1
    outer loop
      vertex 23.5262 9.03087 2.2
      vertex 22.4059 8.60083 2.2
      vertex 23.365 9.44008 2.2
    endloop
  endfacet
  facet normal 0 0 -1
    outer loop
      vertex 22.2524 8.99055 2.2
      vertex 23.365 9.44008 2.2
      vertex 22.4059 8.60083 2.2
    endloop
  endfacet
  facet normal -0 0 -1
    outer loop
      vertex 23.365 9.44008 2.2
      vertex 22.2524 8.99055 2.2
      vertex 23.1967 9.84642 2.2
    endloop
  endfacet
  facet normal 0 0 -1
    outer loop
      vertex 22.0921 9.37753 2.2
      vertex 23.1967 9.84642 2.2
      vertex 22.2524 8.99055 2.2
    endloop
  endfacet
  facet normal -0 0 -1
    outer loop
      vertex 23.1967 9.84642 2.2
      vertex 22.0921 9.37753 2.2
      vertex 23.0213 10.2498 2.2
    endloop
  endfacet
  facet normal 0 0 -1
    outer loop
      vertex 21.9251 9.76167 2.2
      vertex 23.0213 10.2498 2.2
      vertex 22.0921 9.37753 2.2
    endloop
  endfacet
  facet normal -0 0 -1
    outer loop
      vertex 23.0213 10.2498 2.2
      vertex 21.9251 9.76167 2.2
      vertex 22.8389 10.65 2.2
    endloop
  endfacet
  facet normal 0 0 -1
    outer loop
      vertex 21.7514 10.1428 2.2
      vertex 22.8389 10.65 2.2
      vertex 21.9251 9.76167 2.2
    endloop
  endfacet
  facet normal -0 0 -1
    outer loop
      vertex 22.8389 10.65 2.2
      vertex 21.7514 10.1428 2.2
      vertex 22.6496 11.047 2.2
    endloop
  endfacet
  facet normal 0 0 -1
    outer loop
      vertex 21.571 10.5209 2.2
      vertex 22.6496 11.047 2.2
      vertex 21.7514 10.1428 2.2
    endloop
  endfacet
  facet normal -0 0 -1
    outer loop
      vertex 22.6496 11.047 2.2
      vertex 21.571 10.5209 2.2
      vertex 22.4534 11.4406 2.2
    endloop
  endfacet
  facet normal 0 0 -1
    outer loop
      vertex 21.3842 10.8958 2.2
      vertex 22.4534 11.4406 2.2
      vertex 21.571 10.5209 2.2
    endloop
  endfacet
  facet normal -0 0 -1
    outer loop
      vertex 22.4534 11.4406 2.2
      vertex 21.3842 10.8958 2.2
      vertex 22.2503 11.8307 2.2
    endloop
  endfacet
  facet normal 0 0 -1
    outer loop
      vertex 21.1907 11.2673 2.2
      vertex 22.2503 11.8307 2.2
      vertex 21.3842 10.8958 2.2
    endloop
  endfacet
  facet normal -0 0 -1
    outer loop
      vertex 22.2503 11.8307 2.2
      vertex 21.1907 11.2673 2.2
      vertex 22.0404 12.2172 2.2
    endloop
  endfacet
  facet normal 0 0 -1
    outer loop
      vertex 20.9909 11.6354 2.2
      vertex 22.0404 12.2172 2.2
      vertex 21.1907 11.2673 2.2
    endloop
  endfacet
  facet normal -0 0 -1
    outer loop
      vertex 22.0404 12.2172 2.2
      vertex 20.9909 11.6354 2.2
      vertex 21.8238 12.6 2.2
    endloop
  endfacet
  facet normal 0 0 -1
    outer loop
      vertex 20.7846 12 2.2
      vertex 21.8238 12.6 2.2
      vertex 20.9909 11.6354 2.2
    endloop
  endfacet
  facet normal -0 0 -1
    outer loop
      vertex 21.8238 12.6 2.2
      vertex 20.7846 12 2.2
      vertex 21.6006 12.979 2.2
    endloop
  endfacet
  facet normal 0 0 -1
    outer loop
      vertex 20.572 12.3609 2.2
      vertex 21.6006 12.979 2.2
      vertex 20.7846 12 2.2
    endloop
  endfacet
  facet normal -0 0 -1
    outer loop
      vertex 21.6006 12.979 2.2
      vertex 20.572 12.3609 2.2
      vertex 21.3708 13.354 2.2
    endloop
  endfacet
  facet normal 0 0 -1
    outer loop
      vertex 20.3531 12.718 2.2
      vertex 21.3708 13.354 2.2
      vertex 20.572 12.3609 2.2
    endloop
  endfacet
  facet normal -0 0 -1
    outer loop
      vertex 21.3708 13.354 2.2
      vertex 20.3531 12.718 2.2
      vertex 21.1345 13.7249 2.2
    endloop
  endfacet
  facet normal 0 0 -1
    outer loop
      vertex 20.1281 13.0713 2.2
      vertex 21.1345 13.7249 2.2
      vertex 20.3531 12.718 2.2
    endloop
  endfacet
  facet normal -0 0 -1
    outer loop
      vertex 21.1345 13.7249 2.2
      vertex 20.1281 13.0713 2.2
      vertex 20.8917 14.0917 2.2
    endloop
  endfacet
  facet normal 0 0 -1
    outer loop
      vertex 19.8969 13.4206 2.2
      vertex 20.8917 14.0917 2.2
      vertex 20.1281 13.0713 2.2
    endloop
  endfacet
  facet normal -0 0 -1
    outer loop
      vertex 20.8917 14.0917 2.2
      vertex 19.8969 13.4206 2.2
      vertex 20.6426 14.4541 2.2
    endloop
  endfacet
  facet normal 0 0 -1
    outer loop
      vertex 19.6596 13.7658 2.2
      vertex 20.6426 14.4541 2.2
      vertex 19.8969 13.4206 2.2
    endloop
  endfacet
  facet normal -0 0 -1
    outer loop
      vertex 20.6426 14.4541 2.2
      vertex 19.6596 13.7658 2.2
      vertex 20.3872 14.8122 2.2
    endloop
  endfacet
  facet normal 0 0 -1
    outer loop
      vertex 19.4164 14.1068 2.2
      vertex 20.3872 14.8122 2.2
      vertex 19.6596 13.7658 2.2
    endloop
  endfacet
  facet normal -0 0 -1
    outer loop
      vertex 20.3872 14.8122 2.2
      vertex 19.4164 14.1068 2.2
      vertex 20.1256 15.1657 2.2
    endloop
  endfacet
  facet normal 0 0 -1
    outer loop
      vertex 19.1673 14.4436 2.2
      vertex 20.1256 15.1657 2.2
      vertex 19.4164 14.1068 2.2
    endloop
  endfacet
  facet normal -0 0 -1
    outer loop
      vertex 20.1256 15.1657 2.2
      vertex 19.1673 14.4436 2.2
      vertex 19.8579 15.5147 2.2
    endloop
  endfacet
  facet normal 0 0 -1
    outer loop
      vertex 18.9122 14.7759 2.2
      vertex 19.8579 15.5147 2.2
      vertex 19.1673 14.4436 2.2
    endloop
  endfacet
  facet normal -0 0 -1
    outer loop
      vertex 19.8579 15.5147 2.2
      vertex 18.9122 14.7759 2.2
      vertex 19.5841 15.8589 2.2
    endloop
  endfacet
  facet normal 0 0 -1
    outer loop
      vertex 18.6515 15.1037 2.2
      vertex 19.5841 15.8589 2.2
      vertex 18.9122 14.7759 2.2
    endloop
  endfacet
  facet normal -0 0 -1
    outer loop
      vertex 19.5841 15.8589 2.2
      vertex 18.6515 15.1037 2.2
      vertex 19.3043 16.1982 2.2
    endloop
  endfacet
  facet normal 0 0 -1
    outer loop
      vertex 18.3851 15.4269 2.2
      vertex 19.3043 16.1982 2.2
      vertex 18.6515 15.1037 2.2
    endloop
  endfacet
  facet normal -0 0 -1
    outer loop
      vertex 19.3043 16.1982 2.2
      vertex 18.3851 15.4269 2.2
      vertex 19.0187 16.5327 2.2
    endloop
  endfacet
  facet normal 0 0 -1
    outer loop
      vertex 18.113 15.7454 2.2
      vertex 19.0187 16.5327 2.2
      vertex 18.3851 15.4269 2.2
    endloop
  endfacet
  facet normal -0 0 -1
    outer loop
      vertex 19.0187 16.5327 2.2
      vertex 18.113 15.7454 2.2
      vertex 18.7272 16.8621 2.2
    endloop
  endfacet
  facet normal 0 0 -1
    outer loop
      vertex 17.8355 16.0591 2.2
      vertex 18.7272 16.8621 2.2
      vertex 18.113 15.7454 2.2
    endloop
  endfacet
  facet normal -0 0 -1
    outer loop
      vertex 18.7272 16.8621 2.2
      vertex 17.8355 16.0591 2.2
      vertex 18.4301 17.1864 2.2
    endloop
  endfacet
  facet normal 0 0 -1
    outer loop
      vertex 17.5525 16.368 2.2
      vertex 18.4301 17.1864 2.2
      vertex 17.8355 16.0591 2.2
    endloop
  endfacet
  facet normal -0 0 -1
    outer loop
      vertex 18.4301 17.1864 2.2
      vertex 17.5525 16.368 2.2
      vertex 18.1273 17.5054 2.2
    endloop
  endfacet
  facet normal 0 0 -1
    outer loop
      vertex 17.2641 16.6718 2.2
      vertex 18.1273 17.5054 2.2
      vertex 17.5525 16.368 2.2
    endloop
  endfacet
  facet normal -0 0 -1
    outer loop
      vertex 18.1273 17.5054 2.2
      vertex 17.2641 16.6718 2.2
      vertex 17.8191 17.8191 2.2
    endloop
  endfacet
  facet normal 0 0 -1
    outer loop
      vertex 16.9706 16.9706 2.2
      vertex 17.8191 17.8191 2.2
      vertex 17.2641 16.6718 2.2
    endloop
  endfacet
  facet normal -0 0 -1
    outer loop
      vertex 17.8191 17.8191 2.2
      vertex 16.9706 16.9706 2.2
      vertex 17.5054 18.1273 2.2
    endloop
  endfacet
  facet normal 0 0 -1
    outer loop
      vertex 16.6718 17.2641 2.2
      vertex 17.5054 18.1273 2.2
      vertex 16.9706 16.9706 2.2
    endloop
  endfacet
  facet normal -0 0 -1
    outer loop
      vertex 17.5054 18.1273 2.2
      vertex 16.6718 17.2641 2.2
      vertex 17.1864 18.4301 2.2
    endloop
  endfacet
  facet normal 0 0 -1
    outer loop
      vertex 16.368 17.5525 2.2
      vertex 17.1864 18.4301 2.2
      vertex 16.6718 17.2641 2.2
    endloop
  endfacet
  facet normal -0 0 -1
    outer loop
      vertex 17.1864 18.4301 2.2
      vertex 16.368 17.5525 2.2
      vertex 16.8621 18.7272 2.2
    endloop
  endfacet
  facet normal 0 0 -1
    outer loop
      vertex 16.0591 17.8355 2.2
      vertex 16.8621 18.7272 2.2
      vertex 16.368 17.5525 2.2
    endloop
  endfacet
  facet normal -0 0 -1
    outer loop
      vertex 16.8621 18.7272 2.2
      vertex 16.0591 17.8355 2.2
      vertex 16.5327 19.0187 2.2
    endloop
  endfacet
  facet normal 0 0 -1
    outer loop
      vertex 15.7454 18.113 2.2
      vertex 16.5327 19.0187 2.2
      vertex 16.0591 17.8355 2.2
    endloop
  endfacet
  facet normal -0 0 -1
    outer loop
      vertex 16.5327 19.0187 2.2
      vertex 15.7454 18.113 2.2
      vertex 16.1982 19.3043 2.2
    endloop
  endfacet
  facet normal 0 0 -1
    outer loop
      vertex 15.4269 18.3851 2.2
      vertex 16.1982 19.3043 2.2
      vertex 15.7454 18.113 2.2
    endloop
  endfacet
  facet normal -0 0 -1
    outer loop
      vertex 16.1982 19.3043 2.2
      vertex 15.4269 18.3851 2.2
      vertex 15.8589 19.5841 2.2
    endloop
  endfacet
  facet normal 0 0 -1
    outer loop
      vertex 15.1037 18.6515 2.2
      vertex 15.8589 19.5841 2.2
      vertex 15.4269 18.3851 2.2
    endloop
  endfacet
  facet normal -0 0 -1
    outer loop
      vertex 15.8589 19.5841 2.2
      vertex 15.1037 18.6515 2.2
      vertex 15.5147 19.8579 2.2
    endloop
  endfacet
  facet normal 0 0 -1
    outer loop
      vertex 14.7759 18.9122 2.2
      vertex 15.5147 19.8579 2.2
      vertex 15.1037 18.6515 2.2
    endloop
  endfacet
  facet normal -0 0 -1
    outer loop
      vertex 15.5147 19.8579 2.2
      vertex 14.7759 18.9122 2.2
      vertex 15.1657 20.1256 2.2
    endloop
  endfacet
  facet normal 0 0 -1
    outer loop
      vertex 14.4436 19.1673 2.2
      vertex 15.1657 20.1256 2.2
      vertex 14.7759 18.9122 2.2
    endloop
  endfacet
  facet normal -0 0 -1
    outer loop
      vertex 15.1657 20.1256 2.2
      vertex 14.4436 19.1673 2.2
      vertex 14.8122 20.3872 2.2
    endloop
  endfacet
  facet normal 0 0 -1
    outer loop
      vertex 14.1068 19.4164 2.2
      vertex 14.8122 20.3872 2.2
      vertex 14.4436 19.1673 2.2
    endloop
  endfacet
  facet normal -0 0 -1
    outer loop
      vertex 14.8122 20.3872 2.2
      vertex 14.1068 19.4164 2.2
      vertex 14.4541 20.6426 2.2
    endloop
  endfacet
  facet normal 0 0 -1
    outer loop
      vertex 13.7658 19.6596 2.2
      vertex 14.4541 20.6426 2.2
      vertex 14.1068 19.4164 2.2
    endloop
  endfacet
  facet normal -0 0 -1
    outer loop
      vertex 14.4541 20.6426 2.2
      vertex 13.7658 19.6596 2.2
      vertex 14.0917 20.8917 2.2
    endloop
  endfacet
  facet normal 0 0 -1
    outer loop
      vertex 13.4206 19.8969 2.2
      vertex 14.0917 20.8917 2.2
      vertex 13.7658 19.6596 2.2
    endloop
  endfacet
  facet normal -0 0 -1
    outer loop
      vertex 14.0917 20.8917 2.2
      vertex 13.4206 19.8969 2.2
      vertex 13.7249 21.1345 2.2
    endloop
  endfacet
  facet normal 0 0 -1
    outer loop
      vertex 13.0713 20.1281 2.2
      vertex 13.7249 21.1345 2.2
      vertex 13.4206 19.8969 2.2
    endloop
  endfacet
  facet normal -0 0 -1
    outer loop
      vertex 13.7249 21.1345 2.2
      vertex 13.0713 20.1281 2.2
      vertex 13.354 21.3708 2.2
    endloop
  endfacet
  facet normal 0 0 -1
    outer loop
      vertex 12.718 20.3531 2.2
      vertex 13.354 21.3708 2.2
      vertex 13.0713 20.1281 2.2
    endloop
  endfacet
  facet normal -0 0 -1
    outer loop
      vertex 13.354 21.3708 2.2
      vertex 12.718 20.3531 2.2
      vertex 12.979 21.6006 2.2
    endloop
  endfacet
  facet normal 0 0 -1
    outer loop
      vertex 12.3609 20.572 2.2
      vertex 12.979 21.6006 2.2
      vertex 12.718 20.3531 2.2
    endloop
  endfacet
  facet normal -0 0 -1
    outer loop
      vertex 12.979 21.6006 2.2
      vertex 12.3609 20.572 2.2
      vertex 12.6 21.8238 2.2
    endloop
  endfacet
  facet normal 0 0 -1
    outer loop
      vertex 12 20.7846 2.2
      vertex 12.6 21.8238 2.2
      vertex 12.3609 20.572 2.2
    endloop
  endfacet
  facet normal -0 0 -1
    outer loop
      vertex 12.6 21.8238 2.2
      vertex 12 20.7846 2.2
      vertex 12.2172 22.0404 2.2
    endloop
  endfacet
  facet normal 0 0 -1
    outer loop
      vertex 11.6354 20.9909 2.2
      vertex 12.2172 22.0404 2.2
      vertex 12 20.7846 2.2
    endloop
  endfacet
  facet normal -0 0 -1
    outer loop
      vertex 12.2172 22.0404 2.2
      vertex 11.6354 20.9909 2.2
      vertex 11.8307 22.2503 2.2
    endloop
  endfacet
  facet normal 0 0 -1
    outer loop
      vertex 11.2673 21.1907 2.2
      vertex 11.8307 22.2503 2.2
      vertex 11.6354 20.9909 2.2
    endloop
  endfacet
  facet normal -0 0 -1
    outer loop
      vertex 11.8307 22.2503 2.2
      vertex 11.2673 21.1907 2.2
      vertex 11.4406 22.4534 2.2
    endloop
  endfacet
  facet normal 0 0 -1
    outer loop
      vertex 10.8958 21.3842 2.2
      vertex 11.4406 22.4534 2.2
      vertex 11.2673 21.1907 2.2
    endloop
  endfacet
  facet normal 0 0 -1
    outer loop
      vertex 10.7694 21.4471 2.2
      vertex 11.4406 22.4534 2.2
      vertex 10.8958 21.3842 2.2
    endloop
  endfacet
  facet normal -0 0 -1
    outer loop
      vertex 11.4406 22.4534 2.2
      vertex 10.7694 21.4471 2.2
      vertex 11.047 22.6496 2.2
    endloop
  endfacet
  facet normal 0 0 -1
    outer loop
      vertex 10.65 22.8389 2.2
      vertex 11.047 22.6496 2.2
      vertex 10.7694 21.4471 2.2
    endloop
  endfacet
  facet normal 0 0 -1
    outer loop
      vertex 9.89752 22.6285 2.2
      vertex 10.65 22.8389 2.2
      vertex 10.7694 21.4471 2.2
    endloop
  endfacet
  facet normal 0 -0 -1
    outer loop
      vertex 10.626 22.8495 2.2
      vertex 10.65 22.8389 2.2
      vertex 9.89752 22.6285 2.2
    endloop
  endfacet
  facet normal 0 0 -1
    outer loop
      vertex 10.65 22.8389 2.2
      vertex 10.626 22.8495 2.2
      vertex 10.6476 22.8401 2.2
    endloop
  endfacet
  facet normal -0 0 -1
    outer loop
      vertex 10.626 22.8495 2.2
      vertex 9.89752 22.6285 2.2
      vertex 10.6041 22.8581 2.2
    endloop
  endfacet
  facet normal 0 0 -1
    outer loop
      vertex 10.6041 22.8581 2.2
      vertex 10.5593 22.8726 2.2
      vertex 10.5818 22.8658 2.2
    endloop
  endfacet
  facet normal 0 0 -1
    outer loop
      vertex 10.6041 22.8581 2.2
      vertex 10.5365 22.8786 2.2
      vertex 10.5593 22.8726 2.2
    endloop
  endfacet
  facet normal 0 0 -1
    outer loop
      vertex 10.6041 22.8581 2.2
      vertex 10.5135 22.8836 2.2
      vertex 10.5365 22.8786 2.2
    endloop
  endfacet
  facet normal 0 0 -1
    outer loop
      vertex 10.6041 22.8581 2.2
      vertex 10.4903 22.8878 2.2
      vertex 10.5135 22.8836 2.2
    endloop
  endfacet
  facet normal 0 0 -1
    outer loop
      vertex 10.6041 22.8581 2.2
      vertex 10.4669 22.891 2.2
      vertex 10.4903 22.8878 2.2
    endloop
  endfacet
  facet normal 0 0 -1
    outer loop
      vertex 10.6041 22.8581 2.2
      vertex 10.4435 22.8933 2.2
      vertex 10.4669 22.891 2.2
    endloop
  endfacet
  facet normal 0 0 -1
    outer loop
      vertex 10.6041 22.8581 2.2
      vertex 10.42 22.8947 2.2
      vertex 10.4435 22.8933 2.2
    endloop
  endfacet
  facet normal 0 0 -1
    outer loop
      vertex 10.6041 22.8581 2.2
      vertex 10.3964 22.8952 2.2
      vertex 10.42 22.8947 2.2
    endloop
  endfacet
  facet normal 0 0 -1
    outer loop
      vertex 10.6041 22.8581 2.2
      vertex 10.3728 22.8947 2.2
      vertex 10.3964 22.8952 2.2
    endloop
  endfacet
  facet normal 0 0 -1
    outer loop
      vertex 10.6041 22.8581 2.2
      vertex 10.3493 22.8933 2.2
      vertex 10.3728 22.8947 2.2
    endloop
  endfacet
  facet normal 0 0 -1
    outer loop
      vertex 10.6041 22.8581 2.2
      vertex 10.3259 22.891 2.2
      vertex 10.3493 22.8933 2.2
    endloop
  endfacet
  facet normal 0 0 -1
    outer loop
      vertex 10.6041 22.8581 2.2
      vertex 10.3025 22.8878 2.2
      vertex 10.3259 22.891 2.2
    endloop
  endfacet
  facet normal 0 0 -1
    outer loop
      vertex 10.6041 22.8581 2.2
      vertex 10.2793 22.8836 2.2
      vertex 10.3025 22.8878 2.2
    endloop
  endfacet
  facet normal 0 0 -1
    outer loop
      vertex 10.6041 22.8581 2.2
      vertex 10.2563 22.8786 2.2
      vertex 10.2793 22.8836 2.2
    endloop
  endfacet
  facet normal 0 0 -1
    outer loop
      vertex 10.6041 22.8581 2.2
      vertex 10.2335 22.8726 2.2
      vertex 10.2563 22.8786 2.2
    endloop
  endfacet
  facet normal 0 0 -1
    outer loop
      vertex 10.6041 22.8581 2.2
      vertex 10.211 22.8658 2.2
      vertex 10.2335 22.8726 2.2
    endloop
  endfacet
  facet normal 0 0 -1
    outer loop
      vertex 10.6041 22.8581 2.2
      vertex 10.1887 22.8581 2.2
      vertex 10.211 22.8658 2.2
    endloop
  endfacet
  facet normal -0 0 -1
    outer loop
      vertex 10.6041 22.8581 2.2
      vertex 10.1668 22.8495 2.2
      vertex 10.1887 22.8581 2.2
    endloop
  endfacet
  facet normal 0 0 -1
    outer loop
      vertex 10.6041 22.8581 2.2
      vertex 10.1452 22.8401 2.2
      vertex 10.1668 22.8495 2.2
    endloop
  endfacet
  facet normal 0 0 -1
    outer loop
      vertex 10.6041 22.8581 2.2
      vertex 10.124 22.8298 2.2
      vertex 10.1452 22.8401 2.2
    endloop
  endfacet
  facet normal 0 0 -1
    outer loop
      vertex 10.6041 22.8581 2.2
      vertex 10.1032 22.8187 2.2
      vertex 10.124 22.8298 2.2
    endloop
  endfacet
  facet normal 0 0 -1
    outer loop
      vertex 10.6041 22.8581 2.2
      vertex 10.0829 22.8067 2.2
      vertex 10.1032 22.8187 2.2
    endloop
  endfacet
  facet normal 0 0 -1
    outer loop
      vertex 10.6041 22.8581 2.2
      vertex 10.0631 22.7941 2.2
      vertex 10.0829 22.8067 2.2
    endloop
  endfacet
  facet normal 0 0 -1
    outer loop
      vertex 10.6041 22.8581 2.2
      vertex 10.0437 22.7806 2.2
      vertex 10.0631 22.7941 2.2
    endloop
  endfacet
  facet normal 0 0 -1
    outer loop
      vertex 10.6041 22.8581 2.2
      vertex 10.0249 22.7664 2.2
      vertex 10.0437 22.7806 2.2
    endloop
  endfacet
  facet normal 0 0 -1
    outer loop
      vertex 10.6041 22.8581 2.2
      vertex 10.0067 22.7514 2.2
      vertex 10.0249 22.7664 2.2
    endloop
  endfacet
  facet normal 0 0 -1
    outer loop
      vertex 10.6041 22.8581 2.2
      vertex 9.98912 22.7358 2.2
      vertex 10.0067 22.7514 2.2
    endloop
  endfacet
  facet normal 0 0 -1
    outer loop
      vertex 10.6041 22.8581 2.2
      vertex 9.97214 22.7194 2.2
      vertex 9.98912 22.7358 2.2
    endloop
  endfacet
  facet normal 0 0 -1
    outer loop
      vertex 10.6041 22.8581 2.2
      vertex 9.95581 22.7024 2.2
      vertex 9.97214 22.7194 2.2
    endloop
  endfacet
  facet normal 0 0 -1
    outer loop
      vertex 10.6041 22.8581 2.2
      vertex 9.94016 22.6848 2.2
      vertex 9.95581 22.7024 2.2
    endloop
  endfacet
  facet normal 0 0 -1
    outer loop
      vertex 10.6041 22.8581 2.2
      vertex 9.92522 22.6666 2.2
      vertex 9.94016 22.6848 2.2
    endloop
  endfacet
  facet normal 0 0 -1
    outer loop
      vertex 10.6041 22.8581 2.2
      vertex 9.911 22.6478 2.2
      vertex 9.92522 22.6666 2.2
    endloop
  endfacet
  facet normal 0 0 -1
    outer loop
      vertex 10.6041 22.8581 2.2
      vertex 9.89752 22.6285 2.2
      vertex 9.911 22.6478 2.2
    endloop
  endfacet
  facet normal 0 0 -1
    outer loop
      vertex 5.00037 15.1974 2.2
      vertex 10.7694 21.4471 2.2
      vertex 8.42749 13.599 2.2
    endloop
  endfacet
  facet normal 0 0 -1
    outer loop
      vertex 7.05342 9.7082 2.2
      vertex 9.40456 12.9443 2.2
      vertex 7.42913 9.4238 2.2
    endloop
  endfacet
  facet normal -0 0 -1
    outer loop
      vertex 9.40456 12.9443 2.2
      vertex 7.05342 9.7082 2.2
      vertex 8.88911 13.3035 2.2
    endloop
  endfacet
  facet normal 0 0 -1
    outer loop
      vertex 6.66684 9.97763 2.2
      vertex 8.88911 13.3035 2.2
      vertex 7.05342 9.7082 2.2
    endloop
  endfacet
  facet normal -0 0 -1
    outer loop
      vertex 8.88911 13.3035 2.2
      vertex 6.66684 9.97763 2.2
      vertex 8.42749 13.599 2.2
    endloop
  endfacet
  facet normal 0 0 -1
    outer loop
      vertex 6.26998 10.2317 2.2
      vertex 8.42749 13.599 2.2
      vertex 6.66684 9.97763 2.2
    endloop
  endfacet
  facet normal 0 0 -1
    outer loop
      vertex 5.86345 10.47 2.2
      vertex 8.42749 13.599 2.2
      vertex 6.26998 10.2317 2.2
    endloop
  endfacet
  facet normal 0 0 -1
    outer loop
      vertex 5.44789 10.6921 2.2
      vertex 8.42749 13.599 2.2
      vertex 5.86345 10.47 2.2
    endloop
  endfacet
  facet normal 0 0 -1
    outer loop
      vertex 5.02392 10.8977 2.2
      vertex 8.42749 13.599 2.2
      vertex 5.44789 10.6921 2.2
    endloop
  endfacet
  facet normal -0 0 -1
    outer loop
      vertex 8.42749 13.599 2.2
      vertex 5.02392 10.8977 2.2
      vertex 5.00037 15.1974 2.2
    endloop
  endfacet
  facet normal -0 0 -1
    outer loop
      vertex 10.7694 21.4471 2.2
      vertex 5.00037 15.1974 2.2
      vertex 9.89752 22.6285 2.2
    endloop
  endfacet
  facet normal 0 0 -1
    outer loop
      vertex 4.5922 11.0866 2.2
      vertex 5.00037 15.1974 2.2
      vertex 5.02392 10.8977 2.2
    endloop
  endfacet
  facet normal 0 0 -1
    outer loop
      vertex 4.1534 11.2583 2.2
      vertex 5.00037 15.1974 2.2
      vertex 4.5922 11.0866 2.2
    endloop
  endfacet
  facet normal 0 0 -1
    outer loop
      vertex 3.7082 11.4127 2.2
      vertex 5.00037 15.1974 2.2
      vertex 4.1534 11.2583 2.2
    endloop
  endfacet
  facet normal -0 0 -1
    outer loop
      vertex 5.00037 15.1974 2.2
      vertex 3.7082 11.4127 2.2
      vertex 4.94426 15.2169 2.2
    endloop
  endfacet
  facet normal -0 0 -1
    outer loop
      vertex 4.94426 15.2169 2.2
      vertex 3.7082 11.4127 2.2
      vertex 4.34303 15.3993 2.2
    endloop
  endfacet
  facet normal 0 0 -1
    outer loop
      vertex 3.25729 11.5495 2.2
      vertex 4.34303 15.3993 2.2
      vertex 3.7082 11.4127 2.2
    endloop
  endfacet
  facet normal -0 0 -1
    outer loop
      vertex 4.34303 15.3993 2.2
      vertex 3.25729 11.5495 2.2
      vertex 3.73512 15.5579 2.2
    endloop
  endfacet
  facet normal 0 0 -1
    outer loop
      vertex 2.80134 11.6684 2.2
      vertex 3.73512 15.5579 2.2
      vertex 3.25729 11.5495 2.2
    endloop
  endfacet
  facet normal -0 0 -1
    outer loop
      vertex 3.73512 15.5579 2.2
      vertex 2.80134 11.6684 2.2
      vertex 3.12144 15.6926 2.2
    endloop
  endfacet
  facet normal 0 0 -1
    outer loop
      vertex 2.34108 11.7694 2.2
      vertex 3.12144 15.6926 2.2
      vertex 2.80134 11.6684 2.2
    endloop
  endfacet
  facet normal -0 0 -1
    outer loop
      vertex 3.12144 15.6926 2.2
      vertex 2.34108 11.7694 2.2
      vertex 2.50294 15.803 2.2
    endloop
  endfacet
  facet normal 0 0 -1
    outer loop
      vertex 1.87721 11.8523 2.2
      vertex 2.50294 15.803 2.2
      vertex 2.34108 11.7694 2.2
    endloop
  endfacet
  facet normal -0 0 -1
    outer loop
      vertex 2.50294 15.803 2.2
      vertex 1.87721 11.8523 2.2
      vertex 1.88058 15.8891 2.2
    endloop
  endfacet
  facet normal 0 0 -1
    outer loop
      vertex 1.41045 11.9168 2.2
      vertex 1.88058 15.8891 2.2
      vertex 1.87721 11.8523 2.2
    endloop
  endfacet
  facet normal 0 0 -1
    outer loop
      vertex 1.41045 11.9168 2.2
      vertex 1.25534 15.9507 2.2
      vertex 1.88058 15.8891 2.2
    endloop
  endfacet
  facet normal 0 0 -1
    outer loop
      vertex 0.941508 11.963 2.2
      vertex 1.25534 15.9507 2.2
      vertex 1.41045 11.9168 2.2
    endloop
  endfacet
  facet normal 0 0 -1
    outer loop
      vertex 0.941508 11.963 2.2
      vertex 0.628143 15.9877 2.2
      vertex 1.25534 15.9507 2.2
    endloop
  endfacet
  facet normal 0 0 -1
    outer loop
      vertex 0.471117 11.9907 2.2
      vertex 0.628143 15.9877 2.2
      vertex 0.941508 11.963 2.2
    endloop
  endfacet
  facet normal 0 0 -1
    outer loop
      vertex 0 12 2.2
      vertex 0.628143 15.9877 2.2
      vertex 0.471117 11.9907 2.2
    endloop
  endfacet
  facet normal 0 0 -1
    outer loop
      vertex 0 12 2.2
      vertex 0 16 2.2
      vertex 0.628143 15.9877 2.2
    endloop
  endfacet
  facet normal 0 0 -1
    outer loop
      vertex -0.471117 11.9907 2.2
      vertex 0 16 2.2
      vertex 0 12 2.2
    endloop
  endfacet
  facet normal 0 0 -1
    outer loop
      vertex -0.471117 11.9907 2.2
      vertex -0.628143 15.9877 2.2
      vertex 0 16 2.2
    endloop
  endfacet
  facet normal 0 0 -1
    outer loop
      vertex -0.941508 11.963 2.2
      vertex -0.628143 15.9877 2.2
      vertex -0.471117 11.9907 2.2
    endloop
  endfacet
  facet normal 0 0 -1
    outer loop
      vertex -0.941508 11.963 2.2
      vertex -1.25534 15.9507 2.2
      vertex -0.628143 15.9877 2.2
    endloop
  endfacet
  facet normal 0 0 -1
    outer loop
      vertex -1.41045 11.9168 2.2
      vertex -1.25534 15.9507 2.2
      vertex -0.941508 11.963 2.2
    endloop
  endfacet
  facet normal 0 0 -1
    outer loop
      vertex -1.88058 15.8891 2.2
      vertex -1.41045 11.9168 2.2
      vertex -1.87721 11.8523 2.2
    endloop
  endfacet
  facet normal 0 0 -1
    outer loop
      vertex -1.41045 11.9168 2.2
      vertex -1.88058 15.8891 2.2
      vertex -1.25534 15.9507 2.2
    endloop
  endfacet
  facet normal 0 0 -1
    outer loop
      vertex -2.50294 15.803 2.2
      vertex -1.87721 11.8523 2.2
      vertex -2.34108 11.7694 2.2
    endloop
  endfacet
  facet normal 0 0 -1
    outer loop
      vertex -1.87721 11.8523 2.2
      vertex -2.50294 15.803 2.2
      vertex -1.88058 15.8891 2.2
    endloop
  endfacet
  facet normal 0 0 -1
    outer loop
      vertex -3.12144 15.6926 2.2
      vertex -2.34108 11.7694 2.2
      vertex -2.80134 11.6684 2.2
    endloop
  endfacet
  facet normal 0 0 -1
    outer loop
      vertex -2.34108 11.7694 2.2
      vertex -3.12144 15.6926 2.2
      vertex -2.50294 15.803 2.2
    endloop
  endfacet
  facet normal 0 0 -1
    outer loop
      vertex -3.73512 15.5579 2.2
      vertex -2.80134 11.6684 2.2
      vertex -3.25729 11.5495 2.2
    endloop
  endfacet
  facet normal 0 0 -1
    outer loop
      vertex -4.34303 15.3993 2.2
      vertex -3.25729 11.5495 2.2
      vertex -3.7082 11.4127 2.2
    endloop
  endfacet
  facet normal 0 0 -1
    outer loop
      vertex -2.80134 11.6684 2.2
      vertex -3.73512 15.5579 2.2
      vertex -3.12144 15.6926 2.2
    endloop
  endfacet
  facet normal 0 0 -1
    outer loop
      vertex -4.94426 15.2169 2.2
      vertex -3.7082 11.4127 2.2
      vertex -4.1534 11.2583 2.2
    endloop
  endfacet
  facet normal 0 0 -1
    outer loop
      vertex -3.25729 11.5495 2.2
      vertex -4.34303 15.3993 2.2
      vertex -3.73512 15.5579 2.2
    endloop
  endfacet
  facet normal 0 0 -1
    outer loop
      vertex -5.53787 15.011 2.2
      vertex -4.1534 11.2583 2.2
      vertex -4.5922 11.0866 2.2
    endloop
  endfacet
  facet normal 0 0 -1
    outer loop
      vertex -3.7082 11.4127 2.2
      vertex -4.94426 15.2169 2.2
      vertex -4.34303 15.3993 2.2
    endloop
  endfacet
  facet normal 0 0 -1
    outer loop
      vertex -6.12292 14.7821 2.2
      vertex -4.5922 11.0866 2.2
      vertex -5.02392 10.8977 2.2
    endloop
  endfacet
  facet normal 0 0 -1
    outer loop
      vertex -6.69855 14.5303 2.2
      vertex -5.02392 10.8977 2.2
      vertex -5.44789 10.6921 2.2
    endloop
  endfacet
  facet normal 0 0 -1
    outer loop
      vertex -4.1534 11.2583 2.2
      vertex -5.53787 15.011 2.2
      vertex -4.94426 15.2169 2.2
    endloop
  endfacet
  facet normal 0 0 -1
    outer loop
      vertex -7.26384 14.2561 2.2
      vertex -5.44789 10.6921 2.2
      vertex -5.86345 10.47 2.2
    endloop
  endfacet
  facet normal 0 0 -1
    outer loop
      vertex -4.5922 11.0866 2.2
      vertex -6.12292 14.7821 2.2
      vertex -5.53787 15.011 2.2
    endloop
  endfacet
  facet normal 0 0 -1
    outer loop
      vertex -7.81793 13.9599 2.2
      vertex -5.86345 10.47 2.2
      vertex -6.26998 10.2317 2.2
    endloop
  endfacet
  facet normal 0 0 -1
    outer loop
      vertex -8.35997 13.6422 2.2
      vertex -6.26998 10.2317 2.2
      vertex -6.66684 9.97763 2.2
    endloop
  endfacet
  facet normal 0 0 -1
    outer loop
      vertex -5.02392 10.8977 2.2
      vertex -6.69855 14.5303 2.2
      vertex -6.12292 14.7821 2.2
    endloop
  endfacet
  facet normal 0 0 -1
    outer loop
      vertex -8.88911 13.3035 2.2
      vertex -6.66684 9.97763 2.2
      vertex -7.05342 9.7082 2.2
    endloop
  endfacet
  facet normal 0 0 -1
    outer loop
      vertex -5.44789 10.6921 2.2
      vertex -7.26384 14.2561 2.2
      vertex -6.69855 14.5303 2.2
    endloop
  endfacet
  facet normal 0 0 -1
    outer loop
      vertex -9.40456 12.9443 2.2
      vertex -7.05342 9.7082 2.2
      vertex -7.42913 9.4238 2.2
    endloop
  endfacet
  facet normal 0 0 -1
    outer loop
      vertex -9.9055 12.5651 2.2
      vertex -7.42913 9.4238 2.2
      vertex -7.79338 9.12487 2.2
    endloop
  endfacet
  facet normal 0 0 -1
    outer loop
      vertex -5.86345 10.47 2.2
      vertex -7.81793 13.9599 2.2
      vertex -7.26384 14.2561 2.2
    endloop
  endfacet
  facet normal 0 0 -1
    outer loop
      vertex -10.3912 12.1665 2.2
      vertex -7.79338 9.12487 2.2
      vertex -8.14561 8.81187 2.2
    endloop
  endfacet
  facet normal 0 0 -1
    outer loop
      vertex -6.26998 10.2317 2.2
      vertex -8.35997 13.6422 2.2
      vertex -7.81793 13.9599 2.2
    endloop
  endfacet
  facet normal 0 0 -1
    outer loop
      vertex -10.8608 11.7491 2.2
      vertex -8.14561 8.81187 2.2
      vertex -8.48528 8.48528 2.2
    endloop
  endfacet
  facet normal 0 0 -1
    outer loop
      vertex -11.3137 11.3137 2.2
      vertex -8.48528 8.48528 2.2
      vertex -8.81187 8.14561 2.2
    endloop
  endfacet
  facet normal 0 0 -1
    outer loop
      vertex -6.66684 9.97763 2.2
      vertex -8.88911 13.3035 2.2
      vertex -8.35997 13.6422 2.2
    endloop
  endfacet
  facet normal 0 0 -1
    outer loop
      vertex -11.7491 10.8608 2.2
      vertex -8.81187 8.14561 2.2
      vertex -9.12487 7.79338 2.2
    endloop
  endfacet
  facet normal 0 0 -1
    outer loop
      vertex -7.05342 9.7082 2.2
      vertex -9.40456 12.9443 2.2
      vertex -8.88911 13.3035 2.2
    endloop
  endfacet
  facet normal 0 0 -1
    outer loop
      vertex -12.1665 10.3912 2.2
      vertex -9.12487 7.79338 2.2
      vertex -9.4238 7.42913 2.2
    endloop
  endfacet
  facet normal 0 0 -1
    outer loop
      vertex -12.5651 9.9055 2.2
      vertex -9.4238 7.42913 2.2
      vertex -9.7082 7.05342 2.2
    endloop
  endfacet
  facet normal 0 0 -1
    outer loop
      vertex -7.42913 9.4238 2.2
      vertex -9.9055 12.5651 2.2
      vertex -9.40456 12.9443 2.2
    endloop
  endfacet
  facet normal 0 0 -1
    outer loop
      vertex -12.9443 9.40456 2.2
      vertex -9.7082 7.05342 2.2
      vertex -9.97763 6.66684 2.2
    endloop
  endfacet
  facet normal 0 0 -1
    outer loop
      vertex -13.3035 8.88911 2.2
      vertex -9.97763 6.66684 2.2
      vertex -10.2317 6.26998 2.2
    endloop
  endfacet
  facet normal 0 0 -1
    outer loop
      vertex -7.79338 9.12487 2.2
      vertex -10.3912 12.1665 2.2
      vertex -9.9055 12.5651 2.2
    endloop
  endfacet
  facet normal 0 0 -1
    outer loop
      vertex -13.6422 8.35997 2.2
      vertex -10.2317 6.26998 2.2
      vertex -10.47 5.86345 2.2
    endloop
  endfacet
  facet normal 0 0 -1
    outer loop
      vertex -13.9599 7.81793 2.2
      vertex -10.47 5.86345 2.2
      vertex -10.6921 5.44789 2.2
    endloop
  endfacet
  facet normal 0 0 -1
    outer loop
      vertex -8.14561 8.81187 2.2
      vertex -10.8608 11.7491 2.2
      vertex -10.3912 12.1665 2.2
    endloop
  endfacet
  facet normal 0 0 -1
    outer loop
      vertex -14.2561 7.26384 2.2
      vertex -10.6921 5.44789 2.2
      vertex -10.8977 5.02392 2.2
    endloop
  endfacet
  facet normal 0 0 -1
    outer loop
      vertex -14.5303 6.69855 2.2
      vertex -10.8977 5.02392 2.2
      vertex -11.0866 4.5922 2.2
    endloop
  endfacet
  facet normal 0 0 -1
    outer loop
      vertex -14.7821 6.12292 2.2
      vertex -11.0866 4.5922 2.2
      vertex -11.2583 4.1534 2.2
    endloop
  endfacet
  facet normal 0 0 -1
    outer loop
      vertex -8.48528 8.48528 2.2
      vertex -11.3137 11.3137 2.2
      vertex -10.8608 11.7491 2.2
    endloop
  endfacet
  facet normal 0 0 -1
    outer loop
      vertex -15.011 5.53787 2.2
      vertex -11.2583 4.1534 2.2
      vertex -11.4127 3.7082 2.2
    endloop
  endfacet
  facet normal 0 0 -1
    outer loop
      vertex -15.2169 4.94426 2.2
      vertex -11.4127 3.7082 2.2
      vertex -11.5495 3.25729 2.2
    endloop
  endfacet
  facet normal 0 0 -1
    outer loop
      vertex -15.3993 4.34303 2.2
      vertex -11.5495 3.25729 2.2
      vertex -11.6684 2.80134 2.2
    endloop
  endfacet
  facet normal 0 0 -1
    outer loop
      vertex -8.81187 8.14561 2.2
      vertex -11.7491 10.8608 2.2
      vertex -11.3137 11.3137 2.2
    endloop
  endfacet
  facet normal 0 0 -1
    outer loop
      vertex -15.5579 3.73512 2.2
      vertex -11.6684 2.80134 2.2
      vertex -11.7694 2.34108 2.2
    endloop
  endfacet
  facet normal 0 0 -1
    outer loop
      vertex -15.6926 3.12144 2.2
      vertex -11.7694 2.34108 2.2
      vertex -11.8523 1.87721 2.2
    endloop
  endfacet
  facet normal 0 0 -1
    outer loop
      vertex -15.803 2.50294 2.2
      vertex -11.8523 1.87721 2.2
      vertex -11.9168 1.41045 2.2
    endloop
  endfacet
  facet normal 0 0 -1
    outer loop
      vertex -15.8891 1.88058 2.2
      vertex -11.9168 1.41045 2.2
      vertex -11.963 0.941508 2.2
    endloop
  endfacet
  facet normal 0 0 -1
    outer loop
      vertex -15.9507 1.25534 2.2
      vertex -11.963 0.941508 2.2
      vertex -11.9907 0.471117 2.2
    endloop
  endfacet
  facet normal 0 0 -1
    outer loop
      vertex -9.12487 7.79338 2.2
      vertex -12.1665 10.3912 2.2
      vertex -11.7491 10.8608 2.2
    endloop
  endfacet
  facet normal 0 0 -1
    outer loop
      vertex -15.9902 0.499069 2.2
      vertex -11.9907 0.471117 2.2
      vertex -12 0 2.2
    endloop
  endfacet
  facet normal -0 0 -1
    outer loop
      vertex -11.2583 -4.1534 2.2
      vertex -15.011 -5.53787 2.2
      vertex -11.4127 -3.7082 2.2
    endloop
  endfacet
  facet normal 0 0 -1
    outer loop
      vertex -15.2169 -4.94426 2.2
      vertex -11.4127 -3.7082 2.2
      vertex -15.011 -5.53787 2.2
    endloop
  endfacet
  facet normal 0 0 -1
    outer loop
      vertex -9.4238 7.42913 2.2
      vertex -12.5651 9.9055 2.2
      vertex -12.1665 10.3912 2.2
    endloop
  endfacet
  facet normal -0 0 -1
    outer loop
      vertex -11.4127 -3.7082 2.2
      vertex -15.2169 -4.94426 2.2
      vertex -11.5495 -3.25729 2.2
    endloop
  endfacet
  facet normal 0 0 -1
    outer loop
      vertex -9.7082 7.05342 2.2
      vertex -12.9443 9.40456 2.2
      vertex -12.5651 9.9055 2.2
    endloop
  endfacet
  facet normal 0 0 -1
    outer loop
      vertex -15.3993 -4.34303 2.2
      vertex -11.5495 -3.25729 2.2
      vertex -15.2169 -4.94426 2.2
    endloop
  endfacet
  facet normal 0 0 -1
    outer loop
      vertex -9.97763 6.66684 2.2
      vertex -13.3035 8.88911 2.2
      vertex -12.9443 9.40456 2.2
    endloop
  endfacet
  facet normal -0 0 -1
    outer loop
      vertex -11.5495 -3.25729 2.2
      vertex -15.3993 -4.34303 2.2
      vertex -11.6684 -2.80134 2.2
    endloop
  endfacet
  facet normal 0 0 -1
    outer loop
      vertex -10.2317 6.26998 2.2
      vertex -13.6422 8.35997 2.2
      vertex -13.3035 8.88911 2.2
    endloop
  endfacet
  facet normal 0 0 -1
    outer loop
      vertex -15.5579 -3.73512 2.2
      vertex -11.6684 -2.80134 2.2
      vertex -15.3993 -4.34303 2.2
    endloop
  endfacet
  facet normal 0 0 -1
    outer loop
      vertex -10.47 5.86345 2.2
      vertex -13.9599 7.81793 2.2
      vertex -13.6422 8.35997 2.2
    endloop
  endfacet
  facet normal 0 0 -1
    outer loop
      vertex -15.6603 -3.26834 2.2
      vertex -11.6684 -2.80134 2.2
      vertex -15.5579 -3.73512 2.2
    endloop
  endfacet
  facet normal 0 0 -1
    outer loop
      vertex -10.6921 5.44789 2.2
      vertex -14.2561 7.26384 2.2
      vertex -13.9599 7.81793 2.2
    endloop
  endfacet
  facet normal -0 0 -1
    outer loop
      vertex -11.6684 -2.80134 2.2
      vertex -15.6603 -3.26834 2.2
      vertex -11.7694 -2.34108 2.2
    endloop
  endfacet
  facet normal 0 0 -1
    outer loop
      vertex -10.8977 5.02392 2.2
      vertex -14.5303 6.69855 2.2
      vertex -14.2561 7.26384 2.2
    endloop
  endfacet
  facet normal -0 0 -1
    outer loop
      vertex -11.7694 -2.34108 2.2
      vertex -15.6603 -3.26834 2.2
      vertex -11.8523 -1.87721 2.2
    endloop
  endfacet
  facet normal 0 0 -1
    outer loop
      vertex -11.0866 4.5922 2.2
      vertex -14.7821 6.12292 2.2
      vertex -14.5303 6.69855 2.2
    endloop
  endfacet
  facet normal -0 0 -1
    outer loop
      vertex -11.8523 -1.87721 2.2
      vertex -15.6603 -3.26834 2.2
      vertex -11.9168 -1.41045 2.2
    endloop
  endfacet
  facet normal 0 0 -1
    outer loop
      vertex -11.2583 4.1534 2.2
      vertex -15.011 5.53787 2.2
      vertex -14.7821 6.12292 2.2
    endloop
  endfacet
  facet normal -0 0 -1
    outer loop
      vertex -11.9168 -1.41045 2.2
      vertex -15.6603 -3.26834 2.2
      vertex -11.963 -0.941508 2.2
    endloop
  endfacet
  facet normal 0 0 -1
    outer loop
      vertex -11.4127 3.7082 2.2
      vertex -15.2169 4.94426 2.2
      vertex -15.011 5.53787 2.2
    endloop
  endfacet
  facet normal 0 0 -1
    outer loop
      vertex -15.9902 0.499069 2.2
      vertex -11.963 -0.941508 2.2
      vertex -15.6603 -3.26834 2.2
    endloop
  endfacet
  facet normal 0 0 -1
    outer loop
      vertex -11.5495 3.25729 2.2
      vertex -15.3993 4.34303 2.2
      vertex -15.2169 4.94426 2.2
    endloop
  endfacet
  facet normal 0 0 -1
    outer loop
      vertex -11.963 -0.941508 2.2
      vertex -15.9902 0.499069 2.2
      vertex -11.9907 -0.471117 2.2
    endloop
  endfacet
  facet normal 0 0 -1
    outer loop
      vertex -11.6684 2.80134 2.2
      vertex -15.5579 3.73512 2.2
      vertex -15.3993 4.34303 2.2
    endloop
  endfacet
  facet normal 0 0 -1
    outer loop
      vertex -11.9907 -0.471117 2.2
      vertex -15.9902 0.499069 2.2
      vertex -12 0 2.2
    endloop
  endfacet
  facet normal 0 0 -1
    outer loop
      vertex -11.7694 2.34108 2.2
      vertex -15.6926 3.12144 2.2
      vertex -15.5579 3.73512 2.2
    endloop
  endfacet
  facet normal 0 0 -1
    outer loop
      vertex -11.8523 1.87721 2.2
      vertex -15.803 2.50294 2.2
      vertex -15.6926 3.12144 2.2
    endloop
  endfacet
  facet normal 0 0 -1
    outer loop
      vertex -11.9168 1.41045 2.2
      vertex -15.8891 1.88058 2.2
      vertex -15.803 2.50294 2.2
    endloop
  endfacet
  facet normal 0 0 -1
    outer loop
      vertex -11.963 0.941508 2.2
      vertex -15.9507 1.25534 2.2
      vertex -15.8891 1.88058 2.2
    endloop
  endfacet
  facet normal 0 0 -1
    outer loop
      vertex -11.9907 0.471117 2.2
      vertex -15.9902 0.499069 2.2
      vertex -15.9877 0.628143 2.2
    endloop
  endfacet
  facet normal 0 0 -1
    outer loop
      vertex -11.9907 0.471117 2.2
      vertex -15.9877 0.628143 2.2
      vertex -15.9507 1.25534 2.2
    endloop
  endfacet
  facet normal 0 0 -1
    outer loop
      vertex -15.6603 -3.26834 2.2
      vertex -23.9585 -1.39697 2.2
      vertex -15.9902 0.499069 2.2
    endloop
  endfacet
  facet normal 0 0 -1
    outer loop
      vertex -25.2 0 2.2
      vertex -24 0 2.2
      vertex -23.9963 -0.418854 2.2
    endloop
  endfacet
  facet normal 0 0 -1
    outer loop
      vertex -24 0 2.2
      vertex -24.2238 6.94604 2.2
      vertex -24.0989 7.36775 2.2
    endloop
  endfacet
  facet normal 0 0 -1
    outer loop
      vertex -25.1961 -0.439789 2.2
      vertex -23.9963 -0.418854 2.2
      vertex -23.9854 -0.837585 2.2
    endloop
  endfacet
  facet normal 0 0 -1
    outer loop
      vertex -24 0 2.2
      vertex -24.3413 6.52223 2.2
      vertex -24.2238 6.94604 2.2
    endloop
  endfacet
  facet normal 0 0 -1
    outer loop
      vertex -25.1846 -0.879471 2.2
      vertex -23.9854 -0.837585 2.2
      vertex -23.9671 -1.25606 2.2
    endloop
  endfacet
  facet normal 0 0 -1
    outer loop
      vertex -24 0 2.2
      vertex -24.4514 6.09642 2.2
      vertex -24.3413 6.52223 2.2
    endloop
  endfacet
  facet normal 0 0 -1
    outer loop
      vertex -25.1654 -1.31886 2.2
      vertex -23.9671 -1.25606 2.2
      vertex -23.9585 -1.39697 2.2
    endloop
  endfacet
  facet normal 0 0 -1
    outer loop
      vertex -24.5456 -2.74274 2.2
      vertex -23.9585 -1.39697 2.2
      vertex -15.6603 -3.26834 2.2
    endloop
  endfacet
  facet normal 0 0 -1
    outer loop
      vertex -25.104 -2.1963 2.2
      vertex -23.9585 -1.39697 2.2
      vertex -24.5456 -2.74274 2.2
    endloop
  endfacet
  facet normal 0 0 -1
    outer loop
      vertex -24 0 2.2
      vertex -24.5541 5.66876 2.2
      vertex -24.4514 6.09642 2.2
    endloop
  endfacet
  facet normal 0 0 -1
    outer loop
      vertex -25.104 -2.1963 2.2
      vertex -24.5456 -2.74274 2.2
      vertex -24.5691 -2.74074 2.2
    endloop
  endfacet
  facet normal 0 0 -1
    outer loop
      vertex -25.104 -2.1963 2.2
      vertex -24.5691 -2.74074 2.2
      vertex -24.5925 -2.73781 2.2
    endloop
  endfacet
  facet normal 0 0 -1
    outer loop
      vertex -25.104 -2.1963 2.2
      vertex -24.5925 -2.73781 2.2
      vertex -24.6157 -2.73398 2.2
    endloop
  endfacet
  facet normal 0 0 -1
    outer loop
      vertex -25.104 -2.1963 2.2
      vertex -24.6157 -2.73398 2.2
      vertex -24.6388 -2.72923 2.2
    endloop
  endfacet
  facet normal 0 0 -1
    outer loop
      vertex -24 0 2.2
      vertex -24.6493 5.23936 2.2
      vertex -24.5541 5.66876 2.2
    endloop
  endfacet
  facet normal 0 0 -1
    outer loop
      vertex -25.104 -2.1963 2.2
      vertex -24.6388 -2.72923 2.2
      vertex -24.6617 -2.72357 2.2
    endloop
  endfacet
  facet normal 0 0 -1
    outer loop
      vertex -25.104 -2.1963 2.2
      vertex -24.6617 -2.72357 2.2
      vertex -24.6843 -2.71704 2.2
    endloop
  endfacet
  facet normal 0 0 -1
    outer loop
      vertex -25.104 -2.1963 2.2
      vertex -24.6843 -2.71704 2.2
      vertex -24.7066 -2.70961 2.2
    endloop
  endfacet
  facet normal 0 0 -1
    outer loop
      vertex -25.104 -2.1963 2.2
      vertex -24.7066 -2.70961 2.2
      vertex -24.7287 -2.70131 2.2
    endloop
  endfacet
  facet normal 0 0 -1
    outer loop
      vertex -24 0 2.2
      vertex -24.737 4.80838 2.2
      vertex -24.6493 5.23936 2.2
    endloop
  endfacet
  facet normal 0 0 -1
    outer loop
      vertex -25.104 -2.1963 2.2
      vertex -24.7287 -2.70131 2.2
      vertex -24.7504 -2.69215 2.2
    endloop
  endfacet
  facet normal 0 0 -1
    outer loop
      vertex -25.104 -2.1963 2.2
      vertex -24.7504 -2.69215 2.2
      vertex -24.7718 -2.68214 2.2
    endloop
  endfacet
  facet normal 0 0 -1
    outer loop
      vertex -25.104 -2.1963 2.2
      vertex -24.7718 -2.68214 2.2
      vertex -24.7927 -2.67131 2.2
    endloop
  endfacet
  facet normal 0 0 -1
    outer loop
      vertex -25.104 -2.1963 2.2
      vertex -24.7927 -2.67131 2.2
      vertex -24.8131 -2.65967 2.2
    endloop
  endfacet
  facet normal 0 0 -1
    outer loop
      vertex -24 0 2.2
      vertex -24.8171 4.37593 2.2
      vertex -24.737 4.80838 2.2
    endloop
  endfacet
  facet normal 0 0 -1
    outer loop
      vertex -25.104 -2.1963 2.2
      vertex -24.8131 -2.65967 2.2
      vertex -24.8332 -2.64723 2.2
    endloop
  endfacet
  facet normal 0 0 -1
    outer loop
      vertex -25.104 -2.1963 2.2
      vertex -24.8332 -2.64723 2.2
      vertex -24.8527 -2.63402 2.2
    endloop
  endfacet
  facet normal 0 0 -1
    outer loop
      vertex -25.104 -2.1963 2.2
      vertex -24.8527 -2.63402 2.2
      vertex -24.8716 -2.62004 2.2
    endloop
  endfacet
  facet normal 0 0 -1
    outer loop
      vertex -24 0 2.2
      vertex -24.8897 3.94214 2.2
      vertex -24.8171 4.37593 2.2
    endloop
  endfacet
  facet normal 0 0 -1
    outer loop
      vertex -25.104 -2.1963 2.2
      vertex -24.8716 -2.62004 2.2
      vertex -24.89 -2.60533 2.2
    endloop
  endfacet
  facet normal 0 0 -1
    outer loop
      vertex -25.104 -2.1963 2.2
      vertex -24.89 -2.60533 2.2
      vertex -24.9079 -2.5899 2.2
    endloop
  endfacet
  facet normal 0 0 -1
    outer loop
      vertex -25.104 -2.1963 2.2
      vertex -24.9079 -2.5899 2.2
      vertex -24.925 -2.57381 2.2
    endloop
  endfacet
  facet normal 0 0 -1
    outer loop
      vertex -25.104 -2.1963 2.2
      vertex -24.925 -2.57381 2.2
      vertex -24.9416 -2.55704 2.2
    endloop
  endfacet
  facet normal 0 0 -1
    outer loop
      vertex -24 0 2.2
      vertex -24.9547 3.50716 2.2
      vertex -24.8897 3.94214 2.2
    endloop
  endfacet
  facet normal 0 0 -1
    outer loop
      vertex -25.104 -2.1963 2.2
      vertex -24.9416 -2.55704 2.2
      vertex -24.9575 -2.53964 2.2
    endloop
  endfacet
  facet normal 0 0 -1
    outer loop
      vertex -25.104 -2.1963 2.2
      vertex -24.9575 -2.53964 2.2
      vertex -24.9727 -2.52162 2.2
    endloop
  endfacet
  facet normal 0 0 -1
    outer loop
      vertex -25.104 -2.1963 2.2
      vertex -24.9727 -2.52162 2.2
      vertex -24.9871 -2.50302 2.2
    endloop
  endfacet
  facet normal 0 0 -1
    outer loop
      vertex -25.104 -2.1963 2.2
      vertex -24.9871 -2.50302 2.2
      vertex -25.0008 -2.48387 2.2
    endloop
  endfacet
  facet normal 0 0 -1
    outer loop
      vertex -24 0 2.2
      vertex -25.0121 3.07109 2.2
      vertex -24.9547 3.50716 2.2
    endloop
  endfacet
  facet normal 0 0 -1
    outer loop
      vertex -25.104 -2.1963 2.2
      vertex -25.0008 -2.48387 2.2
      vertex -25.0138 -2.46419 2.2
    endloop
  endfacet
  facet normal 0 0 -1
    outer loop
      vertex -25.104 -2.1963 2.2
      vertex -25.0138 -2.46419 2.2
      vertex -25.026 -2.44402 2.2
    endloop
  endfacet
  facet normal 0 0 -1
    outer loop
      vertex -25.104 -2.1963 2.2
      vertex -25.026 -2.44402 2.2
      vertex -25.0374 -2.4234 2.2
    endloop
  endfacet
  facet normal 0 0 -1
    outer loop
      vertex -25.104 -2.1963 2.2
      vertex -25.0374 -2.4234 2.2
      vertex -25.0479 -2.40233 2.2
    endloop
  endfacet
  facet normal 0 0 -1
    outer loop
      vertex -25.104 -2.1963 2.2
      vertex -25.0479 -2.40233 2.2
      vertex -25.0576 -2.38087 2.2
    endloop
  endfacet
  facet normal 0 0 -1
    outer loop
      vertex -24 0 2.2
      vertex -25.0619 2.63411 2.2
      vertex -25.0121 3.07109 2.2
    endloop
  endfacet
  facet normal 0 0 -1
    outer loop
      vertex -25.104 -2.1963 2.2
      vertex -25.0576 -2.38087 2.2
      vertex -25.0665 -2.35904 2.2
    endloop
  endfacet
  facet normal 0 0 -1
    outer loop
      vertex -25.104 -2.1963 2.2
      vertex -25.0665 -2.35904 2.2
      vertex -25.0745 -2.33688 2.2
    endloop
  endfacet
  facet normal 0 0 -1
    outer loop
      vertex -25.104 -2.1963 2.2
      vertex -25.0745 -2.33688 2.2
      vertex -25.0817 -2.31444 2.2
    endloop
  endfacet
  facet normal 0 0 -1
    outer loop
      vertex -25.104 -2.1963 2.2
      vertex -25.0817 -2.31444 2.2
      vertex -25.0879 -2.29172 2.2
    endloop
  endfacet
  facet normal 0 0 -1
    outer loop
      vertex -25.104 -2.1963 2.2
      vertex -25.0879 -2.29172 2.2
      vertex -25.0933 -2.26877 2.2
    endloop
  endfacet
  facet normal 0 0 -1
    outer loop
      vertex -25.104 -2.1963 2.2
      vertex -25.0933 -2.26877 2.2
      vertex -25.0977 -2.24564 2.2
    endloop
  endfacet
  facet normal 0 0 -1
    outer loop
      vertex -25.104 -2.1963 2.2
      vertex -25.0977 -2.24564 2.2
      vertex -25.1012 -2.22235 2.2
    endloop
  endfacet
  facet normal 0 0 -1
    outer loop
      vertex -25.104 -2.1963 2.2
      vertex -25.1012 -2.22235 2.2
      vertex -25.1039 -2.19893 2.2
    endloop
  endfacet
  facet normal 0 0 -1
    outer loop
      vertex -23.9585 -1.39697 2.2
      vertex -25.104 -2.1963 2.2
      vertex -25.1386 -1.75784 2.2
    endloop
  endfacet
  facet normal 0 0 -1
    outer loop
      vertex -25.1386 -1.75784 2.2
      vertex -25.104 -2.1963 2.2
      vertex -25.1041 -2.19632 2.2
    endloop
  endfacet
  facet normal 0 0 -1
    outer loop
      vertex -24 0 2.2
      vertex -25.1041 2.19632 2.2
      vertex -25.0619 2.63411 2.2
    endloop
  endfacet
  facet normal -0 0 -1
    outer loop
      vertex -23.9585 -1.39697 2.2
      vertex -25.1386 -1.75784 2.2
      vertex -25.1654 -1.31886 2.2
    endloop
  endfacet
  facet normal 0 0 -1
    outer loop
      vertex -24 0 2.2
      vertex -25.1386 1.75786 2.2
      vertex -25.1041 2.19632 2.2
    endloop
  endfacet
  facet normal -0 0 -1
    outer loop
      vertex -23.9671 -1.25606 2.2
      vertex -25.1654 -1.31886 2.2
      vertex -25.1846 -0.879471 2.2
    endloop
  endfacet
  facet normal 0 0 -1
    outer loop
      vertex -24 0 2.2
      vertex -25.1655 1.31886 2.2
      vertex -25.1386 1.75786 2.2
    endloop
  endfacet
  facet normal -0 0 -1
    outer loop
      vertex -23.9854 -0.837585 2.2
      vertex -25.1846 -0.879471 2.2
      vertex -25.1961 -0.439789 2.2
    endloop
  endfacet
  facet normal 0 0 -1
    outer loop
      vertex -24 0 2.2
      vertex -25.1846 0.879456 2.2
      vertex -25.1655 1.31886 2.2
    endloop
  endfacet
  facet normal -0 0 -1
    outer loop
      vertex -23.9963 -0.418854 2.2
      vertex -25.1961 -0.439789 2.2
      vertex -25.2 0 2.2
    endloop
  endfacet
  facet normal 0 0 -1
    outer loop
      vertex -24 0 2.2
      vertex -25.1961 0.439804 2.2
      vertex -25.1846 0.879456 2.2
    endloop
  endfacet
  facet normal 0 0 -1
    outer loop
      vertex -24 0 2.2
      vertex -25.2 0 2.2
      vertex -25.1961 0.439804 2.2
    endloop
  endfacet
  facet normal -0 0 -1
    outer loop
      vertex -13.4206 -19.8969 2.2
      vertex -14.0916 -20.8917 2.2
      vertex -13.7658 -19.6596 2.2
    endloop
  endfacet
  facet normal 0 0 -1
    outer loop
      vertex -13.7658 -19.6596 2.2
      vertex -14.0916 -20.8917 2.2
      vertex -14.4541 -20.6426 2.2
    endloop
  endfacet
  facet normal 0 0 -1
    outer loop
      vertex -12 20.7846 2.2
      vertex -12.6 21.8238 2.2
      vertex -12.3703 21.9538 2.2
    endloop
  endfacet
  facet normal 0 0 -1
    outer loop
      vertex -12.9789 21.6006 2.2
      vertex -12.3609 20.572 2.2
      vertex -12.718 20.3531 2.2
    endloop
  endfacet
  facet normal 0 0 -1
    outer loop
      vertex -12.3609 20.572 2.2
      vertex -12.9789 21.6006 2.2
      vertex -12.6 21.8238 2.2
    endloop
  endfacet
  facet normal 0 0 -1
    outer loop
      vertex -13.3539 21.3708 2.2
      vertex -12.718 20.3531 2.2
      vertex -13.0713 20.1281 2.2
    endloop
  endfacet
  facet normal 0 0 -1
    outer loop
      vertex -12.718 20.3531 2.2
      vertex -13.3539 21.3708 2.2
      vertex -12.9789 21.6006 2.2
    endloop
  endfacet
  facet normal 0 0 -1
    outer loop
      vertex -13.7249 21.1345 2.2
      vertex -13.0713 20.1281 2.2
      vertex -13.4206 19.8969 2.2
    endloop
  endfacet
  facet normal 0 0 -1
    outer loop
      vertex -13.0713 20.1281 2.2
      vertex -13.7249 21.1345 2.2
      vertex -13.3539 21.3708 2.2
    endloop
  endfacet
  facet normal 0 0 -1
    outer loop
      vertex -14.0916 20.8917 2.2
      vertex -13.4206 19.8969 2.2
      vertex -13.7658 19.6596 2.2
    endloop
  endfacet
  facet normal 0 0 -1
    outer loop
      vertex -13.4206 19.8969 2.2
      vertex -14.0916 20.8917 2.2
      vertex -13.7249 21.1345 2.2
    endloop
  endfacet
  facet normal 0 0 -1
    outer loop
      vertex -14.4541 20.6426 2.2
      vertex -13.7658 19.6596 2.2
      vertex -14.1068 19.4164 2.2
    endloop
  endfacet
  facet normal 0 0 -1
    outer loop
      vertex -14.8122 20.3872 2.2
      vertex -14.1068 19.4164 2.2
      vertex -14.4435 19.1673 2.2
    endloop
  endfacet
  facet normal 0 0 -1
    outer loop
      vertex -13.7658 19.6596 2.2
      vertex -14.4541 20.6426 2.2
      vertex -14.0916 20.8917 2.2
    endloop
  endfacet
  facet normal 0 0 -1
    outer loop
      vertex -15.1657 20.1256 2.2
      vertex -14.4435 19.1673 2.2
      vertex -14.7758 18.9122 2.2
    endloop
  endfacet
  facet normal 0 0 -1
    outer loop
      vertex -14.1068 19.4164 2.2
      vertex -14.8122 20.3872 2.2
      vertex -14.4541 20.6426 2.2
    endloop
  endfacet
  facet normal 0 0 -1
    outer loop
      vertex -15.5146 19.8578 2.2
      vertex -14.7758 18.9122 2.2
      vertex -15.1037 18.6515 2.2
    endloop
  endfacet
  facet normal 0 0 -1
    outer loop
      vertex -14.4435 19.1673 2.2
      vertex -15.1657 20.1256 2.2
      vertex -14.8122 20.3872 2.2
    endloop
  endfacet
  facet normal 0 0 -1
    outer loop
      vertex -15.8589 19.5841 2.2
      vertex -15.1037 18.6515 2.2
      vertex -15.4269 18.3851 2.2
    endloop
  endfacet
  facet normal 0 0 -1
    outer loop
      vertex -14.7758 18.9122 2.2
      vertex -15.5146 19.8578 2.2
      vertex -15.1657 20.1256 2.2
    endloop
  endfacet
  facet normal 0 0 -1
    outer loop
      vertex -16.1982 19.3043 2.2
      vertex -15.4269 18.3851 2.2
      vertex -15.7454 18.113 2.2
    endloop
  endfacet
  facet normal 0 0 -1
    outer loop
      vertex -15.1037 18.6515 2.2
      vertex -15.8589 19.5841 2.2
      vertex -15.5146 19.8578 2.2
    endloop
  endfacet
  facet normal 0 0 -1
    outer loop
      vertex -16.5327 19.0187 2.2
      vertex -15.7454 18.113 2.2
      vertex -16.0591 17.8355 2.2
    endloop
  endfacet
  facet normal 0 0 -1
    outer loop
      vertex -15.4269 18.3851 2.2
      vertex -16.1982 19.3043 2.2
      vertex -15.8589 19.5841 2.2
    endloop
  endfacet
  facet normal 0 0 -1
    outer loop
      vertex -16.8621 18.7272 2.2
      vertex -16.0591 17.8355 2.2
      vertex -16.368 17.5525 2.2
    endloop
  endfacet
  facet normal 0 0 -1
    outer loop
      vertex -15.7454 18.113 2.2
      vertex -16.5327 19.0187 2.2
      vertex -16.1982 19.3043 2.2
    endloop
  endfacet
  facet normal 0 0 -1
    outer loop
      vertex -17.1863 18.4301 2.2
      vertex -16.368 17.5525 2.2
      vertex -16.6718 17.2641 2.2
    endloop
  endfacet
  facet normal 0 0 -1
    outer loop
      vertex -16.0591 17.8355 2.2
      vertex -16.8621 18.7272 2.2
      vertex -16.5327 19.0187 2.2
    endloop
  endfacet
  facet normal 0 0 -1
    outer loop
      vertex -17.5054 18.1273 2.2
      vertex -16.6718 17.2641 2.2
      vertex -16.9706 16.9706 2.2
    endloop
  endfacet
  facet normal 0 0 -1
    outer loop
      vertex -16.368 17.5525 2.2
      vertex -17.1863 18.4301 2.2
      vertex -16.8621 18.7272 2.2
    endloop
  endfacet
  facet normal 0 0 -1
    outer loop
      vertex -17.8191 17.8191 2.2
      vertex -16.9706 16.9706 2.2
      vertex -17.2641 16.6718 2.2
    endloop
  endfacet
  facet normal 0 0 -1
    outer loop
      vertex -16.6718 17.2641 2.2
      vertex -17.5054 18.1273 2.2
      vertex -17.1863 18.4301 2.2
    endloop
  endfacet
  facet normal 0 0 -1
    outer loop
      vertex -18.1273 17.5054 2.2
      vertex -17.2641 16.6718 2.2
      vertex -17.5525 16.368 2.2
    endloop
  endfacet
  facet normal 0 0 -1
    outer loop
      vertex -16.9706 16.9706 2.2
      vertex -17.8191 17.8191 2.2
      vertex -17.5054 18.1273 2.2
    endloop
  endfacet
  facet normal 0 0 -1
    outer loop
      vertex -18.4301 17.1864 2.2
      vertex -17.5525 16.368 2.2
      vertex -17.8354 16.0591 2.2
    endloop
  endfacet
  facet normal 0 0 -1
    outer loop
      vertex -18.7272 16.8621 2.2
      vertex -17.8354 16.0591 2.2
      vertex -18.113 15.7454 2.2
    endloop
  endfacet
  facet normal 0 0 -1
    outer loop
      vertex -17.2641 16.6718 2.2
      vertex -18.1273 17.5054 2.2
      vertex -17.8191 17.8191 2.2
    endloop
  endfacet
  facet normal 0 0 -1
    outer loop
      vertex -19.0187 16.5327 2.2
      vertex -18.113 15.7454 2.2
      vertex -18.3851 15.4269 2.2
    endloop
  endfacet
  facet normal 0 0 -1
    outer loop
      vertex -17.5525 16.368 2.2
      vertex -18.4301 17.1864 2.2
      vertex -18.1273 17.5054 2.2
    endloop
  endfacet
  facet normal 0 0 -1
    outer loop
      vertex -19.3043 16.1982 2.2
      vertex -18.3851 15.4269 2.2
      vertex -18.6515 15.1037 2.2
    endloop
  endfacet
  facet normal 0 0 -1
    outer loop
      vertex -17.8354 16.0591 2.2
      vertex -18.7272 16.8621 2.2
      vertex -18.4301 17.1864 2.2
    endloop
  endfacet
  facet normal 0 0 -1
    outer loop
      vertex -19.5841 15.8589 2.2
      vertex -18.6515 15.1037 2.2
      vertex -18.9122 14.7759 2.2
    endloop
  endfacet
  facet normal 0 0 -1
    outer loop
      vertex -18.113 15.7454 2.2
      vertex -19.0187 16.5327 2.2
      vertex -18.7272 16.8621 2.2
    endloop
  endfacet
  facet normal 0 0 -1
    outer loop
      vertex -19.8578 15.5146 2.2
      vertex -18.9122 14.7759 2.2
      vertex -19.1672 14.4435 2.2
    endloop
  endfacet
  facet normal 0 0 -1
    outer loop
      vertex -18.3851 15.4269 2.2
      vertex -19.3043 16.1982 2.2
      vertex -19.0187 16.5327 2.2
    endloop
  endfacet
  facet normal 0 0 -1
    outer loop
      vertex -20.1256 15.1657 2.2
      vertex -19.1672 14.4435 2.2
      vertex -19.4164 14.1068 2.2
    endloop
  endfacet
  facet normal 0 0 -1
    outer loop
      vertex -18.6515 15.1037 2.2
      vertex -19.5841 15.8589 2.2
      vertex -19.3043 16.1982 2.2
    endloop
  endfacet
  facet normal 0 0 -1
    outer loop
      vertex -20.3872 14.8122 2.2
      vertex -19.4164 14.1068 2.2
      vertex -19.6596 13.7658 2.2
    endloop
  endfacet
  facet normal 0 0 -1
    outer loop
      vertex -18.9122 14.7759 2.2
      vertex -19.8578 15.5146 2.2
      vertex -19.5841 15.8589 2.2
    endloop
  endfacet
  facet normal 0 0 -1
    outer loop
      vertex -20.6426 14.4541 2.2
      vertex -19.6596 13.7658 2.2
      vertex -19.8969 13.4206 2.2
    endloop
  endfacet
  facet normal 0 0 -1
    outer loop
      vertex -19.1672 14.4435 2.2
      vertex -20.1256 15.1657 2.2
      vertex -19.8578 15.5146 2.2
    endloop
  endfacet
  facet normal 0 0 -1
    outer loop
      vertex -20.8917 14.0916 2.2
      vertex -19.8969 13.4206 2.2
      vertex -20.1281 13.0713 2.2
    endloop
  endfacet
  facet normal 0 0 -1
    outer loop
      vertex -21.1345 13.7249 2.2
      vertex -20.1281 13.0713 2.2
      vertex -20.3531 12.718 2.2
    endloop
  endfacet
  facet normal 0 0 -1
    outer loop
      vertex -19.4164 14.1068 2.2
      vertex -20.3872 14.8122 2.2
      vertex -20.1256 15.1657 2.2
    endloop
  endfacet
  facet normal 0 0 -1
    outer loop
      vertex -21.3708 13.354 2.2
      vertex -20.3531 12.718 2.2
      vertex -20.572 12.3609 2.2
    endloop
  endfacet
  facet normal 0 0 -1
    outer loop
      vertex -19.6596 13.7658 2.2
      vertex -20.6426 14.4541 2.2
      vertex -20.3872 14.8122 2.2
    endloop
  endfacet
  facet normal 0 0 -1
    outer loop
      vertex -21.6006 12.9789 2.2
      vertex -20.572 12.3609 2.2
      vertex -20.7846 12 2.2
    endloop
  endfacet
  facet normal 0 0 -1
    outer loop
      vertex -19.8969 13.4206 2.2
      vertex -20.8917 14.0916 2.2
      vertex -20.6426 14.4541 2.2
    endloop
  endfacet
  facet normal 0 0 -1
    outer loop
      vertex -21.8238 12.6 2.2
      vertex -20.7846 12 2.2
      vertex -20.9908 11.6354 2.2
    endloop
  endfacet
  facet normal 0 0 -1
    outer loop
      vertex -20.1281 13.0713 2.2
      vertex -21.1345 13.7249 2.2
      vertex -20.8917 14.0916 2.2
    endloop
  endfacet
  facet normal 0 0 -1
    outer loop
      vertex -22.0404 12.2172 2.2
      vertex -20.9908 11.6354 2.2
      vertex -21.1907 11.2673 2.2
    endloop
  endfacet
  facet normal 0 0 -1
    outer loop
      vertex -20.3531 12.718 2.2
      vertex -21.3708 13.354 2.2
      vertex -21.1345 13.7249 2.2
    endloop
  endfacet
  facet normal 0 0 -1
    outer loop
      vertex -22.2503 11.8307 2.2
      vertex -21.1907 11.2673 2.2
      vertex -21.3841 10.8958 2.2
    endloop
  endfacet
  facet normal 0 0 -1
    outer loop
      vertex -22.4534 11.4406 2.2
      vertex -21.3841 10.8958 2.2
      vertex -21.571 10.5209 2.2
    endloop
  endfacet
  facet normal 0 0 -1
    outer loop
      vertex -20.572 12.3609 2.2
      vertex -21.6006 12.9789 2.2
      vertex -21.3708 13.354 2.2
    endloop
  endfacet
  facet normal 0 0 -1
    outer loop
      vertex -22.6496 11.0469 2.2
      vertex -21.571 10.5209 2.2
      vertex -21.7514 10.1428 2.2
    endloop
  endfacet
  facet normal 0 0 -1
    outer loop
      vertex -20.7846 12 2.2
      vertex -21.8238 12.6 2.2
      vertex -21.6006 12.9789 2.2
    endloop
  endfacet
  facet normal 0 0 -1
    outer loop
      vertex -22.8389 10.65 2.2
      vertex -21.7514 10.1428 2.2
      vertex -21.9251 9.76166 2.2
    endloop
  endfacet
  facet normal 0 0 -1
    outer loop
      vertex -20.9908 11.6354 2.2
      vertex -22.0404 12.2172 2.2
      vertex -21.8238 12.6 2.2
    endloop
  endfacet
  facet normal 0 0 -1
    outer loop
      vertex -23.0213 10.2498 2.2
      vertex -21.9251 9.76166 2.2
      vertex -22.0921 9.37753 2.2
    endloop
  endfacet
  facet normal 0 0 -1
    outer loop
      vertex -21.1907 11.2673 2.2
      vertex -22.2503 11.8307 2.2
      vertex -22.0404 12.2172 2.2
    endloop
  endfacet
  facet normal 0 0 -1
    outer loop
      vertex -23.1967 9.84642 2.2
      vertex -22.0921 9.37753 2.2
      vertex -22.2524 8.99054 2.2
    endloop
  endfacet
  facet normal 0 0 -1
    outer loop
      vertex -23.365 9.44008 2.2
      vertex -22.2524 8.99054 2.2
      vertex -22.4059 8.60081 2.2
    endloop
  endfacet
  facet normal 0 0 -1
    outer loop
      vertex -21.3841 10.8958 2.2
      vertex -22.4534 11.4406 2.2
      vertex -22.2503 11.8307 2.2
    endloop
  endfacet
  facet normal 0 0 -1
    outer loop
      vertex -23.5262 9.03087 2.2
      vertex -22.4059 8.60081 2.2
      vertex -22.5526 8.20847 2.2
    endloop
  endfacet
  facet normal 0 0 -1
    outer loop
      vertex -21.571 10.5209 2.2
      vertex -22.6496 11.0469 2.2
      vertex -22.4534 11.4406 2.2
    endloop
  endfacet
  facet normal 0 0 -1
    outer loop
      vertex -23.6802 8.6189 2.2
      vertex -22.5526 8.20847 2.2
      vertex -22.6924 7.81363 2.2
    endloop
  endfacet
  facet normal 0 0 -1
    outer loop
      vertex -23.8271 8.2043 2.2
      vertex -22.6924 7.81363 2.2
      vertex -22.8253 7.4164 2.2
    endloop
  endfacet
  facet normal 0 0 -1
    outer loop
      vertex -21.7514 10.1428 2.2
      vertex -22.8389 10.65 2.2
      vertex -22.6496 11.0469 2.2
    endloop
  endfacet
  facet normal 0 0 -1
    outer loop
      vertex -23.9666 7.78722 2.2
      vertex -22.8253 7.4164 2.2
      vertex -22.9513 7.01691 2.2
    endloop
  endfacet
  facet normal 0 0 -1
    outer loop
      vertex -21.9251 9.76166 2.2
      vertex -23.0213 10.2498 2.2
      vertex -22.8389 10.65 2.2
    endloop
  endfacet
  facet normal 0 0 -1
    outer loop
      vertex -24.0989 7.36775 2.2
      vertex -22.9513 7.01691 2.2
      vertex -23.0703 6.61528 2.2
    endloop
  endfacet
  facet normal 0 0 -1
    outer loop
      vertex -24.0989 7.36775 2.2
      vertex -23.0703 6.61528 2.2
      vertex -23.1822 6.21164 2.2
    endloop
  endfacet
  facet normal 0 0 -1
    outer loop
      vertex -22.0921 9.37753 2.2
      vertex -23.1967 9.84642 2.2
      vertex -23.0213 10.2498 2.2
    endloop
  endfacet
  facet normal 0 0 -1
    outer loop
      vertex -24.0989 7.36775 2.2
      vertex -23.1822 6.21164 2.2
      vertex -23.2871 5.80612 2.2
    endloop
  endfacet
  facet normal 0 0 -1
    outer loop
      vertex -22.2524 8.99054 2.2
      vertex -23.365 9.44008 2.2
      vertex -23.1967 9.84642 2.2
    endloop
  endfacet
  facet normal 0 0 -1
    outer loop
      vertex -24.0989 7.36775 2.2
      vertex -23.2871 5.80612 2.2
      vertex -23.3849 5.39882 2.2
    endloop
  endfacet
  facet normal 0 0 -1
    outer loop
      vertex -24.0989 7.36775 2.2
      vertex -23.3849 5.39882 2.2
      vertex -23.4755 4.98987 2.2
    endloop
  endfacet
  facet normal 0 0 -1
    outer loop
      vertex -22.4059 8.60081 2.2
      vertex -23.5262 9.03087 2.2
      vertex -23.365 9.44008 2.2
    endloop
  endfacet
  facet normal 0 0 -1
    outer loop
      vertex -24.0989 7.36775 2.2
      vertex -23.4755 4.98987 2.2
      vertex -23.559 4.57941 2.2
    endloop
  endfacet
  facet normal 0 0 -1
    outer loop
      vertex -24.0989 7.36775 2.2
      vertex -23.559 4.57941 2.2
      vertex -23.6354 4.16754 2.2
    endloop
  endfacet
  facet normal 0 0 -1
    outer loop
      vertex -22.5526 8.20847 2.2
      vertex -23.6802 8.6189 2.2
      vertex -23.5262 9.03087 2.2
    endloop
  endfacet
  facet normal 0 0 -1
    outer loop
      vertex -24.0989 7.36775 2.2
      vertex -23.6354 4.16754 2.2
      vertex -23.7045 3.75443 2.2
    endloop
  endfacet
  facet normal 0 0 -1
    outer loop
      vertex -24.0989 7.36775 2.2
      vertex -23.7045 3.75443 2.2
      vertex -23.7664 3.34015 2.2
    endloop
  endfacet
  facet normal 0 0 -1
    outer loop
      vertex -24.0989 7.36775 2.2
      vertex -23.7664 3.34015 2.2
      vertex -23.8211 2.92485 2.2
    endloop
  endfacet
  facet normal 0 0 -1
    outer loop
      vertex -22.6924 7.81363 2.2
      vertex -23.8271 8.2043 2.2
      vertex -23.6802 8.6189 2.2
    endloop
  endfacet
  facet normal 0 0 -1
    outer loop
      vertex -24.0989 7.36775 2.2
      vertex -23.8211 2.92485 2.2
      vertex -23.8685 2.50868 2.2
    endloop
  endfacet
  facet normal 0 0 -1
    outer loop
      vertex -24.0989 7.36775 2.2
      vertex -23.8685 2.50868 2.2
      vertex -23.9086 2.09172 2.2
    endloop
  endfacet
  facet normal 0 0 -1
    outer loop
      vertex -24.0989 7.36775 2.2
      vertex -23.9086 2.09172 2.2
      vertex -23.9415 1.67415 2.2
    endloop
  endfacet
  facet normal 0 0 -1
    outer loop
      vertex -22.8253 7.4164 2.2
      vertex -23.9666 7.78722 2.2
      vertex -23.8271 8.2043 2.2
    endloop
  endfacet
  facet normal 0 0 -1
    outer loop
      vertex -24.0989 7.36775 2.2
      vertex -23.9415 1.67415 2.2
      vertex -23.9671 1.25606 2.2
    endloop
  endfacet
  facet normal 0 0 -1
    outer loop
      vertex -24.0989 7.36775 2.2
      vertex -23.9671 1.25606 2.2
      vertex -23.9854 0.83757 2.2
    endloop
  endfacet
  facet normal 0 0 -1
    outer loop
      vertex -24.0989 7.36775 2.2
      vertex -23.9854 0.83757 2.2
      vertex -23.9963 0.418839 2.2
    endloop
  endfacet
  facet normal 0 0 -1
    outer loop
      vertex -24.0989 7.36775 2.2
      vertex -23.9963 0.418839 2.2
      vertex -24 0 2.2
    endloop
  endfacet
  facet normal 0 0 -1
    outer loop
      vertex -22.9513 7.01691 2.2
      vertex -24.0989 7.36775 2.2
      vertex -23.9666 7.78722 2.2
    endloop
  endfacet
  facet normal 0 0 -1
    outer loop
      vertex -10.5209 21.571 2.2
      vertex -10.65 22.8389 2.2
      vertex -10.1428 21.7514 2.2
    endloop
  endfacet
  facet normal 0 0 -1
    outer loop
      vertex -11.1718 22.5874 2.2
      vertex -10.5209 21.571 2.2
      vertex -10.8958 21.3841 2.2
    endloop
  endfacet
  facet normal 0 0 -1
    outer loop
      vertex -10.5209 21.571 2.2
      vertex -11.047 22.6496 2.2
      vertex -10.65 22.8389 2.2
    endloop
  endfacet
  facet normal 0 0 -1
    outer loop
      vertex -10.5209 21.571 2.2
      vertex -11.1718 22.5874 2.2
      vertex -11.047 22.6496 2.2
    endloop
  endfacet
  facet normal 0 0 -1
    outer loop
      vertex -11.2673 21.1907 2.2
      vertex -11.1718 22.5874 2.2
      vertex -10.8958 21.3841 2.2
    endloop
  endfacet
  facet normal 0 0 -1
    outer loop
      vertex -12.3703 21.9538 2.2
      vertex -11.2673 21.1907 2.2
      vertex -11.6354 20.9909 2.2
    endloop
  endfacet
  facet normal 0 0 -1
    outer loop
      vertex -12.3703 21.9538 2.2
      vertex -11.6354 20.9909 2.2
      vertex -12 20.7846 2.2
    endloop
  endfacet
  facet normal 0 0 -1
    outer loop
      vertex -12.6 21.8238 2.2
      vertex -12 20.7846 2.2
      vertex -12.3609 20.572 2.2
    endloop
  endfacet
  facet normal 0 0 -1
    outer loop
      vertex -11.2673 21.1907 2.2
      vertex -12.3703 21.9538 2.2
      vertex -11.1718 22.5874 2.2
    endloop
  endfacet
  facet normal -0 0 -1
    outer loop
      vertex -11.1718 22.5874 2.2
      vertex -12.3703 21.9538 2.2
      vertex -13.5735 24.0891 2.2
    endloop
  endfacet
  facet normal 0 0 1
    outer loop
      vertex -10.65 22.8389 10.8
      vertex -10.5209 21.571 10.8
      vertex -10.1428 21.7514 10.8
    endloop
  endfacet
  facet normal -0 0 1
    outer loop
      vertex -11.047 22.6496 10.8
      vertex -10.5209 21.571 10.8
      vertex -10.65 22.8389 10.8
    endloop
  endfacet
  facet normal -0 0 1
    outer loop
      vertex -11.1718 22.5874 10.8
      vertex -10.5209 21.571 10.8
      vertex -11.047 22.6496 10.8
    endloop
  endfacet
  facet normal 0 0 1
    outer loop
      vertex -10.5209 21.571 10.8
      vertex -11.1718 22.5874 10.8
      vertex -10.8958 21.3841 10.8
    endloop
  endfacet
  facet normal 0 0 1
    outer loop
      vertex -11.1718 22.5874 10.8
      vertex -11.2673 21.1907 10.8
      vertex -10.8958 21.3841 10.8
    endloop
  endfacet
  facet normal -0 0 1
    outer loop
      vertex -12.3703 21.9538 10.8
      vertex -11.2673 21.1907 10.8
      vertex -11.1718 22.5874 10.8
    endloop
  endfacet
  facet normal 0 0 1
    outer loop
      vertex -11.2673 21.1907 10.8
      vertex -12.3703 21.9538 10.8
      vertex -11.6354 20.9909 10.8
    endloop
  endfacet
  facet normal 0 0 1
    outer loop
      vertex -11.6354 20.9909 10.8
      vertex -12.3703 21.9538 10.8
      vertex -12 20.7846 10.8
    endloop
  endfacet
  facet normal -0 0 1
    outer loop
      vertex -12.6 21.8238 10.8
      vertex -12 20.7846 10.8
      vertex -12.3703 21.9538 10.8
    endloop
  endfacet
  facet normal 0 -0 1
    outer loop
      vertex -12.3703 21.9538 10.8
      vertex -11.1718 22.5874 10.8
      vertex -13.5735 24.0891 10.8
    endloop
  endfacet
  facet normal 0 0 1
    outer loop
      vertex -12 20.7846 10.8
      vertex -12.6 21.8238 10.8
      vertex -12.3609 20.572 10.8
    endloop
  endfacet
  facet normal -0 0 1
    outer loop
      vertex -12.9789 21.6006 10.8
      vertex -12.3609 20.572 10.8
      vertex -12.6 21.8238 10.8
    endloop
  endfacet
  facet normal 0 0 1
    outer loop
      vertex -12.3609 20.572 10.8
      vertex -12.9789 21.6006 10.8
      vertex -12.718 20.3531 10.8
    endloop
  endfacet
  facet normal -0 0 1
    outer loop
      vertex -13.3539 21.3708 10.8
      vertex -12.718 20.3531 10.8
      vertex -12.9789 21.6006 10.8
    endloop
  endfacet
  facet normal 0 0 1
    outer loop
      vertex -12.718 20.3531 10.8
      vertex -13.3539 21.3708 10.8
      vertex -13.0713 20.1281 10.8
    endloop
  endfacet
  facet normal -0 0 1
    outer loop
      vertex -13.7249 21.1345 10.8
      vertex -13.0713 20.1281 10.8
      vertex -13.3539 21.3708 10.8
    endloop
  endfacet
  facet normal 0 0 1
    outer loop
      vertex -13.0713 20.1281 10.8
      vertex -13.7249 21.1345 10.8
      vertex -13.4206 19.8969 10.8
    endloop
  endfacet
  facet normal -0 0 1
    outer loop
      vertex -14.0916 20.8917 10.8
      vertex -13.4206 19.8969 10.8
      vertex -13.7249 21.1345 10.8
    endloop
  endfacet
  facet normal 0 0 1
    outer loop
      vertex -13.4206 19.8969 10.8
      vertex -14.0916 20.8917 10.8
      vertex -13.7658 19.6596 10.8
    endloop
  endfacet
  facet normal -0 0 1
    outer loop
      vertex -14.4541 20.6426 10.8
      vertex -13.7658 19.6596 10.8
      vertex -14.0916 20.8917 10.8
    endloop
  endfacet
  facet normal 0 0 1
    outer loop
      vertex -13.7658 19.6596 10.8
      vertex -14.4541 20.6426 10.8
      vertex -14.1068 19.4164 10.8
    endloop
  endfacet
  facet normal -0 0 1
    outer loop
      vertex -14.8122 20.3872 10.8
      vertex -14.1068 19.4164 10.8
      vertex -14.4541 20.6426 10.8
    endloop
  endfacet
  facet normal 0 0 1
    outer loop
      vertex -14.1068 19.4164 10.8
      vertex -14.8122 20.3872 10.8
      vertex -14.4435 19.1673 10.8
    endloop
  endfacet
  facet normal -0 0 1
    outer loop
      vertex -15.1657 20.1256 10.8
      vertex -14.4435 19.1673 10.8
      vertex -14.8122 20.3872 10.8
    endloop
  endfacet
  facet normal 0 0 1
    outer loop
      vertex -14.4435 19.1673 10.8
      vertex -15.1657 20.1256 10.8
      vertex -14.7758 18.9122 10.8
    endloop
  endfacet
  facet normal -0 0 1
    outer loop
      vertex -15.5146 19.8578 10.8
      vertex -14.7758 18.9122 10.8
      vertex -15.1657 20.1256 10.8
    endloop
  endfacet
  facet normal 0 0 1
    outer loop
      vertex -14.7758 18.9122 10.8
      vertex -15.5146 19.8578 10.8
      vertex -15.1037 18.6515 10.8
    endloop
  endfacet
  facet normal -0 0 1
    outer loop
      vertex -15.8589 19.5841 10.8
      vertex -15.1037 18.6515 10.8
      vertex -15.5146 19.8578 10.8
    endloop
  endfacet
  facet normal 0 0 1
    outer loop
      vertex -15.1037 18.6515 10.8
      vertex -15.8589 19.5841 10.8
      vertex -15.4269 18.3851 10.8
    endloop
  endfacet
  facet normal -0 0 1
    outer loop
      vertex -16.1982 19.3043 10.8
      vertex -15.4269 18.3851 10.8
      vertex -15.8589 19.5841 10.8
    endloop
  endfacet
  facet normal 0 0 1
    outer loop
      vertex -15.4269 18.3851 10.8
      vertex -16.1982 19.3043 10.8
      vertex -15.7454 18.113 10.8
    endloop
  endfacet
  facet normal -0 0 1
    outer loop
      vertex -16.5327 19.0187 10.8
      vertex -15.7454 18.113 10.8
      vertex -16.1982 19.3043 10.8
    endloop
  endfacet
  facet normal 0 0 1
    outer loop
      vertex -15.7454 18.113 10.8
      vertex -16.5327 19.0187 10.8
      vertex -16.0591 17.8355 10.8
    endloop
  endfacet
  facet normal -0 0 1
    outer loop
      vertex -16.8621 18.7272 10.8
      vertex -16.0591 17.8355 10.8
      vertex -16.5327 19.0187 10.8
    endloop
  endfacet
  facet normal 0 0 1
    outer loop
      vertex -16.0591 17.8355 10.8
      vertex -16.8621 18.7272 10.8
      vertex -16.368 17.5525 10.8
    endloop
  endfacet
  facet normal -0 0 1
    outer loop
      vertex -17.1863 18.4301 10.8
      vertex -16.368 17.5525 10.8
      vertex -16.8621 18.7272 10.8
    endloop
  endfacet
  facet normal 0 0 1
    outer loop
      vertex -16.368 17.5525 10.8
      vertex -17.1863 18.4301 10.8
      vertex -16.6718 17.2641 10.8
    endloop
  endfacet
  facet normal -0 0 1
    outer loop
      vertex -17.5054 18.1273 10.8
      vertex -16.6718 17.2641 10.8
      vertex -17.1863 18.4301 10.8
    endloop
  endfacet
  facet normal 0 0 1
    outer loop
      vertex -16.6718 17.2641 10.8
      vertex -17.5054 18.1273 10.8
      vertex -16.9706 16.9706 10.8
    endloop
  endfacet
  facet normal -0 0 1
    outer loop
      vertex -17.8191 17.8191 10.8
      vertex -16.9706 16.9706 10.8
      vertex -17.5054 18.1273 10.8
    endloop
  endfacet
  facet normal 0 0 1
    outer loop
      vertex -16.9706 16.9706 10.8
      vertex -17.8191 17.8191 10.8
      vertex -17.2641 16.6718 10.8
    endloop
  endfacet
  facet normal -0 0 1
    outer loop
      vertex -18.1273 17.5054 10.8
      vertex -17.2641 16.6718 10.8
      vertex -17.8191 17.8191 10.8
    endloop
  endfacet
  facet normal 0 0 1
    outer loop
      vertex -17.2641 16.6718 10.8
      vertex -18.1273 17.5054 10.8
      vertex -17.5525 16.368 10.8
    endloop
  endfacet
  facet normal -0 0 1
    outer loop
      vertex -18.4301 17.1864 10.8
      vertex -17.5525 16.368 10.8
      vertex -18.1273 17.5054 10.8
    endloop
  endfacet
  facet normal 0 0 1
    outer loop
      vertex -17.5525 16.368 10.8
      vertex -18.4301 17.1864 10.8
      vertex -17.8354 16.0591 10.8
    endloop
  endfacet
  facet normal -0 0 1
    outer loop
      vertex -18.7272 16.8621 10.8
      vertex -17.8354 16.0591 10.8
      vertex -18.4301 17.1864 10.8
    endloop
  endfacet
  facet normal 0 0 1
    outer loop
      vertex -17.8354 16.0591 10.8
      vertex -18.7272 16.8621 10.8
      vertex -18.113 15.7454 10.8
    endloop
  endfacet
  facet normal -0 0 1
    outer loop
      vertex -19.0187 16.5327 10.8
      vertex -18.113 15.7454 10.8
      vertex -18.7272 16.8621 10.8
    endloop
  endfacet
  facet normal 0 0 1
    outer loop
      vertex -18.113 15.7454 10.8
      vertex -19.0187 16.5327 10.8
      vertex -18.3851 15.4269 10.8
    endloop
  endfacet
  facet normal -0 0 1
    outer loop
      vertex -19.3043 16.1982 10.8
      vertex -18.3851 15.4269 10.8
      vertex -19.0187 16.5327 10.8
    endloop
  endfacet
  facet normal 0 0 1
    outer loop
      vertex -18.3851 15.4269 10.8
      vertex -19.3043 16.1982 10.8
      vertex -18.6515 15.1037 10.8
    endloop
  endfacet
  facet normal -0 0 1
    outer loop
      vertex -19.5841 15.8589 10.8
      vertex -18.6515 15.1037 10.8
      vertex -19.3043 16.1982 10.8
    endloop
  endfacet
  facet normal 0 0 1
    outer loop
      vertex -18.6515 15.1037 10.8
      vertex -19.5841 15.8589 10.8
      vertex -18.9122 14.7759 10.8
    endloop
  endfacet
  facet normal -0 0 1
    outer loop
      vertex -19.8578 15.5146 10.8
      vertex -18.9122 14.7759 10.8
      vertex -19.5841 15.8589 10.8
    endloop
  endfacet
  facet normal 0 0 1
    outer loop
      vertex -18.9122 14.7759 10.8
      vertex -19.8578 15.5146 10.8
      vertex -19.1672 14.4435 10.8
    endloop
  endfacet
  facet normal -0 0 1
    outer loop
      vertex -20.1256 15.1657 10.8
      vertex -19.1672 14.4435 10.8
      vertex -19.8578 15.5146 10.8
    endloop
  endfacet
  facet normal 0 0 1
    outer loop
      vertex -19.1672 14.4435 10.8
      vertex -20.1256 15.1657 10.8
      vertex -19.4164 14.1068 10.8
    endloop
  endfacet
  facet normal -0 0 1
    outer loop
      vertex -20.3872 14.8122 10.8
      vertex -19.4164 14.1068 10.8
      vertex -20.1256 15.1657 10.8
    endloop
  endfacet
  facet normal 0 0 1
    outer loop
      vertex -19.4164 14.1068 10.8
      vertex -20.3872 14.8122 10.8
      vertex -19.6596 13.7658 10.8
    endloop
  endfacet
  facet normal -0 0 1
    outer loop
      vertex -20.6426 14.4541 10.8
      vertex -19.6596 13.7658 10.8
      vertex -20.3872 14.8122 10.8
    endloop
  endfacet
  facet normal 0 0 1
    outer loop
      vertex -19.6596 13.7658 10.8
      vertex -20.6426 14.4541 10.8
      vertex -19.8969 13.4206 10.8
    endloop
  endfacet
  facet normal -0 0 1
    outer loop
      vertex -20.8917 14.0916 10.8
      vertex -19.8969 13.4206 10.8
      vertex -20.6426 14.4541 10.8
    endloop
  endfacet
  facet normal 0 0 1
    outer loop
      vertex -19.8969 13.4206 10.8
      vertex -20.8917 14.0916 10.8
      vertex -20.1281 13.0713 10.8
    endloop
  endfacet
  facet normal -0 0 1
    outer loop
      vertex -21.1345 13.7249 10.8
      vertex -20.1281 13.0713 10.8
      vertex -20.8917 14.0916 10.8
    endloop
  endfacet
  facet normal 0 0 1
    outer loop
      vertex -20.1281 13.0713 10.8
      vertex -21.1345 13.7249 10.8
      vertex -20.3531 12.718 10.8
    endloop
  endfacet
  facet normal -0 0 1
    outer loop
      vertex -21.3708 13.354 10.8
      vertex -20.3531 12.718 10.8
      vertex -21.1345 13.7249 10.8
    endloop
  endfacet
  facet normal 0 0 1
    outer loop
      vertex -20.3531 12.718 10.8
      vertex -21.3708 13.354 10.8
      vertex -20.572 12.3609 10.8
    endloop
  endfacet
  facet normal -0 0 1
    outer loop
      vertex -21.6006 12.9789 10.8
      vertex -20.572 12.3609 10.8
      vertex -21.3708 13.354 10.8
    endloop
  endfacet
  facet normal 0 0 1
    outer loop
      vertex -20.572 12.3609 10.8
      vertex -21.6006 12.9789 10.8
      vertex -20.7846 12 10.8
    endloop
  endfacet
  facet normal -0 0 1
    outer loop
      vertex -21.8238 12.6 10.8
      vertex -20.7846 12 10.8
      vertex -21.6006 12.9789 10.8
    endloop
  endfacet
  facet normal 0 0 1
    outer loop
      vertex -20.7846 12 10.8
      vertex -21.8238 12.6 10.8
      vertex -20.9908 11.6354 10.8
    endloop
  endfacet
  facet normal -0 0 1
    outer loop
      vertex -22.0404 12.2172 10.8
      vertex -20.9908 11.6354 10.8
      vertex -21.8238 12.6 10.8
    endloop
  endfacet
  facet normal 0 0 1
    outer loop
      vertex -20.9908 11.6354 10.8
      vertex -22.0404 12.2172 10.8
      vertex -21.1907 11.2673 10.8
    endloop
  endfacet
  facet normal -0 0 1
    outer loop
      vertex -22.2503 11.8307 10.8
      vertex -21.1907 11.2673 10.8
      vertex -22.0404 12.2172 10.8
    endloop
  endfacet
  facet normal 0 0 1
    outer loop
      vertex -21.1907 11.2673 10.8
      vertex -22.2503 11.8307 10.8
      vertex -21.3841 10.8958 10.8
    endloop
  endfacet
  facet normal -0 0 1
    outer loop
      vertex -22.4534 11.4406 10.8
      vertex -21.3841 10.8958 10.8
      vertex -22.2503 11.8307 10.8
    endloop
  endfacet
  facet normal 0 0 1
    outer loop
      vertex -21.3841 10.8958 10.8
      vertex -22.4534 11.4406 10.8
      vertex -21.571 10.5209 10.8
    endloop
  endfacet
  facet normal -0 0 1
    outer loop
      vertex -22.6496 11.0469 10.8
      vertex -21.571 10.5209 10.8
      vertex -22.4534 11.4406 10.8
    endloop
  endfacet
  facet normal 0 0 1
    outer loop
      vertex -21.571 10.5209 10.8
      vertex -22.6496 11.0469 10.8
      vertex -21.7514 10.1428 10.8
    endloop
  endfacet
  facet normal -0 0 1
    outer loop
      vertex -22.8389 10.65 10.8
      vertex -21.7514 10.1428 10.8
      vertex -22.6496 11.0469 10.8
    endloop
  endfacet
  facet normal 0 0 1
    outer loop
      vertex -21.7514 10.1428 10.8
      vertex -22.8389 10.65 10.8
      vertex -21.9251 9.76166 10.8
    endloop
  endfacet
  facet normal -0 0 1
    outer loop
      vertex -23.0213 10.2498 10.8
      vertex -21.9251 9.76166 10.8
      vertex -22.8389 10.65 10.8
    endloop
  endfacet
  facet normal 0 0 1
    outer loop
      vertex -21.9251 9.76166 10.8
      vertex -23.0213 10.2498 10.8
      vertex -22.0921 9.37753 10.8
    endloop
  endfacet
  facet normal -0 0 1
    outer loop
      vertex -23.1967 9.84642 10.8
      vertex -22.0921 9.37753 10.8
      vertex -23.0213 10.2498 10.8
    endloop
  endfacet
  facet normal 0 0 1
    outer loop
      vertex -22.0921 9.37753 10.8
      vertex -23.1967 9.84642 10.8
      vertex -22.2524 8.99054 10.8
    endloop
  endfacet
  facet normal -0 0 1
    outer loop
      vertex -23.365 9.44008 10.8
      vertex -22.2524 8.99054 10.8
      vertex -23.1967 9.84642 10.8
    endloop
  endfacet
  facet normal 0 0 1
    outer loop
      vertex -22.2524 8.99054 10.8
      vertex -23.365 9.44008 10.8
      vertex -22.4059 8.60081 10.8
    endloop
  endfacet
  facet normal -0 0 1
    outer loop
      vertex -23.5262 9.03087 10.8
      vertex -22.4059 8.60081 10.8
      vertex -23.365 9.44008 10.8
    endloop
  endfacet
  facet normal 0 0 1
    outer loop
      vertex -22.4059 8.60081 10.8
      vertex -23.5262 9.03087 10.8
      vertex -22.5526 8.20847 10.8
    endloop
  endfacet
  facet normal -0 0 1
    outer loop
      vertex -23.6802 8.6189 10.8
      vertex -22.5526 8.20847 10.8
      vertex -23.5262 9.03087 10.8
    endloop
  endfacet
  facet normal 0 0 1
    outer loop
      vertex -22.5526 8.20847 10.8
      vertex -23.6802 8.6189 10.8
      vertex -22.6924 7.81363 10.8
    endloop
  endfacet
  facet normal -0 0 1
    outer loop
      vertex -23.8271 8.2043 10.8
      vertex -22.6924 7.81363 10.8
      vertex -23.6802 8.6189 10.8
    endloop
  endfacet
  facet normal 0 0 1
    outer loop
      vertex -22.6924 7.81363 10.8
      vertex -23.8271 8.2043 10.8
      vertex -22.8253 7.4164 10.8
    endloop
  endfacet
  facet normal -0 0 1
    outer loop
      vertex -23.9666 7.78722 10.8
      vertex -22.8253 7.4164 10.8
      vertex -23.8271 8.2043 10.8
    endloop
  endfacet
  facet normal 0 0 1
    outer loop
      vertex -22.8253 7.4164 10.8
      vertex -23.9666 7.78722 10.8
      vertex -22.9513 7.01691 10.8
    endloop
  endfacet
  facet normal -0 0 1
    outer loop
      vertex -24.0989 7.36775 10.8
      vertex -22.9513 7.01691 10.8
      vertex -23.9666 7.78722 10.8
    endloop
  endfacet
  facet normal 0 0 1
    outer loop
      vertex -22.9513 7.01691 10.8
      vertex -24.0989 7.36775 10.8
      vertex -23.0703 6.61528 10.8
    endloop
  endfacet
  facet normal -0 0 1
    outer loop
      vertex -24.2238 6.94604 10.8
      vertex -23.0703 6.61528 10.8
      vertex -24.0989 7.36775 10.8
    endloop
  endfacet
  facet normal 0 0 1
    outer loop
      vertex -23.0703 6.61528 10.8
      vertex -24.2238 6.94604 10.8
      vertex -23.1822 6.21164 10.8
    endloop
  endfacet
  facet normal -0 0 1
    outer loop
      vertex -24.3413 6.52223 10.8
      vertex -23.1822 6.21164 10.8
      vertex -24.2238 6.94604 10.8
    endloop
  endfacet
  facet normal 0 0 1
    outer loop
      vertex -23.1822 6.21164 10.8
      vertex -24.3413 6.52223 10.8
      vertex -23.2871 5.80612 10.8
    endloop
  endfacet
  facet normal -0 0 1
    outer loop
      vertex -24.4514 6.09642 10.8
      vertex -23.2871 5.80612 10.8
      vertex -24.3413 6.52223 10.8
    endloop
  endfacet
  facet normal 0 0 1
    outer loop
      vertex -23.2871 5.80612 10.8
      vertex -24.4514 6.09642 10.8
      vertex -23.3849 5.39882 10.8
    endloop
  endfacet
  facet normal -0 0 1
    outer loop
      vertex -24.5541 5.66876 10.8
      vertex -23.3849 5.39882 10.8
      vertex -24.4514 6.09642 10.8
    endloop
  endfacet
  facet normal 0 0 1
    outer loop
      vertex -23.3849 5.39882 10.8
      vertex -24.5541 5.66876 10.8
      vertex -23.4755 4.98987 10.8
    endloop
  endfacet
  facet normal -0 0 1
    outer loop
      vertex -24.6493 5.23936 10.8
      vertex -23.4755 4.98987 10.8
      vertex -24.5541 5.66876 10.8
    endloop
  endfacet
  facet normal 0 0 1
    outer loop
      vertex -23.4755 4.98987 10.8
      vertex -24.6493 5.23936 10.8
      vertex -23.559 4.57941 10.8
    endloop
  endfacet
  facet normal -0 0 1
    outer loop
      vertex -24.737 4.80838 10.8
      vertex -23.559 4.57941 10.8
      vertex -24.6493 5.23936 10.8
    endloop
  endfacet
  facet normal 0 0 1
    outer loop
      vertex -23.559 4.57941 10.8
      vertex -24.737 4.80838 10.8
      vertex -23.6354 4.16754 10.8
    endloop
  endfacet
  facet normal -0 0 1
    outer loop
      vertex -24.8171 4.37593 10.8
      vertex -23.6354 4.16754 10.8
      vertex -24.737 4.80838 10.8
    endloop
  endfacet
  facet normal 0 0 1
    outer loop
      vertex -23.6354 4.16754 10.8
      vertex -24.8171 4.37593 10.8
      vertex -23.7045 3.75443 10.8
    endloop
  endfacet
  facet normal -0 0 1
    outer loop
      vertex -24.8897 3.94214 10.8
      vertex -23.7045 3.75443 10.8
      vertex -24.8171 4.37593 10.8
    endloop
  endfacet
  facet normal 0 0 1
    outer loop
      vertex -23.7045 3.75443 10.8
      vertex -24.8897 3.94214 10.8
      vertex -23.7664 3.34015 10.8
    endloop
  endfacet
  facet normal 0 0 1
    outer loop
      vertex 12 0 10.8
      vertex 16 0 10.8
      vertex 15.9877 0.628143 10.8
    endloop
  endfacet
  facet normal 0 0 1
    outer loop
      vertex 11.9907 0.471117 10.8
      vertex 15.9877 0.628143 10.8
      vertex 15.9507 1.25534 10.8
    endloop
  endfacet
  facet normal 0 0 1
    outer loop
      vertex 16 0 10.8
      vertex 12 0 10.8
      vertex 15.9877 -0.628143 10.8
    endloop
  endfacet
  facet normal 0 0 1
    outer loop
      vertex 11.963 0.941508 10.8
      vertex 15.9507 1.25534 10.8
      vertex 15.8891 1.88058 10.8
    endloop
  endfacet
  facet normal -0 0 1
    outer loop
      vertex 11.9907 -0.471117 10.8
      vertex 15.9877 -0.628143 10.8
      vertex 12 0 10.8
    endloop
  endfacet
  facet normal 0 0 1
    outer loop
      vertex 11.9168 1.41045 10.8
      vertex 15.8891 1.88058 10.8
      vertex 15.803 2.50294 10.8
    endloop
  endfacet
  facet normal 0 0 1
    outer loop
      vertex 15.9877 -0.628143 10.8
      vertex 11.9907 -0.471117 10.8
      vertex 15.9507 -1.25534 10.8
    endloop
  endfacet
  facet normal 0 0 1
    outer loop
      vertex 11.8523 1.87721 10.8
      vertex 15.803 2.50294 10.8
      vertex 15.6926 3.12144 10.8
    endloop
  endfacet
  facet normal -0 0 1
    outer loop
      vertex 11.963 -0.941508 10.8
      vertex 15.9507 -1.25534 10.8
      vertex 11.9907 -0.471117 10.8
    endloop
  endfacet
  facet normal 0 0 1
    outer loop
      vertex 11.7694 2.34108 10.8
      vertex 15.6926 3.12144 10.8
      vertex 15.5579 3.73512 10.8
    endloop
  endfacet
  facet normal 0 0 1
    outer loop
      vertex 15.9507 -1.25534 10.8
      vertex 11.963 -0.941508 10.8
      vertex 15.8891 -1.88058 10.8
    endloop
  endfacet
  facet normal 0 0 1
    outer loop
      vertex 11.6684 2.80134 10.8
      vertex 15.5579 3.73512 10.8
      vertex 15.3993 4.34303 10.8
    endloop
  endfacet
  facet normal -0 0 1
    outer loop
      vertex 11.9168 -1.41045 10.8
      vertex 15.8891 -1.88058 10.8
      vertex 11.963 -0.941508 10.8
    endloop
  endfacet
  facet normal 0 0 1
    outer loop
      vertex 11.5495 3.25729 10.8
      vertex 15.3993 4.34303 10.8
      vertex 15.2169 4.94426 10.8
    endloop
  endfacet
  facet normal 0 0 1
    outer loop
      vertex 15.8891 -1.88058 10.8
      vertex 11.9168 -1.41045 10.8
      vertex 15.803 -2.50294 10.8
    endloop
  endfacet
  facet normal 0 0 1
    outer loop
      vertex 11.4127 3.7082 10.8
      vertex 15.2169 4.94426 10.8
      vertex 15.011 5.53787 10.8
    endloop
  endfacet
  facet normal -0 0 1
    outer loop
      vertex 11.8523 -1.87721 10.8
      vertex 15.803 -2.50294 10.8
      vertex 11.9168 -1.41045 10.8
    endloop
  endfacet
  facet normal 0 0 1
    outer loop
      vertex 11.2583 4.1534 10.8
      vertex 15.011 5.53787 10.8
      vertex 14.7821 6.12292 10.8
    endloop
  endfacet
  facet normal 0 0 1
    outer loop
      vertex 15.803 -2.50294 10.8
      vertex 11.8523 -1.87721 10.8
      vertex 15.6926 -3.12144 10.8
    endloop
  endfacet
  facet normal 0 0 1
    outer loop
      vertex 11.0866 4.5922 10.8
      vertex 14.7821 6.12292 10.8
      vertex 14.5303 6.69855 10.8
    endloop
  endfacet
  facet normal -0 0 1
    outer loop
      vertex 11.7694 -2.34108 10.8
      vertex 15.6926 -3.12144 10.8
      vertex 11.8523 -1.87721 10.8
    endloop
  endfacet
  facet normal 0 0 1
    outer loop
      vertex 10.8977 5.02392 10.8
      vertex 14.5303 6.69855 10.8
      vertex 14.2561 7.26384 10.8
    endloop
  endfacet
  facet normal 0 0 1
    outer loop
      vertex 15.6926 -3.12144 10.8
      vertex 11.7694 -2.34108 10.8
      vertex 15.5579 -3.73512 10.8
    endloop
  endfacet
  facet normal 0 0 1
    outer loop
      vertex 10.6921 5.44789 10.8
      vertex 14.2561 7.26384 10.8
      vertex 13.9599 7.81793 10.8
    endloop
  endfacet
  facet normal -0 0 1
    outer loop
      vertex 11.6684 -2.80134 10.8
      vertex 15.5579 -3.73512 10.8
      vertex 11.7694 -2.34108 10.8
    endloop
  endfacet
  facet normal 0 0 1
    outer loop
      vertex 10.47 5.86345 10.8
      vertex 13.9599 7.81793 10.8
      vertex 13.6422 8.35997 10.8
    endloop
  endfacet
  facet normal 0 0 1
    outer loop
      vertex 15.5579 -3.73512 10.8
      vertex 11.6684 -2.80134 10.8
      vertex 15.3993 -4.34303 10.8
    endloop
  endfacet
  facet normal 0 0 1
    outer loop
      vertex 10.2317 6.26998 10.8
      vertex 13.6422 8.35997 10.8
      vertex 13.3035 8.88911 10.8
    endloop
  endfacet
  facet normal -0 0 1
    outer loop
      vertex 11.5495 -3.25729 10.8
      vertex 15.3993 -4.34303 10.8
      vertex 11.6684 -2.80134 10.8
    endloop
  endfacet
  facet normal 0 0 1
    outer loop
      vertex 9.97763 6.66684 10.8
      vertex 13.3035 8.88911 10.8
      vertex 12.9443 9.40456 10.8
    endloop
  endfacet
  facet normal 0 0 1
    outer loop
      vertex 15.3993 -4.34303 10.8
      vertex 11.5495 -3.25729 10.8
      vertex 15.2169 -4.94426 10.8
    endloop
  endfacet
  facet normal 0 0 1
    outer loop
      vertex 9.7082 7.05342 10.8
      vertex 12.9443 9.40456 10.8
      vertex 12.5651 9.9055 10.8
    endloop
  endfacet
  facet normal -0 0 1
    outer loop
      vertex 11.4127 -3.7082 10.8
      vertex 15.2169 -4.94426 10.8
      vertex 11.5495 -3.25729 10.8
    endloop
  endfacet
  facet normal 0 0 1
    outer loop
      vertex 9.4238 7.42913 10.8
      vertex 12.5651 9.9055 10.8
      vertex 12.1665 10.3912 10.8
    endloop
  endfacet
  facet normal 0 0 1
    outer loop
      vertex 15.2169 -4.94426 10.8
      vertex 11.4127 -3.7082 10.8
      vertex 15.011 -5.53787 10.8
    endloop
  endfacet
  facet normal -0 0 1
    outer loop
      vertex 11.2583 -4.1534 10.8
      vertex 15.011 -5.53787 10.8
      vertex 11.4127 -3.7082 10.8
    endloop
  endfacet
  facet normal 0 0 1
    outer loop
      vertex 15.9877 0.628143 10.8
      vertex 11.9907 0.471117 10.8
      vertex 12 0 10.8
    endloop
  endfacet
  facet normal 0 0 1
    outer loop
      vertex 15.9507 1.25534 10.8
      vertex 11.963 0.941508 10.8
      vertex 11.9907 0.471117 10.8
    endloop
  endfacet
  facet normal 0 0 1
    outer loop
      vertex 15.8891 1.88058 10.8
      vertex 11.9168 1.41045 10.8
      vertex 11.963 0.941508 10.8
    endloop
  endfacet
  facet normal 0 0 1
    outer loop
      vertex 15.803 2.50294 10.8
      vertex 11.8523 1.87721 10.8
      vertex 11.9168 1.41045 10.8
    endloop
  endfacet
  facet normal 0 0 1
    outer loop
      vertex 15.6926 3.12144 10.8
      vertex 11.7694 2.34108 10.8
      vertex 11.8523 1.87721 10.8
    endloop
  endfacet
  facet normal 0 0 1
    outer loop
      vertex 9.12487 7.79338 10.8
      vertex 12.1665 10.3912 10.8
      vertex 11.7491 10.8608 10.8
    endloop
  endfacet
  facet normal 0 0 1
    outer loop
      vertex 15.5579 3.73512 10.8
      vertex 11.6684 2.80134 10.8
      vertex 11.7694 2.34108 10.8
    endloop
  endfacet
  facet normal 0 0 1
    outer loop
      vertex 15.3993 4.34303 10.8
      vertex 11.5495 3.25729 10.8
      vertex 11.6684 2.80134 10.8
    endloop
  endfacet
  facet normal 0 0 1
    outer loop
      vertex 15.2169 4.94426 10.8
      vertex 11.4127 3.7082 10.8
      vertex 11.5495 3.25729 10.8
    endloop
  endfacet
  facet normal 0 0 1
    outer loop
      vertex 8.81187 8.14561 10.8
      vertex 11.7491 10.8608 10.8
      vertex 11.3137 11.3137 10.8
    endloop
  endfacet
  facet normal 0 0 1
    outer loop
      vertex 15.011 5.53787 10.8
      vertex 11.2583 4.1534 10.8
      vertex 11.4127 3.7082 10.8
    endloop
  endfacet
  facet normal 0 0 1
    outer loop
      vertex 14.7821 6.12292 10.8
      vertex 11.0866 4.5922 10.8
      vertex 11.2583 4.1534 10.8
    endloop
  endfacet
  facet normal 0 0 1
    outer loop
      vertex 14.5303 6.69855 10.8
      vertex 10.8977 5.02392 10.8
      vertex 11.0866 4.5922 10.8
    endloop
  endfacet
  facet normal 0 0 1
    outer loop
      vertex 8.48528 8.48528 10.8
      vertex 11.3137 11.3137 10.8
      vertex 10.8608 11.7491 10.8
    endloop
  endfacet
  facet normal 0 0 1
    outer loop
      vertex 14.2561 7.26384 10.8
      vertex 10.6921 5.44789 10.8
      vertex 10.8977 5.02392 10.8
    endloop
  endfacet
  facet normal 0 0 1
    outer loop
      vertex 13.9599 7.81793 10.8
      vertex 10.47 5.86345 10.8
      vertex 10.6921 5.44789 10.8
    endloop
  endfacet
  facet normal 0 0 1
    outer loop
      vertex 8.14561 8.81187 10.8
      vertex 10.8608 11.7491 10.8
      vertex 10.3912 12.1665 10.8
    endloop
  endfacet
  facet normal 0 0 1
    outer loop
      vertex 13.6422 8.35997 10.8
      vertex 10.2317 6.26998 10.8
      vertex 10.47 5.86345 10.8
    endloop
  endfacet
  facet normal 0 0 1
    outer loop
      vertex 13.3035 8.88911 10.8
      vertex 9.97763 6.66684 10.8
      vertex 10.2317 6.26998 10.8
    endloop
  endfacet
  facet normal 0 0 1
    outer loop
      vertex 7.79338 9.12487 10.8
      vertex 10.3912 12.1665 10.8
      vertex 9.9055 12.5651 10.8
    endloop
  endfacet
  facet normal 0 0 1
    outer loop
      vertex 12.9443 9.40456 10.8
      vertex 9.7082 7.05342 10.8
      vertex 9.97763 6.66684 10.8
    endloop
  endfacet
  facet normal 0 0 1
    outer loop
      vertex 12.5651 9.9055 10.8
      vertex 9.4238 7.42913 10.8
      vertex 9.7082 7.05342 10.8
    endloop
  endfacet
  facet normal 0 0 1
    outer loop
      vertex 7.42913 9.4238 10.8
      vertex 9.9055 12.5651 10.8
      vertex 9.40456 12.9443 10.8
    endloop
  endfacet
  facet normal 0 0 1
    outer loop
      vertex 12.1665 10.3912 10.8
      vertex 9.12487 7.79338 10.8
      vertex 9.4238 7.42913 10.8
    endloop
  endfacet
  facet normal 0 0 1
    outer loop
      vertex 7.05342 9.7082 10.8
      vertex 9.40456 12.9443 10.8
      vertex 8.88911 13.3035 10.8
    endloop
  endfacet
  facet normal 0 0 1
    outer loop
      vertex 11.7491 10.8608 10.8
      vertex 8.81187 8.14561 10.8
      vertex 9.12487 7.79338 10.8
    endloop
  endfacet
  facet normal 0 0 1
    outer loop
      vertex 11.3137 11.3137 10.8
      vertex 8.48528 8.48528 10.8
      vertex 8.81187 8.14561 10.8
    endloop
  endfacet
  facet normal 0 0 1
    outer loop
      vertex 6.66684 9.97763 10.8
      vertex 8.88911 13.3035 10.8
      vertex 8.42749 13.599 10.8
    endloop
  endfacet
  facet normal 0 0 1
    outer loop
      vertex 10.8608 11.7491 10.8
      vertex 8.14561 8.81187 10.8
      vertex 8.48528 8.48528 10.8
    endloop
  endfacet
  facet normal 0 0 1
    outer loop
      vertex 15.011 -5.53787 10.8
      vertex 11.2583 -4.1534 10.8
      vertex 14.7821 -6.12292 10.8
    endloop
  endfacet
  facet normal -0 0 1
    outer loop
      vertex 11.0866 -4.5922 10.8
      vertex 14.7821 -6.12292 10.8
      vertex 11.2583 -4.1534 10.8
    endloop
  endfacet
  facet normal 0 0 1
    outer loop
      vertex 14.7821 -6.12292 10.8
      vertex 11.0866 -4.5922 10.8
      vertex 14.5303 -6.69855 10.8
    endloop
  endfacet
  facet normal -0 0 1
    outer loop
      vertex 10.8977 -5.02392 10.8
      vertex 14.5303 -6.69855 10.8
      vertex 11.0866 -4.5922 10.8
    endloop
  endfacet
  facet normal 0 0 1
    outer loop
      vertex 14.5303 -6.69855 10.8
      vertex 10.8977 -5.02392 10.8
      vertex 14.2561 -7.26384 10.8
    endloop
  endfacet
  facet normal -0 0 1
    outer loop
      vertex 10.6921 -5.44789 10.8
      vertex 14.2561 -7.26384 10.8
      vertex 10.8977 -5.02392 10.8
    endloop
  endfacet
  facet normal 0 0 1
    outer loop
      vertex 14.2561 -7.26384 10.8
      vertex 10.6921 -5.44789 10.8
      vertex 13.9599 -7.81793 10.8
    endloop
  endfacet
  facet normal -0 0 1
    outer loop
      vertex 10.47 -5.86345 10.8
      vertex 13.9599 -7.81793 10.8
      vertex 10.6921 -5.44789 10.8
    endloop
  endfacet
  facet normal 0 0 1
    outer loop
      vertex 13.9599 -7.81793 10.8
      vertex 10.47 -5.86345 10.8
      vertex 13.6422 -8.35997 10.8
    endloop
  endfacet
  facet normal -0 0 1
    outer loop
      vertex 10.2317 -6.26998 10.8
      vertex 13.6422 -8.35997 10.8
      vertex 10.47 -5.86345 10.8
    endloop
  endfacet
  facet normal 0 0 1
    outer loop
      vertex 13.6422 -8.35997 10.8
      vertex 10.2317 -6.26998 10.8
      vertex 13.3035 -8.88911 10.8
    endloop
  endfacet
  facet normal -0 0 1
    outer loop
      vertex 9.97763 -6.66684 10.8
      vertex 13.3035 -8.88911 10.8
      vertex 10.2317 -6.26998 10.8
    endloop
  endfacet
  facet normal 0 0 1
    outer loop
      vertex 13.3035 -8.88911 10.8
      vertex 9.97763 -6.66684 10.8
      vertex 12.9443 -9.40456 10.8
    endloop
  endfacet
  facet normal -0 0 1
    outer loop
      vertex 9.7082 -7.05342 10.8
      vertex 12.9443 -9.40456 10.8
      vertex 9.97763 -6.66684 10.8
    endloop
  endfacet
  facet normal 0 0 1
    outer loop
      vertex 12.9443 -9.40456 10.8
      vertex 9.7082 -7.05342 10.8
      vertex 12.5651 -9.9055 10.8
    endloop
  endfacet
  facet normal -0 0 1
    outer loop
      vertex 9.4238 -7.42913 10.8
      vertex 12.5651 -9.9055 10.8
      vertex 9.7082 -7.05342 10.8
    endloop
  endfacet
  facet normal 0 0 1
    outer loop
      vertex 12.5651 -9.9055 10.8
      vertex 9.4238 -7.42913 10.8
      vertex 12.1665 -10.3912 10.8
    endloop
  endfacet
  facet normal 0 0 1
    outer loop
      vertex 24 0 10.8
      vertex 25.2 0 10.8
      vertex 25.1962 0.439789 10.8
    endloop
  endfacet
  facet normal 0 0 1
    outer loop
      vertex 23.9963 0.418854 10.8
      vertex 25.1962 0.439789 10.8
      vertex 25.1846 0.879456 10.8
    endloop
  endfacet
  facet normal 0 0 1
    outer loop
      vertex 23.9854 0.837585 10.8
      vertex 25.1846 0.879456 10.8
      vertex 25.1655 1.31886 10.8
    endloop
  endfacet
  facet normal 0 0 1
    outer loop
      vertex 25.1977 -0.26387 10.8
      vertex 25.1471 -1.61862 10.8
      vertex 27.6485 -0.289536 10.8
    endloop
  endfacet
  facet normal 0 -0 1
    outer loop
      vertex 24 0 10.8
      vertex 25.1962 0.439789 10.8
      vertex 23.9963 0.418854 10.8
    endloop
  endfacet
  facet normal 0 0 1
    outer loop
      vertex 23.9671 1.25606 10.8
      vertex 25.1655 1.31886 10.8
      vertex 25.1386 1.75786 10.8
    endloop
  endfacet
  facet normal 0 0 1
    outer loop
      vertex 23.9963 -0.418854 10.8
      vertex 25.1977 -0.26387 10.8
      vertex 24 0 10.8
    endloop
  endfacet
  facet normal 0 0 1
    outer loop
      vertex 23.9415 1.67415 10.8
      vertex 25.1386 1.75786 10.8
      vertex 25.1041 2.19632 10.8
    endloop
  endfacet
  facet normal 0 0 1
    outer loop
      vertex 23.9854 -0.837585 10.8
      vertex 25.1977 -0.26387 10.8
      vertex 23.9963 -0.418854 10.8
    endloop
  endfacet
  facet normal 0 0 1
    outer loop
      vertex 23.9087 2.09174 10.8
      vertex 25.1041 2.19632 10.8
      vertex 25.062 2.63411 10.8
    endloop
  endfacet
  facet normal 0 0 1
    outer loop
      vertex 23.8685 2.50868 10.8
      vertex 25.062 2.63411 10.8
      vertex 25.0122 3.07111 10.8
    endloop
  endfacet
  facet normal 0 0 1
    outer loop
      vertex 23.8211 2.92485 10.8
      vertex 25.0122 3.07111 10.8
      vertex 24.9547 3.50716 10.8
    endloop
  endfacet
  facet normal 0 0 1
    outer loop
      vertex 23.7664 3.34015 10.8
      vertex 24.9547 3.50716 10.8
      vertex 24.8897 3.94214 10.8
    endloop
  endfacet
  facet normal 0 0 1
    outer loop
      vertex 23.7045 3.75443 10.8
      vertex 24.8897 3.94214 10.8
      vertex 24.8172 4.37593 10.8
    endloop
  endfacet
  facet normal 0 0 1
    outer loop
      vertex 23.6354 4.16754 10.8
      vertex 24.8172 4.37593 10.8
      vertex 24.737 4.80838 10.8
    endloop
  endfacet
  facet normal 0 0 1
    outer loop
      vertex 23.5591 4.57941 10.8
      vertex 24.737 4.80838 10.8
      vertex 24.6493 5.23936 10.8
    endloop
  endfacet
  facet normal 0 0 1
    outer loop
      vertex 23.4755 4.98987 10.8
      vertex 24.6493 5.23936 10.8
      vertex 24.5541 5.66876 10.8
    endloop
  endfacet
  facet normal 0 0 1
    outer loop
      vertex 23.3849 5.39882 10.8
      vertex 24.5541 5.66876 10.8
      vertex 24.4514 6.09642 10.8
    endloop
  endfacet
  facet normal 0 0 1
    outer loop
      vertex 23.2871 5.80612 10.8
      vertex 24.4514 6.09642 10.8
      vertex 24.3413 6.52223 10.8
    endloop
  endfacet
  facet normal 0 0 1
    outer loop
      vertex 23.1822 6.21165 10.8
      vertex 24.3413 6.52223 10.8
      vertex 24.2238 6.94606 10.8
    endloop
  endfacet
  facet normal 0 0 1
    outer loop
      vertex 23.0703 6.6153 10.8
      vertex 24.2238 6.94606 10.8
      vertex 24.0989 7.36775 10.8
    endloop
  endfacet
  facet normal 0 0 1
    outer loop
      vertex 25.062 2.63411 10.8
      vertex 23.8685 2.50868 10.8
      vertex 23.9087 2.09174 10.8
    endloop
  endfacet
  facet normal -0 0 1
    outer loop
      vertex 23.9671 -1.25606 10.8
      vertex 25.1471 -1.61862 10.8
      vertex 23.9854 -0.837585 10.8
    endloop
  endfacet
  facet normal 0 0 1
    outer loop
      vertex 23.9415 -1.67415 10.8
      vertex 25.1471 -1.61862 10.8
      vertex 23.9671 -1.25606 10.8
    endloop
  endfacet
  facet normal 0 0 1
    outer loop
      vertex 25.1471 -1.61862 10.8
      vertex 23.9415 -1.67415 10.8
      vertex 25.1386 -1.75786 10.8
    endloop
  endfacet
  facet normal 0 0 1
    outer loop
      vertex 25.1386 -1.75786 10.8
      vertex 23.9415 -1.67415 10.8
      vertex 25.1041 -2.19632 10.8
    endloop
  endfacet
  facet normal 0 0 1
    outer loop
      vertex 25.1041 -2.19632 10.8
      vertex 23.9415 -1.67415 10.8
      vertex 23.9087 -2.09174 10.8
    endloop
  endfacet
  facet normal 0 0 1
    outer loop
      vertex 14.7098 -20.1354 10.8
      vertex 14.7092 -20.1825 10.8
      vertex 14.7099 -20.159 10.8
    endloop
  endfacet
  facet normal 0 0 1
    outer loop
      vertex 14.7087 -20.1119 10.8
      vertex 14.7092 -20.1825 10.8
      vertex 14.7098 -20.1354 10.8
    endloop
  endfacet
  facet normal 0 0 1
    outer loop
      vertex 14.7087 -20.1119 10.8
      vertex 14.7075 -20.206 10.8
      vertex 14.7092 -20.1825 10.8
    endloop
  endfacet
  facet normal 0 0 1
    outer loop
      vertex 14.7067 -20.0884 10.8
      vertex 14.7075 -20.206 10.8
      vertex 14.7087 -20.1119 10.8
    endloop
  endfacet
  facet normal 0 0 1
    outer loop
      vertex 14.7067 -20.0884 10.8
      vertex 14.7048 -20.2294 10.8
      vertex 14.7075 -20.206 10.8
    endloop
  endfacet
  facet normal 0 0 1
    outer loop
      vertex 14.7038 -20.065 10.8
      vertex 14.7048 -20.2294 10.8
      vertex 14.7067 -20.0884 10.8
    endloop
  endfacet
  facet normal 0 0 1
    outer loop
      vertex 14.7038 -20.065 10.8
      vertex 14.7013 -20.2527 10.8
      vertex 14.7048 -20.2294 10.8
    endloop
  endfacet
  facet normal 0 0 1
    outer loop
      vertex 14.6999 -20.0418 10.8
      vertex 14.7013 -20.2527 10.8
      vertex 14.7038 -20.065 10.8
    endloop
  endfacet
  facet normal 0 0 1
    outer loop
      vertex 14.6999 -20.0418 10.8
      vertex 14.6969 -20.2759 10.8
      vertex 14.7013 -20.2527 10.8
    endloop
  endfacet
  facet normal 0 0 1
    outer loop
      vertex 14.6952 -20.0187 10.8
      vertex 14.6969 -20.2759 10.8
      vertex 14.6999 -20.0418 10.8
    endloop
  endfacet
  facet normal 0 0 1
    outer loop
      vertex 14.6952 -20.0187 10.8
      vertex 14.6915 -20.2988 10.8
      vertex 14.6969 -20.2759 10.8
    endloop
  endfacet
  facet normal 0 0 1
    outer loop
      vertex 14.6895 -19.9958 10.8
      vertex 14.6915 -20.2988 10.8
      vertex 14.6952 -20.0187 10.8
    endloop
  endfacet
  facet normal 0 0 1
    outer loop
      vertex 14.6895 -19.9958 10.8
      vertex 14.6853 -20.3215 10.8
      vertex 14.6915 -20.2988 10.8
    endloop
  endfacet
  facet normal 0 0 1
    outer loop
      vertex 14.683 -19.9732 10.8
      vertex 14.6853 -20.3215 10.8
      vertex 14.6895 -19.9958 10.8
    endloop
  endfacet
  facet normal 0 0 1
    outer loop
      vertex 14.683 -19.9732 10.8
      vertex 14.6781 -20.344 10.8
      vertex 14.6853 -20.3215 10.8
    endloop
  endfacet
  facet normal 0 0 1
    outer loop
      vertex 14.6756 -19.9508 10.8
      vertex 14.6781 -20.344 10.8
      vertex 14.683 -19.9732 10.8
    endloop
  endfacet
  facet normal 0 0 1
    outer loop
      vertex 14.6756 -19.9508 10.8
      vertex 14.6701 -20.3661 10.8
      vertex 14.6781 -20.344 10.8
    endloop
  endfacet
  facet normal 0 0 1
    outer loop
      vertex 14.6673 -19.9288 10.8
      vertex 14.6701 -20.3661 10.8
      vertex 14.6756 -19.9508 10.8
    endloop
  endfacet
  facet normal 0 0 1
    outer loop
      vertex 14.6673 -19.9288 10.8
      vertex 14.6612 -20.388 10.8
      vertex 14.6701 -20.3661 10.8
    endloop
  endfacet
  facet normal 0 0 1
    outer loop
      vertex 14.6581 -19.9071 10.8
      vertex 14.6612 -20.388 10.8
      vertex 14.6673 -19.9288 10.8
    endloop
  endfacet
  facet normal 0 0 1
    outer loop
      vertex 14.6581 -19.9071 10.8
      vertex 14.6515 -20.4094 10.8
      vertex 14.6612 -20.388 10.8
    endloop
  endfacet
  facet normal 0 0 1
    outer loop
      vertex 14.6481 -19.8858 10.8
      vertex 14.6515 -20.4094 10.8
      vertex 14.6581 -19.9071 10.8
    endloop
  endfacet
  facet normal 0 0 1
    outer loop
      vertex 14.6481 -19.8858 10.8
      vertex 14.641 -20.4305 10.8
      vertex 14.6515 -20.4094 10.8
    endloop
  endfacet
  facet normal 0 0 1
    outer loop
      vertex 14.6481 -19.8858 10.8
      vertex 14.6296 -20.4511 10.8
      vertex 14.641 -20.4305 10.8
    endloop
  endfacet
  facet normal 0 0 1
    outer loop
      vertex 14.6481 -19.8858 10.8
      vertex 14.6174 -20.4713 10.8
      vertex 14.6296 -20.4511 10.8
    endloop
  endfacet
  facet normal 0 0 1
    outer loop
      vertex 14.6481 -19.8858 10.8
      vertex 14.6044 -20.491 10.8
      vertex 14.6174 -20.4713 10.8
    endloop
  endfacet
  facet normal 0 0 1
    outer loop
      vertex 14.6481 -19.8858 10.8
      vertex 14.5907 -20.5101 10.8
      vertex 14.6044 -20.491 10.8
    endloop
  endfacet
  facet normal 0 0 1
    outer loop
      vertex 14.6481 -19.8858 10.8
      vertex 14.5762 -20.5287 10.8
      vertex 14.5907 -20.5101 10.8
    endloop
  endfacet
  facet normal 0 0 1
    outer loop
      vertex 14.6481 -19.8858 10.8
      vertex 14.5611 -20.5467 10.8
      vertex 14.5762 -20.5287 10.8
    endloop
  endfacet
  facet normal 0 0 1
    outer loop
      vertex 14.6481 -19.8858 10.8
      vertex 14.5452 -20.5641 10.8
      vertex 14.5611 -20.5467 10.8
    endloop
  endfacet
  facet normal 0 0 1
    outer loop
      vertex 14.6481 -19.8858 10.8
      vertex 14.5286 -20.5809 10.8
      vertex 14.5452 -20.5641 10.8
    endloop
  endfacet
  facet normal 0 0 1
    outer loop
      vertex 14.6481 -19.8858 10.8
      vertex 14.5114 -20.597 10.8
      vertex 14.5286 -20.5809 10.8
    endloop
  endfacet
  facet normal 0 0 1
    outer loop
      vertex 14.6481 -19.8858 10.8
      vertex 14.4936 -20.6124 10.8
      vertex 14.5114 -20.597 10.8
    endloop
  endfacet
  facet normal 0 0 1
    outer loop
      vertex 14.6481 -19.8858 10.8
      vertex 14.4752 -20.6271 10.8
      vertex 14.4936 -20.6124 10.8
    endloop
  endfacet
  facet normal 0 0 1
    outer loop
      vertex 14.6481 -19.8858 10.8
      vertex 14.4563 -20.6411 10.8
      vertex 14.4752 -20.6271 10.8
    endloop
  endfacet
  facet normal -0 0 1
    outer loop
      vertex 13.1891 -20.0502 10.8
      vertex 14.4563 -20.6411 10.8
      vertex 14.6481 -19.8858 10.8
    endloop
  endfacet
  facet normal 0 0 1
    outer loop
      vertex 14.4563 -20.6411 10.8
      vertex 13.1891 -20.0502 10.8
      vertex 14.0916 -20.8917 10.8
    endloop
  endfacet
  facet normal 0 0 1
    outer loop
      vertex 14.0916 -20.8917 10.8
      vertex 13.1891 -20.0502 10.8
      vertex 13.7249 -21.1345 10.8
    endloop
  endfacet
  facet normal -0 0 1
    outer loop
      vertex 13.0713 -20.1281 10.8
      vertex 13.7249 -21.1345 10.8
      vertex 13.1891 -20.0502 10.8
    endloop
  endfacet
  facet normal 0 0 1
    outer loop
      vertex 10.6603 -11.9273 10.8
      vertex 13.1891 -20.0502 10.8
      vertex 14.6481 -19.8858 10.8
    endloop
  endfacet
  facet normal -0 0 1
    outer loop
      vertex 9.12487 -7.79338 10.8
      vertex 12.1665 -10.3912 10.8
      vertex 9.4238 -7.42913 10.8
    endloop
  endfacet
  facet normal 0 0 1
    outer loop
      vertex 12.1665 -10.3912 10.8
      vertex 9.12487 -7.79338 10.8
      vertex 11.7491 -10.8608 10.8
    endloop
  endfacet
  facet normal -0 0 1
    outer loop
      vertex 8.81187 -8.14561 10.8
      vertex 11.7491 -10.8608 10.8
      vertex 9.12487 -7.79338 10.8
    endloop
  endfacet
  facet normal 0 0 1
    outer loop
      vertex 11.7491 -10.8608 10.8
      vertex 8.81187 -8.14561 10.8
      vertex 11.3137 -11.3137 10.8
    endloop
  endfacet
  facet normal -0 0 1
    outer loop
      vertex 8.48528 -8.48528 10.8
      vertex 11.3137 -11.3137 10.8
      vertex 8.81187 -8.14561 10.8
    endloop
  endfacet
  facet normal 0 0 1
    outer loop
      vertex 11.3137 -11.3137 10.8
      vertex 8.48528 -8.48528 10.8
      vertex 10.8608 -11.7491 10.8
    endloop
  endfacet
  facet normal -0 0 1
    outer loop
      vertex 8.14561 -8.81187 10.8
      vertex 10.8608 -11.7491 10.8
      vertex 8.48528 -8.48528 10.8
    endloop
  endfacet
  facet normal 0 0 1
    outer loop
      vertex 10.8608 -11.7491 10.8
      vertex 8.14561 -8.81187 10.8
      vertex 10.6603 -11.9273 10.8
    endloop
  endfacet
  facet normal -0 0 1
    outer loop
      vertex 7.79338 -9.12487 10.8
      vertex 10.6603 -11.9273 10.8
      vertex 8.14561 -8.81187 10.8
    endloop
  endfacet
  facet normal -0 0 1
    outer loop
      vertex 7.42913 -9.4238 10.8
      vertex 10.6603 -11.9273 10.8
      vertex 7.79338 -9.12487 10.8
    endloop
  endfacet
  facet normal 0 0 1
    outer loop
      vertex 10.6603 -11.9273 10.8
      vertex 7.56215 -14.0966 10.8
      vertex 13.1891 -20.0502 10.8
    endloop
  endfacet
  facet normal -0 0 1
    outer loop
      vertex 7.05342 -9.7082 10.8
      vertex 10.6603 -11.9273 10.8
      vertex 7.42913 -9.4238 10.8
    endloop
  endfacet
  facet normal 0 0 1
    outer loop
      vertex 10.6603 -11.9273 10.8
      vertex 7.05342 -9.7082 10.8
      vertex 7.56215 -14.0966 10.8
    endloop
  endfacet
  facet normal -0 0 1
    outer loop
      vertex 6.66684 -9.97763 10.8
      vertex 7.56215 -14.0966 10.8
      vertex 7.05342 -9.7082 10.8
    endloop
  endfacet
  facet normal -0 0 1
    outer loop
      vertex 6.26998 -10.2317 10.8
      vertex 7.56215 -14.0966 10.8
      vertex 6.66684 -9.97763 10.8
    endloop
  endfacet
  facet normal -0 0 1
    outer loop
      vertex 5.86345 -10.47 10.8
      vertex 7.56215 -14.0966 10.8
      vertex 6.26998 -10.2317 10.8
    endloop
  endfacet
  facet normal -0 0 1
    outer loop
      vertex 5.44789 -10.6921 10.8
      vertex 7.56215 -14.0966 10.8
      vertex 5.86345 -10.47 10.8
    endloop
  endfacet
  facet normal 0 0 1
    outer loop
      vertex 7.56215 -14.0966 10.8
      vertex 5.44789 -10.6921 10.8
      vertex 7.26384 -14.2561 10.8
    endloop
  endfacet
  facet normal 0 0 1
    outer loop
      vertex 7.26384 -14.2561 10.8
      vertex 5.44789 -10.6921 10.8
      vertex 6.69855 -14.5303 10.8
    endloop
  endfacet
  facet normal -0 0 1
    outer loop
      vertex 5.02392 -10.8977 10.8
      vertex 6.69855 -14.5303 10.8
      vertex 5.44789 -10.6921 10.8
    endloop
  endfacet
  facet normal 0 0 1
    outer loop
      vertex 6.69855 -14.5303 10.8
      vertex 5.02392 -10.8977 10.8
      vertex 6.12292 -14.7821 10.8
    endloop
  endfacet
  facet normal -0 0 1
    outer loop
      vertex 4.5922 -11.0866 10.8
      vertex 6.12292 -14.7821 10.8
      vertex 5.02392 -10.8977 10.8
    endloop
  endfacet
  facet normal 0 0 1
    outer loop
      vertex 6.12292 -14.7821 10.8
      vertex 4.5922 -11.0866 10.8
      vertex 5.53787 -15.011 10.8
    endloop
  endfacet
  facet normal -0 0 1
    outer loop
      vertex 4.1534 -11.2583 10.8
      vertex 5.53787 -15.011 10.8
      vertex 4.5922 -11.0866 10.8
    endloop
  endfacet
  facet normal 0 0 1
    outer loop
      vertex 5.53787 -15.011 10.8
      vertex 4.1534 -11.2583 10.8
      vertex 4.94426 -15.2169 10.8
    endloop
  endfacet
  facet normal -0 0 1
    outer loop
      vertex 3.7082 -11.4127 10.8
      vertex 4.94426 -15.2169 10.8
      vertex 4.1534 -11.2583 10.8
    endloop
  endfacet
  facet normal 0 0 1
    outer loop
      vertex 4.94426 -15.2169 10.8
      vertex 3.7082 -11.4127 10.8
      vertex 4.34303 -15.3993 10.8
    endloop
  endfacet
  facet normal -0 0 1
    outer loop
      vertex 3.25729 -11.5495 10.8
      vertex 4.34303 -15.3993 10.8
      vertex 3.7082 -11.4127 10.8
    endloop
  endfacet
  facet normal 0 0 1
    outer loop
      vertex 4.34303 -15.3993 10.8
      vertex 3.25729 -11.5495 10.8
      vertex 3.73512 -15.5579 10.8
    endloop
  endfacet
  facet normal -0 0 1
    outer loop
      vertex 2.80134 -11.6684 10.8
      vertex 3.73512 -15.5579 10.8
      vertex 3.25729 -11.5495 10.8
    endloop
  endfacet
  facet normal 0 0 1
    outer loop
      vertex 3.73512 -15.5579 10.8
      vertex 2.80134 -11.6684 10.8
      vertex 3.12144 -15.6926 10.8
    endloop
  endfacet
  facet normal -0 0 1
    outer loop
      vertex 2.34108 -11.7694 10.8
      vertex 3.12144 -15.6926 10.8
      vertex 2.80134 -11.6684 10.8
    endloop
  endfacet
  facet normal 0 0 1
    outer loop
      vertex 3.12144 -15.6926 10.8
      vertex 2.34108 -11.7694 10.8
      vertex 2.50294 -15.803 10.8
    endloop
  endfacet
  facet normal -0 0 1
    outer loop
      vertex 1.87721 -11.8523 10.8
      vertex 2.50294 -15.803 10.8
      vertex 2.34108 -11.7694 10.8
    endloop
  endfacet
  facet normal 0 0 1
    outer loop
      vertex 2.50294 -15.803 10.8
      vertex 1.87721 -11.8523 10.8
      vertex 1.88058 -15.8891 10.8
    endloop
  endfacet
  facet normal -0 0 1
    outer loop
      vertex 1.41045 -11.9168 10.8
      vertex 1.88058 -15.8891 10.8
      vertex 1.87721 -11.8523 10.8
    endloop
  endfacet
  facet normal 0 0 1
    outer loop
      vertex 1.41045 -11.9168 10.8
      vertex 1.25534 -15.9507 10.8
      vertex 1.88058 -15.8891 10.8
    endloop
  endfacet
  facet normal -0 0 1
    outer loop
      vertex 0.941508 -11.963 10.8
      vertex 1.25534 -15.9507 10.8
      vertex 1.41045 -11.9168 10.8
    endloop
  endfacet
  facet normal 0 0 1
    outer loop
      vertex 0.941508 -11.963 10.8
      vertex 0.628143 -15.9877 10.8
      vertex 1.25534 -15.9507 10.8
    endloop
  endfacet
  facet normal -0 0 1
    outer loop
      vertex 0.471117 -11.9907 10.8
      vertex 0.628143 -15.9877 10.8
      vertex 0.941508 -11.963 10.8
    endloop
  endfacet
  facet normal -0 0 1
    outer loop
      vertex 0 -12 10.8
      vertex 0.628143 -15.9877 10.8
      vertex 0.471117 -11.9907 10.8
    endloop
  endfacet
  facet normal 0 0 1
    outer loop
      vertex 0 -12 10.8
      vertex 0 -16 10.8
      vertex 0.628143 -15.9877 10.8
    endloop
  endfacet
  facet normal 0 0 1
    outer loop
      vertex -0.471117 -11.9907 10.8
      vertex 0 -16 10.8
      vertex 0 -12 10.8
    endloop
  endfacet
  facet normal 0 0 1
    outer loop
      vertex -0.471117 -11.9907 10.8
      vertex -0.628143 -15.9877 10.8
      vertex 0 -16 10.8
    endloop
  endfacet
  facet normal 0 0 1
    outer loop
      vertex -0.941508 -11.963 10.8
      vertex -0.628143 -15.9877 10.8
      vertex -0.471117 -11.9907 10.8
    endloop
  endfacet
  facet normal 0 0 1
    outer loop
      vertex -0.941508 -11.963 10.8
      vertex -1.25534 -15.9507 10.8
      vertex -0.628143 -15.9877 10.8
    endloop
  endfacet
  facet normal 0 0 1
    outer loop
      vertex -1.41045 -11.9168 10.8
      vertex -1.25534 -15.9507 10.8
      vertex -0.941508 -11.963 10.8
    endloop
  endfacet
  facet normal 0 0 1
    outer loop
      vertex -1.88058 -15.8891 10.8
      vertex -1.41045 -11.9168 10.8
      vertex -1.87721 -11.8523 10.8
    endloop
  endfacet
  facet normal 0 0 1
    outer loop
      vertex -1.41045 -11.9168 10.8
      vertex -1.88058 -15.8891 10.8
      vertex -1.25534 -15.9507 10.8
    endloop
  endfacet
  facet normal 0 0 1
    outer loop
      vertex -2.50294 -15.803 10.8
      vertex -1.87721 -11.8523 10.8
      vertex -2.34108 -11.7694 10.8
    endloop
  endfacet
  facet normal 0 0 1
    outer loop
      vertex -1.87721 -11.8523 10.8
      vertex -2.50294 -15.803 10.8
      vertex -1.88058 -15.8891 10.8
    endloop
  endfacet
  facet normal 0 0 1
    outer loop
      vertex -3.12144 -15.6926 10.8
      vertex -2.34108 -11.7694 10.8
      vertex -2.80134 -11.6684 10.8
    endloop
  endfacet
  facet normal 0 0 1
    outer loop
      vertex -2.34108 -11.7694 10.8
      vertex -3.12144 -15.6926 10.8
      vertex -2.50294 -15.803 10.8
    endloop
  endfacet
  facet normal 0 0 1
    outer loop
      vertex -3.73512 -15.5579 10.8
      vertex -2.80134 -11.6684 10.8
      vertex -3.25729 -11.5495 10.8
    endloop
  endfacet
  facet normal 0 0 1
    outer loop
      vertex -4.34303 -15.3993 10.8
      vertex -3.25729 -11.5495 10.8
      vertex -3.7082 -11.4127 10.8
    endloop
  endfacet
  facet normal 0 0 1
    outer loop
      vertex -2.80134 -11.6684 10.8
      vertex -3.73512 -15.5579 10.8
      vertex -3.12144 -15.6926 10.8
    endloop
  endfacet
  facet normal 0 0 1
    outer loop
      vertex -4.94426 -15.2169 10.8
      vertex -3.7082 -11.4127 10.8
      vertex -4.1534 -11.2583 10.8
    endloop
  endfacet
  facet normal 0 0 1
    outer loop
      vertex -3.25729 -11.5495 10.8
      vertex -4.34303 -15.3993 10.8
      vertex -3.73512 -15.5579 10.8
    endloop
  endfacet
  facet normal 0 0 1
    outer loop
      vertex -5.53787 -15.011 10.8
      vertex -4.1534 -11.2583 10.8
      vertex -4.5922 -11.0866 10.8
    endloop
  endfacet
  facet normal 0 0 1
    outer loop
      vertex -3.7082 -11.4127 10.8
      vertex -4.94426 -15.2169 10.8
      vertex -4.34303 -15.3993 10.8
    endloop
  endfacet
  facet normal 0 0 1
    outer loop
      vertex -6.12292 -14.7821 10.8
      vertex -4.5922 -11.0866 10.8
      vertex -5.02392 -10.8977 10.8
    endloop
  endfacet
  facet normal 0 0 1
    outer loop
      vertex -6.69855 -14.5303 10.8
      vertex -5.02392 -10.8977 10.8
      vertex -5.44789 -10.6921 10.8
    endloop
  endfacet
  facet normal 0 0 1
    outer loop
      vertex -4.1534 -11.2583 10.8
      vertex -5.53787 -15.011 10.8
      vertex -4.94426 -15.2169 10.8
    endloop
  endfacet
  facet normal 0 0 1
    outer loop
      vertex -7.26384 -14.2561 10.8
      vertex -5.44789 -10.6921 10.8
      vertex -5.86345 -10.47 10.8
    endloop
  endfacet
  facet normal 0 0 1
    outer loop
      vertex -4.5922 -11.0866 10.8
      vertex -6.12292 -14.7821 10.8
      vertex -5.53787 -15.011 10.8
    endloop
  endfacet
  facet normal 0 0 1
    outer loop
      vertex -7.81793 -13.9599 10.8
      vertex -5.86345 -10.47 10.8
      vertex -6.26998 -10.2317 10.8
    endloop
  endfacet
  facet normal 0 0 1
    outer loop
      vertex -8.35997 -13.6422 10.8
      vertex -6.26998 -10.2317 10.8
      vertex -6.66684 -9.97763 10.8
    endloop
  endfacet
  facet normal 0 0 1
    outer loop
      vertex -5.02392 -10.8977 10.8
      vertex -6.69855 -14.5303 10.8
      vertex -6.12292 -14.7821 10.8
    endloop
  endfacet
  facet normal 0 0 1
    outer loop
      vertex -8.88911 -13.3035 10.8
      vertex -6.66684 -9.97763 10.8
      vertex -7.05342 -9.7082 10.8
    endloop
  endfacet
  facet normal 0 0 1
    outer loop
      vertex -5.44789 -10.6921 10.8
      vertex -7.26384 -14.2561 10.8
      vertex -6.69855 -14.5303 10.8
    endloop
  endfacet
  facet normal 0 0 1
    outer loop
      vertex -9.40456 -12.9443 10.8
      vertex -7.05342 -9.7082 10.8
      vertex -7.42913 -9.4238 10.8
    endloop
  endfacet
  facet normal 0 0 1
    outer loop
      vertex -9.9055 -12.5651 10.8
      vertex -7.42913 -9.4238 10.8
      vertex -7.79338 -9.12487 10.8
    endloop
  endfacet
  facet normal 0 0 1
    outer loop
      vertex -5.86345 -10.47 10.8
      vertex -7.81793 -13.9599 10.8
      vertex -7.26384 -14.2561 10.8
    endloop
  endfacet
  facet normal 0 0 1
    outer loop
      vertex -10.3912 -12.1665 10.8
      vertex -7.79338 -9.12487 10.8
      vertex -8.14561 -8.81187 10.8
    endloop
  endfacet
  facet normal 0 0 1
    outer loop
      vertex -6.26998 -10.2317 10.8
      vertex -8.35997 -13.6422 10.8
      vertex -7.81793 -13.9599 10.8
    endloop
  endfacet
  facet normal 0 0 1
    outer loop
      vertex -10.8608 -11.7491 10.8
      vertex -8.14561 -8.81187 10.8
      vertex -8.48528 -8.48528 10.8
    endloop
  endfacet
  facet normal 0 0 1
    outer loop
      vertex -11.3137 -11.3137 10.8
      vertex -8.48528 -8.48528 10.8
      vertex -8.81187 -8.14561 10.8
    endloop
  endfacet
  facet normal 0 0 1
    outer loop
      vertex -6.66684 -9.97763 10.8
      vertex -8.88911 -13.3035 10.8
      vertex -8.35997 -13.6422 10.8
    endloop
  endfacet
  facet normal 0 0 1
    outer loop
      vertex -11.7491 -10.8608 10.8
      vertex -8.81187 -8.14561 10.8
      vertex -9.12487 -7.79338 10.8
    endloop
  endfacet
  facet normal 0 0 1
    outer loop
      vertex -7.05342 -9.7082 10.8
      vertex -9.40456 -12.9443 10.8
      vertex -8.88911 -13.3035 10.8
    endloop
  endfacet
  facet normal 0 0 1
    outer loop
      vertex -12.1665 -10.3912 10.8
      vertex -9.12487 -7.79338 10.8
      vertex -9.4238 -7.42913 10.8
    endloop
  endfacet
  facet normal 0 0 1
    outer loop
      vertex -12.5651 -9.9055 10.8
      vertex -9.4238 -7.42913 10.8
      vertex -9.7082 -7.05342 10.8
    endloop
  endfacet
  facet normal 0 0 1
    outer loop
      vertex -7.42913 -9.4238 10.8
      vertex -9.9055 -12.5651 10.8
      vertex -9.40456 -12.9443 10.8
    endloop
  endfacet
  facet normal 0 0 1
    outer loop
      vertex -12.9443 -9.40456 10.8
      vertex -9.7082 -7.05342 10.8
      vertex -9.97763 -6.66684 10.8
    endloop
  endfacet
  facet normal 0 0 1
    outer loop
      vertex -13.3035 -8.88911 10.8
      vertex -9.97763 -6.66684 10.8
      vertex -10.2317 -6.26998 10.8
    endloop
  endfacet
  facet normal 0 0 1
    outer loop
      vertex -7.79338 -9.12487 10.8
      vertex -10.3912 -12.1665 10.8
      vertex -9.9055 -12.5651 10.8
    endloop
  endfacet
  facet normal 0 0 1
    outer loop
      vertex -13.6422 -8.35997 10.8
      vertex -10.2317 -6.26998 10.8
      vertex -10.47 -5.86345 10.8
    endloop
  endfacet
  facet normal 0 0 1
    outer loop
      vertex -13.9599 -7.81793 10.8
      vertex -10.47 -5.86345 10.8
      vertex -10.6921 -5.44789 10.8
    endloop
  endfacet
  facet normal 0 0 1
    outer loop
      vertex -8.14561 -8.81187 10.8
      vertex -10.8608 -11.7491 10.8
      vertex -10.3912 -12.1665 10.8
    endloop
  endfacet
  facet normal 0 0 1
    outer loop
      vertex -14.2561 -7.26384 10.8
      vertex -10.6921 -5.44789 10.8
      vertex -10.8977 -5.02392 10.8
    endloop
  endfacet
  facet normal 0 0 1
    outer loop
      vertex -14.5303 -6.69855 10.8
      vertex -10.8977 -5.02392 10.8
      vertex -11.0866 -4.5922 10.8
    endloop
  endfacet
  facet normal 0 0 1
    outer loop
      vertex -14.7821 -6.12292 10.8
      vertex -11.0866 -4.5922 10.8
      vertex -11.2583 -4.1534 10.8
    endloop
  endfacet
  facet normal 0 0 1
    outer loop
      vertex -8.48528 -8.48528 10.8
      vertex -11.3137 -11.3137 10.8
      vertex -10.8608 -11.7491 10.8
    endloop
  endfacet
  facet normal 0 0 1
    outer loop
      vertex -15.011 -5.53787 10.8
      vertex -11.2583 -4.1534 10.8
      vertex -11.4127 -3.7082 10.8
    endloop
  endfacet
  facet normal 0 0 1
    outer loop
      vertex -15.2169 -4.94426 10.8
      vertex -11.4127 -3.7082 10.8
      vertex -11.5495 -3.25729 10.8
    endloop
  endfacet
  facet normal 0 0 1
    outer loop
      vertex -15.3993 -4.34303 10.8
      vertex -11.5495 -3.25729 10.8
      vertex -11.6684 -2.80134 10.8
    endloop
  endfacet
  facet normal 0 0 1
    outer loop
      vertex -8.81187 -8.14561 10.8
      vertex -11.7491 -10.8608 10.8
      vertex -11.3137 -11.3137 10.8
    endloop
  endfacet
  facet normal 0 0 1
    outer loop
      vertex -15.6603 -3.26834 10.8
      vertex -11.6684 -2.80134 10.8
      vertex -11.7694 -2.34108 10.8
    endloop
  endfacet
  facet normal 0 0 1
    outer loop
      vertex -15.6603 -3.26834 10.8
      vertex -11.7694 -2.34108 10.8
      vertex -11.8523 -1.87721 10.8
    endloop
  endfacet
  facet normal 0 0 1
    outer loop
      vertex -15.6603 -3.26834 10.8
      vertex -11.8523 -1.87721 10.8
      vertex -11.9168 -1.41045 10.8
    endloop
  endfacet
  facet normal 0 0 1
    outer loop
      vertex -15.6603 -3.26834 10.8
      vertex -11.9168 -1.41045 10.8
      vertex -11.963 -0.941508 10.8
    endloop
  endfacet
  facet normal 0 0 1
    outer loop
      vertex -15.9902 0.499069 10.8
      vertex -11.963 -0.941508 10.8
      vertex -11.9907 -0.471117 10.8
    endloop
  endfacet
  facet normal 0 0 1
    outer loop
      vertex -9.12487 -7.79338 10.8
      vertex -12.1665 -10.3912 10.8
      vertex -11.7491 -10.8608 10.8
    endloop
  endfacet
  facet normal 0 0 1
    outer loop
      vertex -15.9902 0.499069 10.8
      vertex -11.9907 -0.471117 10.8
      vertex -12 0 10.8
    endloop
  endfacet
  facet normal 0 0 1
    outer loop
      vertex -11.2583 4.1534 10.8
      vertex -15.011 5.53787 10.8
      vertex -11.4127 3.7082 10.8
    endloop
  endfacet
  facet normal -0 0 1
    outer loop
      vertex -15.2169 4.94426 10.8
      vertex -11.4127 3.7082 10.8
      vertex -15.011 5.53787 10.8
    endloop
  endfacet
  facet normal 0 0 1
    outer loop
      vertex -9.4238 -7.42913 10.8
      vertex -12.5651 -9.9055 10.8
      vertex -12.1665 -10.3912 10.8
    endloop
  endfacet
  facet normal 0 0 1
    outer loop
      vertex -11.4127 3.7082 10.8
      vertex -15.2169 4.94426 10.8
      vertex -11.5495 3.25729 10.8
    endloop
  endfacet
  facet normal 0 0 1
    outer loop
      vertex -9.7082 -7.05342 10.8
      vertex -12.9443 -9.40456 10.8
      vertex -12.5651 -9.9055 10.8
    endloop
  endfacet
  facet normal -0 0 1
    outer loop
      vertex -15.3993 4.34303 10.8
      vertex -11.5495 3.25729 10.8
      vertex -15.2169 4.94426 10.8
    endloop
  endfacet
  facet normal 0 0 1
    outer loop
      vertex -9.97763 -6.66684 10.8
      vertex -13.3035 -8.88911 10.8
      vertex -12.9443 -9.40456 10.8
    endloop
  endfacet
  facet normal 0 0 1
    outer loop
      vertex -11.5495 3.25729 10.8
      vertex -15.3993 4.34303 10.8
      vertex -11.6684 2.80134 10.8
    endloop
  endfacet
  facet normal 0 0 1
    outer loop
      vertex -10.2317 -6.26998 10.8
      vertex -13.6422 -8.35997 10.8
      vertex -13.3035 -8.88911 10.8
    endloop
  endfacet
  facet normal -0 0 1
    outer loop
      vertex -15.5579 3.73512 10.8
      vertex -11.6684 2.80134 10.8
      vertex -15.3993 4.34303 10.8
    endloop
  endfacet
  facet normal 0 0 1
    outer loop
      vertex -10.47 -5.86345 10.8
      vertex -13.9599 -7.81793 10.8
      vertex -13.6422 -8.35997 10.8
    endloop
  endfacet
  facet normal 0 0 1
    outer loop
      vertex -11.6684 2.80134 10.8
      vertex -15.5579 3.73512 10.8
      vertex -11.7694 2.34108 10.8
    endloop
  endfacet
  facet normal 0 0 1
    outer loop
      vertex -10.6921 -5.44789 10.8
      vertex -14.2561 -7.26384 10.8
      vertex -13.9599 -7.81793 10.8
    endloop
  endfacet
  facet normal -0 0 1
    outer loop
      vertex -15.6926 3.12144 10.8
      vertex -11.7694 2.34108 10.8
      vertex -15.5579 3.73512 10.8
    endloop
  endfacet
  facet normal 0 0 1
    outer loop
      vertex -10.8977 -5.02392 10.8
      vertex -14.5303 -6.69855 10.8
      vertex -14.2561 -7.26384 10.8
    endloop
  endfacet
  facet normal 0 0 1
    outer loop
      vertex -11.7694 2.34108 10.8
      vertex -15.6926 3.12144 10.8
      vertex -11.8523 1.87721 10.8
    endloop
  endfacet
  facet normal 0 0 1
    outer loop
      vertex -11.0866 -4.5922 10.8
      vertex -14.7821 -6.12292 10.8
      vertex -14.5303 -6.69855 10.8
    endloop
  endfacet
  facet normal -0 0 1
    outer loop
      vertex -15.803 2.50294 10.8
      vertex -11.8523 1.87721 10.8
      vertex -15.6926 3.12144 10.8
    endloop
  endfacet
  facet normal 0 0 1
    outer loop
      vertex -11.2583 -4.1534 10.8
      vertex -15.011 -5.53787 10.8
      vertex -14.7821 -6.12292 10.8
    endloop
  endfacet
  facet normal 0 0 1
    outer loop
      vertex -11.8523 1.87721 10.8
      vertex -15.803 2.50294 10.8
      vertex -11.9168 1.41045 10.8
    endloop
  endfacet
  facet normal 0 0 1
    outer loop
      vertex -11.4127 -3.7082 10.8
      vertex -15.2169 -4.94426 10.8
      vertex -15.011 -5.53787 10.8
    endloop
  endfacet
  facet normal -0 0 1
    outer loop
      vertex -15.8891 1.88058 10.8
      vertex -11.9168 1.41045 10.8
      vertex -15.803 2.50294 10.8
    endloop
  endfacet
  facet normal 0 0 1
    outer loop
      vertex -11.5495 -3.25729 10.8
      vertex -15.3993 -4.34303 10.8
      vertex -15.2169 -4.94426 10.8
    endloop
  endfacet
  facet normal 0 0 1
    outer loop
      vertex -11.9168 1.41045 10.8
      vertex -15.8891 1.88058 10.8
      vertex -11.963 0.941508 10.8
    endloop
  endfacet
  facet normal 0 0 1
    outer loop
      vertex -11.6684 -2.80134 10.8
      vertex -15.5579 -3.73512 10.8
      vertex -15.3993 -4.34303 10.8
    endloop
  endfacet
  facet normal 0 0 1
    outer loop
      vertex -11.6684 -2.80134 10.8
      vertex -15.6603 -3.26834 10.8
      vertex -15.5579 -3.73512 10.8
    endloop
  endfacet
  facet normal -0 0 1
    outer loop
      vertex -15.9507 1.25534 10.8
      vertex -11.963 0.941508 10.8
      vertex -15.8891 1.88058 10.8
    endloop
  endfacet
  facet normal 0 0 1
    outer loop
      vertex -11.963 0.941508 10.8
      vertex -15.9507 1.25534 10.8
      vertex -11.9907 0.471117 10.8
    endloop
  endfacet
  facet normal -0 0 1
    outer loop
      vertex -15.9877 0.628143 10.8
      vertex -11.9907 0.471117 10.8
      vertex -15.9507 1.25534 10.8
    endloop
  endfacet
  facet normal -0 0 1
    outer loop
      vertex -15.9902 0.499069 10.8
      vertex -11.9907 0.471117 10.8
      vertex -15.9877 0.628143 10.8
    endloop
  endfacet
  facet normal 0 0 1
    outer loop
      vertex -11.9907 0.471117 10.8
      vertex -15.9902 0.499069 10.8
      vertex -12 0 10.8
    endloop
  endfacet
  facet normal 0 0 1
    outer loop
      vertex -11.963 -0.941508 10.8
      vertex -15.9902 0.499069 10.8
      vertex -15.6603 -3.26834 10.8
    endloop
  endfacet
  facet normal -0 0 1
    outer loop
      vertex -23.9585 -1.39697 10.8
      vertex -15.6603 -3.26834 10.8
      vertex -15.9902 0.499069 10.8
    endloop
  endfacet
  facet normal -0 0 1
    outer loop
      vertex -24.9547 3.50716 10.8
      vertex -23.7664 3.34015 10.8
      vertex -24.8897 3.94214 10.8
    endloop
  endfacet
  facet normal 0 0 1
    outer loop
      vertex -23.7664 3.34015 10.8
      vertex -24.9547 3.50716 10.8
      vertex -23.8211 2.92485 10.8
    endloop
  endfacet
  facet normal -0 0 1
    outer loop
      vertex -25.0121 3.07109 10.8
      vertex -23.8211 2.92485 10.8
      vertex -24.9547 3.50716 10.8
    endloop
  endfacet
  facet normal 0 0 1
    outer loop
      vertex -23.8211 2.92485 10.8
      vertex -25.0121 3.07109 10.8
      vertex -23.8685 2.50868 10.8
    endloop
  endfacet
  facet normal -0 0 1
    outer loop
      vertex -25.0619 2.63411 10.8
      vertex -23.8685 2.50868 10.8
      vertex -25.0121 3.07109 10.8
    endloop
  endfacet
  facet normal 0 0 1
    outer loop
      vertex -23.8685 2.50868 10.8
      vertex -25.0619 2.63411 10.8
      vertex -23.9086 2.09172 10.8
    endloop
  endfacet
  facet normal -0 0 1
    outer loop
      vertex -25.1041 2.19632 10.8
      vertex -23.9086 2.09172 10.8
      vertex -25.0619 2.63411 10.8
    endloop
  endfacet
  facet normal 0 0 1
    outer loop
      vertex -23.9585 -1.39697 10.8
      vertex -24.5456 -2.74274 10.8
      vertex -15.6603 -3.26834 10.8
    endloop
  endfacet
  facet normal 0 0 1
    outer loop
      vertex -23.9086 2.09172 10.8
      vertex -25.1041 2.19632 10.8
      vertex -23.9415 1.67415 10.8
    endloop
  endfacet
  facet normal -0 0 1
    outer loop
      vertex -25.1386 1.75786 10.8
      vertex -23.9415 1.67415 10.8
      vertex -25.1041 2.19632 10.8
    endloop
  endfacet
  facet normal 0 0 1
    outer loop
      vertex -23.9415 1.67415 10.8
      vertex -25.1386 1.75786 10.8
      vertex -23.9671 1.25606 10.8
    endloop
  endfacet
  facet normal -0 0 1
    outer loop
      vertex -25.1655 1.31886 10.8
      vertex -23.9671 1.25606 10.8
      vertex -25.1386 1.75786 10.8
    endloop
  endfacet
  facet normal 0 0 1
    outer loop
      vertex -23.9671 1.25606 10.8
      vertex -25.1655 1.31886 10.8
      vertex -23.9854 0.83757 10.8
    endloop
  endfacet
  facet normal -0 0 1
    outer loop
      vertex -25.1846 0.879456 10.8
      vertex -23.9854 0.83757 10.8
      vertex -25.1655 1.31886 10.8
    endloop
  endfacet
  facet normal 0 0 1
    outer loop
      vertex -23.9854 0.83757 10.8
      vertex -25.1846 0.879456 10.8
      vertex -23.9963 0.418839 10.8
    endloop
  endfacet
  facet normal -0 0 1
    outer loop
      vertex -25.1961 0.439804 10.8
      vertex -23.9963 0.418839 10.8
      vertex -25.1846 0.879456 10.8
    endloop
  endfacet
  facet normal 0 0 1
    outer loop
      vertex -23.9963 0.418839 10.8
      vertex -25.1961 0.439804 10.8
      vertex -24 0 10.8
    endloop
  endfacet
  facet normal 0 0 1
    outer loop
      vertex -25.2 0 10.8
      vertex -24 0 10.8
      vertex -25.1961 0.439804 10.8
    endloop
  endfacet
  facet normal 0 0 1
    outer loop
      vertex -24 0 10.8
      vertex -25.2 0 10.8
      vertex -23.9963 -0.418854 10.8
    endloop
  endfacet
  facet normal 0 -0 1
    outer loop
      vertex -25.1961 -0.439789 10.8
      vertex -23.9963 -0.418854 10.8
      vertex -25.2 0 10.8
    endloop
  endfacet
  facet normal 0 0 1
    outer loop
      vertex -23.9963 -0.418854 10.8
      vertex -25.1961 -0.439789 10.8
      vertex -23.9854 -0.837585 10.8
    endloop
  endfacet
  facet normal 0 -0 1
    outer loop
      vertex -25.1846 -0.879471 10.8
      vertex -23.9854 -0.837585 10.8
      vertex -25.1961 -0.439789 10.8
    endloop
  endfacet
  facet normal 0 0 1
    outer loop
      vertex -23.9854 -0.837585 10.8
      vertex -25.1846 -0.879471 10.8
      vertex -23.9671 -1.25606 10.8
    endloop
  endfacet
  facet normal 0 -0 1
    outer loop
      vertex -25.1654 -1.31886 10.8
      vertex -23.9671 -1.25606 10.8
      vertex -25.1846 -0.879471 10.8
    endloop
  endfacet
  facet normal 0 0 1
    outer loop
      vertex -23.9671 -1.25606 10.8
      vertex -25.1654 -1.31886 10.8
      vertex -23.9585 -1.39697 10.8
    endloop
  endfacet
  facet normal 0 -0 1
    outer loop
      vertex -25.1386 -1.75784 10.8
      vertex -23.9585 -1.39697 10.8
      vertex -25.1654 -1.31886 10.8
    endloop
  endfacet
  facet normal 0 -0 1
    outer loop
      vertex -25.104 -2.1963 10.8
      vertex -23.9585 -1.39697 10.8
      vertex -25.1386 -1.75784 10.8
    endloop
  endfacet
  facet normal 0 0 1
    outer loop
      vertex -23.9585 -1.39697 10.8
      vertex -25.104 -2.1963 10.8
      vertex -24.5456 -2.74274 10.8
    endloop
  endfacet
  facet normal 0 0 1
    outer loop
      vertex -24.5456 -2.74274 10.8
      vertex -25.104 -2.1963 10.8
      vertex -24.5691 -2.74074 10.8
    endloop
  endfacet
  facet normal 0 0 1
    outer loop
      vertex -24.5691 -2.74074 10.8
      vertex -25.104 -2.1963 10.8
      vertex -24.5925 -2.73781 10.8
    endloop
  endfacet
  facet normal 0 0 1
    outer loop
      vertex -24.5925 -2.73781 10.8
      vertex -25.104 -2.1963 10.8
      vertex -24.6157 -2.73398 10.8
    endloop
  endfacet
  facet normal 0 0 1
    outer loop
      vertex -24.6157 -2.73398 10.8
      vertex -25.104 -2.1963 10.8
      vertex -24.6388 -2.72923 10.8
    endloop
  endfacet
  facet normal 0 0 1
    outer loop
      vertex -24.6388 -2.72923 10.8
      vertex -25.104 -2.1963 10.8
      vertex -24.6617 -2.72357 10.8
    endloop
  endfacet
  facet normal 0 0 1
    outer loop
      vertex -24.6617 -2.72357 10.8
      vertex -25.104 -2.1963 10.8
      vertex -24.6843 -2.71704 10.8
    endloop
  endfacet
  facet normal 0 0 1
    outer loop
      vertex -24.6843 -2.71704 10.8
      vertex -25.104 -2.1963 10.8
      vertex -24.7066 -2.70961 10.8
    endloop
  endfacet
  facet normal 0 0 1
    outer loop
      vertex -24.7066 -2.70961 10.8
      vertex -25.104 -2.1963 10.8
      vertex -24.7287 -2.70131 10.8
    endloop
  endfacet
  facet normal 0 0 1
    outer loop
      vertex -24.7287 -2.70131 10.8
      vertex -25.104 -2.1963 10.8
      vertex -24.7504 -2.69215 10.8
    endloop
  endfacet
  facet normal 0 0 1
    outer loop
      vertex -24.7504 -2.69215 10.8
      vertex -25.104 -2.1963 10.8
      vertex -24.7718 -2.68214 10.8
    endloop
  endfacet
  facet normal 0 0 1
    outer loop
      vertex -24.7718 -2.68214 10.8
      vertex -25.104 -2.1963 10.8
      vertex -24.7927 -2.67131 10.8
    endloop
  endfacet
  facet normal 0 0 1
    outer loop
      vertex -24.7927 -2.67131 10.8
      vertex -25.104 -2.1963 10.8
      vertex -24.8131 -2.65967 10.8
    endloop
  endfacet
  facet normal 0 0 1
    outer loop
      vertex -24.8131 -2.65967 10.8
      vertex -25.104 -2.1963 10.8
      vertex -24.8332 -2.64723 10.8
    endloop
  endfacet
  facet normal 0 0 1
    outer loop
      vertex -24.8332 -2.64723 10.8
      vertex -25.104 -2.1963 10.8
      vertex -24.8527 -2.63402 10.8
    endloop
  endfacet
  facet normal 0 0 1
    outer loop
      vertex -24.8527 -2.63402 10.8
      vertex -25.104 -2.1963 10.8
      vertex -24.8716 -2.62004 10.8
    endloop
  endfacet
  facet normal 0 0 1
    outer loop
      vertex -24.8716 -2.62004 10.8
      vertex -25.104 -2.1963 10.8
      vertex -24.89 -2.60533 10.8
    endloop
  endfacet
  facet normal 0 0 1
    outer loop
      vertex -24.89 -2.60533 10.8
      vertex -25.104 -2.1963 10.8
      vertex -24.9079 -2.5899 10.8
    endloop
  endfacet
  facet normal 0 0 1
    outer loop
      vertex -24.9079 -2.5899 10.8
      vertex -25.104 -2.1963 10.8
      vertex -24.925 -2.57381 10.8
    endloop
  endfacet
  facet normal 0 0 1
    outer loop
      vertex -24.9416 -2.55704 10.8
      vertex -25.104 -2.1963 10.8
      vertex -24.9575 -2.53964 10.8
    endloop
  endfacet
  facet normal 0 0 1
    outer loop
      vertex -24.9575 -2.53964 10.8
      vertex -25.104 -2.1963 10.8
      vertex -24.9727 -2.52162 10.8
    endloop
  endfacet
  facet normal 0 0 1
    outer loop
      vertex -24.9727 -2.52162 10.8
      vertex -25.104 -2.1963 10.8
      vertex -24.9871 -2.50302 10.8
    endloop
  endfacet
  facet normal 0 0 1
    outer loop
      vertex -24.9871 -2.50302 10.8
      vertex -25.104 -2.1963 10.8
      vertex -25.0008 -2.48387 10.8
    endloop
  endfacet
  facet normal 0 0 1
    outer loop
      vertex -25.0576 -2.38087 10.8
      vertex -25.104 -2.1963 10.8
      vertex -25.0665 -2.35904 10.8
    endloop
  endfacet
  facet normal 0 0 1
    outer loop
      vertex -25.0665 -2.35904 10.8
      vertex -25.104 -2.1963 10.8
      vertex -25.0745 -2.33688 10.8
    endloop
  endfacet
  facet normal 0 0 1
    outer loop
      vertex -25.0817 -2.31444 10.8
      vertex -25.104 -2.1963 10.8
      vertex -25.0879 -2.29172 10.8
    endloop
  endfacet
  facet normal 0 0 1
    outer loop
      vertex -25.1012 -2.22235 10.8
      vertex -25.104 -2.1963 10.8
      vertex -25.1039 -2.19893 10.8
    endloop
  endfacet
  facet normal 0 0 1
    outer loop
      vertex -25.0879 -2.29172 10.8
      vertex -25.104 -2.1963 10.8
      vertex -25.0933 -2.26877 10.8
    endloop
  endfacet
  facet normal 0 0 1
    outer loop
      vertex -25.0933 -2.26877 10.8
      vertex -25.104 -2.1963 10.8
      vertex -25.0977 -2.24564 10.8
    endloop
  endfacet
  facet normal 0 0 1
    outer loop
      vertex -25.0977 -2.24564 10.8
      vertex -25.104 -2.1963 10.8
      vertex -25.1012 -2.22235 10.8
    endloop
  endfacet
  facet normal 0 0 1
    outer loop
      vertex -25.104 -2.1963 10.8
      vertex -25.1386 -1.75784 10.8
      vertex -25.1041 -2.19632 10.8
    endloop
  endfacet
  facet normal 0 0 1
    outer loop
      vertex -25.0745 -2.33688 10.8
      vertex -25.104 -2.1963 10.8
      vertex -25.0817 -2.31444 10.8
    endloop
  endfacet
  facet normal 0 0 1
    outer loop
      vertex -25.026 -2.44402 10.8
      vertex -25.104 -2.1963 10.8
      vertex -25.0374 -2.4234 10.8
    endloop
  endfacet
  facet normal 0 0 1
    outer loop
      vertex -25.0374 -2.4234 10.8
      vertex -25.104 -2.1963 10.8
      vertex -25.0479 -2.40233 10.8
    endloop
  endfacet
  facet normal 0 0 1
    outer loop
      vertex -25.0479 -2.40233 10.8
      vertex -25.104 -2.1963 10.8
      vertex -25.0576 -2.38087 10.8
    endloop
  endfacet
  facet normal 0 0 1
    outer loop
      vertex -25.0138 -2.46419 10.8
      vertex -25.104 -2.1963 10.8
      vertex -25.026 -2.44402 10.8
    endloop
  endfacet
  facet normal 0 0 1
    outer loop
      vertex -25.0008 -2.48387 10.8
      vertex -25.104 -2.1963 10.8
      vertex -25.0138 -2.46419 10.8
    endloop
  endfacet
  facet normal 0 0 1
    outer loop
      vertex -24.925 -2.57381 10.8
      vertex -25.104 -2.1963 10.8
      vertex -24.9416 -2.55704 10.8
    endloop
  endfacet
  facet normal 0 0 1
    outer loop
      vertex 13.7249 -21.1345 10.8
      vertex 13.0713 -20.1281 10.8
      vertex 13.354 -21.3708 10.8
    endloop
  endfacet
  facet normal -0 0 1
    outer loop
      vertex 12.718 -20.3531 10.8
      vertex 13.354 -21.3708 10.8
      vertex 13.0713 -20.1281 10.8
    endloop
  endfacet
  facet normal 0 0 1
    outer loop
      vertex 13.354 -21.3708 10.8
      vertex 12.718 -20.3531 10.8
      vertex 12.9789 -21.6006 10.8
    endloop
  endfacet
  facet normal -0 0 1
    outer loop
      vertex 12.3609 -20.572 10.8
      vertex 12.9789 -21.6006 10.8
      vertex 12.718 -20.3531 10.8
    endloop
  endfacet
  facet normal 0 0 1
    outer loop
      vertex 12.9789 -21.6006 10.8
      vertex 12.3609 -20.572 10.8
      vertex 12.6 -21.8238 10.8
    endloop
  endfacet
  facet normal -0 0 1
    outer loop
      vertex 12 -20.7846 10.8
      vertex 12.6 -21.8238 10.8
      vertex 12.3609 -20.572 10.8
    endloop
  endfacet
  facet normal 0 0 1
    outer loop
      vertex 12.6 -21.8238 10.8
      vertex 12 -20.7846 10.8
      vertex 12.2172 -22.0404 10.8
    endloop
  endfacet
  facet normal -0 0 1
    outer loop
      vertex 11.6354 -20.9908 10.8
      vertex 12.2172 -22.0404 10.8
      vertex 12 -20.7846 10.8
    endloop
  endfacet
  facet normal 0 0 1
    outer loop
      vertex 12.2172 -22.0404 10.8
      vertex 11.6354 -20.9908 10.8
      vertex 11.8307 -22.2503 10.8
    endloop
  endfacet
  facet normal -0 0 1
    outer loop
      vertex 11.2673 -21.1907 10.8
      vertex 11.8307 -22.2503 10.8
      vertex 11.6354 -20.9908 10.8
    endloop
  endfacet
  facet normal 0 0 1
    outer loop
      vertex 11.8307 -22.2503 10.8
      vertex 11.2673 -21.1907 10.8
      vertex 11.4406 -22.4534 10.8
    endloop
  endfacet
  facet normal -0 0 1
    outer loop
      vertex 10.8958 -21.3841 10.8
      vertex 11.4406 -22.4534 10.8
      vertex 11.2673 -21.1907 10.8
    endloop
  endfacet
  facet normal 0 0 1
    outer loop
      vertex 11.4406 -22.4534 10.8
      vertex 10.8958 -21.3841 10.8
      vertex 11.0469 -22.6496 10.8
    endloop
  endfacet
  facet normal -0 0 1
    outer loop
      vertex 10.5209 -21.571 10.8
      vertex 11.0469 -22.6496 10.8
      vertex 10.8958 -21.3841 10.8
    endloop
  endfacet
  facet normal 0 0 1
    outer loop
      vertex 11.0469 -22.6496 10.8
      vertex 10.5209 -21.571 10.8
      vertex 10.65 -22.8389 10.8
    endloop
  endfacet
  facet normal -0 0 1
    outer loop
      vertex 10.1428 -21.7514 10.8
      vertex 10.65 -22.8389 10.8
      vertex 10.5209 -21.571 10.8
    endloop
  endfacet
  facet normal 0 0 1
    outer loop
      vertex 10.65 -22.8389 10.8
      vertex 10.1428 -21.7514 10.8
      vertex 10.2498 -23.0213 10.8
    endloop
  endfacet
  facet normal -0 0 1
    outer loop
      vertex 9.76166 -21.9251 10.8
      vertex 10.2498 -23.0213 10.8
      vertex 10.1428 -21.7514 10.8
    endloop
  endfacet
  facet normal 0 0 1
    outer loop
      vertex 10.2498 -23.0213 10.8
      vertex 9.76166 -21.9251 10.8
      vertex 9.84642 -23.1967 10.8
    endloop
  endfacet
  facet normal -0 0 1
    outer loop
      vertex 9.37753 -22.0921 10.8
      vertex 9.84642 -23.1967 10.8
      vertex 9.76166 -21.9251 10.8
    endloop
  endfacet
  facet normal 0 0 1
    outer loop
      vertex 9.84642 -23.1967 10.8
      vertex 9.37753 -22.0921 10.8
      vertex 9.44008 -23.365 10.8
    endloop
  endfacet
  facet normal -0 0 1
    outer loop
      vertex 8.99054 -22.2524 10.8
      vertex 9.44008 -23.365 10.8
      vertex 9.37753 -22.0921 10.8
    endloop
  endfacet
  facet normal 0 0 1
    outer loop
      vertex 9.44008 -23.365 10.8
      vertex 8.99054 -22.2524 10.8
      vertex 9.03087 -23.5262 10.8
    endloop
  endfacet
  facet normal -0 0 1
    outer loop
      vertex 8.60081 -22.4059 10.8
      vertex 9.03087 -23.5262 10.8
      vertex 8.99054 -22.2524 10.8
    endloop
  endfacet
  facet normal 0 0 1
    outer loop
      vertex 9.03087 -23.5262 10.8
      vertex 8.60081 -22.4059 10.8
      vertex 8.6189 -23.6802 10.8
    endloop
  endfacet
  facet normal -0 0 1
    outer loop
      vertex 8.20847 -22.5526 10.8
      vertex 8.6189 -23.6802 10.8
      vertex 8.60081 -22.4059 10.8
    endloop
  endfacet
  facet normal 0 0 1
    outer loop
      vertex 8.20847 -22.5526 10.8
      vertex 8.2043 -23.8271 10.8
      vertex 8.6189 -23.6802 10.8
    endloop
  endfacet
  facet normal -0 0 1
    outer loop
      vertex 7.81363 -22.6924 10.8
      vertex 8.2043 -23.8271 10.8
      vertex 8.20847 -22.5526 10.8
    endloop
  endfacet
  facet normal 0 0 1
    outer loop
      vertex 7.81363 -22.6924 10.8
      vertex 7.78722 -23.9666 10.8
      vertex 8.2043 -23.8271 10.8
    endloop
  endfacet
  facet normal -0 0 1
    outer loop
      vertex 7.4164 -22.8253 10.8
      vertex 7.78722 -23.9666 10.8
      vertex 7.81363 -22.6924 10.8
    endloop
  endfacet
  facet normal 0 0 1
    outer loop
      vertex 7.4164 -22.8253 10.8
      vertex 7.36775 -24.0989 10.8
      vertex 7.78722 -23.9666 10.8
    endloop
  endfacet
  facet normal -0 0 1
    outer loop
      vertex 7.01691 -22.9513 10.8
      vertex 7.36775 -24.0989 10.8
      vertex 7.4164 -22.8253 10.8
    endloop
  endfacet
  facet normal 0 0 1
    outer loop
      vertex 7.01691 -22.9513 10.8
      vertex 6.94604 -24.2238 10.8
      vertex 7.36775 -24.0989 10.8
    endloop
  endfacet
  facet normal -0 0 1
    outer loop
      vertex 6.61528 -23.0703 10.8
      vertex 6.94604 -24.2238 10.8
      vertex 7.01691 -22.9513 10.8
    endloop
  endfacet
  facet normal 0 0 1
    outer loop
      vertex 6.61528 -23.0703 10.8
      vertex 6.52223 -24.3413 10.8
      vertex 6.94604 -24.2238 10.8
    endloop
  endfacet
  facet normal -0 0 1
    outer loop
      vertex 6.21164 -23.1822 10.8
      vertex 6.52223 -24.3413 10.8
      vertex 6.61528 -23.0703 10.8
    endloop
  endfacet
  facet normal 0 0 1
    outer loop
      vertex 6.21164 -23.1822 10.8
      vertex 6.09642 -24.4514 10.8
      vertex 6.52223 -24.3413 10.8
    endloop
  endfacet
  facet normal -0 0 1
    outer loop
      vertex 5.80612 -23.2871 10.8
      vertex 6.09642 -24.4514 10.8
      vertex 6.21164 -23.1822 10.8
    endloop
  endfacet
  facet normal 0 0 1
    outer loop
      vertex 5.80612 -23.2871 10.8
      vertex 5.66876 -24.5541 10.8
      vertex 6.09642 -24.4514 10.8
    endloop
  endfacet
  facet normal -0 0 1
    outer loop
      vertex 5.39882 -23.3849 10.8
      vertex 5.66876 -24.5541 10.8
      vertex 5.80612 -23.2871 10.8
    endloop
  endfacet
  facet normal 0 0 1
    outer loop
      vertex 5.39882 -23.3849 10.8
      vertex 5.23936 -24.6493 10.8
      vertex 5.66876 -24.5541 10.8
    endloop
  endfacet
  facet normal -0 0 1
    outer loop
      vertex 4.98987 -23.4755 10.8
      vertex 5.23936 -24.6493 10.8
      vertex 5.39882 -23.3849 10.8
    endloop
  endfacet
  facet normal 0 0 1
    outer loop
      vertex 4.98987 -23.4755 10.8
      vertex 4.80838 -24.737 10.8
      vertex 5.23936 -24.6493 10.8
    endloop
  endfacet
  facet normal -0 0 1
    outer loop
      vertex 4.57941 -23.559 10.8
      vertex 4.80838 -24.737 10.8
      vertex 4.98987 -23.4755 10.8
    endloop
  endfacet
  facet normal 0 0 1
    outer loop
      vertex 4.57941 -23.559 10.8
      vertex 4.37593 -24.8171 10.8
      vertex 4.80838 -24.737 10.8
    endloop
  endfacet
  facet normal -0 0 1
    outer loop
      vertex 4.16754 -23.6354 10.8
      vertex 4.37593 -24.8171 10.8
      vertex 4.57941 -23.559 10.8
    endloop
  endfacet
  facet normal 0 0 1
    outer loop
      vertex 4.16754 -23.6354 10.8
      vertex 3.94214 -24.8897 10.8
      vertex 4.37593 -24.8171 10.8
    endloop
  endfacet
  facet normal -0 0 1
    outer loop
      vertex 3.75443 -23.7045 10.8
      vertex 3.94214 -24.8897 10.8
      vertex 4.16754 -23.6354 10.8
    endloop
  endfacet
  facet normal 0 0 1
    outer loop
      vertex 3.75443 -23.7045 10.8
      vertex 3.50716 -24.9547 10.8
      vertex 3.94214 -24.8897 10.8
    endloop
  endfacet
  facet normal -0 0 1
    outer loop
      vertex 3.34015 -23.7664 10.8
      vertex 3.50716 -24.9547 10.8
      vertex 3.75443 -23.7045 10.8
    endloop
  endfacet
  facet normal 0 0 1
    outer loop
      vertex 3.34015 -23.7664 10.8
      vertex 3.07109 -25.0121 10.8
      vertex 3.50716 -24.9547 10.8
    endloop
  endfacet
  facet normal -0 0 1
    outer loop
      vertex 2.92485 -23.8211 10.8
      vertex 3.07109 -25.0121 10.8
      vertex 3.34015 -23.7664 10.8
    endloop
  endfacet
  facet normal 0 0 1
    outer loop
      vertex 2.92485 -23.8211 10.8
      vertex 2.63411 -25.0619 10.8
      vertex 3.07109 -25.0121 10.8
    endloop
  endfacet
  facet normal -0 0 1
    outer loop
      vertex 2.50868 -23.8685 10.8
      vertex 2.63411 -25.0619 10.8
      vertex 2.92485 -23.8211 10.8
    endloop
  endfacet
  facet normal 0 0 1
    outer loop
      vertex 2.50868 -23.8685 10.8
      vertex 2.19632 -25.1041 10.8
      vertex 2.63411 -25.0619 10.8
    endloop
  endfacet
  facet normal -0 0 1
    outer loop
      vertex 2.09172 -23.9086 10.8
      vertex 2.19632 -25.1041 10.8
      vertex 2.50868 -23.8685 10.8
    endloop
  endfacet
  facet normal 0 0 1
    outer loop
      vertex 2.09172 -23.9086 10.8
      vertex 1.75786 -25.1386 10.8
      vertex 2.19632 -25.1041 10.8
    endloop
  endfacet
  facet normal -0 0 1
    outer loop
      vertex 1.67415 -23.9415 10.8
      vertex 1.75786 -25.1386 10.8
      vertex 2.09172 -23.9086 10.8
    endloop
  endfacet
  facet normal 0 0 1
    outer loop
      vertex 1.67415 -23.9415 10.8
      vertex 1.31886 -25.1655 10.8
      vertex 1.75786 -25.1386 10.8
    endloop
  endfacet
  facet normal -0 0 1
    outer loop
      vertex 1.25606 -23.9671 10.8
      vertex 1.31886 -25.1655 10.8
      vertex 1.67415 -23.9415 10.8
    endloop
  endfacet
  facet normal 0 0 1
    outer loop
      vertex 1.25606 -23.9671 10.8
      vertex 0.879456 -25.1846 10.8
      vertex 1.31886 -25.1655 10.8
    endloop
  endfacet
  facet normal -0 0 1
    outer loop
      vertex 0.83757 -23.9854 10.8
      vertex 0.879456 -25.1846 10.8
      vertex 1.25606 -23.9671 10.8
    endloop
  endfacet
  facet normal 0 0 1
    outer loop
      vertex 0.83757 -23.9854 10.8
      vertex 0.439804 -25.1961 10.8
      vertex 0.879456 -25.1846 10.8
    endloop
  endfacet
  facet normal -0 0 1
    outer loop
      vertex 0.418839 -23.9963 10.8
      vertex 0.439804 -25.1961 10.8
      vertex 0.83757 -23.9854 10.8
    endloop
  endfacet
  facet normal -0 0 1
    outer loop
      vertex 0 -24 10.8
      vertex 0.439804 -25.1961 10.8
      vertex 0.418839 -23.9963 10.8
    endloop
  endfacet
  facet normal 0 0 1
    outer loop
      vertex 0 -24 10.8
      vertex 0 -25.2 10.8
      vertex 0.439804 -25.1961 10.8
    endloop
  endfacet
  facet normal 0 0 1
    outer loop
      vertex -0.418854 -23.9963 10.8
      vertex 0 -25.2 10.8
      vertex 0 -24 10.8
    endloop
  endfacet
  facet normal 0 0 1
    outer loop
      vertex -0.418854 -23.9963 10.8
      vertex -0.439789 -25.1961 10.8
      vertex 0 -25.2 10.8
    endloop
  endfacet
  facet normal 0 0 1
    outer loop
      vertex -0.837585 -23.9854 10.8
      vertex -0.439789 -25.1961 10.8
      vertex -0.418854 -23.9963 10.8
    endloop
  endfacet
  facet normal 0 0 1
    outer loop
      vertex -0.837585 -23.9854 10.8
      vertex -0.879471 -25.1846 10.8
      vertex -0.439789 -25.1961 10.8
    endloop
  endfacet
  facet normal 0 0 1
    outer loop
      vertex -1.25606 -23.9671 10.8
      vertex -0.879471 -25.1846 10.8
      vertex -0.837585 -23.9854 10.8
    endloop
  endfacet
  facet normal 0 0 1
    outer loop
      vertex -1.25606 -23.9671 10.8
      vertex -1.31886 -25.1654 10.8
      vertex -0.879471 -25.1846 10.8
    endloop
  endfacet
  facet normal 0 0 1
    outer loop
      vertex -1.67415 -23.9415 10.8
      vertex -1.31886 -25.1654 10.8
      vertex -1.25606 -23.9671 10.8
    endloop
  endfacet
  facet normal 0 0 1
    outer loop
      vertex -1.67415 -23.9415 10.8
      vertex -1.75784 -25.1386 10.8
      vertex -1.31886 -25.1654 10.8
    endloop
  endfacet
  facet normal 0 0 1
    outer loop
      vertex -2.09172 -23.9086 10.8
      vertex -1.75784 -25.1386 10.8
      vertex -1.67415 -23.9415 10.8
    endloop
  endfacet
  facet normal 0 0 1
    outer loop
      vertex -2.09172 -23.9086 10.8
      vertex -2.19632 -25.1041 10.8
      vertex -1.75784 -25.1386 10.8
    endloop
  endfacet
  facet normal 0 0 1
    outer loop
      vertex -2.50868 -23.8685 10.8
      vertex -2.19632 -25.1041 10.8
      vertex -2.09172 -23.9086 10.8
    endloop
  endfacet
  facet normal 0 0 1
    outer loop
      vertex -2.50868 -23.8685 10.8
      vertex -2.63411 -25.0619 10.8
      vertex -2.19632 -25.1041 10.8
    endloop
  endfacet
  facet normal 0 0 1
    outer loop
      vertex -2.92487 -23.8211 10.8
      vertex -2.63411 -25.0619 10.8
      vertex -2.50868 -23.8685 10.8
    endloop
  endfacet
  facet normal 0 0 1
    outer loop
      vertex -2.92487 -23.8211 10.8
      vertex -3.07111 -25.0121 10.8
      vertex -2.63411 -25.0619 10.8
    endloop
  endfacet
  facet normal 0 0 1
    outer loop
      vertex -3.34015 -23.7664 10.8
      vertex -3.07111 -25.0121 10.8
      vertex -2.92487 -23.8211 10.8
    endloop
  endfacet
  facet normal 0 0 1
    outer loop
      vertex -3.34015 -23.7664 10.8
      vertex -3.50716 -24.9547 10.8
      vertex -3.07111 -25.0121 10.8
    endloop
  endfacet
  facet normal 0 0 1
    outer loop
      vertex -3.75443 -23.7045 10.8
      vertex -3.50716 -24.9547 10.8
      vertex -3.34015 -23.7664 10.8
    endloop
  endfacet
  facet normal 0 0 1
    outer loop
      vertex -3.75443 -23.7045 10.8
      vertex -3.94214 -24.8897 10.8
      vertex -3.50716 -24.9547 10.8
    endloop
  endfacet
  facet normal 0 0 1
    outer loop
      vertex -4.16754 -23.6354 10.8
      vertex -3.94214 -24.8897 10.8
      vertex -3.75443 -23.7045 10.8
    endloop
  endfacet
  facet normal 0 0 1
    outer loop
      vertex -4.16754 -23.6354 10.8
      vertex -4.37593 -24.8171 10.8
      vertex -3.94214 -24.8897 10.8
    endloop
  endfacet
  facet normal 0 0 1
    outer loop
      vertex -4.57941 -23.559 10.8
      vertex -4.37593 -24.8171 10.8
      vertex -4.16754 -23.6354 10.8
    endloop
  endfacet
  facet normal 0 0 1
    outer loop
      vertex -4.57941 -23.559 10.8
      vertex -4.80838 -24.737 10.8
      vertex -4.37593 -24.8171 10.8
    endloop
  endfacet
  facet normal 0 0 1
    outer loop
      vertex -4.98988 -23.4755 10.8
      vertex -4.80838 -24.737 10.8
      vertex -4.57941 -23.559 10.8
    endloop
  endfacet
  facet normal 0 0 1
    outer loop
      vertex -4.98988 -23.4755 10.8
      vertex -5.23936 -24.6493 10.8
      vertex -4.80838 -24.737 10.8
    endloop
  endfacet
  facet normal 0 0 1
    outer loop
      vertex -5.39883 -23.3849 10.8
      vertex -5.23936 -24.6493 10.8
      vertex -4.98988 -23.4755 10.8
    endloop
  endfacet
  facet normal 0 0 1
    outer loop
      vertex -5.39883 -23.3849 10.8
      vertex -5.66878 -24.5541 10.8
      vertex -5.23936 -24.6493 10.8
    endloop
  endfacet
  facet normal 0 0 1
    outer loop
      vertex -5.80611 -23.2871 10.8
      vertex -5.66878 -24.5541 10.8
      vertex -5.39883 -23.3849 10.8
    endloop
  endfacet
  facet normal 0 0 1
    outer loop
      vertex -5.80611 -23.2871 10.8
      vertex -6.09642 -24.4514 10.8
      vertex -5.66878 -24.5541 10.8
    endloop
  endfacet
  facet normal 0 0 1
    outer loop
      vertex -6.21164 -23.1822 10.8
      vertex -6.09642 -24.4514 10.8
      vertex -5.80611 -23.2871 10.8
    endloop
  endfacet
  facet normal 0 0 1
    outer loop
      vertex -6.21164 -23.1822 10.8
      vertex -6.52223 -24.3413 10.8
      vertex -6.09642 -24.4514 10.8
    endloop
  endfacet
  facet normal 0 0 1
    outer loop
      vertex -6.6153 -23.0703 10.8
      vertex -6.52223 -24.3413 10.8
      vertex -6.21164 -23.1822 10.8
    endloop
  endfacet
  facet normal 0 0 1
    outer loop
      vertex -6.6153 -23.0703 10.8
      vertex -6.94606 -24.2238 10.8
      vertex -6.52223 -24.3413 10.8
    endloop
  endfacet
  facet normal 0 0 1
    outer loop
      vertex -7.01691 -22.9513 10.8
      vertex -6.94606 -24.2238 10.8
      vertex -6.6153 -23.0703 10.8
    endloop
  endfacet
  facet normal 0 0 1
    outer loop
      vertex -7.01691 -22.9513 10.8
      vertex -7.36777 -24.0989 10.8
      vertex -6.94606 -24.2238 10.8
    endloop
  endfacet
  facet normal 0 0 1
    outer loop
      vertex -7.41641 -22.8253 10.8
      vertex -7.36777 -24.0989 10.8
      vertex -7.01691 -22.9513 10.8
    endloop
  endfacet
  facet normal 0 0 1
    outer loop
      vertex -7.41641 -22.8253 10.8
      vertex -7.78722 -23.9666 10.8
      vertex -7.36777 -24.0989 10.8
    endloop
  endfacet
  facet normal 0 0 1
    outer loop
      vertex -7.81363 -22.6924 10.8
      vertex -7.78722 -23.9666 10.8
      vertex -7.41641 -22.8253 10.8
    endloop
  endfacet
  facet normal 0 0 1
    outer loop
      vertex -7.81363 -22.6924 10.8
      vertex -8.20432 -23.8271 10.8
      vertex -7.78722 -23.9666 10.8
    endloop
  endfacet
  facet normal 0 0 1
    outer loop
      vertex -8.20848 -22.5526 10.8
      vertex -8.20432 -23.8271 10.8
      vertex -7.81363 -22.6924 10.8
    endloop
  endfacet
  facet normal 0 0 1
    outer loop
      vertex -8.6189 -23.6802 10.8
      vertex -8.20848 -22.5526 10.8
      vertex -8.60081 -22.4059 10.8
    endloop
  endfacet
  facet normal 0 0 1
    outer loop
      vertex -8.20848 -22.5526 10.8
      vertex -8.6189 -23.6802 10.8
      vertex -8.20432 -23.8271 10.8
    endloop
  endfacet
  facet normal 0 0 1
    outer loop
      vertex -9.03087 -23.5262 10.8
      vertex -8.60081 -22.4059 10.8
      vertex -8.99055 -22.2524 10.8
    endloop
  endfacet
  facet normal 0 0 1
    outer loop
      vertex -8.60081 -22.4059 10.8
      vertex -9.03087 -23.5262 10.8
      vertex -8.6189 -23.6802 10.8
    endloop
  endfacet
  facet normal 0 0 1
    outer loop
      vertex -9.44008 -23.365 10.8
      vertex -8.99055 -22.2524 10.8
      vertex -9.37755 -22.0921 10.8
    endloop
  endfacet
  facet normal 0 0 1
    outer loop
      vertex -8.99055 -22.2524 10.8
      vertex -9.44008 -23.365 10.8
      vertex -9.03087 -23.5262 10.8
    endloop
  endfacet
  facet normal 0 0 1
    outer loop
      vertex -9.84642 -23.1967 10.8
      vertex -9.37755 -22.0921 10.8
      vertex -9.76167 -21.9251 10.8
    endloop
  endfacet
  facet normal 0 0 1
    outer loop
      vertex -9.37755 -22.0921 10.8
      vertex -9.84642 -23.1967 10.8
      vertex -9.44008 -23.365 10.8
    endloop
  endfacet
  facet normal 0 0 1
    outer loop
      vertex -10.2498 -23.0213 10.8
      vertex -9.76167 -21.9251 10.8
      vertex -10.1428 -21.7514 10.8
    endloop
  endfacet
  facet normal 0 0 1
    outer loop
      vertex -9.76167 -21.9251 10.8
      vertex -10.2498 -23.0213 10.8
      vertex -9.84642 -23.1967 10.8
    endloop
  endfacet
  facet normal 0 0 1
    outer loop
      vertex -10.65 -22.8389 10.8
      vertex -10.1428 -21.7514 10.8
      vertex -10.5209 -21.571 10.8
    endloop
  endfacet
  facet normal 0 0 1
    outer loop
      vertex -10.1428 -21.7514 10.8
      vertex -10.65 -22.8389 10.8
      vertex -10.2498 -23.0213 10.8
    endloop
  endfacet
  facet normal 0 0 1
    outer loop
      vertex -11.047 -22.6496 10.8
      vertex -10.5209 -21.571 10.8
      vertex -10.8958 -21.3841 10.8
    endloop
  endfacet
  facet normal 0 0 1
    outer loop
      vertex -10.5209 -21.571 10.8
      vertex -11.047 -22.6496 10.8
      vertex -10.65 -22.8389 10.8
    endloop
  endfacet
  facet normal 0 0 1
    outer loop
      vertex -11.4406 -22.4533 10.8
      vertex -10.8958 -21.3841 10.8
      vertex -11.2673 -21.1907 10.8
    endloop
  endfacet
  facet normal 0 0 1
    outer loop
      vertex -10.8958 -21.3841 10.8
      vertex -11.4406 -22.4533 10.8
      vertex -11.047 -22.6496 10.8
    endloop
  endfacet
  facet normal 0 0 1
    outer loop
      vertex -11.8307 -22.2503 10.8
      vertex -11.2673 -21.1907 10.8
      vertex -11.6354 -20.9909 10.8
    endloop
  endfacet
  facet normal 0 0 1
    outer loop
      vertex -11.2673 -21.1907 10.8
      vertex -11.8307 -22.2503 10.8
      vertex -11.4406 -22.4533 10.8
    endloop
  endfacet
  facet normal 0 0 1
    outer loop
      vertex -12.2172 -22.0404 10.8
      vertex -11.6354 -20.9909 10.8
      vertex -12 -20.7846 10.8
    endloop
  endfacet
  facet normal 0 0 1
    outer loop
      vertex -11.6354 -20.9909 10.8
      vertex -12.2172 -22.0404 10.8
      vertex -11.8307 -22.2503 10.8
    endloop
  endfacet
  facet normal 0 0 1
    outer loop
      vertex -12.8274 -21.6899 10.8
      vertex -12 -20.7846 10.8
      vertex -12.3609 -20.572 10.8
    endloop
  endfacet
  facet normal 0 0 1
    outer loop
      vertex -12 -20.7846 10.8
      vertex -12.6 -21.8238 10.8
      vertex -12.2172 -22.0404 10.8
    endloop
  endfacet
  facet normal 0 0 1
    outer loop
      vertex -12.8274 -21.6899 10.8
      vertex -12.3609 -20.572 10.8
      vertex -12.718 -20.3531 10.8
    endloop
  endfacet
  facet normal 0 0 1
    outer loop
      vertex -12 -20.7846 10.8
      vertex -12.8274 -21.6899 10.8
      vertex -12.6 -21.8238 10.8
    endloop
  endfacet
  facet normal 0 0 1
    outer loop
      vertex -13.9753 -20.9687 10.8
      vertex -12.718 -20.3531 10.8
      vertex -13.0713 -20.1281 10.8
    endloop
  endfacet
  facet normal 0 0 1
    outer loop
      vertex -13.9753 -20.9687 10.8
      vertex -13.0713 -20.1281 10.8
      vertex -13.4206 -19.8969 10.8
    endloop
  endfacet
  facet normal 0 0 1
    outer loop
      vertex -14.0916 -20.8917 10.8
      vertex -13.4206 -19.8969 10.8
      vertex -13.7658 -19.6596 10.8
    endloop
  endfacet
  facet normal 0 0 1
    outer loop
      vertex -12.718 -20.3531 10.8
      vertex -13.9753 -20.9687 10.8
      vertex -12.8274 -21.6899 10.8
    endloop
  endfacet
  facet normal 0 0 1
    outer loop
      vertex -12.8274 -21.6899 10.8
      vertex -13.9753 -20.9687 10.8
      vertex -14.075 -23.7995 10.8
    endloop
  endfacet
  facet normal 0 0 1
    outer loop
      vertex -13.4206 -19.8969 10.8
      vertex -14.0916 -20.8917 10.8
      vertex -13.9753 -20.9687 10.8
    endloop
  endfacet
  facet normal 0 -0 1
    outer loop
      vertex -14.0916 -20.8917 10.8
      vertex -13.7658 -19.6596 10.8
      vertex -14.4541 -20.6426 10.8
    endloop
  endfacet
  facet normal 0 0 1
    outer loop
      vertex 25.1977 -0.26387 10.8
      vertex 23.9854 -0.837585 10.8
      vertex 25.1471 -1.61862 10.8
    endloop
  endfacet
  facet normal 0 0 1
    outer loop
      vertex 25.2 0 10.8
      vertex 24 0 10.8
      vertex 25.1977 -0.26387 10.8
    endloop
  endfacet
  facet normal 0 0 1
    outer loop
      vertex 25.1846 0.879456 10.8
      vertex 23.9854 0.837585 10.8
      vertex 23.9963 0.418854 10.8
    endloop
  endfacet
  facet normal 0 0 1
    outer loop
      vertex 22.9513 7.01691 10.8
      vertex 24.0989 7.36775 10.8
      vertex 23.9666 7.78722 10.8
    endloop
  endfacet
  facet normal 0 0 1
    outer loop
      vertex 25.1655 1.31886 10.8
      vertex 23.9671 1.25606 10.8
      vertex 23.9854 0.837585 10.8
    endloop
  endfacet
  facet normal 0 0 1
    outer loop
      vertex 25.1386 1.75786 10.8
      vertex 23.9415 1.67415 10.8
      vertex 23.9671 1.25606 10.8
    endloop
  endfacet
  facet normal 0 0 1
    outer loop
      vertex 25.1041 2.19632 10.8
      vertex 23.9087 2.09174 10.8
      vertex 23.9415 1.67415 10.8
    endloop
  endfacet
  facet normal 0 0 1
    outer loop
      vertex 22.8253 7.4164 10.8
      vertex 23.9666 7.78722 10.8
      vertex 23.8271 8.20432 10.8
    endloop
  endfacet
  facet normal 0 0 1
    outer loop
      vertex 25.0122 3.07111 10.8
      vertex 23.8211 2.92485 10.8
      vertex 23.8685 2.50868 10.8
    endloop
  endfacet
  facet normal 0 0 1
    outer loop
      vertex 24.9547 3.50716 10.8
      vertex 23.7664 3.34015 10.8
      vertex 23.8211 2.92485 10.8
    endloop
  endfacet
  facet normal 0 0 1
    outer loop
      vertex 24.8897 3.94214 10.8
      vertex 23.7045 3.75443 10.8
      vertex 23.7664 3.34015 10.8
    endloop
  endfacet
  facet normal 0 0 1
    outer loop
      vertex 22.6924 7.81363 10.8
      vertex 23.8271 8.20432 10.8
      vertex 23.6803 8.6189 10.8
    endloop
  endfacet
  facet normal 0 0 1
    outer loop
      vertex 24.8172 4.37593 10.8
      vertex 23.6354 4.16754 10.8
      vertex 23.7045 3.75443 10.8
    endloop
  endfacet
  facet normal 0 0 1
    outer loop
      vertex 24.737 4.80838 10.8
      vertex 23.5591 4.57941 10.8
      vertex 23.6354 4.16754 10.8
    endloop
  endfacet
  facet normal 0 0 1
    outer loop
      vertex 22.5526 8.20848 10.8
      vertex 23.6803 8.6189 10.8
      vertex 23.5262 9.03087 10.8
    endloop
  endfacet
  facet normal 0 0 1
    outer loop
      vertex 24.6493 5.23936 10.8
      vertex 23.4755 4.98987 10.8
      vertex 23.5591 4.57941 10.8
    endloop
  endfacet
  facet normal 0 0 1
    outer loop
      vertex 24.5541 5.66876 10.8
      vertex 23.3849 5.39882 10.8
      vertex 23.4755 4.98987 10.8
    endloop
  endfacet
  facet normal 0 0 1
    outer loop
      vertex 22.4059 8.60083 10.8
      vertex 23.5262 9.03087 10.8
      vertex 23.365 9.44008 10.8
    endloop
  endfacet
  facet normal 0 0 1
    outer loop
      vertex 24.4514 6.09642 10.8
      vertex 23.2871 5.80612 10.8
      vertex 23.3849 5.39882 10.8
    endloop
  endfacet
  facet normal 0 0 1
    outer loop
      vertex 22.2524 8.99055 10.8
      vertex 23.365 9.44008 10.8
      vertex 23.1967 9.84642 10.8
    endloop
  endfacet
  facet normal 0 0 1
    outer loop
      vertex 24.3413 6.52223 10.8
      vertex 23.1822 6.21165 10.8
      vertex 23.2871 5.80612 10.8
    endloop
  endfacet
  facet normal 0 0 1
    outer loop
      vertex 24.2238 6.94606 10.8
      vertex 23.0703 6.6153 10.8
      vertex 23.1822 6.21165 10.8
    endloop
  endfacet
  facet normal 0 0 1
    outer loop
      vertex 22.0921 9.37753 10.8
      vertex 23.1967 9.84642 10.8
      vertex 23.0213 10.2498 10.8
    endloop
  endfacet
  facet normal 0 0 1
    outer loop
      vertex 24.0989 7.36775 10.8
      vertex 22.9513 7.01691 10.8
      vertex 23.0703 6.6153 10.8
    endloop
  endfacet
  facet normal 0 0 1
    outer loop
      vertex 21.9251 9.76167 10.8
      vertex 23.0213 10.2498 10.8
      vertex 22.8389 10.65 10.8
    endloop
  endfacet
  facet normal 0 0 1
    outer loop
      vertex 23.9666 7.78722 10.8
      vertex 22.8253 7.4164 10.8
      vertex 22.9513 7.01691 10.8
    endloop
  endfacet
  facet normal 0 0 1
    outer loop
      vertex 23.8271 8.20432 10.8
      vertex 22.6924 7.81363 10.8
      vertex 22.8253 7.4164 10.8
    endloop
  endfacet
  facet normal 0 0 1
    outer loop
      vertex 21.7514 10.1428 10.8
      vertex 22.8389 10.65 10.8
      vertex 22.6496 11.047 10.8
    endloop
  endfacet
  facet normal 0 0 1
    outer loop
      vertex 23.6803 8.6189 10.8
      vertex 22.5526 8.20848 10.8
      vertex 22.6924 7.81363 10.8
    endloop
  endfacet
  facet normal 0 0 1
    outer loop
      vertex 21.571 10.5209 10.8
      vertex 22.6496 11.047 10.8
      vertex 22.4534 11.4406 10.8
    endloop
  endfacet
  facet normal 0 0 1
    outer loop
      vertex 23.5262 9.03087 10.8
      vertex 22.4059 8.60083 10.8
      vertex 22.5526 8.20848 10.8
    endloop
  endfacet
  facet normal 0 0 1
    outer loop
      vertex 23.365 9.44008 10.8
      vertex 22.2524 8.99055 10.8
      vertex 22.4059 8.60083 10.8
    endloop
  endfacet
  facet normal 0 0 1
    outer loop
      vertex 21.3842 10.8958 10.8
      vertex 22.4534 11.4406 10.8
      vertex 22.2503 11.8307 10.8
    endloop
  endfacet
  facet normal 0 0 1
    outer loop
      vertex 23.1967 9.84642 10.8
      vertex 22.0921 9.37753 10.8
      vertex 22.2524 8.99055 10.8
    endloop
  endfacet
  facet normal 0 0 1
    outer loop
      vertex 21.1907 11.2673 10.8
      vertex 22.2503 11.8307 10.8
      vertex 22.0404 12.2172 10.8
    endloop
  endfacet
  facet normal 0 0 1
    outer loop
      vertex 23.0213 10.2498 10.8
      vertex 21.9251 9.76167 10.8
      vertex 22.0921 9.37753 10.8
    endloop
  endfacet
  facet normal 0 0 1
    outer loop
      vertex 20.9909 11.6354 10.8
      vertex 22.0404 12.2172 10.8
      vertex 21.8238 12.6 10.8
    endloop
  endfacet
  facet normal 0 0 1
    outer loop
      vertex 22.8389 10.65 10.8
      vertex 21.7514 10.1428 10.8
      vertex 21.9251 9.76167 10.8
    endloop
  endfacet
  facet normal 0 0 1
    outer loop
      vertex 20.7846 12 10.8
      vertex 21.8238 12.6 10.8
      vertex 21.6006 12.979 10.8
    endloop
  endfacet
  facet normal 0 0 1
    outer loop
      vertex 22.6496 11.047 10.8
      vertex 21.571 10.5209 10.8
      vertex 21.7514 10.1428 10.8
    endloop
  endfacet
  facet normal 0 0 1
    outer loop
      vertex 22.4534 11.4406 10.8
      vertex 21.3842 10.8958 10.8
      vertex 21.571 10.5209 10.8
    endloop
  endfacet
  facet normal 0 0 1
    outer loop
      vertex 20.572 12.3609 10.8
      vertex 21.6006 12.979 10.8
      vertex 21.3708 13.354 10.8
    endloop
  endfacet
  facet normal 0 0 1
    outer loop
      vertex 22.2503 11.8307 10.8
      vertex 21.1907 11.2673 10.8
      vertex 21.3842 10.8958 10.8
    endloop
  endfacet
  facet normal 0 0 1
    outer loop
      vertex 20.3531 12.718 10.8
      vertex 21.3708 13.354 10.8
      vertex 21.1345 13.7249 10.8
    endloop
  endfacet
  facet normal 0 0 1
    outer loop
      vertex 22.0404 12.2172 10.8
      vertex 20.9909 11.6354 10.8
      vertex 21.1907 11.2673 10.8
    endloop
  endfacet
  facet normal 0 0 1
    outer loop
      vertex 20.1281 13.0713 10.8
      vertex 21.1345 13.7249 10.8
      vertex 20.8917 14.0917 10.8
    endloop
  endfacet
  facet normal 0 0 1
    outer loop
      vertex 21.8238 12.6 10.8
      vertex 20.7846 12 10.8
      vertex 20.9909 11.6354 10.8
    endloop
  endfacet
  facet normal 0 0 1
    outer loop
      vertex 19.8969 13.4206 10.8
      vertex 20.8917 14.0917 10.8
      vertex 20.6426 14.4541 10.8
    endloop
  endfacet
  facet normal 0 0 1
    outer loop
      vertex 21.6006 12.979 10.8
      vertex 20.572 12.3609 10.8
      vertex 20.7846 12 10.8
    endloop
  endfacet
  facet normal 0 0 1
    outer loop
      vertex 19.6596 13.7658 10.8
      vertex 20.6426 14.4541 10.8
      vertex 20.3872 14.8122 10.8
    endloop
  endfacet
  facet normal 0 0 1
    outer loop
      vertex 21.3708 13.354 10.8
      vertex 20.3531 12.718 10.8
      vertex 20.572 12.3609 10.8
    endloop
  endfacet
  facet normal 0 0 1
    outer loop
      vertex 21.1345 13.7249 10.8
      vertex 20.1281 13.0713 10.8
      vertex 20.3531 12.718 10.8
    endloop
  endfacet
  facet normal 0 0 1
    outer loop
      vertex 19.4164 14.1068 10.8
      vertex 20.3872 14.8122 10.8
      vertex 20.1256 15.1657 10.8
    endloop
  endfacet
  facet normal 0 0 1
    outer loop
      vertex 20.8917 14.0917 10.8
      vertex 19.8969 13.4206 10.8
      vertex 20.1281 13.0713 10.8
    endloop
  endfacet
  facet normal 0 0 1
    outer loop
      vertex 19.1673 14.4436 10.8
      vertex 20.1256 15.1657 10.8
      vertex 19.8579 15.5147 10.8
    endloop
  endfacet
  facet normal 0 0 1
    outer loop
      vertex 20.6426 14.4541 10.8
      vertex 19.6596 13.7658 10.8
      vertex 19.8969 13.4206 10.8
    endloop
  endfacet
  facet normal 0 0 1
    outer loop
      vertex 18.9122 14.7759 10.8
      vertex 19.8579 15.5147 10.8
      vertex 19.5841 15.8589 10.8
    endloop
  endfacet
  facet normal 0 0 1
    outer loop
      vertex 20.3872 14.8122 10.8
      vertex 19.4164 14.1068 10.8
      vertex 19.6596 13.7658 10.8
    endloop
  endfacet
  facet normal 0 0 1
    outer loop
      vertex 18.6515 15.1037 10.8
      vertex 19.5841 15.8589 10.8
      vertex 19.3043 16.1982 10.8
    endloop
  endfacet
  facet normal 0 0 1
    outer loop
      vertex 20.1256 15.1657 10.8
      vertex 19.1673 14.4436 10.8
      vertex 19.4164 14.1068 10.8
    endloop
  endfacet
  facet normal 0 0 1
    outer loop
      vertex 18.3851 15.4269 10.8
      vertex 19.3043 16.1982 10.8
      vertex 19.0187 16.5327 10.8
    endloop
  endfacet
  facet normal 0 0 1
    outer loop
      vertex 19.8579 15.5147 10.8
      vertex 18.9122 14.7759 10.8
      vertex 19.1673 14.4436 10.8
    endloop
  endfacet
  facet normal 0 0 1
    outer loop
      vertex 18.113 15.7454 10.8
      vertex 19.0187 16.5327 10.8
      vertex 18.7272 16.8621 10.8
    endloop
  endfacet
  facet normal 0 0 1
    outer loop
      vertex 19.5841 15.8589 10.8
      vertex 18.6515 15.1037 10.8
      vertex 18.9122 14.7759 10.8
    endloop
  endfacet
  facet normal 0 0 1
    outer loop
      vertex 17.8355 16.0591 10.8
      vertex 18.7272 16.8621 10.8
      vertex 18.4301 17.1864 10.8
    endloop
  endfacet
  facet normal 0 0 1
    outer loop
      vertex 19.3043 16.1982 10.8
      vertex 18.3851 15.4269 10.8
      vertex 18.6515 15.1037 10.8
    endloop
  endfacet
  facet normal 0 0 1
    outer loop
      vertex 17.5525 16.368 10.8
      vertex 18.4301 17.1864 10.8
      vertex 18.1273 17.5054 10.8
    endloop
  endfacet
  facet normal 0 0 1
    outer loop
      vertex 19.0187 16.5327 10.8
      vertex 18.113 15.7454 10.8
      vertex 18.3851 15.4269 10.8
    endloop
  endfacet
  facet normal 0 0 1
    outer loop
      vertex 18.7272 16.8621 10.8
      vertex 17.8355 16.0591 10.8
      vertex 18.113 15.7454 10.8
    endloop
  endfacet
  facet normal 0 0 1
    outer loop
      vertex 17.2641 16.6718 10.8
      vertex 18.1273 17.5054 10.8
      vertex 17.8191 17.8191 10.8
    endloop
  endfacet
  facet normal 0 0 1
    outer loop
      vertex 18.4301 17.1864 10.8
      vertex 17.5525 16.368 10.8
      vertex 17.8355 16.0591 10.8
    endloop
  endfacet
  facet normal 0 0 1
    outer loop
      vertex 16.9706 16.9706 10.8
      vertex 17.8191 17.8191 10.8
      vertex 17.5054 18.1273 10.8
    endloop
  endfacet
  facet normal 0 0 1
    outer loop
      vertex 18.1273 17.5054 10.8
      vertex 17.2641 16.6718 10.8
      vertex 17.5525 16.368 10.8
    endloop
  endfacet
  facet normal 0 0 1
    outer loop
      vertex 16.6718 17.2641 10.8
      vertex 17.5054 18.1273 10.8
      vertex 17.1864 18.4301 10.8
    endloop
  endfacet
  facet normal 0 0 1
    outer loop
      vertex 17.8191 17.8191 10.8
      vertex 16.9706 16.9706 10.8
      vertex 17.2641 16.6718 10.8
    endloop
  endfacet
  facet normal 0 0 1
    outer loop
      vertex 16.368 17.5525 10.8
      vertex 17.1864 18.4301 10.8
      vertex 16.8621 18.7272 10.8
    endloop
  endfacet
  facet normal 0 0 1
    outer loop
      vertex 17.5054 18.1273 10.8
      vertex 16.6718 17.2641 10.8
      vertex 16.9706 16.9706 10.8
    endloop
  endfacet
  facet normal 0 0 1
    outer loop
      vertex 16.0591 17.8355 10.8
      vertex 16.8621 18.7272 10.8
      vertex 16.5327 19.0187 10.8
    endloop
  endfacet
  facet normal 0 0 1
    outer loop
      vertex 17.1864 18.4301 10.8
      vertex 16.368 17.5525 10.8
      vertex 16.6718 17.2641 10.8
    endloop
  endfacet
  facet normal 0 0 1
    outer loop
      vertex 15.7454 18.113 10.8
      vertex 16.5327 19.0187 10.8
      vertex 16.1982 19.3043 10.8
    endloop
  endfacet
  facet normal 0 0 1
    outer loop
      vertex 16.8621 18.7272 10.8
      vertex 16.0591 17.8355 10.8
      vertex 16.368 17.5525 10.8
    endloop
  endfacet
  facet normal 0 0 1
    outer loop
      vertex 15.4269 18.3851 10.8
      vertex 16.1982 19.3043 10.8
      vertex 15.8589 19.5841 10.8
    endloop
  endfacet
  facet normal 0 0 1
    outer loop
      vertex 16.5327 19.0187 10.8
      vertex 15.7454 18.113 10.8
      vertex 16.0591 17.8355 10.8
    endloop
  endfacet
  facet normal 0 0 1
    outer loop
      vertex 15.1037 18.6515 10.8
      vertex 15.8589 19.5841 10.8
      vertex 15.5147 19.8579 10.8
    endloop
  endfacet
  facet normal 0 0 1
    outer loop
      vertex 16.1982 19.3043 10.8
      vertex 15.4269 18.3851 10.8
      vertex 15.7454 18.113 10.8
    endloop
  endfacet
  facet normal 0 0 1
    outer loop
      vertex 14.7759 18.9122 10.8
      vertex 15.5147 19.8579 10.8
      vertex 15.1657 20.1256 10.8
    endloop
  endfacet
  facet normal 0 0 1
    outer loop
      vertex 15.8589 19.5841 10.8
      vertex 15.1037 18.6515 10.8
      vertex 15.4269 18.3851 10.8
    endloop
  endfacet
  facet normal 0 0 1
    outer loop
      vertex 14.4436 19.1673 10.8
      vertex 15.1657 20.1256 10.8
      vertex 14.8122 20.3872 10.8
    endloop
  endfacet
  facet normal 0 0 1
    outer loop
      vertex 15.5147 19.8579 10.8
      vertex 14.7759 18.9122 10.8
      vertex 15.1037 18.6515 10.8
    endloop
  endfacet
  facet normal 0 0 1
    outer loop
      vertex 14.1068 19.4164 10.8
      vertex 14.8122 20.3872 10.8
      vertex 14.4541 20.6426 10.8
    endloop
  endfacet
  facet normal 0 0 1
    outer loop
      vertex 15.1657 20.1256 10.8
      vertex 14.4436 19.1673 10.8
      vertex 14.7759 18.9122 10.8
    endloop
  endfacet
  facet normal 0 0 1
    outer loop
      vertex 14.8122 20.3872 10.8
      vertex 14.1068 19.4164 10.8
      vertex 14.4436 19.1673 10.8
    endloop
  endfacet
  facet normal 0 0 1
    outer loop
      vertex 13.7658 19.6596 10.8
      vertex 14.4541 20.6426 10.8
      vertex 14.0917 20.8917 10.8
    endloop
  endfacet
  facet normal 0 0 1
    outer loop
      vertex 14.4541 20.6426 10.8
      vertex 13.7658 19.6596 10.8
      vertex 14.1068 19.4164 10.8
    endloop
  endfacet
  facet normal 0 0 1
    outer loop
      vertex 13.4206 19.8969 10.8
      vertex 14.0917 20.8917 10.8
      vertex 13.7249 21.1345 10.8
    endloop
  endfacet
  facet normal 0 0 1
    outer loop
      vertex 14.0917 20.8917 10.8
      vertex 13.4206 19.8969 10.8
      vertex 13.7658 19.6596 10.8
    endloop
  endfacet
  facet normal 0 0 1
    outer loop
      vertex 13.0713 20.1281 10.8
      vertex 13.7249 21.1345 10.8
      vertex 13.354 21.3708 10.8
    endloop
  endfacet
  facet normal 0 0 1
    outer loop
      vertex 13.7249 21.1345 10.8
      vertex 13.0713 20.1281 10.8
      vertex 13.4206 19.8969 10.8
    endloop
  endfacet
  facet normal 0 0 1
    outer loop
      vertex 12.718 20.3531 10.8
      vertex 13.354 21.3708 10.8
      vertex 12.979 21.6006 10.8
    endloop
  endfacet
  facet normal 0 0 1
    outer loop
      vertex 13.354 21.3708 10.8
      vertex 12.718 20.3531 10.8
      vertex 13.0713 20.1281 10.8
    endloop
  endfacet
  facet normal 0 0 1
    outer loop
      vertex 12.3609 20.572 10.8
      vertex 12.979 21.6006 10.8
      vertex 12.6 21.8238 10.8
    endloop
  endfacet
  facet normal 0 0 1
    outer loop
      vertex 12.979 21.6006 10.8
      vertex 12.3609 20.572 10.8
      vertex 12.718 20.3531 10.8
    endloop
  endfacet
  facet normal 0 0 1
    outer loop
      vertex 12 20.7846 10.8
      vertex 12.6 21.8238 10.8
      vertex 12.2172 22.0404 10.8
    endloop
  endfacet
  facet normal 0 0 1
    outer loop
      vertex 12.6 21.8238 10.8
      vertex 12 20.7846 10.8
      vertex 12.3609 20.572 10.8
    endloop
  endfacet
  facet normal 0 0 1
    outer loop
      vertex 11.6354 20.9909 10.8
      vertex 12.2172 22.0404 10.8
      vertex 11.8307 22.2503 10.8
    endloop
  endfacet
  facet normal 0 0 1
    outer loop
      vertex 12.2172 22.0404 10.8
      vertex 11.6354 20.9909 10.8
      vertex 12 20.7846 10.8
    endloop
  endfacet
  facet normal 0 0 1
    outer loop
      vertex 11.2673 21.1907 10.8
      vertex 11.8307 22.2503 10.8
      vertex 11.4406 22.4534 10.8
    endloop
  endfacet
  facet normal 0 0 1
    outer loop
      vertex 11.8307 22.2503 10.8
      vertex 11.2673 21.1907 10.8
      vertex 11.6354 20.9909 10.8
    endloop
  endfacet
  facet normal 0 0 1
    outer loop
      vertex 10.7694 21.4471 10.8
      vertex 11.4406 22.4534 10.8
      vertex 11.047 22.6496 10.8
    endloop
  endfacet
  facet normal 0 0 1
    outer loop
      vertex 11.4406 22.4534 10.8
      vertex 10.8958 21.3842 10.8
      vertex 11.2673 21.1907 10.8
    endloop
  endfacet
  facet normal 0 0 1
    outer loop
      vertex 11.4406 22.4534 10.8
      vertex 10.7694 21.4471 10.8
      vertex 10.8958 21.3842 10.8
    endloop
  endfacet
  facet normal 0 0 1
    outer loop
      vertex 11.047 22.6496 10.8
      vertex 10.65 22.8389 10.8
      vertex 10.7694 21.4471 10.8
    endloop
  endfacet
  facet normal 0 0 1
    outer loop
      vertex 10.626 22.8495 10.8
      vertex 10.65 22.8389 10.8
      vertex 10.6476 22.8401 10.8
    endloop
  endfacet
  facet normal 0 0 1
    outer loop
      vertex 10.65 22.8389 10.8
      vertex 10.626 22.8495 10.8
      vertex 9.89752 22.6285 10.8
    endloop
  endfacet
  facet normal 0 0 1
    outer loop
      vertex 9.89752 22.6285 10.8
      vertex 10.626 22.8495 10.8
      vertex 10.6041 22.8581 10.8
    endloop
  endfacet
  facet normal 0 0 1
    outer loop
      vertex 10.5593 22.8726 10.8
      vertex 10.6041 22.8581 10.8
      vertex 10.5818 22.8658 10.8
    endloop
  endfacet
  facet normal 0 0 1
    outer loop
      vertex 10.5365 22.8786 10.8
      vertex 10.6041 22.8581 10.8
      vertex 10.5593 22.8726 10.8
    endloop
  endfacet
  facet normal 0 0 1
    outer loop
      vertex 10.5135 22.8836 10.8
      vertex 10.6041 22.8581 10.8
      vertex 10.5365 22.8786 10.8
    endloop
  endfacet
  facet normal 0 0 1
    outer loop
      vertex 10.4903 22.8878 10.8
      vertex 10.6041 22.8581 10.8
      vertex 10.5135 22.8836 10.8
    endloop
  endfacet
  facet normal 0 0 1
    outer loop
      vertex 10.4669 22.891 10.8
      vertex 10.6041 22.8581 10.8
      vertex 10.4903 22.8878 10.8
    endloop
  endfacet
  facet normal 0 0 1
    outer loop
      vertex 10.4435 22.8933 10.8
      vertex 10.6041 22.8581 10.8
      vertex 10.4669 22.891 10.8
    endloop
  endfacet
  facet normal 0 0 1
    outer loop
      vertex 10.42 22.8947 10.8
      vertex 10.6041 22.8581 10.8
      vertex 10.4435 22.8933 10.8
    endloop
  endfacet
  facet normal 0 0 1
    outer loop
      vertex 10.3964 22.8952 10.8
      vertex 10.6041 22.8581 10.8
      vertex 10.42 22.8947 10.8
    endloop
  endfacet
  facet normal -0 0 1
    outer loop
      vertex 10.3728 22.8947 10.8
      vertex 10.6041 22.8581 10.8
      vertex 10.3964 22.8952 10.8
    endloop
  endfacet
  facet normal -0 0 1
    outer loop
      vertex 10.3493 22.8933 10.8
      vertex 10.6041 22.8581 10.8
      vertex 10.3728 22.8947 10.8
    endloop
  endfacet
  facet normal -0 0 1
    outer loop
      vertex 10.3259 22.891 10.8
      vertex 10.6041 22.8581 10.8
      vertex 10.3493 22.8933 10.8
    endloop
  endfacet
  facet normal -0 0 1
    outer loop
      vertex 10.3025 22.8878 10.8
      vertex 10.6041 22.8581 10.8
      vertex 10.3259 22.891 10.8
    endloop
  endfacet
  facet normal -0 0 1
    outer loop
      vertex 10.2793 22.8836 10.8
      vertex 10.6041 22.8581 10.8
      vertex 10.3025 22.8878 10.8
    endloop
  endfacet
  facet normal -0 0 1
    outer loop
      vertex 10.2563 22.8786 10.8
      vertex 10.6041 22.8581 10.8
      vertex 10.2793 22.8836 10.8
    endloop
  endfacet
  facet normal -0 0 1
    outer loop
      vertex 10.2335 22.8726 10.8
      vertex 10.6041 22.8581 10.8
      vertex 10.2563 22.8786 10.8
    endloop
  endfacet
  facet normal -0 0 1
    outer loop
      vertex 10.211 22.8658 10.8
      vertex 10.6041 22.8581 10.8
      vertex 10.2335 22.8726 10.8
    endloop
  endfacet
  facet normal 0 0 1
    outer loop
      vertex 10.1887 22.8581 10.8
      vertex 10.6041 22.8581 10.8
      vertex 10.211 22.8658 10.8
    endloop
  endfacet
  facet normal 0 0 1
    outer loop
      vertex 10.1668 22.8495 10.8
      vertex 10.6041 22.8581 10.8
      vertex 10.1887 22.8581 10.8
    endloop
  endfacet
  facet normal 0 0 1
    outer loop
      vertex 10.1452 22.8401 10.8
      vertex 10.6041 22.8581 10.8
      vertex 10.1668 22.8495 10.8
    endloop
  endfacet
  facet normal 0 0 1
    outer loop
      vertex 10.124 22.8298 10.8
      vertex 10.6041 22.8581 10.8
      vertex 10.1452 22.8401 10.8
    endloop
  endfacet
  facet normal 0 0 1
    outer loop
      vertex 10.1032 22.8187 10.8
      vertex 10.6041 22.8581 10.8
      vertex 10.124 22.8298 10.8
    endloop
  endfacet
  facet normal 0 0 1
    outer loop
      vertex 10.0829 22.8067 10.8
      vertex 10.6041 22.8581 10.8
      vertex 10.1032 22.8187 10.8
    endloop
  endfacet
  facet normal 0 0 1
    outer loop
      vertex 10.0631 22.7941 10.8
      vertex 10.6041 22.8581 10.8
      vertex 10.0829 22.8067 10.8
    endloop
  endfacet
  facet normal 0 0 1
    outer loop
      vertex 10.0437 22.7806 10.8
      vertex 10.6041 22.8581 10.8
      vertex 10.0631 22.7941 10.8
    endloop
  endfacet
  facet normal 0 0 1
    outer loop
      vertex 10.0249 22.7664 10.8
      vertex 10.6041 22.8581 10.8
      vertex 10.0437 22.7806 10.8
    endloop
  endfacet
  facet normal 0 0 1
    outer loop
      vertex 10.0067 22.7514 10.8
      vertex 10.6041 22.8581 10.8
      vertex 10.0249 22.7664 10.8
    endloop
  endfacet
  facet normal 0 0 1
    outer loop
      vertex 9.98912 22.7358 10.8
      vertex 10.6041 22.8581 10.8
      vertex 10.0067 22.7514 10.8
    endloop
  endfacet
  facet normal 0 0 1
    outer loop
      vertex 9.97214 22.7194 10.8
      vertex 10.6041 22.8581 10.8
      vertex 9.98912 22.7358 10.8
    endloop
  endfacet
  facet normal 0 0 1
    outer loop
      vertex 9.95581 22.7024 10.8
      vertex 10.6041 22.8581 10.8
      vertex 9.97214 22.7194 10.8
    endloop
  endfacet
  facet normal 0 0 1
    outer loop
      vertex 9.94016 22.6848 10.8
      vertex 10.6041 22.8581 10.8
      vertex 9.95581 22.7024 10.8
    endloop
  endfacet
  facet normal 0 0 1
    outer loop
      vertex 9.92522 22.6666 10.8
      vertex 10.6041 22.8581 10.8
      vertex 9.94016 22.6848 10.8
    endloop
  endfacet
  facet normal 0 0 1
    outer loop
      vertex 9.911 22.6478 10.8
      vertex 10.6041 22.8581 10.8
      vertex 9.92522 22.6666 10.8
    endloop
  endfacet
  facet normal 0 0 1
    outer loop
      vertex 9.89752 22.6285 10.8
      vertex 10.6041 22.8581 10.8
      vertex 9.911 22.6478 10.8
    endloop
  endfacet
  facet normal 0 0 1
    outer loop
      vertex 10.65 22.8389 10.8
      vertex 9.89752 22.6285 10.8
      vertex 10.7694 21.4471 10.8
    endloop
  endfacet
  facet normal 0 0 1
    outer loop
      vertex 5.00037 15.1974 10.8
      vertex 10.7694 21.4471 10.8
      vertex 9.89752 22.6285 10.8
    endloop
  endfacet
  facet normal 0 0 1
    outer loop
      vertex 10.3912 12.1665 10.8
      vertex 7.79338 9.12487 10.8
      vertex 8.14561 8.81187 10.8
    endloop
  endfacet
  facet normal 0 0 1
    outer loop
      vertex 9.9055 12.5651 10.8
      vertex 7.42913 9.4238 10.8
      vertex 7.79338 9.12487 10.8
    endloop
  endfacet
  facet normal 0 0 1
    outer loop
      vertex 10.7694 21.4471 10.8
      vertex 5.00037 15.1974 10.8
      vertex 8.42749 13.599 10.8
    endloop
  endfacet
  facet normal 0 -0 1
    outer loop
      vertex 5.02392 10.8977 10.8
      vertex 8.42749 13.599 10.8
      vertex 5.00037 15.1974 10.8
    endloop
  endfacet
  facet normal 0 0 1
    outer loop
      vertex 9.40456 12.9443 10.8
      vertex 7.05342 9.7082 10.8
      vertex 7.42913 9.4238 10.8
    endloop
  endfacet
  facet normal 0 0 1
    outer loop
      vertex 8.88911 13.3035 10.8
      vertex 6.66684 9.97763 10.8
      vertex 7.05342 9.7082 10.8
    endloop
  endfacet
  facet normal 0 0 1
    outer loop
      vertex 8.42749 13.599 10.8
      vertex 6.26998 10.2317 10.8
      vertex 6.66684 9.97763 10.8
    endloop
  endfacet
  facet normal 0 0 1
    outer loop
      vertex 8.42749 13.599 10.8
      vertex 5.86345 10.47 10.8
      vertex 6.26998 10.2317 10.8
    endloop
  endfacet
  facet normal 0 0 1
    outer loop
      vertex 8.42749 13.599 10.8
      vertex 5.44789 10.6921 10.8
      vertex 5.86345 10.47 10.8
    endloop
  endfacet
  facet normal 0 0 1
    outer loop
      vertex 8.42749 13.599 10.8
      vertex 5.02392 10.8977 10.8
      vertex 5.44789 10.6921 10.8
    endloop
  endfacet
  facet normal 0 0 1
    outer loop
      vertex 3.7082 11.4127 10.8
      vertex 5.00037 15.1974 10.8
      vertex 4.94426 15.2169 10.8
    endloop
  endfacet
  facet normal 0 0 1
    outer loop
      vertex 5.00037 15.1974 10.8
      vertex 4.5922 11.0866 10.8
      vertex 5.02392 10.8977 10.8
    endloop
  endfacet
  facet normal 0 0 1
    outer loop
      vertex 3.7082 11.4127 10.8
      vertex 4.94426 15.2169 10.8
      vertex 4.34303 15.3993 10.8
    endloop
  endfacet
  facet normal 0 0 1
    outer loop
      vertex 5.00037 15.1974 10.8
      vertex 4.1534 11.2583 10.8
      vertex 4.5922 11.0866 10.8
    endloop
  endfacet
  facet normal 0 0 1
    outer loop
      vertex 3.25729 11.5495 10.8
      vertex 4.34303 15.3993 10.8
      vertex 3.73512 15.5579 10.8
    endloop
  endfacet
  facet normal 0 0 1
    outer loop
      vertex 5.00037 15.1974 10.8
      vertex 3.7082 11.4127 10.8
      vertex 4.1534 11.2583 10.8
    endloop
  endfacet
  facet normal 0 0 1
    outer loop
      vertex 4.34303 15.3993 10.8
      vertex 3.25729 11.5495 10.8
      vertex 3.7082 11.4127 10.8
    endloop
  endfacet
  facet normal 0 0 1
    outer loop
      vertex 2.80134 11.6684 10.8
      vertex 3.73512 15.5579 10.8
      vertex 3.12144 15.6926 10.8
    endloop
  endfacet
  facet normal 0 0 1
    outer loop
      vertex 3.73512 15.5579 10.8
      vertex 2.80134 11.6684 10.8
      vertex 3.25729 11.5495 10.8
    endloop
  endfacet
  facet normal 0 0 1
    outer loop
      vertex 2.34108 11.7694 10.8
      vertex 3.12144 15.6926 10.8
      vertex 2.50294 15.803 10.8
    endloop
  endfacet
  facet normal 0 0 1
    outer loop
      vertex 3.12144 15.6926 10.8
      vertex 2.34108 11.7694 10.8
      vertex 2.80134 11.6684 10.8
    endloop
  endfacet
  facet normal 0 0 1
    outer loop
      vertex 1.87721 11.8523 10.8
      vertex 2.50294 15.803 10.8
      vertex 1.88058 15.8891 10.8
    endloop
  endfacet
  facet normal 0 0 1
    outer loop
      vertex 2.50294 15.803 10.8
      vertex 1.87721 11.8523 10.8
      vertex 2.34108 11.7694 10.8
    endloop
  endfacet
  facet normal 0 0 1
    outer loop
      vertex 1.88058 15.8891 10.8
      vertex 1.41045 11.9168 10.8
      vertex 1.87721 11.8523 10.8
    endloop
  endfacet
  facet normal 0 0 1
    outer loop
      vertex 1.25534 15.9507 10.8
      vertex 1.41045 11.9168 10.8
      vertex 1.88058 15.8891 10.8
    endloop
  endfacet
  facet normal 0 0 1
    outer loop
      vertex 1.25534 15.9507 10.8
      vertex 0.941508 11.963 10.8
      vertex 1.41045 11.9168 10.8
    endloop
  endfacet
  facet normal 0 0 1
    outer loop
      vertex 0.628143 15.9877 10.8
      vertex 0.941508 11.963 10.8
      vertex 1.25534 15.9507 10.8
    endloop
  endfacet
  facet normal 0 0 1
    outer loop
      vertex 0.628143 15.9877 10.8
      vertex 0.471117 11.9907 10.8
      vertex 0.941508 11.963 10.8
    endloop
  endfacet
  facet normal 0 0 1
    outer loop
      vertex 0 16 10.8
      vertex 0.471117 11.9907 10.8
      vertex 0.628143 15.9877 10.8
    endloop
  endfacet
  facet normal 0 0 1
    outer loop
      vertex 0 16 10.8
      vertex 0 12 10.8
      vertex 0.471117 11.9907 10.8
    endloop
  endfacet
  facet normal 0 0 1
    outer loop
      vertex 0 16 10.8
      vertex -0.471117 11.9907 10.8
      vertex 0 12 10.8
    endloop
  endfacet
  facet normal -0 0 1
    outer loop
      vertex -0.628143 15.9877 10.8
      vertex -0.471117 11.9907 10.8
      vertex 0 16 10.8
    endloop
  endfacet
  facet normal 0 0 1
    outer loop
      vertex -0.628143 15.9877 10.8
      vertex -0.941508 11.963 10.8
      vertex -0.471117 11.9907 10.8
    endloop
  endfacet
  facet normal -0 0 1
    outer loop
      vertex -1.25534 15.9507 10.8
      vertex -0.941508 11.963 10.8
      vertex -0.628143 15.9877 10.8
    endloop
  endfacet
  facet normal 0 0 1
    outer loop
      vertex -1.25534 15.9507 10.8
      vertex -1.41045 11.9168 10.8
      vertex -0.941508 11.963 10.8
    endloop
  endfacet
  facet normal -0 0 1
    outer loop
      vertex -1.88058 15.8891 10.8
      vertex -1.41045 11.9168 10.8
      vertex -1.25534 15.9507 10.8
    endloop
  endfacet
  facet normal 0 0 1
    outer loop
      vertex -1.41045 11.9168 10.8
      vertex -1.88058 15.8891 10.8
      vertex -1.87721 11.8523 10.8
    endloop
  endfacet
  facet normal -0 0 1
    outer loop
      vertex -2.50294 15.803 10.8
      vertex -1.87721 11.8523 10.8
      vertex -1.88058 15.8891 10.8
    endloop
  endfacet
  facet normal 0 0 1
    outer loop
      vertex -1.87721 11.8523 10.8
      vertex -2.50294 15.803 10.8
      vertex -2.34108 11.7694 10.8
    endloop
  endfacet
  facet normal -0 0 1
    outer loop
      vertex -3.12144 15.6926 10.8
      vertex -2.34108 11.7694 10.8
      vertex -2.50294 15.803 10.8
    endloop
  endfacet
  facet normal 0 0 1
    outer loop
      vertex -2.34108 11.7694 10.8
      vertex -3.12144 15.6926 10.8
      vertex -2.80134 11.6684 10.8
    endloop
  endfacet
  facet normal -0 0 1
    outer loop
      vertex -3.73512 15.5579 10.8
      vertex -2.80134 11.6684 10.8
      vertex -3.12144 15.6926 10.8
    endloop
  endfacet
  facet normal 0 0 1
    outer loop
      vertex -2.80134 11.6684 10.8
      vertex -3.73512 15.5579 10.8
      vertex -3.25729 11.5495 10.8
    endloop
  endfacet
  facet normal -0 0 1
    outer loop
      vertex -4.34303 15.3993 10.8
      vertex -3.25729 11.5495 10.8
      vertex -3.73512 15.5579 10.8
    endloop
  endfacet
  facet normal 0 0 1
    outer loop
      vertex -3.25729 11.5495 10.8
      vertex -4.34303 15.3993 10.8
      vertex -3.7082 11.4127 10.8
    endloop
  endfacet
  facet normal -0 0 1
    outer loop
      vertex -4.94426 15.2169 10.8
      vertex -3.7082 11.4127 10.8
      vertex -4.34303 15.3993 10.8
    endloop
  endfacet
  facet normal 0 0 1
    outer loop
      vertex -3.7082 11.4127 10.8
      vertex -4.94426 15.2169 10.8
      vertex -4.1534 11.2583 10.8
    endloop
  endfacet
  facet normal -0 0 1
    outer loop
      vertex -5.53787 15.011 10.8
      vertex -4.1534 11.2583 10.8
      vertex -4.94426 15.2169 10.8
    endloop
  endfacet
  facet normal 0 0 1
    outer loop
      vertex -4.1534 11.2583 10.8
      vertex -5.53787 15.011 10.8
      vertex -4.5922 11.0866 10.8
    endloop
  endfacet
  facet normal -0 0 1
    outer loop
      vertex -6.12292 14.7821 10.8
      vertex -4.5922 11.0866 10.8
      vertex -5.53787 15.011 10.8
    endloop
  endfacet
  facet normal 0 0 1
    outer loop
      vertex -4.5922 11.0866 10.8
      vertex -6.12292 14.7821 10.8
      vertex -5.02392 10.8977 10.8
    endloop
  endfacet
  facet normal -0 0 1
    outer loop
      vertex -6.69855 14.5303 10.8
      vertex -5.02392 10.8977 10.8
      vertex -6.12292 14.7821 10.8
    endloop
  endfacet
  facet normal 0 0 1
    outer loop
      vertex -5.02392 10.8977 10.8
      vertex -6.69855 14.5303 10.8
      vertex -5.44789 10.6921 10.8
    endloop
  endfacet
  facet normal -0 0 1
    outer loop
      vertex -7.26384 14.2561 10.8
      vertex -5.44789 10.6921 10.8
      vertex -6.69855 14.5303 10.8
    endloop
  endfacet
  facet normal 0 0 1
    outer loop
      vertex -5.44789 10.6921 10.8
      vertex -7.26384 14.2561 10.8
      vertex -5.86345 10.47 10.8
    endloop
  endfacet
  facet normal -0 0 1
    outer loop
      vertex -7.81793 13.9599 10.8
      vertex -5.86345 10.47 10.8
      vertex -7.26384 14.2561 10.8
    endloop
  endfacet
  facet normal 0 0 1
    outer loop
      vertex -5.86345 10.47 10.8
      vertex -7.81793 13.9599 10.8
      vertex -6.26998 10.2317 10.8
    endloop
  endfacet
  facet normal -0 0 1
    outer loop
      vertex -8.35997 13.6422 10.8
      vertex -6.26998 10.2317 10.8
      vertex -7.81793 13.9599 10.8
    endloop
  endfacet
  facet normal 0 0 1
    outer loop
      vertex -6.26998 10.2317 10.8
      vertex -8.35997 13.6422 10.8
      vertex -6.66684 9.97763 10.8
    endloop
  endfacet
  facet normal -0 0 1
    outer loop
      vertex -8.88911 13.3035 10.8
      vertex -6.66684 9.97763 10.8
      vertex -8.35997 13.6422 10.8
    endloop
  endfacet
  facet normal 0 0 1
    outer loop
      vertex -6.66684 9.97763 10.8
      vertex -8.88911 13.3035 10.8
      vertex -7.05342 9.7082 10.8
    endloop
  endfacet
  facet normal -0 0 1
    outer loop
      vertex -9.40456 12.9443 10.8
      vertex -7.05342 9.7082 10.8
      vertex -8.88911 13.3035 10.8
    endloop
  endfacet
  facet normal 0 0 1
    outer loop
      vertex -7.05342 9.7082 10.8
      vertex -9.40456 12.9443 10.8
      vertex -7.42913 9.4238 10.8
    endloop
  endfacet
  facet normal -0 0 1
    outer loop
      vertex -9.9055 12.5651 10.8
      vertex -7.42913 9.4238 10.8
      vertex -9.40456 12.9443 10.8
    endloop
  endfacet
  facet normal 0 0 1
    outer loop
      vertex -7.42913 9.4238 10.8
      vertex -9.9055 12.5651 10.8
      vertex -7.79338 9.12487 10.8
    endloop
  endfacet
  facet normal -0 0 1
    outer loop
      vertex -10.3912 12.1665 10.8
      vertex -7.79338 9.12487 10.8
      vertex -9.9055 12.5651 10.8
    endloop
  endfacet
  facet normal 0 0 1
    outer loop
      vertex -7.79338 9.12487 10.8
      vertex -10.3912 12.1665 10.8
      vertex -8.14561 8.81187 10.8
    endloop
  endfacet
  facet normal -0 0 1
    outer loop
      vertex -10.8608 11.7491 10.8
      vertex -8.14561 8.81187 10.8
      vertex -10.3912 12.1665 10.8
    endloop
  endfacet
  facet normal 0 0 1
    outer loop
      vertex -8.14561 8.81187 10.8
      vertex -10.8608 11.7491 10.8
      vertex -8.48528 8.48528 10.8
    endloop
  endfacet
  facet normal -0 0 1
    outer loop
      vertex -11.3137 11.3137 10.8
      vertex -8.48528 8.48528 10.8
      vertex -10.8608 11.7491 10.8
    endloop
  endfacet
  facet normal 0 0 1
    outer loop
      vertex -8.48528 8.48528 10.8
      vertex -11.3137 11.3137 10.8
      vertex -8.81187 8.14561 10.8
    endloop
  endfacet
  facet normal -0 0 1
    outer loop
      vertex -11.7491 10.8608 10.8
      vertex -8.81187 8.14561 10.8
      vertex -11.3137 11.3137 10.8
    endloop
  endfacet
  facet normal 0 0 1
    outer loop
      vertex -8.81187 8.14561 10.8
      vertex -11.7491 10.8608 10.8
      vertex -9.12487 7.79338 10.8
    endloop
  endfacet
  facet normal -0 0 1
    outer loop
      vertex -12.1665 10.3912 10.8
      vertex -9.12487 7.79338 10.8
      vertex -11.7491 10.8608 10.8
    endloop
  endfacet
  facet normal 0 0 1
    outer loop
      vertex -9.12487 7.79338 10.8
      vertex -12.1665 10.3912 10.8
      vertex -9.4238 7.42913 10.8
    endloop
  endfacet
  facet normal -0 0 1
    outer loop
      vertex -12.5651 9.9055 10.8
      vertex -9.4238 7.42913 10.8
      vertex -12.1665 10.3912 10.8
    endloop
  endfacet
  facet normal 0 0 1
    outer loop
      vertex -9.4238 7.42913 10.8
      vertex -12.5651 9.9055 10.8
      vertex -9.7082 7.05342 10.8
    endloop
  endfacet
  facet normal -0 0 1
    outer loop
      vertex -12.9443 9.40456 10.8
      vertex -9.7082 7.05342 10.8
      vertex -12.5651 9.9055 10.8
    endloop
  endfacet
  facet normal 0 0 1
    outer loop
      vertex -9.7082 7.05342 10.8
      vertex -12.9443 9.40456 10.8
      vertex -9.97763 6.66684 10.8
    endloop
  endfacet
  facet normal -0 0 1
    outer loop
      vertex -13.3035 8.88911 10.8
      vertex -9.97763 6.66684 10.8
      vertex -12.9443 9.40456 10.8
    endloop
  endfacet
  facet normal 0 0 1
    outer loop
      vertex -9.97763 6.66684 10.8
      vertex -13.3035 8.88911 10.8
      vertex -10.2317 6.26998 10.8
    endloop
  endfacet
  facet normal -0 0 1
    outer loop
      vertex -13.6422 8.35997 10.8
      vertex -10.2317 6.26998 10.8
      vertex -13.3035 8.88911 10.8
    endloop
  endfacet
  facet normal 0 0 1
    outer loop
      vertex -10.2317 6.26998 10.8
      vertex -13.6422 8.35997 10.8
      vertex -10.47 5.86345 10.8
    endloop
  endfacet
  facet normal -0 0 1
    outer loop
      vertex -13.9599 7.81793 10.8
      vertex -10.47 5.86345 10.8
      vertex -13.6422 8.35997 10.8
    endloop
  endfacet
  facet normal 0 0 1
    outer loop
      vertex -10.47 5.86345 10.8
      vertex -13.9599 7.81793 10.8
      vertex -10.6921 5.44789 10.8
    endloop
  endfacet
  facet normal -0 0 1
    outer loop
      vertex -14.2561 7.26384 10.8
      vertex -10.6921 5.44789 10.8
      vertex -13.9599 7.81793 10.8
    endloop
  endfacet
  facet normal 0 0 1
    outer loop
      vertex -10.6921 5.44789 10.8
      vertex -14.2561 7.26384 10.8
      vertex -10.8977 5.02392 10.8
    endloop
  endfacet
  facet normal -0 0 1
    outer loop
      vertex -14.5303 6.69855 10.8
      vertex -10.8977 5.02392 10.8
      vertex -14.2561 7.26384 10.8
    endloop
  endfacet
  facet normal 0 0 1
    outer loop
      vertex -10.8977 5.02392 10.8
      vertex -14.5303 6.69855 10.8
      vertex -11.0866 4.5922 10.8
    endloop
  endfacet
  facet normal -0 0 1
    outer loop
      vertex -14.7821 6.12292 10.8
      vertex -11.0866 4.5922 10.8
      vertex -14.5303 6.69855 10.8
    endloop
  endfacet
  facet normal -0 0 1
    outer loop
      vertex -15.011 5.53787 10.8
      vertex -11.2583 4.1534 10.8
      vertex -14.7821 6.12292 10.8
    endloop
  endfacet
  facet normal 0 0 1
    outer loop
      vertex -11.0866 4.5922 10.8
      vertex -14.7821 6.12292 10.8
      vertex -11.2583 4.1534 10.8
    endloop
  endfacet
  facet normal 0.0261481 -0.999658 0
    outer loop
      vertex 0.439804 -25.1961 2.2
      vertex 0.879456 -25.1846 10.8
      vertex 0.439804 -25.1961 10.8
    endloop
  endfacet
  facet normal 0.0261481 -0.999658 0
    outer loop
      vertex 0.879456 -25.1846 10.8
      vertex 0.439804 -25.1961 2.2
      vertex 0.879456 -25.1846 2.2
    endloop
  endfacet
  facet normal 0.043427 -0.999057 0
    outer loop
      vertex 0.879456 -25.1846 2.2
      vertex 1.31886 -25.1655 10.8
      vertex 0.879456 -25.1846 10.8
    endloop
  endfacet
  facet normal 0.043427 -0.999057 0
    outer loop
      vertex 1.31886 -25.1655 10.8
      vertex 0.879456 -25.1846 2.2
      vertex 1.31886 -25.1655 2.2
    endloop
  endfacet
  facet normal 0.0611609 -0.998128 0
    outer loop
      vertex 1.31886 -25.1655 2.2
      vertex 1.75786 -25.1386 10.8
      vertex 1.31886 -25.1655 10.8
    endloop
  endfacet
  facet normal 0.0611609 -0.998128 0
    outer loop
      vertex 1.75786 -25.1386 10.8
      vertex 1.31886 -25.1655 2.2
      vertex 1.75786 -25.1386 2.2
    endloop
  endfacet
  facet normal 0.078442 -0.996919 0
    outer loop
      vertex 1.75786 -25.1386 2.2
      vertex 2.19632 -25.1041 10.8
      vertex 1.75786 -25.1386 10.8
    endloop
  endfacet
  facet normal 0.078442 -0.996919 0
    outer loop
      vertex 2.19632 -25.1041 10.8
      vertex 1.75786 -25.1386 2.2
      vertex 2.19632 -25.1041 2.2
    endloop
  endfacet
  facet normal 0.0959485 -0.995386 0
    outer loop
      vertex 2.19632 -25.1041 2.2
      vertex 2.63411 -25.0619 10.8
      vertex 2.19632 -25.1041 10.8
    endloop
  endfacet
  facet normal 0.0959485 -0.995386 0
    outer loop
      vertex 2.63411 -25.0619 10.8
      vertex 2.19632 -25.1041 2.2
      vertex 2.63411 -25.0619 2.2
    endloop
  endfacet
  facet normal 0.113231 -0.993569 0
    outer loop
      vertex 2.63411 -25.0619 2.2
      vertex 3.07109 -25.0121 10.8
      vertex 2.63411 -25.0619 10.8
    endloop
  endfacet
  facet normal 0.113231 -0.993569 0
    outer loop
      vertex 3.07109 -25.0121 10.8
      vertex 2.63411 -25.0619 2.2
      vertex 3.07109 -25.0121 2.2
    endloop
  endfacet
  facet normal 0.130505 -0.991448 0
    outer loop
      vertex 3.07109 -25.0121 2.2
      vertex 3.50716 -24.9547 10.8
      vertex 3.07109 -25.0121 10.8
    endloop
  endfacet
  facet normal 0.130505 -0.991448 0
    outer loop
      vertex 3.50716 -24.9547 10.8
      vertex 3.07109 -25.0121 2.2
      vertex 3.50716 -24.9547 2.2
    endloop
  endfacet
  facet normal 0.147791 -0.989019 0
    outer loop
      vertex 3.50716 -24.9547 2.2
      vertex 3.94214 -24.8897 10.8
      vertex 3.50716 -24.9547 10.8
    endloop
  endfacet
  facet normal 0.147791 -0.989019 0
    outer loop
      vertex 3.94214 -24.8897 10.8
      vertex 3.50716 -24.9547 2.2
      vertex 3.94214 -24.8897 2.2
    endloop
  endfacet
  facet normal 0.165066 -0.986282 0
    outer loop
      vertex 3.94214 -24.8897 2.2
      vertex 4.37593 -24.8171 10.8
      vertex 3.94214 -24.8897 10.8
    endloop
  endfacet
  facet normal 0.165066 -0.986282 0
    outer loop
      vertex 4.37593 -24.8171 10.8
      vertex 3.94214 -24.8897 2.2
      vertex 4.37593 -24.8171 2.2
    endloop
  endfacet
  facet normal 0.182126 -0.983275 0
    outer loop
      vertex 4.37593 -24.8171 2.2
      vertex 4.80838 -24.737 10.8
      vertex 4.37593 -24.8171 10.8
    endloop
  endfacet
  facet normal 0.182126 -0.983275 0
    outer loop
      vertex 4.80838 -24.737 10.8
      vertex 4.37593 -24.8171 2.2
      vertex 4.80838 -24.737 2.2
    endloop
  endfacet
  facet normal 0.199403 -0.979918 0
    outer loop
      vertex 4.80838 -24.737 2.2
      vertex 5.23936 -24.6493 10.8
      vertex 4.80838 -24.737 10.8
    endloop
  endfacet
  facet normal 0.199403 -0.979918 0
    outer loop
      vertex 5.23936 -24.6493 10.8
      vertex 4.80838 -24.737 2.2
      vertex 5.23936 -24.6493 2.2
    endloop
  endfacet
  facet normal 0.216449 -0.976294 0
    outer loop
      vertex 5.23936 -24.6493 2.2
      vertex 5.66876 -24.5541 10.8
      vertex 5.23936 -24.6493 10.8
    endloop
  endfacet
  facet normal 0.216449 -0.976294 0
    outer loop
      vertex 5.66876 -24.5541 10.8
      vertex 5.23936 -24.6493 2.2
      vertex 5.66876 -24.5541 2.2
    endloop
  endfacet
  facet normal 0.233505 -0.972356 0
    outer loop
      vertex 5.66876 -24.5541 2.2
      vertex 6.09642 -24.4514 10.8
      vertex 5.66876 -24.5541 10.8
    endloop
  endfacet
  facet normal 0.233505 -0.972356 0
    outer loop
      vertex 6.09642 -24.4514 10.8
      vertex 5.66876 -24.5541 2.2
      vertex 6.09642 -24.4514 2.2
    endloop
  endfacet
  facet normal 0.250333 -0.96816 0
    outer loop
      vertex 6.09642 -24.4514 2.2
      vertex 6.52223 -24.3413 10.8
      vertex 6.09642 -24.4514 10.8
    endloop
  endfacet
  facet normal 0.250333 -0.96816 0
    outer loop
      vertex 6.52223 -24.3413 10.8
      vertex 6.09642 -24.4514 2.2
      vertex 6.52223 -24.3413 2.2
    endloop
  endfacet
  facet normal 0.267169 -0.96365 0
    outer loop
      vertex 6.52223 -24.3413 2.2
      vertex 6.94604 -24.2238 10.8
      vertex 6.52223 -24.3413 10.8
    endloop
  endfacet
  facet normal 0.267169 -0.96365 0
    outer loop
      vertex 6.94604 -24.2238 10.8
      vertex 6.52223 -24.3413 2.2
      vertex 6.94604 -24.2238 2.2
    endloop
  endfacet
  facet normal 0.283981 -0.95883 0
    outer loop
      vertex 6.94604 -24.2238 2.2
      vertex 7.36775 -24.0989 10.8
      vertex 6.94604 -24.2238 10.8
    endloop
  endfacet
  facet normal 0.283981 -0.95883 0
    outer loop
      vertex 7.36775 -24.0989 10.8
      vertex 6.94604 -24.2238 2.2
      vertex 7.36775 -24.0989 2.2
    endloop
  endfacet
  facet normal 0.300792 -0.95369 0
    outer loop
      vertex 7.36775 -24.0989 2.2
      vertex 7.78722 -23.9666 10.8
      vertex 7.36775 -24.0989 10.8
    endloop
  endfacet
  facet normal 0.300792 -0.95369 0
    outer loop
      vertex 7.78722 -23.9666 10.8
      vertex 7.36775 -24.0989 2.2
      vertex 7.78722 -23.9666 2.2
    endloop
  endfacet
  facet normal 0.317196 -0.94836 0
    outer loop
      vertex 7.78722 -23.9666 2.2
      vertex 8.2043 -23.8271 10.8
      vertex 7.78722 -23.9666 10.8
    endloop
  endfacet
  facet normal 0.317196 -0.94836 0
    outer loop
      vertex 8.2043 -23.8271 10.8
      vertex 7.78722 -23.9666 2.2
      vertex 8.2043 -23.8271 2.2
    endloop
  endfacet
  facet normal 0.333973 -0.942583 0
    outer loop
      vertex 8.2043 -23.8271 2.2
      vertex 8.6189 -23.6802 10.8
      vertex 8.2043 -23.8271 10.8
    endloop
  endfacet
  facet normal 0.333973 -0.942583 0
    outer loop
      vertex 8.6189 -23.6802 10.8
      vertex 8.2043 -23.8271 2.2
      vertex 8.6189 -23.6802 2.2
    endloop
  endfacet
  facet normal 0.350149 -0.936694 0
    outer loop
      vertex 8.6189 -23.6802 2.2
      vertex 9.03087 -23.5262 10.8
      vertex 8.6189 -23.6802 10.8
    endloop
  endfacet
  facet normal 0.350149 -0.936694 0
    outer loop
      vertex 9.03087 -23.5262 10.8
      vertex 8.6189 -23.6802 2.2
      vertex 9.03087 -23.5262 2.2
    endloop
  endfacet
  facet normal 0.366517 -0.930411 0
    outer loop
      vertex 9.03087 -23.5262 2.2
      vertex 9.44008 -23.365 10.8
      vertex 9.03087 -23.5262 10.8
    endloop
  endfacet
  facet normal 0.366517 -0.930411 0
    outer loop
      vertex 9.44008 -23.365 10.8
      vertex 9.03087 -23.5262 2.2
      vertex 9.44008 -23.365 2.2
    endloop
  endfacet
  facet normal 0.382661 -0.923889 0
    outer loop
      vertex 9.44008 -23.365 2.2
      vertex 9.84642 -23.1967 10.8
      vertex 9.44008 -23.365 10.8
    endloop
  endfacet
  facet normal 0.382661 -0.923889 0
    outer loop
      vertex 9.84642 -23.1967 10.8
      vertex 9.44008 -23.365 2.2
      vertex 9.84642 -23.1967 2.2
    endloop
  endfacet
  facet normal 0.398759 -0.917056 0
    outer loop
      vertex 9.84642 -23.1967 2.2
      vertex 10.2498 -23.0213 10.8
      vertex 9.84642 -23.1967 10.8
    endloop
  endfacet
  facet normal 0.398759 -0.917056 0
    outer loop
      vertex 10.2498 -23.0213 10.8
      vertex 9.84642 -23.1967 2.2
      vertex 10.2498 -23.0213 2.2
    endloop
  endfacet
  facet normal 0.414728 -0.909946 0
    outer loop
      vertex 10.2498 -23.0213 2.2
      vertex 10.65 -22.8389 10.8
      vertex 10.2498 -23.0213 10.8
    endloop
  endfacet
  facet normal 0.414728 -0.909946 0
    outer loop
      vertex 10.65 -22.8389 10.8
      vertex 10.2498 -23.0213 2.2
      vertex 10.65 -22.8389 2.2
    endloop
  endfacet
  facet normal 0.43049 -0.902596 0
    outer loop
      vertex 10.65 -22.8389 2.2
      vertex 11.0469 -22.6496 10.8
      vertex 10.65 -22.8389 10.8
    endloop
  endfacet
  facet normal 0.43049 -0.902596 0
    outer loop
      vertex 11.0469 -22.6496 10.8
      vertex 10.65 -22.8389 2.2
      vertex 11.0469 -22.6496 2.2
    endloop
  endfacet
  facet normal 0.446031 -0.895017 0
    outer loop
      vertex 11.0469 -22.6496 2.2
      vertex 11.4406 -22.4534 10.8
      vertex 11.0469 -22.6496 10.8
    endloop
  endfacet
  facet normal 0.446031 -0.895017 0
    outer loop
      vertex 11.4406 -22.4534 10.8
      vertex 11.0469 -22.6496 2.2
      vertex 11.4406 -22.4534 2.2
    endloop
  endfacet
  facet normal 0.461797 -0.886986 0
    outer loop
      vertex 11.4406 -22.4534 2.2
      vertex 11.8307 -22.2503 10.8
      vertex 11.4406 -22.4534 10.8
    endloop
  endfacet
  facet normal 0.461797 -0.886986 0
    outer loop
      vertex 11.8307 -22.2503 10.8
      vertex 11.4406 -22.4534 2.2
      vertex 11.8307 -22.2503 2.2
    endloop
  endfacet
  facet normal 0.477242 -0.878772 0
    outer loop
      vertex 11.8307 -22.2503 2.2
      vertex 12.2172 -22.0404 10.8
      vertex 11.8307 -22.2503 10.8
    endloop
  endfacet
  facet normal 0.477242 -0.878772 0
    outer loop
      vertex 12.2172 -22.0404 10.8
      vertex 11.8307 -22.2503 2.2
      vertex 12.2172 -22.0404 2.2
    endloop
  endfacet
  facet normal 0.492462 -0.870334 0
    outer loop
      vertex 12.2172 -22.0404 2.2
      vertex 12.6 -21.8238 10.8
      vertex 12.2172 -22.0404 10.8
    endloop
  endfacet
  facet normal 0.492462 -0.870334 0
    outer loop
      vertex 12.6 -21.8238 10.8
      vertex 12.2172 -22.0404 2.2
      vertex 12.6 -21.8238 2.2
    endloop
  endfacet
  facet normal 0.507557 -0.861618 0
    outer loop
      vertex 12.6 -21.8238 2.2
      vertex 12.9789 -21.6006 10.8
      vertex 12.6 -21.8238 10.8
    endloop
  endfacet
  facet normal 0.507557 -0.861618 0
    outer loop
      vertex 12.9789 -21.6006 10.8
      vertex 12.6 -21.8238 2.2
      vertex 12.9789 -21.6006 2.2
    endloop
  endfacet
  facet normal 0.522397 -0.852703 0
    outer loop
      vertex 12.9789 -21.6006 2.2
      vertex 13.354 -21.3708 10.8
      vertex 12.9789 -21.6006 10.8
    endloop
  endfacet
  facet normal 0.522397 -0.852703 0
    outer loop
      vertex 13.354 -21.3708 10.8
      vertex 12.9789 -21.6006 2.2
      vertex 13.354 -21.3708 2.2
    endloop
  endfacet
  facet normal 0.537317 -0.84338 0
    outer loop
      vertex 13.354 -21.3708 2.2
      vertex 13.7249 -21.1345 10.8
      vertex 13.354 -21.3708 10.8
    endloop
  endfacet
  facet normal 0.537317 -0.84338 0
    outer loop
      vertex 13.7249 -21.1345 10.8
      vertex 13.354 -21.3708 2.2
      vertex 13.7249 -21.1345 2.2
    endloop
  endfacet
  facet normal 0.552074 -0.833795 0
    outer loop
      vertex 13.7249 -21.1345 2.2
      vertex 14.0916 -20.8917 10.8
      vertex 13.7249 -21.1345 10.8
    endloop
  endfacet
  facet normal 0.552074 -0.833795 0
    outer loop
      vertex 14.0916 -20.8917 10.8
      vertex 13.7249 -21.1345 2.2
      vertex 14.0916 -20.8917 2.2
    endloop
  endfacet
  facet normal 0.566327 -0.82418 0
    outer loop
      vertex 14.0916 -20.8917 2.2
      vertex 14.4563 -20.6411 10.8
      vertex 14.0916 -20.8917 10.8
    endloop
  endfacet
  facet normal 0.566327 -0.82418 0
    outer loop
      vertex 14.4563 -20.6411 10.8
      vertex 14.0916 -20.8917 2.2
      vertex 14.4563 -20.6411 2.2
    endloop
  endfacet
  facet normal 0.595228 -0.803557 0
    outer loop
      vertex 14.4563 -20.6411 2.2
      vertex 14.4752 -20.6271 10.8
      vertex 14.4563 -20.6411 10.8
    endloop
  endfacet
  facet normal 0.595228 -0.803557 0
    outer loop
      vertex 14.4752 -20.6271 10.8
      vertex 14.4563 -20.6411 2.2
      vertex 14.4752 -20.6271 2.2
    endloop
  endfacet
  facet normal 0.624177 -0.781283 0
    outer loop
      vertex 14.4752 -20.6271 2.2
      vertex 14.4936 -20.6124 10.8
      vertex 14.4752 -20.6271 10.8
    endloop
  endfacet
  facet normal 0.624177 -0.781283 0
    outer loop
      vertex 14.4936 -20.6124 10.8
      vertex 14.4752 -20.6271 2.2
      vertex 14.4936 -20.6124 2.2
    endloop
  endfacet
  facet normal 0.654283 -0.75625 0
    outer loop
      vertex 14.4936 -20.6124 2.2
      vertex 14.5114 -20.597 10.8
      vertex 14.4936 -20.6124 10.8
    endloop
  endfacet
  facet normal 0.654283 -0.75625 0
    outer loop
      vertex 14.5114 -20.597 10.8
      vertex 14.4936 -20.6124 2.2
      vertex 14.5114 -20.597 2.2
    endloop
  endfacet
  facet normal 0.683376 -0.730066 0
    outer loop
      vertex 14.5114 -20.597 2.2
      vertex 14.5286 -20.5809 10.8
      vertex 14.5114 -20.597 10.8
    endloop
  endfacet
  facet normal 0.683376 -0.730066 0
    outer loop
      vertex 14.5286 -20.5809 10.8
      vertex 14.5114 -20.597 2.2
      vertex 14.5286 -20.5809 2.2
    endloop
  endfacet
  facet normal 0.711328 -0.70286 0
    outer loop
      vertex 14.5286 -20.5809 10.8
      vertex 14.5452 -20.5641 2.2
      vertex 14.5452 -20.5641 10.8
    endloop
  endfacet
  facet normal 0.711328 -0.70286 0
    outer loop
      vertex 14.5452 -20.5641 2.2
      vertex 14.5286 -20.5809 10.8
      vertex 14.5286 -20.5809 2.2
    endloop
  endfacet
  facet normal 0.73821 -0.674571 0
    outer loop
      vertex 14.5452 -20.5641 10.8
      vertex 14.5611 -20.5467 2.2
      vertex 14.5611 -20.5467 10.8
    endloop
  endfacet
  facet normal 0.73821 -0.674571 0
    outer loop
      vertex 14.5611 -20.5467 2.2
      vertex 14.5452 -20.5641 10.8
      vertex 14.5452 -20.5641 2.2
    endloop
  endfacet
  facet normal 0.766124 -0.642693 0
    outer loop
      vertex 14.5611 -20.5467 10.8
      vertex 14.5762 -20.5287 2.2
      vertex 14.5762 -20.5287 10.8
    endloop
  endfacet
  facet normal 0.766124 -0.642693 0
    outer loop
      vertex 14.5762 -20.5287 2.2
      vertex 14.5611 -20.5467 10.8
      vertex 14.5611 -20.5467 2.2
    endloop
  endfacet
  facet normal 0.788667 -0.614821 0
    outer loop
      vertex 14.5762 -20.5287 10.8
      vertex 14.5907 -20.5101 2.2
      vertex 14.5907 -20.5101 10.8
    endloop
  endfacet
  facet normal 0.788667 -0.614821 0
    outer loop
      vertex 14.5907 -20.5101 2.2
      vertex 14.5762 -20.5287 10.8
      vertex 14.5762 -20.5287 2.2
    endloop
  endfacet
  facet normal 0.812582 -0.582847 0
    outer loop
      vertex 14.5907 -20.5101 10.8
      vertex 14.6044 -20.491 2.2
      vertex 14.6044 -20.491 10.8
    endloop
  endfacet
  facet normal 0.812582 -0.582847 0
    outer loop
      vertex 14.6044 -20.491 2.2
      vertex 14.5907 -20.5101 10.8
      vertex 14.5907 -20.5101 2.2
    endloop
  endfacet
  facet normal 0.834648 -0.550783 0
    outer loop
      vertex 14.6044 -20.491 10.8
      vertex 14.6174 -20.4713 2.2
      vertex 14.6174 -20.4713 10.8
    endloop
  endfacet
  facet normal 0.834648 -0.550783 0
    outer loop
      vertex 14.6174 -20.4713 2.2
      vertex 14.6044 -20.491 10.8
      vertex 14.6044 -20.491 2.2
    endloop
  endfacet
  facet normal 0.855994 -0.516986 0
    outer loop
      vertex 14.6174 -20.4713 10.8
      vertex 14.6296 -20.4511 2.2
      vertex 14.6296 -20.4511 10.8
    endloop
  endfacet
  facet normal 0.855994 -0.516986 0
    outer loop
      vertex 14.6296 -20.4511 2.2
      vertex 14.6174 -20.4713 10.8
      vertex 14.6174 -20.4713 2.2
    endloop
  endfacet
  facet normal 0.874957 -0.4842 0
    outer loop
      vertex 14.6296 -20.4511 10.8
      vertex 14.641 -20.4305 2.2
      vertex 14.641 -20.4305 10.8
    endloop
  endfacet
  facet normal 0.874957 -0.4842 0
    outer loop
      vertex 14.641 -20.4305 2.2
      vertex 14.6296 -20.4511 10.8
      vertex 14.6296 -20.4511 2.2
    endloop
  endfacet
  facet normal 0.895274 -0.445516 0
    outer loop
      vertex 14.641 -20.4305 10.8
      vertex 14.6515 -20.4094 2.2
      vertex 14.6515 -20.4094 10.8
    endloop
  endfacet
  facet normal 0.895274 -0.445516 0
    outer loop
      vertex 14.6515 -20.4094 2.2
      vertex 14.641 -20.4305 10.8
      vertex 14.641 -20.4305 2.2
    endloop
  endfacet
  facet normal 0.910803 -0.412841 0
    outer loop
      vertex 14.6515 -20.4094 10.8
      vertex 14.6612 -20.388 2.2
      vertex 14.6612 -20.388 10.8
    endloop
  endfacet
  facet normal 0.910803 -0.412841 0
    outer loop
      vertex 14.6612 -20.388 2.2
      vertex 14.6515 -20.4094 10.8
      vertex 14.6515 -20.4094 2.2
    endloop
  endfacet
  facet normal 0.92642 -0.376491 0
    outer loop
      vertex 14.6612 -20.388 10.8
      vertex 14.6701 -20.3661 2.2
      vertex 14.6701 -20.3661 10.8
    endloop
  endfacet
  facet normal 0.92642 -0.376491 0
    outer loop
      vertex 14.6701 -20.3661 2.2
      vertex 14.6612 -20.388 10.8
      vertex 14.6612 -20.388 2.2
    endloop
  endfacet
  facet normal 0.940289 -0.340376 0
    outer loop
      vertex 14.6701 -20.3661 10.8
      vertex 14.6781 -20.344 2.2
      vertex 14.6781 -20.344 10.8
    endloop
  endfacet
  facet normal 0.940289 -0.340376 0
    outer loop
      vertex 14.6781 -20.344 2.2
      vertex 14.6701 -20.3661 10.8
      vertex 14.6701 -20.3661 2.2
    endloop
  endfacet
  facet normal 0.952424 -0.304776 0
    outer loop
      vertex 14.6781 -20.344 10.8
      vertex 14.6853 -20.3215 2.2
      vertex 14.6853 -20.3215 10.8
    endloop
  endfacet
  facet normal 0.952424 -0.304776 0
    outer loop
      vertex 14.6853 -20.3215 2.2
      vertex 14.6781 -20.344 10.8
      vertex 14.6781 -20.344 2.2
    endloop
  endfacet
  facet normal 0.964666 -0.263477 0
    outer loop
      vertex 14.6853 -20.3215 10.8
      vertex 14.6915 -20.2988 2.2
      vertex 14.6915 -20.2988 10.8
    endloop
  endfacet
  facet normal 0.964666 -0.263477 0
    outer loop
      vertex 14.6915 -20.2988 2.2
      vertex 14.6853 -20.3215 10.8
      vertex 14.6853 -20.3215 2.2
    endloop
  endfacet
  facet normal 0.973306 -0.229513 0
    outer loop
      vertex 14.6915 -20.2988 10.8
      vertex 14.6969 -20.2759 2.2
      vertex 14.6969 -20.2759 10.8
    endloop
  endfacet
  facet normal 0.973306 -0.229513 0
    outer loop
      vertex 14.6969 -20.2759 2.2
      vertex 14.6915 -20.2988 10.8
      vertex 14.6915 -20.2988 2.2
    endloop
  endfacet
  facet normal 0.982487 -0.186334 0
    outer loop
      vertex 14.6969 -20.2759 10.8
      vertex 14.7013 -20.2527 2.2
      vertex 14.7013 -20.2527 10.8
    endloop
  endfacet
  facet normal 0.982487 -0.186334 0
    outer loop
      vertex 14.7013 -20.2527 2.2
      vertex 14.6969 -20.2759 10.8
      vertex 14.6969 -20.2759 2.2
    endloop
  endfacet
  facet normal 0.988905 -0.148548 0
    outer loop
      vertex 14.7013 -20.2527 10.8
      vertex 14.7048 -20.2294 2.2
      vertex 14.7048 -20.2294 10.8
    endloop
  endfacet
  facet normal 0.988905 -0.148548 0
    outer loop
      vertex 14.7048 -20.2294 2.2
      vertex 14.7013 -20.2527 10.8
      vertex 14.7013 -20.2527 2.2
    endloop
  endfacet
  facet normal 0.993409 -0.114624 0
    outer loop
      vertex 14.7048 -20.2294 10.8
      vertex 14.7075 -20.206 2.2
      vertex 14.7075 -20.206 10.8
    endloop
  endfacet
  facet normal 0.993409 -0.114624 0
    outer loop
      vertex 14.7075 -20.206 2.2
      vertex 14.7048 -20.2294 10.8
      vertex 14.7048 -20.2294 2.2
    endloop
  endfacet
  facet normal 0.997394 -0.0721519 0
    outer loop
      vertex 14.7075 -20.206 10.8
      vertex 14.7092 -20.1825 2.2
      vertex 14.7092 -20.1825 10.8
    endloop
  endfacet
  facet normal 0.997394 -0.0721519 0
    outer loop
      vertex 14.7092 -20.1825 2.2
      vertex 14.7075 -20.206 10.8
      vertex 14.7075 -20.206 2.2
    endloop
  endfacet
  facet normal 0.999557 -0.029774 0
    outer loop
      vertex 14.7092 -20.1825 10.8
      vertex 14.7099 -20.159 2.2
      vertex 14.7099 -20.159 10.8
    endloop
  endfacet
  facet normal 0.999557 -0.029774 0
    outer loop
      vertex 14.7099 -20.159 2.2
      vertex 14.7092 -20.1825 10.8
      vertex 14.7092 -20.1825 2.2
    endloop
  endfacet
  facet normal 0.999991 0.00423725 0
    outer loop
      vertex 14.7099 -20.159 10.8
      vertex 14.7098 -20.1354 2.2
      vertex 14.7098 -20.1354 10.8
    endloop
  endfacet
  facet normal 0.999991 0.00423725 0
    outer loop
      vertex 14.7098 -20.1354 2.2
      vertex 14.7099 -20.159 10.8
      vertex 14.7099 -20.159 2.2
    endloop
  endfacet
  facet normal 0.998906 0.0467573 0
    outer loop
      vertex 14.7098 -20.1354 10.8
      vertex 14.7087 -20.1119 2.2
      vertex 14.7087 -20.1119 10.8
    endloop
  endfacet
  facet normal 0.998906 0.0467573 0
    outer loop
      vertex 14.7087 -20.1119 2.2
      vertex 14.7098 -20.1354 10.8
      vertex 14.7098 -20.1354 2.2
    endloop
  endfacet
  facet normal 0.996398 0.0847998 0
    outer loop
      vertex 14.7087 -20.1119 10.8
      vertex 14.7067 -20.0884 2.2
      vertex 14.7067 -20.0884 10.8
    endloop
  endfacet
  facet normal 0.996398 0.0847998 0
    outer loop
      vertex 14.7067 -20.0884 2.2
      vertex 14.7087 -20.1119 10.8
      vertex 14.7087 -20.1119 2.2
    endloop
  endfacet
  facet normal 0.992408 0.122991 0
    outer loop
      vertex 14.7067 -20.0884 10.8
      vertex 14.7038 -20.065 2.2
      vertex 14.7038 -20.065 10.8
    endloop
  endfacet
  facet normal 0.992408 0.122991 0
    outer loop
      vertex 14.7038 -20.065 2.2
      vertex 14.7067 -20.0884 10.8
      vertex 14.7067 -20.0884 2.2
    endloop
  endfacet
  facet normal 0.986163 0.165777 0
    outer loop
      vertex 14.7038 -20.065 10.8
      vertex 14.6999 -20.0418 2.2
      vertex 14.6999 -20.0418 10.8
    endloop
  endfacet
  facet normal 0.986163 0.165777 0
    outer loop
      vertex 14.6999 -20.0418 2.2
      vertex 14.7038 -20.065 10.8
      vertex 14.7038 -20.065 2.2
    endloop
  endfacet
  facet normal 0.979923 0.199378 0
    outer loop
      vertex 14.6999 -20.0418 10.8
      vertex 14.6952 -20.0187 2.2
      vertex 14.6952 -20.0187 10.8
    endloop
  endfacet
  facet normal 0.979923 0.199378 0
    outer loop
      vertex 14.6952 -20.0187 2.2
      vertex 14.6999 -20.0418 10.8
      vertex 14.6999 -20.0418 2.2
    endloop
  endfacet
  facet normal 0.970391 0.241538 0
    outer loop
      vertex 14.6952 -20.0187 10.8
      vertex 14.6895 -19.9958 2.2
      vertex 14.6895 -19.9958 10.8
    endloop
  endfacet
  facet normal 0.970391 0.241538 0
    outer loop
      vertex 14.6895 -19.9958 2.2
      vertex 14.6952 -20.0187 10.8
      vertex 14.6952 -20.0187 2.2
    endloop
  endfacet
  facet normal 0.961041 0.276406 0
    outer loop
      vertex 14.6895 -19.9958 10.8
      vertex 14.683 -19.9732 2.2
      vertex 14.683 -19.9732 10.8
    endloop
  endfacet
  facet normal 0.961041 0.276406 0
    outer loop
      vertex 14.683 -19.9732 2.2
      vertex 14.6895 -19.9958 10.8
      vertex 14.6895 -19.9958 2.2
    endloop
  endfacet
  facet normal 0.949528 0.313683 0
    outer loop
      vertex 14.683 -19.9732 10.8
      vertex 14.6756 -19.9508 2.2
      vertex 14.6756 -19.9508 10.8
    endloop
  endfacet
  facet normal 0.949528 0.313683 0
    outer loop
      vertex 14.6756 -19.9508 2.2
      vertex 14.683 -19.9732 10.8
      vertex 14.683 -19.9732 2.2
    endloop
  endfacet
  facet normal 0.935628 0.352987 0
    outer loop
      vertex 14.6756 -19.9508 10.8
      vertex 14.6673 -19.9288 2.2
      vertex 14.6673 -19.9288 10.8
    endloop
  endfacet
  facet normal 0.935628 0.352987 0
    outer loop
      vertex 14.6673 -19.9288 2.2
      vertex 14.6756 -19.9508 10.8
      vertex 14.6756 -19.9508 2.2
    endloop
  endfacet
  facet normal 0.920674 0.390332 0
    outer loop
      vertex 14.6673 -19.9288 10.8
      vertex 14.6581 -19.9071 2.2
      vertex 14.6581 -19.9071 10.8
    endloop
  endfacet
  facet normal 0.920674 0.390332 0
    outer loop
      vertex 14.6581 -19.9071 2.2
      vertex 14.6673 -19.9288 10.8
      vertex 14.6673 -19.9288 2.2
    endloop
  endfacet
  facet normal 0.905204 0.424978 0
    outer loop
      vertex 14.6581 -19.9071 10.8
      vertex 14.6481 -19.8858 2.2
      vertex 14.6481 -19.8858 10.8
    endloop
  endfacet
  facet normal 0.905204 0.424978 0
    outer loop
      vertex 14.6481 -19.8858 2.2
      vertex 14.6581 -19.9071 10.8
      vertex 14.6581 -19.9071 2.2
    endloop
  endfacet
  facet normal 0.894043 0.447982 0
    outer loop
      vertex 14.6481 -19.8858 10.8
      vertex 10.6603 -11.9273 2.2
      vertex 10.6603 -11.9273 10.8
    endloop
  endfacet
  facet normal 0.894043 0.447982 0
    outer loop
      vertex 10.6603 -11.9273 2.2
      vertex 14.6481 -19.8858 10.8
      vertex 14.6481 -19.8858 2.2
    endloop
  endfacet
  facet normal 0.664318 -0.74745 0
    outer loop
      vertex 10.6603 -11.9273 2.2
      vertex 10.8608 -11.7491 10.8
      vertex 10.6603 -11.9273 10.8
    endloop
  endfacet
  facet normal 0.664318 -0.74745 0
    outer loop
      vertex 10.8608 -11.7491 10.8
      vertex 10.6603 -11.9273 2.2
      vertex 10.8608 -11.7491 2.2
    endloop
  endfacet
  facet normal 0.693042 -0.720897 0
    outer loop
      vertex 10.8608 -11.7491 2.2
      vertex 11.3137 -11.3137 10.8
      vertex 10.8608 -11.7491 10.8
    endloop
  endfacet
  facet normal 0.693042 -0.720897 0
    outer loop
      vertex 11.3137 -11.3137 10.8
      vertex 10.8608 -11.7491 2.2
      vertex 11.3137 -11.3137 2.2
    endloop
  endfacet
  facet normal 0.720897 -0.693042 0
    outer loop
      vertex 11.3137 -11.3137 10.8
      vertex 11.7491 -10.8608 2.2
      vertex 11.7491 -10.8608 10.8
    endloop
  endfacet
  facet normal 0.720897 -0.693042 0
    outer loop
      vertex 11.7491 -10.8608 2.2
      vertex 11.3137 -11.3137 10.8
      vertex 11.3137 -11.3137 2.2
    endloop
  endfacet
  facet normal 0.747427 -0.664344 0
    outer loop
      vertex 11.7491 -10.8608 10.8
      vertex 12.1665 -10.3912 2.2
      vertex 12.1665 -10.3912 10.8
    endloop
  endfacet
  facet normal 0.747427 -0.664344 0
    outer loop
      vertex 12.1665 -10.3912 2.2
      vertex 11.7491 -10.8608 10.8
      vertex 11.7491 -10.8608 2.2
    endloop
  endfacet
  facet normal 0.773013 -0.63439 0
    outer loop
      vertex 12.1665 -10.3912 10.8
      vertex 12.5651 -9.9055 2.2
      vertex 12.5651 -9.9055 10.8
    endloop
  endfacet
  facet normal 0.773013 -0.63439 0
    outer loop
      vertex 12.5651 -9.9055 2.2
      vertex 12.1665 -10.3912 10.8
      vertex 12.1665 -10.3912 2.2
    endloop
  endfacet
  facet normal 0.797322 -0.603554 0
    outer loop
      vertex 12.5651 -9.9055 10.8
      vertex 12.9443 -9.40456 2.2
      vertex 12.9443 -9.40456 10.8
    endloop
  endfacet
  facet normal 0.797322 -0.603554 0
    outer loop
      vertex 12.9443 -9.40456 2.2
      vertex 12.5651 -9.9055 10.8
      vertex 12.5651 -9.9055 2.2
    endloop
  endfacet
  facet normal 0.820438 -0.571736 0
    outer loop
      vertex 12.9443 -9.40456 10.8
      vertex 13.3035 -8.88911 2.2
      vertex 13.3035 -8.88911 10.8
    endloop
  endfacet
  facet normal 0.820438 -0.571736 0
    outer loop
      vertex 13.3035 -8.88911 2.2
      vertex 12.9443 -9.40456 10.8
      vertex 12.9443 -9.40456 2.2
    endloop
  endfacet
  facet normal 0.842235 -0.539111 0
    outer loop
      vertex 13.3035 -8.88911 10.8
      vertex 13.6422 -8.35997 2.2
      vertex 13.6422 -8.35997 10.8
    endloop
  endfacet
  facet normal 0.842235 -0.539111 0
    outer loop
      vertex 13.6422 -8.35997 2.2
      vertex 13.3035 -8.88911 10.8
      vertex 13.3035 -8.88911 2.2
    endloop
  endfacet
  facet normal 0.862731 -0.505663 0
    outer loop
      vertex 13.6422 -8.35997 10.8
      vertex 13.9599 -7.81793 2.2
      vertex 13.9599 -7.81793 10.8
    endloop
  endfacet
  facet normal 0.862731 -0.505663 0
    outer loop
      vertex 13.9599 -7.81793 2.2
      vertex 13.6422 -8.35997 10.8
      vertex 13.6422 -8.35997 2.2
    endloop
  endfacet
  facet normal 0.8819 -0.471437 0
    outer loop
      vertex 13.9599 -7.81793 10.8
      vertex 14.2561 -7.26384 2.2
      vertex 14.2561 -7.26384 10.8
    endloop
  endfacet
  facet normal 0.8819 -0.471437 0
    outer loop
      vertex 14.2561 -7.26384 2.2
      vertex 13.9599 -7.81793 10.8
      vertex 13.9599 -7.81793 2.2
    endloop
  endfacet
  facet normal 0.899739 -0.436428 0
    outer loop
      vertex 14.2561 -7.26384 10.8
      vertex 14.5303 -6.69855 2.2
      vertex 14.5303 -6.69855 10.8
    endloop
  endfacet
  facet normal 0.899739 -0.436428 0
    outer loop
      vertex 14.5303 -6.69855 2.2
      vertex 14.2561 -7.26384 10.8
      vertex 14.2561 -7.26384 2.2
    endloop
  endfacet
  facet normal 0.91618 -0.400768 0
    outer loop
      vertex 14.5303 -6.69855 10.8
      vertex 14.7821 -6.12292 2.2
      vertex 14.7821 -6.12292 10.8
    endloop
  endfacet
  facet normal 0.91618 -0.400768 0
    outer loop
      vertex 14.7821 -6.12292 2.2
      vertex 14.5303 -6.69855 10.8
      vertex 14.5303 -6.69855 2.2
    endloop
  endfacet
  facet normal 0.93126 -0.364354 0
    outer loop
      vertex 14.7821 -6.12292 10.8
      vertex 15.011 -5.53787 2.2
      vertex 15.011 -5.53787 10.8
    endloop
  endfacet
  facet normal 0.93126 -0.364354 0
    outer loop
      vertex 15.011 -5.53787 2.2
      vertex 14.7821 -6.12292 10.8
      vertex 14.7821 -6.12292 2.2
    endloop
  endfacet
  facet normal 0.944779 -0.327707 0
    outer loop
      vertex 15.011 -5.53787 10.8
      vertex 15.2169 -4.94426 2.2
      vertex 15.2169 -4.94426 10.8
    endloop
  endfacet
  facet normal 0.944779 -0.327707 0
    outer loop
      vertex 15.2169 -4.94426 2.2
      vertex 15.011 -5.53787 10.8
      vertex 15.011 -5.53787 2.2
    endloop
  endfacet
  facet normal 0.956932 -0.290312 0
    outer loop
      vertex 15.2169 -4.94426 10.8
      vertex 15.3993 -4.34303 2.2
      vertex 15.3993 -4.34303 10.8
    endloop
  endfacet
  facet normal 0.956932 -0.290312 0
    outer loop
      vertex 15.3993 -4.34303 2.2
      vertex 15.2169 -4.94426 10.8
      vertex 15.2169 -4.94426 2.2
    endloop
  endfacet
  facet normal 0.967612 -0.252444 0
    outer loop
      vertex 15.3993 -4.34303 10.8
      vertex 15.5579 -3.73512 2.2
      vertex 15.5579 -3.73512 10.8
    endloop
  endfacet
  facet normal 0.967612 -0.252444 0
    outer loop
      vertex 15.5579 -3.73512 2.2
      vertex 15.3993 -4.34303 10.8
      vertex 15.3993 -4.34303 2.2
    endloop
  endfacet
  facet normal 0.976748 -0.214392 0
    outer loop
      vertex 15.5579 -3.73512 10.8
      vertex 15.6926 -3.12144 2.2
      vertex 15.6926 -3.12144 10.8
    endloop
  endfacet
  facet normal 0.976748 -0.214392 0
    outer loop
      vertex 15.6926 -3.12144 2.2
      vertex 15.5579 -3.73512 10.8
      vertex 15.5579 -3.73512 2.2
    endloop
  endfacet
  facet normal 0.98444 -0.175719 0
    outer loop
      vertex 15.6926 -3.12144 10.8
      vertex 15.803 -2.50294 2.2
      vertex 15.803 -2.50294 10.8
    endloop
  endfacet
  facet normal 0.98444 -0.175719 0
    outer loop
      vertex 15.803 -2.50294 2.2
      vertex 15.6926 -3.12144 10.8
      vertex 15.6926 -3.12144 2.2
    endloop
  endfacet
  facet normal 0.990566 -0.137039 0
    outer loop
      vertex 15.803 -2.50294 10.8
      vertex 15.8891 -1.88058 2.2
      vertex 15.8891 -1.88058 10.8
    endloop
  endfacet
  facet normal 0.990566 -0.137039 0
    outer loop
      vertex 15.8891 -1.88058 2.2
      vertex 15.803 -2.50294 10.8
      vertex 15.803 -2.50294 2.2
    endloop
  endfacet
  facet normal 0.995182 -0.0980475 0
    outer loop
      vertex 15.8891 -1.88058 10.8
      vertex 15.9507 -1.25534 2.2
      vertex 15.9507 -1.25534 10.8
    endloop
  endfacet
  facet normal 0.995182 -0.0980475 0
    outer loop
      vertex 15.9507 -1.25534 2.2
      vertex 15.8891 -1.88058 10.8
      vertex 15.8891 -1.88058 2.2
    endloop
  endfacet
  facet normal 0.998264 -0.0588902 0
    outer loop
      vertex 15.9507 -1.25534 10.8
      vertex 15.9877 -0.628143 2.2
      vertex 15.9877 -0.628143 10.8
    endloop
  endfacet
  facet normal 0.998264 -0.0588902 0
    outer loop
      vertex 15.9877 -0.628143 2.2
      vertex 15.9507 -1.25534 10.8
      vertex 15.9507 -1.25534 2.2
    endloop
  endfacet
  facet normal 0.999808 -0.0195778 0
    outer loop
      vertex 15.9877 -0.628143 10.8
      vertex 16 0 2.2
      vertex 16 0 10.8
    endloop
  endfacet
  facet normal 0.999808 -0.0195778 0
    outer loop
      vertex 16 0 2.2
      vertex 15.9877 -0.628143 10.8
      vertex 15.9877 -0.628143 2.2
    endloop
  endfacet
  facet normal 0.999808 0.0195778 0
    outer loop
      vertex 16 0 10.8
      vertex 15.9877 0.628143 2.2
      vertex 15.9877 0.628143 10.8
    endloop
  endfacet
  facet normal 0.999808 0.0195778 0
    outer loop
      vertex 15.9877 0.628143 2.2
      vertex 16 0 10.8
      vertex 16 0 2.2
    endloop
  endfacet
  facet normal 0.998264 0.0588902 0
    outer loop
      vertex 15.9877 0.628143 10.8
      vertex 15.9507 1.25534 2.2
      vertex 15.9507 1.25534 10.8
    endloop
  endfacet
  facet normal 0.998264 0.0588902 0
    outer loop
      vertex 15.9507 1.25534 2.2
      vertex 15.9877 0.628143 10.8
      vertex 15.9877 0.628143 2.2
    endloop
  endfacet
  facet normal 0.995182 0.0980475 0
    outer loop
      vertex 15.9507 1.25534 10.8
      vertex 15.8891 1.88058 2.2
      vertex 15.8891 1.88058 10.8
    endloop
  endfacet
  facet normal 0.995182 0.0980475 0
    outer loop
      vertex 15.8891 1.88058 2.2
      vertex 15.9507 1.25534 10.8
      vertex 15.9507 1.25534 2.2
    endloop
  endfacet
  facet normal 0.990566 0.137039 0
    outer loop
      vertex 15.8891 1.88058 10.8
      vertex 15.803 2.50294 2.2
      vertex 15.803 2.50294 10.8
    endloop
  endfacet
  facet normal 0.990566 0.137039 0
    outer loop
      vertex 15.803 2.50294 2.2
      vertex 15.8891 1.88058 10.8
      vertex 15.8891 1.88058 2.2
    endloop
  endfacet
  facet normal 0.98444 0.175719 0
    outer loop
      vertex 15.803 2.50294 10.8
      vertex 15.6926 3.12144 2.2
      vertex 15.6926 3.12144 10.8
    endloop
  endfacet
  facet normal 0.98444 0.175719 0
    outer loop
      vertex 15.6926 3.12144 2.2
      vertex 15.803 2.50294 10.8
      vertex 15.803 2.50294 2.2
    endloop
  endfacet
  facet normal 0.976748 0.214392 0
    outer loop
      vertex 15.6926 3.12144 10.8
      vertex 15.5579 3.73512 2.2
      vertex 15.5579 3.73512 10.8
    endloop
  endfacet
  facet normal 0.976748 0.214392 0
    outer loop
      vertex 15.5579 3.73512 2.2
      vertex 15.6926 3.12144 10.8
      vertex 15.6926 3.12144 2.2
    endloop
  endfacet
  facet normal 0.967612 0.252444 0
    outer loop
      vertex 15.5579 3.73512 10.8
      vertex 15.3993 4.34303 2.2
      vertex 15.3993 4.34303 10.8
    endloop
  endfacet
  facet normal 0.967612 0.252444 0
    outer loop
      vertex 15.3993 4.34303 2.2
      vertex 15.5579 3.73512 10.8
      vertex 15.5579 3.73512 2.2
    endloop
  endfacet
  facet normal 0.956932 0.290312 0
    outer loop
      vertex 15.3993 4.34303 10.8
      vertex 15.2169 4.94426 2.2
      vertex 15.2169 4.94426 10.8
    endloop
  endfacet
  facet normal 0.956932 0.290312 0
    outer loop
      vertex 15.2169 4.94426 2.2
      vertex 15.3993 4.34303 10.8
      vertex 15.3993 4.34303 2.2
    endloop
  endfacet
  facet normal 0.944779 0.327707 0
    outer loop
      vertex 15.2169 4.94426 10.8
      vertex 15.011 5.53787 2.2
      vertex 15.011 5.53787 10.8
    endloop
  endfacet
  facet normal 0.944779 0.327707 0
    outer loop
      vertex 15.011 5.53787 2.2
      vertex 15.2169 4.94426 10.8
      vertex 15.2169 4.94426 2.2
    endloop
  endfacet
  facet normal 0.93126 0.364354 0
    outer loop
      vertex 15.011 5.53787 10.8
      vertex 14.7821 6.12292 2.2
      vertex 14.7821 6.12292 10.8
    endloop
  endfacet
  facet normal 0.93126 0.364354 0
    outer loop
      vertex 14.7821 6.12292 2.2
      vertex 15.011 5.53787 10.8
      vertex 15.011 5.53787 2.2
    endloop
  endfacet
  facet normal 0.91618 0.400768 0
    outer loop
      vertex 14.7821 6.12292 10.8
      vertex 14.5303 6.69855 2.2
      vertex 14.5303 6.69855 10.8
    endloop
  endfacet
  facet normal 0.91618 0.400768 0
    outer loop
      vertex 14.5303 6.69855 2.2
      vertex 14.7821 6.12292 10.8
      vertex 14.7821 6.12292 2.2
    endloop
  endfacet
  facet normal 0.899739 0.436428 0
    outer loop
      vertex 14.5303 6.69855 10.8
      vertex 14.2561 7.26384 2.2
      vertex 14.2561 7.26384 10.8
    endloop
  endfacet
  facet normal 0.899739 0.436428 0
    outer loop
      vertex 14.2561 7.26384 2.2
      vertex 14.5303 6.69855 10.8
      vertex 14.5303 6.69855 2.2
    endloop
  endfacet
  facet normal 0.8819 0.471437 0
    outer loop
      vertex 14.2561 7.26384 10.8
      vertex 13.9599 7.81793 2.2
      vertex 13.9599 7.81793 10.8
    endloop
  endfacet
  facet normal 0.8819 0.471437 0
    outer loop
      vertex 13.9599 7.81793 2.2
      vertex 14.2561 7.26384 10.8
      vertex 14.2561 7.26384 2.2
    endloop
  endfacet
  facet normal 0.862731 0.505663 0
    outer loop
      vertex 13.9599 7.81793 10.8
      vertex 13.6422 8.35997 2.2
      vertex 13.6422 8.35997 10.8
    endloop
  endfacet
  facet normal 0.862731 0.505663 0
    outer loop
      vertex 13.6422 8.35997 2.2
      vertex 13.9599 7.81793 10.8
      vertex 13.9599 7.81793 2.2
    endloop
  endfacet
  facet normal 0.842235 0.539111 0
    outer loop
      vertex 13.6422 8.35997 10.8
      vertex 13.3035 8.88911 2.2
      vertex 13.3035 8.88911 10.8
    endloop
  endfacet
  facet normal 0.842235 0.539111 0
    outer loop
      vertex 13.3035 8.88911 2.2
      vertex 13.6422 8.35997 10.8
      vertex 13.6422 8.35997 2.2
    endloop
  endfacet
  facet normal 0.820438 0.571736 0
    outer loop
      vertex 13.3035 8.88911 10.8
      vertex 12.9443 9.40456 2.2
      vertex 12.9443 9.40456 10.8
    endloop
  endfacet
  facet normal 0.820438 0.571736 0
    outer loop
      vertex 12.9443 9.40456 2.2
      vertex 13.3035 8.88911 10.8
      vertex 13.3035 8.88911 2.2
    endloop
  endfacet
  facet normal 0.797322 0.603554 0
    outer loop
      vertex 12.9443 9.40456 10.8
      vertex 12.5651 9.9055 2.2
      vertex 12.5651 9.9055 10.8
    endloop
  endfacet
  facet normal 0.797322 0.603554 0
    outer loop
      vertex 12.5651 9.9055 2.2
      vertex 12.9443 9.40456 10.8
      vertex 12.9443 9.40456 2.2
    endloop
  endfacet
  facet normal 0.773013 0.63439 0
    outer loop
      vertex 12.5651 9.9055 10.8
      vertex 12.1665 10.3912 2.2
      vertex 12.1665 10.3912 10.8
    endloop
  endfacet
  facet normal 0.773013 0.63439 0
    outer loop
      vertex 12.1665 10.3912 2.2
      vertex 12.5651 9.9055 10.8
      vertex 12.5651 9.9055 2.2
    endloop
  endfacet
  facet normal 0.747427 0.664344 0
    outer loop
      vertex 12.1665 10.3912 10.8
      vertex 11.7491 10.8608 2.2
      vertex 11.7491 10.8608 10.8
    endloop
  endfacet
  facet normal 0.747427 0.664344 0
    outer loop
      vertex 11.7491 10.8608 2.2
      vertex 12.1665 10.3912 10.8
      vertex 12.1665 10.3912 2.2
    endloop
  endfacet
  facet normal 0.720897 0.693042 0
    outer loop
      vertex 11.7491 10.8608 10.8
      vertex 11.3137 11.3137 2.2
      vertex 11.3137 11.3137 10.8
    endloop
  endfacet
  facet normal 0.720897 0.693042 0
    outer loop
      vertex 11.3137 11.3137 2.2
      vertex 11.7491 10.8608 10.8
      vertex 11.7491 10.8608 2.2
    endloop
  endfacet
  facet normal 0.693042 0.720897 -0
    outer loop
      vertex 11.3137 11.3137 2.2
      vertex 10.8608 11.7491 10.8
      vertex 11.3137 11.3137 10.8
    endloop
  endfacet
  facet normal 0.693042 0.720897 0
    outer loop
      vertex 10.8608 11.7491 10.8
      vertex 11.3137 11.3137 2.2
      vertex 10.8608 11.7491 2.2
    endloop
  endfacet
  facet normal 0.664344 0.747427 -0
    outer loop
      vertex 10.8608 11.7491 2.2
      vertex 10.3912 12.1665 10.8
      vertex 10.8608 11.7491 10.8
    endloop
  endfacet
  facet normal 0.664344 0.747427 0
    outer loop
      vertex 10.3912 12.1665 10.8
      vertex 10.8608 11.7491 2.2
      vertex 10.3912 12.1665 2.2
    endloop
  endfacet
  facet normal 0.63439 0.773013 -0
    outer loop
      vertex 10.3912 12.1665 2.2
      vertex 9.9055 12.5651 10.8
      vertex 10.3912 12.1665 10.8
    endloop
  endfacet
  facet normal 0.63439 0.773013 0
    outer loop
      vertex 9.9055 12.5651 10.8
      vertex 10.3912 12.1665 2.2
      vertex 9.9055 12.5651 2.2
    endloop
  endfacet
  facet normal 0.603554 0.797322 -0
    outer loop
      vertex 9.9055 12.5651 2.2
      vertex 9.40456 12.9443 10.8
      vertex 9.9055 12.5651 10.8
    endloop
  endfacet
  facet normal 0.603554 0.797322 0
    outer loop
      vertex 9.40456 12.9443 10.8
      vertex 9.9055 12.5651 2.2
      vertex 9.40456 12.9443 2.2
    endloop
  endfacet
  facet normal 0.571736 0.820438 -0
    outer loop
      vertex 9.40456 12.9443 2.2
      vertex 8.88911 13.3035 10.8
      vertex 9.40456 12.9443 10.8
    endloop
  endfacet
  facet normal 0.571736 0.820438 0
    outer loop
      vertex 8.88911 13.3035 10.8
      vertex 9.40456 12.9443 2.2
      vertex 8.88911 13.3035 2.2
    endloop
  endfacet
  facet normal 0.539135 0.842219 -0
    outer loop
      vertex 8.88911 13.3035 2.2
      vertex 8.42749 13.599 10.8
      vertex 8.88911 13.3035 10.8
    endloop
  endfacet
  facet normal 0.539135 0.842219 0
    outer loop
      vertex 8.42749 13.599 10.8
      vertex 8.88911 13.3035 2.2
      vertex 8.42749 13.599 2.2
    endloop
  endfacet
  facet normal 0.958246 -0.285945 0
    outer loop
      vertex 8.42749 13.599 10.8
      vertex 10.7694 21.4471 2.2
      vertex 10.7694 21.4471 10.8
    endloop
  endfacet
  facet normal 0.958246 -0.285945 0
    outer loop
      vertex 10.7694 21.4471 2.2
      vertex 8.42749 13.599 10.8
      vertex 8.42749 13.599 2.2
    endloop
  endfacet
  facet normal -0.445513 -0.895276 0
    outer loop
      vertex 10.7694 21.4471 2.2
      vertex 10.8958 21.3842 10.8
      vertex 10.7694 21.4471 10.8
    endloop
  endfacet
  facet normal -0.445513 -0.895276 -0
    outer loop
      vertex 10.8958 21.3842 10.8
      vertex 10.7694 21.4471 2.2
      vertex 10.8958 21.3842 2.2
    endloop
  endfacet
  facet normal -0.461954 -0.886904 0
    outer loop
      vertex 10.8958 21.3842 2.2
      vertex 11.2673 21.1907 10.8
      vertex 10.8958 21.3842 10.8
    endloop
  endfacet
  facet normal -0.461954 -0.886904 -0
    outer loop
      vertex 11.2673 21.1907 10.8
      vertex 10.8958 21.3842 2.2
      vertex 11.2673 21.1907 2.2
    endloop
  endfacet
  facet normal -0.477044 -0.878879 0
    outer loop
      vertex 11.2673 21.1907 2.2
      vertex 11.6354 20.9909 10.8
      vertex 11.2673 21.1907 10.8
    endloop
  endfacet
  facet normal -0.477044 -0.878879 -0
    outer loop
      vertex 11.6354 20.9909 10.8
      vertex 11.2673 21.1907 2.2
      vertex 11.6354 20.9909 2.2
    endloop
  endfacet
  facet normal -0.492458 -0.870336 0
    outer loop
      vertex 11.6354 20.9909 2.2
      vertex 12 20.7846 10.8
      vertex 11.6354 20.9909 10.8
    endloop
  endfacet
  facet normal -0.492458 -0.870336 -0
    outer loop
      vertex 12 20.7846 10.8
      vertex 11.6354 20.9909 2.2
      vertex 12 20.7846 2.2
    endloop
  endfacet
  facet normal -0.507563 -0.861615 0
    outer loop
      vertex 12 20.7846 2.2
      vertex 12.3609 20.572 10.8
      vertex 12 20.7846 10.8
    endloop
  endfacet
  facet normal -0.507563 -0.861615 -0
    outer loop
      vertex 12.3609 20.572 10.8
      vertex 12 20.7846 2.2
      vertex 12.3609 20.572 2.2
    endloop
  endfacet
  facet normal -0.522618 -0.852567 0
    outer loop
      vertex 12.3609 20.572 2.2
      vertex 12.718 20.3531 10.8
      vertex 12.3609 20.572 10.8
    endloop
  endfacet
  facet normal -0.522618 -0.852567 -0
    outer loop
      vertex 12.718 20.3531 10.8
      vertex 12.3609 20.572 2.2
      vertex 12.718 20.3531 2.2
    endloop
  endfacet
  facet normal -0.537169 -0.843475 0
    outer loop
      vertex 12.718 20.3531 2.2
      vertex 13.0713 20.1281 10.8
      vertex 12.718 20.3531 10.8
    endloop
  endfacet
  facet normal -0.537169 -0.843475 -0
    outer loop
      vertex 13.0713 20.1281 10.8
      vertex 12.718 20.3531 2.2
      vertex 13.0713 20.1281 2.2
    endloop
  endfacet
  facet normal -0.551943 -0.833882 0
    outer loop
      vertex 13.0713 20.1281 2.2
      vertex 13.4206 19.8969 10.8
      vertex 13.0713 20.1281 10.8
    endloop
  endfacet
  facet normal -0.551943 -0.833882 -0
    outer loop
      vertex 13.4206 19.8969 10.8
      vertex 13.0713 20.1281 2.2
      vertex 13.4206 19.8969 2.2
    endloop
  endfacet
  facet normal -0.566488 -0.82407 0
    outer loop
      vertex 13.4206 19.8969 2.2
      vertex 13.7658 19.6596 10.8
      vertex 13.4206 19.8969 10.8
    endloop
  endfacet
  facet normal -0.566488 -0.82407 -0
    outer loop
      vertex 13.7658 19.6596 10.8
      vertex 13.4206 19.8969 2.2
      vertex 13.7658 19.6596 2.2
    endloop
  endfacet
  facet normal -0.580651 -0.814153 0
    outer loop
      vertex 13.7658 19.6596 2.2
      vertex 14.1068 19.4164 10.8
      vertex 13.7658 19.6596 10.8
    endloop
  endfacet
  facet normal -0.580651 -0.814153 -0
    outer loop
      vertex 14.1068 19.4164 10.8
      vertex 13.7658 19.6596 2.2
      vertex 14.1068 19.4164 2.2
    endloop
  endfacet
  facet normal -0.594639 -0.803993 0
    outer loop
      vertex 14.1068 19.4164 2.2
      vertex 14.4436 19.1673 10.8
      vertex 14.1068 19.4164 10.8
    endloop
  endfacet
  facet normal -0.594639 -0.803993 -0
    outer loop
      vertex 14.4436 19.1673 10.8
      vertex 14.1068 19.4164 2.2
      vertex 14.4436 19.1673 2.2
    endloop
  endfacet
  facet normal -0.608938 -0.793218 0
    outer loop
      vertex 14.4436 19.1673 2.2
      vertex 14.7759 18.9122 10.8
      vertex 14.4436 19.1673 10.8
    endloop
  endfacet
  facet normal -0.608938 -0.793218 -0
    outer loop
      vertex 14.7759 18.9122 10.8
      vertex 14.4436 19.1673 2.2
      vertex 14.7759 18.9122 2.2
    endloop
  endfacet
  facet normal -0.62245 -0.782659 0
    outer loop
      vertex 14.7759 18.9122 2.2
      vertex 15.1037 18.6515 10.8
      vertex 14.7759 18.9122 10.8
    endloop
  endfacet
  facet normal -0.62245 -0.782659 -0
    outer loop
      vertex 15.1037 18.6515 10.8
      vertex 14.7759 18.9122 2.2
      vertex 15.1037 18.6515 2.2
    endloop
  endfacet
  facet normal -0.636042 -0.771654 0
    outer loop
      vertex 15.1037 18.6515 2.2
      vertex 15.4269 18.3851 10.8
      vertex 15.1037 18.6515 10.8
    endloop
  endfacet
  facet normal -0.636042 -0.771654 -0
    outer loop
      vertex 15.4269 18.3851 10.8
      vertex 15.1037 18.6515 2.2
      vertex 15.4269 18.3851 2.2
    endloop
  endfacet
  facet normal -0.649552 -0.760317 0
    outer loop
      vertex 15.4269 18.3851 2.2
      vertex 15.7454 18.113 10.8
      vertex 15.4269 18.3851 10.8
    endloop
  endfacet
  facet normal -0.649552 -0.760317 -0
    outer loop
      vertex 15.7454 18.113 10.8
      vertex 15.4269 18.3851 2.2
      vertex 15.7454 18.113 2.2
    endloop
  endfacet
  facet normal -0.662569 -0.749001 0
    outer loop
      vertex 15.7454 18.113 2.2
      vertex 16.0591 17.8355 10.8
      vertex 15.7454 18.113 10.8
    endloop
  endfacet
  facet normal -0.662569 -0.749001 -0
    outer loop
      vertex 16.0591 17.8355 10.8
      vertex 15.7454 18.113 2.2
      vertex 16.0591 17.8355 2.2
    endloop
  endfacet
  facet normal -0.675519 -0.737342 0
    outer loop
      vertex 16.0591 17.8355 2.2
      vertex 16.368 17.5525 10.8
      vertex 16.0591 17.8355 10.8
    endloop
  endfacet
  facet normal -0.675519 -0.737342 -0
    outer loop
      vertex 16.368 17.5525 10.8
      vertex 16.0591 17.8355 2.2
      vertex 16.368 17.5525 2.2
    endloop
  endfacet
  facet normal -0.688486 -0.72525 0
    outer loop
      vertex 16.368 17.5525 2.2
      vertex 16.6718 17.2641 10.8
      vertex 16.368 17.5525 10.8
    endloop
  endfacet
  facet normal -0.688486 -0.72525 -0
    outer loop
      vertex 16.6718 17.2641 10.8
      vertex 16.368 17.5525 2.2
      vertex 16.6718 17.2641 2.2
    endloop
  endfacet
  facet normal -0.700751 -0.713406 0
    outer loop
      vertex 16.6718 17.2641 2.2
      vertex 16.9706 16.9706 10.8
      vertex 16.6718 17.2641 10.8
    endloop
  endfacet
  facet normal -0.700751 -0.713406 -0
    outer loop
      vertex 16.9706 16.9706 10.8
      vertex 16.6718 17.2641 2.2
      vertex 16.9706 16.9706 2.2
    endloop
  endfacet
  facet normal -0.713406 -0.700751 0
    outer loop
      vertex 17.2641 16.6718 2.2
      vertex 16.9706 16.9706 10.8
      vertex 16.9706 16.9706 2.2
    endloop
  endfacet
  facet normal -0.713406 -0.700751 0
    outer loop
      vertex 16.9706 16.9706 10.8
      vertex 17.2641 16.6718 2.2
      vertex 17.2641 16.6718 10.8
    endloop
  endfacet
  facet normal -0.72525 -0.688486 0
    outer loop
      vertex 17.5525 16.368 2.2
      vertex 17.2641 16.6718 10.8
      vertex 17.2641 16.6718 2.2
    endloop
  endfacet
  facet normal -0.72525 -0.688486 0
    outer loop
      vertex 17.2641 16.6718 10.8
      vertex 17.5525 16.368 2.2
      vertex 17.5525 16.368 10.8
    endloop
  endfacet
  facet normal -0.737342 -0.675519 0
    outer loop
      vertex 17.8355 16.0591 2.2
      vertex 17.5525 16.368 10.8
      vertex 17.5525 16.368 2.2
    endloop
  endfacet
  facet normal -0.737342 -0.675519 0
    outer loop
      vertex 17.5525 16.368 10.8
      vertex 17.8355 16.0591 2.2
      vertex 17.8355 16.0591 10.8
    endloop
  endfacet
  facet normal -0.749001 -0.662569 0
    outer loop
      vertex 18.113 15.7454 2.2
      vertex 17.8355 16.0591 10.8
      vertex 17.8355 16.0591 2.2
    endloop
  endfacet
  facet normal -0.749001 -0.662569 0
    outer loop
      vertex 17.8355 16.0591 10.8
      vertex 18.113 15.7454 2.2
      vertex 18.113 15.7454 10.8
    endloop
  endfacet
  facet normal -0.760317 -0.649552 0
    outer loop
      vertex 18.3851 15.4269 2.2
      vertex 18.113 15.7454 10.8
      vertex 18.113 15.7454 2.2
    endloop
  endfacet
  facet normal -0.760317 -0.649552 0
    outer loop
      vertex 18.113 15.7454 10.8
      vertex 18.3851 15.4269 2.2
      vertex 18.3851 15.4269 10.8
    endloop
  endfacet
  facet normal -0.771654 -0.636042 0
    outer loop
      vertex 18.6515 15.1037 2.2
      vertex 18.3851 15.4269 10.8
      vertex 18.3851 15.4269 2.2
    endloop
  endfacet
  facet normal -0.771654 -0.636042 0
    outer loop
      vertex 18.3851 15.4269 10.8
      vertex 18.6515 15.1037 2.2
      vertex 18.6515 15.1037 10.8
    endloop
  endfacet
  facet normal -0.782659 -0.62245 0
    outer loop
      vertex 18.9122 14.7759 2.2
      vertex 18.6515 15.1037 10.8
      vertex 18.6515 15.1037 2.2
    endloop
  endfacet
  facet normal -0.782659 -0.62245 0
    outer loop
      vertex 18.6515 15.1037 10.8
      vertex 18.9122 14.7759 2.2
      vertex 18.9122 14.7759 10.8
    endloop
  endfacet
  facet normal -0.793218 -0.608938 0
    outer loop
      vertex 19.1673 14.4436 2.2
      vertex 18.9122 14.7759 10.8
      vertex 18.9122 14.7759 2.2
    endloop
  endfacet
  facet normal -0.793218 -0.608938 0
    outer loop
      vertex 18.9122 14.7759 10.8
      vertex 19.1673 14.4436 2.2
      vertex 19.1673 14.4436 10.8
    endloop
  endfacet
  facet normal -0.803993 -0.594639 0
    outer loop
      vertex 19.4164 14.1068 2.2
      vertex 19.1673 14.4436 10.8
      vertex 19.1673 14.4436 2.2
    endloop
  endfacet
  facet normal -0.803993 -0.594639 0
    outer loop
      vertex 19.1673 14.4436 10.8
      vertex 19.4164 14.1068 2.2
      vertex 19.4164 14.1068 10.8
    endloop
  endfacet
  facet normal -0.814153 -0.580651 0
    outer loop
      vertex 19.6596 13.7658 2.2
      vertex 19.4164 14.1068 10.8
      vertex 19.4164 14.1068 2.2
    endloop
  endfacet
  facet normal -0.814153 -0.580651 0
    outer loop
      vertex 19.4164 14.1068 10.8
      vertex 19.6596 13.7658 2.2
      vertex 19.6596 13.7658 10.8
    endloop
  endfacet
  facet normal -0.82407 -0.566488 0
    outer loop
      vertex 19.8969 13.4206 2.2
      vertex 19.6596 13.7658 10.8
      vertex 19.6596 13.7658 2.2
    endloop
  endfacet
  facet normal -0.82407 -0.566488 0
    outer loop
      vertex 19.6596 13.7658 10.8
      vertex 19.8969 13.4206 2.2
      vertex 19.8969 13.4206 10.8
    endloop
  endfacet
  facet normal -0.833882 -0.551943 0
    outer loop
      vertex 20.1281 13.0713 2.2
      vertex 19.8969 13.4206 10.8
      vertex 19.8969 13.4206 2.2
    endloop
  endfacet
  facet normal -0.833882 -0.551943 0
    outer loop
      vertex 19.8969 13.4206 10.8
      vertex 20.1281 13.0713 2.2
      vertex 20.1281 13.0713 10.8
    endloop
  endfacet
  facet normal -0.843475 -0.537169 0
    outer loop
      vertex 20.3531 12.718 2.2
      vertex 20.1281 13.0713 10.8
      vertex 20.1281 13.0713 2.2
    endloop
  endfacet
  facet normal -0.843475 -0.537169 0
    outer loop
      vertex 20.1281 13.0713 10.8
      vertex 20.3531 12.718 2.2
      vertex 20.3531 12.718 10.8
    endloop
  endfacet
  facet normal -0.852567 -0.522618 0
    outer loop
      vertex 20.572 12.3609 2.2
      vertex 20.3531 12.718 10.8
      vertex 20.3531 12.718 2.2
    endloop
  endfacet
  facet normal -0.852567 -0.522618 0
    outer loop
      vertex 20.3531 12.718 10.8
      vertex 20.572 12.3609 2.2
      vertex 20.572 12.3609 10.8
    endloop
  endfacet
  facet normal -0.861615 -0.507563 0
    outer loop
      vertex 20.7846 12 2.2
      vertex 20.572 12.3609 10.8
      vertex 20.572 12.3609 2.2
    endloop
  endfacet
  facet normal -0.861615 -0.507563 0
    outer loop
      vertex 20.572 12.3609 10.8
      vertex 20.7846 12 2.2
      vertex 20.7846 12 10.8
    endloop
  endfacet
  facet normal -0.870336 -0.492458 0
    outer loop
      vertex 20.9909 11.6354 2.2
      vertex 20.7846 12 10.8
      vertex 20.7846 12 2.2
    endloop
  endfacet
  facet normal -0.870336 -0.492458 0
    outer loop
      vertex 20.7846 12 10.8
      vertex 20.9909 11.6354 2.2
      vertex 20.9909 11.6354 10.8
    endloop
  endfacet
  facet normal -0.878879 -0.477044 0
    outer loop
      vertex 21.1907 11.2673 2.2
      vertex 20.9909 11.6354 10.8
      vertex 20.9909 11.6354 2.2
    endloop
  endfacet
  facet normal -0.878879 -0.477044 0
    outer loop
      vertex 20.9909 11.6354 10.8
      vertex 21.1907 11.2673 2.2
      vertex 21.1907 11.2673 10.8
    endloop
  endfacet
  facet normal -0.886904 -0.461954 0
    outer loop
      vertex 21.3842 10.8958 2.2
      vertex 21.1907 11.2673 10.8
      vertex 21.1907 11.2673 2.2
    endloop
  endfacet
  facet normal -0.886904 -0.461954 0
    outer loop
      vertex 21.1907 11.2673 10.8
      vertex 21.3842 10.8958 2.2
      vertex 21.3842 10.8958 10.8
    endloop
  endfacet
  facet normal -0.895047 -0.445972 0
    outer loop
      vertex 21.571 10.5209 2.2
      vertex 21.3842 10.8958 10.8
      vertex 21.3842 10.8958 2.2
    endloop
  endfacet
  facet normal -0.895047 -0.445972 0
    outer loop
      vertex 21.3842 10.8958 10.8
      vertex 21.571 10.5209 2.2
      vertex 21.571 10.5209 10.8
    endloop
  endfacet
  facet normal -0.902534 -0.430619 0
    outer loop
      vertex 21.7514 10.1428 2.2
      vertex 21.571 10.5209 10.8
      vertex 21.571 10.5209 2.2
    endloop
  endfacet
  facet normal -0.902534 -0.430619 0
    outer loop
      vertex 21.571 10.5209 10.8
      vertex 21.7514 10.1428 2.2
      vertex 21.7514 10.1428 10.8
    endloop
  endfacet
  facet normal -0.909953 -0.414711 0
    outer loop
      vertex 21.9251 9.76167 2.2
      vertex 21.7514 10.1428 10.8
      vertex 21.7514 10.1428 2.2
    endloop
  endfacet
  facet normal -0.909953 -0.414711 0
    outer loop
      vertex 21.7514 10.1428 10.8
      vertex 21.9251 9.76167 2.2
      vertex 21.9251 9.76167 10.8
    endloop
  endfacet
  facet normal -0.917085 -0.398691 0
    outer loop
      vertex 22.0921 9.37753 2.2
      vertex 21.9251 9.76167 10.8
      vertex 21.9251 9.76167 2.2
    endloop
  endfacet
  facet normal -0.917085 -0.398691 0
    outer loop
      vertex 21.9251 9.76167 10.8
      vertex 22.0921 9.37753 2.2
      vertex 22.0921 9.37753 10.8
    endloop
  endfacet
  facet normal -0.923873 -0.382699 0
    outer loop
      vertex 22.2524 8.99055 2.2
      vertex 22.0921 9.37753 10.8
      vertex 22.0921 9.37753 2.2
    endloop
  endfacet
  facet normal -0.923873 -0.382699 0
    outer loop
      vertex 22.0921 9.37753 10.8
      vertex 22.2524 8.99055 2.2
      vertex 22.2524 8.99055 10.8
    endloop
  endfacet
  facet normal -0.93043 -0.366471 0
    outer loop
      vertex 22.4059 8.60083 2.2
      vertex 22.2524 8.99055 10.8
      vertex 22.2524 8.99055 2.2
    endloop
  endfacet
  facet normal -0.93043 -0.366471 0
    outer loop
      vertex 22.2524 8.99055 10.8
      vertex 22.4059 8.60083 2.2
      vertex 22.4059 8.60083 10.8
    endloop
  endfacet
  facet normal -0.936667 -0.350221 0
    outer loop
      vertex 22.5526 8.20848 2.2
      vertex 22.4059 8.60083 10.8
      vertex 22.4059 8.60083 2.2
    endloop
  endfacet
  facet normal -0.936667 -0.350221 0
    outer loop
      vertex 22.4059 8.60083 10.8
      vertex 22.5526 8.20848 2.2
      vertex 22.5526 8.20848 10.8
    endloop
  endfacet
  facet normal -0.942659 -0.333757 0
    outer loop
      vertex 22.6924 7.81363 2.2
      vertex 22.5526 8.20848 10.8
      vertex 22.5526 8.20848 2.2
    endloop
  endfacet
  facet normal -0.942659 -0.333757 0
    outer loop
      vertex 22.5526 8.20848 10.8
      vertex 22.6924 7.81363 2.2
      vertex 22.6924 7.81363 10.8
    endloop
  endfacet
  facet normal -0.948332 -0.31728 0
    outer loop
      vertex 22.8253 7.4164 2.2
      vertex 22.6924 7.81363 10.8
      vertex 22.6924 7.81363 2.2
    endloop
  endfacet
  facet normal -0.948332 -0.31728 0
    outer loop
      vertex 22.6924 7.81363 10.8
      vertex 22.8253 7.4164 2.2
      vertex 22.8253 7.4164 10.8
    endloop
  endfacet
  facet normal -0.953689 -0.300795 0
    outer loop
      vertex 22.9513 7.01691 2.2
      vertex 22.8253 7.4164 10.8
      vertex 22.8253 7.4164 2.2
    endloop
  endfacet
  facet normal -0.953689 -0.300795 0
    outer loop
      vertex 22.8253 7.4164 10.8
      vertex 22.9513 7.01691 2.2
      vertex 22.9513 7.01691 10.8
    endloop
  endfacet
  facet normal -0.958795 -0.284098 0
    outer loop
      vertex 23.0703 6.6153 2.2
      vertex 22.9513 7.01691 10.8
      vertex 22.9513 7.01691 2.2
    endloop
  endfacet
  facet normal -0.958795 -0.284098 0
    outer loop
      vertex 22.9513 7.01691 10.8
      vertex 23.0703 6.6153 2.2
      vertex 23.0703 6.6153 10.8
    endloop
  endfacet
  facet normal -0.963656 -0.267145 0
    outer loop
      vertex 23.1822 6.21165 2.2
      vertex 23.0703 6.6153 10.8
      vertex 23.0703 6.6153 2.2
    endloop
  endfacet
  facet normal -0.963656 -0.267145 0
    outer loop
      vertex 23.0703 6.6153 10.8
      vertex 23.1822 6.21165 2.2
      vertex 23.1822 6.21165 10.8
    endloop
  endfacet
  facet normal -0.968134 -0.250431 0
    outer loop
      vertex 23.2871 5.80612 2.2
      vertex 23.1822 6.21165 10.8
      vertex 23.1822 6.21165 2.2
    endloop
  endfacet
  facet normal -0.968134 -0.250431 0
    outer loop
      vertex 23.1822 6.21165 10.8
      vertex 23.2871 5.80612 2.2
      vertex 23.2871 5.80612 10.8
    endloop
  endfacet
  facet normal -0.972361 -0.233481 0
    outer loop
      vertex 23.3849 5.39882 2.2
      vertex 23.2871 5.80612 10.8
      vertex 23.2871 5.80612 2.2
    endloop
  endfacet
  facet normal -0.972361 -0.233481 0
    outer loop
      vertex 23.2871 5.80612 10.8
      vertex 23.3849 5.39882 2.2
      vertex 23.3849 5.39882 10.8
    endloop
  endfacet
  facet normal -0.976327 -0.216298 0
    outer loop
      vertex 23.4755 4.98987 2.2
      vertex 23.3849 5.39882 10.8
      vertex 23.3849 5.39882 2.2
    endloop
  endfacet
  facet normal -0.976327 -0.216298 0
    outer loop
      vertex 23.3849 5.39882 10.8
      vertex 23.4755 4.98987 2.2
      vertex 23.4755 4.98987 10.8
    endloop
  endfacet
  facet normal -0.979882 -0.199576 0
    outer loop
      vertex 23.5591 4.57941 2.2
      vertex 23.4755 4.98987 10.8
      vertex 23.4755 4.98987 2.2
    endloop
  endfacet
  facet normal -0.979882 -0.199576 0
    outer loop
      vertex 23.4755 4.98987 10.8
      vertex 23.5591 4.57941 2.2
      vertex 23.5591 4.57941 10.8
    endloop
  endfacet
  facet normal -0.98327 -0.182153 0
    outer loop
      vertex 23.6354 4.16754 2.2
      vertex 23.5591 4.57941 10.8
      vertex 23.5591 4.57941 2.2
    endloop
  endfacet
  facet normal -0.98327 -0.182153 0
    outer loop
      vertex 23.5591 4.57941 10.8
      vertex 23.6354 4.16754 2.2
      vertex 23.6354 4.16754 10.8
    endloop
  endfacet
  facet normal -0.986298 -0.164976 0
    outer loop
      vertex 23.7045 3.75443 2.2
      vertex 23.6354 4.16754 10.8
      vertex 23.6354 4.16754 2.2
    endloop
  endfacet
  facet normal -0.986298 -0.164976 0
    outer loop
      vertex 23.6354 4.16754 10.8
      vertex 23.7045 3.75443 2.2
      vertex 23.7045 3.75443 10.8
    endloop
  endfacet
  facet normal -0.989021 -0.147775 0
    outer loop
      vertex 23.7664 3.34015 2.2
      vertex 23.7045 3.75443 10.8
      vertex 23.7045 3.75443 2.2
    endloop
  endfacet
  facet normal -0.989021 -0.147775 0
    outer loop
      vertex 23.7045 3.75443 10.8
      vertex 23.7664 3.34015 2.2
      vertex 23.7664 3.34015 10.8
    endloop
  endfacet
  facet normal -0.991437 -0.130584 0
    outer loop
      vertex 23.8211 2.92485 2.2
      vertex 23.7664 3.34015 10.8
      vertex 23.7664 3.34015 2.2
    endloop
  endfacet
  facet normal -0.991437 -0.130584 0
    outer loop
      vertex 23.7664 3.34015 10.8
      vertex 23.8211 2.92485 2.2
      vertex 23.8211 2.92485 10.8
    endloop
  endfacet
  facet normal -0.993576 -0.113164 0
    outer loop
      vertex 23.8685 2.50868 2.2
      vertex 23.8211 2.92485 10.8
      vertex 23.8211 2.92485 2.2
    endloop
  endfacet
  facet normal -0.993576 -0.113164 0
    outer loop
      vertex 23.8211 2.92485 10.8
      vertex 23.8685 2.50868 2.2
      vertex 23.8685 2.50868 10.8
    endloop
  endfacet
  facet normal -0.995384 -0.0959717 0
    outer loop
      vertex 23.9087 2.09174 2.2
      vertex 23.8685 2.50868 10.8
      vertex 23.8685 2.50868 2.2
    endloop
  endfacet
  facet normal -0.995384 -0.0959717 0
    outer loop
      vertex 23.8685 2.50868 10.8
      vertex 23.9087 2.09174 2.2
      vertex 23.9087 2.09174 10.8
    endloop
  endfacet
  facet normal -0.996929 -0.0783048 0
    outer loop
      vertex 23.9415 1.67415 2.2
      vertex 23.9087 2.09174 10.8
      vertex 23.9087 2.09174 2.2
    endloop
  endfacet
  facet normal -0.996929 -0.0783048 0
    outer loop
      vertex 23.9087 2.09174 10.8
      vertex 23.9415 1.67415 2.2
      vertex 23.9415 1.67415 10.8
    endloop
  endfacet
  facet normal -0.998131 -0.0611164 0
    outer loop
      vertex 23.9671 1.25606 2.2
      vertex 23.9415 1.67415 10.8
      vertex 23.9415 1.67415 2.2
    endloop
  endfacet
  facet normal -0.998131 -0.0611164 0
    outer loop
      vertex 23.9415 1.67415 10.8
      vertex 23.9671 1.25606 2.2
      vertex 23.9671 1.25606 10.8
    endloop
  endfacet
  facet normal -0.999045 -0.0436885 0
    outer loop
      vertex 23.9854 0.837585 2.2
      vertex 23.9671 1.25606 10.8
      vertex 23.9671 1.25606 2.2
    endloop
  endfacet
  facet normal -0.999045 -0.0436885 0
    outer loop
      vertex 23.9671 1.25606 10.8
      vertex 23.9854 0.837585 2.2
      vertex 23.9854 0.837585 10.8
    endloop
  endfacet
  facet normal -0.999661 -0.0260222 0
    outer loop
      vertex 23.9963 0.418854 2.2
      vertex 23.9854 0.837585 10.8
      vertex 23.9854 0.837585 2.2
    endloop
  endfacet
  facet normal -0.999661 -0.0260222 0
    outer loop
      vertex 23.9854 0.837585 10.8
      vertex 23.9963 0.418854 2.2
      vertex 23.9963 0.418854 10.8
    endloop
  endfacet
  facet normal -0.999961 -0.00883328 0
    outer loop
      vertex 24 0 2.2
      vertex 23.9963 0.418854 10.8
      vertex 23.9963 0.418854 2.2
    endloop
  endfacet
  facet normal -0.999961 -0.00883328 0
    outer loop
      vertex 23.9963 0.418854 10.8
      vertex 24 0 2.2
      vertex 24 0 10.8
    endloop
  endfacet
  facet normal -0.999961 0.00883328 0
    outer loop
      vertex 23.9963 -0.418854 2.2
      vertex 24 0 10.8
      vertex 24 0 2.2
    endloop
  endfacet
  facet normal -0.999961 0.00883328 0
    outer loop
      vertex 24 0 10.8
      vertex 23.9963 -0.418854 2.2
      vertex 23.9963 -0.418854 10.8
    endloop
  endfacet
  facet normal -0.999661 0.0260222 0
    outer loop
      vertex 23.9854 -0.837585 2.2
      vertex 23.9963 -0.418854 10.8
      vertex 23.9963 -0.418854 2.2
    endloop
  endfacet
  facet normal -0.999661 0.0260222 0
    outer loop
      vertex 23.9963 -0.418854 10.8
      vertex 23.9854 -0.837585 2.2
      vertex 23.9854 -0.837585 10.8
    endloop
  endfacet
  facet normal -0.999045 0.0436885 0
    outer loop
      vertex 23.9671 -1.25606 2.2
      vertex 23.9854 -0.837585 10.8
      vertex 23.9854 -0.837585 2.2
    endloop
  endfacet
  facet normal -0.999045 0.0436885 0
    outer loop
      vertex 23.9854 -0.837585 10.8
      vertex 23.9671 -1.25606 2.2
      vertex 23.9671 -1.25606 10.8
    endloop
  endfacet
  facet normal -0.998131 0.0611164 0
    outer loop
      vertex 23.9415 -1.67415 2.2
      vertex 23.9671 -1.25606 10.8
      vertex 23.9671 -1.25606 2.2
    endloop
  endfacet
  facet normal -0.998131 0.0611164 0
    outer loop
      vertex 23.9671 -1.25606 10.8
      vertex 23.9415 -1.67415 2.2
      vertex 23.9415 -1.67415 10.8
    endloop
  endfacet
  facet normal -0.996929 0.0783048 0
    outer loop
      vertex 23.9087 -2.09174 2.2
      vertex 23.9415 -1.67415 10.8
      vertex 23.9415 -1.67415 2.2
    endloop
  endfacet
  facet normal -0.996929 0.0783048 0
    outer loop
      vertex 23.9415 -1.67415 10.8
      vertex 23.9087 -2.09174 2.2
      vertex 23.9087 -2.09174 10.8
    endloop
  endfacet
  facet normal -0.0871525 -0.996195 0
    outer loop
      vertex 23.9087 -2.09174 2.2
      vertex 25.1041 -2.19632 10.8
      vertex 23.9087 -2.09174 10.8
    endloop
  endfacet
  facet normal -0.0871525 -0.996195 -0
    outer loop
      vertex 25.1041 -2.19632 10.8
      vertex 23.9087 -2.09174 2.2
      vertex 25.1041 -2.19632 2.2
    endloop
  endfacet
  facet normal 0.996919 -0.078442 0
    outer loop
      vertex 25.1041 -2.19632 10.8
      vertex 25.1386 -1.75786 2.2
      vertex 25.1386 -1.75786 10.8
    endloop
  endfacet
  facet normal 0.996919 -0.078442 0
    outer loop
      vertex 25.1386 -1.75786 2.2
      vertex 25.1041 -2.19632 10.8
      vertex 25.1041 -2.19632 2.2
    endloop
  endfacet
  facet normal 0.998142 -0.0609322 0
    outer loop
      vertex 25.1386 -1.75786 10.8
      vertex 25.1471 -1.61862 2.2
      vertex 25.1471 -1.61862 10.8
    endloop
  endfacet
  facet normal 0.998142 -0.0609322 0
    outer loop
      vertex 25.1471 -1.61862 2.2
      vertex 25.1386 -1.75786 10.8
      vertex 25.1386 -1.75786 2.2
    endloop
  endfacet
  facet normal 0.469214 -0.883084 0
    outer loop
      vertex 25.1471 -1.61862 2.2
      vertex 27.6485 -0.289536 10.8
      vertex 25.1471 -1.61862 10.8
    endloop
  endfacet
  facet normal 0.469214 -0.883084 0
    outer loop
      vertex 27.6485 -0.289536 10.8
      vertex 25.1471 -1.61862 2.2
      vertex 27.6485 -0.289536 2.2
    endloop
  endfacet
  facet normal 0.0104719 0.999945 -0
    outer loop
      vertex 27.6485 -0.289536 2.2
      vertex 25.1977 -0.26387 10.8
      vertex 27.6485 -0.289536 10.8
    endloop
  endfacet
  facet normal 0.0104719 0.999945 0
    outer loop
      vertex 25.1977 -0.26387 10.8
      vertex 27.6485 -0.289536 2.2
      vertex 25.1977 -0.26387 2.2
    endloop
  endfacet
  facet normal 0.999962 -0.00871608 0
    outer loop
      vertex 25.1977 -0.26387 10.8
      vertex 25.2 0 2.2
      vertex 25.2 0 10.8
    endloop
  endfacet
  facet normal 0.999962 -0.00871608 0
    outer loop
      vertex 25.2 0 2.2
      vertex 25.1977 -0.26387 10.8
      vertex 25.1977 -0.26387 2.2
    endloop
  endfacet
  facet normal 0.999963 0.00864018 0
    outer loop
      vertex 25.2 0 10.8
      vertex 25.1962 0.439789 2.2
      vertex 25.1962 0.439789 10.8
    endloop
  endfacet
  facet normal 0.999963 0.00864018 0
    outer loop
      vertex 25.1962 0.439789 2.2
      vertex 25.2 0 10.8
      vertex 25.2 0 2.2
    endloop
  endfacet
  facet normal 0.999652 0.0263744 0
    outer loop
      vertex 25.1962 0.439789 10.8
      vertex 25.1846 0.879456 2.2
      vertex 25.1846 0.879456 10.8
    endloop
  endfacet
  facet normal 0.999652 0.0263744 0
    outer loop
      vertex 25.1846 0.879456 2.2
      vertex 25.1962 0.439789 10.8
      vertex 25.1962 0.439789 2.2
    endloop
  endfacet
  facet normal 0.999057 0.043427 0
    outer loop
      vertex 25.1846 0.879456 10.8
      vertex 25.1655 1.31886 2.2
      vertex 25.1655 1.31886 10.8
    endloop
  endfacet
  facet normal 0.999057 0.043427 0
    outer loop
      vertex 25.1655 1.31886 2.2
      vertex 25.1846 0.879456 10.8
      vertex 25.1846 0.879456 2.2
    endloop
  endfacet
  facet normal 0.998128 0.0611609 0
    outer loop
      vertex 25.1655 1.31886 10.8
      vertex 25.1386 1.75786 2.2
      vertex 25.1386 1.75786 10.8
    endloop
  endfacet
  facet normal 0.998128 0.0611609 0
    outer loop
      vertex 25.1386 1.75786 2.2
      vertex 25.1655 1.31886 10.8
      vertex 25.1655 1.31886 2.2
    endloop
  endfacet
  facet normal 0.996919 0.078442 0
    outer loop
      vertex 25.1386 1.75786 10.8
      vertex 25.1041 2.19632 2.2
      vertex 25.1041 2.19632 10.8
    endloop
  endfacet
  facet normal 0.996919 0.078442 0
    outer loop
      vertex 25.1041 2.19632 2.2
      vertex 25.1386 1.75786 10.8
      vertex 25.1386 1.75786 2.2
    endloop
  endfacet
  facet normal 0.995408 0.0957232 0
    outer loop
      vertex 25.1041 2.19632 10.8
      vertex 25.062 2.63411 2.2
      vertex 25.062 2.63411 10.8
    endloop
  endfacet
  facet normal 0.995408 0.0957232 0
    outer loop
      vertex 25.062 2.63411 2.2
      vertex 25.1041 2.19632 10.8
      vertex 25.1041 2.19632 2.2
    endloop
  endfacet
  facet normal 0.993569 0.113226 0
    outer loop
      vertex 25.062 2.63411 10.8
      vertex 25.0122 3.07111 2.2
      vertex 25.0122 3.07111 10.8
    endloop
  endfacet
  facet normal 0.993569 0.113226 0
    outer loop
      vertex 25.0122 3.07111 2.2
      vertex 25.062 2.63411 10.8
      vertex 25.062 2.63411 2.2
    endloop
  endfacet
  facet normal 0.991417 0.130734 0
    outer loop
      vertex 25.0122 3.07111 10.8
      vertex 24.9547 3.50716 2.2
      vertex 24.9547 3.50716 10.8
    endloop
  endfacet
  facet normal 0.991417 0.130734 0
    outer loop
      vertex 24.9547 3.50716 2.2
      vertex 25.0122 3.07111 10.8
      vertex 25.0122 3.07111 2.2
    endloop
  endfacet
  facet normal 0.989019 0.147791 0
    outer loop
      vertex 24.9547 3.50716 10.8
      vertex 24.8897 3.94214 2.2
      vertex 24.8897 3.94214 10.8
    endloop
  endfacet
  facet normal 0.989019 0.147791 0
    outer loop
      vertex 24.8897 3.94214 2.2
      vertex 24.9547 3.50716 10.8
      vertex 24.9547 3.50716 2.2
    endloop
  endfacet
  facet normal 0.986319 0.164845 0
    outer loop
      vertex 24.8897 3.94214 10.8
      vertex 24.8172 4.37593 2.2
      vertex 24.8172 4.37593 10.8
    endloop
  endfacet
  facet normal 0.986319 0.164845 0
    outer loop
      vertex 24.8172 4.37593 2.2
      vertex 24.8897 3.94214 10.8
      vertex 24.8897 3.94214 2.2
    endloop
  endfacet
  facet normal 0.983234 0.182346 0
    outer loop
      vertex 24.8172 4.37593 10.8
      vertex 24.737 4.80838 2.2
      vertex 24.737 4.80838 10.8
    endloop
  endfacet
  facet normal 0.983234 0.182346 0
    outer loop
      vertex 24.737 4.80838 2.2
      vertex 24.8172 4.37593 10.8
      vertex 24.8172 4.37593 2.2
    endloop
  endfacet
  facet normal 0.979918 0.199403 0
    outer loop
      vertex 24.737 4.80838 10.8
      vertex 24.6493 5.23936 2.2
      vertex 24.6493 5.23936 10.8
    endloop
  endfacet
  facet normal 0.979918 0.199403 0
    outer loop
      vertex 24.6493 5.23936 2.2
      vertex 24.737 4.80838 10.8
      vertex 24.737 4.80838 2.2
    endloop
  endfacet
  facet normal 0.976294 0.216449 0
    outer loop
      vertex 24.6493 5.23936 10.8
      vertex 24.5541 5.66876 2.2
      vertex 24.5541 5.66876 10.8
    endloop
  endfacet
  facet normal 0.976294 0.216449 0
    outer loop
      vertex 24.5541 5.66876 2.2
      vertex 24.6493 5.23936 10.8
      vertex 24.6493 5.23936 2.2
    endloop
  endfacet
  facet normal 0.972356 0.233505 0
    outer loop
      vertex 24.5541 5.66876 10.8
      vertex 24.4514 6.09642 2.2
      vertex 24.4514 6.09642 10.8
    endloop
  endfacet
  facet normal 0.972356 0.233505 0
    outer loop
      vertex 24.4514 6.09642 2.2
      vertex 24.5541 5.66876 10.8
      vertex 24.5541 5.66876 2.2
    endloop
  endfacet
  facet normal 0.96816 0.250333 0
    outer loop
      vertex 24.4514 6.09642 10.8
      vertex 24.3413 6.52223 2.2
      vertex 24.3413 6.52223 10.8
    endloop
  endfacet
  facet normal 0.96816 0.250333 0
    outer loop
      vertex 24.3413 6.52223 2.2
      vertex 24.4514 6.09642 10.8
      vertex 24.4514 6.09642 2.2
    endloop
  endfacet
  facet normal 0.963653 0.267157 0
    outer loop
      vertex 24.3413 6.52223 10.8
      vertex 24.2238 6.94606 2.2
      vertex 24.2238 6.94606 10.8
    endloop
  endfacet
  facet normal 0.963653 0.267157 0
    outer loop
      vertex 24.2238 6.94606 2.2
      vertex 24.3413 6.52223 10.8
      vertex 24.3413 6.52223 2.2
    endloop
  endfacet
  facet normal 0.958826 0.283994 0
    outer loop
      vertex 24.2238 6.94606 10.8
      vertex 24.0989 7.36775 2.2
      vertex 24.0989 7.36775 10.8
    endloop
  endfacet
  facet normal 0.958826 0.283994 0
    outer loop
      vertex 24.0989 7.36775 2.2
      vertex 24.2238 6.94606 10.8
      vertex 24.2238 6.94606 2.2
    endloop
  endfacet
  facet normal 0.95369 0.300792 0
    outer loop
      vertex 24.0989 7.36775 10.8
      vertex 23.9666 7.78722 2.2
      vertex 23.9666 7.78722 10.8
    endloop
  endfacet
  facet normal 0.95369 0.300792 0
    outer loop
      vertex 23.9666 7.78722 2.2
      vertex 24.0989 7.36775 10.8
      vertex 24.0989 7.36775 2.2
    endloop
  endfacet
  facet normal 0.948364 0.317183 0
    outer loop
      vertex 23.9666 7.78722 10.8
      vertex 23.8271 8.20432 2.2
      vertex 23.8271 8.20432 10.8
    endloop
  endfacet
  facet normal 0.948364 0.317183 0
    outer loop
      vertex 23.8271 8.20432 2.2
      vertex 23.9666 7.78722 10.8
      vertex 23.9666 7.78722 2.2
    endloop
  endfacet
  facet normal 0.942649 0.333786 0
    outer loop
      vertex 23.8271 8.20432 10.8
      vertex 23.6803 8.6189 2.2
      vertex 23.6803 8.6189 10.8
    endloop
  endfacet
  facet normal 0.942649 0.333786 0
    outer loop
      vertex 23.6803 8.6189 2.2
      vertex 23.8271 8.20432 10.8
      vertex 23.8271 8.20432 2.2
    endloop
  endfacet
  facet normal 0.936619 0.350348 0
    outer loop
      vertex 23.6803 8.6189 10.8
      vertex 23.5262 9.03087 2.2
      vertex 23.5262 9.03087 10.8
    endloop
  endfacet
  facet normal 0.936619 0.350348 0
    outer loop
      vertex 23.5262 9.03087 2.2
      vertex 23.6803 8.6189 10.8
      vertex 23.6803 8.6189 2.2
    endloop
  endfacet
  facet normal 0.930411 0.366517 0
    outer loop
      vertex 23.5262 9.03087 10.8
      vertex 23.365 9.44008 2.2
      vertex 23.365 9.44008 10.8
    endloop
  endfacet
  facet normal 0.930411 0.366517 0
    outer loop
      vertex 23.365 9.44008 2.2
      vertex 23.5262 9.03087 10.8
      vertex 23.5262 9.03087 2.2
    endloop
  endfacet
  facet normal 0.923889 0.382661 0
    outer loop
      vertex 23.365 9.44008 10.8
      vertex 23.1967 9.84642 2.2
      vertex 23.1967 9.84642 10.8
    endloop
  endfacet
  facet normal 0.923889 0.382661 0
    outer loop
      vertex 23.1967 9.84642 2.2
      vertex 23.365 9.44008 10.8
      vertex 23.365 9.44008 2.2
    endloop
  endfacet
  facet normal 0.917056 0.398759 0
    outer loop
      vertex 23.1967 9.84642 10.8
      vertex 23.0213 10.2498 2.2
      vertex 23.0213 10.2498 10.8
    endloop
  endfacet
  facet normal 0.917056 0.398759 0
    outer loop
      vertex 23.0213 10.2498 2.2
      vertex 23.1967 9.84642 10.8
      vertex 23.1967 9.84642 2.2
    endloop
  endfacet
  facet normal 0.909946 0.414728 0
    outer loop
      vertex 23.0213 10.2498 10.8
      vertex 22.8389 10.65 2.2
      vertex 22.8389 10.65 10.8
    endloop
  endfacet
  facet normal 0.909946 0.414728 0
    outer loop
      vertex 22.8389 10.65 2.2
      vertex 23.0213 10.2498 10.8
      vertex 23.0213 10.2498 2.2
    endloop
  endfacet
  facet normal 0.902638 0.430401 0
    outer loop
      vertex 22.8389 10.65 10.8
      vertex 22.6496 11.047 2.2
      vertex 22.6496 11.047 10.8
    endloop
  endfacet
  facet normal 0.902638 0.430401 0
    outer loop
      vertex 22.6496 11.047 2.2
      vertex 22.8389 10.65 10.8
      vertex 22.8389 10.65 2.2
    endloop
  endfacet
  facet normal 0.894972 0.446122 0
    outer loop
      vertex 22.6496 11.047 10.8
      vertex 22.4534 11.4406 2.2
      vertex 22.4534 11.4406 10.8
    endloop
  endfacet
  facet normal 0.894972 0.446122 0
    outer loop
      vertex 22.4534 11.4406 2.2
      vertex 22.6496 11.047 10.8
      vertex 22.6496 11.047 2.2
    endloop
  endfacet
  facet normal 0.886986 0.461797 0
    outer loop
      vertex 22.4534 11.4406 10.8
      vertex 22.2503 11.8307 2.2
      vertex 22.2503 11.8307 10.8
    endloop
  endfacet
  facet normal 0.886986 0.461797 0
    outer loop
      vertex 22.2503 11.8307 2.2
      vertex 22.4534 11.4406 10.8
      vertex 22.4534 11.4406 2.2
    endloop
  endfacet
  facet normal 0.878772 0.477242 0
    outer loop
      vertex 22.2503 11.8307 10.8
      vertex 22.0404 12.2172 2.2
      vertex 22.0404 12.2172 10.8
    endloop
  endfacet
  facet normal 0.878772 0.477242 0
    outer loop
      vertex 22.0404 12.2172 2.2
      vertex 22.2503 11.8307 10.8
      vertex 22.2503 11.8307 2.2
    endloop
  endfacet
  facet normal 0.870334 0.492462 0
    outer loop
      vertex 22.0404 12.2172 10.8
      vertex 21.8238 12.6 2.2
      vertex 21.8238 12.6 10.8
    endloop
  endfacet
  facet normal 0.870334 0.492462 0
    outer loop
      vertex 21.8238 12.6 2.2
      vertex 22.0404 12.2172 10.8
      vertex 22.0404 12.2172 2.2
    endloop
  endfacet
  facet normal 0.861677 0.507457 0
    outer loop
      vertex 21.8238 12.6 10.8
      vertex 21.6006 12.979 2.2
      vertex 21.6006 12.979 10.8
    endloop
  endfacet
  facet normal 0.861677 0.507457 0
    outer loop
      vertex 21.6006 12.979 2.2
      vertex 21.8238 12.6 10.8
      vertex 21.8238 12.6 2.2
    endloop
  endfacet
  facet normal 0.85264 0.522498 0
    outer loop
      vertex 21.6006 12.979 10.8
      vertex 21.3708 13.354 2.2
      vertex 21.3708 13.354 10.8
    endloop
  endfacet
  facet normal 0.85264 0.522498 0
    outer loop
      vertex 21.3708 13.354 2.2
      vertex 21.6006 12.979 10.8
      vertex 21.6006 12.979 2.2
    endloop
  endfacet
  facet normal 0.84338 0.537317 0
    outer loop
      vertex 21.3708 13.354 10.8
      vertex 21.1345 13.7249 2.2
      vertex 21.1345 13.7249 10.8
    endloop
  endfacet
  facet normal 0.84338 0.537317 0
    outer loop
      vertex 21.1345 13.7249 2.2
      vertex 21.3708 13.354 10.8
      vertex 21.3708 13.354 2.2
    endloop
  endfacet
  facet normal 0.833865 0.551969 0
    outer loop
      vertex 21.1345 13.7249 10.8
      vertex 20.8917 14.0917 2.2
      vertex 20.8917 14.0917 10.8
    endloop
  endfacet
  facet normal 0.833865 0.551969 0
    outer loop
      vertex 20.8917 14.0917 2.2
      vertex 21.1345 13.7249 10.8
      vertex 21.1345 13.7249 2.2
    endloop
  endfacet
  facet normal 0.824095 0.566452 0
    outer loop
      vertex 20.8917 14.0917 10.8
      vertex 20.6426 14.4541 2.2
      vertex 20.6426 14.4541 10.8
    endloop
  endfacet
  facet normal 0.824095 0.566452 0
    outer loop
      vertex 20.6426 14.4541 2.2
      vertex 20.8917 14.0917 10.8
      vertex 20.8917 14.0917 2.2
    endloop
  endfacet
  facet normal 0.814148 0.580657 0
    outer loop
      vertex 20.6426 14.4541 10.8
      vertex 20.3872 14.8122 2.2
      vertex 20.3872 14.8122 10.8
    endloop
  endfacet
  facet normal 0.814148 0.580657 0
    outer loop
      vertex 20.3872 14.8122 2.2
      vertex 20.6426 14.4541 10.8
      vertex 20.6426 14.4541 2.2
    endloop
  endfacet
  facet normal 0.803831 0.594858 0
    outer loop
      vertex 20.3872 14.8122 10.8
      vertex 20.1256 15.1657 2.2
      vertex 20.1256 15.1657 10.8
    endloop
  endfacet
  facet normal 0.803831 0.594858 0
    outer loop
      vertex 20.1256 15.1657 2.2
      vertex 20.3872 14.8122 10.8
      vertex 20.3872 14.8122 2.2
    endloop
  endfacet
  facet normal 0.79346 0.608622 0
    outer loop
      vertex 20.1256 15.1657 10.8
      vertex 19.8579 15.5147 2.2
      vertex 19.8579 15.5147 10.8
    endloop
  endfacet
  facet normal 0.79346 0.608622 0
    outer loop
      vertex 19.8579 15.5147 2.2
      vertex 20.1256 15.1657 10.8
      vertex 20.1256 15.1657 2.2
    endloop
  endfacet
  facet normal 0.782596 0.62253 0
    outer loop
      vertex 19.8579 15.5147 10.8
      vertex 19.5841 15.8589 2.2
      vertex 19.5841 15.8589 10.8
    endloop
  endfacet
  facet normal 0.782596 0.62253 0
    outer loop
      vertex 19.5841 15.8589 2.2
      vertex 19.8579 15.5147 10.8
      vertex 19.8579 15.5147 2.2
    endloop
  endfacet
  facet normal 0.77151 0.636217 0
    outer loop
      vertex 19.5841 15.8589 10.8
      vertex 19.3043 16.1982 2.2
      vertex 19.3043 16.1982 10.8
    endloop
  endfacet
  facet normal 0.77151 0.636217 0
    outer loop
      vertex 19.3043 16.1982 2.2
      vertex 19.5841 15.8589 10.8
      vertex 19.5841 15.8589 2.2
    endloop
  endfacet
  facet normal 0.760507 0.64933 0
    outer loop
      vertex 19.3043 16.1982 10.8
      vertex 19.0187 16.5327 2.2
      vertex 19.0187 16.5327 10.8
    endloop
  endfacet
  facet normal 0.760507 0.64933 0
    outer loop
      vertex 19.0187 16.5327 2.2
      vertex 19.3043 16.1982 10.8
      vertex 19.3043 16.1982 2.2
    endloop
  endfacet
  facet normal 0.748875 0.662711 0
    outer loop
      vertex 19.0187 16.5327 10.8
      vertex 18.7272 16.8621 2.2
      vertex 18.7272 16.8621 10.8
    endloop
  endfacet
  facet normal 0.748875 0.662711 0
    outer loop
      vertex 18.7272 16.8621 2.2
      vertex 19.0187 16.5327 10.8
      vertex 19.0187 16.5327 2.2
    endloop
  endfacet
  facet normal 0.737352 0.675508 0
    outer loop
      vertex 18.7272 16.8621 10.8
      vertex 18.4301 17.1864 2.2
      vertex 18.4301 17.1864 10.8
    endloop
  endfacet
  facet normal 0.737352 0.675508 0
    outer loop
      vertex 18.4301 17.1864 2.2
      vertex 18.7272 16.8621 10.8
      vertex 18.7272 16.8621 2.2
    endloop
  endfacet
  facet normal 0.725283 0.688451 0
    outer loop
      vertex 18.4301 17.1864 10.8
      vertex 18.1273 17.5054 2.2
      vertex 18.1273 17.5054 10.8
    endloop
  endfacet
  facet normal 0.725283 0.688451 0
    outer loop
      vertex 18.1273 17.5054 2.2
      vertex 18.4301 17.1864 10.8
      vertex 18.4301 17.1864 2.2
    endloop
  endfacet
  facet normal 0.713332 0.700826 0
    outer loop
      vertex 18.1273 17.5054 10.8
      vertex 17.8191 17.8191 2.2
      vertex 17.8191 17.8191 10.8
    endloop
  endfacet
  facet normal 0.713332 0.700826 0
    outer loop
      vertex 17.8191 17.8191 2.2
      vertex 18.1273 17.5054 10.8
      vertex 18.1273 17.5054 2.2
    endloop
  endfacet
  facet normal 0.700826 0.713332 -0
    outer loop
      vertex 17.8191 17.8191 2.2
      vertex 17.5054 18.1273 10.8
      vertex 17.8191 17.8191 10.8
    endloop
  endfacet
  facet normal 0.700826 0.713332 0
    outer loop
      vertex 17.5054 18.1273 10.8
      vertex 17.8191 17.8191 2.2
      vertex 17.5054 18.1273 2.2
    endloop
  endfacet
  facet normal 0.688451 0.725283 -0
    outer loop
      vertex 17.5054 18.1273 2.2
      vertex 17.1864 18.4301 10.8
      vertex 17.5054 18.1273 10.8
    endloop
  endfacet
  facet normal 0.688451 0.725283 0
    outer loop
      vertex 17.1864 18.4301 10.8
      vertex 17.5054 18.1273 2.2
      vertex 17.1864 18.4301 2.2
    endloop
  endfacet
  facet normal 0.675508 0.737352 -0
    outer loop
      vertex 17.1864 18.4301 2.2
      vertex 16.8621 18.7272 10.8
      vertex 17.1864 18.4301 10.8
    endloop
  endfacet
  facet normal 0.675508 0.737352 0
    outer loop
      vertex 16.8621 18.7272 10.8
      vertex 17.1864 18.4301 2.2
      vertex 16.8621 18.7272 2.2
    endloop
  endfacet
  facet normal 0.662711 0.748875 -0
    outer loop
      vertex 16.8621 18.7272 2.2
      vertex 16.5327 19.0187 10.8
      vertex 16.8621 18.7272 10.8
    endloop
  endfacet
  facet normal 0.662711 0.748875 0
    outer loop
      vertex 16.5327 19.0187 10.8
      vertex 16.8621 18.7272 2.2
      vertex 16.5327 19.0187 2.2
    endloop
  endfacet
  facet normal 0.64933 0.760507 -0
    outer loop
      vertex 16.5327 19.0187 2.2
      vertex 16.1982 19.3043 10.8
      vertex 16.5327 19.0187 10.8
    endloop
  endfacet
  facet normal 0.64933 0.760507 0
    outer loop
      vertex 16.1982 19.3043 10.8
      vertex 16.5327 19.0187 2.2
      vertex 16.1982 19.3043 2.2
    endloop
  endfacet
  facet normal 0.636217 0.77151 -0
    outer loop
      vertex 16.1982 19.3043 2.2
      vertex 15.8589 19.5841 10.8
      vertex 16.1982 19.3043 10.8
    endloop
  endfacet
  facet normal 0.636217 0.77151 0
    outer loop
      vertex 15.8589 19.5841 10.8
      vertex 16.1982 19.3043 2.2
      vertex 15.8589 19.5841 2.2
    endloop
  endfacet
  facet normal 0.62253 0.782596 -0
    outer loop
      vertex 15.8589 19.5841 2.2
      vertex 15.5147 19.8579 10.8
      vertex 15.8589 19.5841 10.8
    endloop
  endfacet
  facet normal 0.62253 0.782596 0
    outer loop
      vertex 15.5147 19.8579 10.8
      vertex 15.8589 19.5841 2.2
      vertex 15.5147 19.8579 2.2
    endloop
  endfacet
  facet normal 0.608622 0.79346 -0
    outer loop
      vertex 15.5147 19.8579 2.2
      vertex 15.1657 20.1256 10.8
      vertex 15.5147 19.8579 10.8
    endloop
  endfacet
  facet normal 0.608622 0.79346 0
    outer loop
      vertex 15.1657 20.1256 10.8
      vertex 15.5147 19.8579 2.2
      vertex 15.1657 20.1256 2.2
    endloop
  endfacet
  facet normal 0.594858 0.803831 -0
    outer loop
      vertex 15.1657 20.1256 2.2
      vertex 14.8122 20.3872 10.8
      vertex 15.1657 20.1256 10.8
    endloop
  endfacet
  facet normal 0.594858 0.803831 0
    outer loop
      vertex 14.8122 20.3872 10.8
      vertex 15.1657 20.1256 2.2
      vertex 14.8122 20.3872 2.2
    endloop
  endfacet
  facet normal 0.580657 0.814148 -0
    outer loop
      vertex 14.8122 20.3872 2.2
      vertex 14.4541 20.6426 10.8
      vertex 14.8122 20.3872 10.8
    endloop
  endfacet
  facet normal 0.580657 0.814148 0
    outer loop
      vertex 14.4541 20.6426 10.8
      vertex 14.8122 20.3872 2.2
      vertex 14.4541 20.6426 2.2
    endloop
  endfacet
  facet normal 0.566452 0.824095 -0
    outer loop
      vertex 14.4541 20.6426 2.2
      vertex 14.0917 20.8917 10.8
      vertex 14.4541 20.6426 10.8
    endloop
  endfacet
  facet normal 0.566452 0.824095 0
    outer loop
      vertex 14.0917 20.8917 10.8
      vertex 14.4541 20.6426 2.2
      vertex 14.0917 20.8917 2.2
    endloop
  endfacet
  facet normal 0.551969 0.833865 -0
    outer loop
      vertex 14.0917 20.8917 2.2
      vertex 13.7249 21.1345 10.8
      vertex 14.0917 20.8917 10.8
    endloop
  endfacet
  facet normal 0.551969 0.833865 0
    outer loop
      vertex 13.7249 21.1345 10.8
      vertex 14.0917 20.8917 2.2
      vertex 13.7249 21.1345 2.2
    endloop
  endfacet
  facet normal 0.537317 0.84338 -0
    outer loop
      vertex 13.7249 21.1345 2.2
      vertex 13.354 21.3708 10.8
      vertex 13.7249 21.1345 10.8
    endloop
  endfacet
  facet normal 0.537317 0.84338 0
    outer loop
      vertex 13.354 21.3708 10.8
      vertex 13.7249 21.1345 2.2
      vertex 13.354 21.3708 2.2
    endloop
  endfacet
  facet normal 0.522498 0.85264 -0
    outer loop
      vertex 13.354 21.3708 2.2
      vertex 12.979 21.6006 10.8
      vertex 13.354 21.3708 10.8
    endloop
  endfacet
  facet normal 0.522498 0.85264 0
    outer loop
      vertex 12.979 21.6006 10.8
      vertex 13.354 21.3708 2.2
      vertex 12.979 21.6006 2.2
    endloop
  endfacet
  facet normal 0.507457 0.861677 -0
    outer loop
      vertex 12.979 21.6006 2.2
      vertex 12.6 21.8238 10.8
      vertex 12.979 21.6006 10.8
    endloop
  endfacet
  facet normal 0.507457 0.861677 0
    outer loop
      vertex 12.6 21.8238 10.8
      vertex 12.979 21.6006 2.2
      vertex 12.6 21.8238 2.2
    endloop
  endfacet
  facet normal 0.492462 0.870334 -0
    outer loop
      vertex 12.6 21.8238 2.2
      vertex 12.2172 22.0404 10.8
      vertex 12.6 21.8238 10.8
    endloop
  endfacet
  facet normal 0.492462 0.870334 0
    outer loop
      vertex 12.2172 22.0404 10.8
      vertex 12.6 21.8238 2.2
      vertex 12.2172 22.0404 2.2
    endloop
  endfacet
  facet normal 0.477242 0.878772 -0
    outer loop
      vertex 12.2172 22.0404 2.2
      vertex 11.8307 22.2503 10.8
      vertex 12.2172 22.0404 10.8
    endloop
  endfacet
  facet normal 0.477242 0.878772 0
    outer loop
      vertex 11.8307 22.2503 10.8
      vertex 12.2172 22.0404 2.2
      vertex 11.8307 22.2503 2.2
    endloop
  endfacet
  facet normal 0.461797 0.886986 -0
    outer loop
      vertex 11.8307 22.2503 2.2
      vertex 11.4406 22.4534 10.8
      vertex 11.8307 22.2503 10.8
    endloop
  endfacet
  facet normal 0.461797 0.886986 0
    outer loop
      vertex 11.4406 22.4534 10.8
      vertex 11.8307 22.2503 2.2
      vertex 11.4406 22.4534 2.2
    endloop
  endfacet
  facet normal 0.446122 0.894972 -0
    outer loop
      vertex 11.4406 22.4534 2.2
      vertex 11.047 22.6496 10.8
      vertex 11.4406 22.4534 10.8
    endloop
  endfacet
  facet normal 0.446122 0.894972 0
    outer loop
      vertex 11.047 22.6496 10.8
      vertex 11.4406 22.4534 2.2
      vertex 11.047 22.6496 2.2
    endloop
  endfacet
  facet normal 0.430401 0.902638 -0
    outer loop
      vertex 11.047 22.6496 2.2
      vertex 10.65 22.8389 10.8
      vertex 11.047 22.6496 10.8
    endloop
  endfacet
  facet normal 0.430401 0.902638 0
    outer loop
      vertex 10.65 22.8389 10.8
      vertex 11.047 22.6496 2.2
      vertex 10.65 22.8389 2.2
    endloop
  endfacet
  facet normal 0.447214 0.894427 -0
    outer loop
      vertex 10.65 22.8389 2.2
      vertex 10.6476 22.8401 10.8
      vertex 10.65 22.8389 10.8
    endloop
  endfacet
  facet normal 0.447214 0.894427 0
    outer loop
      vertex 10.6476 22.8401 10.8
      vertex 10.65 22.8389 2.2
      vertex 10.6476 22.8401 2.2
    endloop
  endfacet
  facet normal 0.399037 0.916935 -0
    outer loop
      vertex 10.6476 22.8401 2.2
      vertex 10.626 22.8495 10.8
      vertex 10.6476 22.8401 10.8
    endloop
  endfacet
  facet normal 0.399037 0.916935 0
    outer loop
      vertex 10.626 22.8495 10.8
      vertex 10.6476 22.8401 2.2
      vertex 10.626 22.8495 2.2
    endloop
  endfacet
  facet normal 0.365521 0.930803 -0
    outer loop
      vertex 10.626 22.8495 2.2
      vertex 10.6041 22.8581 10.8
      vertex 10.626 22.8495 10.8
    endloop
  endfacet
  facet normal 0.365521 0.930803 0
    outer loop
      vertex 10.6041 22.8581 10.8
      vertex 10.626 22.8495 2.2
      vertex 10.6041 22.8581 2.2
    endloop
  endfacet
  facet normal 0.326383 0.945238 -0
    outer loop
      vertex 10.6041 22.8581 2.2
      vertex 10.5818 22.8658 10.8
      vertex 10.6041 22.8581 10.8
    endloop
  endfacet
  facet normal 0.326383 0.945238 0
    outer loop
      vertex 10.5818 22.8658 10.8
      vertex 10.6041 22.8581 2.2
      vertex 10.5818 22.8658 2.2
    endloop
  endfacet
  facet normal 0.289299 0.957239 -0
    outer loop
      vertex 10.5818 22.8658 2.2
      vertex 10.5593 22.8726 10.8
      vertex 10.5818 22.8658 10.8
    endloop
  endfacet
  facet normal 0.289299 0.957239 0
    outer loop
      vertex 10.5593 22.8726 10.8
      vertex 10.5818 22.8658 2.2
      vertex 10.5593 22.8726 2.2
    endloop
  endfacet
  facet normal 0.254493 0.967075 -0
    outer loop
      vertex 10.5593 22.8726 2.2
      vertex 10.5365 22.8786 10.8
      vertex 10.5593 22.8726 10.8
    endloop
  endfacet
  facet normal 0.254493 0.967075 0
    outer loop
      vertex 10.5365 22.8786 10.8
      vertex 10.5593 22.8726 2.2
      vertex 10.5365 22.8786 2.2
    endloop
  endfacet
  facet normal 0.21243 0.977176 -0
    outer loop
      vertex 10.5365 22.8786 2.2
      vertex 10.5135 22.8836 10.8
      vertex 10.5365 22.8786 10.8
    endloop
  endfacet
  facet normal 0.21243 0.977176 0
    outer loop
      vertex 10.5135 22.8836 10.8
      vertex 10.5365 22.8786 2.2
      vertex 10.5135 22.8836 2.2
    endloop
  endfacet
  facet normal 0.178139 0.984005 -0
    outer loop
      vertex 10.5135 22.8836 2.2
      vertex 10.4903 22.8878 10.8
      vertex 10.5135 22.8836 10.8
    endloop
  endfacet
  facet normal 0.178139 0.984005 0
    outer loop
      vertex 10.4903 22.8878 10.8
      vertex 10.5135 22.8836 2.2
      vertex 10.4903 22.8878 2.2
    endloop
  endfacet
  facet normal 0.135491 0.990779 -0
    outer loop
      vertex 10.4903 22.8878 2.2
      vertex 10.4669 22.891 10.8
      vertex 10.4903 22.8878 10.8
    endloop
  endfacet
  facet normal 0.135491 0.990779 0
    outer loop
      vertex 10.4669 22.891 10.8
      vertex 10.4903 22.8878 2.2
      vertex 10.4669 22.891 2.2
    endloop
  endfacet
  facet normal 0.0978192 0.995204 -0
    outer loop
      vertex 10.4669 22.891 2.2
      vertex 10.4435 22.8933 10.8
      vertex 10.4669 22.891 10.8
    endloop
  endfacet
  facet normal 0.0978192 0.995204 0
    outer loop
      vertex 10.4435 22.8933 10.8
      vertex 10.4669 22.891 2.2
      vertex 10.4435 22.8933 2.2
    endloop
  endfacet
  facet normal 0.059469 0.99823 -0
    outer loop
      vertex 10.4435 22.8933 2.2
      vertex 10.42 22.8947 10.8
      vertex 10.4435 22.8933 10.8
    endloop
  endfacet
  facet normal 0.059469 0.99823 0
    outer loop
      vertex 10.42 22.8947 10.8
      vertex 10.4435 22.8933 2.2
      vertex 10.42 22.8947 2.2
    endloop
  endfacet
  facet normal 0.0211817 0.999776 -0
    outer loop
      vertex 10.42 22.8947 2.2
      vertex 10.3964 22.8952 10.8
      vertex 10.42 22.8947 10.8
    endloop
  endfacet
  facet normal 0.0211817 0.999776 0
    outer loop
      vertex 10.3964 22.8952 10.8
      vertex 10.42 22.8947 2.2
      vertex 10.3964 22.8952 2.2
    endloop
  endfacet
  facet normal -0.0211817 0.999776 0
    outer loop
      vertex 10.3964 22.8952 2.2
      vertex 10.3728 22.8947 10.8
      vertex 10.3964 22.8952 10.8
    endloop
  endfacet
  facet normal -0.0211817 0.999776 0
    outer loop
      vertex 10.3728 22.8947 10.8
      vertex 10.3964 22.8952 2.2
      vertex 10.3728 22.8947 2.2
    endloop
  endfacet
  facet normal -0.059469 0.99823 0
    outer loop
      vertex 10.3728 22.8947 2.2
      vertex 10.3493 22.8933 10.8
      vertex 10.3728 22.8947 10.8
    endloop
  endfacet
  facet normal -0.059469 0.99823 0
    outer loop
      vertex 10.3493 22.8933 10.8
      vertex 10.3728 22.8947 2.2
      vertex 10.3493 22.8933 2.2
    endloop
  endfacet
  facet normal -0.0978192 0.995204 0
    outer loop
      vertex 10.3493 22.8933 2.2
      vertex 10.3259 22.891 10.8
      vertex 10.3493 22.8933 10.8
    endloop
  endfacet
  facet normal -0.0978192 0.995204 0
    outer loop
      vertex 10.3259 22.891 10.8
      vertex 10.3493 22.8933 2.2
      vertex 10.3259 22.891 2.2
    endloop
  endfacet
  facet normal -0.135491 0.990779 0
    outer loop
      vertex 10.3259 22.891 2.2
      vertex 10.3025 22.8878 10.8
      vertex 10.3259 22.891 10.8
    endloop
  endfacet
  facet normal -0.135491 0.990779 0
    outer loop
      vertex 10.3025 22.8878 10.8
      vertex 10.3259 22.891 2.2
      vertex 10.3025 22.8878 2.2
    endloop
  endfacet
  facet normal -0.178139 0.984005 0
    outer loop
      vertex 10.3025 22.8878 2.2
      vertex 10.2793 22.8836 10.8
      vertex 10.3025 22.8878 10.8
    endloop
  endfacet
  facet normal -0.178139 0.984005 0
    outer loop
      vertex 10.2793 22.8836 10.8
      vertex 10.3025 22.8878 2.2
      vertex 10.2793 22.8836 2.2
    endloop
  endfacet
  facet normal -0.21243 0.977176 0
    outer loop
      vertex 10.2793 22.8836 2.2
      vertex 10.2563 22.8786 10.8
      vertex 10.2793 22.8836 10.8
    endloop
  endfacet
  facet normal -0.21243 0.977176 0
    outer loop
      vertex 10.2563 22.8786 10.8
      vertex 10.2793 22.8836 2.2
      vertex 10.2563 22.8786 2.2
    endloop
  endfacet
  facet normal -0.254493 0.967075 0
    outer loop
      vertex 10.2563 22.8786 2.2
      vertex 10.2335 22.8726 10.8
      vertex 10.2563 22.8786 10.8
    endloop
  endfacet
  facet normal -0.254493 0.967075 0
    outer loop
      vertex 10.2335 22.8726 10.8
      vertex 10.2563 22.8786 2.2
      vertex 10.2335 22.8726 2.2
    endloop
  endfacet
  facet normal -0.289299 0.957239 0
    outer loop
      vertex 10.2335 22.8726 2.2
      vertex 10.211 22.8658 10.8
      vertex 10.2335 22.8726 10.8
    endloop
  endfacet
  facet normal -0.289299 0.957239 0
    outer loop
      vertex 10.211 22.8658 10.8
      vertex 10.2335 22.8726 2.2
      vertex 10.211 22.8658 2.2
    endloop
  endfacet
  facet normal -0.326383 0.945238 0
    outer loop
      vertex 10.211 22.8658 2.2
      vertex 10.1887 22.8581 10.8
      vertex 10.211 22.8658 10.8
    endloop
  endfacet
  facet normal -0.326383 0.945238 0
    outer loop
      vertex 10.1887 22.8581 10.8
      vertex 10.211 22.8658 2.2
      vertex 10.1887 22.8581 2.2
    endloop
  endfacet
  facet normal -0.365521 0.930803 0
    outer loop
      vertex 10.1887 22.8581 2.2
      vertex 10.1668 22.8495 10.8
      vertex 10.1887 22.8581 10.8
    endloop
  endfacet
  facet normal -0.365521 0.930803 0
    outer loop
      vertex 10.1668 22.8495 10.8
      vertex 10.1887 22.8581 2.2
      vertex 10.1668 22.8495 2.2
    endloop
  endfacet
  facet normal -0.399037 0.916935 0
    outer loop
      vertex 10.1668 22.8495 2.2
      vertex 10.1452 22.8401 10.8
      vertex 10.1668 22.8495 10.8
    endloop
  endfacet
  facet normal -0.399037 0.916935 0
    outer loop
      vertex 10.1452 22.8401 10.8
      vertex 10.1668 22.8495 2.2
      vertex 10.1452 22.8401 2.2
    endloop
  endfacet
  facet normal -0.437002 0.899461 0
    outer loop
      vertex 10.1452 22.8401 2.2
      vertex 10.124 22.8298 10.8
      vertex 10.1452 22.8401 10.8
    endloop
  endfacet
  facet normal -0.437002 0.899461 0
    outer loop
      vertex 10.124 22.8298 10.8
      vertex 10.1452 22.8401 2.2
      vertex 10.124 22.8298 2.2
    endloop
  endfacet
  facet normal -0.470808 0.882236 0
    outer loop
      vertex 10.124 22.8298 2.2
      vertex 10.1032 22.8187 10.8
      vertex 10.124 22.8298 10.8
    endloop
  endfacet
  facet normal -0.470808 0.882236 0
    outer loop
      vertex 10.1032 22.8187 10.8
      vertex 10.124 22.8298 2.2
      vertex 10.1032 22.8187 2.2
    endloop
  endfacet
  facet normal -0.508872 0.860842 0
    outer loop
      vertex 10.1032 22.8187 2.2
      vertex 10.0829 22.8067 10.8
      vertex 10.1032 22.8187 10.8
    endloop
  endfacet
  facet normal -0.508872 0.860842 0
    outer loop
      vertex 10.0829 22.8067 10.8
      vertex 10.1032 22.8187 2.2
      vertex 10.0829 22.8067 2.2
    endloop
  endfacet
  facet normal -0.536875 0.843661 0
    outer loop
      vertex 10.0829 22.8067 2.2
      vertex 10.0631 22.7941 10.8
      vertex 10.0829 22.8067 10.8
    endloop
  endfacet
  facet normal -0.536875 0.843661 0
    outer loop
      vertex 10.0631 22.7941 10.8
      vertex 10.0829 22.8067 2.2
      vertex 10.0631 22.7941 2.2
    endloop
  endfacet
  facet normal -0.571188 0.820819 0
    outer loop
      vertex 10.0631 22.7941 2.2
      vertex 10.0437 22.7806 10.8
      vertex 10.0631 22.7941 10.8
    endloop
  endfacet
  facet normal -0.571188 0.820819 0
    outer loop
      vertex 10.0437 22.7806 10.8
      vertex 10.0631 22.7941 2.2
      vertex 10.0437 22.7806 2.2
    endloop
  endfacet
  facet normal -0.602713 0.797958 0
    outer loop
      vertex 10.0437 22.7806 2.2
      vertex 10.0249 22.7664 10.8
      vertex 10.0437 22.7806 10.8
    endloop
  endfacet
  facet normal -0.602713 0.797958 0
    outer loop
      vertex 10.0249 22.7664 10.8
      vertex 10.0437 22.7806 2.2
      vertex 10.0249 22.7664 2.2
    endloop
  endfacet
  facet normal -0.636004 0.771685 0
    outer loop
      vertex 10.0249 22.7664 2.2
      vertex 10.0067 22.7514 10.8
      vertex 10.0249 22.7664 10.8
    endloop
  endfacet
  facet normal -0.636004 0.771685 0
    outer loop
      vertex 10.0067 22.7514 10.8
      vertex 10.0249 22.7664 2.2
      vertex 10.0067 22.7514 2.2
    endloop
  endfacet
  facet normal -0.66373 0.747972 0
    outer loop
      vertex 10.0067 22.7514 2.2
      vertex 9.98912 22.7358 10.8
      vertex 10.0067 22.7514 10.8
    endloop
  endfacet
  facet normal -0.66373 0.747972 0
    outer loop
      vertex 9.98912 22.7358 10.8
      vertex 10.0067 22.7514 2.2
      vertex 9.98912 22.7358 2.2
    endloop
  endfacet
  facet normal -0.694715 0.719285 0
    outer loop
      vertex 9.98912 22.7358 2.2
      vertex 9.97214 22.7194 10.8
      vertex 9.98912 22.7358 10.8
    endloop
  endfacet
  facet normal -0.694715 0.719285 0
    outer loop
      vertex 9.97214 22.7194 10.8
      vertex 9.98912 22.7358 2.2
      vertex 9.97214 22.7194 2.2
    endloop
  endfacet
  facet normal -0.721175 0.692753 0
    outer loop
      vertex 9.95581 22.7024 2.2
      vertex 9.97214 22.7194 10.8
      vertex 9.97214 22.7194 2.2
    endloop
  endfacet
  facet normal -0.721175 0.692753 0
    outer loop
      vertex 9.97214 22.7194 10.8
      vertex 9.95581 22.7024 2.2
      vertex 9.95581 22.7024 10.8
    endloop
  endfacet
  facet normal -0.747292 0.664496 0
    outer loop
      vertex 9.94016 22.6848 2.2
      vertex 9.95581 22.7024 10.8
      vertex 9.95581 22.7024 2.2
    endloop
  endfacet
  facet normal -0.747292 0.664496 0
    outer loop
      vertex 9.95581 22.7024 10.8
      vertex 9.94016 22.6848 2.2
      vertex 9.94016 22.6848 10.8
    endloop
  endfacet
  facet normal -0.772935 0.634486 0
    outer loop
      vertex 9.92522 22.6666 2.2
      vertex 9.94016 22.6848 10.8
      vertex 9.94016 22.6848 2.2
    endloop
  endfacet
  facet normal -0.772935 0.634486 0
    outer loop
      vertex 9.94016 22.6848 10.8
      vertex 9.92522 22.6666 2.2
      vertex 9.92522 22.6666 10.8
    endloop
  endfacet
  facet normal -0.79755 0.603253 0
    outer loop
      vertex 9.911 22.6478 2.2
      vertex 9.92522 22.6666 10.8
      vertex 9.92522 22.6666 2.2
    endloop
  endfacet
  facet normal -0.79755 0.603253 0
    outer loop
      vertex 9.92522 22.6666 10.8
      vertex 9.911 22.6478 2.2
      vertex 9.911 22.6478 10.8
    endloop
  endfacet
  facet normal -0.81983 0.572607 0
    outer loop
      vertex 9.89752 22.6285 2.2
      vertex 9.911 22.6478 10.8
      vertex 9.911 22.6478 2.2
    endloop
  endfacet
  facet normal -0.81983 0.572607 0
    outer loop
      vertex 9.911 22.6478 10.8
      vertex 9.89752 22.6285 2.2
      vertex 9.89752 22.6285 10.8
    endloop
  endfacet
  facet normal -0.83499 0.550265 0
    outer loop
      vertex 5.00037 15.1974 2.2
      vertex 9.89752 22.6285 10.8
      vertex 9.89752 22.6285 2.2
    endloop
  endfacet
  facet normal -0.83499 0.550265 0
    outer loop
      vertex 9.89752 22.6285 10.8
      vertex 5.00037 15.1974 2.2
      vertex 5.00037 15.1974 10.8
    endloop
  endfacet
  facet normal 0.328272 0.944583 -0
    outer loop
      vertex 5.00037 15.1974 2.2
      vertex 4.94426 15.2169 10.8
      vertex 5.00037 15.1974 10.8
    endloop
  endfacet
  facet normal 0.328272 0.944583 0
    outer loop
      vertex 4.94426 15.2169 10.8
      vertex 5.00037 15.1974 2.2
      vertex 4.94426 15.2169 2.2
    endloop
  endfacet
  facet normal 0.290312 0.956932 -0
    outer loop
      vertex 4.94426 15.2169 2.2
      vertex 4.34303 15.3993 10.8
      vertex 4.94426 15.2169 10.8
    endloop
  endfacet
  facet normal 0.290312 0.956932 0
    outer loop
      vertex 4.34303 15.3993 10.8
      vertex 4.94426 15.2169 2.2
      vertex 4.34303 15.3993 2.2
    endloop
  endfacet
  facet normal 0.252444 0.967612 -0
    outer loop
      vertex 4.34303 15.3993 2.2
      vertex 3.73512 15.5579 10.8
      vertex 4.34303 15.3993 10.8
    endloop
  endfacet
  facet normal 0.252444 0.967612 0
    outer loop
      vertex 3.73512 15.5579 10.8
      vertex 4.34303 15.3993 2.2
      vertex 3.73512 15.5579 2.2
    endloop
  endfacet
  facet normal 0.214392 0.976748 -0
    outer loop
      vertex 3.73512 15.5579 2.2
      vertex 3.12144 15.6926 10.8
      vertex 3.73512 15.5579 10.8
    endloop
  endfacet
  facet normal 0.214392 0.976748 0
    outer loop
      vertex 3.12144 15.6926 10.8
      vertex 3.73512 15.5579 2.2
      vertex 3.12144 15.6926 2.2
    endloop
  endfacet
  facet normal 0.175719 0.98444 -0
    outer loop
      vertex 3.12144 15.6926 2.2
      vertex 2.50294 15.803 10.8
      vertex 3.12144 15.6926 10.8
    endloop
  endfacet
  facet normal 0.175719 0.98444 0
    outer loop
      vertex 2.50294 15.803 10.8
      vertex 3.12144 15.6926 2.2
      vertex 2.50294 15.803 2.2
    endloop
  endfacet
  facet normal 0.137039 0.990566 -0
    outer loop
      vertex 2.50294 15.803 2.2
      vertex 1.88058 15.8891 10.8
      vertex 2.50294 15.803 10.8
    endloop
  endfacet
  facet normal 0.137039 0.990566 0
    outer loop
      vertex 1.88058 15.8891 10.8
      vertex 2.50294 15.803 2.2
      vertex 1.88058 15.8891 2.2
    endloop
  endfacet
  facet normal 0.0980475 0.995182 -0
    outer loop
      vertex 1.88058 15.8891 2.2
      vertex 1.25534 15.9507 10.8
      vertex 1.88058 15.8891 10.8
    endloop
  endfacet
  facet normal 0.0980475 0.995182 0
    outer loop
      vertex 1.25534 15.9507 10.8
      vertex 1.88058 15.8891 2.2
      vertex 1.25534 15.9507 2.2
    endloop
  endfacet
  facet normal 0.0588902 0.998264 -0
    outer loop
      vertex 1.25534 15.9507 2.2
      vertex 0.628143 15.9877 10.8
      vertex 1.25534 15.9507 10.8
    endloop
  endfacet
  facet normal 0.0588902 0.998264 0
    outer loop
      vertex 0.628143 15.9877 10.8
      vertex 1.25534 15.9507 2.2
      vertex 0.628143 15.9877 2.2
    endloop
  endfacet
  facet normal 0.0195778 0.999808 -0
    outer loop
      vertex 0.628143 15.9877 2.2
      vertex 0 16 10.8
      vertex 0.628143 15.9877 10.8
    endloop
  endfacet
  facet normal 0.0195778 0.999808 0
    outer loop
      vertex 0 16 10.8
      vertex 0.628143 15.9877 2.2
      vertex 0 16 2.2
    endloop
  endfacet
  facet normal -0.0195778 0.999808 0
    outer loop
      vertex 0 16 2.2
      vertex -0.628143 15.9877 10.8
      vertex 0 16 10.8
    endloop
  endfacet
  facet normal -0.0195778 0.999808 0
    outer loop
      vertex -0.628143 15.9877 10.8
      vertex 0 16 2.2
      vertex -0.628143 15.9877 2.2
    endloop
  endfacet
  facet normal -0.0588902 0.998264 0
    outer loop
      vertex -0.628143 15.9877 2.2
      vertex -1.25534 15.9507 10.8
      vertex -0.628143 15.9877 10.8
    endloop
  endfacet
  facet normal -0.0588902 0.998264 0
    outer loop
      vertex -1.25534 15.9507 10.8
      vertex -0.628143 15.9877 2.2
      vertex -1.25534 15.9507 2.2
    endloop
  endfacet
  facet normal -0.0980475 0.995182 0
    outer loop
      vertex -1.25534 15.9507 2.2
      vertex -1.88058 15.8891 10.8
      vertex -1.25534 15.9507 10.8
    endloop
  endfacet
  facet normal -0.0980475 0.995182 0
    outer loop
      vertex -1.88058 15.8891 10.8
      vertex -1.25534 15.9507 2.2
      vertex -1.88058 15.8891 2.2
    endloop
  endfacet
  facet normal -0.137039 0.990566 0
    outer loop
      vertex -1.88058 15.8891 2.2
      vertex -2.50294 15.803 10.8
      vertex -1.88058 15.8891 10.8
    endloop
  endfacet
  facet normal -0.137039 0.990566 0
    outer loop
      vertex -2.50294 15.803 10.8
      vertex -1.88058 15.8891 2.2
      vertex -2.50294 15.803 2.2
    endloop
  endfacet
  facet normal -0.175719 0.98444 0
    outer loop
      vertex -2.50294 15.803 2.2
      vertex -3.12144 15.6926 10.8
      vertex -2.50294 15.803 10.8
    endloop
  endfacet
  facet normal -0.175719 0.98444 0
    outer loop
      vertex -3.12144 15.6926 10.8
      vertex -2.50294 15.803 2.2
      vertex -3.12144 15.6926 2.2
    endloop
  endfacet
  facet normal -0.214392 0.976748 0
    outer loop
      vertex -3.12144 15.6926 2.2
      vertex -3.73512 15.5579 10.8
      vertex -3.12144 15.6926 10.8
    endloop
  endfacet
  facet normal -0.214392 0.976748 0
    outer loop
      vertex -3.73512 15.5579 10.8
      vertex -3.12144 15.6926 2.2
      vertex -3.73512 15.5579 2.2
    endloop
  endfacet
  facet normal -0.252444 0.967612 0
    outer loop
      vertex -3.73512 15.5579 2.2
      vertex -4.34303 15.3993 10.8
      vertex -3.73512 15.5579 10.8
    endloop
  endfacet
  facet normal -0.252444 0.967612 0
    outer loop
      vertex -4.34303 15.3993 10.8
      vertex -3.73512 15.5579 2.2
      vertex -4.34303 15.3993 2.2
    endloop
  endfacet
  facet normal -0.290312 0.956932 0
    outer loop
      vertex -4.34303 15.3993 2.2
      vertex -4.94426 15.2169 10.8
      vertex -4.34303 15.3993 10.8
    endloop
  endfacet
  facet normal -0.290312 0.956932 0
    outer loop
      vertex -4.94426 15.2169 10.8
      vertex -4.34303 15.3993 2.2
      vertex -4.94426 15.2169 2.2
    endloop
  endfacet
  facet normal -0.327707 0.944779 0
    outer loop
      vertex -4.94426 15.2169 2.2
      vertex -5.53787 15.011 10.8
      vertex -4.94426 15.2169 10.8
    endloop
  endfacet
  facet normal -0.327707 0.944779 0
    outer loop
      vertex -5.53787 15.011 10.8
      vertex -4.94426 15.2169 2.2
      vertex -5.53787 15.011 2.2
    endloop
  endfacet
  facet normal -0.364354 0.93126 0
    outer loop
      vertex -5.53787 15.011 2.2
      vertex -6.12292 14.7821 10.8
      vertex -5.53787 15.011 10.8
    endloop
  endfacet
  facet normal -0.364354 0.93126 0
    outer loop
      vertex -6.12292 14.7821 10.8
      vertex -5.53787 15.011 2.2
      vertex -6.12292 14.7821 2.2
    endloop
  endfacet
  facet normal -0.400768 0.91618 0
    outer loop
      vertex -6.12292 14.7821 2.2
      vertex -6.69855 14.5303 10.8
      vertex -6.12292 14.7821 10.8
    endloop
  endfacet
  facet normal -0.400768 0.91618 0
    outer loop
      vertex -6.69855 14.5303 10.8
      vertex -6.12292 14.7821 2.2
      vertex -6.69855 14.5303 2.2
    endloop
  endfacet
  facet normal -0.436428 0.899739 0
    outer loop
      vertex -6.69855 14.5303 2.2
      vertex -7.26384 14.2561 10.8
      vertex -6.69855 14.5303 10.8
    endloop
  endfacet
  facet normal -0.436428 0.899739 0
    outer loop
      vertex -7.26384 14.2561 10.8
      vertex -6.69855 14.5303 2.2
      vertex -7.26384 14.2561 2.2
    endloop
  endfacet
  facet normal -0.471437 0.8819 0
    outer loop
      vertex -7.26384 14.2561 2.2
      vertex -7.81793 13.9599 10.8
      vertex -7.26384 14.2561 10.8
    endloop
  endfacet
  facet normal -0.471437 0.8819 0
    outer loop
      vertex -7.81793 13.9599 10.8
      vertex -7.26384 14.2561 2.2
      vertex -7.81793 13.9599 2.2
    endloop
  endfacet
  facet normal -0.505663 0.862731 0
    outer loop
      vertex -7.81793 13.9599 2.2
      vertex -8.35997 13.6422 10.8
      vertex -7.81793 13.9599 10.8
    endloop
  endfacet
  facet normal -0.505663 0.862731 0
    outer loop
      vertex -8.35997 13.6422 10.8
      vertex -7.81793 13.9599 2.2
      vertex -8.35997 13.6422 2.2
    endloop
  endfacet
  facet normal -0.539111 0.842235 0
    outer loop
      vertex -8.35997 13.6422 2.2
      vertex -8.88911 13.3035 10.8
      vertex -8.35997 13.6422 10.8
    endloop
  endfacet
  facet normal -0.539111 0.842235 0
    outer loop
      vertex -8.88911 13.3035 10.8
      vertex -8.35997 13.6422 2.2
      vertex -8.88911 13.3035 2.2
    endloop
  endfacet
  facet normal -0.571736 0.820438 0
    outer loop
      vertex -8.88911 13.3035 2.2
      vertex -9.40456 12.9443 10.8
      vertex -8.88911 13.3035 10.8
    endloop
  endfacet
  facet normal -0.571736 0.820438 0
    outer loop
      vertex -9.40456 12.9443 10.8
      vertex -8.88911 13.3035 2.2
      vertex -9.40456 12.9443 2.2
    endloop
  endfacet
  facet normal -0.603554 0.797322 0
    outer loop
      vertex -9.40456 12.9443 2.2
      vertex -9.9055 12.5651 10.8
      vertex -9.40456 12.9443 10.8
    endloop
  endfacet
  facet normal -0.603554 0.797322 0
    outer loop
      vertex -9.9055 12.5651 10.8
      vertex -9.40456 12.9443 2.2
      vertex -9.9055 12.5651 2.2
    endloop
  endfacet
  facet normal -0.63439 0.773013 0
    outer loop
      vertex -9.9055 12.5651 2.2
      vertex -10.3912 12.1665 10.8
      vertex -9.9055 12.5651 10.8
    endloop
  endfacet
  facet normal -0.63439 0.773013 0
    outer loop
      vertex -10.3912 12.1665 10.8
      vertex -9.9055 12.5651 2.2
      vertex -10.3912 12.1665 2.2
    endloop
  endfacet
  facet normal -0.664344 0.747427 0
    outer loop
      vertex -10.3912 12.1665 2.2
      vertex -10.8608 11.7491 10.8
      vertex -10.3912 12.1665 10.8
    endloop
  endfacet
  facet normal -0.664344 0.747427 0
    outer loop
      vertex -10.8608 11.7491 10.8
      vertex -10.3912 12.1665 2.2
      vertex -10.8608 11.7491 2.2
    endloop
  endfacet
  facet normal -0.693042 0.720897 0
    outer loop
      vertex -10.8608 11.7491 2.2
      vertex -11.3137 11.3137 10.8
      vertex -10.8608 11.7491 10.8
    endloop
  endfacet
  facet normal -0.693042 0.720897 0
    outer loop
      vertex -11.3137 11.3137 10.8
      vertex -10.8608 11.7491 2.2
      vertex -11.3137 11.3137 2.2
    endloop
  endfacet
  facet normal -0.720897 0.693042 0
    outer loop
      vertex -11.7491 10.8608 2.2
      vertex -11.3137 11.3137 10.8
      vertex -11.3137 11.3137 2.2
    endloop
  endfacet
  facet normal -0.720897 0.693042 0
    outer loop
      vertex -11.3137 11.3137 10.8
      vertex -11.7491 10.8608 2.2
      vertex -11.7491 10.8608 10.8
    endloop
  endfacet
  facet normal -0.747427 0.664344 0
    outer loop
      vertex -12.1665 10.3912 2.2
      vertex -11.7491 10.8608 10.8
      vertex -11.7491 10.8608 2.2
    endloop
  endfacet
  facet normal -0.747427 0.664344 0
    outer loop
      vertex -11.7491 10.8608 10.8
      vertex -12.1665 10.3912 2.2
      vertex -12.1665 10.3912 10.8
    endloop
  endfacet
  facet normal -0.773013 0.63439 0
    outer loop
      vertex -12.5651 9.9055 2.2
      vertex -12.1665 10.3912 10.8
      vertex -12.1665 10.3912 2.2
    endloop
  endfacet
  facet normal -0.773013 0.63439 0
    outer loop
      vertex -12.1665 10.3912 10.8
      vertex -12.5651 9.9055 2.2
      vertex -12.5651 9.9055 10.8
    endloop
  endfacet
  facet normal -0.797322 0.603554 0
    outer loop
      vertex -12.9443 9.40456 2.2
      vertex -12.5651 9.9055 10.8
      vertex -12.5651 9.9055 2.2
    endloop
  endfacet
  facet normal -0.797322 0.603554 0
    outer loop
      vertex -12.5651 9.9055 10.8
      vertex -12.9443 9.40456 2.2
      vertex -12.9443 9.40456 10.8
    endloop
  endfacet
  facet normal -0.820438 0.571736 0
    outer loop
      vertex -13.3035 8.88911 2.2
      vertex -12.9443 9.40456 10.8
      vertex -12.9443 9.40456 2.2
    endloop
  endfacet
  facet normal -0.820438 0.571736 0
    outer loop
      vertex -12.9443 9.40456 10.8
      vertex -13.3035 8.88911 2.2
      vertex -13.3035 8.88911 10.8
    endloop
  endfacet
  facet normal -0.842235 0.539111 0
    outer loop
      vertex -13.6422 8.35997 2.2
      vertex -13.3035 8.88911 10.8
      vertex -13.3035 8.88911 2.2
    endloop
  endfacet
  facet normal -0.842235 0.539111 0
    outer loop
      vertex -13.3035 8.88911 10.8
      vertex -13.6422 8.35997 2.2
      vertex -13.6422 8.35997 10.8
    endloop
  endfacet
  facet normal -0.862731 0.505663 0
    outer loop
      vertex -13.9599 7.81793 2.2
      vertex -13.6422 8.35997 10.8
      vertex -13.6422 8.35997 2.2
    endloop
  endfacet
  facet normal -0.862731 0.505663 0
    outer loop
      vertex -13.6422 8.35997 10.8
      vertex -13.9599 7.81793 2.2
      vertex -13.9599 7.81793 10.8
    endloop
  endfacet
  facet normal -0.8819 0.471437 0
    outer loop
      vertex -14.2561 7.26384 2.2
      vertex -13.9599 7.81793 10.8
      vertex -13.9599 7.81793 2.2
    endloop
  endfacet
  facet normal -0.8819 0.471437 0
    outer loop
      vertex -13.9599 7.81793 10.8
      vertex -14.2561 7.26384 2.2
      vertex -14.2561 7.26384 10.8
    endloop
  endfacet
  facet normal -0.899739 0.436428 0
    outer loop
      vertex -14.5303 6.69855 2.2
      vertex -14.2561 7.26384 10.8
      vertex -14.2561 7.26384 2.2
    endloop
  endfacet
  facet normal -0.899739 0.436428 0
    outer loop
      vertex -14.2561 7.26384 10.8
      vertex -14.5303 6.69855 2.2
      vertex -14.5303 6.69855 10.8
    endloop
  endfacet
  facet normal -0.91618 0.400768 0
    outer loop
      vertex -14.7821 6.12292 2.2
      vertex -14.5303 6.69855 10.8
      vertex -14.5303 6.69855 2.2
    endloop
  endfacet
  facet normal -0.91618 0.400768 0
    outer loop
      vertex -14.5303 6.69855 10.8
      vertex -14.7821 6.12292 2.2
      vertex -14.7821 6.12292 10.8
    endloop
  endfacet
  facet normal -0.93126 0.364354 0
    outer loop
      vertex -15.011 5.53787 2.2
      vertex -14.7821 6.12292 10.8
      vertex -14.7821 6.12292 2.2
    endloop
  endfacet
  facet normal -0.93126 0.364354 0
    outer loop
      vertex -14.7821 6.12292 10.8
      vertex -15.011 5.53787 2.2
      vertex -15.011 5.53787 10.8
    endloop
  endfacet
  facet normal -0.944779 0.327707 0
    outer loop
      vertex -15.2169 4.94426 2.2
      vertex -15.011 5.53787 10.8
      vertex -15.011 5.53787 2.2
    endloop
  endfacet
  facet normal -0.944779 0.327707 0
    outer loop
      vertex -15.011 5.53787 10.8
      vertex -15.2169 4.94426 2.2
      vertex -15.2169 4.94426 10.8
    endloop
  endfacet
  facet normal -0.956932 0.290312 0
    outer loop
      vertex -15.3993 4.34303 2.2
      vertex -15.2169 4.94426 10.8
      vertex -15.2169 4.94426 2.2
    endloop
  endfacet
  facet normal -0.956932 0.290312 0
    outer loop
      vertex -15.2169 4.94426 10.8
      vertex -15.3993 4.34303 2.2
      vertex -15.3993 4.34303 10.8
    endloop
  endfacet
  facet normal -0.967612 0.252444 0
    outer loop
      vertex -15.5579 3.73512 2.2
      vertex -15.3993 4.34303 10.8
      vertex -15.3993 4.34303 2.2
    endloop
  endfacet
  facet normal -0.967612 0.252444 0
    outer loop
      vertex -15.3993 4.34303 10.8
      vertex -15.5579 3.73512 2.2
      vertex -15.5579 3.73512 10.8
    endloop
  endfacet
  facet normal -0.976748 0.214392 0
    outer loop
      vertex -15.6926 3.12144 2.2
      vertex -15.5579 3.73512 10.8
      vertex -15.5579 3.73512 2.2
    endloop
  endfacet
  facet normal -0.976748 0.214392 0
    outer loop
      vertex -15.5579 3.73512 10.8
      vertex -15.6926 3.12144 2.2
      vertex -15.6926 3.12144 10.8
    endloop
  endfacet
  facet normal -0.98444 0.175719 0
    outer loop
      vertex -15.803 2.50294 2.2
      vertex -15.6926 3.12144 10.8
      vertex -15.6926 3.12144 2.2
    endloop
  endfacet
  facet normal -0.98444 0.175719 0
    outer loop
      vertex -15.6926 3.12144 10.8
      vertex -15.803 2.50294 2.2
      vertex -15.803 2.50294 10.8
    endloop
  endfacet
  facet normal -0.990566 0.137039 0
    outer loop
      vertex -15.8891 1.88058 2.2
      vertex -15.803 2.50294 10.8
      vertex -15.803 2.50294 2.2
    endloop
  endfacet
  facet normal -0.990566 0.137039 0
    outer loop
      vertex -15.803 2.50294 10.8
      vertex -15.8891 1.88058 2.2
      vertex -15.8891 1.88058 10.8
    endloop
  endfacet
  facet normal -0.995182 0.0980475 0
    outer loop
      vertex -15.9507 1.25534 2.2
      vertex -15.8891 1.88058 10.8
      vertex -15.8891 1.88058 2.2
    endloop
  endfacet
  facet normal -0.995182 0.0980475 0
    outer loop
      vertex -15.8891 1.88058 10.8
      vertex -15.9507 1.25534 2.2
      vertex -15.9507 1.25534 10.8
    endloop
  endfacet
  facet normal -0.998264 0.0588902 0
    outer loop
      vertex -15.9877 0.628143 2.2
      vertex -15.9507 1.25534 10.8
      vertex -15.9507 1.25534 2.2
    endloop
  endfacet
  facet normal -0.998264 0.0588902 0
    outer loop
      vertex -15.9507 1.25534 10.8
      vertex -15.9877 0.628143 2.2
      vertex -15.9877 0.628143 10.8
    endloop
  endfacet
  facet normal -0.999812 0.0193651 0
    outer loop
      vertex -15.9902 0.499069 2.2
      vertex -15.9877 0.628143 10.8
      vertex -15.9877 0.628143 2.2
    endloop
  endfacet
  facet normal -0.999812 0.0193651 0
    outer loop
      vertex -15.9877 0.628143 10.8
      vertex -15.9902 0.499069 2.2
      vertex -15.9902 0.499069 10.8
    endloop
  endfacet
  facet normal -0.231485 0.972839 0
    outer loop
      vertex -15.9902 0.499069 2.2
      vertex -23.9585 -1.39697 10.8
      vertex -15.9902 0.499069 10.8
    endloop
  endfacet
  facet normal -0.231485 0.972839 0
    outer loop
      vertex -23.9585 -1.39697 10.8
      vertex -15.9902 0.499069 2.2
      vertex -23.9585 -1.39697 2.2
    endloop
  endfacet
  facet normal 0.998143 0.0609185 0
    outer loop
      vertex -23.9585 -1.39697 10.8
      vertex -23.9671 -1.25606 2.2
      vertex -23.9671 -1.25606 10.8
    endloop
  endfacet
  facet normal 0.998143 0.0609185 0
    outer loop
      vertex -23.9671 -1.25606 2.2
      vertex -23.9585 -1.39697 10.8
      vertex -23.9585 -1.39697 2.2
    endloop
  endfacet
  facet normal 0.999045 0.0436885 0
    outer loop
      vertex -23.9671 -1.25606 10.8
      vertex -23.9854 -0.837585 2.2
      vertex -23.9854 -0.837585 10.8
    endloop
  endfacet
  facet normal 0.999045 0.0436885 0
    outer loop
      vertex -23.9854 -0.837585 2.2
      vertex -23.9671 -1.25606 10.8
      vertex -23.9671 -1.25606 2.2
    endloop
  endfacet
  facet normal 0.999661 0.0260222 0
    outer loop
      vertex -23.9854 -0.837585 10.8
      vertex -23.9963 -0.418854 2.2
      vertex -23.9963 -0.418854 10.8
    endloop
  endfacet
  facet normal 0.999661 0.0260222 0
    outer loop
      vertex -23.9963 -0.418854 2.2
      vertex -23.9854 -0.837585 10.8
      vertex -23.9854 -0.837585 2.2
    endloop
  endfacet
  facet normal 0.999961 0.00883328 0
    outer loop
      vertex -23.9963 -0.418854 10.8
      vertex -24 0 2.2
      vertex -24 0 10.8
    endloop
  endfacet
  facet normal 0.999961 0.00883328 0
    outer loop
      vertex -24 0 2.2
      vertex -23.9963 -0.418854 10.8
      vertex -23.9963 -0.418854 2.2
    endloop
  endfacet
  facet normal 0.999961 -0.0088336 0
    outer loop
      vertex -24 0 10.8
      vertex -23.9963 0.418839 2.2
      vertex -23.9963 0.418839 10.8
    endloop
  endfacet
  facet normal 0.999961 -0.0088336 0
    outer loop
      vertex -23.9963 0.418839 2.2
      vertex -24 0 10.8
      vertex -24 0 2.2
    endloop
  endfacet
  facet normal 0.999661 -0.0260222 0
    outer loop
      vertex -23.9963 0.418839 10.8
      vertex -23.9854 0.83757 2.2
      vertex -23.9854 0.83757 10.8
    endloop
  endfacet
  facet normal 0.999661 -0.0260222 0
    outer loop
      vertex -23.9854 0.83757 2.2
      vertex -23.9963 0.418839 10.8
      vertex -23.9963 0.418839 2.2
    endloop
  endfacet
  facet normal 0.999045 -0.0436869 0
    outer loop
      vertex -23.9854 0.83757 10.8
      vertex -23.9671 1.25606 2.2
      vertex -23.9671 1.25606 10.8
    endloop
  endfacet
  facet normal 0.999045 -0.0436869 0
    outer loop
      vertex -23.9671 1.25606 2.2
      vertex -23.9854 0.83757 10.8
      vertex -23.9854 0.83757 2.2
    endloop
  endfacet
  facet normal 0.998131 -0.0611164 0
    outer loop
      vertex -23.9671 1.25606 10.8
      vertex -23.9415 1.67415 2.2
      vertex -23.9415 1.67415 10.8
    endloop
  endfacet
  facet normal 0.998131 -0.0611164 0
    outer loop
      vertex -23.9415 1.67415 2.2
      vertex -23.9671 1.25606 10.8
      vertex -23.9671 1.25606 2.2
    endloop
  endfacet
  facet normal 0.996911 -0.0785458 0
    outer loop
      vertex -23.9415 1.67415 10.8
      vertex -23.9086 2.09172 2.2
      vertex -23.9086 2.09172 10.8
    endloop
  endfacet
  facet normal 0.996911 -0.0785458 0
    outer loop
      vertex -23.9086 2.09172 2.2
      vertex -23.9415 1.67415 10.8
      vertex -23.9415 1.67415 2.2
    endloop
  endfacet
  facet normal 0.995407 -0.0957306 0
    outer loop
      vertex -23.9086 2.09172 10.8
      vertex -23.8685 2.50868 2.2
      vertex -23.8685 2.50868 10.8
    endloop
  endfacet
  facet normal 0.995407 -0.0957306 0
    outer loop
      vertex -23.8685 2.50868 2.2
      vertex -23.9086 2.09172 10.8
      vertex -23.9086 2.09172 2.2
    endloop
  endfacet
  facet normal 0.993576 -0.113164 0
    outer loop
      vertex -23.8685 2.50868 10.8
      vertex -23.8211 2.92485 2.2
      vertex -23.8211 2.92485 10.8
    endloop
  endfacet
  facet normal 0.993576 -0.113164 0
    outer loop
      vertex -23.8211 2.92485 2.2
      vertex -23.8685 2.50868 10.8
      vertex -23.8685 2.50868 2.2
    endloop
  endfacet
  facet normal 0.991437 -0.130584 0
    outer loop
      vertex -23.8211 2.92485 10.8
      vertex -23.7664 3.34015 2.2
      vertex -23.7664 3.34015 10.8
    endloop
  endfacet
  facet normal 0.991437 -0.130584 0
    outer loop
      vertex -23.7664 3.34015 2.2
      vertex -23.8211 2.92485 10.8
      vertex -23.8211 2.92485 2.2
    endloop
  endfacet
  facet normal 0.989021 -0.147775 0
    outer loop
      vertex -23.7664 3.34015 10.8
      vertex -23.7045 3.75443 2.2
      vertex -23.7045 3.75443 10.8
    endloop
  endfacet
  facet normal 0.989021 -0.147775 0
    outer loop
      vertex -23.7045 3.75443 2.2
      vertex -23.7664 3.34015 10.8
      vertex -23.7664 3.34015 2.2
    endloop
  endfacet
  facet normal 0.986298 -0.164976 0
    outer loop
      vertex -23.7045 3.75443 10.8
      vertex -23.6354 4.16754 2.2
      vertex -23.6354 4.16754 10.8
    endloop
  endfacet
  facet normal 0.986298 -0.164976 0
    outer loop
      vertex -23.6354 4.16754 2.2
      vertex -23.7045 3.75443 10.8
      vertex -23.7045 3.75443 2.2
    endloop
  endfacet
  facet normal 0.983227 -0.182384 0
    outer loop
      vertex -23.6354 4.16754 10.8
      vertex -23.559 4.57941 2.2
      vertex -23.559 4.57941 10.8
    endloop
  endfacet
  facet normal 0.983227 -0.182384 0
    outer loop
      vertex -23.559 4.57941 2.2
      vertex -23.6354 4.16754 10.8
      vertex -23.6354 4.16754 2.2
    endloop
  endfacet
  facet normal 0.979929 -0.199347 0
    outer loop
      vertex -23.559 4.57941 10.8
      vertex -23.4755 4.98987 2.2
      vertex -23.4755 4.98987 10.8
    endloop
  endfacet
  facet normal 0.979929 -0.199347 0
    outer loop
      vertex -23.4755 4.98987 2.2
      vertex -23.559 4.57941 10.8
      vertex -23.559 4.57941 2.2
    endloop
  endfacet
  facet normal 0.976327 -0.216298 0
    outer loop
      vertex -23.4755 4.98987 10.8
      vertex -23.3849 5.39882 2.2
      vertex -23.3849 5.39882 10.8
    endloop
  endfacet
  facet normal 0.976327 -0.216298 0
    outer loop
      vertex -23.3849 5.39882 2.2
      vertex -23.4755 4.98987 10.8
      vertex -23.4755 4.98987 2.2
    endloop
  endfacet
  facet normal 0.972361 -0.233481 0
    outer loop
      vertex -23.3849 5.39882 10.8
      vertex -23.2871 5.80612 2.2
      vertex -23.2871 5.80612 10.8
    endloop
  endfacet
  facet normal 0.972361 -0.233481 0
    outer loop
      vertex -23.2871 5.80612 2.2
      vertex -23.3849 5.39882 10.8
      vertex -23.3849 5.39882 2.2
    endloop
  endfacet
  facet normal 0.968133 -0.250437 0
    outer loop
      vertex -23.2871 5.80612 10.8
      vertex -23.1822 6.21164 2.2
      vertex -23.1822 6.21164 10.8
    endloop
  endfacet
  facet normal 0.968133 -0.250437 0
    outer loop
      vertex -23.1822 6.21164 2.2
      vertex -23.2871 5.80612 10.8
      vertex -23.2871 5.80612 2.2
    endloop
  endfacet
  facet normal 0.963655 -0.267151 0
    outer loop
      vertex -23.1822 6.21164 10.8
      vertex -23.0703 6.61528 2.2
      vertex -23.0703 6.61528 10.8
    endloop
  endfacet
  facet normal 0.963655 -0.267151 0
    outer loop
      vertex -23.0703 6.61528 2.2
      vertex -23.1822 6.21164 10.8
      vertex -23.1822 6.21164 2.2
    endloop
  endfacet
  facet normal 0.958799 -0.284085 0
    outer loop
      vertex -23.0703 6.61528 10.8
      vertex -22.9513 7.01691 2.2
      vertex -22.9513 7.01691 10.8
    endloop
  endfacet
  facet normal 0.958799 -0.284085 0
    outer loop
      vertex -22.9513 7.01691 2.2
      vertex -23.0703 6.61528 10.8
      vertex -23.0703 6.61528 2.2
    endloop
  endfacet
  facet normal 0.953689 -0.300795 0
    outer loop
      vertex -22.9513 7.01691 10.8
      vertex -22.8253 7.4164 2.2
      vertex -22.8253 7.4164 10.8
    endloop
  endfacet
  facet normal 0.953689 -0.300795 0
    outer loop
      vertex -22.8253 7.4164 2.2
      vertex -22.9513 7.01691 10.8
      vertex -22.9513 7.01691 2.2
    endloop
  endfacet
  facet normal 0.948332 -0.31728 0
    outer loop
      vertex -22.8253 7.4164 10.8
      vertex -22.6924 7.81363 2.2
      vertex -22.6924 7.81363 10.8
    endloop
  endfacet
  facet normal 0.948332 -0.31728 0
    outer loop
      vertex -22.6924 7.81363 2.2
      vertex -22.8253 7.4164 10.8
      vertex -22.8253 7.4164 2.2
    endloop
  endfacet
  facet normal 0.942657 -0.333764 0
    outer loop
      vertex -22.6924 7.81363 10.8
      vertex -22.5526 8.20847 2.2
      vertex -22.5526 8.20847 10.8
    endloop
  endfacet
  facet normal 0.942657 -0.333764 0
    outer loop
      vertex -22.5526 8.20847 2.2
      vertex -22.6924 7.81363 10.8
      vertex -22.6924 7.81363 2.2
    endloop
  endfacet
  facet normal 0.936664 -0.350229 0
    outer loop
      vertex -22.5526 8.20847 10.8
      vertex -22.4059 8.60081 2.2
      vertex -22.4059 8.60081 10.8
    endloop
  endfacet
  facet normal 0.936664 -0.350229 0
    outer loop
      vertex -22.4059 8.60081 2.2
      vertex -22.5526 8.20847 10.8
      vertex -22.5526 8.20847 2.2
    endloop
  endfacet
  facet normal 0.930433 -0.366463 0
    outer loop
      vertex -22.4059 8.60081 10.8
      vertex -22.2524 8.99054 2.2
      vertex -22.2524 8.99054 10.8
    endloop
  endfacet
  facet normal 0.930433 -0.366463 0
    outer loop
      vertex -22.2524 8.99054 2.2
      vertex -22.4059 8.60081 10.8
      vertex -22.4059 8.60081 2.2
    endloop
  endfacet
  facet normal 0.923877 -0.382691 0
    outer loop
      vertex -22.2524 8.99054 10.8
      vertex -22.0921 9.37753 2.2
      vertex -22.0921 9.37753 10.8
    endloop
  endfacet
  facet normal 0.923877 -0.382691 0
    outer loop
      vertex -22.0921 9.37753 2.2
      vertex -22.2524 8.99054 10.8
      vertex -22.2524 8.99054 2.2
    endloop
  endfacet
  facet normal 0.917081 -0.3987 0
    outer loop
      vertex -22.0921 9.37753 10.8
      vertex -21.9251 9.76166 2.2
      vertex -21.9251 9.76166 10.8
    endloop
  endfacet
  facet normal 0.917081 -0.3987 0
    outer loop
      vertex -21.9251 9.76166 2.2
      vertex -22.0921 9.37753 10.8
      vertex -22.0921 9.37753 2.2
    endloop
  endfacet
  facet normal 0.909957 -0.414702 0
    outer loop
      vertex -21.9251 9.76166 10.8
      vertex -21.7514 10.1428 2.2
      vertex -21.7514 10.1428 10.8
    endloop
  endfacet
  facet normal 0.909957 -0.414702 0
    outer loop
      vertex -21.7514 10.1428 2.2
      vertex -21.9251 9.76166 10.8
      vertex -21.9251 9.76166 2.2
    endloop
  endfacet
  facet normal 0.902534 -0.430619 0
    outer loop
      vertex -21.7514 10.1428 10.8
      vertex -21.571 10.5209 2.2
      vertex -21.571 10.5209 10.8
    endloop
  endfacet
  facet normal 0.902534 -0.430619 0
    outer loop
      vertex -21.571 10.5209 2.2
      vertex -21.7514 10.1428 10.8
      vertex -21.7514 10.1428 2.2
    endloop
  endfacet
  facet normal 0.894952 -0.446163 0
    outer loop
      vertex -21.571 10.5209 10.8
      vertex -21.3841 10.8958 2.2
      vertex -21.3841 10.8958 10.8
    endloop
  endfacet
  facet normal 0.894952 -0.446163 0
    outer loop
      vertex -21.3841 10.8958 2.2
      vertex -21.571 10.5209 10.8
      vertex -21.571 10.5209 2.2
    endloop
  endfacet
  facet normal 0.887002 -0.461766 0
    outer loop
      vertex -21.3841 10.8958 10.8
      vertex -21.1907 11.2673 2.2
      vertex -21.1907 11.2673 10.8
    endloop
  endfacet
  facet normal 0.887002 -0.461766 0
    outer loop
      vertex -21.1907 11.2673 2.2
      vertex -21.3841 10.8958 10.8
      vertex -21.3841 10.8958 2.2
    endloop
  endfacet
  facet normal 0.878779 -0.477229 0
    outer loop
      vertex -21.1907 11.2673 10.8
      vertex -20.9908 11.6354 2.2
      vertex -20.9908 11.6354 10.8
    endloop
  endfacet
  facet normal 0.878779 -0.477229 0
    outer loop
      vertex -20.9908 11.6354 2.2
      vertex -21.1907 11.2673 10.8
      vertex -21.1907 11.2673 2.2
    endloop
  endfacet
  facet normal 0.870438 -0.492278 0
    outer loop
      vertex -20.9908 11.6354 10.8
      vertex -20.7846 12 2.2
      vertex -20.7846 12 10.8
    endloop
  endfacet
  facet normal 0.870438 -0.492278 0
    outer loop
      vertex -20.7846 12 2.2
      vertex -20.9908 11.6354 10.8
      vertex -20.9908 11.6354 2.2
    endloop
  endfacet
  facet normal 0.861615 -0.507563 0
    outer loop
      vertex -20.7846 12 10.8
      vertex -20.572 12.3609 2.2
      vertex -20.572 12.3609 10.8
    endloop
  endfacet
  facet normal 0.861615 -0.507563 0
    outer loop
      vertex -20.572 12.3609 2.2
      vertex -20.7846 12 10.8
      vertex -20.7846 12 2.2
    endloop
  endfacet
  facet normal 0.852567 -0.522618 0
    outer loop
      vertex -20.572 12.3609 10.8
      vertex -20.3531 12.718 2.2
      vertex -20.3531 12.718 10.8
    endloop
  endfacet
  facet normal 0.852567 -0.522618 0
    outer loop
      vertex -20.3531 12.718 2.2
      vertex -20.572 12.3609 10.8
      vertex -20.572 12.3609 2.2
    endloop
  endfacet
  facet normal 0.843475 -0.537169 0
    outer loop
      vertex -20.3531 12.718 10.8
      vertex -20.1281 13.0713 2.2
      vertex -20.1281 13.0713 10.8
    endloop
  endfacet
  facet normal 0.843475 -0.537169 0
    outer loop
      vertex -20.1281 13.0713 2.2
      vertex -20.3531 12.718 10.8
      vertex -20.3531 12.718 2.2
    endloop
  endfacet
  facet normal 0.833882 -0.551943 0
    outer loop
      vertex -20.1281 13.0713 10.8
      vertex -19.8969 13.4206 2.2
      vertex -19.8969 13.4206 10.8
    endloop
  endfacet
  facet normal 0.833882 -0.551943 0
    outer loop
      vertex -19.8969 13.4206 2.2
      vertex -20.1281 13.0713 10.8
      vertex -20.1281 13.0713 2.2
    endloop
  endfacet
  facet normal 0.82407 -0.566488 0
    outer loop
      vertex -19.8969 13.4206 10.8
      vertex -19.6596 13.7658 2.2
      vertex -19.6596 13.7658 10.8
    endloop
  endfacet
  facet normal 0.82407 -0.566488 0
    outer loop
      vertex -19.6596 13.7658 2.2
      vertex -19.8969 13.4206 10.8
      vertex -19.8969 13.4206 2.2
    endloop
  endfacet
  facet normal 0.814153 -0.580651 0
    outer loop
      vertex -19.6596 13.7658 10.8
      vertex -19.4164 14.1068 2.2
      vertex -19.4164 14.1068 10.8
    endloop
  endfacet
  facet normal 0.814153 -0.580651 0
    outer loop
      vertex -19.4164 14.1068 2.2
      vertex -19.6596 13.7658 10.8
      vertex -19.6596 13.7658 2.2
    endloop
  endfacet
  facet normal 0.803794 -0.594908 0
    outer loop
      vertex -19.4164 14.1068 10.8
      vertex -19.1672 14.4435 2.2
      vertex -19.1672 14.4435 10.8
    endloop
  endfacet
  facet normal 0.803794 -0.594908 0
    outer loop
      vertex -19.1672 14.4435 2.2
      vertex -19.4164 14.1068 10.8
      vertex -19.4164 14.1068 2.2
    endloop
  endfacet
  facet normal 0.793422 -0.608672 0
    outer loop
      vertex -19.1672 14.4435 10.8
      vertex -18.9122 14.7759 2.2
      vertex -18.9122 14.7759 10.8
    endloop
  endfacet
  facet normal 0.793422 -0.608672 0
    outer loop
      vertex -18.9122 14.7759 2.2
      vertex -19.1672 14.4435 10.8
      vertex -19.1672 14.4435 2.2
    endloop
  endfacet
  facet normal 0.782659 -0.62245 0
    outer loop
      vertex -18.9122 14.7759 10.8
      vertex -18.6515 15.1037 2.2
      vertex -18.6515 15.1037 10.8
    endloop
  endfacet
  facet normal 0.782659 -0.62245 0
    outer loop
      vertex -18.6515 15.1037 2.2
      vertex -18.9122 14.7759 10.8
      vertex -18.9122 14.7759 2.2
    endloop
  endfacet
  facet normal 0.771654 -0.636042 0
    outer loop
      vertex -18.6515 15.1037 10.8
      vertex -18.3851 15.4269 2.2
      vertex -18.3851 15.4269 10.8
    endloop
  endfacet
  facet normal 0.771654 -0.636042 0
    outer loop
      vertex -18.3851 15.4269 2.2
      vertex -18.6515 15.1037 10.8
      vertex -18.6515 15.1037 2.2
    endloop
  endfacet
  facet normal 0.760317 -0.649552 0
    outer loop
      vertex -18.3851 15.4269 10.8
      vertex -18.113 15.7454 2.2
      vertex -18.113 15.7454 10.8
    endloop
  endfacet
  facet normal 0.760317 -0.649552 0
    outer loop
      vertex -18.113 15.7454 2.2
      vertex -18.3851 15.4269 10.8
      vertex -18.3851 15.4269 2.2
    endloop
  endfacet
  facet normal 0.748883 -0.662703 0
    outer loop
      vertex -18.113 15.7454 10.8
      vertex -17.8354 16.0591 2.2
      vertex -17.8354 16.0591 10.8
    endloop
  endfacet
  facet normal 0.748883 -0.662703 0
    outer loop
      vertex -17.8354 16.0591 2.2
      vertex -18.113 15.7454 10.8
      vertex -18.113 15.7454 2.2
    endloop
  endfacet
  facet normal 0.737461 -0.675389 0
    outer loop
      vertex -17.8354 16.0591 10.8
      vertex -17.5525 16.368 2.2
      vertex -17.5525 16.368 10.8
    endloop
  endfacet
  facet normal 0.737461 -0.675389 0
    outer loop
      vertex -17.5525 16.368 2.2
      vertex -17.8354 16.0591 10.8
      vertex -17.8354 16.0591 2.2
    endloop
  endfacet
  facet normal 0.72525 -0.688486 0
    outer loop
      vertex -17.5525 16.368 10.8
      vertex -17.2641 16.6718 2.2
      vertex -17.2641 16.6718 10.8
    endloop
  endfacet
  facet normal 0.72525 -0.688486 0
    outer loop
      vertex -17.2641 16.6718 2.2
      vertex -17.5525 16.368 10.8
      vertex -17.5525 16.368 2.2
    endloop
  endfacet
  facet normal 0.713406 -0.700751 0
    outer loop
      vertex -17.2641 16.6718 10.8
      vertex -16.9706 16.9706 2.2
      vertex -16.9706 16.9706 10.8
    endloop
  endfacet
  facet normal 0.713406 -0.700751 0
    outer loop
      vertex -16.9706 16.9706 2.2
      vertex -17.2641 16.6718 10.8
      vertex -17.2641 16.6718 2.2
    endloop
  endfacet
  facet normal 0.700751 -0.713406 0
    outer loop
      vertex -16.9706 16.9706 2.2
      vertex -16.6718 17.2641 10.8
      vertex -16.9706 16.9706 10.8
    endloop
  endfacet
  facet normal 0.700751 -0.713406 0
    outer loop
      vertex -16.6718 17.2641 10.8
      vertex -16.9706 16.9706 2.2
      vertex -16.6718 17.2641 2.2
    endloop
  endfacet
  facet normal 0.688486 -0.72525 0
    outer loop
      vertex -16.6718 17.2641 2.2
      vertex -16.368 17.5525 10.8
      vertex -16.6718 17.2641 10.8
    endloop
  endfacet
  facet normal 0.688486 -0.72525 0
    outer loop
      vertex -16.368 17.5525 10.8
      vertex -16.6718 17.2641 2.2
      vertex -16.368 17.5525 2.2
    endloop
  endfacet
  facet normal 0.675519 -0.737342 0
    outer loop
      vertex -16.368 17.5525 2.2
      vertex -16.0591 17.8355 10.8
      vertex -16.368 17.5525 10.8
    endloop
  endfacet
  facet normal 0.675519 -0.737342 0
    outer loop
      vertex -16.0591 17.8355 10.8
      vertex -16.368 17.5525 2.2
      vertex -16.0591 17.8355 2.2
    endloop
  endfacet
  facet normal 0.662569 -0.749001 0
    outer loop
      vertex -16.0591 17.8355 2.2
      vertex -15.7454 18.113 10.8
      vertex -16.0591 17.8355 10.8
    endloop
  endfacet
  facet normal 0.662569 -0.749001 0
    outer loop
      vertex -15.7454 18.113 10.8
      vertex -16.0591 17.8355 2.2
      vertex -15.7454 18.113 2.2
    endloop
  endfacet
  facet normal 0.649552 -0.760317 0
    outer loop
      vertex -15.7454 18.113 2.2
      vertex -15.4269 18.3851 10.8
      vertex -15.7454 18.113 10.8
    endloop
  endfacet
  facet normal 0.649552 -0.760317 0
    outer loop
      vertex -15.4269 18.3851 10.8
      vertex -15.7454 18.113 2.2
      vertex -15.4269 18.3851 2.2
    endloop
  endfacet
  facet normal 0.636042 -0.771654 0
    outer loop
      vertex -15.4269 18.3851 2.2
      vertex -15.1037 18.6515 10.8
      vertex -15.4269 18.3851 10.8
    endloop
  endfacet
  facet normal 0.636042 -0.771654 0
    outer loop
      vertex -15.1037 18.6515 10.8
      vertex -15.4269 18.3851 2.2
      vertex -15.1037 18.6515 2.2
    endloop
  endfacet
  facet normal 0.622334 -0.782752 0
    outer loop
      vertex -15.1037 18.6515 2.2
      vertex -14.7758 18.9122 10.8
      vertex -15.1037 18.6515 10.8
    endloop
  endfacet
  facet normal 0.622334 -0.782752 0
    outer loop
      vertex -14.7758 18.9122 10.8
      vertex -15.1037 18.6515 2.2
      vertex -14.7758 18.9122 2.2
    endloop
  endfacet
  facet normal 0.608938 -0.793218 0
    outer loop
      vertex -14.7758 18.9122 2.2
      vertex -14.4435 19.1673 10.8
      vertex -14.7758 18.9122 10.8
    endloop
  endfacet
  facet normal 0.608938 -0.793218 0
    outer loop
      vertex -14.4435 19.1673 10.8
      vertex -14.7758 18.9122 2.2
      vertex -14.4435 19.1673 2.2
    endloop
  endfacet
  facet normal 0.594754 -0.803908 0
    outer loop
      vertex -14.4435 19.1673 2.2
      vertex -14.1068 19.4164 10.8
      vertex -14.4435 19.1673 10.8
    endloop
  endfacet
  facet normal 0.594754 -0.803908 0
    outer loop
      vertex -14.1068 19.4164 10.8
      vertex -14.4435 19.1673 2.2
      vertex -14.1068 19.4164 2.2
    endloop
  endfacet
  facet normal 0.580651 -0.814153 0
    outer loop
      vertex -14.1068 19.4164 2.2
      vertex -13.7658 19.6596 10.8
      vertex -14.1068 19.4164 10.8
    endloop
  endfacet
  facet normal 0.580651 -0.814153 0
    outer loop
      vertex -13.7658 19.6596 10.8
      vertex -14.1068 19.4164 2.2
      vertex -13.7658 19.6596 2.2
    endloop
  endfacet
  facet normal 0.566488 -0.82407 0
    outer loop
      vertex -13.7658 19.6596 2.2
      vertex -13.4206 19.8969 10.8
      vertex -13.7658 19.6596 10.8
    endloop
  endfacet
  facet normal 0.566488 -0.82407 0
    outer loop
      vertex -13.4206 19.8969 10.8
      vertex -13.7658 19.6596 2.2
      vertex -13.4206 19.8969 2.2
    endloop
  endfacet
  facet normal 0.551943 -0.833882 0
    outer loop
      vertex -13.4206 19.8969 2.2
      vertex -13.0713 20.1281 10.8
      vertex -13.4206 19.8969 10.8
    endloop
  endfacet
  facet normal 0.551943 -0.833882 0
    outer loop
      vertex -13.0713 20.1281 10.8
      vertex -13.4206 19.8969 2.2
      vertex -13.0713 20.1281 2.2
    endloop
  endfacet
  facet normal 0.537169 -0.843475 0
    outer loop
      vertex -13.0713 20.1281 2.2
      vertex -12.718 20.3531 10.8
      vertex -13.0713 20.1281 10.8
    endloop
  endfacet
  facet normal 0.537169 -0.843475 0
    outer loop
      vertex -12.718 20.3531 10.8
      vertex -13.0713 20.1281 2.2
      vertex -12.718 20.3531 2.2
    endloop
  endfacet
  facet normal 0.522618 -0.852567 0
    outer loop
      vertex -12.718 20.3531 2.2
      vertex -12.3609 20.572 10.8
      vertex -12.718 20.3531 10.8
    endloop
  endfacet
  facet normal 0.522618 -0.852567 0
    outer loop
      vertex -12.3609 20.572 10.8
      vertex -12.718 20.3531 2.2
      vertex -12.3609 20.572 2.2
    endloop
  endfacet
  facet normal 0.507563 -0.861615 0
    outer loop
      vertex -12.3609 20.572 2.2
      vertex -12 20.7846 10.8
      vertex -12.3609 20.572 10.8
    endloop
  endfacet
  facet normal 0.507563 -0.861615 0
    outer loop
      vertex -12 20.7846 10.8
      vertex -12.3609 20.572 2.2
      vertex -12 20.7846 2.2
    endloop
  endfacet
  facet normal 0.492458 -0.870336 0
    outer loop
      vertex -12 20.7846 2.2
      vertex -11.6354 20.9909 10.8
      vertex -12 20.7846 10.8
    endloop
  endfacet
  facet normal 0.492458 -0.870336 0
    outer loop
      vertex -11.6354 20.9909 10.8
      vertex -12 20.7846 2.2
      vertex -11.6354 20.9909 2.2
    endloop
  endfacet
  facet normal 0.477044 -0.878879 0
    outer loop
      vertex -11.6354 20.9909 2.2
      vertex -11.2673 21.1907 10.8
      vertex -11.6354 20.9909 10.8
    endloop
  endfacet
  facet normal 0.477044 -0.878879 0
    outer loop
      vertex -11.2673 21.1907 10.8
      vertex -11.6354 20.9909 2.2
      vertex -11.2673 21.1907 2.2
    endloop
  endfacet
  facet normal 0.461766 -0.887002 0
    outer loop
      vertex -11.2673 21.1907 2.2
      vertex -10.8958 21.3841 10.8
      vertex -11.2673 21.1907 10.8
    endloop
  endfacet
  facet normal 0.461766 -0.887002 0
    outer loop
      vertex -10.8958 21.3841 10.8
      vertex -11.2673 21.1907 2.2
      vertex -10.8958 21.3841 2.2
    endloop
  endfacet
  facet normal 0.446163 -0.894952 0
    outer loop
      vertex -10.8958 21.3841 2.2
      vertex -10.5209 21.571 10.8
      vertex -10.8958 21.3841 10.8
    endloop
  endfacet
  facet normal 0.446163 -0.894952 0
    outer loop
      vertex -10.5209 21.571 10.8
      vertex -10.8958 21.3841 2.2
      vertex -10.5209 21.571 2.2
    endloop
  endfacet
  facet normal 0.430619 -0.902534 0
    outer loop
      vertex -10.5209 21.571 2.2
      vertex -10.1428 21.7514 10.8
      vertex -10.5209 21.571 10.8
    endloop
  endfacet
  facet normal 0.430619 -0.902534 0
    outer loop
      vertex -10.1428 21.7514 10.8
      vertex -10.5209 21.571 2.2
      vertex -10.1428 21.7514 2.2
    endloop
  endfacet
  facet normal 0.906279 0.42268 0
    outer loop
      vertex -10.1428 21.7514 10.8
      vertex -10.65 22.8389 2.2
      vertex -10.65 22.8389 10.8
    endloop
  endfacet
  facet normal 0.906279 0.42268 0
    outer loop
      vertex -10.65 22.8389 2.2
      vertex -10.1428 21.7514 10.8
      vertex -10.1428 21.7514 2.2
    endloop
  endfacet
  facet normal -0.430401 0.902638 0
    outer loop
      vertex -10.65 22.8389 2.2
      vertex -11.047 22.6496 10.8
      vertex -10.65 22.8389 10.8
    endloop
  endfacet
  facet normal -0.430401 0.902638 0
    outer loop
      vertex -11.047 22.6496 10.8
      vertex -10.65 22.8389 2.2
      vertex -11.047 22.6496 2.2
    endloop
  endfacet
  facet normal -0.446066 0.895 0
    outer loop
      vertex -11.047 22.6496 2.2
      vertex -11.1718 22.5874 10.8
      vertex -11.047 22.6496 10.8
    endloop
  endfacet
  facet normal -0.446066 0.895 0
    outer loop
      vertex -11.1718 22.5874 10.8
      vertex -11.047 22.6496 2.2
      vertex -11.1718 22.5874 2.2
    endloop
  endfacet
  facet normal 0.530161 0.847897 -0
    outer loop
      vertex -11.1718 22.5874 2.2
      vertex -13.5735 24.0891 10.8
      vertex -11.1718 22.5874 10.8
    endloop
  endfacet
  facet normal 0.530161 0.847897 0
    outer loop
      vertex -13.5735 24.0891 10.8
      vertex -11.1718 22.5874 2.2
      vertex -13.5735 24.0891 2.2
    endloop
  endfacet
  facet normal -0.87121 -0.49091 0
    outer loop
      vertex -12.3703 21.9538 2.2
      vertex -13.5735 24.0891 10.8
      vertex -13.5735 24.0891 2.2
    endloop
  endfacet
  facet normal -0.87121 -0.49091 0
    outer loop
      vertex -13.5735 24.0891 10.8
      vertex -12.3703 21.9538 2.2
      vertex -12.3703 21.9538 10.8
    endloop
  endfacet
  facet normal -0.492544 0.870287 0
    outer loop
      vertex -12.3703 21.9538 2.2
      vertex -12.6 21.8238 10.8
      vertex -12.3703 21.9538 10.8
    endloop
  endfacet
  facet normal -0.492544 0.870287 0
    outer loop
      vertex -12.6 21.8238 10.8
      vertex -12.3703 21.9538 2.2
      vertex -12.6 21.8238 2.2
    endloop
  endfacet
  facet normal -0.507557 0.861618 0
    outer loop
      vertex -12.6 21.8238 2.2
      vertex -12.9789 21.6006 10.8
      vertex -12.6 21.8238 10.8
    endloop
  endfacet
  facet normal -0.507557 0.861618 0
    outer loop
      vertex -12.9789 21.6006 10.8
      vertex -12.6 21.8238 2.2
      vertex -12.9789 21.6006 2.2
    endloop
  endfacet
  facet normal -0.522498 0.85264 0
    outer loop
      vertex -12.9789 21.6006 2.2
      vertex -13.3539 21.3708 10.8
      vertex -12.9789 21.6006 10.8
    endloop
  endfacet
  facet normal -0.522498 0.85264 0
    outer loop
      vertex -13.3539 21.3708 10.8
      vertex -12.9789 21.6006 2.2
      vertex -13.3539 21.3708 2.2
    endloop
  endfacet
  facet normal -0.537214 0.843446 0
    outer loop
      vertex -13.3539 21.3708 2.2
      vertex -13.7249 21.1345 10.8
      vertex -13.3539 21.3708 10.8
    endloop
  endfacet
  facet normal -0.537214 0.843446 0
    outer loop
      vertex -13.7249 21.1345 10.8
      vertex -13.3539 21.3708 2.2
      vertex -13.7249 21.1345 2.2
    endloop
  endfacet
  facet normal -0.552074 0.833795 0
    outer loop
      vertex -13.7249 21.1345 2.2
      vertex -14.0916 20.8917 10.8
      vertex -13.7249 21.1345 10.8
    endloop
  endfacet
  facet normal -0.552074 0.833795 0
    outer loop
      vertex -14.0916 20.8917 10.8
      vertex -13.7249 21.1345 2.2
      vertex -14.0916 20.8917 2.2
    endloop
  endfacet
  facet normal -0.566345 0.824168 0
    outer loop
      vertex -14.0916 20.8917 2.2
      vertex -14.4541 20.6426 10.8
      vertex -14.0916 20.8917 10.8
    endloop
  endfacet
  facet normal -0.566345 0.824168 0
    outer loop
      vertex -14.4541 20.6426 10.8
      vertex -14.0916 20.8917 2.2
      vertex -14.4541 20.6426 2.2
    endloop
  endfacet
  facet normal -0.580657 0.814148 0
    outer loop
      vertex -14.4541 20.6426 2.2
      vertex -14.8122 20.3872 10.8
      vertex -14.4541 20.6426 10.8
    endloop
  endfacet
  facet normal -0.580657 0.814148 0
    outer loop
      vertex -14.8122 20.3872 10.8
      vertex -14.4541 20.6426 2.2
      vertex -14.8122 20.3872 2.2
    endloop
  endfacet
  facet normal -0.594858 0.803831 0
    outer loop
      vertex -14.8122 20.3872 2.2
      vertex -15.1657 20.1256 10.8
      vertex -14.8122 20.3872 10.8
    endloop
  endfacet
  facet normal -0.594858 0.803831 0
    outer loop
      vertex -15.1657 20.1256 10.8
      vertex -14.8122 20.3872 2.2
      vertex -15.1657 20.1256 2.2
    endloop
  endfacet
  facet normal -0.608875 0.793266 0
    outer loop
      vertex -15.1657 20.1256 2.2
      vertex -15.5146 19.8578 10.8
      vertex -15.1657 20.1256 10.8
    endloop
  endfacet
  facet normal -0.608875 0.793266 0
    outer loop
      vertex -15.5146 19.8578 10.8
      vertex -15.1657 20.1256 2.2
      vertex -15.5146 19.8578 2.2
    endloop
  endfacet
  facet normal -0.62228 0.782795 0
    outer loop
      vertex -15.5146 19.8578 2.2
      vertex -15.8589 19.5841 10.8
      vertex -15.5146 19.8578 10.8
    endloop
  endfacet
  facet normal -0.62228 0.782795 0
    outer loop
      vertex -15.8589 19.5841 10.8
      vertex -15.5146 19.8578 2.2
      vertex -15.8589 19.5841 2.2
    endloop
  endfacet
  facet normal -0.636217 0.77151 0
    outer loop
      vertex -15.8589 19.5841 2.2
      vertex -16.1982 19.3043 10.8
      vertex -15.8589 19.5841 10.8
    endloop
  endfacet
  facet normal -0.636217 0.77151 0
    outer loop
      vertex -16.1982 19.3043 10.8
      vertex -15.8589 19.5841 2.2
      vertex -16.1982 19.3043 2.2
    endloop
  endfacet
  facet normal -0.64933 0.760507 0
    outer loop
      vertex -16.1982 19.3043 2.2
      vertex -16.5327 19.0187 10.8
      vertex -16.1982 19.3043 10.8
    endloop
  endfacet
  facet normal -0.64933 0.760507 0
    outer loop
      vertex -16.5327 19.0187 10.8
      vertex -16.1982 19.3043 2.2
      vertex -16.5327 19.0187 2.2
    endloop
  endfacet
  facet normal -0.662711 0.748875 0
    outer loop
      vertex -16.5327 19.0187 2.2
      vertex -16.8621 18.7272 10.8
      vertex -16.5327 19.0187 10.8
    endloop
  endfacet
  facet normal -0.662711 0.748875 0
    outer loop
      vertex -16.8621 18.7272 10.8
      vertex -16.5327 19.0187 2.2
      vertex -16.8621 18.7272 2.2
    endloop
  endfacet
  facet normal -0.675622 0.737249 0
    outer loop
      vertex -16.8621 18.7272 2.2
      vertex -17.1863 18.4301 10.8
      vertex -16.8621 18.7272 10.8
    endloop
  endfacet
  facet normal -0.675622 0.737249 0
    outer loop
      vertex -17.1863 18.4301 10.8
      vertex -16.8621 18.7272 2.2
      vertex -17.1863 18.4301 2.2
    endloop
  endfacet
  facet normal -0.688337 0.725391 0
    outer loop
      vertex -17.1863 18.4301 2.2
      vertex -17.5054 18.1273 10.8
      vertex -17.1863 18.4301 10.8
    endloop
  endfacet
  facet normal -0.688337 0.725391 0
    outer loop
      vertex -17.5054 18.1273 10.8
      vertex -17.1863 18.4301 2.2
      vertex -17.5054 18.1273 2.2
    endloop
  endfacet
  facet normal -0.700826 0.713332 0
    outer loop
      vertex -17.5054 18.1273 2.2
      vertex -17.8191 17.8191 10.8
      vertex -17.5054 18.1273 10.8
    endloop
  endfacet
  facet normal -0.700826 0.713332 0
    outer loop
      vertex -17.8191 17.8191 10.8
      vertex -17.5054 18.1273 2.2
      vertex -17.8191 17.8191 2.2
    endloop
  endfacet
  facet normal -0.713332 0.700826 0
    outer loop
      vertex -18.1273 17.5054 2.2
      vertex -17.8191 17.8191 10.8
      vertex -17.8191 17.8191 2.2
    endloop
  endfacet
  facet normal -0.713332 0.700826 0
    outer loop
      vertex -17.8191 17.8191 10.8
      vertex -18.1273 17.5054 2.2
      vertex -18.1273 17.5054 10.8
    endloop
  endfacet
  facet normal -0.725283 0.688451 0
    outer loop
      vertex -18.4301 17.1864 2.2
      vertex -18.1273 17.5054 10.8
      vertex -18.1273 17.5054 2.2
    endloop
  endfacet
  facet normal -0.725283 0.688451 0
    outer loop
      vertex -18.1273 17.5054 10.8
      vertex -18.4301 17.1864 2.2
      vertex -18.4301 17.1864 10.8
    endloop
  endfacet
  facet normal -0.737352 0.675508 0
    outer loop
      vertex -18.7272 16.8621 2.2
      vertex -18.4301 17.1864 10.8
      vertex -18.4301 17.1864 2.2
    endloop
  endfacet
  facet normal -0.737352 0.675508 0
    outer loop
      vertex -18.4301 17.1864 10.8
      vertex -18.7272 16.8621 2.2
      vertex -18.7272 16.8621 10.8
    endloop
  endfacet
  facet normal -0.748875 0.662711 0
    outer loop
      vertex -19.0187 16.5327 2.2
      vertex -18.7272 16.8621 10.8
      vertex -18.7272 16.8621 2.2
    endloop
  endfacet
  facet normal -0.748875 0.662711 0
    outer loop
      vertex -18.7272 16.8621 10.8
      vertex -19.0187 16.5327 2.2
      vertex -19.0187 16.5327 10.8
    endloop
  endfacet
  facet normal -0.760507 0.64933 0
    outer loop
      vertex -19.3043 16.1982 2.2
      vertex -19.0187 16.5327 10.8
      vertex -19.0187 16.5327 2.2
    endloop
  endfacet
  facet normal -0.760507 0.64933 0
    outer loop
      vertex -19.0187 16.5327 10.8
      vertex -19.3043 16.1982 2.2
      vertex -19.3043 16.1982 10.8
    endloop
  endfacet
  facet normal -0.77151 0.636217 0
    outer loop
      vertex -19.5841 15.8589 2.2
      vertex -19.3043 16.1982 10.8
      vertex -19.3043 16.1982 2.2
    endloop
  endfacet
  facet normal -0.77151 0.636217 0
    outer loop
      vertex -19.3043 16.1982 10.8
      vertex -19.5841 15.8589 2.2
      vertex -19.5841 15.8589 10.8
    endloop
  endfacet
  facet normal -0.782795 0.62228 0
    outer loop
      vertex -19.8578 15.5146 2.2
      vertex -19.5841 15.8589 10.8
      vertex -19.5841 15.8589 2.2
    endloop
  endfacet
  facet normal -0.782795 0.62228 0
    outer loop
      vertex -19.5841 15.8589 10.8
      vertex -19.8578 15.5146 2.2
      vertex -19.8578 15.5146 10.8
    endloop
  endfacet
  facet normal -0.793266 0.608875 0
    outer loop
      vertex -20.1256 15.1657 2.2
      vertex -19.8578 15.5146 10.8
      vertex -19.8578 15.5146 2.2
    endloop
  endfacet
  facet normal -0.793266 0.608875 0
    outer loop
      vertex -19.8578 15.5146 10.8
      vertex -20.1256 15.1657 2.2
      vertex -20.1256 15.1657 10.8
    endloop
  endfacet
  facet normal -0.803831 0.594858 0
    outer loop
      vertex -20.3872 14.8122 2.2
      vertex -20.1256 15.1657 10.8
      vertex -20.1256 15.1657 2.2
    endloop
  endfacet
  facet normal -0.803831 0.594858 0
    outer loop
      vertex -20.1256 15.1657 10.8
      vertex -20.3872 14.8122 2.2
      vertex -20.3872 14.8122 10.8
    endloop
  endfacet
  facet normal -0.814148 0.580657 0
    outer loop
      vertex -20.6426 14.4541 2.2
      vertex -20.3872 14.8122 10.8
      vertex -20.3872 14.8122 2.2
    endloop
  endfacet
  facet normal -0.814148 0.580657 0
    outer loop
      vertex -20.3872 14.8122 10.8
      vertex -20.6426 14.4541 2.2
      vertex -20.6426 14.4541 10.8
    endloop
  endfacet
  facet normal -0.824168 0.566345 0
    outer loop
      vertex -20.8917 14.0916 2.2
      vertex -20.6426 14.4541 10.8
      vertex -20.6426 14.4541 2.2
    endloop
  endfacet
  facet normal -0.824168 0.566345 0
    outer loop
      vertex -20.6426 14.4541 10.8
      vertex -20.8917 14.0916 2.2
      vertex -20.8917 14.0916 10.8
    endloop
  endfacet
  facet normal -0.833795 0.552074 0
    outer loop
      vertex -21.1345 13.7249 2.2
      vertex -20.8917 14.0916 10.8
      vertex -20.8917 14.0916 2.2
    endloop
  endfacet
  facet normal -0.833795 0.552074 0
    outer loop
      vertex -20.8917 14.0916 10.8
      vertex -21.1345 13.7249 2.2
      vertex -21.1345 13.7249 10.8
    endloop
  endfacet
  facet normal -0.84338 0.537317 0
    outer loop
      vertex -21.3708 13.354 2.2
      vertex -21.1345 13.7249 10.8
      vertex -21.1345 13.7249 2.2
    endloop
  endfacet
  facet normal -0.84338 0.537317 0
    outer loop
      vertex -21.1345 13.7249 10.8
      vertex -21.3708 13.354 2.2
      vertex -21.3708 13.354 10.8
    endloop
  endfacet
  facet normal -0.852703 0.522397 0
    outer loop
      vertex -21.6006 12.9789 2.2
      vertex -21.3708 13.354 10.8
      vertex -21.3708 13.354 2.2
    endloop
  endfacet
  facet normal -0.852703 0.522397 0
    outer loop
      vertex -21.3708 13.354 10.8
      vertex -21.6006 12.9789 2.2
      vertex -21.6006 12.9789 10.8
    endloop
  endfacet
  facet normal -0.861618 0.507557 0
    outer loop
      vertex -21.8238 12.6 2.2
      vertex -21.6006 12.9789 10.8
      vertex -21.6006 12.9789 2.2
    endloop
  endfacet
  facet normal -0.861618 0.507557 0
    outer loop
      vertex -21.6006 12.9789 10.8
      vertex -21.8238 12.6 2.2
      vertex -21.8238 12.6 10.8
    endloop
  endfacet
  facet normal -0.870334 0.492462 0
    outer loop
      vertex -22.0404 12.2172 2.2
      vertex -21.8238 12.6 10.8
      vertex -21.8238 12.6 2.2
    endloop
  endfacet
  facet normal -0.870334 0.492462 0
    outer loop
      vertex -21.8238 12.6 10.8
      vertex -22.0404 12.2172 2.2
      vertex -22.0404 12.2172 10.8
    endloop
  endfacet
  facet normal -0.878772 0.477242 0
    outer loop
      vertex -22.2503 11.8307 2.2
      vertex -22.0404 12.2172 10.8
      vertex -22.0404 12.2172 2.2
    endloop
  endfacet
  facet normal -0.878772 0.477242 0
    outer loop
      vertex -22.0404 12.2172 10.8
      vertex -22.2503 11.8307 2.2
      vertex -22.2503 11.8307 10.8
    endloop
  endfacet
  facet normal -0.886986 0.461797 0
    outer loop
      vertex -22.4534 11.4406 2.2
      vertex -22.2503 11.8307 10.8
      vertex -22.2503 11.8307 2.2
    endloop
  endfacet
  facet normal -0.886986 0.461797 0
    outer loop
      vertex -22.2503 11.8307 10.8
      vertex -22.4534 11.4406 2.2
      vertex -22.4534 11.4406 10.8
    endloop
  endfacet
  facet normal -0.895017 0.446031 0
    outer loop
      vertex -22.6496 11.0469 2.2
      vertex -22.4534 11.4406 10.8
      vertex -22.4534 11.4406 2.2
    endloop
  endfacet
  facet normal -0.895017 0.446031 0
    outer loop
      vertex -22.4534 11.4406 10.8
      vertex -22.6496 11.0469 2.2
      vertex -22.6496 11.0469 10.8
    endloop
  endfacet
  facet normal -0.902596 0.43049 0
    outer loop
      vertex -22.8389 10.65 2.2
      vertex -22.6496 11.0469 10.8
      vertex -22.6496 11.0469 2.2
    endloop
  endfacet
  facet normal -0.902596 0.43049 0
    outer loop
      vertex -22.6496 11.0469 10.8
      vertex -22.8389 10.65 2.2
      vertex -22.8389 10.65 10.8
    endloop
  endfacet
  facet normal -0.909946 0.414728 0
    outer loop
      vertex -23.0213 10.2498 2.2
      vertex -22.8389 10.65 10.8
      vertex -22.8389 10.65 2.2
    endloop
  endfacet
  facet normal -0.909946 0.414728 0
    outer loop
      vertex -22.8389 10.65 10.8
      vertex -23.0213 10.2498 2.2
      vertex -23.0213 10.2498 10.8
    endloop
  endfacet
  facet normal -0.917056 0.398759 0
    outer loop
      vertex -23.1967 9.84642 2.2
      vertex -23.0213 10.2498 10.8
      vertex -23.0213 10.2498 2.2
    endloop
  endfacet
  facet normal -0.917056 0.398759 0
    outer loop
      vertex -23.0213 10.2498 10.8
      vertex -23.1967 9.84642 2.2
      vertex -23.1967 9.84642 10.8
    endloop
  endfacet
  facet normal -0.923889 0.382661 0
    outer loop
      vertex -23.365 9.44008 2.2
      vertex -23.1967 9.84642 10.8
      vertex -23.1967 9.84642 2.2
    endloop
  endfacet
  facet normal -0.923889 0.382661 0
    outer loop
      vertex -23.1967 9.84642 10.8
      vertex -23.365 9.44008 2.2
      vertex -23.365 9.44008 10.8
    endloop
  endfacet
  facet normal -0.930411 0.366517 0
    outer loop
      vertex -23.5262 9.03087 2.2
      vertex -23.365 9.44008 10.8
      vertex -23.365 9.44008 2.2
    endloop
  endfacet
  facet normal -0.930411 0.366517 0
    outer loop
      vertex -23.365 9.44008 10.8
      vertex -23.5262 9.03087 2.2
      vertex -23.5262 9.03087 10.8
    endloop
  endfacet
  facet normal -0.936694 0.350149 0
    outer loop
      vertex -23.6802 8.6189 2.2
      vertex -23.5262 9.03087 10.8
      vertex -23.5262 9.03087 2.2
    endloop
  endfacet
  facet normal -0.936694 0.350149 0
    outer loop
      vertex -23.5262 9.03087 10.8
      vertex -23.6802 8.6189 2.2
      vertex -23.6802 8.6189 10.8
    endloop
  endfacet
  facet normal -0.942583 0.333973 0
    outer loop
      vertex -23.8271 8.2043 2.2
      vertex -23.6802 8.6189 10.8
      vertex -23.6802 8.6189 2.2
    endloop
  endfacet
  facet normal -0.942583 0.333973 0
    outer loop
      vertex -23.6802 8.6189 10.8
      vertex -23.8271 8.2043 2.2
      vertex -23.8271 8.2043 10.8
    endloop
  endfacet
  facet normal -0.94836 0.317196 0
    outer loop
      vertex -23.9666 7.78722 2.2
      vertex -23.8271 8.2043 10.8
      vertex -23.8271 8.2043 2.2
    endloop
  endfacet
  facet normal -0.94836 0.317196 0
    outer loop
      vertex -23.8271 8.2043 10.8
      vertex -23.9666 7.78722 2.2
      vertex -23.9666 7.78722 10.8
    endloop
  endfacet
  facet normal -0.95369 0.300792 0
    outer loop
      vertex -24.0989 7.36775 2.2
      vertex -23.9666 7.78722 10.8
      vertex -23.9666 7.78722 2.2
    endloop
  endfacet
  facet normal -0.95369 0.300792 0
    outer loop
      vertex -23.9666 7.78722 10.8
      vertex -24.0989 7.36775 2.2
      vertex -24.0989 7.36775 10.8
    endloop
  endfacet
  facet normal -0.95883 0.283981 0
    outer loop
      vertex -24.2238 6.94604 2.2
      vertex -24.0989 7.36775 10.8
      vertex -24.0989 7.36775 2.2
    endloop
  endfacet
  facet normal -0.95883 0.283981 0
    outer loop
      vertex -24.0989 7.36775 10.8
      vertex -24.2238 6.94604 2.2
      vertex -24.2238 6.94604 10.8
    endloop
  endfacet
  facet normal -0.96365 0.267169 0
    outer loop
      vertex -24.3413 6.52223 2.2
      vertex -24.2238 6.94604 10.8
      vertex -24.2238 6.94604 2.2
    endloop
  endfacet
  facet normal -0.96365 0.267169 0
    outer loop
      vertex -24.2238 6.94604 10.8
      vertex -24.3413 6.52223 2.2
      vertex -24.3413 6.52223 10.8
    endloop
  endfacet
  facet normal -0.96816 0.250333 0
    outer loop
      vertex -24.4514 6.09642 2.2
      vertex -24.3413 6.52223 10.8
      vertex -24.3413 6.52223 2.2
    endloop
  endfacet
  facet normal -0.96816 0.250333 0
    outer loop
      vertex -24.3413 6.52223 10.8
      vertex -24.4514 6.09642 2.2
      vertex -24.4514 6.09642 10.8
    endloop
  endfacet
  facet normal -0.972356 0.233505 0
    outer loop
      vertex -24.5541 5.66876 2.2
      vertex -24.4514 6.09642 10.8
      vertex -24.4514 6.09642 2.2
    endloop
  endfacet
  facet normal -0.972356 0.233505 0
    outer loop
      vertex -24.4514 6.09642 10.8
      vertex -24.5541 5.66876 2.2
      vertex -24.5541 5.66876 10.8
    endloop
  endfacet
  facet normal -0.976294 0.216449 0
    outer loop
      vertex -24.6493 5.23936 2.2
      vertex -24.5541 5.66876 10.8
      vertex -24.5541 5.66876 2.2
    endloop
  endfacet
  facet normal -0.976294 0.216449 0
    outer loop
      vertex -24.5541 5.66876 10.8
      vertex -24.6493 5.23936 2.2
      vertex -24.6493 5.23936 10.8
    endloop
  endfacet
  facet normal -0.979918 0.199403 0
    outer loop
      vertex -24.737 4.80838 2.2
      vertex -24.6493 5.23936 10.8
      vertex -24.6493 5.23936 2.2
    endloop
  endfacet
  facet normal -0.979918 0.199403 0
    outer loop
      vertex -24.6493 5.23936 10.8
      vertex -24.737 4.80838 2.2
      vertex -24.737 4.80838 10.8
    endloop
  endfacet
  facet normal -0.983275 0.182126 0
    outer loop
      vertex -24.8171 4.37593 2.2
      vertex -24.737 4.80838 10.8
      vertex -24.737 4.80838 2.2
    endloop
  endfacet
  facet normal -0.983275 0.182126 0
    outer loop
      vertex -24.737 4.80838 10.8
      vertex -24.8171 4.37593 2.2
      vertex -24.8171 4.37593 10.8
    endloop
  endfacet
  facet normal -0.986282 0.165066 0
    outer loop
      vertex -24.8897 3.94214 2.2
      vertex -24.8171 4.37593 10.8
      vertex -24.8171 4.37593 2.2
    endloop
  endfacet
  facet normal -0.986282 0.165066 0
    outer loop
      vertex -24.8171 4.37593 10.8
      vertex -24.8897 3.94214 2.2
      vertex -24.8897 3.94214 10.8
    endloop
  endfacet
  facet normal -0.989019 0.147791 0
    outer loop
      vertex -24.9547 3.50716 2.2
      vertex -24.8897 3.94214 10.8
      vertex -24.8897 3.94214 2.2
    endloop
  endfacet
  facet normal -0.989019 0.147791 0
    outer loop
      vertex -24.8897 3.94214 10.8
      vertex -24.9547 3.50716 2.2
      vertex -24.9547 3.50716 10.8
    endloop
  endfacet
  facet normal -0.991448 0.130505 0
    outer loop
      vertex -25.0121 3.07109 2.2
      vertex -24.9547 3.50716 10.8
      vertex -24.9547 3.50716 2.2
    endloop
  endfacet
  facet normal -0.991448 0.130505 0
    outer loop
      vertex -24.9547 3.50716 10.8
      vertex -25.0121 3.07109 2.2
      vertex -25.0121 3.07109 10.8
    endloop
  endfacet
  facet normal -0.993569 0.113231 0
    outer loop
      vertex -25.0619 2.63411 2.2
      vertex -25.0121 3.07109 10.8
      vertex -25.0121 3.07109 2.2
    endloop
  endfacet
  facet normal -0.993569 0.113231 0
    outer loop
      vertex -25.0121 3.07109 10.8
      vertex -25.0619 2.63411 2.2
      vertex -25.0619 2.63411 10.8
    endloop
  endfacet
  facet normal -0.995386 0.0959485 0
    outer loop
      vertex -25.1041 2.19632 2.2
      vertex -25.0619 2.63411 10.8
      vertex -25.0619 2.63411 2.2
    endloop
  endfacet
  facet normal -0.995386 0.0959485 0
    outer loop
      vertex -25.0619 2.63411 10.8
      vertex -25.1041 2.19632 2.2
      vertex -25.1041 2.19632 10.8
    endloop
  endfacet
  facet normal -0.996919 0.078442 0
    outer loop
      vertex -25.1386 1.75786 2.2
      vertex -25.1041 2.19632 10.8
      vertex -25.1041 2.19632 2.2
    endloop
  endfacet
  facet normal -0.996919 0.078442 0
    outer loop
      vertex -25.1041 2.19632 10.8
      vertex -25.1386 1.75786 2.2
      vertex -25.1386 1.75786 10.8
    endloop
  endfacet
  facet normal -0.998128 0.0611609 0
    outer loop
      vertex -25.1655 1.31886 2.2
      vertex -25.1386 1.75786 10.8
      vertex -25.1386 1.75786 2.2
    endloop
  endfacet
  facet normal -0.998128 0.0611609 0
    outer loop
      vertex -25.1386 1.75786 10.8
      vertex -25.1655 1.31886 2.2
      vertex -25.1655 1.31886 10.8
    endloop
  endfacet
  facet normal -0.999057 0.043427 0
    outer loop
      vertex -25.1846 0.879456 2.2
      vertex -25.1655 1.31886 10.8
      vertex -25.1655 1.31886 2.2
    endloop
  endfacet
  facet normal -0.999057 0.043427 0
    outer loop
      vertex -25.1655 1.31886 10.8
      vertex -25.1846 0.879456 2.2
      vertex -25.1846 0.879456 10.8
    endloop
  endfacet
  facet normal -0.999658 0.0261481 0
    outer loop
      vertex -25.1961 0.439804 2.2
      vertex -25.1846 0.879456 10.8
      vertex -25.1846 0.879456 2.2
    endloop
  endfacet
  facet normal -0.999658 0.0261481 0
    outer loop
      vertex -25.1846 0.879456 10.8
      vertex -25.1961 0.439804 2.2
      vertex -25.1961 0.439804 10.8
    endloop
  endfacet
  facet normal -0.999961 0.00886724 0
    outer loop
      vertex -25.2 0 2.2
      vertex -25.1961 0.439804 10.8
      vertex -25.1961 0.439804 2.2
    endloop
  endfacet
  facet normal -0.999961 0.00886724 0
    outer loop
      vertex -25.1961 0.439804 10.8
      vertex -25.2 0 2.2
      vertex -25.2 0 10.8
    endloop
  endfacet
  facet normal -0.999961 -0.00886754 0
    outer loop
      vertex -25.1961 -0.439789 2.2
      vertex -25.2 0 10.8
      vertex -25.2 0 2.2
    endloop
  endfacet
  facet normal -0.999961 -0.00886754 0
    outer loop
      vertex -25.2 0 10.8
      vertex -25.1961 -0.439789 2.2
      vertex -25.1961 -0.439789 10.8
    endloop
  endfacet
  facet normal -0.999658 -0.0261463 0
    outer loop
      vertex -25.1846 -0.879471 2.2
      vertex -25.1961 -0.439789 10.8
      vertex -25.1961 -0.439789 2.2
    endloop
  endfacet
  facet normal -0.999658 -0.0261463 0
    outer loop
      vertex -25.1961 -0.439789 10.8
      vertex -25.1846 -0.879471 2.2
      vertex -25.1846 -0.879471 10.8
    endloop
  endfacet
  facet normal -0.999047 -0.0436554 0
    outer loop
      vertex -25.1654 -1.31886 2.2
      vertex -25.1846 -0.879471 10.8
      vertex -25.1846 -0.879471 2.2
    endloop
  endfacet
  facet normal -0.999047 -0.0436554 0
    outer loop
      vertex -25.1846 -0.879471 10.8
      vertex -25.1654 -1.31886 2.2
      vertex -25.1654 -1.31886 10.8
    endloop
  endfacet
  facet normal -0.998142 -0.0609372 0
    outer loop
      vertex -25.1386 -1.75784 2.2
      vertex -25.1654 -1.31886 10.8
      vertex -25.1654 -1.31886 2.2
    endloop
  endfacet
  facet normal -0.998142 -0.0609372 0
    outer loop
      vertex -25.1654 -1.31886 10.8
      vertex -25.1386 -1.75784 2.2
      vertex -25.1386 -1.75784 10.8
    endloop
  endfacet
  facet normal -0.996919 -0.0784385 0
    outer loop
      vertex -25.1041 -2.19632 2.2
      vertex -25.1386 -1.75784 10.8
      vertex -25.1386 -1.75784 2.2
    endloop
  endfacet
  facet normal -0.996919 -0.0784385 0
    outer loop
      vertex -25.1386 -1.75784 10.8
      vertex -25.1041 -2.19632 2.2
      vertex -25.1041 -2.19632 10.8
    endloop
  endfacet
  facet normal 0.196116 -0.980581 0
    outer loop
      vertex -25.1041 -2.19632 2.2
      vertex -25.104 -2.1963 10.8
      vertex -25.1041 -2.19632 10.8
    endloop
  endfacet
  facet normal 0.196116 -0.980581 0
    outer loop
      vertex -25.104 -2.1963 10.8
      vertex -25.1041 -2.19632 2.2
      vertex -25.104 -2.1963 2.2
    endloop
  endfacet
  facet normal -0.999278 -0.0379954 0
    outer loop
      vertex -25.1039 -2.19893 2.2
      vertex -25.104 -2.1963 10.8
      vertex -25.104 -2.1963 2.2
    endloop
  endfacet
  facet normal -0.999278 -0.0379954 0
    outer loop
      vertex -25.104 -2.1963 10.8
      vertex -25.1039 -2.19893 2.2
      vertex -25.1039 -2.19893 10.8
    endloop
  endfacet
  facet normal -0.99342 -0.114528 0
    outer loop
      vertex -25.1012 -2.22235 2.2
      vertex -25.1039 -2.19893 10.8
      vertex -25.1039 -2.19893 2.2
    endloop
  endfacet
  facet normal -0.99342 -0.114528 0
    outer loop
      vertex -25.1039 -2.19893 10.8
      vertex -25.1012 -2.22235 2.2
      vertex -25.1012 -2.22235 10.8
    endloop
  endfacet
  facet normal -0.988896 -0.14861 0
    outer loop
      vertex -25.0977 -2.24564 2.2
      vertex -25.1012 -2.22235 10.8
      vertex -25.1012 -2.22235 2.2
    endloop
  endfacet
  facet normal -0.988896 -0.14861 0
    outer loop
      vertex -25.1012 -2.22235 10.8
      vertex -25.0977 -2.24564 2.2
      vertex -25.0977 -2.24564 10.8
    endloop
  endfacet
  facet normal -0.982383 -0.186878 0
    outer loop
      vertex -25.0933 -2.26877 2.2
      vertex -25.0977 -2.24564 10.8
      vertex -25.0977 -2.24564 2.2
    endloop
  endfacet
  facet normal -0.982383 -0.186878 0
    outer loop
      vertex -25.0977 -2.24564 10.8
      vertex -25.0933 -2.26877 2.2
      vertex -25.0933 -2.26877 10.8
    endloop
  endfacet
  facet normal -0.973417 -0.229039 0
    outer loop
      vertex -25.0879 -2.29172 2.2
      vertex -25.0933 -2.26877 10.8
      vertex -25.0933 -2.26877 2.2
    endloop
  endfacet
  facet normal -0.973417 -0.229039 0
    outer loop
      vertex -25.0933 -2.26877 10.8
      vertex -25.0879 -2.29172 2.2
      vertex -25.0879 -2.29172 10.8
    endloop
  endfacet
  facet normal -0.964725 -0.263261 0
    outer loop
      vertex -25.0817 -2.31444 2.2
      vertex -25.0879 -2.29172 10.8
      vertex -25.0879 -2.29172 2.2
    endloop
  endfacet
  facet normal -0.964725 -0.263261 0
    outer loop
      vertex -25.0879 -2.29172 10.8
      vertex -25.0817 -2.31444 2.2
      vertex -25.0817 -2.31444 10.8
    endloop
  endfacet
  facet normal -0.952187 -0.305515 0
    outer loop
      vertex -25.0745 -2.33688 2.2
      vertex -25.0817 -2.31444 10.8
      vertex -25.0817 -2.31444 2.2
    endloop
  endfacet
  facet normal -0.952187 -0.305515 0
    outer loop
      vertex -25.0817 -2.31444 10.8
      vertex -25.0745 -2.33688 2.2
      vertex -25.0745 -2.33688 10.8
    endloop
  endfacet
  facet normal -0.940584 -0.339561 0
    outer loop
      vertex -25.0665 -2.35904 2.2
      vertex -25.0745 -2.33688 10.8
      vertex -25.0745 -2.33688 2.2
    endloop
  endfacet
  facet normal -0.940584 -0.339561 0
    outer loop
      vertex -25.0745 -2.33688 10.8
      vertex -25.0665 -2.35904 2.2
      vertex -25.0665 -2.35904 10.8
    endloop
  endfacet
  facet normal -0.925999 -0.377526 0
    outer loop
      vertex -25.0576 -2.38087 2.2
      vertex -25.0665 -2.35904 10.8
      vertex -25.0665 -2.35904 2.2
    endloop
  endfacet
  facet normal -0.925999 -0.377526 0
    outer loop
      vertex -25.0665 -2.35904 10.8
      vertex -25.0576 -2.38087 2.2
      vertex -25.0576 -2.38087 10.8
    endloop
  endfacet
  facet normal -0.911237 -0.411883 0
    outer loop
      vertex -25.0479 -2.40233 2.2
      vertex -25.0576 -2.38087 10.8
      vertex -25.0576 -2.38087 2.2
    endloop
  endfacet
  facet normal -0.911237 -0.411883 0
    outer loop
      vertex -25.0576 -2.38087 10.8
      vertex -25.0479 -2.40233 2.2
      vertex -25.0479 -2.40233 10.8
    endloop
  endfacet
  facet normal -0.895021 -0.446024 0
    outer loop
      vertex -25.0374 -2.4234 2.2
      vertex -25.0479 -2.40233 10.8
      vertex -25.0479 -2.40233 2.2
    endloop
  endfacet
  facet normal -0.895021 -0.446024 0
    outer loop
      vertex -25.0479 -2.40233 10.8
      vertex -25.0374 -2.4234 2.2
      vertex -25.0374 -2.4234 10.8
    endloop
  endfacet
  facet normal -0.875156 -0.48384 0
    outer loop
      vertex -25.026 -2.44402 2.2
      vertex -25.0374 -2.4234 10.8
      vertex -25.0374 -2.4234 2.2
    endloop
  endfacet
  facet normal -0.875156 -0.48384 0
    outer loop
      vertex -25.0374 -2.4234 10.8
      vertex -25.026 -2.44402 2.2
      vertex -25.026 -2.44402 10.8
    endloop
  endfacet
  facet normal -0.855653 -0.517549 0
    outer loop
      vertex -25.0138 -2.46419 2.2
      vertex -25.026 -2.44402 10.8
      vertex -25.026 -2.44402 2.2
    endloop
  endfacet
  facet normal -0.855653 -0.517549 0
    outer loop
      vertex -25.026 -2.44402 10.8
      vertex -25.0138 -2.46419 2.2
      vertex -25.0138 -2.46419 10.8
    endloop
  endfacet
  facet normal -0.834391 -0.551173 0
    outer loop
      vertex -25.0008 -2.48387 2.2
      vertex -25.0138 -2.46419 10.8
      vertex -25.0138 -2.46419 2.2
    endloop
  endfacet
  facet normal -0.834391 -0.551173 0
    outer loop
      vertex -25.0138 -2.46419 10.8
      vertex -25.0008 -2.48387 2.2
      vertex -25.0008 -2.48387 10.8
    endloop
  endfacet
  facet normal -0.813303 -0.581841 0
    outer loop
      vertex -24.9871 -2.50302 2.2
      vertex -25.0008 -2.48387 10.8
      vertex -25.0008 -2.48387 2.2
    endloop
  endfacet
  facet normal -0.813303 -0.581841 0
    outer loop
      vertex -25.0008 -2.48387 10.8
      vertex -24.9871 -2.50302 2.2
      vertex -24.9871 -2.50302 10.8
    endloop
  endfacet
  facet normal -0.790724 -0.612173 0
    outer loop
      vertex -24.9727 -2.52162 2.2
      vertex -24.9871 -2.50302 10.8
      vertex -24.9871 -2.50302 2.2
    endloop
  endfacet
  facet normal -0.790724 -0.612173 0
    outer loop
      vertex -24.9871 -2.50302 10.8
      vertex -24.9727 -2.52162 2.2
      vertex -24.9727 -2.52162 10.8
    endloop
  endfacet
  facet normal -0.764383 -0.644763 0
    outer loop
      vertex -24.9575 -2.53964 2.2
      vertex -24.9727 -2.52162 10.8
      vertex -24.9727 -2.52162 2.2
    endloop
  endfacet
  facet normal -0.764383 -0.644763 0
    outer loop
      vertex -24.9727 -2.52162 10.8
      vertex -24.9575 -2.53964 2.2
      vertex -24.9575 -2.53964 10.8
    endloop
  endfacet
  facet normal -0.73821 -0.674571 0
    outer loop
      vertex -24.9416 -2.55704 2.2
      vertex -24.9575 -2.53964 10.8
      vertex -24.9575 -2.53964 2.2
    endloop
  endfacet
  facet normal -0.73821 -0.674571 0
    outer loop
      vertex -24.9575 -2.53964 10.8
      vertex -24.9416 -2.55704 2.2
      vertex -24.9416 -2.55704 10.8
    endloop
  endfacet
  facet normal -0.7107 -0.703495 0
    outer loop
      vertex -24.925 -2.57381 2.2
      vertex -24.9416 -2.55704 10.8
      vertex -24.9416 -2.55704 2.2
    endloop
  endfacet
  facet normal -0.7107 -0.703495 0
    outer loop
      vertex -24.9416 -2.55704 10.8
      vertex -24.925 -2.57381 2.2
      vertex -24.925 -2.57381 10.8
    endloop
  endfacet
  facet normal -0.685272 -0.728288 0
    outer loop
      vertex -24.925 -2.57381 2.2
      vertex -24.9079 -2.5899 10.8
      vertex -24.925 -2.57381 10.8
    endloop
  endfacet
  facet normal -0.685272 -0.728288 -0
    outer loop
      vertex -24.9079 -2.5899 10.8
      vertex -24.925 -2.57381 2.2
      vertex -24.9079 -2.5899 2.2
    endloop
  endfacet
  facet normal -0.652915 -0.757432 0
    outer loop
      vertex -24.9079 -2.5899 2.2
      vertex -24.89 -2.60533 10.8
      vertex -24.9079 -2.5899 10.8
    endloop
  endfacet
  facet normal -0.652915 -0.757432 -0
    outer loop
      vertex -24.89 -2.60533 10.8
      vertex -24.9079 -2.5899 2.2
      vertex -24.89 -2.60533 2.2
    endloop
  endfacet
  facet normal -0.624436 -0.781076 0
    outer loop
      vertex -24.89 -2.60533 2.2
      vertex -24.8716 -2.62004 10.8
      vertex -24.89 -2.60533 10.8
    endloop
  endfacet
  facet normal -0.624436 -0.781076 -0
    outer loop
      vertex -24.8716 -2.62004 10.8
      vertex -24.89 -2.60533 2.2
      vertex -24.8716 -2.62004 2.2
    endloop
  endfacet
  facet normal -0.594678 -0.803964 0
    outer loop
      vertex -24.8716 -2.62004 2.2
      vertex -24.8527 -2.63402 10.8
      vertex -24.8716 -2.62004 10.8
    endloop
  endfacet
  facet normal -0.594678 -0.803964 -0
    outer loop
      vertex -24.8527 -2.63402 10.8
      vertex -24.8716 -2.62004 2.2
      vertex -24.8527 -2.63402 2.2
    endloop
  endfacet
  facet normal -0.560858 -0.827912 0
    outer loop
      vertex -24.8527 -2.63402 2.2
      vertex -24.8332 -2.64723 10.8
      vertex -24.8527 -2.63402 10.8
    endloop
  endfacet
  facet normal -0.560858 -0.827912 -0
    outer loop
      vertex -24.8332 -2.64723 10.8
      vertex -24.8527 -2.63402 2.2
      vertex -24.8332 -2.64723 2.2
    endloop
  endfacet
  facet normal -0.526267 -0.850319 0
    outer loop
      vertex -24.8332 -2.64723 2.2
      vertex -24.8131 -2.65967 10.8
      vertex -24.8332 -2.64723 10.8
    endloop
  endfacet
  facet normal -0.526267 -0.850319 -0
    outer loop
      vertex -24.8131 -2.65967 10.8
      vertex -24.8332 -2.64723 2.2
      vertex -24.8131 -2.65967 2.2
    endloop
  endfacet
  facet normal -0.495589 -0.868557 0
    outer loop
      vertex -24.8131 -2.65967 2.2
      vertex -24.7927 -2.67131 10.8
      vertex -24.8131 -2.65967 10.8
    endloop
  endfacet
  facet normal -0.495589 -0.868557 -0
    outer loop
      vertex -24.7927 -2.67131 10.8
      vertex -24.8131 -2.65967 2.2
      vertex -24.7927 -2.67131 2.2
    endloop
  endfacet
  facet normal -0.460082 -0.887877 0
    outer loop
      vertex -24.7927 -2.67131 2.2
      vertex -24.7718 -2.68214 10.8
      vertex -24.7927 -2.67131 10.8
    endloop
  endfacet
  facet normal -0.460082 -0.887877 -0
    outer loop
      vertex -24.7718 -2.68214 10.8
      vertex -24.7927 -2.67131 2.2
      vertex -24.7718 -2.68214 2.2
    endloop
  endfacet
  facet normal -0.423696 -0.905804 0
    outer loop
      vertex -24.7718 -2.68214 2.2
      vertex -24.7504 -2.69215 10.8
      vertex -24.7718 -2.68214 10.8
    endloop
  endfacet
  facet normal -0.423696 -0.905804 -0
    outer loop
      vertex -24.7504 -2.69215 10.8
      vertex -24.7718 -2.68214 2.2
      vertex -24.7504 -2.69215 2.2
    endloop
  endfacet
  facet normal -0.388892 -0.921283 0
    outer loop
      vertex -24.7504 -2.69215 2.2
      vertex -24.7287 -2.70131 10.8
      vertex -24.7504 -2.69215 10.8
    endloop
  endfacet
  facet normal -0.388892 -0.921283 -0
    outer loop
      vertex -24.7287 -2.70131 10.8
      vertex -24.7504 -2.69215 2.2
      vertex -24.7287 -2.70131 2.2
    endloop
  endfacet
  facet normal -0.351588 -0.936155 0
    outer loop
      vertex -24.7287 -2.70131 2.2
      vertex -24.7066 -2.70961 10.8
      vertex -24.7287 -2.70131 10.8
    endloop
  endfacet
  facet normal -0.351588 -0.936155 -0
    outer loop
      vertex -24.7066 -2.70961 10.8
      vertex -24.7287 -2.70131 2.2
      vertex -24.7066 -2.70961 2.2
    endloop
  endfacet
  facet normal -0.3161 -0.948726 0
    outer loop
      vertex -24.7066 -2.70961 2.2
      vertex -24.6843 -2.71704 10.8
      vertex -24.7066 -2.70961 10.8
    endloop
  endfacet
  facet normal -0.3161 -0.948726 -0
    outer loop
      vertex -24.6843 -2.71704 10.8
      vertex -24.7066 -2.70961 2.2
      vertex -24.6843 -2.71704 2.2
    endloop
  endfacet
  facet normal -0.277583 -0.960702 0
    outer loop
      vertex -24.6843 -2.71704 2.2
      vertex -24.6617 -2.72357 10.8
      vertex -24.6843 -2.71704 10.8
    endloop
  endfacet
  facet normal -0.277583 -0.960702 -0
    outer loop
      vertex -24.6617 -2.72357 10.8
      vertex -24.6843 -2.71704 2.2
      vertex -24.6617 -2.72357 2.2
    endloop
  endfacet
  facet normal -0.239941 -0.970787 0
    outer loop
      vertex -24.6617 -2.72357 2.2
      vertex -24.6388 -2.72923 10.8
      vertex -24.6617 -2.72357 10.8
    endloop
  endfacet
  facet normal -0.239941 -0.970787 -0
    outer loop
      vertex -24.6388 -2.72923 10.8
      vertex -24.6617 -2.72357 2.2
      vertex -24.6388 -2.72923 2.2
    endloop
  endfacet
  facet normal -0.201414 -0.979506 0
    outer loop
      vertex -24.6388 -2.72923 2.2
      vertex -24.6157 -2.73398 10.8
      vertex -24.6388 -2.72923 10.8
    endloop
  endfacet
  facet normal -0.201414 -0.979506 -0
    outer loop
      vertex -24.6157 -2.73398 10.8
      vertex -24.6388 -2.72923 2.2
      vertex -24.6157 -2.73398 2.2
    endloop
  endfacet
  facet normal -0.162882 -0.986646 0
    outer loop
      vertex -24.6157 -2.73398 2.2
      vertex -24.5925 -2.73781 10.8
      vertex -24.6157 -2.73398 10.8
    endloop
  endfacet
  facet normal -0.162882 -0.986646 -0
    outer loop
      vertex -24.5925 -2.73781 10.8
      vertex -24.6157 -2.73398 2.2
      vertex -24.5925 -2.73781 2.2
    endloop
  endfacet
  facet normal -0.124243 -0.992252 0
    outer loop
      vertex -24.5925 -2.73781 2.2
      vertex -24.5691 -2.74074 10.8
      vertex -24.5925 -2.73781 10.8
    endloop
  endfacet
  facet normal -0.124243 -0.992252 -0
    outer loop
      vertex -24.5691 -2.74074 10.8
      vertex -24.5925 -2.73781 2.2
      vertex -24.5691 -2.74074 2.2
    endloop
  endfacet
  facet normal -0.0847998 -0.996398 0
    outer loop
      vertex -24.5691 -2.74074 2.2
      vertex -24.5456 -2.74274 10.8
      vertex -24.5691 -2.74074 10.8
    endloop
  endfacet
  facet normal -0.0847998 -0.996398 -0
    outer loop
      vertex -24.5456 -2.74274 10.8
      vertex -24.5691 -2.74074 2.2
      vertex -24.5456 -2.74274 2.2
    endloop
  endfacet
  facet normal -0.0590507 -0.998255 0
    outer loop
      vertex -24.5456 -2.74274 2.2
      vertex -15.6603 -3.26834 10.8
      vertex -24.5456 -2.74274 10.8
    endloop
  endfacet
  facet normal -0.0590507 -0.998255 -0
    outer loop
      vertex -15.6603 -3.26834 10.8
      vertex -24.5456 -2.74274 2.2
      vertex -15.6603 -3.26834 2.2
    endloop
  endfacet
  facet normal -0.976772 -0.21428 0
    outer loop
      vertex -15.5579 -3.73512 2.2
      vertex -15.6603 -3.26834 10.8
      vertex -15.6603 -3.26834 2.2
    endloop
  endfacet
  facet normal -0.976772 -0.21428 0
    outer loop
      vertex -15.6603 -3.26834 10.8
      vertex -15.5579 -3.73512 2.2
      vertex -15.5579 -3.73512 10.8
    endloop
  endfacet
  facet normal -0.967612 -0.252444 0
    outer loop
      vertex -15.3993 -4.34303 2.2
      vertex -15.5579 -3.73512 10.8
      vertex -15.5579 -3.73512 2.2
    endloop
  endfacet
  facet normal -0.967612 -0.252444 0
    outer loop
      vertex -15.5579 -3.73512 10.8
      vertex -15.3993 -4.34303 2.2
      vertex -15.3993 -4.34303 10.8
    endloop
  endfacet
  facet normal -0.956932 -0.290312 0
    outer loop
      vertex -15.2169 -4.94426 2.2
      vertex -15.3993 -4.34303 10.8
      vertex -15.3993 -4.34303 2.2
    endloop
  endfacet
  facet normal -0.956932 -0.290312 0
    outer loop
      vertex -15.3993 -4.34303 10.8
      vertex -15.2169 -4.94426 2.2
      vertex -15.2169 -4.94426 10.8
    endloop
  endfacet
  facet normal -0.944779 -0.327707 0
    outer loop
      vertex -15.011 -5.53787 2.2
      vertex -15.2169 -4.94426 10.8
      vertex -15.2169 -4.94426 2.2
    endloop
  endfacet
  facet normal -0.944779 -0.327707 0
    outer loop
      vertex -15.2169 -4.94426 10.8
      vertex -15.011 -5.53787 2.2
      vertex -15.011 -5.53787 10.8
    endloop
  endfacet
  facet normal -0.93126 -0.364354 0
    outer loop
      vertex -14.7821 -6.12292 2.2
      vertex -15.011 -5.53787 10.8
      vertex -15.011 -5.53787 2.2
    endloop
  endfacet
  facet normal -0.93126 -0.364354 0
    outer loop
      vertex -15.011 -5.53787 10.8
      vertex -14.7821 -6.12292 2.2
      vertex -14.7821 -6.12292 10.8
    endloop
  endfacet
  facet normal -0.91618 -0.400768 0
    outer loop
      vertex -14.5303 -6.69855 2.2
      vertex -14.7821 -6.12292 10.8
      vertex -14.7821 -6.12292 2.2
    endloop
  endfacet
  facet normal -0.91618 -0.400768 0
    outer loop
      vertex -14.7821 -6.12292 10.8
      vertex -14.5303 -6.69855 2.2
      vertex -14.5303 -6.69855 10.8
    endloop
  endfacet
  facet normal -0.899739 -0.436428 0
    outer loop
      vertex -14.2561 -7.26384 2.2
      vertex -14.5303 -6.69855 10.8
      vertex -14.5303 -6.69855 2.2
    endloop
  endfacet
  facet normal -0.899739 -0.436428 0
    outer loop
      vertex -14.5303 -6.69855 10.8
      vertex -14.2561 -7.26384 2.2
      vertex -14.2561 -7.26384 10.8
    endloop
  endfacet
  facet normal -0.8819 -0.471437 0
    outer loop
      vertex -13.9599 -7.81793 2.2
      vertex -14.2561 -7.26384 10.8
      vertex -14.2561 -7.26384 2.2
    endloop
  endfacet
  facet normal -0.8819 -0.471437 0
    outer loop
      vertex -14.2561 -7.26384 10.8
      vertex -13.9599 -7.81793 2.2
      vertex -13.9599 -7.81793 10.8
    endloop
  endfacet
  facet normal -0.862731 -0.505663 0
    outer loop
      vertex -13.6422 -8.35997 2.2
      vertex -13.9599 -7.81793 10.8
      vertex -13.9599 -7.81793 2.2
    endloop
  endfacet
  facet normal -0.862731 -0.505663 0
    outer loop
      vertex -13.9599 -7.81793 10.8
      vertex -13.6422 -8.35997 2.2
      vertex -13.6422 -8.35997 10.8
    endloop
  endfacet
  facet normal -0.842235 -0.539111 0
    outer loop
      vertex -13.3035 -8.88911 2.2
      vertex -13.6422 -8.35997 10.8
      vertex -13.6422 -8.35997 2.2
    endloop
  endfacet
  facet normal -0.842235 -0.539111 0
    outer loop
      vertex -13.6422 -8.35997 10.8
      vertex -13.3035 -8.88911 2.2
      vertex -13.3035 -8.88911 10.8
    endloop
  endfacet
  facet normal -0.820438 -0.571736 0
    outer loop
      vertex -12.9443 -9.40456 2.2
      vertex -13.3035 -8.88911 10.8
      vertex -13.3035 -8.88911 2.2
    endloop
  endfacet
  facet normal -0.820438 -0.571736 0
    outer loop
      vertex -13.3035 -8.88911 10.8
      vertex -12.9443 -9.40456 2.2
      vertex -12.9443 -9.40456 10.8
    endloop
  endfacet
  facet normal -0.797322 -0.603554 0
    outer loop
      vertex -12.5651 -9.9055 2.2
      vertex -12.9443 -9.40456 10.8
      vertex -12.9443 -9.40456 2.2
    endloop
  endfacet
  facet normal -0.797322 -0.603554 0
    outer loop
      vertex -12.9443 -9.40456 10.8
      vertex -12.5651 -9.9055 2.2
      vertex -12.5651 -9.9055 10.8
    endloop
  endfacet
  facet normal -0.773013 -0.63439 0
    outer loop
      vertex -12.1665 -10.3912 2.2
      vertex -12.5651 -9.9055 10.8
      vertex -12.5651 -9.9055 2.2
    endloop
  endfacet
  facet normal -0.773013 -0.63439 0
    outer loop
      vertex -12.5651 -9.9055 10.8
      vertex -12.1665 -10.3912 2.2
      vertex -12.1665 -10.3912 10.8
    endloop
  endfacet
  facet normal -0.747427 -0.664344 0
    outer loop
      vertex -11.7491 -10.8608 2.2
      vertex -12.1665 -10.3912 10.8
      vertex -12.1665 -10.3912 2.2
    endloop
  endfacet
  facet normal -0.747427 -0.664344 0
    outer loop
      vertex -12.1665 -10.3912 10.8
      vertex -11.7491 -10.8608 2.2
      vertex -11.7491 -10.8608 10.8
    endloop
  endfacet
  facet normal -0.720897 -0.693042 0
    outer loop
      vertex -11.3137 -11.3137 2.2
      vertex -11.7491 -10.8608 10.8
      vertex -11.7491 -10.8608 2.2
    endloop
  endfacet
  facet normal -0.720897 -0.693042 0
    outer loop
      vertex -11.7491 -10.8608 10.8
      vertex -11.3137 -11.3137 2.2
      vertex -11.3137 -11.3137 10.8
    endloop
  endfacet
  facet normal -0.693042 -0.720897 0
    outer loop
      vertex -11.3137 -11.3137 2.2
      vertex -10.8608 -11.7491 10.8
      vertex -11.3137 -11.3137 10.8
    endloop
  endfacet
  facet normal -0.693042 -0.720897 -0
    outer loop
      vertex -10.8608 -11.7491 10.8
      vertex -11.3137 -11.3137 2.2
      vertex -10.8608 -11.7491 2.2
    endloop
  endfacet
  facet normal -0.664344 -0.747427 0
    outer loop
      vertex -10.8608 -11.7491 2.2
      vertex -10.3912 -12.1665 10.8
      vertex -10.8608 -11.7491 10.8
    endloop
  endfacet
  facet normal -0.664344 -0.747427 -0
    outer loop
      vertex -10.3912 -12.1665 10.8
      vertex -10.8608 -11.7491 2.2
      vertex -10.3912 -12.1665 2.2
    endloop
  endfacet
  facet normal -0.63439 -0.773013 0
    outer loop
      vertex -10.3912 -12.1665 2.2
      vertex -9.9055 -12.5651 10.8
      vertex -10.3912 -12.1665 10.8
    endloop
  endfacet
  facet normal -0.63439 -0.773013 -0
    outer loop
      vertex -9.9055 -12.5651 10.8
      vertex -10.3912 -12.1665 2.2
      vertex -9.9055 -12.5651 2.2
    endloop
  endfacet
  facet normal -0.603554 -0.797322 0
    outer loop
      vertex -9.9055 -12.5651 2.2
      vertex -9.40456 -12.9443 10.8
      vertex -9.9055 -12.5651 10.8
    endloop
  endfacet
  facet normal -0.603554 -0.797322 -0
    outer loop
      vertex -9.40456 -12.9443 10.8
      vertex -9.9055 -12.5651 2.2
      vertex -9.40456 -12.9443 2.2
    endloop
  endfacet
  facet normal -0.571736 -0.820438 0
    outer loop
      vertex -9.40456 -12.9443 2.2
      vertex -8.88911 -13.3035 10.8
      vertex -9.40456 -12.9443 10.8
    endloop
  endfacet
  facet normal -0.571736 -0.820438 -0
    outer loop
      vertex -8.88911 -13.3035 10.8
      vertex -9.40456 -12.9443 2.2
      vertex -8.88911 -13.3035 2.2
    endloop
  endfacet
  facet normal -0.539111 -0.842235 0
    outer loop
      vertex -8.88911 -13.3035 2.2
      vertex -8.35997 -13.6422 10.8
      vertex -8.88911 -13.3035 10.8
    endloop
  endfacet
  facet normal -0.539111 -0.842235 -0
    outer loop
      vertex -8.35997 -13.6422 10.8
      vertex -8.88911 -13.3035 2.2
      vertex -8.35997 -13.6422 2.2
    endloop
  endfacet
  facet normal -0.505663 -0.862731 0
    outer loop
      vertex -8.35997 -13.6422 2.2
      vertex -7.81793 -13.9599 10.8
      vertex -8.35997 -13.6422 10.8
    endloop
  endfacet
  facet normal -0.505663 -0.862731 -0
    outer loop
      vertex -7.81793 -13.9599 10.8
      vertex -8.35997 -13.6422 2.2
      vertex -7.81793 -13.9599 2.2
    endloop
  endfacet
  facet normal -0.471437 -0.8819 0
    outer loop
      vertex -7.81793 -13.9599 2.2
      vertex -7.26384 -14.2561 10.8
      vertex -7.81793 -13.9599 10.8
    endloop
  endfacet
  facet normal -0.471437 -0.8819 -0
    outer loop
      vertex -7.26384 -14.2561 10.8
      vertex -7.81793 -13.9599 2.2
      vertex -7.26384 -14.2561 2.2
    endloop
  endfacet
  facet normal -0.436428 -0.899739 0
    outer loop
      vertex -7.26384 -14.2561 2.2
      vertex -6.69855 -14.5303 10.8
      vertex -7.26384 -14.2561 10.8
    endloop
  endfacet
  facet normal -0.436428 -0.899739 -0
    outer loop
      vertex -6.69855 -14.5303 10.8
      vertex -7.26384 -14.2561 2.2
      vertex -6.69855 -14.5303 2.2
    endloop
  endfacet
  facet normal -0.400768 -0.91618 0
    outer loop
      vertex -6.69855 -14.5303 2.2
      vertex -6.12292 -14.7821 10.8
      vertex -6.69855 -14.5303 10.8
    endloop
  endfacet
  facet normal -0.400768 -0.91618 -0
    outer loop
      vertex -6.12292 -14.7821 10.8
      vertex -6.69855 -14.5303 2.2
      vertex -6.12292 -14.7821 2.2
    endloop
  endfacet
  facet normal -0.364354 -0.93126 0
    outer loop
      vertex -6.12292 -14.7821 2.2
      vertex -5.53787 -15.011 10.8
      vertex -6.12292 -14.7821 10.8
    endloop
  endfacet
  facet normal -0.364354 -0.93126 -0
    outer loop
      vertex -5.53787 -15.011 10.8
      vertex -6.12292 -14.7821 2.2
      vertex -5.53787 -15.011 2.2
    endloop
  endfacet
  facet normal -0.327707 -0.944779 0
    outer loop
      vertex -5.53787 -15.011 2.2
      vertex -4.94426 -15.2169 10.8
      vertex -5.53787 -15.011 10.8
    endloop
  endfacet
  facet normal -0.327707 -0.944779 -0
    outer loop
      vertex -4.94426 -15.2169 10.8
      vertex -5.53787 -15.011 2.2
      vertex -4.94426 -15.2169 2.2
    endloop
  endfacet
  facet normal -0.290312 -0.956932 0
    outer loop
      vertex -4.94426 -15.2169 2.2
      vertex -4.34303 -15.3993 10.8
      vertex -4.94426 -15.2169 10.8
    endloop
  endfacet
  facet normal -0.290312 -0.956932 -0
    outer loop
      vertex -4.34303 -15.3993 10.8
      vertex -4.94426 -15.2169 2.2
      vertex -4.34303 -15.3993 2.2
    endloop
  endfacet
  facet normal -0.252444 -0.967612 0
    outer loop
      vertex -4.34303 -15.3993 2.2
      vertex -3.73512 -15.5579 10.8
      vertex -4.34303 -15.3993 10.8
    endloop
  endfacet
  facet normal -0.252444 -0.967612 -0
    outer loop
      vertex -3.73512 -15.5579 10.8
      vertex -4.34303 -15.3993 2.2
      vertex -3.73512 -15.5579 2.2
    endloop
  endfacet
  facet normal -0.214392 -0.976748 0
    outer loop
      vertex -3.73512 -15.5579 2.2
      vertex -3.12144 -15.6926 10.8
      vertex -3.73512 -15.5579 10.8
    endloop
  endfacet
  facet normal -0.214392 -0.976748 -0
    outer loop
      vertex -3.12144 -15.6926 10.8
      vertex -3.73512 -15.5579 2.2
      vertex -3.12144 -15.6926 2.2
    endloop
  endfacet
  facet normal -0.175719 -0.98444 0
    outer loop
      vertex -3.12144 -15.6926 2.2
      vertex -2.50294 -15.803 10.8
      vertex -3.12144 -15.6926 10.8
    endloop
  endfacet
  facet normal -0.175719 -0.98444 -0
    outer loop
      vertex -2.50294 -15.803 10.8
      vertex -3.12144 -15.6926 2.2
      vertex -2.50294 -15.803 2.2
    endloop
  endfacet
  facet normal -0.137039 -0.990566 0
    outer loop
      vertex -2.50294 -15.803 2.2
      vertex -1.88058 -15.8891 10.8
      vertex -2.50294 -15.803 10.8
    endloop
  endfacet
  facet normal -0.137039 -0.990566 -0
    outer loop
      vertex -1.88058 -15.8891 10.8
      vertex -2.50294 -15.803 2.2
      vertex -1.88058 -15.8891 2.2
    endloop
  endfacet
  facet normal -0.0980475 -0.995182 0
    outer loop
      vertex -1.88058 -15.8891 2.2
      vertex -1.25534 -15.9507 10.8
      vertex -1.88058 -15.8891 10.8
    endloop
  endfacet
  facet normal -0.0980475 -0.995182 -0
    outer loop
      vertex -1.25534 -15.9507 10.8
      vertex -1.88058 -15.8891 2.2
      vertex -1.25534 -15.9507 2.2
    endloop
  endfacet
  facet normal -0.0588902 -0.998264 0
    outer loop
      vertex -1.25534 -15.9507 2.2
      vertex -0.628143 -15.9877 10.8
      vertex -1.25534 -15.9507 10.8
    endloop
  endfacet
  facet normal -0.0588902 -0.998264 -0
    outer loop
      vertex -0.628143 -15.9877 10.8
      vertex -1.25534 -15.9507 2.2
      vertex -0.628143 -15.9877 2.2
    endloop
  endfacet
  facet normal -0.0195778 -0.999808 0
    outer loop
      vertex -0.628143 -15.9877 2.2
      vertex 0 -16 10.8
      vertex -0.628143 -15.9877 10.8
    endloop
  endfacet
  facet normal -0.0195778 -0.999808 -0
    outer loop
      vertex 0 -16 10.8
      vertex -0.628143 -15.9877 2.2
      vertex 0 -16 2.2
    endloop
  endfacet
  facet normal 0.0195778 -0.999808 0
    outer loop
      vertex 0 -16 2.2
      vertex 0.628143 -15.9877 10.8
      vertex 0 -16 10.8
    endloop
  endfacet
  facet normal 0.0195778 -0.999808 0
    outer loop
      vertex 0.628143 -15.9877 10.8
      vertex 0 -16 2.2
      vertex 0.628143 -15.9877 2.2
    endloop
  endfacet
  facet normal 0.0588902 -0.998264 0
    outer loop
      vertex 0.628143 -15.9877 2.2
      vertex 1.25534 -15.9507 10.8
      vertex 0.628143 -15.9877 10.8
    endloop
  endfacet
  facet normal 0.0588902 -0.998264 0
    outer loop
      vertex 1.25534 -15.9507 10.8
      vertex 0.628143 -15.9877 2.2
      vertex 1.25534 -15.9507 2.2
    endloop
  endfacet
  facet normal 0.0980475 -0.995182 0
    outer loop
      vertex 1.25534 -15.9507 2.2
      vertex 1.88058 -15.8891 10.8
      vertex 1.25534 -15.9507 10.8
    endloop
  endfacet
  facet normal 0.0980475 -0.995182 0
    outer loop
      vertex 1.88058 -15.8891 10.8
      vertex 1.25534 -15.9507 2.2
      vertex 1.88058 -15.8891 2.2
    endloop
  endfacet
  facet normal 0.137039 -0.990566 0
    outer loop
      vertex 1.88058 -15.8891 2.2
      vertex 2.50294 -15.803 10.8
      vertex 1.88058 -15.8891 10.8
    endloop
  endfacet
  facet normal 0.137039 -0.990566 0
    outer loop
      vertex 2.50294 -15.803 10.8
      vertex 1.88058 -15.8891 2.2
      vertex 2.50294 -15.803 2.2
    endloop
  endfacet
  facet normal 0.175719 -0.98444 0
    outer loop
      vertex 2.50294 -15.803 2.2
      vertex 3.12144 -15.6926 10.8
      vertex 2.50294 -15.803 10.8
    endloop
  endfacet
  facet normal 0.175719 -0.98444 0
    outer loop
      vertex 3.12144 -15.6926 10.8
      vertex 2.50294 -15.803 2.2
      vertex 3.12144 -15.6926 2.2
    endloop
  endfacet
  facet normal 0.214392 -0.976748 0
    outer loop
      vertex 3.12144 -15.6926 2.2
      vertex 3.73512 -15.5579 10.8
      vertex 3.12144 -15.6926 10.8
    endloop
  endfacet
  facet normal 0.214392 -0.976748 0
    outer loop
      vertex 3.73512 -15.5579 10.8
      vertex 3.12144 -15.6926 2.2
      vertex 3.73512 -15.5579 2.2
    endloop
  endfacet
  facet normal 0.252444 -0.967612 0
    outer loop
      vertex 3.73512 -15.5579 2.2
      vertex 4.34303 -15.3993 10.8
      vertex 3.73512 -15.5579 10.8
    endloop
  endfacet
  facet normal 0.252444 -0.967612 0
    outer loop
      vertex 4.34303 -15.3993 10.8
      vertex 3.73512 -15.5579 2.2
      vertex 4.34303 -15.3993 2.2
    endloop
  endfacet
  facet normal 0.290312 -0.956932 0
    outer loop
      vertex 4.34303 -15.3993 2.2
      vertex 4.94426 -15.2169 10.8
      vertex 4.34303 -15.3993 10.8
    endloop
  endfacet
  facet normal 0.290312 -0.956932 0
    outer loop
      vertex 4.94426 -15.2169 10.8
      vertex 4.34303 -15.3993 2.2
      vertex 4.94426 -15.2169 2.2
    endloop
  endfacet
  facet normal 0.327707 -0.944779 0
    outer loop
      vertex 4.94426 -15.2169 2.2
      vertex 5.53787 -15.011 10.8
      vertex 4.94426 -15.2169 10.8
    endloop
  endfacet
  facet normal 0.327707 -0.944779 0
    outer loop
      vertex 5.53787 -15.011 10.8
      vertex 4.94426 -15.2169 2.2
      vertex 5.53787 -15.011 2.2
    endloop
  endfacet
  facet normal 0.364354 -0.93126 0
    outer loop
      vertex 5.53787 -15.011 2.2
      vertex 6.12292 -14.7821 10.8
      vertex 5.53787 -15.011 10.8
    endloop
  endfacet
  facet normal 0.364354 -0.93126 0
    outer loop
      vertex 6.12292 -14.7821 10.8
      vertex 5.53787 -15.011 2.2
      vertex 6.12292 -14.7821 2.2
    endloop
  endfacet
  facet normal 0.400768 -0.91618 0
    outer loop
      vertex 6.12292 -14.7821 2.2
      vertex 6.69855 -14.5303 10.8
      vertex 6.12292 -14.7821 10.8
    endloop
  endfacet
  facet normal 0.400768 -0.91618 0
    outer loop
      vertex 6.69855 -14.5303 10.8
      vertex 6.12292 -14.7821 2.2
      vertex 6.69855 -14.5303 2.2
    endloop
  endfacet
  facet normal 0.436428 -0.899739 0
    outer loop
      vertex 6.69855 -14.5303 2.2
      vertex 7.26384 -14.2561 10.8
      vertex 6.69855 -14.5303 10.8
    endloop
  endfacet
  facet normal 0.436428 -0.899739 0
    outer loop
      vertex 7.26384 -14.2561 10.8
      vertex 6.69855 -14.5303 2.2
      vertex 7.26384 -14.2561 2.2
    endloop
  endfacet
  facet normal 0.471512 -0.88186 0
    outer loop
      vertex 7.26384 -14.2561 2.2
      vertex 7.56215 -14.0966 10.8
      vertex 7.26384 -14.2561 10.8
    endloop
  endfacet
  facet normal 0.471512 -0.88186 0
    outer loop
      vertex 7.56215 -14.0966 10.8
      vertex 7.26384 -14.2561 2.2
      vertex 7.56215 -14.0966 2.2
    endloop
  endfacet
  facet normal -0.726763 -0.686888 0
    outer loop
      vertex 13.1891 -20.0502 2.2
      vertex 7.56215 -14.0966 10.8
      vertex 7.56215 -14.0966 2.2
    endloop
  endfacet
  facet normal -0.726763 -0.686888 0
    outer loop
      vertex 7.56215 -14.0966 10.8
      vertex 13.1891 -20.0502 2.2
      vertex 13.1891 -20.0502 10.8
    endloop
  endfacet
  facet normal -0.551592 0.834114 0
    outer loop
      vertex 13.1891 -20.0502 2.2
      vertex 13.0713 -20.1281 10.8
      vertex 13.1891 -20.0502 10.8
    endloop
  endfacet
  facet normal -0.551592 0.834114 0
    outer loop
      vertex 13.0713 -20.1281 10.8
      vertex 13.1891 -20.0502 2.2
      vertex 13.0713 -20.1281 2.2
    endloop
  endfacet
  facet normal -0.537169 0.843475 0
    outer loop
      vertex 13.0713 -20.1281 2.2
      vertex 12.718 -20.3531 10.8
      vertex 13.0713 -20.1281 10.8
    endloop
  endfacet
  facet normal -0.537169 0.843475 0
    outer loop
      vertex 12.718 -20.3531 10.8
      vertex 13.0713 -20.1281 2.2
      vertex 12.718 -20.3531 2.2
    endloop
  endfacet
  facet normal -0.522618 0.852567 0
    outer loop
      vertex 12.718 -20.3531 2.2
      vertex 12.3609 -20.572 10.8
      vertex 12.718 -20.3531 10.8
    endloop
  endfacet
  facet normal -0.522618 0.852567 0
    outer loop
      vertex 12.3609 -20.572 10.8
      vertex 12.718 -20.3531 2.2
      vertex 12.3609 -20.572 2.2
    endloop
  endfacet
  facet normal -0.507563 0.861615 0
    outer loop
      vertex 12.3609 -20.572 2.2
      vertex 12 -20.7846 10.8
      vertex 12.3609 -20.572 10.8
    endloop
  endfacet
  facet normal -0.507563 0.861615 0
    outer loop
      vertex 12 -20.7846 10.8
      vertex 12.3609 -20.572 2.2
      vertex 12 -20.7846 2.2
    endloop
  endfacet
  facet normal -0.492278 0.870438 0
    outer loop
      vertex 12 -20.7846 2.2
      vertex 11.6354 -20.9908 10.8
      vertex 12 -20.7846 10.8
    endloop
  endfacet
  facet normal -0.492278 0.870438 0
    outer loop
      vertex 11.6354 -20.9908 10.8
      vertex 12 -20.7846 2.2
      vertex 11.6354 -20.9908 2.2
    endloop
  endfacet
  facet normal -0.477229 0.878779 0
    outer loop
      vertex 11.6354 -20.9908 2.2
      vertex 11.2673 -21.1907 10.8
      vertex 11.6354 -20.9908 10.8
    endloop
  endfacet
  facet normal -0.477229 0.878779 0
    outer loop
      vertex 11.2673 -21.1907 10.8
      vertex 11.6354 -20.9908 2.2
      vertex 11.2673 -21.1907 2.2
    endloop
  endfacet
  facet normal -0.461766 0.887002 0
    outer loop
      vertex 11.2673 -21.1907 2.2
      vertex 10.8958 -21.3841 10.8
      vertex 11.2673 -21.1907 10.8
    endloop
  endfacet
  facet normal -0.461766 0.887002 0
    outer loop
      vertex 10.8958 -21.3841 10.8
      vertex 11.2673 -21.1907 2.2
      vertex 10.8958 -21.3841 2.2
    endloop
  endfacet
  facet normal -0.446163 0.894952 0
    outer loop
      vertex 10.8958 -21.3841 2.2
      vertex 10.5209 -21.571 10.8
      vertex 10.8958 -21.3841 10.8
    endloop
  endfacet
  facet normal -0.446163 0.894952 0
    outer loop
      vertex 10.5209 -21.571 10.8
      vertex 10.8958 -21.3841 2.2
      vertex 10.5209 -21.571 2.2
    endloop
  endfacet
  facet normal -0.430619 0.902534 0
    outer loop
      vertex 10.5209 -21.571 2.2
      vertex 10.1428 -21.7514 10.8
      vertex 10.5209 -21.571 10.8
    endloop
  endfacet
  facet normal -0.430619 0.902534 0
    outer loop
      vertex 10.1428 -21.7514 10.8
      vertex 10.5209 -21.571 2.2
      vertex 10.1428 -21.7514 2.2
    endloop
  endfacet
  facet normal -0.414702 0.909957 0
    outer loop
      vertex 10.1428 -21.7514 2.2
      vertex 9.76166 -21.9251 10.8
      vertex 10.1428 -21.7514 10.8
    endloop
  endfacet
  facet normal -0.414702 0.909957 0
    outer loop
      vertex 9.76166 -21.9251 10.8
      vertex 10.1428 -21.7514 2.2
      vertex 9.76166 -21.9251 2.2
    endloop
  endfacet
  facet normal -0.3987 0.917081 0
    outer loop
      vertex 9.76166 -21.9251 2.2
      vertex 9.37753 -22.0921 10.8
      vertex 9.76166 -21.9251 10.8
    endloop
  endfacet
  facet normal -0.3987 0.917081 0
    outer loop
      vertex 9.37753 -22.0921 10.8
      vertex 9.76166 -21.9251 2.2
      vertex 9.37753 -22.0921 2.2
    endloop
  endfacet
  facet normal -0.382691 0.923877 0
    outer loop
      vertex 9.37753 -22.0921 2.2
      vertex 8.99054 -22.2524 10.8
      vertex 9.37753 -22.0921 10.8
    endloop
  endfacet
  facet normal -0.382691 0.923877 0
    outer loop
      vertex 8.99054 -22.2524 10.8
      vertex 9.37753 -22.0921 2.2
      vertex 8.99054 -22.2524 2.2
    endloop
  endfacet
  facet normal -0.366463 0.930433 0
    outer loop
      vertex 8.99054 -22.2524 2.2
      vertex 8.60081 -22.4059 10.8
      vertex 8.99054 -22.2524 10.8
    endloop
  endfacet
  facet normal -0.366463 0.930433 0
    outer loop
      vertex 8.60081 -22.4059 10.8
      vertex 8.99054 -22.2524 2.2
      vertex 8.60081 -22.4059 2.2
    endloop
  endfacet
  facet normal -0.350229 0.936664 0
    outer loop
      vertex 8.60081 -22.4059 2.2
      vertex 8.20847 -22.5526 10.8
      vertex 8.60081 -22.4059 10.8
    endloop
  endfacet
  facet normal -0.350229 0.936664 0
    outer loop
      vertex 8.20847 -22.5526 10.8
      vertex 8.60081 -22.4059 2.2
      vertex 8.20847 -22.5526 2.2
    endloop
  endfacet
  facet normal -0.333764 0.942657 0
    outer loop
      vertex 8.20847 -22.5526 2.2
      vertex 7.81363 -22.6924 10.8
      vertex 8.20847 -22.5526 10.8
    endloop
  endfacet
  facet normal -0.333764 0.942657 0
    outer loop
      vertex 7.81363 -22.6924 10.8
      vertex 8.20847 -22.5526 2.2
      vertex 7.81363 -22.6924 2.2
    endloop
  endfacet
  facet normal -0.31728 0.948332 0
    outer loop
      vertex 7.81363 -22.6924 2.2
      vertex 7.4164 -22.8253 10.8
      vertex 7.81363 -22.6924 10.8
    endloop
  endfacet
  facet normal -0.31728 0.948332 0
    outer loop
      vertex 7.4164 -22.8253 10.8
      vertex 7.81363 -22.6924 2.2
      vertex 7.4164 -22.8253 2.2
    endloop
  endfacet
  facet normal -0.300795 0.953689 0
    outer loop
      vertex 7.4164 -22.8253 2.2
      vertex 7.01691 -22.9513 10.8
      vertex 7.4164 -22.8253 10.8
    endloop
  endfacet
  facet normal -0.300795 0.953689 0
    outer loop
      vertex 7.01691 -22.9513 10.8
      vertex 7.4164 -22.8253 2.2
      vertex 7.01691 -22.9513 2.2
    endloop
  endfacet
  facet normal -0.284085 0.958799 0
    outer loop
      vertex 7.01691 -22.9513 2.2
      vertex 6.61528 -23.0703 10.8
      vertex 7.01691 -22.9513 10.8
    endloop
  endfacet
  facet normal -0.284085 0.958799 0
    outer loop
      vertex 6.61528 -23.0703 10.8
      vertex 7.01691 -22.9513 2.2
      vertex 6.61528 -23.0703 2.2
    endloop
  endfacet
  facet normal -0.267151 0.963655 0
    outer loop
      vertex 6.61528 -23.0703 2.2
      vertex 6.21164 -23.1822 10.8
      vertex 6.61528 -23.0703 10.8
    endloop
  endfacet
  facet normal -0.267151 0.963655 0
    outer loop
      vertex 6.21164 -23.1822 10.8
      vertex 6.61528 -23.0703 2.2
      vertex 6.21164 -23.1822 2.2
    endloop
  endfacet
  facet normal -0.250437 0.968133 0
    outer loop
      vertex 6.21164 -23.1822 2.2
      vertex 5.80612 -23.2871 10.8
      vertex 6.21164 -23.1822 10.8
    endloop
  endfacet
  facet normal -0.250437 0.968133 0
    outer loop
      vertex 5.80612 -23.2871 10.8
      vertex 6.21164 -23.1822 2.2
      vertex 5.80612 -23.2871 2.2
    endloop
  endfacet
  facet normal -0.233481 0.972361 0
    outer loop
      vertex 5.80612 -23.2871 2.2
      vertex 5.39882 -23.3849 10.8
      vertex 5.80612 -23.2871 10.8
    endloop
  endfacet
  facet normal -0.233481 0.972361 0
    outer loop
      vertex 5.39882 -23.3849 10.8
      vertex 5.80612 -23.2871 2.2
      vertex 5.39882 -23.3849 2.2
    endloop
  endfacet
  facet normal -0.216298 0.976327 0
    outer loop
      vertex 5.39882 -23.3849 2.2
      vertex 4.98987 -23.4755 10.8
      vertex 5.39882 -23.3849 10.8
    endloop
  endfacet
  facet normal -0.216298 0.976327 0
    outer loop
      vertex 4.98987 -23.4755 10.8
      vertex 5.39882 -23.3849 2.2
      vertex 4.98987 -23.4755 2.2
    endloop
  endfacet
  facet normal -0.199347 0.979929 0
    outer loop
      vertex 4.98987 -23.4755 2.2
      vertex 4.57941 -23.559 10.8
      vertex 4.98987 -23.4755 10.8
    endloop
  endfacet
  facet normal -0.199347 0.979929 0
    outer loop
      vertex 4.57941 -23.559 10.8
      vertex 4.98987 -23.4755 2.2
      vertex 4.57941 -23.559 2.2
    endloop
  endfacet
  facet normal -0.182384 0.983227 0
    outer loop
      vertex 4.57941 -23.559 2.2
      vertex 4.16754 -23.6354 10.8
      vertex 4.57941 -23.559 10.8
    endloop
  endfacet
  facet normal -0.182384 0.983227 0
    outer loop
      vertex 4.16754 -23.6354 10.8
      vertex 4.57941 -23.559 2.2
      vertex 4.16754 -23.6354 2.2
    endloop
  endfacet
  facet normal -0.164976 0.986298 0
    outer loop
      vertex 4.16754 -23.6354 2.2
      vertex 3.75443 -23.7045 10.8
      vertex 4.16754 -23.6354 10.8
    endloop
  endfacet
  facet normal -0.164976 0.986298 0
    outer loop
      vertex 3.75443 -23.7045 10.8
      vertex 4.16754 -23.6354 2.2
      vertex 3.75443 -23.7045 2.2
    endloop
  endfacet
  facet normal -0.147775 0.989021 0
    outer loop
      vertex 3.75443 -23.7045 2.2
      vertex 3.34015 -23.7664 10.8
      vertex 3.75443 -23.7045 10.8
    endloop
  endfacet
  facet normal -0.147775 0.989021 0
    outer loop
      vertex 3.34015 -23.7664 10.8
      vertex 3.75443 -23.7045 2.2
      vertex 3.34015 -23.7664 2.2
    endloop
  endfacet
  facet normal -0.130584 0.991437 0
    outer loop
      vertex 3.34015 -23.7664 2.2
      vertex 2.92485 -23.8211 10.8
      vertex 3.34015 -23.7664 10.8
    endloop
  endfacet
  facet normal -0.130584 0.991437 0
    outer loop
      vertex 2.92485 -23.8211 10.8
      vertex 3.34015 -23.7664 2.2
      vertex 2.92485 -23.8211 2.2
    endloop
  endfacet
  facet normal -0.113164 0.993576 0
    outer loop
      vertex 2.92485 -23.8211 2.2
      vertex 2.50868 -23.8685 10.8
      vertex 2.92485 -23.8211 10.8
    endloop
  endfacet
  facet normal -0.113164 0.993576 0
    outer loop
      vertex 2.50868 -23.8685 10.8
      vertex 2.92485 -23.8211 2.2
      vertex 2.50868 -23.8685 2.2
    endloop
  endfacet
  facet normal -0.0957306 0.995407 0
    outer loop
      vertex 2.50868 -23.8685 2.2
      vertex 2.09172 -23.9086 10.8
      vertex 2.50868 -23.8685 10.8
    endloop
  endfacet
  facet normal -0.0957306 0.995407 0
    outer loop
      vertex 2.09172 -23.9086 10.8
      vertex 2.50868 -23.8685 2.2
      vertex 2.09172 -23.9086 2.2
    endloop
  endfacet
  facet normal -0.0785458 0.996911 0
    outer loop
      vertex 2.09172 -23.9086 2.2
      vertex 1.67415 -23.9415 10.8
      vertex 2.09172 -23.9086 10.8
    endloop
  endfacet
  facet normal -0.0785458 0.996911 0
    outer loop
      vertex 1.67415 -23.9415 10.8
      vertex 2.09172 -23.9086 2.2
      vertex 1.67415 -23.9415 2.2
    endloop
  endfacet
  facet normal -0.0611164 0.998131 0
    outer loop
      vertex 1.67415 -23.9415 2.2
      vertex 1.25606 -23.9671 10.8
      vertex 1.67415 -23.9415 10.8
    endloop
  endfacet
  facet normal -0.0611164 0.998131 0
    outer loop
      vertex 1.25606 -23.9671 10.8
      vertex 1.67415 -23.9415 2.2
      vertex 1.25606 -23.9671 2.2
    endloop
  endfacet
  facet normal -0.0436869 0.999045 0
    outer loop
      vertex 1.25606 -23.9671 2.2
      vertex 0.83757 -23.9854 10.8
      vertex 1.25606 -23.9671 10.8
    endloop
  endfacet
  facet normal -0.0436869 0.999045 0
    outer loop
      vertex 0.83757 -23.9854 10.8
      vertex 1.25606 -23.9671 2.2
      vertex 0.83757 -23.9854 2.2
    endloop
  endfacet
  facet normal -0.0260222 0.999661 0
    outer loop
      vertex 0.83757 -23.9854 2.2
      vertex 0.418839 -23.9963 10.8
      vertex 0.83757 -23.9854 10.8
    endloop
  endfacet
  facet normal -0.0260222 0.999661 0
    outer loop
      vertex 0.418839 -23.9963 10.8
      vertex 0.83757 -23.9854 2.2
      vertex 0.418839 -23.9963 2.2
    endloop
  endfacet
  facet normal -0.0088336 0.999961 0
    outer loop
      vertex 0.418839 -23.9963 2.2
      vertex 0 -24 10.8
      vertex 0.418839 -23.9963 10.8
    endloop
  endfacet
  facet normal -0.0088336 0.999961 0
    outer loop
      vertex 0 -24 10.8
      vertex 0.418839 -23.9963 2.2
      vertex 0 -24 2.2
    endloop
  endfacet
  facet normal 0.00883328 0.999961 -0
    outer loop
      vertex 0 -24 2.2
      vertex -0.418854 -23.9963 10.8
      vertex 0 -24 10.8
    endloop
  endfacet
  facet normal 0.00883328 0.999961 0
    outer loop
      vertex -0.418854 -23.9963 10.8
      vertex 0 -24 2.2
      vertex -0.418854 -23.9963 2.2
    endloop
  endfacet
  facet normal 0.0260222 0.999661 -0
    outer loop
      vertex -0.418854 -23.9963 2.2
      vertex -0.837585 -23.9854 10.8
      vertex -0.418854 -23.9963 10.8
    endloop
  endfacet
  facet normal 0.0260222 0.999661 0
    outer loop
      vertex -0.837585 -23.9854 10.8
      vertex -0.418854 -23.9963 2.2
      vertex -0.837585 -23.9854 2.2
    endloop
  endfacet
  facet normal 0.0436885 0.999045 -0
    outer loop
      vertex -0.837585 -23.9854 2.2
      vertex -1.25606 -23.9671 10.8
      vertex -0.837585 -23.9854 10.8
    endloop
  endfacet
  facet normal 0.0436885 0.999045 0
    outer loop
      vertex -1.25606 -23.9671 10.8
      vertex -0.837585 -23.9854 2.2
      vertex -1.25606 -23.9671 2.2
    endloop
  endfacet
  facet normal 0.0611164 0.998131 -0
    outer loop
      vertex -1.25606 -23.9671 2.2
      vertex -1.67415 -23.9415 10.8
      vertex -1.25606 -23.9671 10.8
    endloop
  endfacet
  facet normal 0.0611164 0.998131 0
    outer loop
      vertex -1.67415 -23.9415 10.8
      vertex -1.25606 -23.9671 2.2
      vertex -1.67415 -23.9415 2.2
    endloop
  endfacet
  facet normal 0.0785458 0.996911 -0
    outer loop
      vertex -1.67415 -23.9415 2.2
      vertex -2.09172 -23.9086 10.8
      vertex -1.67415 -23.9415 10.8
    endloop
  endfacet
  facet normal 0.0785458 0.996911 0
    outer loop
      vertex -2.09172 -23.9086 10.8
      vertex -1.67415 -23.9415 2.2
      vertex -2.09172 -23.9086 2.2
    endloop
  endfacet
  facet normal 0.0957306 0.995407 -0
    outer loop
      vertex -2.09172 -23.9086 2.2
      vertex -2.50868 -23.8685 10.8
      vertex -2.09172 -23.9086 10.8
    endloop
  endfacet
  facet normal 0.0957306 0.995407 0
    outer loop
      vertex -2.50868 -23.8685 10.8
      vertex -2.09172 -23.9086 2.2
      vertex -2.50868 -23.8685 2.2
    endloop
  endfacet
  facet normal 0.113159 0.993577 -0
    outer loop
      vertex -2.50868 -23.8685 2.2
      vertex -2.92487 -23.8211 10.8
      vertex -2.50868 -23.8685 10.8
    endloop
  endfacet
  facet normal 0.113159 0.993577 0
    outer loop
      vertex -2.92487 -23.8211 10.8
      vertex -2.50868 -23.8685 2.2
      vertex -2.92487 -23.8211 2.2
    endloop
  endfacet
  facet normal 0.13059 0.991436 -0
    outer loop
      vertex -2.92487 -23.8211 2.2
      vertex -3.34015 -23.7664 10.8
      vertex -2.92487 -23.8211 10.8
    endloop
  endfacet
  facet normal 0.13059 0.991436 0
    outer loop
      vertex -3.34015 -23.7664 10.8
      vertex -2.92487 -23.8211 2.2
      vertex -3.34015 -23.7664 2.2
    endloop
  endfacet
  facet normal 0.147775 0.989021 -0
    outer loop
      vertex -3.34015 -23.7664 2.2
      vertex -3.75443 -23.7045 10.8
      vertex -3.34015 -23.7664 10.8
    endloop
  endfacet
  facet normal 0.147775 0.989021 0
    outer loop
      vertex -3.75443 -23.7045 10.8
      vertex -3.34015 -23.7664 2.2
      vertex -3.75443 -23.7045 2.2
    endloop
  endfacet
  facet normal 0.164976 0.986298 -0
    outer loop
      vertex -3.75443 -23.7045 2.2
      vertex -4.16754 -23.6354 10.8
      vertex -3.75443 -23.7045 10.8
    endloop
  endfacet
  facet normal 0.164976 0.986298 0
    outer loop
      vertex -4.16754 -23.6354 10.8
      vertex -3.75443 -23.7045 2.2
      vertex -4.16754 -23.6354 2.2
    endloop
  endfacet
  facet normal 0.182384 0.983227 -0
    outer loop
      vertex -4.16754 -23.6354 2.2
      vertex -4.57941 -23.559 10.8
      vertex -4.16754 -23.6354 10.8
    endloop
  endfacet
  facet normal 0.182384 0.983227 0
    outer loop
      vertex -4.57941 -23.559 10.8
      vertex -4.16754 -23.6354 2.2
      vertex -4.57941 -23.559 2.2
    endloop
  endfacet
  facet normal 0.199343 0.97993 -0
    outer loop
      vertex -4.57941 -23.559 2.2
      vertex -4.98988 -23.4755 10.8
      vertex -4.57941 -23.559 10.8
    endloop
  endfacet
  facet normal 0.199343 0.97993 0
    outer loop
      vertex -4.98988 -23.4755 10.8
      vertex -4.57941 -23.559 2.2
      vertex -4.98988 -23.4755 2.2
    endloop
  endfacet
  facet normal 0.216298 0.976327 -0
    outer loop
      vertex -4.98988 -23.4755 2.2
      vertex -5.39883 -23.3849 10.8
      vertex -4.98988 -23.4755 10.8
    endloop
  endfacet
  facet normal 0.216298 0.976327 0
    outer loop
      vertex -5.39883 -23.3849 10.8
      vertex -4.98988 -23.4755 2.2
      vertex -5.39883 -23.3849 2.2
    endloop
  endfacet
  facet normal 0.233492 0.972359 -0
    outer loop
      vertex -5.39883 -23.3849 2.2
      vertex -5.80611 -23.2871 10.8
      vertex -5.39883 -23.3849 10.8
    endloop
  endfacet
  facet normal 0.233492 0.972359 0
    outer loop
      vertex -5.80611 -23.2871 10.8
      vertex -5.39883 -23.3849 2.2
      vertex -5.80611 -23.2871 2.2
    endloop
  endfacet
  facet normal 0.250431 0.968134 -0
    outer loop
      vertex -5.80611 -23.2871 2.2
      vertex -6.21164 -23.1822 10.8
      vertex -5.80611 -23.2871 10.8
    endloop
  endfacet
  facet normal 0.250431 0.968134 0
    outer loop
      vertex -6.21164 -23.1822 10.8
      vertex -5.80611 -23.2871 2.2
      vertex -6.21164 -23.1822 2.2
    endloop
  endfacet
  facet normal 0.267139 0.963658 -0
    outer loop
      vertex -6.21164 -23.1822 2.2
      vertex -6.6153 -23.0703 10.8
      vertex -6.21164 -23.1822 10.8
    endloop
  endfacet
  facet normal 0.267139 0.963658 0
    outer loop
      vertex -6.6153 -23.0703 10.8
      vertex -6.21164 -23.1822 2.2
      vertex -6.6153 -23.0703 2.2
    endloop
  endfacet
  facet normal 0.284098 0.958795 -0
    outer loop
      vertex -6.6153 -23.0703 2.2
      vertex -7.01691 -22.9513 10.8
      vertex -6.6153 -23.0703 10.8
    endloop
  endfacet
  facet normal 0.284098 0.958795 0
    outer loop
      vertex -7.01691 -22.9513 10.8
      vertex -6.6153 -23.0703 2.2
      vertex -7.01691 -22.9513 2.2
    endloop
  endfacet
  facet normal 0.300789 0.953691 -0
    outer loop
      vertex -7.01691 -22.9513 2.2
      vertex -7.41641 -22.8253 10.8
      vertex -7.01691 -22.9513 10.8
    endloop
  endfacet
  facet normal 0.300789 0.953691 0
    outer loop
      vertex -7.41641 -22.8253 10.8
      vertex -7.01691 -22.9513 2.2
      vertex -7.41641 -22.8253 2.2
    endloop
  endfacet
  facet normal 0.317288 0.948329 -0
    outer loop
      vertex -7.41641 -22.8253 2.2
      vertex -7.81363 -22.6924 10.8
      vertex -7.41641 -22.8253 10.8
    endloop
  endfacet
  facet normal 0.317288 0.948329 0
    outer loop
      vertex -7.81363 -22.6924 10.8
      vertex -7.41641 -22.8253 2.2
      vertex -7.81363 -22.6924 2.2
    endloop
  endfacet
  facet normal 0.333757 0.942659 -0
    outer loop
      vertex -7.81363 -22.6924 2.2
      vertex -8.20848 -22.5526 10.8
      vertex -7.81363 -22.6924 10.8
    endloop
  endfacet
  facet normal 0.333757 0.942659 0
    outer loop
      vertex -8.20848 -22.5526 10.8
      vertex -7.81363 -22.6924 2.2
      vertex -8.20848 -22.5526 2.2
    endloop
  endfacet
  facet normal 0.350236 0.936661 -0
    outer loop
      vertex -8.20848 -22.5526 2.2
      vertex -8.60081 -22.4059 10.8
      vertex -8.20848 -22.5526 10.8
    endloop
  endfacet
  facet normal 0.350236 0.936661 0
    outer loop
      vertex -8.60081 -22.4059 10.8
      vertex -8.20848 -22.5526 2.2
      vertex -8.60081 -22.4059 2.2
    endloop
  endfacet
  facet normal 0.366454 0.930436 -0
    outer loop
      vertex -8.60081 -22.4059 2.2
      vertex -8.99055 -22.2524 10.8
      vertex -8.60081 -22.4059 10.8
    endloop
  endfacet
  facet normal 0.366454 0.930436 0
    outer loop
      vertex -8.99055 -22.2524 10.8
      vertex -8.60081 -22.4059 2.2
      vertex -8.99055 -22.2524 2.2
    endloop
  endfacet
  facet normal 0.382682 0.92388 -0
    outer loop
      vertex -8.99055 -22.2524 2.2
      vertex -9.37755 -22.0921 10.8
      vertex -8.99055 -22.2524 10.8
    endloop
  endfacet
  facet normal 0.382682 0.92388 0
    outer loop
      vertex -9.37755 -22.0921 10.8
      vertex -8.99055 -22.2524 2.2
      vertex -9.37755 -22.0921 2.2
    endloop
  endfacet
  facet normal 0.398709 0.917078 -0
    outer loop
      vertex -9.37755 -22.0921 2.2
      vertex -9.76167 -21.9251 10.8
      vertex -9.37755 -22.0921 10.8
    endloop
  endfacet
  facet normal 0.398709 0.917078 0
    outer loop
      vertex -9.76167 -21.9251 10.8
      vertex -9.37755 -22.0921 2.2
      vertex -9.76167 -21.9251 2.2
    endloop
  endfacet
  facet normal 0.414711 0.909953 -0
    outer loop
      vertex -9.76167 -21.9251 2.2
      vertex -10.1428 -21.7514 10.8
      vertex -9.76167 -21.9251 10.8
    endloop
  endfacet
  facet normal 0.414711 0.909953 0
    outer loop
      vertex -10.1428 -21.7514 10.8
      vertex -9.76167 -21.9251 2.2
      vertex -10.1428 -21.7514 2.2
    endloop
  endfacet
  facet normal 0.430619 0.902534 -0
    outer loop
      vertex -10.1428 -21.7514 2.2
      vertex -10.5209 -21.571 10.8
      vertex -10.1428 -21.7514 10.8
    endloop
  endfacet
  facet normal 0.430619 0.902534 0
    outer loop
      vertex -10.5209 -21.571 10.8
      vertex -10.1428 -21.7514 2.2
      vertex -10.5209 -21.571 2.2
    endloop
  endfacet
  facet normal 0.446163 0.894952 -0
    outer loop
      vertex -10.5209 -21.571 2.2
      vertex -10.8958 -21.3841 10.8
      vertex -10.5209 -21.571 10.8
    endloop
  endfacet
  facet normal 0.446163 0.894952 0
    outer loop
      vertex -10.8958 -21.3841 10.8
      vertex -10.5209 -21.571 2.2
      vertex -10.8958 -21.3841 2.2
    endloop
  endfacet
  facet normal 0.461766 0.887002 -0
    outer loop
      vertex -10.8958 -21.3841 2.2
      vertex -11.2673 -21.1907 10.8
      vertex -10.8958 -21.3841 10.8
    endloop
  endfacet
  facet normal 0.461766 0.887002 0
    outer loop
      vertex -11.2673 -21.1907 10.8
      vertex -10.8958 -21.3841 2.2
      vertex -11.2673 -21.1907 2.2
    endloop
  endfacet
  facet normal 0.477044 0.878879 -0
    outer loop
      vertex -11.2673 -21.1907 2.2
      vertex -11.6354 -20.9909 10.8
      vertex -11.2673 -21.1907 10.8
    endloop
  endfacet
  facet normal 0.477044 0.878879 0
    outer loop
      vertex -11.6354 -20.9909 10.8
      vertex -11.2673 -21.1907 2.2
      vertex -11.6354 -20.9909 2.2
    endloop
  endfacet
  facet normal 0.492458 0.870336 -0
    outer loop
      vertex -11.6354 -20.9909 2.2
      vertex -12 -20.7846 10.8
      vertex -11.6354 -20.9909 10.8
    endloop
  endfacet
  facet normal 0.492458 0.870336 0
    outer loop
      vertex -12 -20.7846 10.8
      vertex -11.6354 -20.9909 2.2
      vertex -12 -20.7846 2.2
    endloop
  endfacet
  facet normal 0.507563 0.861615 -0
    outer loop
      vertex -12 -20.7846 2.2
      vertex -12.3609 -20.572 10.8
      vertex -12 -20.7846 10.8
    endloop
  endfacet
  facet normal 0.507563 0.861615 0
    outer loop
      vertex -12.3609 -20.572 10.8
      vertex -12 -20.7846 2.2
      vertex -12.3609 -20.572 2.2
    endloop
  endfacet
  facet normal 0.522618 0.852567 -0
    outer loop
      vertex -12.3609 -20.572 2.2
      vertex -12.718 -20.3531 10.8
      vertex -12.3609 -20.572 10.8
    endloop
  endfacet
  facet normal 0.522618 0.852567 0
    outer loop
      vertex -12.718 -20.3531 10.8
      vertex -12.3609 -20.572 2.2
      vertex -12.718 -20.3531 2.2
    endloop
  endfacet
  facet normal 0.537169 0.843475 -0
    outer loop
      vertex -12.718 -20.3531 2.2
      vertex -13.0713 -20.1281 10.8
      vertex -12.718 -20.3531 10.8
    endloop
  endfacet
  facet normal 0.537169 0.843475 0
    outer loop
      vertex -13.0713 -20.1281 10.8
      vertex -12.718 -20.3531 2.2
      vertex -13.0713 -20.1281 2.2
    endloop
  endfacet
  facet normal 0.551943 0.833882 -0
    outer loop
      vertex -13.0713 -20.1281 2.2
      vertex -13.4206 -19.8969 10.8
      vertex -13.0713 -20.1281 10.8
    endloop
  endfacet
  facet normal 0.551943 0.833882 0
    outer loop
      vertex -13.4206 -19.8969 10.8
      vertex -13.0713 -20.1281 2.2
      vertex -13.4206 -19.8969 2.2
    endloop
  endfacet
  facet normal 0.566488 0.82407 -0
    outer loop
      vertex -13.4206 -19.8969 2.2
      vertex -13.7658 -19.6596 10.8
      vertex -13.4206 -19.8969 10.8
    endloop
  endfacet
  facet normal 0.566488 0.82407 0
    outer loop
      vertex -13.7658 -19.6596 10.8
      vertex -13.4206 -19.8969 2.2
      vertex -13.7658 -19.6596 2.2
    endloop
  endfacet
  facet normal -0.819154 0.573574 0
    outer loop
      vertex -14.4541 -20.6426 2.2
      vertex -13.7658 -19.6596 10.8
      vertex -13.7658 -19.6596 2.2
    endloop
  endfacet
  facet normal -0.819154 0.573574 0
    outer loop
      vertex -13.7658 -19.6596 10.8
      vertex -14.4541 -20.6426 2.2
      vertex -14.4541 -20.6426 10.8
    endloop
  endfacet
  facet normal -0.566345 -0.824168 0
    outer loop
      vertex -14.4541 -20.6426 2.2
      vertex -14.0916 -20.8917 10.8
      vertex -14.4541 -20.6426 10.8
    endloop
  endfacet
  facet normal -0.566345 -0.824168 -0
    outer loop
      vertex -14.0916 -20.8917 10.8
      vertex -14.4541 -20.6426 2.2
      vertex -14.0916 -20.8917 2.2
    endloop
  endfacet
  facet normal -0.55205 -0.833811 0
    outer loop
      vertex -14.0916 -20.8917 2.2
      vertex -13.9753 -20.9687 10.8
      vertex -14.0916 -20.8917 10.8
    endloop
  endfacet
  facet normal -0.55205 -0.833811 -0
    outer loop
      vertex -13.9753 -20.9687 10.8
      vertex -14.0916 -20.8917 2.2
      vertex -13.9753 -20.9687 2.2
    endloop
  endfacet
  facet normal -0.99938 0.0351979 0
    outer loop
      vertex -14.075 -23.7995 2.2
      vertex -13.9753 -20.9687 10.8
      vertex -13.9753 -20.9687 2.2
    endloop
  endfacet
  facet normal -0.99938 0.0351979 0
    outer loop
      vertex -13.9753 -20.9687 10.8
      vertex -14.075 -23.7995 2.2
      vertex -14.075 -23.7995 10.8
    endloop
  endfacet
  facet normal 0.860745 -0.509037 0
    outer loop
      vertex -14.075 -23.7995 10.8
      vertex -12.8274 -21.6899 2.2
      vertex -12.8274 -21.6899 10.8
    endloop
  endfacet
  facet normal 0.860745 -0.509037 0
    outer loop
      vertex -12.8274 -21.6899 2.2
      vertex -14.075 -23.7995 10.8
      vertex -14.075 -23.7995 2.2
    endloop
  endfacet
  facet normal -0.507401 -0.86171 0
    outer loop
      vertex -12.8274 -21.6899 2.2
      vertex -12.6 -21.8238 10.8
      vertex -12.8274 -21.6899 10.8
    endloop
  endfacet
  facet normal -0.507401 -0.86171 -0
    outer loop
      vertex -12.6 -21.8238 10.8
      vertex -12.8274 -21.6899 2.2
      vertex -12.6 -21.8238 2.2
    endloop
  endfacet
  facet normal -0.492462 -0.870334 0
    outer loop
      vertex -12.6 -21.8238 2.2
      vertex -12.2172 -22.0404 10.8
      vertex -12.6 -21.8238 10.8
    endloop
  endfacet
  facet normal -0.492462 -0.870334 -0
    outer loop
      vertex -12.2172 -22.0404 10.8
      vertex -12.6 -21.8238 2.2
      vertex -12.2172 -22.0404 2.2
    endloop
  endfacet
  facet normal -0.477242 -0.878772 0
    outer loop
      vertex -12.2172 -22.0404 2.2
      vertex -11.8307 -22.2503 10.8
      vertex -12.2172 -22.0404 10.8
    endloop
  endfacet
  facet normal -0.477242 -0.878772 -0
    outer loop
      vertex -11.8307 -22.2503 10.8
      vertex -12.2172 -22.0404 2.2
      vertex -11.8307 -22.2503 2.2
    endloop
  endfacet
  facet normal -0.461618 -0.887079 0
    outer loop
      vertex -11.8307 -22.2503 2.2
      vertex -11.4406 -22.4533 10.8
      vertex -11.8307 -22.2503 10.8
    endloop
  endfacet
  facet normal -0.461618 -0.887079 -0
    outer loop
      vertex -11.4406 -22.4533 10.8
      vertex -11.8307 -22.2503 2.2
      vertex -11.4406 -22.4533 2.2
    endloop
  endfacet
  facet normal -0.446304 -0.894881 0
    outer loop
      vertex -11.4406 -22.4533 2.2
      vertex -11.047 -22.6496 10.8
      vertex -11.4406 -22.4533 10.8
    endloop
  endfacet
  facet normal -0.446304 -0.894881 -0
    outer loop
      vertex -11.047 -22.6496 10.8
      vertex -11.4406 -22.4533 2.2
      vertex -11.047 -22.6496 2.2
    endloop
  endfacet
  facet normal -0.430401 -0.902638 0
    outer loop
      vertex -11.047 -22.6496 2.2
      vertex -10.65 -22.8389 10.8
      vertex -11.047 -22.6496 10.8
    endloop
  endfacet
  facet normal -0.430401 -0.902638 -0
    outer loop
      vertex -10.65 -22.8389 10.8
      vertex -11.047 -22.6496 2.2
      vertex -10.65 -22.8389 2.2
    endloop
  endfacet
  facet normal -0.414728 -0.909946 0
    outer loop
      vertex -10.65 -22.8389 2.2
      vertex -10.2498 -23.0213 10.8
      vertex -10.65 -22.8389 10.8
    endloop
  endfacet
  facet normal -0.414728 -0.909946 -0
    outer loop
      vertex -10.2498 -23.0213 10.8
      vertex -10.65 -22.8389 2.2
      vertex -10.2498 -23.0213 2.2
    endloop
  endfacet
  facet normal -0.398759 -0.917056 0
    outer loop
      vertex -10.2498 -23.0213 2.2
      vertex -9.84642 -23.1967 10.8
      vertex -10.2498 -23.0213 10.8
    endloop
  endfacet
  facet normal -0.398759 -0.917056 -0
    outer loop
      vertex -9.84642 -23.1967 10.8
      vertex -10.2498 -23.0213 2.2
      vertex -9.84642 -23.1967 2.2
    endloop
  endfacet
  facet normal -0.382661 -0.923889 0
    outer loop
      vertex -9.84642 -23.1967 2.2
      vertex -9.44008 -23.365 10.8
      vertex -9.84642 -23.1967 10.8
    endloop
  endfacet
  facet normal -0.382661 -0.923889 -0
    outer loop
      vertex -9.44008 -23.365 10.8
      vertex -9.84642 -23.1967 2.2
      vertex -9.44008 -23.365 2.2
    endloop
  endfacet
  facet normal -0.366517 -0.930411 0
    outer loop
      vertex -9.44008 -23.365 2.2
      vertex -9.03087 -23.5262 10.8
      vertex -9.44008 -23.365 10.8
    endloop
  endfacet
  facet normal -0.366517 -0.930411 -0
    outer loop
      vertex -9.03087 -23.5262 10.8
      vertex -9.44008 -23.365 2.2
      vertex -9.03087 -23.5262 2.2
    endloop
  endfacet
  facet normal -0.350149 -0.936694 0
    outer loop
      vertex -9.03087 -23.5262 2.2
      vertex -8.6189 -23.6802 10.8
      vertex -9.03087 -23.5262 10.8
    endloop
  endfacet
  facet normal -0.350149 -0.936694 -0
    outer loop
      vertex -8.6189 -23.6802 10.8
      vertex -9.03087 -23.5262 2.2
      vertex -8.6189 -23.6802 2.2
    endloop
  endfacet
  facet normal -0.333988 -0.942577 0
    outer loop
      vertex -8.6189 -23.6802 2.2
      vertex -8.20432 -23.8271 10.8
      vertex -8.6189 -23.6802 10.8
    endloop
  endfacet
  facet normal -0.333988 -0.942577 -0
    outer loop
      vertex -8.20432 -23.8271 10.8
      vertex -8.6189 -23.6802 2.2
      vertex -8.20432 -23.8271 2.2
    endloop
  endfacet
  facet normal -0.317183 -0.948364 0
    outer loop
      vertex -8.20432 -23.8271 2.2
      vertex -7.78722 -23.9666 10.8
      vertex -8.20432 -23.8271 10.8
    endloop
  endfacet
  facet normal -0.317183 -0.948364 -0
    outer loop
      vertex -7.78722 -23.9666 10.8
      vertex -8.20432 -23.8271 2.2
      vertex -7.78722 -23.9666 2.2
    endloop
  endfacet
  facet normal -0.300805 -0.953686 0
    outer loop
      vertex -7.78722 -23.9666 2.2
      vertex -7.36777 -24.0989 10.8
      vertex -7.78722 -23.9666 10.8
    endloop
  endfacet
  facet normal -0.300805 -0.953686 -0
    outer loop
      vertex -7.36777 -24.0989 10.8
      vertex -7.78722 -23.9666 2.2
      vertex -7.36777 -24.0989 2.2
    endloop
  endfacet
  facet normal -0.283981 -0.95883 0
    outer loop
      vertex -7.36777 -24.0989 2.2
      vertex -6.94606 -24.2238 10.8
      vertex -7.36777 -24.0989 10.8
    endloop
  endfacet
  facet normal -0.283981 -0.95883 -0
    outer loop
      vertex -6.94606 -24.2238 10.8
      vertex -7.36777 -24.0989 2.2
      vertex -6.94606 -24.2238 2.2
    endloop
  endfacet
  facet normal -0.267157 -0.963653 0
    outer loop
      vertex -6.94606 -24.2238 2.2
      vertex -6.52223 -24.3413 10.8
      vertex -6.94606 -24.2238 10.8
    endloop
  endfacet
  facet normal -0.267157 -0.963653 -0
    outer loop
      vertex -6.52223 -24.3413 10.8
      vertex -6.94606 -24.2238 2.2
      vertex -6.52223 -24.3413 2.2
    endloop
  endfacet
  facet normal -0.250333 -0.96816 0
    outer loop
      vertex -6.52223 -24.3413 2.2
      vertex -6.09642 -24.4514 10.8
      vertex -6.52223 -24.3413 10.8
    endloop
  endfacet
  facet normal -0.250333 -0.96816 -0
    outer loop
      vertex -6.09642 -24.4514 10.8
      vertex -6.52223 -24.3413 2.2
      vertex -6.09642 -24.4514 2.2
    endloop
  endfacet
  facet normal -0.233516 -0.972353 0
    outer loop
      vertex -6.09642 -24.4514 2.2
      vertex -5.66878 -24.5541 10.8
      vertex -6.09642 -24.4514 10.8
    endloop
  endfacet
  facet normal -0.233516 -0.972353 -0
    outer loop
      vertex -5.66878 -24.5541 10.8
      vertex -6.09642 -24.4514 2.2
      vertex -5.66878 -24.5541 2.2
    endloop
  endfacet
  facet normal -0.216439 -0.976296 0
    outer loop
      vertex -5.66878 -24.5541 2.2
      vertex -5.23936 -24.6493 10.8
      vertex -5.66878 -24.5541 10.8
    endloop
  endfacet
  facet normal -0.216439 -0.976296 -0
    outer loop
      vertex -5.23936 -24.6493 10.8
      vertex -5.66878 -24.5541 2.2
      vertex -5.23936 -24.6493 2.2
    endloop
  endfacet
  facet normal -0.199403 -0.979918 0
    outer loop
      vertex -5.23936 -24.6493 2.2
      vertex -4.80838 -24.737 10.8
      vertex -5.23936 -24.6493 10.8
    endloop
  endfacet
  facet normal -0.199403 -0.979918 -0
    outer loop
      vertex -4.80838 -24.737 10.8
      vertex -5.23936 -24.6493 2.2
      vertex -4.80838 -24.737 2.2
    endloop
  endfacet
  facet normal -0.182126 -0.983275 0
    outer loop
      vertex -4.80838 -24.737 2.2
      vertex -4.37593 -24.8171 10.8
      vertex -4.80838 -24.737 10.8
    endloop
  endfacet
  facet normal -0.182126 -0.983275 -0
    outer loop
      vertex -4.37593 -24.8171 10.8
      vertex -4.80838 -24.737 2.2
      vertex -4.37593 -24.8171 2.2
    endloop
  endfacet
  facet normal -0.165066 -0.986282 0
    outer loop
      vertex -4.37593 -24.8171 2.2
      vertex -3.94214 -24.8897 10.8
      vertex -4.37593 -24.8171 10.8
    endloop
  endfacet
  facet normal -0.165066 -0.986282 -0
    outer loop
      vertex -3.94214 -24.8897 10.8
      vertex -4.37593 -24.8171 2.2
      vertex -3.94214 -24.8897 2.2
    endloop
  endfacet
  facet normal -0.147791 -0.989019 0
    outer loop
      vertex -3.94214 -24.8897 2.2
      vertex -3.50716 -24.9547 10.8
      vertex -3.94214 -24.8897 10.8
    endloop
  endfacet
  facet normal -0.147791 -0.989019 -0
    outer loop
      vertex -3.50716 -24.9547 10.8
      vertex -3.94214 -24.8897 2.2
      vertex -3.50716 -24.9547 2.2
    endloop
  endfacet
  facet normal -0.13051 -0.991447 0
    outer loop
      vertex -3.50716 -24.9547 2.2
      vertex -3.07111 -25.0121 10.8
      vertex -3.50716 -24.9547 10.8
    endloop
  endfacet
  facet normal -0.13051 -0.991447 -0
    outer loop
      vertex -3.07111 -25.0121 10.8
      vertex -3.50716 -24.9547 2.2
      vertex -3.07111 -25.0121 2.2
    endloop
  endfacet
  facet normal -0.113226 -0.993569 0
    outer loop
      vertex -3.07111 -25.0121 2.2
      vertex -2.63411 -25.0619 10.8
      vertex -3.07111 -25.0121 10.8
    endloop
  endfacet
  facet normal -0.113226 -0.993569 -0
    outer loop
      vertex -2.63411 -25.0619 10.8
      vertex -3.07111 -25.0121 2.2
      vertex -2.63411 -25.0619 2.2
    endloop
  endfacet
  facet normal -0.0959485 -0.995386 0
    outer loop
      vertex -2.63411 -25.0619 2.2
      vertex -2.19632 -25.1041 10.8
      vertex -2.63411 -25.0619 10.8
    endloop
  endfacet
  facet normal -0.0959485 -0.995386 -0
    outer loop
      vertex -2.19632 -25.1041 10.8
      vertex -2.63411 -25.0619 2.2
      vertex -2.19632 -25.1041 2.2
    endloop
  endfacet
  facet normal -0.0784385 -0.996919 0
    outer loop
      vertex -2.19632 -25.1041 2.2
      vertex -1.75784 -25.1386 10.8
      vertex -2.19632 -25.1041 10.8
    endloop
  endfacet
  facet normal -0.0784385 -0.996919 -0
    outer loop
      vertex -1.75784 -25.1386 10.8
      vertex -2.19632 -25.1041 2.2
      vertex -1.75784 -25.1386 2.2
    endloop
  endfacet
  facet normal -0.0609372 -0.998142 0
    outer loop
      vertex -1.75784 -25.1386 2.2
      vertex -1.31886 -25.1654 10.8
      vertex -1.75784 -25.1386 10.8
    endloop
  endfacet
  facet normal -0.0609372 -0.998142 -0
    outer loop
      vertex -1.31886 -25.1654 10.8
      vertex -1.75784 -25.1386 2.2
      vertex -1.31886 -25.1654 2.2
    endloop
  endfacet
  facet normal -0.0436554 -0.999047 0
    outer loop
      vertex -1.31886 -25.1654 2.2
      vertex -0.879471 -25.1846 10.8
      vertex -1.31886 -25.1654 10.8
    endloop
  endfacet
  facet normal -0.0436554 -0.999047 -0
    outer loop
      vertex -0.879471 -25.1846 10.8
      vertex -1.31886 -25.1654 2.2
      vertex -0.879471 -25.1846 2.2
    endloop
  endfacet
  facet normal -0.0261463 -0.999658 0
    outer loop
      vertex -0.879471 -25.1846 2.2
      vertex -0.439789 -25.1961 10.8
      vertex -0.879471 -25.1846 10.8
    endloop
  endfacet
  facet normal -0.0261463 -0.999658 -0
    outer loop
      vertex -0.439789 -25.1961 10.8
      vertex -0.879471 -25.1846 2.2
      vertex -0.439789 -25.1961 2.2
    endloop
  endfacet
  facet normal -0.00886754 -0.999961 0
    outer loop
      vertex -0.439789 -25.1961 2.2
      vertex 0 -25.2 10.8
      vertex -0.439789 -25.1961 10.8
    endloop
  endfacet
  facet normal -0.00886754 -0.999961 -0
    outer loop
      vertex 0 -25.2 10.8
      vertex -0.439789 -25.1961 2.2
      vertex 0 -25.2 2.2
    endloop
  endfacet
  facet normal 0.00886724 -0.999961 0
    outer loop
      vertex 0 -25.2 2.2
      vertex 0.439804 -25.1961 10.8
      vertex 0 -25.2 10.8
    endloop
  endfacet
  facet normal 0.00886724 -0.999961 0
    outer loop
      vertex 0.439804 -25.1961 10.8
      vertex 0 -25.2 2.2
      vertex 0.439804 -25.1961 2.2
    endloop
  endfacet
  facet normal -0.0980049 0.709052 -0.698313
    outer loop
      vertex 0.697708 -4.40517 0
      vertex 0.524216 -4.42915 0
      vertex 0.477188 -4.03186 0.41
    endloop
  endfacet
  facet normal -0.0701776 0.712345 -0.698312
    outer loop
      vertex 0.477188 -4.03186 0.41
      vertex 0.524216 -4.42915 0
      vertex 0.34993 -4.44632 0
    endloop
  endfacet
  facet normal -0.0701776 -0.712345 -0.698312
    outer loop
      vertex 0.524216 4.42915 0
      vertex 0.477188 4.03186 0.41
      vertex 0.34993 4.44632 0
    endloop
  endfacet
  facet normal 0.180718 -0.692589 -0.698328
    outer loop
      vertex -1.04118 4.33684 0
      vertex -1.10205 3.90756 0.41
      vertex -1.21065 4.29262 0
    endloop
  endfacet
  facet normal -0.409256 0.587236 -0.698329
    outer loop
      vertex 2.38641 -3.28461 0.41
      vertex 2.47789 -3.70842 0
      vertex 2.25562 -3.37576 0.41
    endloop
  endfacet
  facet normal -0.715773 0 -0.698333
    outer loop
      vertex 3.46001 2.81944 0
      vertex 3.06 -2.6674 0.41
      vertex 3.06 2.6674 0.41
    endloop
  endfacet
  facet normal -0.715773 0 -0.698333
    outer loop
      vertex 3.06 -2.6674 0.41
      vertex 3.46001 2.81944 0
      vertex 3.46001 -2.81944 0
    endloop
  endfacet
  facet normal 0.409256 -0.587236 -0.698329
    outer loop
      vertex -2.25562 3.37576 0.41
      vertex -2.38641 3.28461 0.41
      vertex -2.47789 3.70842 0
    endloop
  endfacet
  facet normal -0.0980049 -0.709052 -0.698313
    outer loop
      vertex 0.524216 4.42915 0
      vertex 0.697708 4.40517 0
      vertex 0.477188 4.03186 0.41
    endloop
  endfacet
  facet normal -0.475399 -0.535115 -0.698318
    outer loop
      vertex 2.89658 3.39146 0
      vertex 3.0275 3.27515 0
      vertex 2.63675 3.08725 0.41
    endloop
  endfacet
  facet normal 0.31237 -0.64403 -0.69832
    outer loop
      vertex -1.86725 4.0504 0
      vertex -1.69977 3.68707 0.41
      vertex -2.02483 3.97397 0
    endloop
  endfacet
  facet normal 0.234398 0.676301 -0.698337
    outer loop
      vertex -1.25459 -3.86128 0.41
      vertex -1.37822 -4.24179 0
      vertex -1.40523 -3.80907 0.41
    endloop
  endfacet
  facet normal -0.33741 0.63126 -0.69833
    outer loop
      vertex 2.17931 -3.8914 0
      vertex 2.02483 -3.97397 0
      vertex 1.8432 -3.61749 0.41
    endloop
  endfacet
  facet normal -0.31237 0.64403 -0.69832
    outer loop
      vertex 2.02483 -3.97397 0
      vertex 1.86725 -4.0504 0
      vertex 1.69977 -3.68707 0.41
    endloop
  endfacet
  facet normal -0.385882 0.602853 -0.698329
    outer loop
      vertex 2.47789 -3.70842 0
      vertex 2.33038 -3.80284 0
      vertex 2.25562 -3.37576 0.41
    endloop
  endfacet
  facet normal 0.587236 0.409256 -0.698329
    outer loop
      vertex -3.37576 -2.25562 0.41
      vertex -3.28461 -2.38641 0.41
      vertex -3.70842 -2.47789 0
    endloop
  endfacet
  facet normal -0.475422 0.535085 -0.698325
    outer loop
      vertex 2.75594 -2.98135 0.41
      vertex 3.0275 -3.27515 0
      vertex 2.63675 -3.08725 0.41
    endloop
  endfacet
  facet normal -0.454139 0.553273 -0.698317
    outer loop
      vertex 2.63675 -3.08725 0.41
      vertex 2.89658 -3.39146 0
      vertex 2.51352 -3.1884 0.41
    endloop
  endfacet
  facet normal 0.515935 -0.496134 -0.698328
    outer loop
      vertex -2.87085 2.87085 0.41
      vertex -2.98135 2.75594 0.41
      vertex -3.15375 3.15375 0
    endloop
  endfacet
  facet normal -0.454139 -0.553273 -0.698317
    outer loop
      vertex 2.89658 3.39146 0
      vertex 2.63675 3.08725 0.41
      vertex 2.51352 3.1884 0.41
    endloop
  endfacet
  facet normal 0.0421407 -0.714553 -0.698311
    outer loop
      vertex -0.17511 4.45663 0
      vertex -0.318542 4.04749 0.41
      vertex -0.34993 4.44632 0
    endloop
  endfacet
  facet normal 0.33741 0.63126 -0.69833
    outer loop
      vertex -1.8432 -3.61749 0.41
      vertex -2.02483 -3.97397 0
      vertex -2.17931 -3.8914 0
    endloop
  endfacet
  facet normal 0.643997 0.312413 -0.698331
    outer loop
      vertex -3.68707 -1.69977 0.41
      vertex -3.61749 -1.8432 0.41
      vertex -3.97397 -2.02483 0
    endloop
  endfacet
  facet normal 0.286811 0.655819 -0.698313
    outer loop
      vertex -1.5537 -3.75096 0.41
      vertex -1.7068 -4.12057 0
      vertex -1.86725 -4.0504 0
    endloop
  endfacet
  facet normal 0.0701776 0.712345 -0.698312
    outer loop
      vertex -0.477188 -4.03186 0.41
      vertex -0.34993 -4.44632 0
      vertex -0.524216 -4.42915 0
    endloop
  endfacet
  facet normal -0.286841 0.655798 -0.69832
    outer loop
      vertex 1.69977 -3.68707 0.41
      vertex 1.86725 -4.0504 0
      vertex 1.5537 -3.75096 0.41
    endloop
  endfacet
  facet normal 0.617517 0.361943 -0.698333
    outer loop
      vertex -3.54233 -1.98381 0.41
      vertex -3.46172 -2.12134 0.41
      vertex -3.8914 -2.17931 0
    endloop
  endfacet
  facet normal -0.0140997 -0.71565 -0.698317
    outer loop
      vertex 0 4.46008 0
      vertex 0.17511 4.45663 0
      vertex 0 4.06001 0.41
    endloop
  endfacet
  facet normal -0.125852 -0.704629 -0.698326
    outer loop
      vertex 0.870117 4.37437 0
      vertex 0.792053 3.98198 0.41
      vertex 0.635117 4.01001 0.41
    endloop
  endfacet
  facet normal 0.63126 0.33741 -0.69833
    outer loop
      vertex -3.61749 -1.8432 0.41
      vertex -3.8914 -2.17931 0
      vertex -3.97397 -2.02483 0
    endloop
  endfacet
  facet normal 0.207808 0.68494 -0.698336
    outer loop
      vertex -1.25459 -3.86128 0.41
      vertex -1.10205 -3.90756 0.41
      vertex -1.37822 -4.24179 0
    endloop
  endfacet
  facet normal -0.33741 -0.63126 -0.69833
    outer loop
      vertex 2.02483 3.97397 0
      vertex 2.17931 3.8914 0
      vertex 1.8432 3.61749 0.41
    endloop
  endfacet
  facet normal 0.55328 -0.454133 -0.698315
    outer loop
      vertex -3.39146 2.89658 0
      vertex -3.1884 2.51352 0.41
      vertex -3.50258 2.7612 0
    endloop
  endfacet
  facet normal 0.714549 0.0421144 -0.698317
    outer loop
      vertex -4.05687 -0.159393 0.41
      vertex -4.04749 -0.318542 0.41
      vertex -4.45663 -0.17511 0
    endloop
  endfacet
  facet normal 0.587227 -0.409277 -0.698325
    outer loop
      vertex -3.60828 2.62157 0
      vertex -3.28461 2.38641 0.41
      vertex -3.70842 2.47789 0
    endloop
  endfacet
  facet normal 0.0140981 -0.71565 -0.698317
    outer loop
      vertex 0 4.06001 0.41
      vertex -0.159393 4.05687 0.41
      vertex -0.17511 4.45663 0
    endloop
  endfacet
  facet normal 0.0140981 0.71565 -0.698317
    outer loop
      vertex -0.159393 -4.05687 0.41
      vertex 0 -4.06001 0.41
      vertex -0.17511 -4.45663 0
    endloop
  endfacet
  facet normal 0.153388 -0.699148 -0.69833
    outer loop
      vertex -0.870117 4.37437 0
      vertex -0.947784 3.94781 0.41
      vertex -1.04118 4.33684 0
    endloop
  endfacet
  facet normal -0.0140981 0.71565 -0.698317
    outer loop
      vertex 0.159393 -4.05687 0.41
      vertex 0.17511 -4.45663 0
      vertex 0 -4.06001 0.41
    endloop
  endfacet
  facet normal -0.432027 -0.570708 -0.698316
    outer loop
      vertex 2.62157 3.60828 0
      vertex 2.7612 3.50258 0
      vertex 2.51352 3.1884 0.41
    endloop
  endfacet
  facet normal 0.180718 0.692589 -0.698328
    outer loop
      vertex -1.10205 -3.90756 0.41
      vertex -1.04118 -4.33684 0
      vertex -1.21065 -4.29262 0
    endloop
  endfacet
  facet normal -0.260935 -0.666538 -0.698313
    outer loop
      vertex 1.7068 4.12057 0
      vertex 1.5537 3.75096 0.41
      vertex 1.5437 4.18442 0
    endloop
  endfacet
  facet normal -0.0980953 0.70902 -0.698332
    outer loop
      vertex 0.635117 -4.01001 0.41
      vertex 0.697708 -4.40517 0
      vertex 0.477188 -4.03186 0.41
    endloop
  endfacet
  facet normal 0.0701812 0.712345 -0.698311
    outer loop
      vertex -0.318542 -4.04749 0.41
      vertex -0.34993 -4.44632 0
      vertex -0.477188 -4.03186 0.41
    endloop
  endfacet
  facet normal 0.31237 0.64403 -0.69832
    outer loop
      vertex -1.69977 -3.68707 0.41
      vertex -1.86725 -4.0504 0
      vertex -2.02483 -3.97397 0
    endloop
  endfacet
  facet normal 0.535085 -0.475422 -0.698325
    outer loop
      vertex -2.98135 2.75594 0.41
      vertex -3.08725 2.63675 0.41
      vertex -3.27515 3.0275 0
    endloop
  endfacet
  facet normal 0.55328 0.454133 -0.698315
    outer loop
      vertex -3.1884 -2.51352 0.41
      vertex -3.39146 -2.89658 0
      vertex -3.50258 -2.7612 0
    endloop
  endfacet
  facet normal 0.699148 0.153388 -0.69833
    outer loop
      vertex -3.94781 -0.947784 0.41
      vertex -4.33684 -1.04118 0
      vertex -4.37437 -0.870117 0
    endloop
  endfacet
  facet normal 0.587236 -0.409256 -0.698329
    outer loop
      vertex -3.28461 2.38641 0.41
      vertex -3.37576 2.25562 0.41
      vertex -3.70842 2.47789 0
    endloop
  endfacet
  facet normal 0.475422 0.535085 -0.698325
    outer loop
      vertex -2.75594 -2.98135 0.41
      vertex -2.63675 -3.08725 0.41
      vertex -3.0275 -3.27515 0
    endloop
  endfacet
  facet normal 0.712345 -0.0701776 -0.698312
    outer loop
      vertex -4.42915 0.524216 0
      vertex -4.03186 0.477188 0.41
      vertex -4.44632 0.34993 0
    endloop
  endfacet
  facet normal 0.153405 0.699147 -0.698326
    outer loop
      vertex -0.792053 -3.98198 0.41
      vertex -0.870117 -4.37437 0
      vertex -0.947784 -3.94781 0.41
    endloop
  endfacet
  facet normal -0.153388 0.699148 -0.69833
    outer loop
      vertex 0.947784 -3.94781 0.41
      vertex 1.04118 -4.33684 0
      vertex 0.870117 -4.37437 0
    endloop
  endfacet
  facet normal -0.361943 0.617517 -0.698333
    outer loop
      vertex 2.12134 -3.46172 0.41
      vertex 2.17931 -3.8914 0
      vertex 1.98381 -3.54233 0.41
    endloop
  endfacet
  facet normal -0.496134 0.515935 -0.698328
    outer loop
      vertex 2.87085 -2.87085 0.41
      vertex 3.15375 -3.15375 0
      vertex 2.75594 -2.98135 0.41
    endloop
  endfacet
  facet normal 0.655798 0.286841 -0.69832
    outer loop
      vertex -3.75096 -1.5537 0.41
      vertex -3.68707 -1.69977 0.41
      vertex -4.0504 -1.86725 0
    endloop
  endfacet
  facet normal 0.714553 -0.0421407 -0.698311
    outer loop
      vertex -4.44632 0.34993 0
      vertex -4.04749 0.318542 0.41
      vertex -4.45663 0.17511 0
    endloop
  endfacet
  facet normal -0.312413 0.643997 -0.698331
    outer loop
      vertex 1.8432 -3.61749 0.41
      vertex 2.02483 -3.97397 0
      vertex 1.69977 -3.68707 0.41
    endloop
  endfacet
  facet normal 0.70902 -0.0980953 -0.698332
    outer loop
      vertex -4.01001 0.635117 0.41
      vertex -4.03186 0.477188 0.41
      vertex -4.40517 0.697708 0
    endloop
  endfacet
  facet normal 0.709052 0.0980049 -0.698313
    outer loop
      vertex -4.03186 -0.477188 0.41
      vertex -4.40517 -0.697708 0
      vertex -4.42915 -0.524216 0
    endloop
  endfacet
  facet normal 0.337421 -0.631251 -0.698333
    outer loop
      vertex -1.8432 3.61749 0.41
      vertex -1.98381 3.54233 0.41
      vertex -2.17931 3.8914 0
    endloop
  endfacet
  facet normal -0.234398 -0.676301 -0.698337
    outer loop
      vertex 1.37822 4.24179 0
      vertex 1.40523 3.80907 0.41
      vertex 1.25459 3.86128 0.41
    endloop
  endfacet
  facet normal 0.570728 -0.431986 -0.698325
    outer loop
      vertex -3.1884 2.51352 0.41
      vertex -3.28461 2.38641 0.41
      vertex -3.60828 2.62157 0
    endloop
  endfacet
  facet normal 0.631251 0.337421 -0.698333
    outer loop
      vertex -3.61749 -1.8432 0.41
      vertex -3.54233 -1.98381 0.41
      vertex -3.8914 -2.17931 0
    endloop
  endfacet
  facet normal 0.409256 0.587236 -0.698329
    outer loop
      vertex -2.38641 -3.28461 0.41
      vertex -2.25562 -3.37576 0.41
      vertex -2.47789 -3.70842 0
    endloop
  endfacet
  facet normal -0.260881 -0.666547 -0.698324
    outer loop
      vertex 1.5437 4.18442 0
      vertex 1.5537 3.75096 0.41
      vertex 1.40523 3.80907 0.41
    endloop
  endfacet
  facet normal -0.207773 -0.684959 -0.698328
    outer loop
      vertex 1.21065 4.29262 0
      vertex 1.37822 4.24179 0
      vertex 1.10205 3.90756 0.41
    endloop
  endfacet
  facet normal 0.617501 -0.36199 -0.698323
    outer loop
      vertex -3.80284 2.33038 0
      vertex -3.46172 2.12134 0.41
      vertex -3.8914 2.17931 0
    endloop
  endfacet
  facet normal 0.692589 0.180718 -0.698328
    outer loop
      vertex -3.90756 -1.10205 0.41
      vertex -4.29262 -1.21065 0
      vertex -4.33684 -1.04118 0
    endloop
  endfacet
  facet normal -0.207808 -0.68494 -0.698336
    outer loop
      vertex 1.37822 4.24179 0
      vertex 1.25459 3.86128 0.41
      vertex 1.10205 3.90756 0.41
    endloop
  endfacet
  facet normal -0.515935 0.496134 -0.698328
    outer loop
      vertex 2.98135 -2.75594 0.41
      vertex 3.15375 -3.15375 0
      vertex 2.87085 -2.87085 0.41
    endloop
  endfacet
  facet normal -0.475399 0.535115 -0.698318
    outer loop
      vertex 3.0275 -3.27515 0
      vertex 2.89658 -3.39146 0
      vertex 2.63675 -3.08725 0.41
    endloop
  endfacet
  facet normal 0.0140997 0.71565 -0.698317
    outer loop
      vertex 0 -4.06001 0.41
      vertex 0 -4.46008 0
      vertex -0.17511 -4.45663 0
    endloop
  endfacet
  facet normal 0.699147 0.153405 -0.698326
    outer loop
      vertex -3.98198 -0.792053 0.41
      vertex -3.94781 -0.947784 0.41
      vertex -4.37437 -0.870117 0
    endloop
  endfacet
  facet normal -0.409277 -0.587227 -0.698325
    outer loop
      vertex 2.47789 3.70842 0
      vertex 2.62157 3.60828 0
      vertex 2.38641 3.28461 0.41
    endloop
  endfacet
  facet normal -0.125877 0.704619 -0.698332
    outer loop
      vertex 0.870117 -4.37437 0
      vertex 0.697708 -4.40517 0
      vertex 0.635117 -4.01001 0.41
    endloop
  endfacet
  facet normal -0.337421 -0.631251 -0.698333
    outer loop
      vertex 2.17931 3.8914 0
      vertex 1.98381 3.54233 0.41
      vertex 1.8432 3.61749 0.41
    endloop
  endfacet
  facet normal 0.712345 -0.0701812 -0.698311
    outer loop
      vertex -4.03186 0.477188 0.41
      vertex -4.04749 0.318542 0.41
      vertex -4.44632 0.34993 0
    endloop
  endfacet
  facet normal -0.535118 0.475345 -0.698352
    outer loop
      vertex 3.06 -2.6674 0.41
      vertex 3.46001 -2.81944 0
      vertex 2.98135 -2.75594 0.41
    endloop
  endfacet
  facet normal -0.496126 0.515947 -0.698325
    outer loop
      vertex 3.15375 -3.15375 0
      vertex 3.0275 -3.27515 0
      vertex 2.75594 -2.98135 0.41
    endloop
  endfacet
  facet normal 0.68494 0.207808 -0.698336
    outer loop
      vertex -3.90756 -1.10205 0.41
      vertex -3.86128 -1.25459 0.41
      vertex -4.24179 -1.37822 0
    endloop
  endfacet
  facet normal 0.125877 0.704619 -0.698332
    outer loop
      vertex -0.635117 -4.01001 0.41
      vertex -0.697708 -4.40517 0
      vertex -0.870117 -4.37437 0
    endloop
  endfacet
  facet normal 0.0701812 -0.712345 -0.698311
    outer loop
      vertex -0.34993 4.44632 0
      vertex -0.318542 4.04749 0.41
      vertex -0.477188 4.03186 0.41
    endloop
  endfacet
  facet normal 0.475399 0.535115 -0.698318
    outer loop
      vertex -2.63675 -3.08725 0.41
      vertex -2.89658 -3.39146 0
      vertex -3.0275 -3.27515 0
    endloop
  endfacet
  facet normal 0.409277 -0.587227 -0.698325
    outer loop
      vertex -2.47789 3.70842 0
      vertex -2.38641 3.28461 0.41
      vertex -2.62157 3.60828 0
    endloop
  endfacet
  facet normal 0.617517 -0.361943 -0.698333
    outer loop
      vertex -3.46172 2.12134 0.41
      vertex -3.54233 1.98381 0.41
      vertex -3.8914 2.17931 0
    endloop
  endfacet
  facet normal 0.666538 0.260935 -0.698313
    outer loop
      vertex -3.75096 -1.5537 0.41
      vertex -4.12057 -1.7068 0
      vertex -4.18442 -1.5437 0
    endloop
  endfacet
  facet normal -0.515947 0.496126 -0.698325
    outer loop
      vertex 3.27515 -3.0275 0
      vertex 3.15375 -3.15375 0
      vertex 2.98135 -2.75594 0.41
    endloop
  endfacet
  facet normal -0.180706 0.69259 -0.69833
    outer loop
      vertex 1.10205 -3.90756 0.41
      vertex 1.04118 -4.33684 0
      vertex 0.947784 -3.94781 0.41
    endloop
  endfacet
  facet normal 0.684959 0.207773 -0.698328
    outer loop
      vertex -3.90756 -1.10205 0.41
      vertex -4.24179 -1.37822 0
      vertex -4.29262 -1.21065 0
    endloop
  endfacet
  facet normal -0.234398 0.676301 -0.698337
    outer loop
      vertex 1.40523 -3.80907 0.41
      vertex 1.37822 -4.24179 0
      vertex 1.25459 -3.86128 0.41
    endloop
  endfacet
  facet normal -0.312413 -0.643997 -0.698331
    outer loop
      vertex 2.02483 3.97397 0
      vertex 1.8432 3.61749 0.41
      vertex 1.69977 3.68707 0.41
    endloop
  endfacet
  facet normal -0.535086 0.47542 -0.698325
    outer loop
      vertex 3.46001 -2.81944 0
      vertex 3.27515 -3.0275 0
      vertex 2.98135 -2.75594 0.41
    endloop
  endfacet
  facet normal 0.409277 0.587227 -0.698325
    outer loop
      vertex -2.38641 -3.28461 0.41
      vertex -2.47789 -3.70842 0
      vertex -2.62157 -3.60828 0
    endloop
  endfacet
  facet normal 0.385882 0.602853 -0.698329
    outer loop
      vertex -2.25562 -3.37576 0.41
      vertex -2.33038 -3.80284 0
      vertex -2.47789 -3.70842 0
    endloop
  endfacet
  facet normal 0.699147 -0.153405 -0.698326
    outer loop
      vertex -3.94781 0.947784 0.41
      vertex -3.98198 0.792053 0.41
      vertex -4.37437 0.870117 0
    endloop
  endfacet
  facet normal -0.0140997 0.71565 -0.698317
    outer loop
      vertex 0 -4.06001 0.41
      vertex 0.17511 -4.45663 0
      vertex 0 -4.46008 0
    endloop
  endfacet
  facet normal 0.70902 0.0980953 -0.698332
    outer loop
      vertex -4.03186 -0.477188 0.41
      vertex -4.01001 -0.635117 0.41
      vertex -4.40517 -0.697708 0
    endloop
  endfacet
  facet normal 0.602841 0.385912 -0.698323
    outer loop
      vertex -3.46172 -2.12134 0.41
      vertex -3.37576 -2.25562 0.41
      vertex -3.80284 -2.33038 0
    endloop
  endfacet
  facet normal 0.431986 0.570728 -0.698325
    outer loop
      vertex -2.51352 -3.1884 0.41
      vertex -2.38641 -3.28461 0.41
      vertex -2.62157 -3.60828 0
    endloop
  endfacet
  facet normal 0.432027 0.570708 -0.698316
    outer loop
      vertex -2.51352 -3.1884 0.41
      vertex -2.62157 -3.60828 0
      vertex -2.7612 -3.50258 0
    endloop
  endfacet
  facet normal 0.475422 -0.535085 -0.698325
    outer loop
      vertex -2.63675 3.08725 0.41
      vertex -2.75594 2.98135 0.41
      vertex -3.0275 3.27515 0
    endloop
  endfacet
  facet normal 0.454133 0.55328 -0.698315
    outer loop
      vertex -2.51352 -3.1884 0.41
      vertex -2.7612 -3.50258 0
      vertex -2.89658 -3.39146 0
    endloop
  endfacet
  facet normal 0.337421 0.631251 -0.698333
    outer loop
      vertex -1.98381 -3.54233 0.41
      vertex -1.8432 -3.61749 0.41
      vertex -2.17931 -3.8914 0
    endloop
  endfacet
  facet normal -0.454133 0.55328 -0.698315
    outer loop
      vertex 2.89658 -3.39146 0
      vertex 2.7612 -3.50258 0
      vertex 2.51352 -3.1884 0.41
    endloop
  endfacet
  facet normal 0.361943 0.617517 -0.698333
    outer loop
      vertex -2.12134 -3.46172 0.41
      vertex -1.98381 -3.54233 0.41
      vertex -2.17931 -3.8914 0
    endloop
  endfacet
  facet normal 0.0980953 0.70902 -0.698332
    outer loop
      vertex -0.635117 -4.01001 0.41
      vertex -0.477188 -4.03186 0.41
      vertex -0.697708 -4.40517 0
    endloop
  endfacet
  facet normal 0.71565 -0.0140981 -0.698317
    outer loop
      vertex -4.05687 0.159393 0.41
      vertex -4.06001 0 0.41
      vertex -4.45663 0.17511 0
    endloop
  endfacet
  facet normal -0.0980953 -0.70902 -0.698332
    outer loop
      vertex 0.697708 4.40517 0
      vertex 0.635117 4.01001 0.41
      vertex 0.477188 4.03186 0.41
    endloop
  endfacet
  facet normal 0.704619 0.125877 -0.698332
    outer loop
      vertex -4.01001 -0.635117 0.41
      vertex -4.37437 -0.870117 0
      vertex -4.40517 -0.697708 0
    endloop
  endfacet
  facet normal -0.234463 0.676293 -0.698323
    outer loop
      vertex 1.40523 -3.80907 0.41
      vertex 1.5437 -4.18442 0
      vertex 1.37822 -4.24179 0
    endloop
  endfacet
  facet normal -0.0421407 -0.714553 -0.698311
    outer loop
      vertex 0.34993 4.44632 0
      vertex 0.318542 4.04749 0.41
      vertex 0.17511 4.45663 0
    endloop
  endfacet
  facet normal -0.431986 -0.570728 -0.698325
    outer loop
      vertex 2.62157 3.60828 0
      vertex 2.51352 3.1884 0.41
      vertex 2.38641 3.28461 0.41
    endloop
  endfacet
  facet normal 0.64403 0.31237 -0.69832
    outer loop
      vertex -3.68707 -1.69977 0.41
      vertex -3.97397 -2.02483 0
      vertex -4.0504 -1.86725 0
    endloop
  endfacet
  facet normal 0.260881 -0.666547 -0.698324
    outer loop
      vertex -1.5437 4.18442 0
      vertex -1.40523 3.80907 0.41
      vertex -1.5537 3.75096 0.41
    endloop
  endfacet
  facet normal -0.432027 0.570708 -0.698316
    outer loop
      vertex 2.7612 -3.50258 0
      vertex 2.62157 -3.60828 0
      vertex 2.51352 -3.1884 0.41
    endloop
  endfacet
  facet normal -0.286811 -0.655819 -0.698313
    outer loop
      vertex 1.7068 4.12057 0
      vertex 1.86725 4.0504 0
      vertex 1.5537 3.75096 0.41
    endloop
  endfacet
  facet normal -0.361943 -0.617517 -0.698333
    outer loop
      vertex 2.17931 3.8914 0
      vertex 2.12134 3.46172 0.41
      vertex 1.98381 3.54233 0.41
    endloop
  endfacet
  facet normal -0.409256 -0.587236 -0.698329
    outer loop
      vertex 2.47789 3.70842 0
      vertex 2.38641 3.28461 0.41
      vertex 2.25562 3.37576 0.41
    endloop
  endfacet
  facet normal -0.125877 -0.704619 -0.698332
    outer loop
      vertex 0.697708 4.40517 0
      vertex 0.870117 4.37437 0
      vertex 0.635117 4.01001 0.41
    endloop
  endfacet
  facet normal 0.234398 -0.676301 -0.698337
    outer loop
      vertex -1.37822 4.24179 0
      vertex -1.25459 3.86128 0.41
      vertex -1.40523 3.80907 0.41
    endloop
  endfacet
  facet normal -0.207773 0.684959 -0.698328
    outer loop
      vertex 1.37822 -4.24179 0
      vertex 1.21065 -4.29262 0
      vertex 1.10205 -3.90756 0.41
    endloop
  endfacet
  facet normal -0.180718 0.692589 -0.698328
    outer loop
      vertex 1.10205 -3.90756 0.41
      vertex 1.21065 -4.29262 0
      vertex 1.04118 -4.33684 0
    endloop
  endfacet
  facet normal -0.286811 0.655819 -0.698313
    outer loop
      vertex 1.86725 -4.0504 0
      vertex 1.7068 -4.12057 0
      vertex 1.5537 -3.75096 0.41
    endloop
  endfacet
  facet normal -0.0701812 -0.712345 -0.698311
    outer loop
      vertex 0.34993 4.44632 0
      vertex 0.477188 4.03186 0.41
      vertex 0.318542 4.04749 0.41
    endloop
  endfacet
  facet normal 0.0980049 0.709052 -0.698313
    outer loop
      vertex -0.477188 -4.03186 0.41
      vertex -0.524216 -4.42915 0
      vertex -0.697708 -4.40517 0
    endloop
  endfacet
  facet normal 0.704619 -0.125877 -0.698332
    outer loop
      vertex -4.37437 0.870117 0
      vertex -4.01001 0.635117 0.41
      vertex -4.40517 0.697708 0
    endloop
  endfacet
  facet normal 0.260935 0.666538 -0.698313
    outer loop
      vertex -1.5537 -3.75096 0.41
      vertex -1.5437 -4.18442 0
      vertex -1.7068 -4.12057 0
    endloop
  endfacet
  facet normal 0.69259 0.180706 -0.69833
    outer loop
      vertex -3.94781 -0.947784 0.41
      vertex -3.90756 -1.10205 0.41
      vertex -4.33684 -1.04118 0
    endloop
  endfacet
  facet normal 0.704629 0.125852 -0.698326
    outer loop
      vertex -4.01001 -0.635117 0.41
      vertex -3.98198 -0.792053 0.41
      vertex -4.37437 -0.870117 0
    endloop
  endfacet
  facet normal 0.312413 0.643997 -0.698331
    outer loop
      vertex -1.8432 -3.61749 0.41
      vertex -1.69977 -3.68707 0.41
      vertex -2.02483 -3.97397 0
    endloop
  endfacet
  facet normal 0.553273 -0.454139 -0.698317
    outer loop
      vertex -3.08725 2.63675 0.41
      vertex -3.1884 2.51352 0.41
      vertex -3.39146 2.89658 0
    endloop
  endfacet
  facet normal -0.385912 0.602841 -0.698323
    outer loop
      vertex 2.25562 -3.37576 0.41
      vertex 2.33038 -3.80284 0
      vertex 2.12134 -3.46172 0.41
    endloop
  endfacet
  facet normal 0.676301 0.234398 -0.698337
    outer loop
      vertex -3.86128 -1.25459 0.41
      vertex -3.80907 -1.40523 0.41
      vertex -4.24179 -1.37822 0
    endloop
  endfacet
  facet normal 0.496126 0.515947 -0.698325
    outer loop
      vertex -2.75594 -2.98135 0.41
      vertex -3.0275 -3.27515 0
      vertex -3.15375 -3.15375 0
    endloop
  endfacet
  facet normal -0.180706 -0.69259 -0.69833
    outer loop
      vertex 1.04118 4.33684 0
      vertex 1.10205 3.90756 0.41
      vertex 0.947784 3.94781 0.41
    endloop
  endfacet
  facet normal 0.666547 0.260881 -0.698324
    outer loop
      vertex -3.80907 -1.40523 0.41
      vertex -3.75096 -1.5537 0.41
      vertex -4.18442 -1.5437 0
    endloop
  endfacet
  facet normal -0.0421407 0.714553 -0.698311
    outer loop
      vertex 0.318542 -4.04749 0.41
      vertex 0.34993 -4.44632 0
      vertex 0.17511 -4.45663 0
    endloop
  endfacet
  facet normal -0.0701812 0.712345 -0.698311
    outer loop
      vertex 0.477188 -4.03186 0.41
      vertex 0.34993 -4.44632 0
      vertex 0.318542 -4.04749 0.41
    endloop
  endfacet
  facet normal 0.180706 -0.69259 -0.69833
    outer loop
      vertex -1.04118 4.33684 0
      vertex -0.947784 3.94781 0.41
      vertex -1.10205 3.90756 0.41
    endloop
  endfacet
  facet normal 0.64403 -0.31237 -0.69832
    outer loop
      vertex -3.97397 2.02483 0
      vertex -3.68707 1.69977 0.41
      vertex -4.0504 1.86725 0
    endloop
  endfacet
  facet normal 0.666547 -0.260881 -0.698324
    outer loop
      vertex -3.75096 1.5537 0.41
      vertex -3.80907 1.40523 0.41
      vertex -4.18442 1.5437 0
    endloop
  endfacet
  facet normal 0.704629 -0.125852 -0.698326
    outer loop
      vertex -3.98198 0.792053 0.41
      vertex -4.01001 0.635117 0.41
      vertex -4.37437 0.870117 0
    endloop
  endfacet
  facet normal -0.337421 0.631251 -0.698333
    outer loop
      vertex 1.98381 -3.54233 0.41
      vertex 2.17931 -3.8914 0
      vertex 1.8432 -3.61749 0.41
    endloop
  endfacet
  facet normal 0.712345 0.0701776 -0.698312
    outer loop
      vertex -4.03186 -0.477188 0.41
      vertex -4.42915 -0.524216 0
      vertex -4.44632 -0.34993 0
    endloop
  endfacet
  facet normal 0.714549 -0.0421144 -0.698317
    outer loop
      vertex -4.04749 0.318542 0.41
      vertex -4.05687 0.159393 0.41
      vertex -4.45663 0.17511 0
    endloop
  endfacet
  facet normal 0.699148 -0.153388 -0.69833
    outer loop
      vertex -4.33684 1.04118 0
      vertex -3.94781 0.947784 0.41
      vertex -4.37437 0.870117 0
    endloop
  endfacet
  facet normal 0.454139 0.553273 -0.698317
    outer loop
      vertex -2.63675 -3.08725 0.41
      vertex -2.51352 -3.1884 0.41
      vertex -2.89658 -3.39146 0
    endloop
  endfacet
  facet normal 0.666538 -0.260935 -0.698313
    outer loop
      vertex -4.12057 1.7068 0
      vertex -3.75096 1.5537 0.41
      vertex -4.18442 1.5437 0
    endloop
  endfacet
  facet normal 0.676293 0.234463 -0.698323
    outer loop
      vertex -3.80907 -1.40523 0.41
      vertex -4.18442 -1.5437 0
      vertex -4.24179 -1.37822 0
    endloop
  endfacet
  facet normal 0.0980049 -0.709052 -0.698313
    outer loop
      vertex -0.524216 4.42915 0
      vertex -0.477188 4.03186 0.41
      vertex -0.697708 4.40517 0
    endloop
  endfacet
  facet normal 0.0980953 -0.70902 -0.698332
    outer loop
      vertex -0.477188 4.03186 0.41
      vertex -0.635117 4.01001 0.41
      vertex -0.697708 4.40517 0
    endloop
  endfacet
  facet normal -0.125852 0.704629 -0.698326
    outer loop
      vertex 0.792053 -3.98198 0.41
      vertex 0.870117 -4.37437 0
      vertex 0.635117 -4.01001 0.41
    endloop
  endfacet
  facet normal -0.153405 0.699147 -0.698326
    outer loop
      vertex 0.947784 -3.94781 0.41
      vertex 0.870117 -4.37437 0
      vertex 0.792053 -3.98198 0.41
    endloop
  endfacet
  facet normal 0.0701776 -0.712345 -0.698312
    outer loop
      vertex -0.34993 4.44632 0
      vertex -0.477188 4.03186 0.41
      vertex -0.524216 4.42915 0
    endloop
  endfacet
  facet normal 0.535115 -0.475399 -0.698318
    outer loop
      vertex -3.27515 3.0275 0
      vertex -3.08725 2.63675 0.41
      vertex -3.39146 2.89658 0
    endloop
  endfacet
  facet normal 0.68494 -0.207808 -0.698336
    outer loop
      vertex -3.86128 1.25459 0.41
      vertex -3.90756 1.10205 0.41
      vertex -4.24179 1.37822 0
    endloop
  endfacet
  facet normal 0.207808 -0.68494 -0.698336
    outer loop
      vertex -1.10205 3.90756 0.41
      vertex -1.25459 3.86128 0.41
      vertex -1.37822 4.24179 0
    endloop
  endfacet
  facet normal -0.180718 -0.692589 -0.698328
    outer loop
      vertex 1.21065 4.29262 0
      vertex 1.10205 3.90756 0.41
      vertex 1.04118 4.33684 0
    endloop
  endfacet
  facet normal -0.260881 0.666547 -0.698324
    outer loop
      vertex 1.5537 -3.75096 0.41
      vertex 1.5437 -4.18442 0
      vertex 1.40523 -3.80907 0.41
    endloop
  endfacet
  facet normal 0.125852 0.704629 -0.698326
    outer loop
      vertex -0.792053 -3.98198 0.41
      vertex -0.635117 -4.01001 0.41
      vertex -0.870117 -4.37437 0
    endloop
  endfacet
  facet normal 0.63126 -0.33741 -0.69833
    outer loop
      vertex -3.8914 2.17931 0
      vertex -3.61749 1.8432 0.41
      vertex -3.97397 2.02483 0
    endloop
  endfacet
  facet normal 0.709052 -0.0980049 -0.698313
    outer loop
      vertex -4.40517 0.697708 0
      vertex -4.03186 0.477188 0.41
      vertex -4.42915 0.524216 0
    endloop
  endfacet
  facet normal -0.385912 -0.602841 -0.698323
    outer loop
      vertex 2.33038 3.80284 0
      vertex 2.25562 3.37576 0.41
      vertex 2.12134 3.46172 0.41
    endloop
  endfacet
  facet normal 0.234463 0.676293 -0.698323
    outer loop
      vertex -1.40523 -3.80907 0.41
      vertex -1.37822 -4.24179 0
      vertex -1.5437 -4.18442 0
    endloop
  endfacet
  facet normal 0.432027 -0.570708 -0.698316
    outer loop
      vertex -2.62157 3.60828 0
      vertex -2.51352 3.1884 0.41
      vertex -2.7612 3.50258 0
    endloop
  endfacet
  facet normal 0.0421144 0.714549 -0.698317
    outer loop
      vertex -0.159393 -4.05687 0.41
      vertex -0.17511 -4.45663 0
      vertex -0.318542 -4.04749 0.41
    endloop
  endfacet
  facet normal 0.361943 -0.617517 -0.698333
    outer loop
      vertex -1.98381 3.54233 0.41
      vertex -2.12134 3.46172 0.41
      vertex -2.17931 3.8914 0
    endloop
  endfacet
  facet normal 0.260881 0.666547 -0.698324
    outer loop
      vertex -1.40523 -3.80907 0.41
      vertex -1.5437 -4.18442 0
      vertex -1.5537 -3.75096 0.41
    endloop
  endfacet
  facet normal 0.655819 -0.286811 -0.698313
    outer loop
      vertex -4.0504 1.86725 0
      vertex -3.75096 1.5537 0.41
      vertex -4.12057 1.7068 0
    endloop
  endfacet
  facet normal -0.535086 -0.47542 -0.698325
    outer loop
      vertex 3.27515 3.0275 0
      vertex 3.46001 2.81944 0
      vertex 2.98135 2.75594 0.41
    endloop
  endfacet
  facet normal 0.0140997 -0.71565 -0.698317
    outer loop
      vertex 0 4.46008 0
      vertex 0 4.06001 0.41
      vertex -0.17511 4.45663 0
    endloop
  endfacet
  facet normal -0.454133 -0.55328 -0.698315
    outer loop
      vertex 2.7612 3.50258 0
      vertex 2.89658 3.39146 0
      vertex 2.51352 3.1884 0.41
    endloop
  endfacet
  facet normal 0.570708 0.432027 -0.698316
    outer loop
      vertex -3.1884 -2.51352 0.41
      vertex -3.50258 -2.7612 0
      vertex -3.60828 -2.62157 0
    endloop
  endfacet
  facet normal 0.617501 0.36199 -0.698323
    outer loop
      vertex -3.46172 -2.12134 0.41
      vertex -3.80284 -2.33038 0
      vertex -3.8914 -2.17931 0
    endloop
  endfacet
  facet normal -0.36199 -0.617501 -0.698323
    outer loop
      vertex 2.17931 3.8914 0
      vertex 2.33038 3.80284 0
      vertex 2.12134 3.46172 0.41
    endloop
  endfacet
  facet normal -0.475422 -0.535085 -0.698325
    outer loop
      vertex 3.0275 3.27515 0
      vertex 2.75594 2.98135 0.41
      vertex 2.63675 3.08725 0.41
    endloop
  endfacet
  facet normal 0.712345 0.0701812 -0.698311
    outer loop
      vertex -4.04749 -0.318542 0.41
      vertex -4.03186 -0.477188 0.41
      vertex -4.44632 -0.34993 0
    endloop
  endfacet
  facet normal -0.535118 -0.475345 -0.698352
    outer loop
      vertex 3.46001 2.81944 0
      vertex 3.06 2.6674 0.41
      vertex 2.98135 2.75594 0.41
    endloop
  endfacet
  facet normal 0.36199 -0.617501 -0.698323
    outer loop
      vertex -2.17931 3.8914 0
      vertex -2.12134 3.46172 0.41
      vertex -2.33038 3.80284 0
    endloop
  endfacet
  facet normal 0.570708 -0.432027 -0.698316
    outer loop
      vertex -3.50258 2.7612 0
      vertex -3.1884 2.51352 0.41
      vertex -3.60828 2.62157 0
    endloop
  endfacet
  facet normal 0.515947 -0.496126 -0.698325
    outer loop
      vertex -3.15375 3.15375 0
      vertex -2.98135 2.75594 0.41
      vertex -3.27515 3.0275 0
    endloop
  endfacet
  facet normal 0.454133 -0.55328 -0.698315
    outer loop
      vertex -2.7612 3.50258 0
      vertex -2.51352 3.1884 0.41
      vertex -2.89658 3.39146 0
    endloop
  endfacet
  facet normal 0.0421144 -0.714549 -0.698317
    outer loop
      vertex -0.17511 4.45663 0
      vertex -0.159393 4.05687 0.41
      vertex -0.318542 4.04749 0.41
    endloop
  endfacet
  facet normal 0.312413 -0.643997 -0.698331
    outer loop
      vertex -1.69977 3.68707 0.41
      vertex -1.8432 3.61749 0.41
      vertex -2.02483 3.97397 0
    endloop
  endfacet
  facet normal 0.33741 -0.63126 -0.69833
    outer loop
      vertex -2.02483 3.97397 0
      vertex -1.8432 3.61749 0.41
      vertex -2.17931 3.8914 0
    endloop
  endfacet
  facet normal 0.431986 -0.570728 -0.698325
    outer loop
      vertex -2.38641 3.28461 0.41
      vertex -2.51352 3.1884 0.41
      vertex -2.62157 3.60828 0
    endloop
  endfacet
  facet normal -0.496126 -0.515947 -0.698325
    outer loop
      vertex 3.0275 3.27515 0
      vertex 3.15375 3.15375 0
      vertex 2.75594 2.98135 0.41
    endloop
  endfacet
  facet normal 0.0421407 0.714553 -0.698311
    outer loop
      vertex -0.318542 -4.04749 0.41
      vertex -0.17511 -4.45663 0
      vertex -0.34993 -4.44632 0
    endloop
  endfacet
  facet normal -0.0421144 0.714549 -0.698317
    outer loop
      vertex 0.318542 -4.04749 0.41
      vertex 0.17511 -4.45663 0
      vertex 0.159393 -4.05687 0.41
    endloop
  endfacet
  facet normal 0.714553 0.0421407 -0.698311
    outer loop
      vertex -4.04749 -0.318542 0.41
      vertex -4.44632 -0.34993 0
      vertex -4.45663 -0.17511 0
    endloop
  endfacet
  facet normal 0.153388 0.699148 -0.69833
    outer loop
      vertex -0.947784 -3.94781 0.41
      vertex -0.870117 -4.37437 0
      vertex -1.04118 -4.33684 0
    endloop
  endfacet
  facet normal 0.180706 0.69259 -0.69833
    outer loop
      vertex -0.947784 -3.94781 0.41
      vertex -1.04118 -4.33684 0
      vertex -1.10205 -3.90756 0.41
    endloop
  endfacet
  facet normal 0.676301 -0.234398 -0.698337
    outer loop
      vertex -3.80907 1.40523 0.41
      vertex -3.86128 1.25459 0.41
      vertex -4.24179 1.37822 0
    endloop
  endfacet
  facet normal 0.553273 0.454139 -0.698317
    outer loop
      vertex -3.1884 -2.51352 0.41
      vertex -3.08725 -2.63675 0.41
      vertex -3.39146 -2.89658 0
    endloop
  endfacet
  facet normal 0.71565 0.0140981 -0.698317
    outer loop
      vertex -4.06001 0 0.41
      vertex -4.05687 -0.159393 0.41
      vertex -4.45663 -0.17511 0
    endloop
  endfacet
  facet normal 0.286841 0.655798 -0.69832
    outer loop
      vertex -1.69977 -3.68707 0.41
      vertex -1.5537 -3.75096 0.41
      vertex -1.86725 -4.0504 0
    endloop
  endfacet
  facet normal 0.207773 0.684959 -0.698328
    outer loop
      vertex -1.10205 -3.90756 0.41
      vertex -1.21065 -4.29262 0
      vertex -1.37822 -4.24179 0
    endloop
  endfacet
  facet normal -0.36199 0.617501 -0.698323
    outer loop
      vertex 2.33038 -3.80284 0
      vertex 2.17931 -3.8914 0
      vertex 2.12134 -3.46172 0.41
    endloop
  endfacet
  facet normal -0.207808 0.68494 -0.698336
    outer loop
      vertex 1.25459 -3.86128 0.41
      vertex 1.37822 -4.24179 0
      vertex 1.10205 -3.90756 0.41
    endloop
  endfacet
  facet normal 0.515947 0.496126 -0.698325
    outer loop
      vertex -2.98135 -2.75594 0.41
      vertex -3.15375 -3.15375 0
      vertex -3.27515 -3.0275 0
    endloop
  endfacet
  facet normal 0.71565 0.0140997 -0.698317
    outer loop
      vertex -4.06001 0 0.41
      vertex -4.45663 -0.17511 0
      vertex -4.46008 0 0
    endloop
  endfacet
  facet normal 0.655819 0.286811 -0.698313
    outer loop
      vertex -3.75096 -1.5537 0.41
      vertex -4.0504 -1.86725 0
      vertex -4.12057 -1.7068 0
    endloop
  endfacet
  facet normal 0.286841 -0.655798 -0.69832
    outer loop
      vertex -1.5537 3.75096 0.41
      vertex -1.69977 3.68707 0.41
      vertex -1.86725 4.0504 0
    endloop
  endfacet
  facet normal 0.587227 0.409277 -0.698325
    outer loop
      vertex -3.28461 -2.38641 0.41
      vertex -3.60828 -2.62157 0
      vertex -3.70842 -2.47789 0
    endloop
  endfacet
  facet normal -0.0140981 -0.71565 -0.698317
    outer loop
      vertex 0.17511 4.45663 0
      vertex 0.159393 4.05687 0.41
      vertex 0 4.06001 0.41
    endloop
  endfacet
  facet normal -0.0421144 -0.714549 -0.698317
    outer loop
      vertex 0.17511 4.45663 0
      vertex 0.318542 4.04749 0.41
      vertex 0.159393 4.05687 0.41
    endloop
  endfacet
  facet normal 0.631251 -0.337421 -0.698333
    outer loop
      vertex -3.54233 1.98381 0.41
      vertex -3.61749 1.8432 0.41
      vertex -3.8914 2.17931 0
    endloop
  endfacet
  facet normal -0.153388 -0.699148 -0.69833
    outer loop
      vertex 1.04118 4.33684 0
      vertex 0.947784 3.94781 0.41
      vertex 0.870117 4.37437 0
    endloop
  endfacet
  facet normal -0.515947 -0.496126 -0.698325
    outer loop
      vertex 3.15375 3.15375 0
      vertex 3.27515 3.0275 0
      vertex 2.98135 2.75594 0.41
    endloop
  endfacet
  facet normal -0.153405 -0.699147 -0.698326
    outer loop
      vertex 0.870117 4.37437 0
      vertex 0.947784 3.94781 0.41
      vertex 0.792053 3.98198 0.41
    endloop
  endfacet
  facet normal -0.431986 0.570728 -0.698325
    outer loop
      vertex 2.51352 -3.1884 0.41
      vertex 2.62157 -3.60828 0
      vertex 2.38641 -3.28461 0.41
    endloop
  endfacet
  facet normal -0.409277 0.587227 -0.698325
    outer loop
      vertex 2.62157 -3.60828 0
      vertex 2.47789 -3.70842 0
      vertex 2.38641 -3.28461 0.41
    endloop
  endfacet
  facet normal 0.69259 -0.180706 -0.69833
    outer loop
      vertex -3.90756 1.10205 0.41
      vertex -3.94781 0.947784 0.41
      vertex -4.33684 1.04118 0
    endloop
  endfacet
  facet normal -0.286841 -0.655798 -0.69832
    outer loop
      vertex 1.86725 4.0504 0
      vertex 1.69977 3.68707 0.41
      vertex 1.5537 3.75096 0.41
    endloop
  endfacet
  facet normal -0.31237 -0.64403 -0.69832
    outer loop
      vertex 1.86725 4.0504 0
      vertex 2.02483 3.97397 0
      vertex 1.69977 3.68707 0.41
    endloop
  endfacet
  facet normal -0.234463 -0.676293 -0.698323
    outer loop
      vertex 1.5437 4.18442 0
      vertex 1.40523 3.80907 0.41
      vertex 1.37822 4.24179 0
    endloop
  endfacet
  facet normal -0.385882 -0.602853 -0.698329
    outer loop
      vertex 2.33038 3.80284 0
      vertex 2.47789 3.70842 0
      vertex 2.25562 3.37576 0.41
    endloop
  endfacet
  facet normal 0.496134 0.515935 -0.698328
    outer loop
      vertex -2.87085 -2.87085 0.41
      vertex -2.75594 -2.98135 0.41
      vertex -3.15375 -3.15375 0
    endloop
  endfacet
  facet normal 0.684959 -0.207773 -0.698328
    outer loop
      vertex -4.24179 1.37822 0
      vertex -3.90756 1.10205 0.41
      vertex -4.29262 1.21065 0
    endloop
  endfacet
  facet normal -0.515935 -0.496134 -0.698328
    outer loop
      vertex 3.15375 3.15375 0
      vertex 2.98135 2.75594 0.41
      vertex 2.87085 2.87085 0.41
    endloop
  endfacet
  facet normal 0.515935 0.496134 -0.698328
    outer loop
      vertex -2.98135 -2.75594 0.41
      vertex -2.87085 -2.87085 0.41
      vertex -3.15375 -3.15375 0
    endloop
  endfacet
  facet normal 0.475399 -0.535115 -0.698318
    outer loop
      vertex -2.89658 3.39146 0
      vertex -2.63675 3.08725 0.41
      vertex -3.0275 3.27515 0
    endloop
  endfacet
  facet normal 0.454139 -0.553273 -0.698317
    outer loop
      vertex -2.51352 3.1884 0.41
      vertex -2.63675 3.08725 0.41
      vertex -2.89658 3.39146 0
    endloop
  endfacet
  facet normal 0.496126 -0.515947 -0.698325
    outer loop
      vertex -3.0275 3.27515 0
      vertex -2.75594 2.98135 0.41
      vertex -3.15375 3.15375 0
    endloop
  endfacet
  facet normal 0.496134 -0.515935 -0.698328
    outer loop
      vertex -2.75594 2.98135 0.41
      vertex -2.87085 2.87085 0.41
      vertex -3.15375 3.15375 0
    endloop
  endfacet
  facet normal 0.655798 -0.286841 -0.69832
    outer loop
      vertex -3.68707 1.69977 0.41
      vertex -3.75096 1.5537 0.41
      vertex -4.0504 1.86725 0
    endloop
  endfacet
  facet normal 0.602841 -0.385912 -0.698323
    outer loop
      vertex -3.37576 2.25562 0.41
      vertex -3.46172 2.12134 0.41
      vertex -3.80284 2.33038 0
    endloop
  endfacet
  facet normal 0.602853 -0.385882 -0.698329
    outer loop
      vertex -3.70842 2.47789 0
      vertex -3.37576 2.25562 0.41
      vertex -3.80284 2.33038 0
    endloop
  endfacet
  facet normal 0.643997 -0.312413 -0.698331
    outer loop
      vertex -3.61749 1.8432 0.41
      vertex -3.68707 1.69977 0.41
      vertex -3.97397 2.02483 0
    endloop
  endfacet
  facet normal 0.385882 -0.602853 -0.698329
    outer loop
      vertex -2.33038 3.80284 0
      vertex -2.25562 3.37576 0.41
      vertex -2.47789 3.70842 0
    endloop
  endfacet
  facet normal 0.385912 -0.602841 -0.698323
    outer loop
      vertex -2.12134 3.46172 0.41
      vertex -2.25562 3.37576 0.41
      vertex -2.33038 3.80284 0
    endloop
  endfacet
  facet normal 0.71565 -0.0140997 -0.698317
    outer loop
      vertex -4.45663 0.17511 0
      vertex -4.06001 0 0.41
      vertex -4.46008 0 0
    endloop
  endfacet
  facet normal 0.286811 -0.655819 -0.698313
    outer loop
      vertex -1.7068 4.12057 0
      vertex -1.5537 3.75096 0.41
      vertex -1.86725 4.0504 0
    endloop
  endfacet
  facet normal 0.260935 -0.666538 -0.698313
    outer loop
      vertex -1.5437 4.18442 0
      vertex -1.5537 3.75096 0.41
      vertex -1.7068 4.12057 0
    endloop
  endfacet
  facet normal 0.570728 0.431986 -0.698325
    outer loop
      vertex -3.28461 -2.38641 0.41
      vertex -3.1884 -2.51352 0.41
      vertex -3.60828 -2.62157 0
    endloop
  endfacet
  facet normal -0.496134 -0.515935 -0.698328
    outer loop
      vertex 3.15375 3.15375 0
      vertex 2.87085 2.87085 0.41
      vertex 2.75594 2.98135 0.41
    endloop
  endfacet
  facet normal 0.36199 0.617501 -0.698323
    outer loop
      vertex -2.12134 -3.46172 0.41
      vertex -2.17931 -3.8914 0
      vertex -2.33038 -3.80284 0
    endloop
  endfacet
  facet normal 0.385912 0.602841 -0.698323
    outer loop
      vertex -2.25562 -3.37576 0.41
      vertex -2.12134 -3.46172 0.41
      vertex -2.33038 -3.80284 0
    endloop
  endfacet
  facet normal 0.535085 0.475422 -0.698325
    outer loop
      vertex -3.08725 -2.63675 0.41
      vertex -2.98135 -2.75594 0.41
      vertex -3.27515 -3.0275 0
    endloop
  endfacet
  facet normal 0.535115 0.475399 -0.698318
    outer loop
      vertex -3.08725 -2.63675 0.41
      vertex -3.27515 -3.0275 0
      vertex -3.39146 -2.89658 0
    endloop
  endfacet
  facet normal 0.153405 -0.699147 -0.698326
    outer loop
      vertex -0.870117 4.37437 0
      vertex -0.792053 3.98198 0.41
      vertex -0.947784 3.94781 0.41
    endloop
  endfacet
  facet normal 0.125852 -0.704629 -0.698326
    outer loop
      vertex -0.635117 4.01001 0.41
      vertex -0.792053 3.98198 0.41
      vertex -0.870117 4.37437 0
    endloop
  endfacet
  facet normal 0.125877 -0.704619 -0.698332
    outer loop
      vertex -0.697708 4.40517 0
      vertex -0.635117 4.01001 0.41
      vertex -0.870117 4.37437 0
    endloop
  endfacet
  facet normal -0.260935 0.666538 -0.698313
    outer loop
      vertex 1.5537 -3.75096 0.41
      vertex 1.7068 -4.12057 0
      vertex 1.5437 -4.18442 0
    endloop
  endfacet
  facet normal 0.692589 -0.180718 -0.698328
    outer loop
      vertex -4.29262 1.21065 0
      vertex -3.90756 1.10205 0.41
      vertex -4.33684 1.04118 0
    endloop
  endfacet
  facet normal 0.602853 0.385882 -0.698329
    outer loop
      vertex -3.37576 -2.25562 0.41
      vertex -3.70842 -2.47789 0
      vertex -3.80284 -2.33038 0
    endloop
  endfacet
  facet normal 0.234463 -0.676293 -0.698323
    outer loop
      vertex -1.37822 4.24179 0
      vertex -1.40523 3.80907 0.41
      vertex -1.5437 4.18442 0
    endloop
  endfacet
  facet normal 0.207773 -0.684959 -0.698328
    outer loop
      vertex -1.21065 4.29262 0
      vertex -1.10205 3.90756 0.41
      vertex -1.37822 4.24179 0
    endloop
  endfacet
  facet normal 0.676293 -0.234463 -0.698323
    outer loop
      vertex -4.18442 1.5437 0
      vertex -3.80907 1.40523 0.41
      vertex -4.24179 1.37822 0
    endloop
  endfacet
  facet normal 0.71565 0.0140997 0.698317
    outer loop
      vertex -4.45663 -0.17511 13
      vertex -4.06001 0 12.59
      vertex -4.46008 0 13
    endloop
  endfacet
  facet normal 0.71565 0.0140981 0.698317
    outer loop
      vertex -4.05687 -0.159393 12.59
      vertex -4.06001 0 12.59
      vertex -4.45663 -0.17511 13
    endloop
  endfacet
  facet normal 0.712345 -0.0701776 0.698312
    outer loop
      vertex -4.03186 0.477188 12.59
      vertex -4.42915 0.524216 13
      vertex -4.44632 0.34993 13
    endloop
  endfacet
  facet normal 0.714549 0.0421144 0.698317
    outer loop
      vertex -4.04749 -0.318542 12.59
      vertex -4.05687 -0.159393 12.59
      vertex -4.45663 -0.17511 13
    endloop
  endfacet
  facet normal -0.409256 -0.587236 0.698329
    outer loop
      vertex 2.38641 3.28461 12.59
      vertex 2.47789 3.70842 13
      vertex 2.25562 3.37576 12.59
    endloop
  endfacet
  facet normal -0.715773 0 0.698333
    outer loop
      vertex 3.06 -2.6674 12.59
      vertex 3.46001 2.81944 13
      vertex 3.06 2.6674 12.59
    endloop
  endfacet
  facet normal -0.715773 0 0.698333
    outer loop
      vertex 3.46001 2.81944 13
      vertex 3.06 -2.6674 12.59
      vertex 3.46001 -2.81944 13
    endloop
  endfacet
  facet normal 0.286841 0.655798 0.69832
    outer loop
      vertex -1.5537 -3.75096 12.59
      vertex -1.69977 -3.68707 12.59
      vertex -1.86725 -4.0504 13
    endloop
  endfacet
  facet normal 0.337421 0.631251 0.698333
    outer loop
      vertex -1.8432 -3.61749 12.59
      vertex -1.98381 -3.54233 12.59
      vertex -2.17931 -3.8914 13
    endloop
  endfacet
  facet normal 0.69259 -0.180706 0.69833
    outer loop
      vertex -3.94781 0.947784 12.59
      vertex -3.90756 1.10205 12.59
      vertex -4.33684 1.04118 13
    endloop
  endfacet
  facet normal 0.71565 -0.0140997 0.698317
    outer loop
      vertex -4.06001 0 12.59
      vertex -4.45663 0.17511 13
      vertex -4.46008 0 13
    endloop
  endfacet
  facet normal 0.515935 -0.496134 0.698328
    outer loop
      vertex -2.98135 2.75594 12.59
      vertex -2.87085 2.87085 12.59
      vertex -3.15375 3.15375 13
    endloop
  endfacet
  facet normal 0.704619 0.125877 0.698332
    outer loop
      vertex -4.37437 -0.870117 13
      vertex -4.01001 -0.635117 12.59
      vertex -4.40517 -0.697708 13
    endloop
  endfacet
  facet normal 0.0140981 0.71565 0.698317
    outer loop
      vertex 0 -4.06001 12.59
      vertex -0.159393 -4.05687 12.59
      vertex -0.17511 -4.45663 13
    endloop
  endfacet
  facet normal 0.570708 -0.432027 0.698316
    outer loop
      vertex -3.1884 2.51352 12.59
      vertex -3.50258 2.7612 13
      vertex -3.60828 2.62157 13
    endloop
  endfacet
  facet normal -0.432027 0.570708 0.698316
    outer loop
      vertex 2.62157 -3.60828 13
      vertex 2.7612 -3.50258 13
      vertex 2.51352 -3.1884 12.59
    endloop
  endfacet
  facet normal -0.33741 -0.63126 0.69833
    outer loop
      vertex 2.17931 3.8914 13
      vertex 2.02483 3.97397 13
      vertex 1.8432 3.61749 12.59
    endloop
  endfacet
  facet normal 0.454133 -0.55328 0.698315
    outer loop
      vertex -2.51352 3.1884 12.59
      vertex -2.7612 3.50258 13
      vertex -2.89658 3.39146 13
    endloop
  endfacet
  facet normal 0.180718 0.692589 0.698328
    outer loop
      vertex -1.04118 -4.33684 13
      vertex -1.10205 -3.90756 12.59
      vertex -1.21065 -4.29262 13
    endloop
  endfacet
  facet normal 0.643997 -0.312413 0.698331
    outer loop
      vertex -3.68707 1.69977 12.59
      vertex -3.61749 1.8432 12.59
      vertex -3.97397 2.02483 13
    endloop
  endfacet
  facet normal -0.0701812 0.712345 0.698311
    outer loop
      vertex 0.34993 -4.44632 13
      vertex 0.477188 -4.03186 12.59
      vertex 0.318542 -4.04749 12.59
    endloop
  endfacet
  facet normal 0.570708 0.432027 0.698316
    outer loop
      vertex -3.50258 -2.7612 13
      vertex -3.1884 -2.51352 12.59
      vertex -3.60828 -2.62157 13
    endloop
  endfacet
  facet normal 0.655819 0.286811 0.698313
    outer loop
      vertex -4.0504 -1.86725 13
      vertex -3.75096 -1.5537 12.59
      vertex -4.12057 -1.7068 13
    endloop
  endfacet
  facet normal 0.692589 -0.180718 0.698328
    outer loop
      vertex -3.90756 1.10205 12.59
      vertex -4.29262 1.21065 13
      vertex -4.33684 1.04118 13
    endloop
  endfacet
  facet normal -0.454139 0.553273 0.698317
    outer loop
      vertex 2.89658 -3.39146 13
      vertex 2.63675 -3.08725 12.59
      vertex 2.51352 -3.1884 12.59
    endloop
  endfacet
  facet normal 0.655798 0.286841 0.69832
    outer loop
      vertex -3.68707 -1.69977 12.59
      vertex -3.75096 -1.5537 12.59
      vertex -4.0504 -1.86725 13
    endloop
  endfacet
  facet normal 0.666547 0.260881 0.698324
    outer loop
      vertex -3.75096 -1.5537 12.59
      vertex -3.80907 -1.40523 12.59
      vertex -4.18442 -1.5437 13
    endloop
  endfacet
  facet normal 0.666547 -0.260881 0.698324
    outer loop
      vertex -3.80907 1.40523 12.59
      vertex -3.75096 1.5537 12.59
      vertex -4.18442 1.5437 13
    endloop
  endfacet
  facet normal 0.709052 -0.0980049 0.698313
    outer loop
      vertex -4.03186 0.477188 12.59
      vertex -4.40517 0.697708 13
      vertex -4.42915 0.524216 13
    endloop
  endfacet
  facet normal 0.68494 0.207808 0.698336
    outer loop
      vertex -3.86128 -1.25459 12.59
      vertex -3.90756 -1.10205 12.59
      vertex -4.24179 -1.37822 13
    endloop
  endfacet
  facet normal 0.496126 0.515947 0.698325
    outer loop
      vertex -3.0275 -3.27515 13
      vertex -2.75594 -2.98135 12.59
      vertex -3.15375 -3.15375 13
    endloop
  endfacet
  facet normal 0.0140997 0.71565 0.698317
    outer loop
      vertex 0 -4.46008 13
      vertex 0 -4.06001 12.59
      vertex -0.17511 -4.45663 13
    endloop
  endfacet
  facet normal 0.385912 -0.602841 0.698323
    outer loop
      vertex -2.25562 3.37576 12.59
      vertex -2.12134 3.46172 12.59
      vertex -2.33038 3.80284 13
    endloop
  endfacet
  facet normal 0.0701776 0.712345 0.698312
    outer loop
      vertex -0.34993 -4.44632 13
      vertex -0.477188 -4.03186 12.59
      vertex -0.524216 -4.42915 13
    endloop
  endfacet
  facet normal 0.153405 0.699147 0.698326
    outer loop
      vertex -0.870117 -4.37437 13
      vertex -0.792053 -3.98198 12.59
      vertex -0.947784 -3.94781 12.59
    endloop
  endfacet
  facet normal -0.0140997 0.71565 0.698317
    outer loop
      vertex 0.17511 -4.45663 13
      vertex 0 -4.06001 12.59
      vertex 0 -4.46008 13
    endloop
  endfacet
  facet normal 0.361943 0.617517 0.698333
    outer loop
      vertex -1.98381 -3.54233 12.59
      vertex -2.12134 -3.46172 12.59
      vertex -2.17931 -3.8914 13
    endloop
  endfacet
  facet normal -0.234463 0.676293 0.698323
    outer loop
      vertex 1.5437 -4.18442 13
      vertex 1.40523 -3.80907 12.59
      vertex 1.37822 -4.24179 13
    endloop
  endfacet
  facet normal 0.714549 -0.0421144 0.698317
    outer loop
      vertex -4.05687 0.159393 12.59
      vertex -4.04749 0.318542 12.59
      vertex -4.45663 0.17511 13
    endloop
  endfacet
  facet normal 0.385912 0.602841 0.698323
    outer loop
      vertex -2.12134 -3.46172 12.59
      vertex -2.25562 -3.37576 12.59
      vertex -2.33038 -3.80284 13
    endloop
  endfacet
  facet normal 0.475422 0.535085 0.698325
    outer loop
      vertex -2.63675 -3.08725 12.59
      vertex -2.75594 -2.98135 12.59
      vertex -3.0275 -3.27515 13
    endloop
  endfacet
  facet normal -0.454133 0.55328 0.698315
    outer loop
      vertex 2.7612 -3.50258 13
      vertex 2.89658 -3.39146 13
      vertex 2.51352 -3.1884 12.59
    endloop
  endfacet
  facet normal 0.475399 -0.535115 0.698318
    outer loop
      vertex -2.63675 3.08725 12.59
      vertex -2.89658 3.39146 13
      vertex -3.0275 3.27515 13
    endloop
  endfacet
  facet normal 0.33741 0.63126 0.69833
    outer loop
      vertex -2.02483 -3.97397 13
      vertex -1.8432 -3.61749 12.59
      vertex -2.17931 -3.8914 13
    endloop
  endfacet
  facet normal 0.0980049 -0.709052 0.698313
    outer loop
      vertex -0.477188 4.03186 12.59
      vertex -0.524216 4.42915 13
      vertex -0.697708 4.40517 13
    endloop
  endfacet
  facet normal 0.704629 0.125852 0.698326
    outer loop
      vertex -3.98198 -0.792053 12.59
      vertex -4.01001 -0.635117 12.59
      vertex -4.37437 -0.870117 13
    endloop
  endfacet
  facet normal -0.496126 0.515947 0.698325
    outer loop
      vertex 3.0275 -3.27515 13
      vertex 3.15375 -3.15375 13
      vertex 2.75594 -2.98135 12.59
    endloop
  endfacet
  facet normal 0.631251 0.337421 0.698333
    outer loop
      vertex -3.54233 -1.98381 12.59
      vertex -3.61749 -1.8432 12.59
      vertex -3.8914 -2.17931 13
    endloop
  endfacet
  facet normal 0.71565 -0.0140981 0.698317
    outer loop
      vertex -4.06001 0 12.59
      vertex -4.05687 0.159393 12.59
      vertex -4.45663 0.17511 13
    endloop
  endfacet
  facet normal 0.454139 -0.553273 0.698317
    outer loop
      vertex -2.63675 3.08725 12.59
      vertex -2.51352 3.1884 12.59
      vertex -2.89658 3.39146 13
    endloop
  endfacet
  facet normal 0.385882 -0.602853 0.698329
    outer loop
      vertex -2.25562 3.37576 12.59
      vertex -2.33038 3.80284 13
      vertex -2.47789 3.70842 13
    endloop
  endfacet
  facet normal -0.0701776 0.712345 0.698312
    outer loop
      vertex 0.524216 -4.42915 13
      vertex 0.477188 -4.03186 12.59
      vertex 0.34993 -4.44632 13
    endloop
  endfacet
  facet normal 0.125877 0.704619 0.698332
    outer loop
      vertex -0.697708 -4.40517 13
      vertex -0.635117 -4.01001 12.59
      vertex -0.870117 -4.37437 13
    endloop
  endfacet
  facet normal 0.535085 -0.475422 0.698325
    outer loop
      vertex -3.08725 2.63675 12.59
      vertex -2.98135 2.75594 12.59
      vertex -3.27515 3.0275 13
    endloop
  endfacet
  facet normal 0.234398 0.676301 0.698337
    outer loop
      vertex -1.37822 -4.24179 13
      vertex -1.25459 -3.86128 12.59
      vertex -1.40523 -3.80907 12.59
    endloop
  endfacet
  facet normal 0.260935 -0.666538 0.698313
    outer loop
      vertex -1.5537 3.75096 12.59
      vertex -1.5437 4.18442 13
      vertex -1.7068 4.12057 13
    endloop
  endfacet
  facet normal 0.0421144 -0.714549 0.698317
    outer loop
      vertex -0.159393 4.05687 12.59
      vertex -0.17511 4.45663 13
      vertex -0.318542 4.04749 12.59
    endloop
  endfacet
  facet normal 0.431986 0.570728 0.698325
    outer loop
      vertex -2.38641 -3.28461 12.59
      vertex -2.51352 -3.1884 12.59
      vertex -2.62157 -3.60828 13
    endloop
  endfacet
  facet normal -0.0140981 0.71565 0.698317
    outer loop
      vertex 0.17511 -4.45663 13
      vertex 0.159393 -4.05687 12.59
      vertex 0 -4.06001 12.59
    endloop
  endfacet
  facet normal -0.431986 -0.570728 0.698325
    outer loop
      vertex 2.51352 3.1884 12.59
      vertex 2.62157 3.60828 13
      vertex 2.38641 3.28461 12.59
    endloop
  endfacet
  facet normal 0.0421407 -0.714553 0.698311
    outer loop
      vertex -0.318542 4.04749 12.59
      vertex -0.17511 4.45663 13
      vertex -0.34993 4.44632 13
    endloop
  endfacet
  facet normal -0.234398 0.676301 0.698337
    outer loop
      vertex 1.37822 -4.24179 13
      vertex 1.40523 -3.80907 12.59
      vertex 1.25459 -3.86128 12.59
    endloop
  endfacet
  facet normal 0.55328 -0.454133 0.698315
    outer loop
      vertex -3.1884 2.51352 12.59
      vertex -3.39146 2.89658 13
      vertex -3.50258 2.7612 13
    endloop
  endfacet
  facet normal 0.70902 -0.0980953 0.698332
    outer loop
      vertex -4.03186 0.477188 12.59
      vertex -4.01001 0.635117 12.59
      vertex -4.40517 0.697708 13
    endloop
  endfacet
  facet normal 0.712345 -0.0701812 0.698311
    outer loop
      vertex -4.04749 0.318542 12.59
      vertex -4.03186 0.477188 12.59
      vertex -4.44632 0.34993 13
    endloop
  endfacet
  facet normal 0.31237 0.64403 0.69832
    outer loop
      vertex -1.86725 -4.0504 13
      vertex -1.69977 -3.68707 12.59
      vertex -2.02483 -3.97397 13
    endloop
  endfacet
  facet normal 0.676301 0.234398 0.698337
    outer loop
      vertex -3.80907 -1.40523 12.59
      vertex -3.86128 -1.25459 12.59
      vertex -4.24179 -1.37822 13
    endloop
  endfacet
  facet normal 0.676293 0.234463 0.698323
    outer loop
      vertex -4.18442 -1.5437 13
      vertex -3.80907 -1.40523 12.59
      vertex -4.24179 -1.37822 13
    endloop
  endfacet
  facet normal 0.712345 0.0701776 0.698312
    outer loop
      vertex -4.42915 -0.524216 13
      vertex -4.03186 -0.477188 12.59
      vertex -4.44632 -0.34993 13
    endloop
  endfacet
  facet normal 0.63126 0.33741 0.69833
    outer loop
      vertex -3.8914 -2.17931 13
      vertex -3.61749 -1.8432 12.59
      vertex -3.97397 -2.02483 13
    endloop
  endfacet
  facet normal 0.643997 0.312413 0.698331
    outer loop
      vertex -3.61749 -1.8432 12.59
      vertex -3.68707 -1.69977 12.59
      vertex -3.97397 -2.02483 13
    endloop
  endfacet
  facet normal 0.699148 -0.153388 0.69833
    outer loop
      vertex -3.94781 0.947784 12.59
      vertex -4.33684 1.04118 13
      vertex -4.37437 0.870117 13
    endloop
  endfacet
  facet normal 0.0421407 0.714553 0.698311
    outer loop
      vertex -0.17511 -4.45663 13
      vertex -0.318542 -4.04749 12.59
      vertex -0.34993 -4.44632 13
    endloop
  endfacet
  facet normal -0.496134 -0.515935 0.698328
    outer loop
      vertex 2.87085 2.87085 12.59
      vertex 3.15375 3.15375 13
      vertex 2.75594 2.98135 12.59
    endloop
  endfacet
  facet normal 0.0701812 0.712345 0.698311
    outer loop
      vertex -0.34993 -4.44632 13
      vertex -0.318542 -4.04749 12.59
      vertex -0.477188 -4.03186 12.59
    endloop
  endfacet
  facet normal -0.0421407 0.714553 0.698311
    outer loop
      vertex 0.34993 -4.44632 13
      vertex 0.318542 -4.04749 12.59
      vertex 0.17511 -4.45663 13
    endloop
  endfacet
  facet normal 0.704619 -0.125877 0.698332
    outer loop
      vertex -4.01001 0.635117 12.59
      vertex -4.37437 0.870117 13
      vertex -4.40517 0.697708 13
    endloop
  endfacet
  facet normal -0.0980049 0.709052 0.698313
    outer loop
      vertex 0.524216 -4.42915 13
      vertex 0.697708 -4.40517 13
      vertex 0.477188 -4.03186 12.59
    endloop
  endfacet
  facet normal -0.260935 -0.666538 0.698313
    outer loop
      vertex 1.5537 3.75096 12.59
      vertex 1.7068 4.12057 13
      vertex 1.5437 4.18442 13
    endloop
  endfacet
  facet normal 0.286841 -0.655798 0.69832
    outer loop
      vertex -1.69977 3.68707 12.59
      vertex -1.5537 3.75096 12.59
      vertex -1.86725 4.0504 13
    endloop
  endfacet
  facet normal 0.714553 -0.0421407 0.698311
    outer loop
      vertex -4.04749 0.318542 12.59
      vertex -4.44632 0.34993 13
      vertex -4.45663 0.17511 13
    endloop
  endfacet
  facet normal -0.180718 0.692589 0.698328
    outer loop
      vertex 1.21065 -4.29262 13
      vertex 1.10205 -3.90756 12.59
      vertex 1.04118 -4.33684 13
    endloop
  endfacet
  facet normal 0.699147 0.153405 0.698326
    outer loop
      vertex -3.94781 -0.947784 12.59
      vertex -3.98198 -0.792053 12.59
      vertex -4.37437 -0.870117 13
    endloop
  endfacet
  facet normal 0.409256 0.587236 0.698329
    outer loop
      vertex -2.25562 -3.37576 12.59
      vertex -2.38641 -3.28461 12.59
      vertex -2.47789 -3.70842 13
    endloop
  endfacet
  facet normal 0.36199 0.617501 0.698323
    outer loop
      vertex -2.17931 -3.8914 13
      vertex -2.12134 -3.46172 12.59
      vertex -2.33038 -3.80284 13
    endloop
  endfacet
  facet normal 0.496126 -0.515947 0.698325
    outer loop
      vertex -2.75594 2.98135 12.59
      vertex -3.0275 3.27515 13
      vertex -3.15375 3.15375 13
    endloop
  endfacet
  facet normal 0.454133 0.55328 0.698315
    outer loop
      vertex -2.7612 -3.50258 13
      vertex -2.51352 -3.1884 12.59
      vertex -2.89658 -3.39146 13
    endloop
  endfacet
  facet normal -0.337421 0.631251 0.698333
    outer loop
      vertex 2.17931 -3.8914 13
      vertex 1.98381 -3.54233 12.59
      vertex 1.8432 -3.61749 12.59
    endloop
  endfacet
  facet normal 0.515947 -0.496126 0.698325
    outer loop
      vertex -2.98135 2.75594 12.59
      vertex -3.15375 3.15375 13
      vertex -3.27515 3.0275 13
    endloop
  endfacet
  facet normal 0.234463 0.676293 0.698323
    outer loop
      vertex -1.37822 -4.24179 13
      vertex -1.40523 -3.80907 12.59
      vertex -1.5437 -4.18442 13
    endloop
  endfacet
  facet normal -0.286811 -0.655819 0.698313
    outer loop
      vertex 1.86725 4.0504 13
      vertex 1.7068 4.12057 13
      vertex 1.5537 3.75096 12.59
    endloop
  endfacet
  facet normal 0.587227 -0.409277 0.698325
    outer loop
      vertex -3.28461 2.38641 12.59
      vertex -3.60828 2.62157 13
      vertex -3.70842 2.47789 13
    endloop
  endfacet
  facet normal -0.180718 -0.692589 0.698328
    outer loop
      vertex 1.10205 3.90756 12.59
      vertex 1.21065 4.29262 13
      vertex 1.04118 4.33684 13
    endloop
  endfacet
  facet normal -0.207773 0.684959 0.698328
    outer loop
      vertex 1.21065 -4.29262 13
      vertex 1.37822 -4.24179 13
      vertex 1.10205 -3.90756 12.59
    endloop
  endfacet
  facet normal 0.125852 0.704629 0.698326
    outer loop
      vertex -0.635117 -4.01001 12.59
      vertex -0.792053 -3.98198 12.59
      vertex -0.870117 -4.37437 13
    endloop
  endfacet
  facet normal 0.676301 -0.234398 0.698337
    outer loop
      vertex -3.86128 1.25459 12.59
      vertex -3.80907 1.40523 12.59
      vertex -4.24179 1.37822 13
    endloop
  endfacet
  facet normal 0.655798 -0.286841 0.69832
    outer loop
      vertex -3.75096 1.5537 12.59
      vertex -3.68707 1.69977 12.59
      vertex -4.0504 1.86725 13
    endloop
  endfacet
  facet normal 0.36199 -0.617501 0.698323
    outer loop
      vertex -2.12134 3.46172 12.59
      vertex -2.17931 3.8914 13
      vertex -2.33038 3.80284 13
    endloop
  endfacet
  facet normal 0.125852 -0.704629 0.698326
    outer loop
      vertex -0.792053 3.98198 12.59
      vertex -0.635117 4.01001 12.59
      vertex -0.870117 4.37437 13
    endloop
  endfacet
  facet normal -0.515947 -0.496126 0.698325
    outer loop
      vertex 3.27515 3.0275 13
      vertex 3.15375 3.15375 13
      vertex 2.98135 2.75594 12.59
    endloop
  endfacet
  facet normal -0.153405 -0.699147 0.698326
    outer loop
      vertex 0.947784 3.94781 12.59
      vertex 0.870117 4.37437 13
      vertex 0.792053 3.98198 12.59
    endloop
  endfacet
  facet normal -0.385912 -0.602841 0.698323
    outer loop
      vertex 2.25562 3.37576 12.59
      vertex 2.33038 3.80284 13
      vertex 2.12134 3.46172 12.59
    endloop
  endfacet
  facet normal 0.33741 -0.63126 0.69833
    outer loop
      vertex -1.8432 3.61749 12.59
      vertex -2.02483 3.97397 13
      vertex -2.17931 3.8914 13
    endloop
  endfacet
  facet normal 0.234398 -0.676301 0.698337
    outer loop
      vertex -1.25459 3.86128 12.59
      vertex -1.37822 4.24179 13
      vertex -1.40523 3.80907 12.59
    endloop
  endfacet
  facet normal -0.153405 0.699147 0.698326
    outer loop
      vertex 0.870117 -4.37437 13
      vertex 0.947784 -3.94781 12.59
      vertex 0.792053 -3.98198 12.59
    endloop
  endfacet
  facet normal 0.0421144 0.714549 0.698317
    outer loop
      vertex -0.17511 -4.45663 13
      vertex -0.159393 -4.05687 12.59
      vertex -0.318542 -4.04749 12.59
    endloop
  endfacet
  facet normal 0.617501 0.36199 0.698323
    outer loop
      vertex -3.80284 -2.33038 13
      vertex -3.46172 -2.12134 12.59
      vertex -3.8914 -2.17931 13
    endloop
  endfacet
  facet normal 0.312413 0.643997 0.698331
    outer loop
      vertex -1.69977 -3.68707 12.59
      vertex -1.8432 -3.61749 12.59
      vertex -2.02483 -3.97397 13
    endloop
  endfacet
  facet normal 0.260881 0.666547 0.698324
    outer loop
      vertex -1.5437 -4.18442 13
      vertex -1.40523 -3.80907 12.59
      vertex -1.5537 -3.75096 12.59
    endloop
  endfacet
  facet normal -0.475422 0.535085 0.698325
    outer loop
      vertex 3.0275 -3.27515 13
      vertex 2.75594 -2.98135 12.59
      vertex 2.63675 -3.08725 12.59
    endloop
  endfacet
  facet normal 0.68494 -0.207808 0.698336
    outer loop
      vertex -3.90756 1.10205 12.59
      vertex -3.86128 1.25459 12.59
      vertex -4.24179 1.37822 13
    endloop
  endfacet
  facet normal 0.496134 -0.515935 0.698328
    outer loop
      vertex -2.87085 2.87085 12.59
      vertex -2.75594 2.98135 12.59
      vertex -3.15375 3.15375 13
    endloop
  endfacet
  facet normal 0.570728 -0.431986 0.698325
    outer loop
      vertex -3.28461 2.38641 12.59
      vertex -3.1884 2.51352 12.59
      vertex -3.60828 2.62157 13
    endloop
  endfacet
  facet normal 0.286811 0.655819 0.698313
    outer loop
      vertex -1.7068 -4.12057 13
      vertex -1.5537 -3.75096 12.59
      vertex -1.86725 -4.0504 13
    endloop
  endfacet
  facet normal 0.260935 0.666538 0.698313
    outer loop
      vertex -1.5437 -4.18442 13
      vertex -1.5537 -3.75096 12.59
      vertex -1.7068 -4.12057 13
    endloop
  endfacet
  facet normal 0.617517 -0.361943 0.698333
    outer loop
      vertex -3.54233 1.98381 12.59
      vertex -3.46172 2.12134 12.59
      vertex -3.8914 2.17931 13
    endloop
  endfacet
  facet normal 0.385882 0.602853 0.698329
    outer loop
      vertex -2.33038 -3.80284 13
      vertex -2.25562 -3.37576 12.59
      vertex -2.47789 -3.70842 13
    endloop
  endfacet
  facet normal 0.617501 -0.36199 0.698323
    outer loop
      vertex -3.46172 2.12134 12.59
      vertex -3.80284 2.33038 13
      vertex -3.8914 2.17931 13
    endloop
  endfacet
  facet normal 0.602853 -0.385882 0.698329
    outer loop
      vertex -3.37576 2.25562 12.59
      vertex -3.70842 2.47789 13
      vertex -3.80284 2.33038 13
    endloop
  endfacet
  facet normal 0.409277 0.587227 0.698325
    outer loop
      vertex -2.47789 -3.70842 13
      vertex -2.38641 -3.28461 12.59
      vertex -2.62157 -3.60828 13
    endloop
  endfacet
  facet normal 0.207773 0.684959 0.698328
    outer loop
      vertex -1.21065 -4.29262 13
      vertex -1.10205 -3.90756 12.59
      vertex -1.37822 -4.24179 13
    endloop
  endfacet
  facet normal 0.207773 -0.684959 0.698328
    outer loop
      vertex -1.10205 3.90756 12.59
      vertex -1.21065 4.29262 13
      vertex -1.37822 4.24179 13
    endloop
  endfacet
  facet normal -0.234463 -0.676293 0.698323
    outer loop
      vertex 1.40523 3.80907 12.59
      vertex 1.5437 4.18442 13
      vertex 1.37822 4.24179 13
    endloop
  endfacet
  facet normal 0.64403 0.31237 0.69832
    outer loop
      vertex -3.97397 -2.02483 13
      vertex -3.68707 -1.69977 12.59
      vertex -4.0504 -1.86725 13
    endloop
  endfacet
  facet normal 0.684959 -0.207773 0.698328
    outer loop
      vertex -3.90756 1.10205 12.59
      vertex -4.24179 1.37822 13
      vertex -4.29262 1.21065 13
    endloop
  endfacet
  facet normal 0.431986 -0.570728 0.698325
    outer loop
      vertex -2.51352 3.1884 12.59
      vertex -2.38641 3.28461 12.59
      vertex -2.62157 3.60828 13
    endloop
  endfacet
  facet normal -0.125852 0.704629 0.698326
    outer loop
      vertex 0.870117 -4.37437 13
      vertex 0.792053 -3.98198 12.59
      vertex 0.635117 -4.01001 12.59
    endloop
  endfacet
  facet normal 0.655819 -0.286811 0.698313
    outer loop
      vertex -3.75096 1.5537 12.59
      vertex -4.0504 1.86725 13
      vertex -4.12057 1.7068 13
    endloop
  endfacet
  facet normal 0.666538 -0.260935 0.698313
    outer loop
      vertex -3.75096 1.5537 12.59
      vertex -4.12057 1.7068 13
      vertex -4.18442 1.5437 13
    endloop
  endfacet
  facet normal 0.475422 -0.535085 0.698325
    outer loop
      vertex -2.75594 2.98135 12.59
      vertex -2.63675 3.08725 12.59
      vertex -3.0275 3.27515 13
    endloop
  endfacet
  facet normal 0.63126 -0.33741 0.69833
    outer loop
      vertex -3.61749 1.8432 12.59
      vertex -3.8914 2.17931 13
      vertex -3.97397 2.02483 13
    endloop
  endfacet
  facet normal 0.337421 -0.631251 0.698333
    outer loop
      vertex -1.98381 3.54233 12.59
      vertex -1.8432 3.61749 12.59
      vertex -2.17931 3.8914 13
    endloop
  endfacet
  facet normal -0.0421144 -0.714549 0.698317
    outer loop
      vertex 0.318542 4.04749 12.59
      vertex 0.17511 4.45663 13
      vertex 0.159393 4.05687 12.59
    endloop
  endfacet
  facet normal 0.153405 -0.699147 0.698326
    outer loop
      vertex -0.792053 3.98198 12.59
      vertex -0.870117 4.37437 13
      vertex -0.947784 3.94781 12.59
    endloop
  endfacet
  facet normal -0.260881 0.666547 0.698324
    outer loop
      vertex 1.5437 -4.18442 13
      vertex 1.5537 -3.75096 12.59
      vertex 1.40523 -3.80907 12.59
    endloop
  endfacet
  facet normal 0.535115 -0.475399 0.698318
    outer loop
      vertex -3.08725 2.63675 12.59
      vertex -3.27515 3.0275 13
      vertex -3.39146 2.89658 13
    endloop
  endfacet
  facet normal 0.553273 -0.454139 0.698317
    outer loop
      vertex -3.1884 2.51352 12.59
      vertex -3.08725 2.63675 12.59
      vertex -3.39146 2.89658 13
    endloop
  endfacet
  facet normal 0.432027 -0.570708 0.698316
    outer loop
      vertex -2.51352 3.1884 12.59
      vertex -2.62157 3.60828 13
      vertex -2.7612 3.50258 13
    endloop
  endfacet
  facet normal -0.260881 -0.666547 0.698324
    outer loop
      vertex 1.5537 3.75096 12.59
      vertex 1.5437 4.18442 13
      vertex 1.40523 3.80907 12.59
    endloop
  endfacet
  facet normal 0.602841 -0.385912 0.698323
    outer loop
      vertex -3.46172 2.12134 12.59
      vertex -3.37576 2.25562 12.59
      vertex -3.80284 2.33038 13
    endloop
  endfacet
  facet normal 0.587236 -0.409256 0.698329
    outer loop
      vertex -3.37576 2.25562 12.59
      vertex -3.28461 2.38641 12.59
      vertex -3.70842 2.47789 13
    endloop
  endfacet
  facet normal -0.286841 -0.655798 0.69832
    outer loop
      vertex 1.69977 3.68707 12.59
      vertex 1.86725 4.0504 13
      vertex 1.5537 3.75096 12.59
    endloop
  endfacet
  facet normal -0.180706 0.69259 0.69833
    outer loop
      vertex 1.04118 -4.33684 13
      vertex 1.10205 -3.90756 12.59
      vertex 0.947784 -3.94781 12.59
    endloop
  endfacet
  facet normal 0.207808 -0.68494 0.698336
    outer loop
      vertex -1.25459 3.86128 12.59
      vertex -1.10205 3.90756 12.59
      vertex -1.37822 4.24179 13
    endloop
  endfacet
  facet normal -0.409277 0.587227 0.698325
    outer loop
      vertex 2.47789 -3.70842 13
      vertex 2.62157 -3.60828 13
      vertex 2.38641 -3.28461 12.59
    endloop
  endfacet
  facet normal 0.361943 -0.617517 0.698333
    outer loop
      vertex -2.12134 3.46172 12.59
      vertex -1.98381 3.54233 12.59
      vertex -2.17931 3.8914 13
    endloop
  endfacet
  facet normal -0.207808 0.68494 0.698336
    outer loop
      vertex 1.37822 -4.24179 13
      vertex 1.25459 -3.86128 12.59
      vertex 1.10205 -3.90756 12.59
    endloop
  endfacet
  facet normal 0.587227 0.409277 0.698325
    outer loop
      vertex -3.60828 -2.62157 13
      vertex -3.28461 -2.38641 12.59
      vertex -3.70842 -2.47789 13
    endloop
  endfacet
  facet normal 0.64403 -0.31237 0.69832
    outer loop
      vertex -3.68707 1.69977 12.59
      vertex -3.97397 2.02483 13
      vertex -4.0504 1.86725 13
    endloop
  endfacet
  facet normal 0.153388 0.699148 0.69833
    outer loop
      vertex -0.870117 -4.37437 13
      vertex -0.947784 -3.94781 12.59
      vertex -1.04118 -4.33684 13
    endloop
  endfacet
  facet normal -0.153388 0.699148 0.69833
    outer loop
      vertex 1.04118 -4.33684 13
      vertex 0.947784 -3.94781 12.59
      vertex 0.870117 -4.37437 13
    endloop
  endfacet
  facet normal -0.0421144 0.714549 0.698317
    outer loop
      vertex 0.17511 -4.45663 13
      vertex 0.318542 -4.04749 12.59
      vertex 0.159393 -4.05687 12.59
    endloop
  endfacet
  facet normal -0.385882 -0.602853 0.698329
    outer loop
      vertex 2.47789 3.70842 13
      vertex 2.33038 3.80284 13
      vertex 2.25562 3.37576 12.59
    endloop
  endfacet
  facet normal 0.0980953 0.70902 0.698332
    outer loop
      vertex -0.477188 -4.03186 12.59
      vertex -0.635117 -4.01001 12.59
      vertex -0.697708 -4.40517 13
    endloop
  endfacet
  facet normal 0.0980049 0.709052 0.698313
    outer loop
      vertex -0.524216 -4.42915 13
      vertex -0.477188 -4.03186 12.59
      vertex -0.697708 -4.40517 13
    endloop
  endfacet
  facet normal 0.515947 0.496126 0.698325
    outer loop
      vertex -3.15375 -3.15375 13
      vertex -2.98135 -2.75594 12.59
      vertex -3.27515 -3.0275 13
    endloop
  endfacet
  facet normal 0.535085 0.475422 0.698325
    outer loop
      vertex -2.98135 -2.75594 12.59
      vertex -3.08725 -2.63675 12.59
      vertex -3.27515 -3.0275 13
    endloop
  endfacet
  facet normal -0.286811 0.655819 0.698313
    outer loop
      vertex 1.7068 -4.12057 13
      vertex 1.86725 -4.0504 13
      vertex 1.5537 -3.75096 12.59
    endloop
  endfacet
  facet normal 0.234463 -0.676293 0.698323
    outer loop
      vertex -1.40523 3.80907 12.59
      vertex -1.37822 4.24179 13
      vertex -1.5437 4.18442 13
    endloop
  endfacet
  facet normal 0.312413 -0.643997 0.698331
    outer loop
      vertex -1.8432 3.61749 12.59
      vertex -1.69977 3.68707 12.59
      vertex -2.02483 3.97397 13
    endloop
  endfacet
  facet normal 0.432027 0.570708 0.698316
    outer loop
      vertex -2.62157 -3.60828 13
      vertex -2.51352 -3.1884 12.59
      vertex -2.7612 -3.50258 13
    endloop
  endfacet
  facet normal 0.0980953 -0.70902 0.698332
    outer loop
      vertex -0.635117 4.01001 12.59
      vertex -0.477188 4.03186 12.59
      vertex -0.697708 4.40517 13
    endloop
  endfacet
  facet normal 0.692589 0.180718 0.698328
    outer loop
      vertex -4.29262 -1.21065 13
      vertex -3.90756 -1.10205 12.59
      vertex -4.33684 -1.04118 13
    endloop
  endfacet
  facet normal 0.709052 0.0980049 0.698313
    outer loop
      vertex -4.40517 -0.697708 13
      vertex -4.03186 -0.477188 12.59
      vertex -4.42915 -0.524216 13
    endloop
  endfacet
  facet normal 0.714553 0.0421407 0.698311
    outer loop
      vertex -4.44632 -0.34993 13
      vertex -4.04749 -0.318542 12.59
      vertex -4.45663 -0.17511 13
    endloop
  endfacet
  facet normal 0.712345 0.0701812 0.698311
    outer loop
      vertex -4.03186 -0.477188 12.59
      vertex -4.04749 -0.318542 12.59
      vertex -4.44632 -0.34993 13
    endloop
  endfacet
  facet normal 0.684959 0.207773 0.698328
    outer loop
      vertex -4.24179 -1.37822 13
      vertex -3.90756 -1.10205 12.59
      vertex -4.29262 -1.21065 13
    endloop
  endfacet
  facet normal -0.535118 0.475345 0.698352
    outer loop
      vertex 3.46001 -2.81944 13
      vertex 3.06 -2.6674 12.59
      vertex 2.98135 -2.75594 12.59
    endloop
  endfacet
  facet normal 0.55328 0.454133 0.698315
    outer loop
      vertex -3.39146 -2.89658 13
      vertex -3.1884 -2.51352 12.59
      vertex -3.50258 -2.7612 13
    endloop
  endfacet
  facet normal 0.70902 0.0980953 0.698332
    outer loop
      vertex -4.01001 -0.635117 12.59
      vertex -4.03186 -0.477188 12.59
      vertex -4.40517 -0.697708 13
    endloop
  endfacet
  facet normal 0.631251 -0.337421 0.698333
    outer loop
      vertex -3.61749 1.8432 12.59
      vertex -3.54233 1.98381 12.59
      vertex -3.8914 2.17931 13
    endloop
  endfacet
  facet normal 0.699147 -0.153405 0.698326
    outer loop
      vertex -3.98198 0.792053 12.59
      vertex -3.94781 0.947784 12.59
      vertex -4.37437 0.870117 13
    endloop
  endfacet
  facet normal 0.704629 -0.125852 0.698326
    outer loop
      vertex -4.01001 0.635117 12.59
      vertex -3.98198 0.792053 12.59
      vertex -4.37437 0.870117 13
    endloop
  endfacet
  facet normal 0.676293 -0.234463 0.698323
    outer loop
      vertex -3.80907 1.40523 12.59
      vertex -4.18442 1.5437 13
      vertex -4.24179 1.37822 13
    endloop
  endfacet
  facet normal -0.515947 0.496126 0.698325
    outer loop
      vertex 3.15375 -3.15375 13
      vertex 3.27515 -3.0275 13
      vertex 2.98135 -2.75594 12.59
    endloop
  endfacet
  facet normal -0.515935 0.496134 0.698328
    outer loop
      vertex 3.15375 -3.15375 13
      vertex 2.98135 -2.75594 12.59
      vertex 2.87085 -2.87085 12.59
    endloop
  endfacet
  facet normal -0.496126 -0.515947 0.698325
    outer loop
      vertex 3.15375 3.15375 13
      vertex 3.0275 3.27515 13
      vertex 2.75594 2.98135 12.59
    endloop
  endfacet
  facet normal -0.475422 -0.535085 0.698325
    outer loop
      vertex 2.75594 2.98135 12.59
      vertex 3.0275 3.27515 13
      vertex 2.63675 3.08725 12.59
    endloop
  endfacet
  facet normal 0.180706 -0.69259 0.69833
    outer loop
      vertex -0.947784 3.94781 12.59
      vertex -1.04118 4.33684 13
      vertex -1.10205 3.90756 12.59
    endloop
  endfacet
  facet normal 0.153388 -0.699148 0.69833
    outer loop
      vertex -0.947784 3.94781 12.59
      vertex -0.870117 4.37437 13
      vertex -1.04118 4.33684 13
    endloop
  endfacet
  facet normal -0.0980049 -0.709052 0.698313
    outer loop
      vertex 0.697708 4.40517 13
      vertex 0.524216 4.42915 13
      vertex 0.477188 4.03186 12.59
    endloop
  endfacet
  facet normal -0.385882 0.602853 0.698329
    outer loop
      vertex 2.33038 -3.80284 13
      vertex 2.47789 -3.70842 13
      vertex 2.25562 -3.37576 12.59
    endloop
  endfacet
  facet normal -0.535086 -0.47542 0.698325
    outer loop
      vertex 3.46001 2.81944 13
      vertex 3.27515 3.0275 13
      vertex 2.98135 2.75594 12.59
    endloop
  endfacet
  facet normal 0.180718 -0.692589 0.698328
    outer loop
      vertex -1.10205 3.90756 12.59
      vertex -1.04118 4.33684 13
      vertex -1.21065 4.29262 13
    endloop
  endfacet
  facet normal 0.0140997 -0.71565 0.698317
    outer loop
      vertex 0 4.06001 12.59
      vertex 0 4.46008 13
      vertex -0.17511 4.45663 13
    endloop
  endfacet
  facet normal 0.260881 -0.666547 0.698324
    outer loop
      vertex -1.40523 3.80907 12.59
      vertex -1.5437 4.18442 13
      vertex -1.5537 3.75096 12.59
    endloop
  endfacet
  facet normal -0.0701776 -0.712345 0.698312
    outer loop
      vertex 0.477188 4.03186 12.59
      vertex 0.524216 4.42915 13
      vertex 0.34993 4.44632 13
    endloop
  endfacet
  facet normal -0.260935 0.666538 0.698313
    outer loop
      vertex 1.7068 -4.12057 13
      vertex 1.5537 -3.75096 12.59
      vertex 1.5437 -4.18442 13
    endloop
  endfacet
  facet normal -0.286841 0.655798 0.69832
    outer loop
      vertex 1.86725 -4.0504 13
      vertex 1.69977 -3.68707 12.59
      vertex 1.5537 -3.75096 12.59
    endloop
  endfacet
  facet normal -0.409256 0.587236 0.698329
    outer loop
      vertex 2.47789 -3.70842 13
      vertex 2.38641 -3.28461 12.59
      vertex 2.25562 -3.37576 12.59
    endloop
  endfacet
  facet normal 0.602841 0.385912 0.698323
    outer loop
      vertex -3.37576 -2.25562 12.59
      vertex -3.46172 -2.12134 12.59
      vertex -3.80284 -2.33038 13
    endloop
  endfacet
  facet normal -0.475399 0.535115 0.698318
    outer loop
      vertex 2.89658 -3.39146 13
      vertex 3.0275 -3.27515 13
      vertex 2.63675 -3.08725 12.59
    endloop
  endfacet
  facet normal 0.409256 -0.587236 0.698329
    outer loop
      vertex -2.38641 3.28461 12.59
      vertex -2.25562 3.37576 12.59
      vertex -2.47789 3.70842 13
    endloop
  endfacet
  facet normal 0.409277 -0.587227 0.698325
    outer loop
      vertex -2.38641 3.28461 12.59
      vertex -2.47789 3.70842 13
      vertex -2.62157 3.60828 13
    endloop
  endfacet
  facet normal -0.31237 0.64403 0.69832
    outer loop
      vertex 1.86725 -4.0504 13
      vertex 2.02483 -3.97397 13
      vertex 1.69977 -3.68707 12.59
    endloop
  endfacet
  facet normal 0.570728 0.431986 0.698325
    outer loop
      vertex -3.1884 -2.51352 12.59
      vertex -3.28461 -2.38641 12.59
      vertex -3.60828 -2.62157 13
    endloop
  endfacet
  facet normal 0.180706 0.69259 0.69833
    outer loop
      vertex -1.04118 -4.33684 13
      vertex -0.947784 -3.94781 12.59
      vertex -1.10205 -3.90756 12.59
    endloop
  endfacet
  facet normal -0.431986 0.570728 0.698325
    outer loop
      vertex 2.62157 -3.60828 13
      vertex 2.51352 -3.1884 12.59
      vertex 2.38641 -3.28461 12.59
    endloop
  endfacet
  facet normal -0.0140981 -0.71565 0.698317
    outer loop
      vertex 0.159393 4.05687 12.59
      vertex 0.17511 4.45663 13
      vertex 0 4.06001 12.59
    endloop
  endfacet
  facet normal -0.409277 -0.587227 0.698325
    outer loop
      vertex 2.62157 3.60828 13
      vertex 2.47789 3.70842 13
      vertex 2.38641 3.28461 12.59
    endloop
  endfacet
  facet normal 0.475399 0.535115 0.698318
    outer loop
      vertex -2.89658 -3.39146 13
      vertex -2.63675 -3.08725 12.59
      vertex -3.0275 -3.27515 13
    endloop
  endfacet
  facet normal 0.454139 0.553273 0.698317
    outer loop
      vertex -2.51352 -3.1884 12.59
      vertex -2.63675 -3.08725 12.59
      vertex -2.89658 -3.39146 13
    endloop
  endfacet
  facet normal 0.515935 0.496134 0.698328
    outer loop
      vertex -2.87085 -2.87085 12.59
      vertex -2.98135 -2.75594 12.59
      vertex -3.15375 -3.15375 13
    endloop
  endfacet
  facet normal 0.496134 0.515935 0.698328
    outer loop
      vertex -2.75594 -2.98135 12.59
      vertex -2.87085 -2.87085 12.59
      vertex -3.15375 -3.15375 13
    endloop
  endfacet
  facet normal -0.207773 -0.684959 0.698328
    outer loop
      vertex 1.37822 4.24179 13
      vertex 1.21065 4.29262 13
      vertex 1.10205 3.90756 12.59
    endloop
  endfacet
  facet normal -0.496134 0.515935 0.698328
    outer loop
      vertex 3.15375 -3.15375 13
      vertex 2.87085 -2.87085 12.59
      vertex 2.75594 -2.98135 12.59
    endloop
  endfacet
  facet normal 0.699148 0.153388 0.69833
    outer loop
      vertex -4.33684 -1.04118 13
      vertex -3.94781 -0.947784 12.59
      vertex -4.37437 -0.870117 13
    endloop
  endfacet
  facet normal 0.69259 0.180706 0.69833
    outer loop
      vertex -3.90756 -1.10205 12.59
      vertex -3.94781 -0.947784 12.59
      vertex -4.33684 -1.04118 13
    endloop
  endfacet
  facet normal 0.587236 0.409256 0.698329
    outer loop
      vertex -3.28461 -2.38641 12.59
      vertex -3.37576 -2.25562 12.59
      vertex -3.70842 -2.47789 13
    endloop
  endfacet
  facet normal 0.602853 0.385882 0.698329
    outer loop
      vertex -3.70842 -2.47789 13
      vertex -3.37576 -2.25562 12.59
      vertex -3.80284 -2.33038 13
    endloop
  endfacet
  facet normal 0.617517 0.361943 0.698333
    outer loop
      vertex -3.46172 -2.12134 12.59
      vertex -3.54233 -1.98381 12.59
      vertex -3.8914 -2.17931 13
    endloop
  endfacet
  facet normal 0.553273 0.454139 0.698317
    outer loop
      vertex -3.08725 -2.63675 12.59
      vertex -3.1884 -2.51352 12.59
      vertex -3.39146 -2.89658 13
    endloop
  endfacet
  facet normal 0.535115 0.475399 0.698318
    outer loop
      vertex -3.27515 -3.0275 13
      vertex -3.08725 -2.63675 12.59
      vertex -3.39146 -2.89658 13
    endloop
  endfacet
  facet normal 0.125877 -0.704619 0.698332
    outer loop
      vertex -0.635117 4.01001 12.59
      vertex -0.697708 4.40517 13
      vertex -0.870117 4.37437 13
    endloop
  endfacet
  facet normal 0.286811 -0.655819 0.698313
    outer loop
      vertex -1.5537 3.75096 12.59
      vertex -1.7068 4.12057 13
      vertex -1.86725 4.0504 13
    endloop
  endfacet
  facet normal 0.31237 -0.64403 0.69832
    outer loop
      vertex -1.69977 3.68707 12.59
      vertex -1.86725 4.0504 13
      vertex -2.02483 3.97397 13
    endloop
  endfacet
  facet normal -0.0421407 -0.714553 0.698311
    outer loop
      vertex 0.318542 4.04749 12.59
      vertex 0.34993 4.44632 13
      vertex 0.17511 4.45663 13
    endloop
  endfacet
  facet normal 0.0140981 -0.71565 0.698317
    outer loop
      vertex -0.159393 4.05687 12.59
      vertex 0 4.06001 12.59
      vertex -0.17511 4.45663 13
    endloop
  endfacet
  facet normal -0.125877 -0.704619 0.698332
    outer loop
      vertex 0.870117 4.37437 13
      vertex 0.697708 4.40517 13
      vertex 0.635117 4.01001 12.59
    endloop
  endfacet
  facet normal -0.125877 0.704619 0.698332
    outer loop
      vertex 0.697708 -4.40517 13
      vertex 0.870117 -4.37437 13
      vertex 0.635117 -4.01001 12.59
    endloop
  endfacet
  facet normal -0.0980953 0.70902 0.698332
    outer loop
      vertex 0.697708 -4.40517 13
      vertex 0.635117 -4.01001 12.59
      vertex 0.477188 -4.03186 12.59
    endloop
  endfacet
  facet normal -0.0701812 -0.712345 0.698311
    outer loop
      vertex 0.477188 4.03186 12.59
      vertex 0.34993 4.44632 13
      vertex 0.318542 4.04749 12.59
    endloop
  endfacet
  facet normal -0.515935 -0.496134 0.698328
    outer loop
      vertex 2.98135 2.75594 12.59
      vertex 3.15375 3.15375 13
      vertex 2.87085 2.87085 12.59
    endloop
  endfacet
  facet normal -0.36199 0.617501 0.698323
    outer loop
      vertex 2.17931 -3.8914 13
      vertex 2.33038 -3.80284 13
      vertex 2.12134 -3.46172 12.59
    endloop
  endfacet
  facet normal -0.385912 0.602841 0.698323
    outer loop
      vertex 2.33038 -3.80284 13
      vertex 2.25562 -3.37576 12.59
      vertex 2.12134 -3.46172 12.59
    endloop
  endfacet
  facet normal -0.36199 -0.617501 0.698323
    outer loop
      vertex 2.33038 3.80284 13
      vertex 2.17931 3.8914 13
      vertex 2.12134 3.46172 12.59
    endloop
  endfacet
  facet normal 0.207808 0.68494 0.698336
    outer loop
      vertex -1.10205 -3.90756 12.59
      vertex -1.25459 -3.86128 12.59
      vertex -1.37822 -4.24179 13
    endloop
  endfacet
  facet normal -0.125852 -0.704629 0.698326
    outer loop
      vertex 0.792053 3.98198 12.59
      vertex 0.870117 4.37437 13
      vertex 0.635117 4.01001 12.59
    endloop
  endfacet
  facet normal -0.535086 0.47542 0.698325
    outer loop
      vertex 3.27515 -3.0275 13
      vertex 3.46001 -2.81944 13
      vertex 2.98135 -2.75594 12.59
    endloop
  endfacet
  facet normal 0.666538 0.260935 0.698313
    outer loop
      vertex -4.12057 -1.7068 13
      vertex -3.75096 -1.5537 12.59
      vertex -4.18442 -1.5437 13
    endloop
  endfacet
  facet normal -0.361943 -0.617517 0.698333
    outer loop
      vertex 2.12134 3.46172 12.59
      vertex 2.17931 3.8914 13
      vertex 1.98381 3.54233 12.59
    endloop
  endfacet
  facet normal -0.0980953 -0.70902 0.698332
    outer loop
      vertex 0.635117 4.01001 12.59
      vertex 0.697708 4.40517 13
      vertex 0.477188 4.03186 12.59
    endloop
  endfacet
  facet normal -0.153388 -0.699148 0.69833
    outer loop
      vertex 0.947784 3.94781 12.59
      vertex 1.04118 4.33684 13
      vertex 0.870117 4.37437 13
    endloop
  endfacet
  facet normal -0.0140997 -0.71565 0.698317
    outer loop
      vertex 0.17511 4.45663 13
      vertex 0 4.46008 13
      vertex 0 4.06001 12.59
    endloop
  endfacet
  facet normal -0.33741 0.63126 0.69833
    outer loop
      vertex 2.02483 -3.97397 13
      vertex 2.17931 -3.8914 13
      vertex 1.8432 -3.61749 12.59
    endloop
  endfacet
  facet normal 0.0701812 -0.712345 0.698311
    outer loop
      vertex -0.318542 4.04749 12.59
      vertex -0.34993 4.44632 13
      vertex -0.477188 4.03186 12.59
    endloop
  endfacet
  facet normal 0.0701776 -0.712345 0.698312
    outer loop
      vertex -0.477188 4.03186 12.59
      vertex -0.34993 4.44632 13
      vertex -0.524216 4.42915 13
    endloop
  endfacet
  facet normal -0.180706 -0.69259 0.69833
    outer loop
      vertex 1.10205 3.90756 12.59
      vertex 1.04118 4.33684 13
      vertex 0.947784 3.94781 12.59
    endloop
  endfacet
  facet normal -0.361943 0.617517 0.698333
    outer loop
      vertex 2.17931 -3.8914 13
      vertex 2.12134 -3.46172 12.59
      vertex 1.98381 -3.54233 12.59
    endloop
  endfacet
  facet normal -0.454133 -0.55328 0.698315
    outer loop
      vertex 2.89658 3.39146 13
      vertex 2.7612 3.50258 13
      vertex 2.51352 3.1884 12.59
    endloop
  endfacet
  facet normal -0.337421 -0.631251 0.698333
    outer loop
      vertex 1.98381 3.54233 12.59
      vertex 2.17931 3.8914 13
      vertex 1.8432 3.61749 12.59
    endloop
  endfacet
  facet normal -0.432027 -0.570708 0.698316
    outer loop
      vertex 2.7612 3.50258 13
      vertex 2.62157 3.60828 13
      vertex 2.51352 3.1884 12.59
    endloop
  endfacet
  facet normal -0.535118 -0.475345 0.698352
    outer loop
      vertex 3.06 2.6674 12.59
      vertex 3.46001 2.81944 13
      vertex 2.98135 2.75594 12.59
    endloop
  endfacet
  facet normal -0.312413 0.643997 0.698331
    outer loop
      vertex 2.02483 -3.97397 13
      vertex 1.8432 -3.61749 12.59
      vertex 1.69977 -3.68707 12.59
    endloop
  endfacet
  facet normal -0.234398 -0.676301 0.698337
    outer loop
      vertex 1.40523 3.80907 12.59
      vertex 1.37822 4.24179 13
      vertex 1.25459 3.86128 12.59
    endloop
  endfacet
  facet normal -0.207808 -0.68494 0.698336
    outer loop
      vertex 1.25459 3.86128 12.59
      vertex 1.37822 4.24179 13
      vertex 1.10205 3.90756 12.59
    endloop
  endfacet
  facet normal -0.312413 -0.643997 0.698331
    outer loop
      vertex 1.8432 3.61749 12.59
      vertex 2.02483 3.97397 13
      vertex 1.69977 3.68707 12.59
    endloop
  endfacet
  facet normal -0.31237 -0.64403 0.69832
    outer loop
      vertex 2.02483 3.97397 13
      vertex 1.86725 4.0504 13
      vertex 1.69977 3.68707 12.59
    endloop
  endfacet
  facet normal -0.475399 -0.535115 0.698318
    outer loop
      vertex 3.0275 3.27515 13
      vertex 2.89658 3.39146 13
      vertex 2.63675 3.08725 12.59
    endloop
  endfacet
  facet normal -0.454139 -0.553273 0.698317
    outer loop
      vertex 2.63675 3.08725 12.59
      vertex 2.89658 3.39146 13
      vertex 2.51352 3.1884 12.59
    endloop
  endfacet
  facet normal -0.252461 0.967607 0
    outer loop
      vertex 1.10205 -3.90756 0.41
      vertex 0.947784 -3.94781 12.59
      vertex 1.10205 -3.90756 12.59
    endloop
  endfacet
  facet normal -0.252461 0.967607 0
    outer loop
      vertex 0.947784 -3.94781 12.59
      vertex 1.10205 -3.90756 0.41
      vertex 0.947784 -3.94781 0.41
    endloop
  endfacet
  facet normal -0.0980465 0.995182 0
    outer loop
      vertex 0.477188 -4.03186 0.41
      vertex 0.318542 -4.04749 12.59
      vertex 0.477188 -4.03186 12.59
    endloop
  endfacet
  facet normal -0.0980465 0.995182 0
    outer loop
      vertex 0.318542 -4.04749 12.59
      vertex 0.477188 -4.03186 0.41
      vertex 0.318542 -4.04749 0.41
    endloop
  endfacet
  facet normal -0.0980465 -0.995182 0
    outer loop
      vertex 0.318542 4.04749 0.41
      vertex 0.477188 4.03186 12.59
      vertex 0.318542 4.04749 12.59
    endloop
  endfacet
  facet normal -0.0980465 -0.995182 -0
    outer loop
      vertex 0.477188 4.03186 12.59
      vertex 0.318542 4.04749 0.41
      vertex 0.477188 4.03186 0.41
    endloop
  endfacet
  facet normal 0.967607 0.252461 0
    outer loop
      vertex -3.90756 -1.10205 12.59
      vertex -3.94781 -0.947784 0.41
      vertex -3.94781 -0.947784 12.59
    endloop
  endfacet
  facet normal 0.967607 0.252461 0
    outer loop
      vertex -3.94781 -0.947784 0.41
      vertex -3.90756 -1.10205 12.59
      vertex -3.90756 -1.10205 0.41
    endloop
  endfacet
  facet normal -0.571765 0.820418 0
    outer loop
      vertex 2.38641 -3.28461 0.41
      vertex 2.25562 -3.37576 12.59
      vertex 2.38641 -3.28461 12.59
    endloop
  endfacet
  facet normal -0.571765 0.820418 0
    outer loop
      vertex 2.25562 -3.37576 12.59
      vertex 2.38641 -3.28461 0.41
      vertex 2.25562 -3.37576 0.41
    endloop
  endfacet
  facet normal 0.820418 0.571765 0
    outer loop
      vertex -3.28461 -2.38641 12.59
      vertex -3.37576 -2.25562 0.41
      vertex -3.37576 -2.25562 12.59
    endloop
  endfacet
  facet normal 0.820418 0.571765 0
    outer loop
      vertex -3.37576 -2.25562 0.41
      vertex -3.28461 -2.38641 12.59
      vertex -3.28461 -2.38641 0.41
    endloop
  endfacet
  facet normal 0.998268 -0.0588364 0
    outer loop
      vertex -4.05687 0.159393 12.59
      vertex -4.04749 0.318542 0.41
      vertex -4.04749 0.318542 12.59
    endloop
  endfacet
  facet normal 0.998268 -0.0588364 0
    outer loop
      vertex -4.04749 0.318542 0.41
      vertex -4.05687 0.159393 12.59
      vertex -4.05687 0.159393 0.41
    endloop
  endfacet
  facet normal 0.0980465 -0.995182 0
    outer loop
      vertex -0.477188 4.03186 0.41
      vertex -0.318542 4.04749 12.59
      vertex -0.477188 4.03186 12.59
    endloop
  endfacet
  facet normal 0.0980465 -0.995182 0
    outer loop
      vertex -0.318542 4.04749 12.59
      vertex -0.477188 4.03186 0.41
      vertex -0.318542 4.04749 0.41
    endloop
  endfacet
  facet normal 0.252461 -0.967607 0
    outer loop
      vertex -1.10205 3.90756 0.41
      vertex -0.947784 3.94781 12.59
      vertex -1.10205 3.90756 12.59
    endloop
  endfacet
  facet normal 0.252461 -0.967607 0
    outer loop
      vertex -0.947784 3.94781 12.59
      vertex -1.10205 3.90756 0.41
      vertex -0.947784 3.94781 0.41
    endloop
  endfacet
  facet normal 0.956927 0.290328 0
    outer loop
      vertex -3.86128 -1.25459 12.59
      vertex -3.90756 -1.10205 0.41
      vertex -3.90756 -1.10205 12.59
    endloop
  endfacet
  facet normal 0.956927 0.290328 0
    outer loop
      vertex -3.90756 -1.10205 0.41
      vertex -3.86128 -1.25459 12.59
      vertex -3.86128 -1.25459 0.41
    endloop
  endfacet
  facet normal 0.63446 0.772956 -0
    outer loop
      vertex -2.51352 -3.1884 0.41
      vertex -2.63675 -3.08725 12.59
      vertex -2.51352 -3.1884 12.59
    endloop
  endfacet
  facet normal 0.63446 0.772956 0
    outer loop
      vertex -2.63675 -3.08725 12.59
      vertex -2.51352 -3.1884 0.41
      vertex -2.63675 -3.08725 0.41
    endloop
  endfacet
  facet normal -0.6642 -0.747555 0
    outer loop
      vertex 2.63675 3.08725 0.41
      vertex 2.75594 2.98135 12.59
      vertex 2.63675 3.08725 12.59
    endloop
  endfacet
  facet normal -0.6642 -0.747555 -0
    outer loop
      vertex 2.75594 2.98135 12.59
      vertex 2.63675 3.08725 0.41
      vertex 2.75594 2.98135 0.41
    endloop
  endfacet
  facet normal -0.252461 -0.967607 0
    outer loop
      vertex 0.947784 3.94781 0.41
      vertex 1.10205 3.90756 12.59
      vertex 0.947784 3.94781 12.59
    endloop
  endfacet
  facet normal -0.252461 -0.967607 -0
    outer loop
      vertex 1.10205 3.90756 12.59
      vertex 0.947784 3.94781 0.41
      vertex 1.10205 3.90756 0.41
    endloop
  endfacet
  facet normal 0.720803 0.69314 0
    outer loop
      vertex -2.87085 -2.87085 12.59
      vertex -2.98135 -2.75594 0.41
      vertex -2.98135 -2.75594 12.59
    endloop
  endfacet
  facet normal 0.720803 0.69314 0
    outer loop
      vertex -2.98135 -2.75594 0.41
      vertex -2.87085 -2.87085 12.59
      vertex -2.87085 -2.87085 0.41
    endloop
  endfacet
  facet normal -0.539146 -0.842212 0
    outer loop
      vertex 2.12134 3.46172 0.41
      vertex 2.25562 3.37576 12.59
      vertex 2.12134 3.46172 12.59
    endloop
  endfacet
  facet normal -0.539146 -0.842212 -0
    outer loop
      vertex 2.25562 3.37576 12.59
      vertex 2.12134 3.46172 0.41
      vertex 2.25562 3.37576 0.41
    endloop
  endfacet
  facet normal -0.471408 -0.881915 0
    outer loop
      vertex 1.8432 3.61749 0.41
      vertex 1.98381 3.54233 12.59
      vertex 1.8432 3.61749 12.59
    endloop
  endfacet
  facet normal -0.471408 -0.881915 -0
    outer loop
      vertex 1.98381 3.54233 12.59
      vertex 1.8432 3.61749 0.41
      vertex 1.98381 3.54233 0.41
    endloop
  endfacet
  facet normal 0.137048 0.990564 -0
    outer loop
      vertex -0.477188 -4.03186 0.41
      vertex -0.635117 -4.01001 12.59
      vertex -0.477188 -4.03186 12.59
    endloop
  endfacet
  facet normal 0.137048 0.990564 0
    outer loop
      vertex -0.635117 -4.01001 12.59
      vertex -0.477188 -4.03186 0.41
      vertex -0.635117 -4.01001 0.41
    endloop
  endfacet
  facet normal -0.36447 -0.931215 0
    outer loop
      vertex 1.40523 3.80907 0.41
      vertex 1.5537 3.75096 12.59
      vertex 1.40523 3.80907 12.59
    endloop
  endfacet
  facet normal -0.36447 -0.931215 -0
    outer loop
      vertex 1.5537 3.75096 12.59
      vertex 1.40523 3.80907 0.41
      vertex 1.5537 3.75096 0.41
    endloop
  endfacet
  facet normal -1 0 0
    outer loop
      vertex 3.06 -2.6674 0.41
      vertex 3.06 2.6674 12.59
      vertex 3.06 2.6674 0.41
    endloop
  endfacet
  facet normal -1 -0 0
    outer loop
      vertex 3.06 2.6674 12.59
      vertex 3.06 -2.6674 0.41
      vertex 3.06 -2.6674 12.59
    endloop
  endfacet
  facet normal -0.436467 0.89972 0
    outer loop
      vertex 1.8432 -3.61749 0.41
      vertex 1.69977 -3.68707 12.59
      vertex 1.8432 -3.61749 12.59
    endloop
  endfacet
  facet normal -0.436467 0.89972 0
    outer loop
      vertex 1.69977 -3.68707 12.59
      vertex 1.8432 -3.61749 0.41
      vertex 1.69977 -3.68707 0.41
    endloop
  endfacet
  facet normal 0.999806 0.0196959 0
    outer loop
      vertex -4.05687 -0.159393 12.59
      vertex -4.06001 0 0.41
      vertex -4.06001 0 12.59
    endloop
  endfacet
  facet normal 0.999806 0.0196959 0
    outer loop
      vertex -4.06001 0 0.41
      vertex -4.05687 -0.159393 12.59
      vertex -4.05687 -0.159393 0.41
    endloop
  endfacet
  facet normal -0.214318 0.976764 0
    outer loop
      vertex 0.947784 -3.94781 0.41
      vertex 0.792053 -3.98198 12.59
      vertex 0.947784 -3.94781 12.59
    endloop
  endfacet
  facet normal -0.214318 0.976764 0
    outer loop
      vertex 0.792053 -3.98198 12.59
      vertex 0.947784 -3.94781 0.41
      vertex 0.792053 -3.98198 0.41
    endloop
  endfacet
  facet normal -0.603517 0.79735 0
    outer loop
      vertex 2.51352 -3.1884 0.41
      vertex 2.38641 -3.28461 12.59
      vertex 2.51352 -3.1884 12.59
    endloop
  endfacet
  facet normal -0.603517 0.79735 0
    outer loop
      vertex 2.38641 -3.28461 12.59
      vertex 2.51352 -3.1884 0.41
      vertex 2.38641 -3.28461 0.41
    endloop
  endfacet
  facet normal -0.63446 -0.772956 0
    outer loop
      vertex 2.51352 3.1884 0.41
      vertex 2.63675 3.08725 12.59
      vertex 2.51352 3.1884 12.59
    endloop
  endfacet
  facet normal -0.63446 -0.772956 -0
    outer loop
      vertex 2.63675 3.08725 12.59
      vertex 2.51352 3.1884 0.41
      vertex 2.63675 3.08725 0.41
    endloop
  endfacet
  facet normal 0.6642 -0.747555 0
    outer loop
      vertex -2.75594 2.98135 0.41
      vertex -2.63675 3.08725 12.59
      vertex -2.75594 2.98135 12.59
    endloop
  endfacet
  facet normal 0.6642 -0.747555 0
    outer loop
      vertex -2.63675 3.08725 12.59
      vertex -2.75594 2.98135 0.41
      vertex -2.63675 3.08725 0.41
    endloop
  endfacet
  facet normal 0.327477 -0.944859 0
    outer loop
      vertex -1.40523 3.80907 0.41
      vertex -1.25459 3.86128 12.59
      vertex -1.40523 3.80907 12.59
    endloop
  endfacet
  facet normal 0.327477 -0.944859 0
    outer loop
      vertex -1.25459 3.86128 12.59
      vertex -1.40523 3.80907 0.41
      vertex -1.25459 3.86128 0.41
    endloop
  endfacet
  facet normal -0.327477 0.944859 0
    outer loop
      vertex 1.40523 -3.80907 0.41
      vertex 1.25459 -3.86128 12.59
      vertex 1.40523 -3.80907 12.59
    endloop
  endfacet
  facet normal -0.327477 0.944859 0
    outer loop
      vertex 1.25459 -3.86128 12.59
      vertex 1.40523 -3.80907 0.41
      vertex 1.25459 -3.86128 0.41
    endloop
  endfacet
  facet normal -0.36447 0.931215 0
    outer loop
      vertex 1.5537 -3.75096 0.41
      vertex 1.40523 -3.80907 12.59
      vertex 1.5537 -3.75096 12.59
    endloop
  endfacet
  facet normal -0.36447 0.931215 0
    outer loop
      vertex 1.40523 -3.80907 12.59
      vertex 1.5537 -3.75096 0.41
      vertex 1.40523 -3.80907 0.41
    endloop
  endfacet
  facet normal 0.400737 0.916193 -0
    outer loop
      vertex -1.5537 -3.75096 0.41
      vertex -1.69977 -3.68707 12.59
      vertex -1.5537 -3.75096 12.59
    endloop
  endfacet
  facet normal 0.400737 0.916193 0
    outer loop
      vertex -1.69977 -3.68707 12.59
      vertex -1.5537 -3.75096 0.41
      vertex -1.69977 -3.68707 0.41
    endloop
  endfacet
  facet normal -0.6642 0.747555 0
    outer loop
      vertex 2.75594 -2.98135 0.41
      vertex 2.63675 -3.08725 12.59
      vertex 2.75594 -2.98135 12.59
    endloop
  endfacet
  facet normal -0.6642 0.747555 0
    outer loop
      vertex 2.63675 -3.08725 12.59
      vertex 2.75594 -2.98135 0.41
      vertex 2.63675 -3.08725 0.41
    endloop
  endfacet
  facet normal 0.0196959 -0.999806 0
    outer loop
      vertex -0.159393 4.05687 0.41
      vertex 0 4.06001 12.59
      vertex -0.159393 4.05687 12.59
    endloop
  endfacet
  facet normal 0.0196959 -0.999806 0
    outer loop
      vertex 0 4.06001 12.59
      vertex -0.159393 4.05687 0.41
      vertex 0 4.06001 0.41
    endloop
  endfacet
  facet normal 0.998268 0.0588364 0
    outer loop
      vertex -4.04749 -0.318542 12.59
      vertex -4.05687 -0.159393 0.41
      vertex -4.05687 -0.159393 12.59
    endloop
  endfacet
  facet normal 0.998268 0.0588364 0
    outer loop
      vertex -4.05687 -0.159393 0.41
      vertex -4.04749 -0.318542 12.59
      vertex -4.04749 -0.318542 0.41
    endloop
  endfacet
  facet normal 0.214318 0.976764 -0
    outer loop
      vertex -0.792053 -3.98198 0.41
      vertex -0.947784 -3.94781 12.59
      vertex -0.792053 -3.98198 12.59
    endloop
  endfacet
  facet normal 0.214318 0.976764 0
    outer loop
      vertex -0.947784 -3.94781 12.59
      vertex -0.792053 -3.98198 0.41
      vertex -0.947784 -3.94781 0.41
    endloop
  endfacet
  facet normal -0.137048 0.990564 0
    outer loop
      vertex 0.635117 -4.01001 0.41
      vertex 0.477188 -4.03186 12.59
      vertex 0.635117 -4.01001 12.59
    endloop
  endfacet
  facet normal -0.137048 0.990564 0
    outer loop
      vertex 0.477188 -4.03186 12.59
      vertex 0.635117 -4.01001 0.41
      vertex 0.477188 -4.03186 0.41
    endloop
  endfacet
  facet normal -0.0588364 -0.998268 0
    outer loop
      vertex 0.159393 4.05687 0.41
      vertex 0.318542 4.04749 12.59
      vertex 0.159393 4.05687 12.59
    endloop
  endfacet
  facet normal -0.0588364 -0.998268 -0
    outer loop
      vertex 0.318542 4.04749 12.59
      vertex 0.159393 4.05687 0.41
      vertex 0.318542 4.04749 0.41
    endloop
  endfacet
  facet normal -0.69314 0.720803 0
    outer loop
      vertex 2.87085 -2.87085 0.41
      vertex 2.75594 -2.98135 12.59
      vertex 2.87085 -2.87085 12.59
    endloop
  endfacet
  facet normal -0.69314 0.720803 0
    outer loop
      vertex 2.75594 -2.98135 12.59
      vertex 2.87085 -2.87085 0.41
      vertex 2.75594 -2.98135 0.41
    endloop
  endfacet
  facet normal 0.881915 -0.471408 0
    outer loop
      vertex -3.61749 1.8432 12.59
      vertex -3.54233 1.98381 0.41
      vertex -3.54233 1.98381 12.59
    endloop
  endfacet
  facet normal 0.881915 -0.471408 0
    outer loop
      vertex -3.54233 1.98381 0.41
      vertex -3.61749 1.8432 12.59
      vertex -3.61749 1.8432 0.41
    endloop
  endfacet
  facet normal 0.0588364 -0.998268 0
    outer loop
      vertex -0.318542 4.04749 0.41
      vertex -0.159393 4.05687 12.59
      vertex -0.318542 4.04749 12.59
    endloop
  endfacet
  facet normal 0.0588364 -0.998268 0
    outer loop
      vertex -0.159393 4.05687 12.59
      vertex -0.318542 4.04749 0.41
      vertex -0.159393 4.05687 0.41
    endloop
  endfacet
  facet normal 0.571765 0.820418 -0
    outer loop
      vertex -2.25562 -3.37576 0.41
      vertex -2.38641 -3.28461 12.59
      vertex -2.25562 -3.37576 12.59
    endloop
  endfacet
  facet normal 0.571765 0.820418 0
    outer loop
      vertex -2.38641 -3.28461 12.59
      vertex -2.25562 -3.37576 0.41
      vertex -2.38641 -3.28461 0.41
    endloop
  endfacet
  facet normal 0.214318 -0.976764 0
    outer loop
      vertex -0.947784 3.94781 0.41
      vertex -0.792053 3.98198 12.59
      vertex -0.947784 3.94781 12.59
    endloop
  endfacet
  facet normal 0.214318 -0.976764 0
    outer loop
      vertex -0.792053 3.98198 12.59
      vertex -0.947784 3.94781 0.41
      vertex -0.792053 3.98198 0.41
    endloop
  endfacet
  facet normal -0.63446 0.772956 0
    outer loop
      vertex 2.63675 -3.08725 0.41
      vertex 2.51352 -3.1884 12.59
      vertex 2.63675 -3.08725 12.59
    endloop
  endfacet
  facet normal -0.63446 0.772956 0
    outer loop
      vertex 2.51352 -3.1884 12.59
      vertex 2.63675 -3.08725 0.41
      vertex 2.51352 -3.1884 0.41
    endloop
  endfacet
  facet normal 0.436467 -0.89972 0
    outer loop
      vertex -1.8432 3.61749 0.41
      vertex -1.69977 3.68707 12.59
      vertex -1.8432 3.61749 12.59
    endloop
  endfacet
  facet normal 0.436467 -0.89972 0
    outer loop
      vertex -1.69977 3.68707 12.59
      vertex -1.8432 3.61749 0.41
      vertex -1.69977 3.68707 0.41
    endloop
  endfacet
  facet normal -0.0196959 0.999806 0
    outer loop
      vertex 0.159393 -4.05687 0.41
      vertex 0 -4.06001 12.59
      vertex 0.159393 -4.05687 12.59
    endloop
  endfacet
  facet normal -0.0196959 0.999806 0
    outer loop
      vertex 0 -4.06001 12.59
      vertex 0.159393 -4.05687 0.41
      vertex 0 -4.06001 0.41
    endloop
  endfacet
  facet normal 0.772956 0.63446 0
    outer loop
      vertex -3.08725 -2.63675 12.59
      vertex -3.1884 -2.51352 0.41
      vertex -3.1884 -2.51352 12.59
    endloop
  endfacet
  facet normal 0.772956 0.63446 0
    outer loop
      vertex -3.1884 -2.51352 0.41
      vertex -3.08725 -2.63675 12.59
      vertex -3.08725 -2.63675 0.41
    endloop
  endfacet
  facet normal 0.327477 0.944859 -0
    outer loop
      vertex -1.25459 -3.86128 0.41
      vertex -1.40523 -3.80907 12.59
      vertex -1.25459 -3.86128 12.59
    endloop
  endfacet
  facet normal 0.327477 0.944859 0
    outer loop
      vertex -1.40523 -3.80907 12.59
      vertex -1.25459 -3.86128 0.41
      vertex -1.40523 -3.80907 0.41
    endloop
  endfacet
  facet normal 0.931215 -0.36447 0
    outer loop
      vertex -3.80907 1.40523 12.59
      vertex -3.75096 1.5537 0.41
      vertex -3.75096 1.5537 12.59
    endloop
  endfacet
  facet normal 0.931215 -0.36447 0
    outer loop
      vertex -3.75096 1.5537 0.41
      vertex -3.80907 1.40523 12.59
      vertex -3.80907 1.40523 0.41
    endloop
  endfacet
  facet normal 0.89972 0.436467 0
    outer loop
      vertex -3.61749 -1.8432 12.59
      vertex -3.68707 -1.69977 0.41
      vertex -3.68707 -1.69977 12.59
    endloop
  endfacet
  facet normal 0.89972 0.436467 0
    outer loop
      vertex -3.68707 -1.69977 0.41
      vertex -3.61749 -1.8432 12.59
      vertex -3.61749 -1.8432 0.41
    endloop
  endfacet
  facet normal 0.252461 0.967607 -0
    outer loop
      vertex -0.947784 -3.94781 0.41
      vertex -1.10205 -3.90756 12.59
      vertex -0.947784 -3.94781 12.59
    endloop
  endfacet
  facet normal 0.252461 0.967607 0
    outer loop
      vertex -1.10205 -3.90756 12.59
      vertex -0.947784 -3.94781 0.41
      vertex -1.10205 -3.90756 0.41
    endloop
  endfacet
  facet normal -0.539146 0.842212 0
    outer loop
      vertex 2.25562 -3.37576 0.41
      vertex 2.12134 -3.46172 12.59
      vertex 2.25562 -3.37576 12.59
    endloop
  endfacet
  facet normal -0.539146 0.842212 0
    outer loop
      vertex 2.12134 -3.46172 12.59
      vertex 2.25562 -3.37576 0.41
      vertex 2.12134 -3.46172 0.41
    endloop
  endfacet
  facet normal 0.862728 0.505668 0
    outer loop
      vertex -3.46172 -2.12134 12.59
      vertex -3.54233 -1.98381 0.41
      vertex -3.54233 -1.98381 12.59
    endloop
  endfacet
  facet normal 0.862728 0.505668 0
    outer loop
      vertex -3.54233 -1.98381 0.41
      vertex -3.46172 -2.12134 12.59
      vertex -3.46172 -2.12134 0.41
    endloop
  endfacet
  facet normal -0.400737 -0.916193 0
    outer loop
      vertex 1.5537 3.75096 0.41
      vertex 1.69977 3.68707 12.59
      vertex 1.5537 3.75096 12.59
    endloop
  endfacet
  facet normal -0.400737 -0.916193 -0
    outer loop
      vertex 1.69977 3.68707 12.59
      vertex 1.5537 3.75096 0.41
      vertex 1.69977 3.68707 0.41
    endloop
  endfacet
  facet normal -0.436467 -0.89972 0
    outer loop
      vertex 1.69977 3.68707 0.41
      vertex 1.8432 3.61749 12.59
      vertex 1.69977 3.68707 12.59
    endloop
  endfacet
  facet normal -0.436467 -0.89972 -0
    outer loop
      vertex 1.8432 3.61749 12.59
      vertex 1.69977 3.68707 0.41
      vertex 1.8432 3.61749 0.41
    endloop
  endfacet
  facet normal -0.0196959 -0.999806 0
    outer loop
      vertex 0 4.06001 0.41
      vertex 0.159393 4.05687 12.59
      vertex 0 4.06001 12.59
    endloop
  endfacet
  facet normal -0.0196959 -0.999806 -0
    outer loop
      vertex 0.159393 4.05687 12.59
      vertex 0 4.06001 0.41
      vertex 0.159393 4.05687 0.41
    endloop
  endfacet
  facet normal 0.995182 0.0980465 0
    outer loop
      vertex -4.03186 -0.477188 12.59
      vertex -4.04749 -0.318542 0.41
      vertex -4.04749 -0.318542 12.59
    endloop
  endfacet
  facet normal 0.995182 0.0980465 0
    outer loop
      vertex -4.04749 -0.318542 0.41
      vertex -4.03186 -0.477188 12.59
      vertex -4.03186 -0.477188 0.41
    endloop
  endfacet
  facet normal -0.137048 -0.990564 0
    outer loop
      vertex 0.477188 4.03186 0.41
      vertex 0.635117 4.01001 12.59
      vertex 0.477188 4.03186 12.59
    endloop
  endfacet
  facet normal -0.137048 -0.990564 -0
    outer loop
      vertex 0.635117 4.01001 12.59
      vertex 0.477188 4.03186 0.41
      vertex 0.635117 4.01001 0.41
    endloop
  endfacet
  facet normal -0.505668 0.862728 0
    outer loop
      vertex 2.12134 -3.46172 0.41
      vertex 1.98381 -3.54233 12.59
      vertex 2.12134 -3.46172 12.59
    endloop
  endfacet
  facet normal -0.505668 0.862728 0
    outer loop
      vertex 1.98381 -3.54233 12.59
      vertex 2.12134 -3.46172 0.41
      vertex 1.98381 -3.54233 0.41
    endloop
  endfacet
  facet normal 0.967607 -0.252461 0
    outer loop
      vertex -3.94781 0.947784 12.59
      vertex -3.90756 1.10205 0.41
      vertex -3.90756 1.10205 12.59
    endloop
  endfacet
  facet normal 0.967607 -0.252461 0
    outer loop
      vertex -3.90756 1.10205 0.41
      vertex -3.94781 0.947784 12.59
      vertex -3.94781 0.947784 0.41
    endloop
  endfacet
  facet normal 0.603517 0.79735 -0
    outer loop
      vertex -2.38641 -3.28461 0.41
      vertex -2.51352 -3.1884 12.59
      vertex -2.38641 -3.28461 12.59
    endloop
  endfacet
  facet normal 0.603517 0.79735 0
    outer loop
      vertex -2.51352 -3.1884 12.59
      vertex -2.38641 -3.28461 0.41
      vertex -2.51352 -3.1884 0.41
    endloop
  endfacet
  facet normal 0.976764 -0.214318 0
    outer loop
      vertex -3.98198 0.792053 12.59
      vertex -3.94781 0.947784 0.41
      vertex -3.94781 0.947784 12.59
    endloop
  endfacet
  facet normal 0.976764 -0.214318 0
    outer loop
      vertex -3.94781 0.947784 0.41
      vertex -3.98198 0.792053 12.59
      vertex -3.98198 0.792053 0.41
    endloop
  endfacet
  facet normal -0.471408 0.881915 0
    outer loop
      vertex 1.98381 -3.54233 0.41
      vertex 1.8432 -3.61749 12.59
      vertex 1.98381 -3.54233 12.59
    endloop
  endfacet
  facet normal -0.471408 0.881915 0
    outer loop
      vertex 1.8432 -3.61749 12.59
      vertex 1.98381 -3.54233 0.41
      vertex 1.8432 -3.61749 0.41
    endloop
  endfacet
  facet normal -0.747628 -0.664117 0
    outer loop
      vertex 3.06 2.6674 0.41
      vertex 2.98135 2.75594 12.59
      vertex 2.98135 2.75594 0.41
    endloop
  endfacet
  facet normal -0.747628 -0.664117 0
    outer loop
      vertex 2.98135 2.75594 12.59
      vertex 3.06 2.6674 0.41
      vertex 3.06 2.6674 12.59
    endloop
  endfacet
  facet normal -0.175825 0.984421 0
    outer loop
      vertex 0.792053 -3.98198 0.41
      vertex 0.635117 -4.01001 12.59
      vertex 0.792053 -3.98198 12.59
    endloop
  endfacet
  facet normal -0.175825 0.984421 0
    outer loop
      vertex 0.635117 -4.01001 12.59
      vertex 0.792053 -3.98198 0.41
      vertex 0.635117 -4.01001 0.41
    endloop
  endfacet
  facet normal 0.916193 -0.400737 0
    outer loop
      vertex -3.75096 1.5537 12.59
      vertex -3.68707 1.69977 0.41
      vertex -3.68707 1.69977 12.59
    endloop
  endfacet
  facet normal 0.916193 -0.400737 0
    outer loop
      vertex -3.68707 1.69977 0.41
      vertex -3.75096 1.5537 12.59
      vertex -3.75096 1.5537 0.41
    endloop
  endfacet
  facet normal -0.327477 -0.944859 0
    outer loop
      vertex 1.25459 3.86128 0.41
      vertex 1.40523 3.80907 12.59
      vertex 1.25459 3.86128 12.59
    endloop
  endfacet
  facet normal -0.327477 -0.944859 -0
    outer loop
      vertex 1.40523 3.80907 12.59
      vertex 1.25459 3.86128 0.41
      vertex 1.40523 3.80907 0.41
    endloop
  endfacet
  facet normal -0.290328 -0.956927 0
    outer loop
      vertex 1.10205 3.90756 0.41
      vertex 1.25459 3.86128 12.59
      vertex 1.10205 3.90756 12.59
    endloop
  endfacet
  facet normal -0.290328 -0.956927 -0
    outer loop
      vertex 1.25459 3.86128 12.59
      vertex 1.10205 3.90756 0.41
      vertex 1.25459 3.86128 0.41
    endloop
  endfacet
  facet normal 0.290328 0.956927 -0
    outer loop
      vertex -1.10205 -3.90756 0.41
      vertex -1.25459 -3.86128 12.59
      vertex -1.10205 -3.90756 12.59
    endloop
  endfacet
  facet normal 0.290328 0.956927 0
    outer loop
      vertex -1.25459 -3.86128 12.59
      vertex -1.10205 -3.90756 0.41
      vertex -1.25459 -3.86128 0.41
    endloop
  endfacet
  facet normal 0.571765 -0.820418 0
    outer loop
      vertex -2.38641 3.28461 0.41
      vertex -2.25562 3.37576 12.59
      vertex -2.38641 3.28461 12.59
    endloop
  endfacet
  facet normal 0.571765 -0.820418 0
    outer loop
      vertex -2.25562 3.37576 12.59
      vertex -2.38641 3.28461 0.41
      vertex -2.25562 3.37576 0.41
    endloop
  endfacet
  facet normal 0.990564 -0.137048 0
    outer loop
      vertex -4.03186 0.477188 12.59
      vertex -4.01001 0.635117 0.41
      vertex -4.01001 0.635117 12.59
    endloop
  endfacet
  facet normal 0.990564 -0.137048 0
    outer loop
      vertex -4.01001 0.635117 0.41
      vertex -4.03186 0.477188 12.59
      vertex -4.03186 0.477188 0.41
    endloop
  endfacet
  facet normal -0.400737 0.916193 0
    outer loop
      vertex 1.69977 -3.68707 0.41
      vertex 1.5537 -3.75096 12.59
      vertex 1.69977 -3.68707 12.59
    endloop
  endfacet
  facet normal -0.400737 0.916193 0
    outer loop
      vertex 1.5537 -3.75096 12.59
      vertex 1.69977 -3.68707 0.41
      vertex 1.5537 -3.75096 0.41
    endloop
  endfacet
  facet normal 0.36447 0.931215 -0
    outer loop
      vertex -1.40523 -3.80907 0.41
      vertex -1.5537 -3.75096 12.59
      vertex -1.40523 -3.80907 12.59
    endloop
  endfacet
  facet normal 0.36447 0.931215 0
    outer loop
      vertex -1.5537 -3.75096 12.59
      vertex -1.40523 -3.80907 0.41
      vertex -1.5537 -3.75096 0.41
    endloop
  endfacet
  facet normal 0.79735 0.603517 0
    outer loop
      vertex -3.1884 -2.51352 12.59
      vertex -3.28461 -2.38641 0.41
      vertex -3.28461 -2.38641 12.59
    endloop
  endfacet
  facet normal 0.79735 0.603517 0
    outer loop
      vertex -3.28461 -2.38641 0.41
      vertex -3.1884 -2.51352 12.59
      vertex -3.1884 -2.51352 0.41
    endloop
  endfacet
  facet normal 0.984421 0.175825 0
    outer loop
      vertex -3.98198 -0.792053 12.59
      vertex -4.01001 -0.635117 0.41
      vertex -4.01001 -0.635117 12.59
    endloop
  endfacet
  facet normal 0.984421 0.175825 0
    outer loop
      vertex -4.01001 -0.635117 0.41
      vertex -3.98198 -0.792053 12.59
      vertex -3.98198 -0.792053 0.41
    endloop
  endfacet
  facet normal 0.842212 0.539146 0
    outer loop
      vertex -3.37576 -2.25562 12.59
      vertex -3.46172 -2.12134 0.41
      vertex -3.46172 -2.12134 12.59
    endloop
  endfacet
  facet normal 0.842212 0.539146 0
    outer loop
      vertex -3.46172 -2.12134 0.41
      vertex -3.37576 -2.25562 12.59
      vertex -3.37576 -2.25562 0.41
    endloop
  endfacet
  facet normal 0.0588364 0.998268 -0
    outer loop
      vertex -0.159393 -4.05687 0.41
      vertex -0.318542 -4.04749 12.59
      vertex -0.159393 -4.05687 12.59
    endloop
  endfacet
  facet normal 0.0588364 0.998268 0
    outer loop
      vertex -0.318542 -4.04749 12.59
      vertex -0.159393 -4.05687 0.41
      vertex -0.318542 -4.04749 0.41
    endloop
  endfacet
  facet normal 0.0980465 0.995182 -0
    outer loop
      vertex -0.318542 -4.04749 0.41
      vertex -0.477188 -4.03186 12.59
      vertex -0.318542 -4.04749 12.59
    endloop
  endfacet
  facet normal 0.0980465 0.995182 0
    outer loop
      vertex -0.477188 -4.03186 12.59
      vertex -0.318542 -4.04749 0.41
      vertex -0.477188 -4.03186 0.41
    endloop
  endfacet
  facet normal 0.0196959 0.999806 -0
    outer loop
      vertex 0 -4.06001 0.41
      vertex -0.159393 -4.05687 12.59
      vertex 0 -4.06001 12.59
    endloop
  endfacet
  facet normal 0.0196959 0.999806 0
    outer loop
      vertex -0.159393 -4.05687 12.59
      vertex 0 -4.06001 0.41
      vertex -0.159393 -4.05687 0.41
    endloop
  endfacet
  facet normal 0.747555 0.6642 0
    outer loop
      vertex -2.98135 -2.75594 12.59
      vertex -3.08725 -2.63675 0.41
      vertex -3.08725 -2.63675 12.59
    endloop
  endfacet
  facet normal 0.747555 0.6642 0
    outer loop
      vertex -3.08725 -2.63675 0.41
      vertex -2.98135 -2.75594 12.59
      vertex -2.98135 -2.75594 0.41
    endloop
  endfacet
  facet normal -0.0588364 0.998268 0
    outer loop
      vertex 0.318542 -4.04749 0.41
      vertex 0.159393 -4.05687 12.59
      vertex 0.318542 -4.04749 12.59
    endloop
  endfacet
  facet normal -0.0588364 0.998268 0
    outer loop
      vertex 0.159393 -4.05687 12.59
      vertex 0.318542 -4.04749 0.41
      vertex 0.159393 -4.05687 0.41
    endloop
  endfacet
  facet normal 0.290328 -0.956927 0
    outer loop
      vertex -1.25459 3.86128 0.41
      vertex -1.10205 3.90756 12.59
      vertex -1.25459 3.86128 12.59
    endloop
  endfacet
  facet normal 0.290328 -0.956927 0
    outer loop
      vertex -1.10205 3.90756 12.59
      vertex -1.25459 3.86128 0.41
      vertex -1.10205 3.90756 0.41
    endloop
  endfacet
  facet normal -0.720803 0.69314 0
    outer loop
      vertex 2.87085 -2.87085 0.41
      vertex 2.98135 -2.75594 12.59
      vertex 2.98135 -2.75594 0.41
    endloop
  endfacet
  facet normal -0.720803 0.69314 0
    outer loop
      vertex 2.98135 -2.75594 12.59
      vertex 2.87085 -2.87085 0.41
      vertex 2.87085 -2.87085 12.59
    endloop
  endfacet
  facet normal 0.471408 0.881915 -0
    outer loop
      vertex -1.8432 -3.61749 0.41
      vertex -1.98381 -3.54233 12.59
      vertex -1.8432 -3.61749 12.59
    endloop
  endfacet
  facet normal 0.471408 0.881915 0
    outer loop
      vertex -1.98381 -3.54233 12.59
      vertex -1.8432 -3.61749 0.41
      vertex -1.98381 -3.54233 0.41
    endloop
  endfacet
  facet normal 0.6642 0.747555 -0
    outer loop
      vertex -2.63675 -3.08725 0.41
      vertex -2.75594 -2.98135 12.59
      vertex -2.63675 -3.08725 12.59
    endloop
  endfacet
  facet normal 0.6642 0.747555 0
    outer loop
      vertex -2.75594 -2.98135 12.59
      vertex -2.63675 -3.08725 0.41
      vertex -2.75594 -2.98135 0.41
    endloop
  endfacet
  facet normal 0.175825 -0.984421 0
    outer loop
      vertex -0.792053 3.98198 0.41
      vertex -0.635117 4.01001 12.59
      vertex -0.792053 3.98198 12.59
    endloop
  endfacet
  facet normal 0.175825 -0.984421 0
    outer loop
      vertex -0.635117 4.01001 12.59
      vertex -0.792053 3.98198 0.41
      vertex -0.635117 4.01001 0.41
    endloop
  endfacet
  facet normal -0.175825 -0.984421 0
    outer loop
      vertex 0.635117 4.01001 0.41
      vertex 0.792053 3.98198 12.59
      vertex 0.635117 4.01001 12.59
    endloop
  endfacet
  facet normal -0.175825 -0.984421 -0
    outer loop
      vertex 0.792053 3.98198 12.59
      vertex 0.635117 4.01001 0.41
      vertex 0.792053 3.98198 0.41
    endloop
  endfacet
  facet normal 0.36447 -0.931215 0
    outer loop
      vertex -1.5537 3.75096 0.41
      vertex -1.40523 3.80907 12.59
      vertex -1.5537 3.75096 12.59
    endloop
  endfacet
  facet normal 0.36447 -0.931215 0
    outer loop
      vertex -1.40523 3.80907 12.59
      vertex -1.5537 3.75096 0.41
      vertex -1.40523 3.80907 0.41
    endloop
  endfacet
  facet normal -0.747628 0.664117 0
    outer loop
      vertex 2.98135 -2.75594 0.41
      vertex 3.06 -2.6674 12.59
      vertex 3.06 -2.6674 0.41
    endloop
  endfacet
  facet normal -0.747628 0.664117 0
    outer loop
      vertex 3.06 -2.6674 12.59
      vertex 2.98135 -2.75594 0.41
      vertex 2.98135 -2.75594 12.59
    endloop
  endfacet
  facet normal -0.214318 -0.976764 0
    outer loop
      vertex 0.792053 3.98198 0.41
      vertex 0.947784 3.94781 12.59
      vertex 0.792053 3.98198 12.59
    endloop
  endfacet
  facet normal -0.214318 -0.976764 -0
    outer loop
      vertex 0.947784 3.94781 12.59
      vertex 0.792053 3.98198 0.41
      vertex 0.947784 3.94781 0.41
    endloop
  endfacet
  facet normal -0.505668 -0.862728 0
    outer loop
      vertex 1.98381 3.54233 0.41
      vertex 2.12134 3.46172 12.59
      vertex 1.98381 3.54233 12.59
    endloop
  endfacet
  facet normal -0.505668 -0.862728 -0
    outer loop
      vertex 2.12134 3.46172 12.59
      vertex 1.98381 3.54233 0.41
      vertex 2.12134 3.46172 0.41
    endloop
  endfacet
  facet normal 0.995182 -0.0980465 0
    outer loop
      vertex -4.04749 0.318542 12.59
      vertex -4.03186 0.477188 0.41
      vertex -4.03186 0.477188 12.59
    endloop
  endfacet
  facet normal 0.995182 -0.0980465 0
    outer loop
      vertex -4.03186 0.477188 0.41
      vertex -4.04749 0.318542 12.59
      vertex -4.04749 0.318542 0.41
    endloop
  endfacet
  facet normal -0.69314 -0.720803 0
    outer loop
      vertex 2.75594 2.98135 0.41
      vertex 2.87085 2.87085 12.59
      vertex 2.75594 2.98135 12.59
    endloop
  endfacet
  facet normal -0.69314 -0.720803 -0
    outer loop
      vertex 2.87085 2.87085 12.59
      vertex 2.75594 2.98135 0.41
      vertex 2.87085 2.87085 0.41
    endloop
  endfacet
  facet normal 0.69314 0.720803 -0
    outer loop
      vertex -2.75594 -2.98135 0.41
      vertex -2.87085 -2.87085 12.59
      vertex -2.75594 -2.98135 12.59
    endloop
  endfacet
  facet normal 0.69314 0.720803 0
    outer loop
      vertex -2.87085 -2.87085 12.59
      vertex -2.75594 -2.98135 0.41
      vertex -2.87085 -2.87085 0.41
    endloop
  endfacet
  facet normal 0.916193 0.400737 0
    outer loop
      vertex -3.68707 -1.69977 12.59
      vertex -3.75096 -1.5537 0.41
      vertex -3.75096 -1.5537 12.59
    endloop
  endfacet
  facet normal 0.916193 0.400737 0
    outer loop
      vertex -3.75096 -1.5537 0.41
      vertex -3.68707 -1.69977 12.59
      vertex -3.68707 -1.69977 0.41
    endloop
  endfacet
  facet normal 0.881915 0.471408 0
    outer loop
      vertex -3.54233 -1.98381 12.59
      vertex -3.61749 -1.8432 0.41
      vertex -3.61749 -1.8432 12.59
    endloop
  endfacet
  facet normal 0.881915 0.471408 0
    outer loop
      vertex -3.61749 -1.8432 0.41
      vertex -3.54233 -1.98381 12.59
      vertex -3.54233 -1.98381 0.41
    endloop
  endfacet
  facet normal 0.944859 -0.327477 0
    outer loop
      vertex -3.86128 1.25459 12.59
      vertex -3.80907 1.40523 0.41
      vertex -3.80907 1.40523 12.59
    endloop
  endfacet
  facet normal 0.944859 -0.327477 0
    outer loop
      vertex -3.80907 1.40523 0.41
      vertex -3.86128 1.25459 12.59
      vertex -3.86128 1.25459 0.41
    endloop
  endfacet
  facet normal 0.984421 -0.175825 0
    outer loop
      vertex -4.01001 0.635117 12.59
      vertex -3.98198 0.792053 0.41
      vertex -3.98198 0.792053 12.59
    endloop
  endfacet
  facet normal 0.984421 -0.175825 0
    outer loop
      vertex -3.98198 0.792053 0.41
      vertex -4.01001 0.635117 12.59
      vertex -4.01001 0.635117 0.41
    endloop
  endfacet
  facet normal 0.436467 0.89972 -0
    outer loop
      vertex -1.69977 -3.68707 0.41
      vertex -1.8432 -3.61749 12.59
      vertex -1.69977 -3.68707 12.59
    endloop
  endfacet
  facet normal 0.436467 0.89972 0
    outer loop
      vertex -1.8432 -3.61749 12.59
      vertex -1.69977 -3.68707 0.41
      vertex -1.8432 -3.61749 0.41
    endloop
  endfacet
  facet normal 0.944859 0.327477 0
    outer loop
      vertex -3.80907 -1.40523 12.59
      vertex -3.86128 -1.25459 0.41
      vertex -3.86128 -1.25459 12.59
    endloop
  endfacet
  facet normal 0.944859 0.327477 0
    outer loop
      vertex -3.86128 -1.25459 0.41
      vertex -3.80907 -1.40523 12.59
      vertex -3.80907 -1.40523 0.41
    endloop
  endfacet
  facet normal 0.137048 -0.990564 0
    outer loop
      vertex -0.635117 4.01001 0.41
      vertex -0.477188 4.03186 12.59
      vertex -0.635117 4.01001 12.59
    endloop
  endfacet
  facet normal 0.137048 -0.990564 0
    outer loop
      vertex -0.477188 4.03186 12.59
      vertex -0.635117 4.01001 0.41
      vertex -0.477188 4.03186 0.41
    endloop
  endfacet
  facet normal 0.471408 -0.881915 0
    outer loop
      vertex -1.98381 3.54233 0.41
      vertex -1.8432 3.61749 12.59
      vertex -1.98381 3.54233 12.59
    endloop
  endfacet
  facet normal 0.471408 -0.881915 0
    outer loop
      vertex -1.8432 3.61749 12.59
      vertex -1.98381 3.54233 0.41
      vertex -1.8432 3.61749 0.41
    endloop
  endfacet
  facet normal 0.990564 0.137048 0
    outer loop
      vertex -4.01001 -0.635117 12.59
      vertex -4.03186 -0.477188 0.41
      vertex -4.03186 -0.477188 12.59
    endloop
  endfacet
  facet normal 0.990564 0.137048 0
    outer loop
      vertex -4.03186 -0.477188 0.41
      vertex -4.01001 -0.635117 12.59
      vertex -4.01001 -0.635117 0.41
    endloop
  endfacet
  facet normal 0.175825 0.984421 -0
    outer loop
      vertex -0.635117 -4.01001 0.41
      vertex -0.792053 -3.98198 12.59
      vertex -0.635117 -4.01001 12.59
    endloop
  endfacet
  facet normal 0.175825 0.984421 0
    outer loop
      vertex -0.792053 -3.98198 12.59
      vertex -0.635117 -4.01001 0.41
      vertex -0.792053 -3.98198 0.41
    endloop
  endfacet
  facet normal 0.603517 -0.79735 0
    outer loop
      vertex -2.51352 3.1884 0.41
      vertex -2.38641 3.28461 12.59
      vertex -2.51352 3.1884 12.59
    endloop
  endfacet
  facet normal 0.603517 -0.79735 0
    outer loop
      vertex -2.38641 3.28461 12.59
      vertex -2.51352 3.1884 0.41
      vertex -2.38641 3.28461 0.41
    endloop
  endfacet
  facet normal 0.862728 -0.505668 0
    outer loop
      vertex -3.54233 1.98381 12.59
      vertex -3.46172 2.12134 0.41
      vertex -3.46172 2.12134 12.59
    endloop
  endfacet
  facet normal 0.862728 -0.505668 0
    outer loop
      vertex -3.46172 2.12134 0.41
      vertex -3.54233 1.98381 12.59
      vertex -3.54233 1.98381 0.41
    endloop
  endfacet
  facet normal 0.976764 0.214318 0
    outer loop
      vertex -3.94781 -0.947784 12.59
      vertex -3.98198 -0.792053 0.41
      vertex -3.98198 -0.792053 12.59
    endloop
  endfacet
  facet normal 0.976764 0.214318 0
    outer loop
      vertex -3.98198 -0.792053 0.41
      vertex -3.94781 -0.947784 12.59
      vertex -3.94781 -0.947784 0.41
    endloop
  endfacet
  facet normal 0.999806 -0.0196959 0
    outer loop
      vertex -4.06001 0 12.59
      vertex -4.05687 0.159393 0.41
      vertex -4.05687 0.159393 12.59
    endloop
  endfacet
  facet normal 0.999806 -0.0196959 0
    outer loop
      vertex -4.05687 0.159393 0.41
      vertex -4.06001 0 12.59
      vertex -4.06001 0 0.41
    endloop
  endfacet
  facet normal 0.79735 -0.603517 0
    outer loop
      vertex -3.28461 2.38641 12.59
      vertex -3.1884 2.51352 0.41
      vertex -3.1884 2.51352 12.59
    endloop
  endfacet
  facet normal 0.79735 -0.603517 0
    outer loop
      vertex -3.1884 2.51352 0.41
      vertex -3.28461 2.38641 12.59
      vertex -3.28461 2.38641 0.41
    endloop
  endfacet
  facet normal 0.956927 -0.290328 0
    outer loop
      vertex -3.90756 1.10205 12.59
      vertex -3.86128 1.25459 0.41
      vertex -3.86128 1.25459 12.59
    endloop
  endfacet
  facet normal 0.956927 -0.290328 0
    outer loop
      vertex -3.86128 1.25459 0.41
      vertex -3.90756 1.10205 12.59
      vertex -3.90756 1.10205 0.41
    endloop
  endfacet
  facet normal 0.842212 -0.539146 0
    outer loop
      vertex -3.46172 2.12134 12.59
      vertex -3.37576 2.25562 0.41
      vertex -3.37576 2.25562 12.59
    endloop
  endfacet
  facet normal 0.842212 -0.539146 0
    outer loop
      vertex -3.37576 2.25562 0.41
      vertex -3.46172 2.12134 12.59
      vertex -3.46172 2.12134 0.41
    endloop
  endfacet
  facet normal -0.571765 -0.820418 0
    outer loop
      vertex 2.25562 3.37576 0.41
      vertex 2.38641 3.28461 12.59
      vertex 2.25562 3.37576 12.59
    endloop
  endfacet
  facet normal -0.571765 -0.820418 -0
    outer loop
      vertex 2.38641 3.28461 12.59
      vertex 2.25562 3.37576 0.41
      vertex 2.38641 3.28461 0.41
    endloop
  endfacet
  facet normal -0.603517 -0.79735 0
    outer loop
      vertex 2.38641 3.28461 0.41
      vertex 2.51352 3.1884 12.59
      vertex 2.38641 3.28461 12.59
    endloop
  endfacet
  facet normal -0.603517 -0.79735 -0
    outer loop
      vertex 2.51352 3.1884 12.59
      vertex 2.38641 3.28461 0.41
      vertex 2.51352 3.1884 0.41
    endloop
  endfacet
  facet normal 0.63446 -0.772956 0
    outer loop
      vertex -2.63675 3.08725 0.41
      vertex -2.51352 3.1884 12.59
      vertex -2.63675 3.08725 12.59
    endloop
  endfacet
  facet normal 0.63446 -0.772956 0
    outer loop
      vertex -2.51352 3.1884 12.59
      vertex -2.63675 3.08725 0.41
      vertex -2.51352 3.1884 0.41
    endloop
  endfacet
  facet normal 0.505668 -0.862728 0
    outer loop
      vertex -2.12134 3.46172 0.41
      vertex -1.98381 3.54233 12.59
      vertex -2.12134 3.46172 12.59
    endloop
  endfacet
  facet normal 0.505668 -0.862728 0
    outer loop
      vertex -1.98381 3.54233 12.59
      vertex -2.12134 3.46172 0.41
      vertex -1.98381 3.54233 0.41
    endloop
  endfacet
  facet normal 0.772956 -0.63446 0
    outer loop
      vertex -3.1884 2.51352 12.59
      vertex -3.08725 2.63675 0.41
      vertex -3.08725 2.63675 12.59
    endloop
  endfacet
  facet normal 0.772956 -0.63446 0
    outer loop
      vertex -3.08725 2.63675 0.41
      vertex -3.1884 2.51352 12.59
      vertex -3.1884 2.51352 0.41
    endloop
  endfacet
  facet normal 0.747555 -0.6642 0
    outer loop
      vertex -3.08725 2.63675 12.59
      vertex -2.98135 2.75594 0.41
      vertex -2.98135 2.75594 12.59
    endloop
  endfacet
  facet normal 0.747555 -0.6642 0
    outer loop
      vertex -2.98135 2.75594 0.41
      vertex -3.08725 2.63675 12.59
      vertex -3.08725 2.63675 0.41
    endloop
  endfacet
  facet normal -0.290328 0.956927 0
    outer loop
      vertex 1.25459 -3.86128 0.41
      vertex 1.10205 -3.90756 12.59
      vertex 1.25459 -3.86128 12.59
    endloop
  endfacet
  facet normal -0.290328 0.956927 0
    outer loop
      vertex 1.10205 -3.90756 12.59
      vertex 1.25459 -3.86128 0.41
      vertex 1.10205 -3.90756 0.41
    endloop
  endfacet
  facet normal 0.539146 0.842212 -0
    outer loop
      vertex -2.12134 -3.46172 0.41
      vertex -2.25562 -3.37576 12.59
      vertex -2.12134 -3.46172 12.59
    endloop
  endfacet
  facet normal 0.539146 0.842212 0
    outer loop
      vertex -2.25562 -3.37576 12.59
      vertex -2.12134 -3.46172 0.41
      vertex -2.25562 -3.37576 0.41
    endloop
  endfacet
  facet normal 0.89972 -0.436467 0
    outer loop
      vertex -3.68707 1.69977 12.59
      vertex -3.61749 1.8432 0.41
      vertex -3.61749 1.8432 12.59
    endloop
  endfacet
  facet normal 0.89972 -0.436467 0
    outer loop
      vertex -3.61749 1.8432 0.41
      vertex -3.68707 1.69977 12.59
      vertex -3.68707 1.69977 0.41
    endloop
  endfacet
  facet normal 0.931215 0.36447 0
    outer loop
      vertex -3.75096 -1.5537 12.59
      vertex -3.80907 -1.40523 0.41
      vertex -3.80907 -1.40523 12.59
    endloop
  endfacet
  facet normal 0.931215 0.36447 0
    outer loop
      vertex -3.80907 -1.40523 0.41
      vertex -3.75096 -1.5537 12.59
      vertex -3.75096 -1.5537 0.41
    endloop
  endfacet
  facet normal -0.720803 -0.69314 0
    outer loop
      vertex 2.98135 2.75594 0.41
      vertex 2.87085 2.87085 12.59
      vertex 2.87085 2.87085 0.41
    endloop
  endfacet
  facet normal -0.720803 -0.69314 0
    outer loop
      vertex 2.87085 2.87085 12.59
      vertex 2.98135 2.75594 0.41
      vertex 2.98135 2.75594 12.59
    endloop
  endfacet
  facet normal 0.69314 -0.720803 0
    outer loop
      vertex -2.87085 2.87085 0.41
      vertex -2.75594 2.98135 12.59
      vertex -2.87085 2.87085 12.59
    endloop
  endfacet
  facet normal 0.69314 -0.720803 0
    outer loop
      vertex -2.75594 2.98135 12.59
      vertex -2.87085 2.87085 0.41
      vertex -2.75594 2.98135 0.41
    endloop
  endfacet
  facet normal 0.539146 -0.842212 0
    outer loop
      vertex -2.25562 3.37576 0.41
      vertex -2.12134 3.46172 12.59
      vertex -2.25562 3.37576 12.59
    endloop
  endfacet
  facet normal 0.539146 -0.842212 0
    outer loop
      vertex -2.12134 3.46172 12.59
      vertex -2.25562 3.37576 0.41
      vertex -2.12134 3.46172 0.41
    endloop
  endfacet
  facet normal 0.720803 -0.69314 0
    outer loop
      vertex -2.98135 2.75594 12.59
      vertex -2.87085 2.87085 0.41
      vertex -2.87085 2.87085 12.59
    endloop
  endfacet
  facet normal 0.720803 -0.69314 0
    outer loop
      vertex -2.87085 2.87085 0.41
      vertex -2.98135 2.75594 12.59
      vertex -2.98135 2.75594 0.41
    endloop
  endfacet
  facet normal 0.820418 -0.571765 0
    outer loop
      vertex -3.37576 2.25562 12.59
      vertex -3.28461 2.38641 0.41
      vertex -3.28461 2.38641 12.59
    endloop
  endfacet
  facet normal 0.820418 -0.571765 0
    outer loop
      vertex -3.28461 2.38641 0.41
      vertex -3.37576 2.25562 12.59
      vertex -3.37576 2.25562 0.41
    endloop
  endfacet
  facet normal 0.505668 0.862728 -0
    outer loop
      vertex -1.98381 -3.54233 0.41
      vertex -2.12134 -3.46172 12.59
      vertex -1.98381 -3.54233 12.59
    endloop
  endfacet
  facet normal 0.505668 0.862728 0
    outer loop
      vertex -2.12134 -3.46172 12.59
      vertex -1.98381 -3.54233 0.41
      vertex -2.12134 -3.46172 0.41
    endloop
  endfacet
  facet normal 0.400737 -0.916193 0
    outer loop
      vertex -1.69977 3.68707 0.41
      vertex -1.5537 3.75096 12.59
      vertex -1.69977 3.68707 12.59
    endloop
  endfacet
  facet normal 0.400737 -0.916193 0
    outer loop
      vertex -1.5537 3.75096 12.59
      vertex -1.69977 3.68707 0.41
      vertex -1.5537 3.75096 0.41
    endloop
  endfacet
endsolid OpenSCAD_Model
