solid OpenSCAD_Model
  facet normal 0.99939 -0.0349095 0
    outer loop
      vertex 94.3429 -59.5147 15.93
      vertex 94.3886 -58.2064 5.72205e-07
      vertex 94.3886 -58.2064 15.9465
    endloop
  endfacet
  facet normal 0.99939 -0.0349098 -2.06412e-08
    outer loop
      vertex 94.276 -61.4299 15.9348
      vertex 94.3886 -58.2064 5.72205e-07
      vertex 94.3429 -59.5147 15.93
    endloop
  endfacet
  facet normal 0.999392 -0.03487 0
    outer loop
      vertex 94.2059 -63.439 5.72205e-07
      vertex 94.276 -61.4299 15.9348
      vertex 94.2059 -63.439 15.9399
    endloop
  endfacet
  facet normal 0.999391 -0.0348945 3.0841e-06
    outer loop
      vertex 94.276 -61.4299 15.9348
      vertex 94.2059 -63.439 5.72205e-07
      vertex 94.3886 -58.2064 5.72205e-07
    endloop
  endfacet
  facet normal -0.104548 0.99452 -5.65251e-06
    outer loop
      vertex -69.2592 93.7779 15.9419
      vertex -68.6619 93.8406 5.72205e-07
      vertex -71.2654 93.567 15.9267
    endloop
  endfacet
  facet normal -0.104399 0.994536 0
    outer loop
      vertex -68.6619 93.8406 5.72205e-07
      vertex -69.2592 93.7779 15.9419
      vertex -68.6619 93.8406 15.9465
    endloop
  endfacet
  facet normal -0.104512 0.994524 3.28102e-07
    outer loop
      vertex -73.869 93.2934 5.72205e-07
      vertex -71.2654 93.567 15.9267
      vertex -68.6619 93.8406 5.72205e-07
    endloop
  endfacet
  facet normal -0.104543 0.99452 5.45733e-06
    outer loop
      vertex -71.2654 93.567 15.9267
      vertex -73.869 93.2934 5.72205e-07
      vertex -73.2717 93.3561 15.9419
    endloop
  endfacet
  facet normal -0.104399 0.994536 0
    outer loop
      vertex -73.2717 93.3561 15.9419
      vertex -73.869 93.2934 5.72205e-07
      vertex -73.869 93.2934 15.9465
    endloop
  endfacet
  facet normal -0.173652 0.984807 6.0169e-07
    outer loop
      vertex -84.2099 91.6555 5.72205e-07
      vertex -80.941 92.2319 15.935
      vertex -79.0537 92.5647 5.72205e-07
    endloop
  endfacet
  facet normal -0.173657 0.984806 0
    outer loop
      vertex -79.0537 92.5647 5.72205e-07
      vertex -80.941 92.2319 15.935
      vertex -79.0537 92.5647 15.9399
    endloop
  endfacet
  facet normal -0.173652 0.984807 5.08148e-07
    outer loop
      vertex -80.941 92.2319 15.935
      vertex -84.2099 91.6555 5.72205e-07
      vertex -82.9208 91.8828 15.93
    endloop
  endfacet
  facet normal -0.173646 0.984808 0
    outer loop
      vertex -82.9208 91.8828 15.93
      vertex -84.2099 91.6555 5.72205e-07
      vertex -84.2099 91.6555 15.9465
    endloop
  endfacet
  facet normal 0.139178 0.990267 -1.32805e-07
    outer loop
      vertex -37.3082 93.2934 5.72205e-07
      vertex -34.1142 92.8445 15.9348
      vertex -32.1234 92.5647 5.72205e-07
    endloop
  endfacet
  facet normal 0.139179 0.990267 -0
    outer loop
      vertex -32.1234 92.5647 5.72205e-07
      vertex -34.1142 92.8445 15.9348
      vertex -32.1234 92.5647 15.9399
    endloop
  endfacet
  facet normal 0.139171 0.990268 1.23619e-06
    outer loop
      vertex -34.1142 92.8445 15.9348
      vertex -37.3082 93.2934 5.72205e-07
      vertex -36.0119 93.1112 15.93
    endloop
  endfacet
  facet normal 0.139186 0.990266 0
    outer loop
      vertex -36.0119 93.1112 15.93
      vertex -37.3082 93.2934 5.72205e-07
      vertex -37.3082 93.2934 15.9465
    endloop
  endfacet
  facet normal -0.207941 0.978141 -4.59354e-06
    outer loop
      vertex -84.9022 91.5084 15.9411
      vertex -84.2099 91.6555 5.72205e-07
      vertex -86.7706 91.1112 15.9267
    endloop
  endfacet
  facet normal -0.20784 0.978163 0
    outer loop
      vertex -84.2099 91.6555 5.72205e-07
      vertex -84.9022 91.5084 15.9411
      vertex -84.2099 91.6555 15.9465
    endloop
  endfacet
  facet normal -0.207904 0.978149 -3.01911e-06
    outer loop
      vertex -89.3312 90.5669 5.72205e-07
      vertex -88.7438 90.6918 15.9419
      vertex -86.7706 91.1112 15.9267
    endloop
  endfacet
  facet normal -0.207918 0.978146 -6.52734e-07
    outer loop
      vertex -89.3312 90.5669 5.72205e-07
      vertex -86.7706 91.1112 15.9267
      vertex -84.2099 91.6555 5.72205e-07
    endloop
  endfacet
  facet normal -0.207982 0.978133 0
    outer loop
      vertex -88.7438 90.6918 15.9419
      vertex -89.3312 90.5669 5.72205e-07
      vertex -89.3312 90.5669 15.9465
    endloop
  endfacet
  facet normal 0.809038 0.587756 0
    outer loop
      vertex 64.5598 34.1978 15.9419
      vertex 64.2068 34.6837 5.72205e-07
      vertex 64.2068 34.6837 15.9465
    endloop
  endfacet
  facet normal 0.809021 0.58778 1.10762e-06
    outer loop
      vertex 65.7455 32.5658 15.9267
      vertex 64.2068 34.6837 5.72205e-07
      vertex 64.5598 34.1978 15.9419
    endloop
  endfacet
  facet normal 0.809021 0.58778 -1.10762e-06
    outer loop
      vertex 67.2842 30.4479 5.72205e-07
      vertex 65.7455 32.5658 15.9267
      vertex 66.9312 30.9338 15.9419
    endloop
  endfacet
  facet normal 0.809038 0.587756 -0
    outer loop
      vertex 67.2842 30.4479 5.72205e-07
      vertex 66.9312 30.9338 15.9419
      vertex 67.2842 30.4479 15.9465
    endloop
  endfacet
  facet normal 0.809025 0.587774 -4.2605e-16
    outer loop
      vertex 65.7455 32.5658 15.9267
      vertex 67.2842 30.4479 5.72205e-07
      vertex 64.2068 34.6837 5.72205e-07
    endloop
  endfacet
  facet normal 0.173633 0.98481 0
    outer loop
      vertex -26.9672 91.6555 15.9465
      vertex -26.9672 91.6555 5.72205e-07
      vertex -28.2564 91.8828 15.93
    endloop
  endfacet
  facet normal 0.173652 0.984807 1.59847e-06
    outer loop
      vertex -26.9672 91.6555 5.72205e-07
      vertex -30.2362 92.2319 15.935
      vertex -28.2564 91.8828 15.93
    endloop
  endfacet
  facet normal 0.173652 0.984807 1.69145e-06
    outer loop
      vertex -32.1234 92.5647 5.72205e-07
      vertex -30.2362 92.2319 15.935
      vertex -26.9672 91.6555 5.72205e-07
    endloop
  endfacet
  facet normal 0.173666 0.984805 0
    outer loop
      vertex -30.2362 92.2319 15.935
      vertex -32.1234 92.5647 5.72205e-07
      vertex -32.1234 92.5647 15.9399
    endloop
  endfacet
  facet normal 0.669134 0.743141 2.54305e-06
    outer loop
      vertex 46.2649 54.5163 15.9419
      vertex 46.7112 54.1145 5.72205e-07
      vertex 44.7657 55.8662 15.9267
    endloop
  endfacet
  facet normal 0.669084 0.743186 -0
    outer loop
      vertex 46.7112 54.1145 5.72205e-07
      vertex 46.2649 54.5163 15.9419
      vertex 46.7112 54.1145 15.9465
    endloop
  endfacet
  facet normal 0.669132 0.743143 2.10066e-06
    outer loop
      vertex 42.8203 57.6179 5.72205e-07
      vertex 44.7657 55.8662 15.9267
      vertex 46.7112 54.1145 5.72205e-07
    endloop
  endfacet
  facet normal 0.669132 0.743144 2.25536e-06
    outer loop
      vertex 44.7657 55.8662 15.9267
      vertex 42.8203 57.6179 5.72205e-07
      vertex 43.2666 57.216 15.9419
    endloop
  endfacet
  facet normal 0.669176 0.743104 0
    outer loop
      vertex 43.2666 57.216 15.9419
      vertex 42.8203 57.6179 5.72205e-07
      vertex 42.8203 57.6179 15.9465
    endloop
  endfacet
  facet normal 0.438373 0.898793 -6.12476e-07
    outer loop
      vertex 7.80417 80.3576 5.72205e-07
      vertex 10.7031 78.9437 15.9348
      vertex 12.51 78.0624 5.72205e-07
    endloop
  endfacet
  facet normal 0.438378 0.898791 -0
    outer loop
      vertex 12.51 78.0624 5.72205e-07
      vertex 10.7031 78.9437 15.9348
      vertex 12.51 78.0624 15.9399
    endloop
  endfacet
  facet normal 0.438388 0.898786 -3.86655e-06
    outer loop
      vertex 10.7031 78.9437 15.9348
      vertex 7.80417 80.3576 5.72205e-07
      vertex 8.98072 79.7838 15.93
    endloop
  endfacet
  facet normal 0.438345 0.898807 0
    outer loop
      vertex 8.98072 79.7838 15.93
      vertex 7.80417 80.3576 5.72205e-07
      vertex 7.80417 80.3576 15.9465
    endloop
  endfacet
  facet normal 0.999392 0.03487 0
    outer loop
      vertex 94.276 -49.7473 15.9348
      vertex 94.2059 -47.7382 5.72205e-07
      vertex 94.2059 -47.7382 15.9399
    endloop
  endfacet
  facet normal 0.99939 0.0349098 1.98549e-07
    outer loop
      vertex 94.3886 -52.9707 5.72205e-07
      vertex 94.276 -49.7473 15.9348
      vertex 94.3429 -51.6625 15.93
    endloop
  endfacet
  facet normal 0.99939 0.0349122 -0
    outer loop
      vertex 94.3886 -52.9707 5.72205e-07
      vertex 94.3429 -51.6625 15.93
      vertex 94.3886 -52.9707 15.9465
    endloop
  endfacet
  facet normal 0.999391 0.0348951 3.16818e-06
    outer loop
      vertex 94.276 -49.7473 15.9348
      vertex 94.3886 -52.9707 5.72205e-07
      vertex 94.2059 -47.7382 5.72205e-07
    endloop
  endfacet
  facet normal 0.882963 0.469442 0
    outer loop
      vertex 76.2189 15.9771 15.93
      vertex 75.6044 17.1329 5.72205e-07
      vertex 75.6044 17.1329 15.9465
    endloop
  endfacet
  facet normal 0.882949 0.469469 2.54929e-06
    outer loop
      vertex 77.1186 14.285 15.9348
      vertex 75.6044 17.1329 5.72205e-07
      vertex 76.2189 15.9771 15.93
    endloop
  endfacet
  facet normal 0.882944 0.469478 -0
    outer loop
      vertex 78.0624 12.51 5.72205e-07
      vertex 77.1186 14.285 15.9348
      vertex 78.0624 12.51 15.9399
    endloop
  endfacet
  facet normal 0.882951 0.469466 1.71424e-06
    outer loop
      vertex 77.1186 14.285 15.9348
      vertex 78.0624 12.51 5.72205e-07
      vertex 75.6044 17.1329 5.72205e-07
    endloop
  endfacet
  facet normal 0.913527 0.406778 0
    outer loop
      vertex 80.6019 7.25553 15.9419
      vertex 80.3576 7.80417 5.72205e-07
      vertex 80.3576 7.80417 15.9465
    endloop
  endfacet
  facet normal 0.913548 0.406732 -1.90713e-06
    outer loop
      vertex 81.4224 5.41263 15.9267
      vertex 80.3576 7.80417 5.72205e-07
      vertex 80.6019 7.25553 15.9419
    endloop
  endfacet
  facet normal 0.913548 0.40673 2.46383e-06
    outer loop
      vertex 82.4872 3.0211 5.72205e-07
      vertex 81.4224 5.41263 15.9267
      vertex 82.1993 3.66765 15.9411
    endloop
  endfacet
  facet normal 0.913526 0.406781 -0
    outer loop
      vertex 82.4872 3.0211 5.72205e-07
      vertex 82.1993 3.66765 15.9411
      vertex 82.4872 3.0211 15.9465
    endloop
  endfacet
  facet normal 0.913543 0.406743 1.27692e-07
    outer loop
      vertex 81.4224 5.41263 15.9267
      vertex 82.4872 3.0211 5.72205e-07
      vertex 80.3576 7.80417 5.72205e-07
    endloop
  endfacet
  facet normal 0.694671 0.719328 1.34256e-06
    outer loop
      vertex 46.7112 54.1145 5.72205e-07
      vertex 49.0313 51.8739 15.9348
      vertex 50.4774 50.4774 5.72205e-07
    endloop
  endfacet
  facet normal 0.694663 0.719335 -0
    outer loop
      vertex 50.4774 50.4774 5.72205e-07
      vertex 49.0313 51.8739 15.9348
      vertex 50.4774 50.4774 15.9399
    endloop
  endfacet
  facet normal 0.694685 0.719314 -2.68756e-06
    outer loop
      vertex 49.0313 51.8739 15.9348
      vertex 46.7112 54.1145 5.72205e-07
      vertex 47.6528 53.2052 15.93
    endloop
  endfacet
  facet normal 0.694661 0.719337 0
    outer loop
      vertex 47.6528 53.2052 15.93
      vertex 46.7112 54.1145 5.72205e-07
      vertex 46.7112 54.1145 15.9465
    endloop
  endfacet
  facet normal -0.0697905 0.997562 0
    outer loop
      vertex -63.439 94.2059 5.72205e-07
      vertex -65.4444 94.0656 15.9348
      vertex -63.439 94.2059 15.9399
    endloop
  endfacet
  facet normal -0.0697715 0.997563 2.40024e-06
    outer loop
      vertex -68.6619 93.8406 5.72205e-07
      vertex -65.4444 94.0656 15.9348
      vertex -63.439 94.2059 5.72205e-07
    endloop
  endfacet
  facet normal -0.0697673 0.997563 1.54809e-06
    outer loop
      vertex -65.4444 94.0656 15.9348
      vertex -68.6619 93.8406 5.72205e-07
      vertex -67.3561 93.9319 15.93
    endloop
  endfacet
  facet normal -0.0697485 0.997565 0
    outer loop
      vertex -67.3561 93.9319 15.93
      vertex -68.6619 93.8406 5.72205e-07
      vertex -68.6619 93.8406 15.9465
    endloop
  endfacet
  facet normal 0.994534 0.104416 0
    outer loop
      vertex 93.3561 -37.9054 15.9419
      vertex 93.2934 -37.3082 5.72205e-07
      vertex 93.2934 -37.3082 15.9465
    endloop
  endfacet
  facet normal 0.99452 0.104543 4.80174e-06
    outer loop
      vertex 93.567 -39.9117 15.9267
      vertex 93.2934 -37.3082 5.72205e-07
      vertex 93.3561 -37.9054 15.9419
    endloop
  endfacet
  facet normal 0.99452 0.104548 -5.65251e-06
    outer loop
      vertex 93.8406 -42.5152 5.72205e-07
      vertex 93.567 -39.9117 15.9267
      vertex 93.7779 -41.9179 15.9419
    endloop
  endfacet
  facet normal 0.994536 0.104399 -0
    outer loop
      vertex 93.8406 -42.5152 5.72205e-07
      vertex 93.7779 -41.9179 15.9419
      vertex 93.8406 -42.5152 15.9465
    endloop
  endfacet
  facet normal 0.994523 0.104514 4.67325e-16
    outer loop
      vertex 93.567 -39.9117 15.9267
      vertex 93.8406 -42.5152 5.72205e-07
      vertex 93.2934 -37.3082 5.72205e-07
    endloop
  endfacet
  facet normal 0.978133 0.207982 0
    outer loop
      vertex 90.6918 -22.4333 15.9419
      vertex 90.5669 -21.8459 5.72205e-07
      vertex 90.5669 -21.8459 15.9465
    endloop
  endfacet
  facet normal 0.978151 0.207894 -3.40722e-06
    outer loop
      vertex 91.1112 -24.4066 15.9267
      vertex 90.5669 -21.8459 5.72205e-07
      vertex 90.6918 -22.4333 15.9419
    endloop
  endfacet
  facet normal 0.978141 0.207941 -3.28955e-06
    outer loop
      vertex 91.6555 -26.9672 5.72205e-07
      vertex 91.1112 -24.4066 15.9267
      vertex 91.5084 -26.275 15.9411
    endloop
  endfacet
  facet normal 0.978157 0.207869 -0
    outer loop
      vertex 91.6555 -26.9672 5.72205e-07
      vertex 91.5084 -26.275 15.9411
      vertex 91.6555 -26.9672 15.9465
    endloop
  endfacet
  facet normal 0.978146 0.207918 6.52734e-07
    outer loop
      vertex 91.1112 -24.4066 15.9267
      vertex 91.6555 -26.9672 5.72205e-07
      vertex 90.5669 -21.8459 5.72205e-07
    endloop
  endfacet
  facet normal 0.927203 0.37456 0
    outer loop
      vertex 82.9775 1.80739 15.93
      vertex 82.4872 3.0211 5.72205e-07
      vertex 82.4872 3.0211 15.9465
    endloop
  endfacet
  facet normal 0.927182 0.374612 4.563e-06
    outer loop
      vertex 83.7306 -0.0565686 15.935
      vertex 82.4872 3.0211 5.72205e-07
      vertex 82.9775 1.80739 15.93
    endloop
  endfacet
  facet normal 0.92718 0.374616 -0
    outer loop
      vertex 84.4485 -1.83338 5.72205e-07
      vertex 83.7306 -0.0565686 15.935
      vertex 84.4485 -1.83338 15.9399
    endloop
  endfacet
  facet normal 0.927186 0.3746 2.04951e-06
    outer loop
      vertex 83.7306 -0.0565686 15.935
      vertex 84.4485 -1.83338 5.72205e-07
      vertex 82.4872 3.0211 5.72205e-07
    endloop
  endfacet
  facet normal 0.978163 -0.20784 0
    outer loop
      vertex 91.5084 -84.9022 15.9411
      vertex 91.6555 -84.2099 5.72205e-07
      vertex 91.6555 -84.2099 15.9465
    endloop
  endfacet
  facet normal 0.978141 -0.207941 -4.59354e-06
    outer loop
      vertex 91.1112 -86.7706 15.9267
      vertex 91.6555 -84.2099 5.72205e-07
      vertex 91.5084 -84.9022 15.9411
    endloop
  endfacet
  facet normal 0.978149 -0.207904 -3.01911e-06
    outer loop
      vertex 90.5669 -89.3312 5.72205e-07
      vertex 91.1112 -86.7706 15.9267
      vertex 90.6918 -88.7438 15.9419
    endloop
  endfacet
  facet normal 0.978133 -0.207982 0
    outer loop
      vertex 90.5669 -89.3312 5.72205e-07
      vertex 90.6918 -88.7438 15.9419
      vertex 90.5669 -89.3312 15.9465
    endloop
  endfacet
  facet normal 0.978146 -0.207918 -6.52734e-07
    outer loop
      vertex 91.1112 -86.7706 15.9267
      vertex 90.5669 -89.3312 5.72205e-07
      vertex 91.6555 -84.2099 5.72205e-07
    endloop
  endfacet
  facet normal 1 -0 0
    outer loop
      vertex 94.3886 -53.5713 15.9419
      vertex 94.3886 -52.9707 5.72205e-07
      vertex 94.3886 -52.9707 15.9465
    endloop
  endfacet
  facet normal 1 -0 0
    outer loop
      vertex 94.3886 -55.5886 15.9267
      vertex 94.3886 -52.9707 5.72205e-07
      vertex 94.3886 -53.5713 15.9419
    endloop
  endfacet
  facet normal 1 0 0
    outer loop
      vertex 94.3886 -58.2064 5.72205e-07
      vertex 94.3886 -55.5886 15.9267
      vertex 94.3886 -57.6059 15.9419
    endloop
  endfacet
  facet normal 1 0 0
    outer loop
      vertex 94.3886 -58.2064 5.72205e-07
      vertex 94.3886 -57.6059 15.9419
      vertex 94.3886 -58.2064 15.9465
    endloop
  endfacet
  facet normal 1 0 0
    outer loop
      vertex 94.3886 -55.5886 15.9267
      vertex 94.3886 -58.2064 5.72205e-07
      vertex 94.3886 -52.9707 5.72205e-07
    endloop
  endfacet
  facet normal 0.961244 0.2757 0
    outer loop
      vertex 88.218 -12.9911 15.93
      vertex 87.8571 -11.7328 5.72205e-07
      vertex 87.8571 -11.7328 15.9465
    endloop
  endfacet
  facet normal 0.961268 0.275617 -7.07415e-06
    outer loop
      vertex 88.7462 -14.8333 15.9348
      vertex 87.8571 -11.7328 5.72205e-07
      vertex 88.218 -12.9911 15.93
    endloop
  endfacet
  facet normal 0.961263 0.275634 -0
    outer loop
      vertex 89.3003 -16.7657 5.72205e-07
      vertex 88.7462 -14.8333 15.9348
      vertex 89.3003 -16.7657 15.9399
    endloop
  endfacet
  facet normal 0.96126 0.275644 -1.31595e-06
    outer loop
      vertex 88.7462 -14.8333 15.9348
      vertex 89.3003 -16.7657 5.72205e-07
      vertex 87.8571 -11.7328 5.72205e-07
    endloop
  endfacet
  facet normal 0.951058 0.309013 0
    outer loop
      vertex 86.4579 -7.42645 15.9411
      vertex 86.2392 -6.75335 5.72205e-07
      vertex 86.2392 -6.75335 15.9465
    endloop
  endfacet
  facet normal 0.95105 0.309036 1.11455e-06
    outer loop
      vertex 87.0482 -9.24308 15.9267
      vertex 86.2392 -6.75335 5.72205e-07
      vertex 86.4579 -7.42645 15.9411
    endloop
  endfacet
  facet normal 0.951056 0.309018 -3.72183e-06
    outer loop
      vertex 87.8571 -11.7328 5.72205e-07
      vertex 87.0482 -9.24308 15.9267
      vertex 87.6716 -11.1617 15.9419
    endloop
  endfacet
  facet normal 0.951087 0.308924 -0
    outer loop
      vertex 87.8571 -11.7328 5.72205e-07
      vertex 87.6716 -11.1617 15.9419
      vertex 87.8571 -11.7328 15.9465
    endloop
  endfacet
  facet normal 0.951058 0.309013 -2.88872e-06
    outer loop
      vertex 87.0482 -9.24308 15.9267
      vertex 87.8571 -11.7328 5.72205e-07
      vertex 86.2392 -6.75335 5.72205e-07
    endloop
  endfacet
  facet normal -0.0349095 0.99939 0
    outer loop
      vertex -58.2064 94.3886 15.9465
      vertex -58.2064 94.3886 5.72205e-07
      vertex -59.5147 94.3429 15.93
    endloop
  endfacet
  facet normal -0.0349098 0.99939 -2.06412e-08
    outer loop
      vertex -58.2064 94.3886 5.72205e-07
      vertex -61.4299 94.276 15.9348
      vertex -59.5147 94.3429 15.93
    endloop
  endfacet
  facet normal -0.0348945 0.999391 3.0841e-06
    outer loop
      vertex -63.439 94.2059 5.72205e-07
      vertex -61.4299 94.276 15.9348
      vertex -58.2064 94.3886 5.72205e-07
    endloop
  endfacet
  facet normal -0.03487 0.999392 0
    outer loop
      vertex -61.4299 94.276 15.9348
      vertex -63.439 94.2059 5.72205e-07
      vertex -63.439 94.2059 15.9399
    endloop
  endfacet
  facet normal 0.719335 0.694663 0
    outer loop
      vertex 51.8739 49.0313 15.9348
      vertex 50.4774 50.4774 5.72205e-07
      vertex 50.4774 50.4774 15.9399
    endloop
  endfacet
  facet normal 0.719314 0.694685 -2.68756e-06
    outer loop
      vertex 54.1145 46.7112 5.72205e-07
      vertex 51.8739 49.0313 15.9348
      vertex 53.2052 47.6528 15.93
    endloop
  endfacet
  facet normal 0.719337 0.694661 -0
    outer loop
      vertex 54.1145 46.7112 5.72205e-07
      vertex 53.2052 47.6528 15.93
      vertex 54.1145 46.7112 15.9465
    endloop
  endfacet
  facet normal 0.719328 0.694671 1.34256e-06
    outer loop
      vertex 51.8739 49.0313 15.9348
      vertex 54.1145 46.7112 5.72205e-07
      vertex 50.4774 50.4774 5.72205e-07
    endloop
  endfacet
  facet normal 0.37456 0.927203 0
    outer loop
      vertex 3.0211 82.4872 15.9465
      vertex 3.0211 82.4872 5.72205e-07
      vertex 1.80739 82.9775 15.93
    endloop
  endfacet
  facet normal 0.374612 0.927182 4.563e-06
    outer loop
      vertex 3.0211 82.4872 5.72205e-07
      vertex -0.0565686 83.7306 15.935
      vertex 1.80739 82.9775 15.93
    endloop
  endfacet
  facet normal 0.3746 0.927186 2.04951e-06
    outer loop
      vertex -1.83338 84.4485 5.72205e-07
      vertex -0.0565686 83.7306 15.935
      vertex 3.0211 82.4872 5.72205e-07
    endloop
  endfacet
  facet normal 0.374616 0.92718 0
    outer loop
      vertex -0.0565686 83.7306 15.935
      vertex -1.83338 84.4485 5.72205e-07
      vertex -1.83338 84.4485 15.9399
    endloop
  endfacet
  facet normal 0.587756 0.809038 -0
    outer loop
      vertex 34.6837 64.2068 5.72205e-07
      vertex 34.1978 64.5598 15.9419
      vertex 34.6837 64.2068 15.9465
    endloop
  endfacet
  facet normal 0.58778 0.809021 1.10762e-06
    outer loop
      vertex 34.1978 64.5598 15.9419
      vertex 34.6837 64.2068 5.72205e-07
      vertex 32.5658 65.7455 15.9267
    endloop
  endfacet
  facet normal 0.58778 0.809021 -1.10762e-06
    outer loop
      vertex 30.4479 67.2842 5.72205e-07
      vertex 30.9338 66.9312 15.9419
      vertex 32.5658 65.7455 15.9267
    endloop
  endfacet
  facet normal 0.587774 0.809025 -4.2605e-16
    outer loop
      vertex 30.4479 67.2842 5.72205e-07
      vertex 32.5658 65.7455 15.9267
      vertex 34.6837 64.2068 5.72205e-07
    endloop
  endfacet
  facet normal 0.587756 0.809038 0
    outer loop
      vertex 30.9338 66.9312 15.9419
      vertex 30.4479 67.2842 5.72205e-07
      vertex 30.4479 67.2842 15.9465
    endloop
  endfacet
  facet normal 0.2757 0.961244 0
    outer loop
      vertex -11.7328 87.8571 15.9465
      vertex -11.7328 87.8571 5.72205e-07
      vertex -12.9911 88.218 15.93
    endloop
  endfacet
  facet normal 0.275617 0.961268 -7.07415e-06
    outer loop
      vertex -11.7328 87.8571 5.72205e-07
      vertex -14.8333 88.7462 15.9348
      vertex -12.9911 88.218 15.93
    endloop
  endfacet
  facet normal 0.275644 0.96126 -1.31595e-06
    outer loop
      vertex -16.7657 89.3003 5.72205e-07
      vertex -14.8333 88.7462 15.9348
      vertex -11.7328 87.8571 5.72205e-07
    endloop
  endfacet
  facet normal 0.275634 0.961263 0
    outer loop
      vertex -14.8333 88.7462 15.9348
      vertex -16.7657 89.3003 5.72205e-07
      vertex -16.7657 89.3003 15.9399
    endloop
  endfacet
  facet normal 0.500019 0.866015 -1.33258e-06
    outer loop
      vertex 21.0542 73.3404 15.9411
      vertex 21.6671 72.9865 5.72205e-07
      vertex 19.4 74.2955 15.9267
    endloop
  endfacet
  facet normal 0.500045 0.866 -0
    outer loop
      vertex 21.6671 72.9865 5.72205e-07
      vertex 21.0542 73.3404 15.9411
      vertex 21.6671 72.9865 15.9465
    endloop
  endfacet
  facet normal 0.500011 0.866019 -2.71876e-06
    outer loop
      vertex 17.1329 75.6044 5.72205e-07
      vertex 19.4 74.2955 15.9267
      vertex 21.6671 72.9865 5.72205e-07
    endloop
  endfacet
  facet normal 0.499979 0.866037 3.34483e-06
    outer loop
      vertex 19.4 74.2955 15.9267
      vertex 17.1329 75.6044 5.72205e-07
      vertex 17.7458 75.2505 15.9411
    endloop
  endfacet
  facet normal 0.500045 0.866 0
    outer loop
      vertex 17.7458 75.2505 15.9411
      vertex 17.1329 75.6044 5.72205e-07
      vertex 17.1329 75.6044 15.9465
    endloop
  endfacet
  facet normal 0.9703 0.241904 0
    outer loop
      vertex 89.7866 -18.7163 15.9348
      vertex 89.3003 -16.7657 5.72205e-07
      vertex 89.3003 -16.7657 15.9399
    endloop
  endfacet
  facet normal 0.970287 0.241959 -7.45905e-06
    outer loop
      vertex 90.5669 -21.8459 5.72205e-07
      vertex 89.7866 -18.7163 15.9348
      vertex 90.2503 -20.5758 15.93
    endloop
  endfacet
  facet normal 0.970309 0.24187 -0
    outer loop
      vertex 90.5669 -21.8459 5.72205e-07
      vertex 90.2503 -20.5758 15.93
      vertex 90.5669 -21.8459 15.9465
    endloop
  endfacet
  facet normal 0.970297 0.241915 1.54261e-06
    outer loop
      vertex 89.7866 -18.7163 15.9348
      vertex 90.5669 -21.8459 5.72205e-07
      vertex 89.3003 -16.7657 5.72205e-07
    endloop
  endfacet
  facet normal 0.241915 0.970297 1.54261e-06
    outer loop
      vertex -21.8459 90.5669 5.72205e-07
      vertex -18.7163 89.7866 15.9348
      vertex -16.7657 89.3003 5.72205e-07
    endloop
  endfacet
  facet normal 0.241904 0.9703 -0
    outer loop
      vertex -16.7657 89.3003 5.72205e-07
      vertex -18.7163 89.7866 15.9348
      vertex -16.7657 89.3003 15.9399
    endloop
  endfacet
  facet normal 0.241959 0.970287 -7.45905e-06
    outer loop
      vertex -18.7163 89.7866 15.9348
      vertex -21.8459 90.5669 5.72205e-07
      vertex -20.5758 90.2503 15.93
    endloop
  endfacet
  facet normal 0.24187 0.970309 0
    outer loop
      vertex -20.5758 90.2503 15.93
      vertex -21.8459 90.5669 5.72205e-07
      vertex -21.8459 90.5669 15.9465
    endloop
  endfacet
  facet normal 0.829029 0.559205 0
    outer loop
      vertex 68.0162 29.3627 15.93
      vertex 67.2842 30.4479 5.72205e-07
      vertex 67.2842 30.4479 15.9465
    endloop
  endfacet
  facet normal 0.829028 0.559208 2.37199e-07
    outer loop
      vertex 69.0879 27.7739 15.9348
      vertex 67.2842 30.4479 5.72205e-07
      vertex 68.0162 29.3627 15.93
    endloop
  endfacet
  facet normal 0.829046 0.559181 -0
    outer loop
      vertex 70.212 26.1073 5.72205e-07
      vertex 69.0879 27.7739 15.9348
      vertex 70.212 26.1073 15.9399
    endloop
  endfacet
  facet normal 0.829035 0.559197 -2.43341e-06
    outer loop
      vertex 69.0879 27.7739 15.9348
      vertex 70.212 26.1073 5.72205e-07
      vertex 67.2842 30.4479 5.72205e-07
    endloop
  endfacet
  facet normal -0.241853 0.970313 0
    outer loop
      vertex -89.3312 90.5669 15.9465
      vertex -89.3312 90.5669 5.72205e-07
      vertex -90.6014 90.2503 15.93
    endloop
  endfacet
  facet normal -0.241971 0.970284 -1.0016e-05
    outer loop
      vertex -89.3312 90.5669 5.72205e-07
      vertex -92.4608 89.7866 15.9348
      vertex -90.6014 90.2503 15.93
    endloop
  endfacet
  facet normal -0.241915 0.970297 1.54261e-06
    outer loop
      vertex -94.4114 89.3003 5.72205e-07
      vertex -92.4608 89.7866 15.9348
      vertex -89.3312 90.5669 5.72205e-07
    endloop
  endfacet
  facet normal -0.241904 0.9703 0
    outer loop
      vertex -92.4608 89.7866 15.9348
      vertex -94.4114 89.3003 5.72205e-07
      vertex -94.4114 89.3003 15.9399
    endloop
  endfacet
  facet normal 0 1 0
    outer loop
      vertex -53.5713 94.3886 15.9419
      vertex -52.9707 94.3886 5.72205e-07
      vertex -55.5886 94.3886 15.9267
    endloop
  endfacet
  facet normal 0 1 -0
    outer loop
      vertex -52.9707 94.3886 5.72205e-07
      vertex -53.5713 94.3886 15.9419
      vertex -52.9707 94.3886 15.9465
    endloop
  endfacet
  facet normal 0 1 0
    outer loop
      vertex -58.2064 94.3886 5.72205e-07
      vertex -55.5886 94.3886 15.9267
      vertex -52.9707 94.3886 5.72205e-07
    endloop
  endfacet
  facet normal 0 1 0
    outer loop
      vertex -55.5886 94.3886 15.9267
      vertex -58.2064 94.3886 5.72205e-07
      vertex -57.6059 94.3886 15.9419
    endloop
  endfacet
  facet normal 0 1 0
    outer loop
      vertex -57.6059 94.3886 15.9419
      vertex -58.2064 94.3886 5.72205e-07
      vertex -58.2064 94.3886 15.9465
    endloop
  endfacet
  facet normal 0.207982 0.978133 -0
    outer loop
      vertex -21.8459 90.5669 5.72205e-07
      vertex -22.4333 90.6918 15.9419
      vertex -21.8459 90.5669 15.9465
    endloop
  endfacet
  facet normal 0.207894 0.978151 -3.40722e-06
    outer loop
      vertex -22.4333 90.6918 15.9419
      vertex -21.8459 90.5669 5.72205e-07
      vertex -24.4066 91.1112 15.9267
    endloop
  endfacet
  facet normal 0.207918 0.978146 6.52734e-07
    outer loop
      vertex -26.9672 91.6555 5.72205e-07
      vertex -24.4066 91.1112 15.9267
      vertex -21.8459 90.5669 5.72205e-07
    endloop
  endfacet
  facet normal 0.207941 0.978141 -3.28955e-06
    outer loop
      vertex -24.4066 91.1112 15.9267
      vertex -26.9672 91.6555 5.72205e-07
      vertex -26.275 91.5084 15.9411
    endloop
  endfacet
  facet normal 0.207869 0.978157 0
    outer loop
      vertex -26.275 91.5084 15.9411
      vertex -26.9672 91.6555 5.72205e-07
      vertex -26.9672 91.6555 15.9465
    endloop
  endfacet
  facet normal 0.309036 0.95105 1.11455e-06
    outer loop
      vertex -7.42645 86.4579 15.9411
      vertex -6.75335 86.2392 5.72205e-07
      vertex -9.24308 87.0482 15.9267
    endloop
  endfacet
  facet normal 0.309013 0.951058 -0
    outer loop
      vertex -6.75335 86.2392 5.72205e-07
      vertex -7.42645 86.4579 15.9411
      vertex -6.75335 86.2392 15.9465
    endloop
  endfacet
  facet normal 0.309018 0.951056 -3.72183e-06
    outer loop
      vertex -11.7328 87.8571 5.72205e-07
      vertex -11.1617 87.6716 15.9419
      vertex -9.24308 87.0482 15.9267
    endloop
  endfacet
  facet normal 0.309013 0.951058 -2.88872e-06
    outer loop
      vertex -11.7328 87.8571 5.72205e-07
      vertex -9.24308 87.0482 15.9267
      vertex -6.75335 86.2392 5.72205e-07
    endloop
  endfacet
  facet normal 0.308924 0.951087 0
    outer loop
      vertex -11.1617 87.6716 15.9419
      vertex -11.7328 87.8571 5.72205e-07
      vertex -11.7328 87.8571 15.9465
    endloop
  endfacet
  facet normal 0.743186 0.669084 0
    outer loop
      vertex 54.5163 46.2649 15.9419
      vertex 54.1145 46.7112 5.72205e-07
      vertex 54.1145 46.7112 15.9465
    endloop
  endfacet
  facet normal 0.743141 0.669134 2.54305e-06
    outer loop
      vertex 55.8662 44.7657 15.9267
      vertex 54.1145 46.7112 5.72205e-07
      vertex 54.5163 46.2649 15.9419
    endloop
  endfacet
  facet normal 0.743144 0.669132 2.25536e-06
    outer loop
      vertex 57.6179 42.8203 5.72205e-07
      vertex 55.8662 44.7657 15.9267
      vertex 57.216 43.2666 15.9419
    endloop
  endfacet
  facet normal 0.743104 0.669176 -0
    outer loop
      vertex 57.6179 42.8203 5.72205e-07
      vertex 57.216 43.2666 15.9419
      vertex 57.6179 42.8203 15.9465
    endloop
  endfacet
  facet normal 0.743143 0.669132 2.10066e-06
    outer loop
      vertex 55.8662 44.7657 15.9267
      vertex 57.6179 42.8203 5.72205e-07
      vertex 54.1145 46.7112 5.72205e-07
    endloop
  endfacet
  facet normal -0.139186 0.990266 0
    outer loop
      vertex -73.869 93.2934 15.9465
      vertex -73.869 93.2934 5.72205e-07
      vertex -75.1653 93.1112 15.93
    endloop
  endfacet
  facet normal -0.139171 0.990268 1.23619e-06
    outer loop
      vertex -73.869 93.2934 5.72205e-07
      vertex -77.063 92.8445 15.9348
      vertex -75.1653 93.1112 15.93
    endloop
  endfacet
  facet normal -0.13918 0.990267 -6.70869e-07
    outer loop
      vertex -79.0537 92.5647 5.72205e-07
      vertex -77.063 92.8445 15.9348
      vertex -73.869 93.2934 5.72205e-07
    endloop
  endfacet
  facet normal -0.139185 0.990266 0
    outer loop
      vertex -77.063 92.8445 15.9348
      vertex -79.0537 92.5647 5.72205e-07
      vertex -79.0537 92.5647 15.9399
    endloop
  endfacet
  facet normal 0.469442 0.882963 0
    outer loop
      vertex 17.1329 75.6044 15.9465
      vertex 17.1329 75.6044 5.72205e-07
      vertex 15.9771 76.2189 15.93
    endloop
  endfacet
  facet normal 0.469469 0.882949 2.54929e-06
    outer loop
      vertex 17.1329 75.6044 5.72205e-07
      vertex 14.285 77.1186 15.9348
      vertex 15.9771 76.2189 15.93
    endloop
  endfacet
  facet normal 0.469466 0.882951 1.71424e-06
    outer loop
      vertex 14.285 77.1186 15.9348
      vertex 17.1329 75.6044 5.72205e-07
      vertex 12.51 78.0624 5.72205e-07
    endloop
  endfacet
  facet normal 0.469478 0.882944 0
    outer loop
      vertex 14.285 77.1186 15.9348
      vertex 12.51 78.0624 5.72205e-07
      vertex 12.51 78.0624 15.9399
    endloop
  endfacet
  facet normal 0.61567 0.788004 1.99015e-06
    outer loop
      vertex 34.6837 64.2068 5.72205e-07
      vertex 37.2253 62.221 15.9348
      vertex 38.8095 60.9833 5.72205e-07
    endloop
  endfacet
  facet normal 0.615658 0.788014 -0
    outer loop
      vertex 38.8095 60.9833 5.72205e-07
      vertex 37.2253 62.221 15.9348
      vertex 38.8095 60.9833 15.9399
    endloop
  endfacet
  facet normal 0.615655 0.788016 5.79603e-06
    outer loop
      vertex 37.2253 62.221 15.9348
      vertex 34.6837 64.2068 5.72205e-07
      vertex 35.7152 63.4008 15.93
    endloop
  endfacet
  facet normal 0.615711 0.787972 0
    outer loop
      vertex 35.7152 63.4008 15.93
      vertex 34.6837 64.2068 5.72205e-07
      vertex 34.6837 64.2068 15.9465
    endloop
  endfacet
  facet normal 0.766063 0.642766 0
    outer loop
      vertex 58.4593 41.8175 15.93
      vertex 57.6179 42.8203 5.72205e-07
      vertex 57.6179 42.8203 15.9465
    endloop
  endfacet
  facet normal 0.766044 0.642788 2.41932e-06
    outer loop
      vertex 59.6911 40.3495 15.9348
      vertex 57.6179 42.8203 5.72205e-07
      vertex 58.4593 41.8175 15.93
    endloop
  endfacet
  facet normal 0.766048 0.642784 -0
    outer loop
      vertex 60.9833 38.8095 5.72205e-07
      vertex 59.6911 40.3495 15.9348
      vertex 60.9833 38.8095 15.9399
    endloop
  endfacet
  facet normal 0.76605 0.642781 4.76569e-07
    outer loop
      vertex 59.6911 40.3495 15.9348
      vertex 60.9833 38.8095 5.72205e-07
      vertex 57.6179 42.8203 5.72205e-07
    endloop
  endfacet
  facet normal 0.990266 -0.139186 0
    outer loop
      vertex 93.1112 -75.1653 15.93
      vertex 93.2934 -73.869 5.72205e-07
      vertex 93.2934 -73.869 15.9465
    endloop
  endfacet
  facet normal 0.990268 -0.139171 1.23619e-06
    outer loop
      vertex 92.8445 -77.063 15.9348
      vertex 93.2934 -73.869 5.72205e-07
      vertex 93.1112 -75.1653 15.93
    endloop
  endfacet
  facet normal 0.990266 -0.139185 0
    outer loop
      vertex 92.5647 -79.0537 5.72205e-07
      vertex 92.8445 -77.063 15.9348
      vertex 92.5647 -79.0537 15.9399
    endloop
  endfacet
  facet normal 0.990267 -0.13918 -6.70869e-07
    outer loop
      vertex 92.8445 -77.063 15.9348
      vertex 92.5647 -79.0537 5.72205e-07
      vertex 93.2934 -73.869 5.72205e-07
    endloop
  endfacet
  facet normal 0.0697432 0.997565 0
    outer loop
      vertex -42.5152 93.8406 15.9465
      vertex -42.5152 93.8406 5.72205e-07
      vertex -43.8211 93.9319 15.93
    endloop
  endfacet
  facet normal 0.069771 0.997563 2.28539e-06
    outer loop
      vertex -42.5152 93.8406 5.72205e-07
      vertex -45.7327 94.0656 15.9348
      vertex -43.8211 93.9319 15.93
    endloop
  endfacet
  facet normal 0.0697702 0.997563 2.13051e-06
    outer loop
      vertex -45.7327 94.0656 15.9348
      vertex -42.5152 93.8406 5.72205e-07
      vertex -47.7382 94.2059 5.72205e-07
    endloop
  endfacet
  facet normal 0.0697871 0.997562 0
    outer loop
      vertex -45.7327 94.0656 15.9348
      vertex -47.7382 94.2059 5.72205e-07
      vertex -47.7382 94.2059 15.9399
    endloop
  endfacet
  facet normal 0.642766 0.766063 0
    outer loop
      vertex 42.8203 57.6179 15.9465
      vertex 42.8203 57.6179 5.72205e-07
      vertex 41.8175 58.4593 15.93
    endloop
  endfacet
  facet normal 0.642788 0.766044 2.41932e-06
    outer loop
      vertex 42.8203 57.6179 5.72205e-07
      vertex 40.3495 59.6911 15.9348
      vertex 41.8175 58.4593 15.93
    endloop
  endfacet
  facet normal 0.642781 0.76605 4.76569e-07
    outer loop
      vertex 38.8095 60.9833 5.72205e-07
      vertex 40.3495 59.6911 15.9348
      vertex 42.8203 57.6179 5.72205e-07
    endloop
  endfacet
  facet normal 0.642784 0.766048 0
    outer loop
      vertex 40.3495 59.6911 15.9348
      vertex 38.8095 60.9833 5.72205e-07
      vertex 38.8095 60.9833 15.9399
    endloop
  endfacet
  facet normal 0.788014 0.615658 0
    outer loop
      vertex 62.221 37.2253 15.9348
      vertex 60.9833 38.8095 5.72205e-07
      vertex 60.9833 38.8095 15.9399
    endloop
  endfacet
  facet normal 0.788016 0.615655 5.79603e-06
    outer loop
      vertex 64.2068 34.6837 5.72205e-07
      vertex 62.221 37.2253 15.9348
      vertex 63.4008 35.7152 15.93
    endloop
  endfacet
  facet normal 0.787972 0.615711 -0
    outer loop
      vertex 64.2068 34.6837 5.72205e-07
      vertex 63.4008 35.7152 15.93
      vertex 64.2068 34.6837 15.9465
    endloop
  endfacet
  facet normal 0.788004 0.61567 1.99015e-06
    outer loop
      vertex 62.221 37.2253 15.9348
      vertex 64.2068 34.6837 5.72205e-07
      vertex 60.9833 38.8095 5.72205e-07
    endloop
  endfacet
  facet normal 0.970313 -0.241853 0
    outer loop
      vertex 90.2503 -90.6014 15.93
      vertex 90.5669 -89.3312 5.72205e-07
      vertex 90.5669 -89.3312 15.9465
    endloop
  endfacet
  facet normal 0.970284 -0.241971 -1.0016e-05
    outer loop
      vertex 89.7866 -92.4608 15.9348
      vertex 90.5669 -89.3312 5.72205e-07
      vertex 90.2503 -90.6014 15.93
    endloop
  endfacet
  facet normal 0.9703 -0.241904 0
    outer loop
      vertex 89.3003 -94.4114 5.72205e-07
      vertex 89.7866 -92.4608 15.9348
      vertex 89.3003 -94.4114 15.9399
    endloop
  endfacet
  facet normal 0.970297 -0.241915 1.54261e-06
    outer loop
      vertex 89.7866 -92.4608 15.9348
      vertex 89.3003 -94.4114 5.72205e-07
      vertex 90.5669 -89.3312 5.72205e-07
    endloop
  endfacet
  facet normal 0.406778 0.913527 -0
    outer loop
      vertex 7.80417 80.3576 5.72205e-07
      vertex 7.25553 80.6019 15.9419
      vertex 7.80417 80.3576 15.9465
    endloop
  endfacet
  facet normal 0.406732 0.913548 -1.90713e-06
    outer loop
      vertex 7.25553 80.6019 15.9419
      vertex 7.80417 80.3576 5.72205e-07
      vertex 5.41263 81.4224 15.9267
    endloop
  endfacet
  facet normal 0.406743 0.913543 1.27692e-07
    outer loop
      vertex 3.0211 82.4872 5.72205e-07
      vertex 5.41263 81.4224 15.9267
      vertex 7.80417 80.3576 5.72205e-07
    endloop
  endfacet
  facet normal 0.40673 0.913548 2.46383e-06
    outer loop
      vertex 5.41263 81.4224 15.9267
      vertex 3.0211 82.4872 5.72205e-07
      vertex 3.66765 82.1993 15.9411
    endloop
  endfacet
  facet normal 0.406781 0.913526 0
    outer loop
      vertex 3.66765 82.1993 15.9411
      vertex 3.0211 82.4872 5.72205e-07
      vertex 3.0211 82.4872 15.9465
    endloop
  endfacet
  facet normal 0.898791 0.438378 0
    outer loop
      vertex 78.9437 10.7031 15.9348
      vertex 78.0624 12.51 5.72205e-07
      vertex 78.0624 12.51 15.9399
    endloop
  endfacet
  facet normal 0.898786 0.438388 -3.86655e-06
    outer loop
      vertex 80.3576 7.80417 5.72205e-07
      vertex 78.9437 10.7031 15.9348
      vertex 79.7838 8.98072 15.93
    endloop
  endfacet
  facet normal 0.898807 0.438345 -0
    outer loop
      vertex 80.3576 7.80417 5.72205e-07
      vertex 79.7838 8.98072 15.93
      vertex 80.3576 7.80417 15.9465
    endloop
  endfacet
  facet normal 0.898793 0.438373 -6.12476e-07
    outer loop
      vertex 78.9437 10.7031 15.9348
      vertex 80.3576 7.80417 5.72205e-07
      vertex 78.0624 12.51 5.72205e-07
    endloop
  endfacet
  facet normal 0.342016 0.939694 1.29937e-06
    outer loop
      vertex -6.75335 86.2392 5.72205e-07
      vertex -3.63416 85.1039 15.935
      vertex -1.83338 84.4485 5.72205e-07
    endloop
  endfacet
  facet normal 0.342006 0.939698 -0
    outer loop
      vertex -1.83338 84.4485 5.72205e-07
      vertex -3.63416 85.1039 15.935
      vertex -1.83338 84.4485 15.9399
    endloop
  endfacet
  facet normal 0.342031 0.939689 -1.86812e-06
    outer loop
      vertex -3.63416 85.1039 15.935
      vertex -6.75335 86.2392 5.72205e-07
      vertex -5.52326 85.7915 15.93
    endloop
  endfacet
  facet normal 0.342009 0.939697 0
    outer loop
      vertex -5.52326 85.7915 15.93
      vertex -6.75335 86.2392 5.72205e-07
      vertex -6.75335 86.2392 15.9465
    endloop
  endfacet
  facet normal 0.104543 0.99452 4.80174e-06
    outer loop
      vertex -37.9054 93.3561 15.9419
      vertex -37.3082 93.2934 5.72205e-07
      vertex -39.9117 93.567 15.9267
    endloop
  endfacet
  facet normal 0.104416 0.994534 -0
    outer loop
      vertex -37.3082 93.2934 5.72205e-07
      vertex -37.9054 93.3561 15.9419
      vertex -37.3082 93.2934 15.9465
    endloop
  endfacet
  facet normal 0.104514 0.994523 4.65994e-16
    outer loop
      vertex -42.5152 93.8406 5.72205e-07
      vertex -39.9117 93.567 15.9267
      vertex -37.3082 93.2934 5.72205e-07
    endloop
  endfacet
  facet normal 0.104548 0.99452 -5.65251e-06
    outer loop
      vertex -39.9117 93.567 15.9267
      vertex -42.5152 93.8406 5.72205e-07
      vertex -41.9179 93.7779 15.9419
    endloop
  endfacet
  facet normal 0.104399 0.994536 0
    outer loop
      vertex -41.9179 93.7779 15.9419
      vertex -42.5152 93.8406 5.72205e-07
      vertex -42.5152 93.8406 15.9465
    endloop
  endfacet
  facet normal 0.994536 -0.104399 0
    outer loop
      vertex 93.7779 -69.2592 15.9419
      vertex 93.8406 -68.6619 5.72205e-07
      vertex 93.8406 -68.6619 15.9465
    endloop
  endfacet
  facet normal 0.99452 -0.104548 -5.65251e-06
    outer loop
      vertex 93.567 -71.2654 15.9267
      vertex 93.8406 -68.6619 5.72205e-07
      vertex 93.7779 -69.2592 15.9419
    endloop
  endfacet
  facet normal 0.99452 -0.104543 5.45733e-06
    outer loop
      vertex 93.2934 -73.869 5.72205e-07
      vertex 93.567 -71.2654 15.9267
      vertex 93.3561 -73.2717 15.9419
    endloop
  endfacet
  facet normal 0.994536 -0.104399 0
    outer loop
      vertex 93.2934 -73.869 5.72205e-07
      vertex 93.3561 -73.2717 15.9419
      vertex 93.2934 -73.869 15.9465
    endloop
  endfacet
  facet normal 0.994524 -0.104512 3.28102e-07
    outer loop
      vertex 93.567 -71.2654 15.9267
      vertex 93.2934 -73.869 5.72205e-07
      vertex 93.8406 -68.6619 5.72205e-07
    endloop
  endfacet
  facet normal 0.939698 0.342006 0
    outer loop
      vertex 85.1039 -3.63416 15.935
      vertex 84.4485 -1.83338 5.72205e-07
      vertex 84.4485 -1.83338 15.9399
    endloop
  endfacet
  facet normal 0.939689 0.342031 -1.86812e-06
    outer loop
      vertex 86.2392 -6.75335 5.72205e-07
      vertex 85.1039 -3.63416 15.935
      vertex 85.7915 -5.52326 15.93
    endloop
  endfacet
  facet normal 0.939697 0.342009 -0
    outer loop
      vertex 86.2392 -6.75335 5.72205e-07
      vertex 85.7915 -5.52326 15.93
      vertex 86.2392 -6.75335 15.9465
    endloop
  endfacet
  facet normal 0.939694 0.342016 1.29937e-06
    outer loop
      vertex 85.1039 -3.63416 15.935
      vertex 86.2392 -6.75335 5.72205e-07
      vertex 84.4485 -1.83338 5.72205e-07
    endloop
  endfacet
  facet normal 0.866 0.500045 0
    outer loop
      vertex 73.3404 21.0542 15.9411
      vertex 72.9865 21.6671 5.72205e-07
      vertex 72.9865 21.6671 15.9465
    endloop
  endfacet
  facet normal 0.866015 0.500019 -1.33258e-06
    outer loop
      vertex 74.2955 19.4 15.9267
      vertex 72.9865 21.6671 5.72205e-07
      vertex 73.3404 21.0542 15.9411
    endloop
  endfacet
  facet normal 0.866037 0.499979 3.34483e-06
    outer loop
      vertex 75.6044 17.1329 5.72205e-07
      vertex 74.2955 19.4 15.9267
      vertex 75.2505 17.7458 15.9411
    endloop
  endfacet
  facet normal 0.866 0.500045 -0
    outer loop
      vertex 75.6044 17.1329 5.72205e-07
      vertex 75.2505 17.7458 15.9411
      vertex 75.6044 17.1329 15.9465
    endloop
  endfacet
  facet normal 0.866019 0.500011 -2.71876e-06
    outer loop
      vertex 74.2955 19.4 15.9267
      vertex 75.6044 17.1329 5.72205e-07
      vertex 72.9865 21.6671 5.72205e-07
    endloop
  endfacet
  facet normal 0.98481 0.173633 0
    outer loop
      vertex 91.8828 -28.2564 15.93
      vertex 91.6555 -26.9672 5.72205e-07
      vertex 91.6555 -26.9672 15.9465
    endloop
  endfacet
  facet normal 0.984807 0.173652 1.59847e-06
    outer loop
      vertex 92.2319 -30.2362 15.935
      vertex 91.6555 -26.9672 5.72205e-07
      vertex 91.8828 -28.2564 15.93
    endloop
  endfacet
  facet normal 0.984805 0.173666 -0
    outer loop
      vertex 92.5647 -32.1234 5.72205e-07
      vertex 92.2319 -30.2362 15.935
      vertex 92.5647 -32.1234 15.9399
    endloop
  endfacet
  facet normal 0.984807 0.173652 1.69145e-06
    outer loop
      vertex 92.2319 -30.2362 15.935
      vertex 92.5647 -32.1234 5.72205e-07
      vertex 91.6555 -26.9672 5.72205e-07
    endloop
  endfacet
  facet normal 0.529913 0.848052 1.19848e-06
    outer loop
      vertex 21.6671 72.9865 5.72205e-07
      vertex 24.4024 71.2773 15.9348
      vertex 26.1073 70.212 5.72205e-07
    endloop
  endfacet
  facet normal 0.529905 0.848057 -0
    outer loop
      vertex 26.1073 70.212 5.72205e-07
      vertex 24.4024 71.2773 15.9348
      vertex 26.1073 70.212 15.9399
    endloop
  endfacet
  facet normal 0.529929 0.848042 -2.49768e-06
    outer loop
      vertex 24.4024 71.2773 15.9348
      vertex 21.6671 72.9865 5.72205e-07
      vertex 22.7773 72.2928 15.93
    endloop
  endfacet
  facet normal 0.529903 0.848058 0
    outer loop
      vertex 22.7773 72.2928 15.93
      vertex 21.6671 72.9865 5.72205e-07
      vertex 21.6671 72.9865 15.9465
    endloop
  endfacet
  facet normal 0.990267 0.139179 0
    outer loop
      vertex 92.8445 -34.1142 15.9348
      vertex 92.5647 -32.1234 5.72205e-07
      vertex 92.5647 -32.1234 15.9399
    endloop
  endfacet
  facet normal 0.990268 0.139171 1.23619e-06
    outer loop
      vertex 93.2934 -37.3082 5.72205e-07
      vertex 92.8445 -34.1142 15.9348
      vertex 93.1112 -36.0119 15.93
    endloop
  endfacet
  facet normal 0.990266 0.139186 -0
    outer loop
      vertex 93.2934 -37.3082 5.72205e-07
      vertex 93.1112 -36.0119 15.93
      vertex 93.2934 -37.3082 15.9465
    endloop
  endfacet
  facet normal 0.990267 0.139178 -1.32805e-07
    outer loop
      vertex 92.8445 -34.1142 15.9348
      vertex 93.2934 -37.3082 5.72205e-07
      vertex 92.5647 -32.1234 5.72205e-07
    endloop
  endfacet
  facet normal 0.997565 0.0697432 0
    outer loop
      vertex 93.9319 -43.8211 15.93
      vertex 93.8406 -42.5152 5.72205e-07
      vertex 93.8406 -42.5152 15.9465
    endloop
  endfacet
  facet normal 0.997563 0.069771 2.28539e-06
    outer loop
      vertex 94.0656 -45.7327 15.9348
      vertex 93.8406 -42.5152 5.72205e-07
      vertex 93.9319 -43.8211 15.93
    endloop
  endfacet
  facet normal 0.997562 0.0697871 -0
    outer loop
      vertex 94.2059 -47.7382 5.72205e-07
      vertex 94.0656 -45.7327 15.9348
      vertex 94.2059 -47.7382 15.9399
    endloop
  endfacet
  facet normal 0.997563 0.0697702 2.13051e-06
    outer loop
      vertex 94.0656 -45.7327 15.9348
      vertex 94.2059 -47.7382 5.72205e-07
      vertex 93.8406 -42.5152 5.72205e-07
    endloop
  endfacet
  facet normal 0.0348951 0.999391 3.16818e-06
    outer loop
      vertex -52.9707 94.3886 5.72205e-07
      vertex -49.7473 94.276 15.9348
      vertex -47.7382 94.2059 5.72205e-07
    endloop
  endfacet
  facet normal 0.03487 0.999392 -0
    outer loop
      vertex -47.7382 94.2059 5.72205e-07
      vertex -49.7473 94.276 15.9348
      vertex -47.7382 94.2059 15.9399
    endloop
  endfacet
  facet normal 0.0349098 0.99939 1.98549e-07
    outer loop
      vertex -49.7473 94.276 15.9348
      vertex -52.9707 94.3886 5.72205e-07
      vertex -51.6625 94.3429 15.93
    endloop
  endfacet
  facet normal 0.0349122 0.99939 0
    outer loop
      vertex -51.6625 94.3429 15.93
      vertex -52.9707 94.3886 5.72205e-07
      vertex -52.9707 94.3886 15.9465
    endloop
  endfacet
  facet normal 0.559205 0.829029 0
    outer loop
      vertex 30.4479 67.2842 15.9465
      vertex 30.4479 67.2842 5.72205e-07
      vertex 29.3627 68.0162 15.93
    endloop
  endfacet
  facet normal 0.559208 0.829028 2.37199e-07
    outer loop
      vertex 30.4479 67.2842 5.72205e-07
      vertex 27.7739 69.0879 15.9348
      vertex 29.3627 68.0162 15.93
    endloop
  endfacet
  facet normal 0.559197 0.829035 -2.43341e-06
    outer loop
      vertex 26.1073 70.212 5.72205e-07
      vertex 27.7739 69.0879 15.9348
      vertex 30.4479 67.2842 5.72205e-07
    endloop
  endfacet
  facet normal 0.559181 0.829046 0
    outer loop
      vertex 27.7739 69.0879 15.9348
      vertex 26.1073 70.212 5.72205e-07
      vertex 26.1073 70.212 15.9399
    endloop
  endfacet
  facet normal 0.997562 -0.0697905 0
    outer loop
      vertex 94.0656 -65.4444 15.9348
      vertex 94.2059 -63.439 5.72205e-07
      vertex 94.2059 -63.439 15.9399
    endloop
  endfacet
  facet normal 0.997563 -0.0697673 1.54809e-06
    outer loop
      vertex 93.8406 -68.6619 5.72205e-07
      vertex 94.0656 -65.4444 15.9348
      vertex 93.9319 -67.3561 15.93
    endloop
  endfacet
  facet normal 0.997565 -0.0697485 0
    outer loop
      vertex 93.8406 -68.6619 5.72205e-07
      vertex 93.9319 -67.3561 15.93
      vertex 93.8406 -68.6619 15.9465
    endloop
  endfacet
  facet normal 0.997563 -0.0697715 2.40024e-06
    outer loop
      vertex 94.0656 -65.4444 15.9348
      vertex 93.8406 -68.6619 5.72205e-07
      vertex 94.2059 -63.439 5.72205e-07
    endloop
  endfacet
  facet normal 0.848057 0.529905 0
    outer loop
      vertex 71.2773 24.4024 15.9348
      vertex 70.212 26.1073 5.72205e-07
      vertex 70.212 26.1073 15.9399
    endloop
  endfacet
  facet normal 0.848042 0.529929 -2.49768e-06
    outer loop
      vertex 72.9865 21.6671 5.72205e-07
      vertex 71.2773 24.4024 15.9348
      vertex 72.2928 22.7773 15.93
    endloop
  endfacet
  facet normal 0.848058 0.529903 -0
    outer loop
      vertex 72.9865 21.6671 5.72205e-07
      vertex 72.2928 22.7773 15.93
      vertex 72.9865 21.6671 15.9465
    endloop
  endfacet
  facet normal 0.848052 0.529913 1.19848e-06
    outer loop
      vertex 71.2773 24.4024 15.9348
      vertex 72.9865 21.6671 5.72205e-07
      vertex 70.212 26.1073 5.72205e-07
    endloop
  endfacet
  facet normal 0 0 -1
    outer loop
      vertex 69.3924 -57.7701 5.72205e-07
      vertex 94.3886 -58.2064 5.72205e-07
      vertex 94.2059 -63.439 5.72205e-07
    endloop
  endfacet
  facet normal 0 0 -1
    outer loop
      vertex 94.3886 -58.2064 5.72205e-07
      vertex 69.3924 -57.7701 5.72205e-07
      vertex 94.3886 -52.9707 5.72205e-07
    endloop
  endfacet
  facet normal 0 0 -1
    outer loop
      vertex 69.2401 -62.1306 5.72205e-07
      vertex 94.2059 -63.439 5.72205e-07
      vertex 93.8406 -68.6619 5.72205e-07
    endloop
  endfacet
  facet normal 0 0 -1
    outer loop
      vertex 69.3924 -53.407 5.72205e-07
      vertex 94.3886 -52.9707 5.72205e-07
      vertex 69.3924 -57.7701 5.72205e-07
    endloop
  endfacet
  facet normal 0 0 -1
    outer loop
      vertex 68.9358 -66.483 5.72205e-07
      vertex 93.8406 -68.6619 5.72205e-07
      vertex 93.2934 -73.869 5.72205e-07
    endloop
  endfacet
  facet normal -0 0 -1
    outer loop
      vertex 94.3886 -52.9707 5.72205e-07
      vertex 69.3924 -53.407 5.72205e-07
      vertex 94.2059 -47.7382 5.72205e-07
    endloop
  endfacet
  facet normal 0 0 -1
    outer loop
      vertex 73.6792 -83.7553 5.72205e-07
      vertex 93.2934 -73.869 5.72205e-07
      vertex 92.5647 -79.0537 5.72205e-07
    endloop
  endfacet
  facet normal 0 0 -1
    outer loop
      vertex 69.2401 -49.0466 5.72205e-07
      vertex 94.2059 -47.7382 5.72205e-07
      vertex 69.3924 -53.407 5.72205e-07
    endloop
  endfacet
  facet normal 0 0 -1
    outer loop
      vertex 84.0085 -86.523 5.72205e-07
      vertex 92.5647 -79.0537 5.72205e-07
      vertex 91.6555 -84.2099 5.72205e-07
    endloop
  endfacet
  facet normal -0 0 -1
    outer loop
      vertex 94.2059 -47.7382 5.72205e-07
      vertex 69.2401 -49.0466 5.72205e-07
      vertex 93.8406 -42.5152 5.72205e-07
    endloop
  endfacet
  facet normal 0 0 -1
    outer loop
      vertex 84.0085 -86.523 5.72205e-07
      vertex 91.6555 -84.2099 5.72205e-07
      vertex 90.5669 -89.3312 5.72205e-07
    endloop
  endfacet
  facet normal -0 0 -1
    outer loop
      vertex 93.8406 -42.5152 5.72205e-07
      vertex 68.9358 -44.6941 5.72205e-07
      vertex 93.2934 -37.3082 5.72205e-07
    endloop
  endfacet
  facet normal 0 0 -1
    outer loop
      vertex 84.0085 -86.523 5.72205e-07
      vertex 90.5669 -89.3312 5.72205e-07
      vertex 89.3003 -94.4114 5.72205e-07
    endloop
  endfacet
  facet normal -0 0 -1
    outer loop
      vertex 93.2934 -73.869 5.72205e-07
      vertex 73.6792 -83.7553 5.72205e-07
      vertex 68.4797 -70.8222 5.72205e-07
    endloop
  endfacet
  facet normal 0 0 -1
    outer loop
      vertex 68.4797 -40.3549 5.72205e-07
      vertex 93.2934 -37.3082 5.72205e-07
      vertex 68.9358 -44.6941 5.72205e-07
    endloop
  endfacet
  facet normal -0 0 -1
    outer loop
      vertex 93.2934 -37.3082 5.72205e-07
      vertex 68.4797 -40.3549 5.72205e-07
      vertex 92.5647 -32.1234 5.72205e-07
    endloop
  endfacet
  facet normal 0 0 -1
    outer loop
      vertex 90.5669 -21.8459 5.72205e-07
      vertex 80.5103 -20.3244 5.72205e-07
      vertex 89.3003 -16.7657 5.72205e-07
    endloop
  endfacet
  facet normal 0 -0 -1
    outer loop
      vertex 80.275 -21.2638 5.72205e-07
      vertex 90.5669 -21.8459 5.72205e-07
      vertex 80.1366 -21.5566 5.72205e-07
    endloop
  endfacet
  facet normal 0 -0 -1
    outer loop
      vertex 84.0085 -86.523 5.72205e-07
      vertex 89.3003 -94.4114 5.72205e-07
      vertex 80.3785 -92.0209 5.72205e-07
    endloop
  endfacet
  facet normal 0 0 -1
    outer loop
      vertex 80.4628 -19.3572 5.72205e-07
      vertex 89.3003 -16.7657 5.72205e-07
      vertex 80.5103 -19.6775 5.72205e-07
    endloop
  endfacet
  facet normal 0 0 -1
    outer loop
      vertex 80.275 -18.7381 5.72205e-07
      vertex 89.3003 -16.7657 5.72205e-07
      vertex 80.3841 -19.043 5.72205e-07
    endloop
  endfacet
  facet normal 0 0 -1
    outer loop
      vertex 80.3841 -19.043 5.72205e-07
      vertex 89.3003 -16.7657 5.72205e-07
      vertex 80.4628 -19.3572 5.72205e-07
    endloop
  endfacet
  facet normal 0 0 -1
    outer loop
      vertex 80.5103 -19.6775 5.72205e-07
      vertex 89.3003 -16.7657 5.72205e-07
      vertex 80.5262 -20.001 5.72205e-07
    endloop
  endfacet
  facet normal 0 -0 -1
    outer loop
      vertex 80.5262 -20.001 5.72205e-07
      vertex 89.3003 -16.7657 5.72205e-07
      vertex 80.5103 -20.3244 5.72205e-07
    endloop
  endfacet
  facet normal 0 -0 -1
    outer loop
      vertex 80.5103 -20.3244 5.72205e-07
      vertex 90.5669 -21.8459 5.72205e-07
      vertex 80.4628 -20.6448 5.72205e-07
    endloop
  endfacet
  facet normal 0 -0 -1
    outer loop
      vertex 80.4628 -20.6448 5.72205e-07
      vertex 90.5669 -21.8459 5.72205e-07
      vertex 80.3841 -20.9589 5.72205e-07
    endloop
  endfacet
  facet normal 0 -0 -1
    outer loop
      vertex 80.3841 -20.9589 5.72205e-07
      vertex 90.5669 -21.8459 5.72205e-07
      vertex 80.275 -21.2638 5.72205e-07
    endloop
  endfacet
  facet normal 0 -0 -1
    outer loop
      vertex 80.1366 -21.5566 5.72205e-07
      vertex 90.5669 -21.8459 5.72205e-07
      vertex 79.9701 -21.8343 5.72205e-07
    endloop
  endfacet
  facet normal 0 0 -1
    outer loop
      vertex 67.8725 -36.0343 5.72205e-07
      vertex 92.5647 -32.1234 5.72205e-07
      vertex 68.4797 -40.3549 5.72205e-07
    endloop
  endfacet
  facet normal 0 -0 -1
    outer loop
      vertex 79.7772 -22.0944 5.72205e-07
      vertex 91.6555 -26.9672 5.72205e-07
      vertex 79.5597 -22.3344 5.72205e-07
    endloop
  endfacet
  facet normal 0 0 -1
    outer loop
      vertex 91.6555 -26.9672 5.72205e-07
      vertex 79.9701 -21.8343 5.72205e-07
      vertex 90.5669 -21.8459 5.72205e-07
    endloop
  endfacet
  facet normal 0 -0 -1
    outer loop
      vertex 79.9701 -21.8343 5.72205e-07
      vertex 91.6555 -26.9672 5.72205e-07
      vertex 79.7772 -22.0944 5.72205e-07
    endloop
  endfacet
  facet normal 0 -0 -1
    outer loop
      vertex 78.4891 -23.0498 5.72205e-07
      vertex 92.5647 -32.1234 5.72205e-07
      vertex 78.1842 -23.1589 5.72205e-07
    endloop
  endfacet
  facet normal 0 -0 -1
    outer loop
      vertex 79.5597 -22.3344 5.72205e-07
      vertex 91.6555 -26.9672 5.72205e-07
      vertex 79.3197 -22.5519 5.72205e-07
    endloop
  endfacet
  facet normal 0 -0 -1
    outer loop
      vertex 79.3197 -22.5519 5.72205e-07
      vertex 91.6555 -26.9672 5.72205e-07
      vertex 79.0596 -22.7448 5.72205e-07
    endloop
  endfacet
  facet normal 0 -0 -1
    outer loop
      vertex 79.0596 -22.7448 5.72205e-07
      vertex 91.6555 -26.9672 5.72205e-07
      vertex 78.7818 -22.9113 5.72205e-07
    endloop
  endfacet
  facet normal 0 0 -1
    outer loop
      vertex 92.5647 -32.1234 5.72205e-07
      vertex 78.7818 -22.9113 5.72205e-07
      vertex 91.6555 -26.9672 5.72205e-07
    endloop
  endfacet
  facet normal 0 -0 -1
    outer loop
      vertex 78.7818 -22.9113 5.72205e-07
      vertex 92.5647 -32.1234 5.72205e-07
      vertex 78.4891 -23.0498 5.72205e-07
    endloop
  endfacet
  facet normal 0 0 -1
    outer loop
      vertex 92.5647 -32.1234 5.72205e-07
      vertex 77.87 -23.2375 5.72205e-07
      vertex 78.1842 -23.1589 5.72205e-07
    endloop
  endfacet
  facet normal -0 0 -1
    outer loop
      vertex 92.5647 -32.1234 5.72205e-07
      vertex 67.8725 -36.0343 5.72205e-07
      vertex 77.87 -23.2375 5.72205e-07
    endloop
  endfacet
  facet normal 0 0 -1
    outer loop
      vertex 77.5497 -23.2851 5.72205e-07
      vertex 67.8725 -36.0343 5.72205e-07
      vertex 77.2262 -23.301 5.72205e-07
    endloop
  endfacet
  facet normal -0 0 -1
    outer loop
      vertex 77.2262 -23.301 5.72205e-07
      vertex 67.8725 -36.0343 5.72205e-07
      vertex 76.9028 -23.2851 5.72205e-07
    endloop
  endfacet
  facet normal 0 0 -1
    outer loop
      vertex 67.1148 -31.7374 5.72205e-07
      vertex 76.9028 -23.2851 5.72205e-07
      vertex 67.8725 -36.0343 5.72205e-07
    endloop
  endfacet
  facet normal -0 0 -1
    outer loop
      vertex 76.9028 -23.2851 5.72205e-07
      vertex 67.1148 -31.7374 5.72205e-07
      vertex 76.5824 -23.2375 5.72205e-07
    endloop
  endfacet
  facet normal -0 0 -1
    outer loop
      vertex 76.5824 -23.2375 5.72205e-07
      vertex 67.1148 -31.7374 5.72205e-07
      vertex 76.2683 -23.1589 5.72205e-07
    endloop
  endfacet
  facet normal -0 0 -1
    outer loop
      vertex 76.2683 -23.1589 5.72205e-07
      vertex 67.1148 -31.7374 5.72205e-07
      vertex 75.9634 -23.0498 5.72205e-07
    endloop
  endfacet
  facet normal -0 0 -1
    outer loop
      vertex 75.9634 -23.0498 5.72205e-07
      vertex 67.1148 -31.7374 5.72205e-07
      vertex 75.6706 -22.9113 5.72205e-07
    endloop
  endfacet
  facet normal 0 0 -1
    outer loop
      vertex 66.2077 -27.4697 5.72205e-07
      vertex 75.6706 -22.9113 5.72205e-07
      vertex 67.1148 -31.7374 5.72205e-07
    endloop
  endfacet
  facet normal -0 0 -1
    outer loop
      vertex 75.6706 -22.9113 5.72205e-07
      vertex 66.2077 -27.4697 5.72205e-07
      vertex 75.3928 -22.7448 5.72205e-07
    endloop
  endfacet
  facet normal -0 0 -1
    outer loop
      vertex 75.3928 -22.7448 5.72205e-07
      vertex 66.2077 -27.4697 5.72205e-07
      vertex 75.1327 -22.5519 5.72205e-07
    endloop
  endfacet
  facet normal -0 0 -1
    outer loop
      vertex 75.1327 -22.5519 5.72205e-07
      vertex 66.2077 -27.4697 5.72205e-07
      vertex 74.8928 -22.3344 5.72205e-07
    endloop
  endfacet
  facet normal -0 0 -1
    outer loop
      vertex 74.8928 -22.3344 5.72205e-07
      vertex 66.2077 -27.4697 5.72205e-07
      vertex 74.6753 -22.0944 5.72205e-07
    endloop
  endfacet
  facet normal 0 0 -1
    outer loop
      vertex 77.87 -23.2375 5.72205e-07
      vertex 67.8725 -36.0343 5.72205e-07
      vertex 77.5497 -23.2851 5.72205e-07
    endloop
  endfacet
  facet normal 0 0 -1
    outer loop
      vertex 73.6792 -83.7553 5.72205e-07
      vertex 92.5647 -79.0537 5.72205e-07
      vertex 84.0085 -86.523 5.72205e-07
    endloop
  endfacet
  facet normal 0 0 -1
    outer loop
      vertex 80.1366 -18.4453 5.72205e-07
      vertex 89.3003 -16.7657 5.72205e-07
      vertex 80.275 -18.7381 5.72205e-07
    endloop
  endfacet
  facet normal 0 0 -1
    outer loop
      vertex 79.9701 -18.1676 5.72205e-07
      vertex 89.3003 -16.7657 5.72205e-07
      vertex 80.1366 -18.4453 5.72205e-07
    endloop
  endfacet
  facet normal -0 0 -1
    outer loop
      vertex 89.3003 -16.7657 5.72205e-07
      vertex 79.9701 -18.1676 5.72205e-07
      vertex 87.8571 -11.7328 5.72205e-07
    endloop
  endfacet
  facet normal 0 0 -1
    outer loop
      vertex 79.7772 -17.9075 5.72205e-07
      vertex 87.8571 -11.7328 5.72205e-07
      vertex 79.9701 -18.1676 5.72205e-07
    endloop
  endfacet
  facet normal 0 0 -1
    outer loop
      vertex 79.5597 -17.6675 5.72205e-07
      vertex 87.8571 -11.7328 5.72205e-07
      vertex 79.7772 -17.9075 5.72205e-07
    endloop
  endfacet
  facet normal 0 0 -1
    outer loop
      vertex 79.3197 -17.45 5.72205e-07
      vertex 87.8571 -11.7328 5.72205e-07
      vertex 79.5597 -17.6675 5.72205e-07
    endloop
  endfacet
  facet normal 0 0 -1
    outer loop
      vertex 79.0596 -17.2571 5.72205e-07
      vertex 87.8571 -11.7328 5.72205e-07
      vertex 79.3197 -17.45 5.72205e-07
    endloop
  endfacet
  facet normal 0 0 -1
    outer loop
      vertex 78.7818 -17.0906 5.72205e-07
      vertex 87.8571 -11.7328 5.72205e-07
      vertex 79.0596 -17.2571 5.72205e-07
    endloop
  endfacet
  facet normal 0 0 -1
    outer loop
      vertex 78.4891 -16.9522 5.72205e-07
      vertex 87.8571 -11.7328 5.72205e-07
      vertex 78.7818 -17.0906 5.72205e-07
    endloop
  endfacet
  facet normal -0 0 -1
    outer loop
      vertex 87.8571 -11.7328 5.72205e-07
      vertex 78.4891 -16.9522 5.72205e-07
      vertex 86.2392 -6.75335 5.72205e-07
    endloop
  endfacet
  facet normal 0 0 -1
    outer loop
      vertex 78.1842 -16.8431 5.72205e-07
      vertex 86.2392 -6.75335 5.72205e-07
      vertex 78.4891 -16.9522 5.72205e-07
    endloop
  endfacet
  facet normal 0 0 -1
    outer loop
      vertex 77.87 -16.7644 5.72205e-07
      vertex 86.2392 -6.75335 5.72205e-07
      vertex 78.1842 -16.8431 5.72205e-07
    endloop
  endfacet
  facet normal 0 0 -1
    outer loop
      vertex 77.5497 -16.7168 5.72205e-07
      vertex 86.2392 -6.75335 5.72205e-07
      vertex 77.87 -16.7644 5.72205e-07
    endloop
  endfacet
  facet normal 0 0 -1
    outer loop
      vertex 77.2262 -16.701 5.72205e-07
      vertex 86.2392 -6.75335 5.72205e-07
      vertex 77.5497 -16.7168 5.72205e-07
    endloop
  endfacet
  facet normal -0 0 -1
    outer loop
      vertex 86.2392 -6.75335 5.72205e-07
      vertex 77.2262 -16.701 5.72205e-07
      vertex 84.4485 -1.83338 5.72205e-07
    endloop
  endfacet
  facet normal 0 0 -1
    outer loop
      vertex 76.9028 -16.7168 5.72205e-07
      vertex 84.4485 -1.83338 5.72205e-07
      vertex 77.2262 -16.701 5.72205e-07
    endloop
  endfacet
  facet normal 0 0 -1
    outer loop
      vertex 76.5824 -16.7644 5.72205e-07
      vertex 84.4485 -1.83338 5.72205e-07
      vertex 76.9028 -16.7168 5.72205e-07
    endloop
  endfacet
  facet normal 0 0 -1
    outer loop
      vertex 76.2683 -16.8431 5.72205e-07
      vertex 84.4485 -1.83338 5.72205e-07
      vertex 76.5824 -16.7644 5.72205e-07
    endloop
  endfacet
  facet normal 0 0 -1
    outer loop
      vertex 61.109 -10.7926 5.72205e-07
      vertex 84.4485 -1.83338 5.72205e-07
      vertex 76.2683 -16.8431 5.72205e-07
    endloop
  endfacet
  facet normal -0 0 -1
    outer loop
      vertex 84.4485 -1.83338 5.72205e-07
      vertex 61.109 -10.7926 5.72205e-07
      vertex 82.4872 3.0211 5.72205e-07
    endloop
  endfacet
  facet normal -0 0 -1
    outer loop
      vertex 82.4872 3.0211 5.72205e-07
      vertex 59.4745 -6.74718 5.72205e-07
      vertex 80.3576 7.80417 5.72205e-07
    endloop
  endfacet
  facet normal 0 0 -1
    outer loop
      vertex 61.109 -10.7926 5.72205e-07
      vertex 76.2683 -16.8431 5.72205e-07
      vertex 75.9634 -16.9522 5.72205e-07
    endloop
  endfacet
  facet normal 0 0 -1
    outer loop
      vertex 61.109 -10.7926 5.72205e-07
      vertex 75.9634 -16.9522 5.72205e-07
      vertex 75.6706 -17.0906 5.72205e-07
    endloop
  endfacet
  facet normal 0 0 -1
    outer loop
      vertex 57.6999 -2.76129 5.72205e-07
      vertex 80.3576 7.80417 5.72205e-07
      vertex 59.4745 -6.74718 5.72205e-07
    endloop
  endfacet
  facet normal 0 0 -1
    outer loop
      vertex 61.109 -10.7926 5.72205e-07
      vertex 75.6706 -17.0906 5.72205e-07
      vertex 75.3928 -17.2571 5.72205e-07
    endloop
  endfacet
  facet normal 0 0 -1
    outer loop
      vertex 62.6012 -14.8926 5.72205e-07
      vertex 75.3928 -17.2571 5.72205e-07
      vertex 75.1327 -17.45 5.72205e-07
    endloop
  endfacet
  facet normal 0 0 -1
    outer loop
      vertex 62.6012 -14.8926 5.72205e-07
      vertex 75.1327 -17.45 5.72205e-07
      vertex 74.8928 -17.6675 5.72205e-07
    endloop
  endfacet
  facet normal 0 0 -1
    outer loop
      vertex 62.6012 -14.8926 5.72205e-07
      vertex 74.8928 -17.6675 5.72205e-07
      vertex 74.6753 -17.9075 5.72205e-07
    endloop
  endfacet
  facet normal 0 0 -1
    outer loop
      vertex 62.6012 -14.8926 5.72205e-07
      vertex 74.6753 -17.9075 5.72205e-07
      vertex 74.4824 -18.1676 5.72205e-07
    endloop
  endfacet
  facet normal 0 0 -1
    outer loop
      vertex 62.6012 -14.8926 5.72205e-07
      vertex 74.4824 -18.1676 5.72205e-07
      vertex 74.3159 -18.4453 5.72205e-07
    endloop
  endfacet
  facet normal 0 0 -1
    outer loop
      vertex 63.9495 -19.0421 5.72205e-07
      vertex 74.3159 -18.4453 5.72205e-07
      vertex 74.1774 -18.7381 5.72205e-07
    endloop
  endfacet
  facet normal 0 0 -1
    outer loop
      vertex 63.9495 -19.0421 5.72205e-07
      vertex 74.1774 -18.7381 5.72205e-07
      vertex 74.0683 -19.043 5.72205e-07
    endloop
  endfacet
  facet normal 0 0 -1
    outer loop
      vertex 63.9495 -19.0421 5.72205e-07
      vertex 74.0683 -19.043 5.72205e-07
      vertex 73.9896 -19.3572 5.72205e-07
    endloop
  endfacet
  facet normal 0 0 -1
    outer loop
      vertex 63.9495 -19.0421 5.72205e-07
      vertex 73.9896 -19.3572 5.72205e-07
      vertex 73.9421 -19.6775 5.72205e-07
    endloop
  endfacet
  facet normal 0 0 -1
    outer loop
      vertex 63.9495 -19.0421 5.72205e-07
      vertex 73.9421 -19.6775 5.72205e-07
      vertex 73.9262 -20.001 5.72205e-07
    endloop
  endfacet
  facet normal -0 0 -1
    outer loop
      vertex 80.3576 7.80417 5.72205e-07
      vertex 57.6999 -2.76129 5.72205e-07
      vertex 78.0624 12.51 5.72205e-07
    endloop
  endfacet
  facet normal -0 0 -1
    outer loop
      vertex 74.6753 -22.0944 5.72205e-07
      vertex 66.2077 -27.4697 5.72205e-07
      vertex 74.4824 -21.8343 5.72205e-07
    endloop
  endfacet
  facet normal 0 0 -1
    outer loop
      vertex -95.6777 70.8437 5.72205e-07
      vertex -91.9526 80.124 5.72205e-07
      vertex -90.3997 74.3285 5.72205e-07
    endloop
  endfacet
  facet normal -0 0 -1
    outer loop
      vertex -91.9526 80.124 5.72205e-07
      vertex -95.6777 70.8437 5.72205e-07
      vertex -98.2658 80.5029 5.72205e-07
    endloop
  endfacet
  facet normal 0 0 -1
    outer loop
      vertex -1.83338 84.4485 5.72205e-07
      vertex -16.7168 76.9028 5.72205e-07
      vertex -16.701 77.2262 5.72205e-07
    endloop
  endfacet
  facet normal 0 0 -1
    outer loop
      vertex -10.7926 61.109 5.72205e-07
      vertex -16.7644 76.5824 5.72205e-07
      vertex -16.7168 76.9028 5.72205e-07
    endloop
  endfacet
  facet normal 0 0 -1
    outer loop
      vertex -10.7926 61.109 5.72205e-07
      vertex -16.8431 76.2683 5.72205e-07
      vertex -16.7644 76.5824 5.72205e-07
    endloop
  endfacet
  facet normal 0 0 -1
    outer loop
      vertex -10.7926 61.109 5.72205e-07
      vertex -16.9522 75.9634 5.72205e-07
      vertex -16.8431 76.2683 5.72205e-07
    endloop
  endfacet
  facet normal 0 0 -1
    outer loop
      vertex -10.7926 61.109 5.72205e-07
      vertex -17.0906 75.6706 5.72205e-07
      vertex -16.9522 75.9634 5.72205e-07
    endloop
  endfacet
  facet normal 0 0 -1
    outer loop
      vertex -10.7926 61.109 5.72205e-07
      vertex -17.2571 75.3928 5.72205e-07
      vertex -17.0906 75.6706 5.72205e-07
    endloop
  endfacet
  facet normal 0 0 -1
    outer loop
      vertex -14.8926 62.6012 5.72205e-07
      vertex -17.45 75.1327 5.72205e-07
      vertex -17.2571 75.3928 5.72205e-07
    endloop
  endfacet
  facet normal 0 0 -1
    outer loop
      vertex -14.8926 62.6012 5.72205e-07
      vertex -17.6675 74.8928 5.72205e-07
      vertex -17.45 75.1327 5.72205e-07
    endloop
  endfacet
  facet normal 0 0 -1
    outer loop
      vertex -14.8926 62.6012 5.72205e-07
      vertex -17.9075 74.6753 5.72205e-07
      vertex -17.6675 74.8928 5.72205e-07
    endloop
  endfacet
  facet normal 0 0 -1
    outer loop
      vertex -14.8926 62.6012 5.72205e-07
      vertex -18.1676 74.4824 5.72205e-07
      vertex -17.9075 74.6753 5.72205e-07
    endloop
  endfacet
  facet normal 0 0 -1
    outer loop
      vertex -14.8926 62.6012 5.72205e-07
      vertex -18.4453 74.3159 5.72205e-07
      vertex -18.1676 74.4824 5.72205e-07
    endloop
  endfacet
  facet normal 0 0 -1
    outer loop
      vertex -19.0421 63.9495 5.72205e-07
      vertex -18.4453 74.3159 5.72205e-07
      vertex -14.8926 62.6012 5.72205e-07
    endloop
  endfacet
  facet normal 0 0 -1
    outer loop
      vertex -18.4453 74.3159 5.72205e-07
      vertex -19.0421 63.9495 5.72205e-07
      vertex -18.7381 74.1774 5.72205e-07
    endloop
  endfacet
  facet normal 0 0 -1
    outer loop
      vertex -19.0421 63.9495 5.72205e-07
      vertex -19.043 74.0683 5.72205e-07
      vertex -18.7381 74.1774 5.72205e-07
    endloop
  endfacet
  facet normal 0 0 -1
    outer loop
      vertex -19.0421 63.9495 5.72205e-07
      vertex -19.3572 73.9896 5.72205e-07
      vertex -19.043 74.0683 5.72205e-07
    endloop
  endfacet
  facet normal 0 0 -1
    outer loop
      vertex -19.0421 63.9495 5.72205e-07
      vertex -19.6775 73.9421 5.72205e-07
      vertex -19.3572 73.9896 5.72205e-07
    endloop
  endfacet
  facet normal 0 0 -1
    outer loop
      vertex -19.0421 63.9495 5.72205e-07
      vertex -20.001 73.9262 5.72205e-07
      vertex -19.6775 73.9421 5.72205e-07
    endloop
  endfacet
  facet normal 0 0 -1
    outer loop
      vertex -23.2362 65.1522 5.72205e-07
      vertex -20.001 73.9262 5.72205e-07
      vertex -19.0421 63.9495 5.72205e-07
    endloop
  endfacet
  facet normal -0 0 -1
    outer loop
      vertex -20.001 73.9262 5.72205e-07
      vertex -23.2362 65.1522 5.72205e-07
      vertex -20.3244 73.9421 5.72205e-07
    endloop
  endfacet
  facet normal -0 0 -1
    outer loop
      vertex -20.3244 73.9421 5.72205e-07
      vertex -23.2362 65.1522 5.72205e-07
      vertex -20.6448 73.9896 5.72205e-07
    endloop
  endfacet
  facet normal -0 0 -1
    outer loop
      vertex -20.6448 73.9896 5.72205e-07
      vertex -23.2362 65.1522 5.72205e-07
      vertex -20.9589 74.0683 5.72205e-07
    endloop
  endfacet
  facet normal -0 0 -1
    outer loop
      vertex -20.9589 74.0683 5.72205e-07
      vertex -23.2362 65.1522 5.72205e-07
      vertex -21.2638 74.1774 5.72205e-07
    endloop
  endfacet
  facet normal -0 0 -1
    outer loop
      vertex -21.2638 74.1774 5.72205e-07
      vertex -23.2362 65.1522 5.72205e-07
      vertex -21.5566 74.3159 5.72205e-07
    endloop
  endfacet
  facet normal -0 0 -1
    outer loop
      vertex -21.5566 74.3159 5.72205e-07
      vertex -23.2362 65.1522 5.72205e-07
      vertex -21.8343 74.4824 5.72205e-07
    endloop
  endfacet
  facet normal 0 0 -1
    outer loop
      vertex -27.4697 66.2077 5.72205e-07
      vertex -21.8343 74.4824 5.72205e-07
      vertex -23.2362 65.1522 5.72205e-07
    endloop
  endfacet
  facet normal -0 0 -1
    outer loop
      vertex -21.8343 74.4824 5.72205e-07
      vertex -27.4697 66.2077 5.72205e-07
      vertex -22.0944 74.6753 5.72205e-07
    endloop
  endfacet
  facet normal -0 0 -1
    outer loop
      vertex -22.0944 74.6753 5.72205e-07
      vertex -27.4697 66.2077 5.72205e-07
      vertex -22.3344 74.8928 5.72205e-07
    endloop
  endfacet
  facet normal -0 0 -1
    outer loop
      vertex -22.3344 74.8928 5.72205e-07
      vertex -27.4697 66.2077 5.72205e-07
      vertex -22.5519 75.1327 5.72205e-07
    endloop
  endfacet
  facet normal -0 0 -1
    outer loop
      vertex -22.5519 75.1327 5.72205e-07
      vertex -27.4697 66.2077 5.72205e-07
      vertex -22.7448 75.3928 5.72205e-07
    endloop
  endfacet
  facet normal -0 0 -1
    outer loop
      vertex -22.7448 75.3928 5.72205e-07
      vertex -27.4697 66.2077 5.72205e-07
      vertex -22.9113 75.6706 5.72205e-07
    endloop
  endfacet
  facet normal 0 0 -1
    outer loop
      vertex -31.7374 67.1148 5.72205e-07
      vertex -22.9113 75.6706 5.72205e-07
      vertex -27.4697 66.2077 5.72205e-07
    endloop
  endfacet
  facet normal -0 0 -1
    outer loop
      vertex -22.9113 75.6706 5.72205e-07
      vertex -31.7374 67.1148 5.72205e-07
      vertex -23.0498 75.9634 5.72205e-07
    endloop
  endfacet
  facet normal -0 0 -1
    outer loop
      vertex -23.0498 75.9634 5.72205e-07
      vertex -31.7374 67.1148 5.72205e-07
      vertex -23.1589 76.2683 5.72205e-07
    endloop
  endfacet
  facet normal -0 0 -1
    outer loop
      vertex -23.1589 76.2683 5.72205e-07
      vertex -31.7374 67.1148 5.72205e-07
      vertex -23.2375 76.5824 5.72205e-07
    endloop
  endfacet
  facet normal -0 0 -1
    outer loop
      vertex -23.2375 76.5824 5.72205e-07
      vertex -31.7374 67.1148 5.72205e-07
      vertex -23.2851 76.9028 5.72205e-07
    endloop
  endfacet
  facet normal 0 0 -1
    outer loop
      vertex -36.0343 67.8725 5.72205e-07
      vertex -23.2851 76.9028 5.72205e-07
      vertex -31.7374 67.1148 5.72205e-07
    endloop
  endfacet
  facet normal -0 0 -1
    outer loop
      vertex -23.2851 76.9028 5.72205e-07
      vertex -36.0343 67.8725 5.72205e-07
      vertex -23.301 77.2262 5.72205e-07
    endloop
  endfacet
  facet normal 0 0 -1
    outer loop
      vertex -23.301 77.2262 5.72205e-07
      vertex -32.1234 92.5647 5.72205e-07
      vertex -26.9672 91.6555 5.72205e-07
    endloop
  endfacet
  facet normal -0 0 -1
    outer loop
      vertex -23.301 77.2262 5.72205e-07
      vertex -36.0343 67.8725 5.72205e-07
      vertex -32.1234 92.5647 5.72205e-07
    endloop
  endfacet
  facet normal 0 0 -1
    outer loop
      vertex -36.0343 67.8725 5.72205e-07
      vertex -37.3082 93.2934 5.72205e-07
      vertex -32.1234 92.5647 5.72205e-07
    endloop
  endfacet
  facet normal 0 0 -1
    outer loop
      vertex -40.3549 68.4797 5.72205e-07
      vertex -37.3082 93.2934 5.72205e-07
      vertex -36.0343 67.8725 5.72205e-07
    endloop
  endfacet
  facet normal 0 0 -1
    outer loop
      vertex -40.3549 68.4797 5.72205e-07
      vertex -42.5152 93.8406 5.72205e-07
      vertex -37.3082 93.2934 5.72205e-07
    endloop
  endfacet
  facet normal 0 0 -1
    outer loop
      vertex -44.6941 68.9358 5.72205e-07
      vertex -42.5152 93.8406 5.72205e-07
      vertex -40.3549 68.4797 5.72205e-07
    endloop
  endfacet
  facet normal 0 0 -1
    outer loop
      vertex -44.6941 68.9358 5.72205e-07
      vertex -47.7382 94.2059 5.72205e-07
      vertex -42.5152 93.8406 5.72205e-07
    endloop
  endfacet
  facet normal 0 0 -1
    outer loop
      vertex -49.0466 69.2401 5.72205e-07
      vertex -47.7382 94.2059 5.72205e-07
      vertex -44.6941 68.9358 5.72205e-07
    endloop
  endfacet
  facet normal 0 0 -1
    outer loop
      vertex -49.0466 69.2401 5.72205e-07
      vertex -52.9707 94.3886 5.72205e-07
      vertex -47.7382 94.2059 5.72205e-07
    endloop
  endfacet
  facet normal 0 0 -1
    outer loop
      vertex -53.407 69.3924 5.72205e-07
      vertex -52.9707 94.3886 5.72205e-07
      vertex -49.0466 69.2401 5.72205e-07
    endloop
  endfacet
  facet normal 0 0 -1
    outer loop
      vertex -57.7701 69.3924 5.72205e-07
      vertex -52.9707 94.3886 5.72205e-07
      vertex -53.407 69.3924 5.72205e-07
    endloop
  endfacet
  facet normal 0 0 -1
    outer loop
      vertex -57.7701 69.3924 5.72205e-07
      vertex -58.2064 94.3886 5.72205e-07
      vertex -52.9707 94.3886 5.72205e-07
    endloop
  endfacet
  facet normal 0 0 -1
    outer loop
      vertex -62.1306 69.2401 5.72205e-07
      vertex -58.2064 94.3886 5.72205e-07
      vertex -57.7701 69.3924 5.72205e-07
    endloop
  endfacet
  facet normal 0 0 -1
    outer loop
      vertex -62.1306 69.2401 5.72205e-07
      vertex -63.439 94.2059 5.72205e-07
      vertex -58.2064 94.3886 5.72205e-07
    endloop
  endfacet
  facet normal 0 0 -1
    outer loop
      vertex -66.483 68.9358 5.72205e-07
      vertex -63.439 94.2059 5.72205e-07
      vertex -62.1306 69.2401 5.72205e-07
    endloop
  endfacet
  facet normal 0 0 -1
    outer loop
      vertex -66.483 68.9358 5.72205e-07
      vertex -68.6619 93.8406 5.72205e-07
      vertex -63.439 94.2059 5.72205e-07
    endloop
  endfacet
  facet normal 0 0 -1
    outer loop
      vertex -70.8222 68.4797 5.72205e-07
      vertex -68.6619 93.8406 5.72205e-07
      vertex -66.483 68.9358 5.72205e-07
    endloop
  endfacet
  facet normal 0 0 -1
    outer loop
      vertex -70.8222 68.4797 5.72205e-07
      vertex -73.869 93.2934 5.72205e-07
      vertex -68.6619 93.8406 5.72205e-07
    endloop
  endfacet
  facet normal 0 0 -1
    outer loop
      vertex -75.1429 67.8725 5.72205e-07
      vertex -73.869 93.2934 5.72205e-07
      vertex -70.8222 68.4797 5.72205e-07
    endloop
  endfacet
  facet normal 0 0 -1
    outer loop
      vertex -75.1429 67.8725 5.72205e-07
      vertex -79.0537 92.5647 5.72205e-07
      vertex -73.869 93.2934 5.72205e-07
    endloop
  endfacet
  facet normal 0 0 -1
    outer loop
      vertex -90.3997 74.3285 5.72205e-07
      vertex -75.1429 67.8725 5.72205e-07
      vertex -79.4397 67.1148 5.72205e-07
    endloop
  endfacet
  facet normal 0 0 -1
    outer loop
      vertex -90.3997 74.3285 5.72205e-07
      vertex -79.4397 67.1148 5.72205e-07
      vertex -83.7075 66.2077 5.72205e-07
    endloop
  endfacet
  facet normal 0 0 -1
    outer loop
      vertex -75.1429 67.8725 5.72205e-07
      vertex -90.3997 74.3285 5.72205e-07
      vertex -79.0537 92.5647 5.72205e-07
    endloop
  endfacet
  facet normal 0 0 -1
    outer loop
      vertex -90.3997 74.3285 5.72205e-07
      vertex -83.7075 66.2077 5.72205e-07
      vertex -87.9409 65.1522 5.72205e-07
    endloop
  endfacet
  facet normal 0 0 -1
    outer loop
      vertex -79.0537 92.5647 5.72205e-07
      vertex -90.3997 74.3285 5.72205e-07
      vertex -84.2099 91.6555 5.72205e-07
    endloop
  endfacet
  facet normal 0 0 -1
    outer loop
      vertex -91.9526 80.124 5.72205e-07
      vertex -84.2099 91.6555 5.72205e-07
      vertex -90.3997 74.3285 5.72205e-07
    endloop
  endfacet
  facet normal 0 0 -1
    outer loop
      vertex -84.2099 91.6555 5.72205e-07
      vertex -91.9526 80.124 5.72205e-07
      vertex -89.3312 90.5669 5.72205e-07
    endloop
  endfacet
  facet normal 0 0 -1
    outer loop
      vertex -89.3312 90.5669 5.72205e-07
      vertex -91.9526 80.124 5.72205e-07
      vertex -94.4114 89.3003 5.72205e-07
    endloop
  endfacet
  facet normal 0 0 -1
    outer loop
      vertex 65.1522 -23.2362 5.72205e-07
      vertex 74.3159 -21.5566 5.72205e-07
      vertex 66.2077 -27.4697 5.72205e-07
    endloop
  endfacet
  facet normal 0 0 -1
    outer loop
      vertex 68.9358 -44.6941 5.72205e-07
      vertex 93.8406 -42.5152 5.72205e-07
      vertex 69.2401 -49.0466 5.72205e-07
    endloop
  endfacet
  facet normal 0 0 -1
    outer loop
      vertex 65.1522 -87.9409 5.72205e-07
      vertex 73.6792 -83.7553 5.72205e-07
      vertex 74.0739 -90.3315 5.72205e-07
    endloop
  endfacet
  facet normal 0 0 -1
    outer loop
      vertex 94.2059 -63.439 5.72205e-07
      vertex 69.2401 -62.1306 5.72205e-07
      vertex 69.3924 -57.7701 5.72205e-07
    endloop
  endfacet
  facet normal 0 0 -1
    outer loop
      vertex 93.8406 -68.6619 5.72205e-07
      vertex 68.9358 -66.483 5.72205e-07
      vertex 69.2401 -62.1306 5.72205e-07
    endloop
  endfacet
  facet normal 0 0 -1
    outer loop
      vertex 93.2934 -73.869 5.72205e-07
      vertex 68.4797 -70.8222 5.72205e-07
      vertex 68.9358 -66.483 5.72205e-07
    endloop
  endfacet
  facet normal 0 0 -1
    outer loop
      vertex 73.6792 -83.7553 5.72205e-07
      vertex 67.8725 -75.1429 5.72205e-07
      vertex 68.4797 -70.8222 5.72205e-07
    endloop
  endfacet
  facet normal 0 0 -1
    outer loop
      vertex 73.6792 -83.7553 5.72205e-07
      vertex 67.1148 -79.4397 5.72205e-07
      vertex 67.8725 -75.1429 5.72205e-07
    endloop
  endfacet
  facet normal 0 0 -1
    outer loop
      vertex 73.6792 -83.7553 5.72205e-07
      vertex 66.2077 -83.7075 5.72205e-07
      vertex 67.1148 -79.4397 5.72205e-07
    endloop
  endfacet
  facet normal -0 0 -1
    outer loop
      vertex 73.6792 -83.7553 5.72205e-07
      vertex 65.1522 -87.9409 5.72205e-07
      vertex 66.2077 -83.7075 5.72205e-07
    endloop
  endfacet
  facet normal -0 0 -1
    outer loop
      vertex 74.4824 -21.8343 5.72205e-07
      vertex 66.2077 -27.4697 5.72205e-07
      vertex 74.3159 -21.5566 5.72205e-07
    endloop
  endfacet
  facet normal -0 0 -1
    outer loop
      vertex 74.3159 -21.5566 5.72205e-07
      vertex 65.1522 -23.2362 5.72205e-07
      vertex 74.1774 -21.2638 5.72205e-07
    endloop
  endfacet
  facet normal -0 0 -1
    outer loop
      vertex 74.1774 -21.2638 5.72205e-07
      vertex 65.1522 -23.2362 5.72205e-07
      vertex 74.0683 -20.9589 5.72205e-07
    endloop
  endfacet
  facet normal -0 0 -1
    outer loop
      vertex 74.0683 -20.9589 5.72205e-07
      vertex 65.1522 -23.2362 5.72205e-07
      vertex 73.9896 -20.6448 5.72205e-07
    endloop
  endfacet
  facet normal -0 0 -1
    outer loop
      vertex 73.9896 -20.6448 5.72205e-07
      vertex 65.1522 -23.2362 5.72205e-07
      vertex 73.9421 -20.3244 5.72205e-07
    endloop
  endfacet
  facet normal -0 0 -1
    outer loop
      vertex 73.9421 -20.3244 5.72205e-07
      vertex 65.1522 -23.2362 5.72205e-07
      vertex 73.9262 -20.001 5.72205e-07
    endloop
  endfacet
  facet normal 0 0 -1
    outer loop
      vertex 63.9495 -19.0421 5.72205e-07
      vertex 73.9262 -20.001 5.72205e-07
      vertex 65.1522 -23.2362 5.72205e-07
    endloop
  endfacet
  facet normal -0 0 -1
    outer loop
      vertex 74.3159 -18.4453 5.72205e-07
      vertex 63.9495 -19.0421 5.72205e-07
      vertex 62.6012 -14.8926 5.72205e-07
    endloop
  endfacet
  facet normal 0 0 -1
    outer loop
      vertex 75.3928 -17.2571 5.72205e-07
      vertex 62.6012 -14.8926 5.72205e-07
      vertex 61.109 -10.7926 5.72205e-07
    endloop
  endfacet
  facet normal 0 0 -1
    outer loop
      vertex 82.4872 3.0211 5.72205e-07
      vertex 61.109 -10.7926 5.72205e-07
      vertex 59.4745 -6.74718 5.72205e-07
    endloop
  endfacet
  facet normal 0 0 -1
    outer loop
      vertex 55.7872 1.16024 5.72205e-07
      vertex 78.0624 12.51 5.72205e-07
      vertex 57.6999 -2.76129 5.72205e-07
    endloop
  endfacet
  facet normal -0 0 -1
    outer loop
      vertex 78.0624 12.51 5.72205e-07
      vertex 55.7872 1.16024 5.72205e-07
      vertex 75.6044 17.1329 5.72205e-07
    endloop
  endfacet
  facet normal 0 0 -1
    outer loop
      vertex 53.7389 5.01263 5.72205e-07
      vertex 75.6044 17.1329 5.72205e-07
      vertex 55.7872 1.16024 5.72205e-07
    endloop
  endfacet
  facet normal -0 0 -1
    outer loop
      vertex 75.6044 17.1329 5.72205e-07
      vertex 53.7389 5.01263 5.72205e-07
      vertex 72.9865 21.6671 5.72205e-07
    endloop
  endfacet
  facet normal 0 0 -1
    outer loop
      vertex 51.5573 8.79119 5.72205e-07
      vertex 72.9865 21.6671 5.72205e-07
      vertex 53.7389 5.01263 5.72205e-07
    endloop
  endfacet
  facet normal -0 0 -1
    outer loop
      vertex 72.9865 21.6671 5.72205e-07
      vertex 51.5573 8.79119 5.72205e-07
      vertex 70.212 26.1073 5.72205e-07
    endloop
  endfacet
  facet normal 0 0 -1
    outer loop
      vertex 49.2453 12.4913 5.72205e-07
      vertex 70.212 26.1073 5.72205e-07
      vertex 51.5573 8.79119 5.72205e-07
    endloop
  endfacet
  facet normal -0 0 -1
    outer loop
      vertex 70.212 26.1073 5.72205e-07
      vertex 49.2453 12.4913 5.72205e-07
      vertex 67.2842 30.4479 5.72205e-07
    endloop
  endfacet
  facet normal 0 0 -1
    outer loop
      vertex 46.8054 16.1085 5.72205e-07
      vertex 67.2842 30.4479 5.72205e-07
      vertex 49.2453 12.4913 5.72205e-07
    endloop
  endfacet
  facet normal -0 0 -1
    outer loop
      vertex 67.2842 30.4479 5.72205e-07
      vertex 46.8054 16.1085 5.72205e-07
      vertex 64.2068 34.6837 5.72205e-07
    endloop
  endfacet
  facet normal 0 0 -1
    outer loop
      vertex 44.2409 19.6383 5.72205e-07
      vertex 64.2068 34.6837 5.72205e-07
      vertex 46.8054 16.1085 5.72205e-07
    endloop
  endfacet
  facet normal -0 0 -1
    outer loop
      vertex 64.2068 34.6837 5.72205e-07
      vertex 44.2409 19.6383 5.72205e-07
      vertex 60.9833 38.8095 5.72205e-07
    endloop
  endfacet
  facet normal 0 0 -1
    outer loop
      vertex 41.5547 23.0765 5.72205e-07
      vertex 60.9833 38.8095 5.72205e-07
      vertex 44.2409 19.6383 5.72205e-07
    endloop
  endfacet
  facet normal -0 0 -1
    outer loop
      vertex 60.9833 38.8095 5.72205e-07
      vertex 41.5547 23.0765 5.72205e-07
      vertex 57.6179 42.8203 5.72205e-07
    endloop
  endfacet
  facet normal 0 0 -1
    outer loop
      vertex 38.7501 26.4188 5.72205e-07
      vertex 57.6179 42.8203 5.72205e-07
      vertex 41.5547 23.0765 5.72205e-07
    endloop
  endfacet
  facet normal -0 0 -1
    outer loop
      vertex 57.6179 42.8203 5.72205e-07
      vertex 38.7501 26.4188 5.72205e-07
      vertex 54.1145 46.7112 5.72205e-07
    endloop
  endfacet
  facet normal 0 0 -1
    outer loop
      vertex 35.8306 29.6612 5.72205e-07
      vertex 54.1145 46.7112 5.72205e-07
      vertex 38.7501 26.4188 5.72205e-07
    endloop
  endfacet
  facet normal -0 0 -1
    outer loop
      vertex 54.1145 46.7112 5.72205e-07
      vertex 35.8306 29.6612 5.72205e-07
      vertex 50.4774 50.4774 5.72205e-07
    endloop
  endfacet
  facet normal 0 0 -1
    outer loop
      vertex 32.7998 32.7998 5.72205e-07
      vertex 50.4774 50.4774 5.72205e-07
      vertex 35.8306 29.6612 5.72205e-07
    endloop
  endfacet
  facet normal -0 0 -1
    outer loop
      vertex 50.4774 50.4774 5.72205e-07
      vertex 32.7998 32.7998 5.72205e-07
      vertex 46.7112 54.1145 5.72205e-07
    endloop
  endfacet
  facet normal 0 0 -1
    outer loop
      vertex 29.6612 35.8306 5.72205e-07
      vertex 46.7112 54.1145 5.72205e-07
      vertex 32.7998 32.7998 5.72205e-07
    endloop
  endfacet
  facet normal -0 0 -1
    outer loop
      vertex 46.7112 54.1145 5.72205e-07
      vertex 29.6612 35.8306 5.72205e-07
      vertex 42.8203 57.6179 5.72205e-07
    endloop
  endfacet
  facet normal 0 0 -1
    outer loop
      vertex 26.4188 38.7501 5.72205e-07
      vertex 42.8203 57.6179 5.72205e-07
      vertex 29.6612 35.8306 5.72205e-07
    endloop
  endfacet
  facet normal -0 0 -1
    outer loop
      vertex 42.8203 57.6179 5.72205e-07
      vertex 26.4188 38.7501 5.72205e-07
      vertex 38.8095 60.9833 5.72205e-07
    endloop
  endfacet
  facet normal 0 0 -1
    outer loop
      vertex 23.0765 41.5547 5.72205e-07
      vertex 38.8095 60.9833 5.72205e-07
      vertex 26.4188 38.7501 5.72205e-07
    endloop
  endfacet
  facet normal -0 0 -1
    outer loop
      vertex 38.8095 60.9833 5.72205e-07
      vertex 23.0765 41.5547 5.72205e-07
      vertex 34.6837 64.2068 5.72205e-07
    endloop
  endfacet
  facet normal 0 0 -1
    outer loop
      vertex 19.6383 44.2409 5.72205e-07
      vertex 34.6837 64.2068 5.72205e-07
      vertex 23.0765 41.5547 5.72205e-07
    endloop
  endfacet
  facet normal -0 0 -1
    outer loop
      vertex 34.6837 64.2068 5.72205e-07
      vertex 19.6383 44.2409 5.72205e-07
      vertex 30.4479 67.2842 5.72205e-07
    endloop
  endfacet
  facet normal 0 0 -1
    outer loop
      vertex 16.1085 46.8054 5.72205e-07
      vertex 30.4479 67.2842 5.72205e-07
      vertex 19.6383 44.2409 5.72205e-07
    endloop
  endfacet
  facet normal -0 0 -1
    outer loop
      vertex 30.4479 67.2842 5.72205e-07
      vertex 16.1085 46.8054 5.72205e-07
      vertex 26.1073 70.212 5.72205e-07
    endloop
  endfacet
  facet normal 0 0 -1
    outer loop
      vertex 12.4913 49.2453 5.72205e-07
      vertex 26.1073 70.212 5.72205e-07
      vertex 16.1085 46.8054 5.72205e-07
    endloop
  endfacet
  facet normal -0 0 -1
    outer loop
      vertex 26.1073 70.212 5.72205e-07
      vertex 12.4913 49.2453 5.72205e-07
      vertex 21.6671 72.9865 5.72205e-07
    endloop
  endfacet
  facet normal 0 0 -1
    outer loop
      vertex 8.79119 51.5573 5.72205e-07
      vertex 21.6671 72.9865 5.72205e-07
      vertex 12.4913 49.2453 5.72205e-07
    endloop
  endfacet
  facet normal -0 0 -1
    outer loop
      vertex 21.6671 72.9865 5.72205e-07
      vertex 8.79119 51.5573 5.72205e-07
      vertex 17.1329 75.6044 5.72205e-07
    endloop
  endfacet
  facet normal 0 0 -1
    outer loop
      vertex 5.01263 53.7389 5.72205e-07
      vertex 17.1329 75.6044 5.72205e-07
      vertex 8.79119 51.5573 5.72205e-07
    endloop
  endfacet
  facet normal -0 0 -1
    outer loop
      vertex 17.1329 75.6044 5.72205e-07
      vertex 5.01263 53.7389 5.72205e-07
      vertex 12.51 78.0624 5.72205e-07
    endloop
  endfacet
  facet normal 0 0 -1
    outer loop
      vertex 1.16024 55.7872 5.72205e-07
      vertex 12.51 78.0624 5.72205e-07
      vertex 5.01263 53.7389 5.72205e-07
    endloop
  endfacet
  facet normal -0 0 -1
    outer loop
      vertex 12.51 78.0624 5.72205e-07
      vertex 1.16024 55.7872 5.72205e-07
      vertex 7.80417 80.3576 5.72205e-07
    endloop
  endfacet
  facet normal 0 0 -1
    outer loop
      vertex -2.76129 57.6999 5.72205e-07
      vertex 7.80417 80.3576 5.72205e-07
      vertex 1.16024 55.7872 5.72205e-07
    endloop
  endfacet
  facet normal -0 0 -1
    outer loop
      vertex 7.80417 80.3576 5.72205e-07
      vertex -2.76129 57.6999 5.72205e-07
      vertex 3.0211 82.4872 5.72205e-07
    endloop
  endfacet
  facet normal 0 0 -1
    outer loop
      vertex -6.74718 59.4745 5.72205e-07
      vertex 3.0211 82.4872 5.72205e-07
      vertex -2.76129 57.6999 5.72205e-07
    endloop
  endfacet
  facet normal -0 0 -1
    outer loop
      vertex 3.0211 82.4872 5.72205e-07
      vertex -6.74718 59.4745 5.72205e-07
      vertex -1.83338 84.4485 5.72205e-07
    endloop
  endfacet
  facet normal 0 0 -1
    outer loop
      vertex -10.7926 61.109 5.72205e-07
      vertex -1.83338 84.4485 5.72205e-07
      vertex -6.74718 59.4745 5.72205e-07
    endloop
  endfacet
  facet normal 0 0 -1
    outer loop
      vertex -16.7168 76.9028 5.72205e-07
      vertex -1.83338 84.4485 5.72205e-07
      vertex -10.7926 61.109 5.72205e-07
    endloop
  endfacet
  facet normal -0 0 -1
    outer loop
      vertex -1.83338 84.4485 5.72205e-07
      vertex -16.701 77.2262 5.72205e-07
      vertex -6.75335 86.2392 5.72205e-07
    endloop
  endfacet
  facet normal 0 0 -1
    outer loop
      vertex -17.2571 75.3928 5.72205e-07
      vertex -10.7926 61.109 5.72205e-07
      vertex -14.8926 62.6012 5.72205e-07
    endloop
  endfacet
  facet normal 0 0 -1
    outer loop
      vertex -16.7168 77.5497 5.72205e-07
      vertex -6.75335 86.2392 5.72205e-07
      vertex -16.701 77.2262 5.72205e-07
    endloop
  endfacet
  facet normal 0 0 -1
    outer loop
      vertex -16.7644 77.87 5.72205e-07
      vertex -6.75335 86.2392 5.72205e-07
      vertex -16.7168 77.5497 5.72205e-07
    endloop
  endfacet
  facet normal 0 0 -1
    outer loop
      vertex -16.8431 78.1842 5.72205e-07
      vertex -6.75335 86.2392 5.72205e-07
      vertex -16.7644 77.87 5.72205e-07
    endloop
  endfacet
  facet normal 0 0 -1
    outer loop
      vertex -16.9522 78.4891 5.72205e-07
      vertex -6.75335 86.2392 5.72205e-07
      vertex -16.8431 78.1842 5.72205e-07
    endloop
  endfacet
  facet normal -0 0 -1
    outer loop
      vertex -6.75335 86.2392 5.72205e-07
      vertex -16.9522 78.4891 5.72205e-07
      vertex -11.7328 87.8571 5.72205e-07
    endloop
  endfacet
  facet normal 0 0 -1
    outer loop
      vertex -17.0906 78.7818 5.72205e-07
      vertex -11.7328 87.8571 5.72205e-07
      vertex -16.9522 78.4891 5.72205e-07
    endloop
  endfacet
  facet normal 0 0 -1
    outer loop
      vertex -17.2571 79.0596 5.72205e-07
      vertex -11.7328 87.8571 5.72205e-07
      vertex -17.0906 78.7818 5.72205e-07
    endloop
  endfacet
  facet normal 0 0 -1
    outer loop
      vertex -17.45 79.3197 5.72205e-07
      vertex -11.7328 87.8571 5.72205e-07
      vertex -17.2571 79.0596 5.72205e-07
    endloop
  endfacet
  facet normal 0 0 -1
    outer loop
      vertex -17.6675 79.5597 5.72205e-07
      vertex -11.7328 87.8571 5.72205e-07
      vertex -17.45 79.3197 5.72205e-07
    endloop
  endfacet
  facet normal 0 0 -1
    outer loop
      vertex -17.9075 79.7772 5.72205e-07
      vertex -11.7328 87.8571 5.72205e-07
      vertex -17.6675 79.5597 5.72205e-07
    endloop
  endfacet
  facet normal 0 0 -1
    outer loop
      vertex -18.1676 79.9701 5.72205e-07
      vertex -11.7328 87.8571 5.72205e-07
      vertex -17.9075 79.7772 5.72205e-07
    endloop
  endfacet
  facet normal -0 0 -1
    outer loop
      vertex -11.7328 87.8571 5.72205e-07
      vertex -18.1676 79.9701 5.72205e-07
      vertex -16.7657 89.3003 5.72205e-07
    endloop
  endfacet
  facet normal 0 0 -1
    outer loop
      vertex -18.4453 80.1366 5.72205e-07
      vertex -16.7657 89.3003 5.72205e-07
      vertex -18.1676 79.9701 5.72205e-07
    endloop
  endfacet
  facet normal 0 0 -1
    outer loop
      vertex -18.7381 80.275 5.72205e-07
      vertex -16.7657 89.3003 5.72205e-07
      vertex -18.4453 80.1366 5.72205e-07
    endloop
  endfacet
  facet normal 0 0 -1
    outer loop
      vertex -19.043 80.3841 5.72205e-07
      vertex -16.7657 89.3003 5.72205e-07
      vertex -18.7381 80.275 5.72205e-07
    endloop
  endfacet
  facet normal 0 0 -1
    outer loop
      vertex -19.3572 80.4628 5.72205e-07
      vertex -16.7657 89.3003 5.72205e-07
      vertex -19.043 80.3841 5.72205e-07
    endloop
  endfacet
  facet normal 0 0 -1
    outer loop
      vertex -19.6775 80.5103 5.72205e-07
      vertex -16.7657 89.3003 5.72205e-07
      vertex -19.3572 80.4628 5.72205e-07
    endloop
  endfacet
  facet normal 0 0 -1
    outer loop
      vertex -20.001 80.5262 5.72205e-07
      vertex -16.7657 89.3003 5.72205e-07
      vertex -19.6775 80.5103 5.72205e-07
    endloop
  endfacet
  facet normal 0 0 -1
    outer loop
      vertex -20.3244 80.5103 5.72205e-07
      vertex -16.7657 89.3003 5.72205e-07
      vertex -20.001 80.5262 5.72205e-07
    endloop
  endfacet
  facet normal 0 0 -1
    outer loop
      vertex -21.8459 90.5669 5.72205e-07
      vertex -20.3244 80.5103 5.72205e-07
      vertex -20.6448 80.4628 5.72205e-07
    endloop
  endfacet
  facet normal 0 0 -1
    outer loop
      vertex -21.8459 90.5669 5.72205e-07
      vertex -20.6448 80.4628 5.72205e-07
      vertex -20.9589 80.3841 5.72205e-07
    endloop
  endfacet
  facet normal 0 0 -1
    outer loop
      vertex -21.8459 90.5669 5.72205e-07
      vertex -20.9589 80.3841 5.72205e-07
      vertex -21.2638 80.275 5.72205e-07
    endloop
  endfacet
  facet normal 0 0 -1
    outer loop
      vertex -21.8459 90.5669 5.72205e-07
      vertex -21.2638 80.275 5.72205e-07
      vertex -21.5566 80.1366 5.72205e-07
    endloop
  endfacet
  facet normal 0 0 -1
    outer loop
      vertex -21.8459 90.5669 5.72205e-07
      vertex -21.5566 80.1366 5.72205e-07
      vertex -21.8343 79.9701 5.72205e-07
    endloop
  endfacet
  facet normal 0 0 -1
    outer loop
      vertex -20.3244 80.5103 5.72205e-07
      vertex -21.8459 90.5669 5.72205e-07
      vertex -16.7657 89.3003 5.72205e-07
    endloop
  endfacet
  facet normal 0 0 -1
    outer loop
      vertex -26.9672 91.6555 5.72205e-07
      vertex -21.8343 79.9701 5.72205e-07
      vertex -22.0944 79.7772 5.72205e-07
    endloop
  endfacet
  facet normal 0 0 -1
    outer loop
      vertex -26.9672 91.6555 5.72205e-07
      vertex -22.0944 79.7772 5.72205e-07
      vertex -22.3344 79.5597 5.72205e-07
    endloop
  endfacet
  facet normal 0 0 -1
    outer loop
      vertex -26.9672 91.6555 5.72205e-07
      vertex -22.3344 79.5597 5.72205e-07
      vertex -22.5519 79.3197 5.72205e-07
    endloop
  endfacet
  facet normal 0 0 -1
    outer loop
      vertex -26.9672 91.6555 5.72205e-07
      vertex -22.5519 79.3197 5.72205e-07
      vertex -22.7448 79.0596 5.72205e-07
    endloop
  endfacet
  facet normal 0 0 -1
    outer loop
      vertex -26.9672 91.6555 5.72205e-07
      vertex -22.7448 79.0596 5.72205e-07
      vertex -22.9113 78.7818 5.72205e-07
    endloop
  endfacet
  facet normal 0 0 -1
    outer loop
      vertex -26.9672 91.6555 5.72205e-07
      vertex -22.9113 78.7818 5.72205e-07
      vertex -23.0498 78.4891 5.72205e-07
    endloop
  endfacet
  facet normal 0 0 -1
    outer loop
      vertex -26.9672 91.6555 5.72205e-07
      vertex -23.0498 78.4891 5.72205e-07
      vertex -23.1589 78.1842 5.72205e-07
    endloop
  endfacet
  facet normal 0 0 -1
    outer loop
      vertex -26.9672 91.6555 5.72205e-07
      vertex -23.1589 78.1842 5.72205e-07
      vertex -23.2375 77.87 5.72205e-07
    endloop
  endfacet
  facet normal 0 0 -1
    outer loop
      vertex -26.9672 91.6555 5.72205e-07
      vertex -23.2375 77.87 5.72205e-07
      vertex -23.2851 77.5497 5.72205e-07
    endloop
  endfacet
  facet normal 0 0 -1
    outer loop
      vertex -21.8343 79.9701 5.72205e-07
      vertex -26.9672 91.6555 5.72205e-07
      vertex -21.8459 90.5669 5.72205e-07
    endloop
  endfacet
  facet normal 0 0 -1
    outer loop
      vertex -26.9672 91.6555 5.72205e-07
      vertex -23.2851 77.5497 5.72205e-07
      vertex -23.301 77.2262 5.72205e-07
    endloop
  endfacet
  facet normal 0.984806 -0.173657 0
    outer loop
      vertex 92.2319 -80.941 15.935
      vertex 92.5647 -79.0537 5.72205e-07
      vertex 92.5647 -79.0537 15.9399
    endloop
  endfacet
  facet normal 0.984807 -0.173652 5.08148e-07
    outer loop
      vertex 91.6555 -84.2099 5.72205e-07
      vertex 92.2319 -80.941 15.935
      vertex 91.8828 -82.9208 15.93
    endloop
  endfacet
  facet normal 0.984808 -0.173646 0
    outer loop
      vertex 91.6555 -84.2099 5.72205e-07
      vertex 91.8828 -82.9208 15.93
      vertex 91.6555 -84.2099 15.9465
    endloop
  endfacet
  facet normal 0.984807 -0.173652 6.0169e-07
    outer loop
      vertex 92.2319 -80.941 15.935
      vertex 91.6555 -84.2099 5.72205e-07
      vertex 92.5647 -79.0537 5.72205e-07
    endloop
  endfacet
  facet normal -0.669143 -0.743133 0
    outer loop
      vertex 26.4188 38.7501 5.72205e-07
      vertex 27.843 37.4677 3.00171
      vertex 26.4188 38.7501 3.01288
    endloop
  endfacet
  facet normal -0.668965 -0.743294 -0.000152956
    outer loop
      vertex 27.843 37.4677 3.00171
      vertex 26.4188 38.7501 5.72205e-07
      vertex 28.04 37.2904 3.00016
    endloop
  endfacet
  facet normal -0.669134 -0.743141 1.2385e-05
    outer loop
      vertex 29.6612 35.8306 5.72205e-07
      vertex 28.04 37.2904 3.00016
      vertex 26.4188 38.7501 5.72205e-07
    endloop
  endfacet
  facet normal -0.669173 -0.743107 -2.53902e-05
    outer loop
      vertex 28.04 37.2904 3.00016
      vertex 29.6612 35.8306 5.72205e-07
      vertex 28.237 37.113 3.00171
    endloop
  endfacet
  facet normal -0.669143 -0.743133 0
    outer loop
      vertex 28.237 37.113 3.00171
      vertex 29.6612 35.8306 5.72205e-07
      vertex 29.6612 35.8306 3.01288
    endloop
  endfacet
  facet normal -0.694622 -0.719375 -0
    outer loop
      vertex 29.6612 35.8306 3.01288
      vertex 29.6612 35.8306 5.72205e-07
      vertex 30.4459 35.0729 3.00228
    endloop
  endfacet
  facet normal -0.694689 -0.71931 3.37734e-05
    outer loop
      vertex 29.6612 35.8306 5.72205e-07
      vertex 30.6358 34.8895 3.0028
      vertex 30.4459 35.0729 3.00228
    endloop
  endfacet
  facet normal -0.694645 -0.719352 6.1993e-06
    outer loop
      vertex 30.6358 34.8895 3.0028
      vertex 29.6612 35.8306 5.72205e-07
      vertex 32.7998 32.7998 5.72205e-07
    endloop
  endfacet
  facet normal -0.69465 -0.719348 0
    outer loop
      vertex 30.6358 34.8895 3.0028
      vertex 32.7998 32.7998 5.72205e-07
      vertex 32.7998 32.7998 3.00864
    endloop
  endfacet
  facet normal -0.207931 -0.978144 3.15381e-05
    outer loop
      vertex -29.8628 66.7164 3.00171
      vertex -31.7374 67.1148 5.72205e-07
      vertex -29.6036 66.6613 3.00016
    endloop
  endfacet
  facet normal -0.207882 -0.978154 0
    outer loop
      vertex -31.7374 67.1148 5.72205e-07
      vertex -29.8628 66.7164 3.00171
      vertex -31.7374 67.1148 3.01288
    endloop
  endfacet
  facet normal -0.207906 -0.978149 1.28367e-05
    outer loop
      vertex -27.4697 66.2077 5.72205e-07
      vertex -29.6036 66.6613 3.00016
      vertex -31.7374 67.1148 5.72205e-07
    endloop
  endfacet
  facet normal -0.208214 -0.978083 -0.000216337
    outer loop
      vertex -29.6036 66.6613 3.00016
      vertex -27.4697 66.2077 5.72205e-07
      vertex -29.3443 66.6061 3.00171
    endloop
  endfacet
  facet normal -0.207882 -0.978154 0
    outer loop
      vertex -29.3443 66.6061 3.00171
      vertex -27.4697 66.2077 5.72205e-07
      vertex -27.4697 66.2077 3.01288
    endloop
  endfacet
  facet normal -0.994524 -0.104513 0
    outer loop
      vertex 68.4797 -40.3549 5.72205e-07
      vertex 68.7077 -42.5245 3.00016
      vertex 68.4797 -40.3549 3.01288
    endloop
  endfacet
  facet normal -0.994521 -0.104536 -1.65745e-05
    outer loop
      vertex 68.9358 -44.6941 5.72205e-07
      vertex 68.7077 -42.5245 3.00016
      vertex 68.4797 -40.3549 5.72205e-07
    endloop
  endfacet
  facet normal -0.994519 -0.104558 0
    outer loop
      vertex 68.7077 -42.5245 3.00016
      vertex 68.9358 -44.6941 5.72205e-07
      vertex 68.9358 -44.6941 3.01288
    endloop
  endfacet
  facet normal -0.766023 -0.642814 0
    outer loop
      vertex 38.7501 26.4188 5.72205e-07
      vertex 39.4513 25.5832 3.00228
      vertex 38.7501 26.4188 3.01288
    endloop
  endfacet
  facet normal -0.766036 -0.642798 7.40499e-06
    outer loop
      vertex 41.5547 23.0765 5.72205e-07
      vertex 39.4513 25.5832 3.00228
      vertex 38.7501 26.4188 5.72205e-07
    endloop
  endfacet
  facet normal -0.766041 -0.642792 -1.17578e-06
    outer loop
      vertex 39.4513 25.5832 3.00228
      vertex 41.5547 23.0765 5.72205e-07
      vertex 41.3883 23.2748 3.00814
    endloop
  endfacet
  facet normal -0.766032 -0.642802 0
    outer loop
      vertex 41.3883 23.2748 3.00814
      vertex 41.5547 23.0765 5.72205e-07
      vertex 41.5547 23.0765 3.00864
    endloop
  endfacet
  facet normal -0.898763 -0.438434 0
    outer loop
      vertex 55.7872 1.16024 5.72205e-07
      vertex 55.9007 0.927572 3.00814
      vertex 55.7872 1.16024 3.00864
    endloop
  endfacet
  facet normal -0.898791 -0.438378 5.42664e-06
    outer loop
      vertex 55.7872 1.16024 5.72205e-07
      vertex 57.2217 -1.78083 3.00228
      vertex 55.9007 0.927572 3.00814
    endloop
  endfacet
  facet normal -0.89879 -0.438379 3.83196e-06
    outer loop
      vertex 57.6999 -2.76129 5.72205e-07
      vertex 57.2217 -1.78083 3.00228
      vertex 55.7872 1.16024 5.72205e-07
    endloop
  endfacet
  facet normal -0.898758 -0.438446 3.09132e-05
    outer loop
      vertex 57.2217 -1.78083 3.00228
      vertex 57.6999 -2.76129 5.72205e-07
      vertex 57.3366 -2.01636 3.00483
    endloop
  endfacet
  facet normal -0.898807 -0.438345 0
    outer loop
      vertex 57.3366 -2.01636 3.00483
      vertex 57.6999 -2.76129 5.72205e-07
      vertex 57.6999 -2.76129 3.01288
    endloop
  endfacet
  facet normal -1 0 0
    outer loop
      vertex 69.3924 -53.407 5.72205e-07
      vertex 69.3924 -55.5886 3.00016
      vertex 69.3924 -53.407 3.01288
    endloop
  endfacet
  facet normal -1 0 0
    outer loop
      vertex 69.3924 -57.7701 5.72205e-07
      vertex 69.3924 -55.5886 3.00016
      vertex 69.3924 -53.407 5.72205e-07
    endloop
  endfacet
  facet normal -1 -0 0
    outer loop
      vertex 69.3924 -55.5886 3.00016
      vertex 69.3924 -57.7701 5.72205e-07
      vertex 69.3924 -57.7701 3.01288
    endloop
  endfacet
  facet normal -0.469462 -0.882953 1.10272e-05
    outer loop
      vertex 5.01263 53.7389 5.72205e-07
      vertex 3.81634 54.375 3.0028
      vertex 1.16024 55.7872 5.72205e-07
    endloop
  endfacet
  facet normal -0.469453 -0.882958 -0
    outer loop
      vertex 1.16024 55.7872 3.00864
      vertex 1.16024 55.7872 5.72205e-07
      vertex 3.81634 54.375 3.0028
    endloop
  endfacet
  facet normal -0.469613 -0.882872 -6.6056e-05
    outer loop
      vertex 3.81634 54.375 3.0028
      vertex 5.01263 53.7389 5.72205e-07
      vertex 4.04946 54.251 3.00228
    endloop
  endfacet
  facet normal -0.469392 -0.88299 2.50639e-05
    outer loop
      vertex 4.04946 54.251 3.00228
      vertex 5.01263 53.7389 5.72205e-07
      vertex 4.28084 54.128 3.00483
    endloop
  endfacet
  facet normal -0.469472 -0.882947 0
    outer loop
      vertex 4.28084 54.128 3.00483
      vertex 5.01263 53.7389 5.72205e-07
      vertex 5.01263 53.7389 3.01288
    endloop
  endfacet
  facet normal 0.13915 -0.990271 0
    outer loop
      vertex -75.1429 67.8725 5.72205e-07
      vertex -72.1639 68.2911 3.0028
      vertex -75.1429 67.8725 3.00864
    endloop
  endfacet
  facet normal 0.139165 -0.990269 -1.55537e-05
    outer loop
      vertex -70.8222 68.4797 5.72205e-07
      vertex -72.1639 68.2911 3.0028
      vertex -75.1429 67.8725 5.72205e-07
    endloop
  endfacet
  facet normal 0.139406 -0.990235 9.40948e-05
    outer loop
      vertex -72.1639 68.2911 3.0028
      vertex -70.8222 68.4797 5.72205e-07
      vertex -71.9025 68.3279 3.00228
    endloop
  endfacet
  facet normal 0.138911 -0.990305 -8.7625e-05
    outer loop
      vertex -71.9025 68.3279 3.00228
      vertex -70.8222 68.4797 5.72205e-07
      vertex -71.643 68.3643 3.00483
    endloop
  endfacet
  facet normal 0.139225 -0.990261 0
    outer loop
      vertex -71.643 68.3643 3.00483
      vertex -70.8222 68.4797 5.72205e-07
      vertex -70.8222 68.4797 3.01288
    endloop
  endfacet
  facet normal 0.0349059 -0.999391 -1.69596e-06
    outer loop
      vertex -57.7701 69.3924 5.72205e-07
      vertex -59.1242 69.3451 3.0028
      vertex -62.1306 69.2401 5.72205e-07
    endloop
  endfacet
  facet normal 0.0349042 -0.999391 0
    outer loop
      vertex -62.1306 69.2401 5.72205e-07
      vertex -59.1242 69.3451 3.0028
      vertex -62.1306 69.2401 3.00864
    endloop
  endfacet
  facet normal 0.0348405 -0.999393 -3.12415e-05
    outer loop
      vertex -59.1242 69.3451 3.0028
      vertex -57.7701 69.3924 5.72205e-07
      vertex -58.8603 69.3543 3.00228
    endloop
  endfacet
  facet normal 0.0351056 -0.999384 6.51626e-05
    outer loop
      vertex -58.8603 69.3543 3.00228
      vertex -57.7701 69.3924 5.72205e-07
      vertex -58.5984 69.3635 3.00483
    endloop
  endfacet
  facet normal 0.0348695 -0.999392 0
    outer loop
      vertex -58.5984 69.3635 3.00483
      vertex -57.7701 69.3924 5.72205e-07
      vertex -57.7701 69.3924 3.01288
    endloop
  endfacet
  facet normal -0.788165 -0.615464 0
    outer loop
      vertex 41.5547 23.0765 5.72205e-07
      vertex 41.714 22.8725 3.00814
      vertex 41.5547 23.0765 3.00864
    endloop
  endfacet
  facet normal -0.788001 -0.615674 -2.28779e-05
    outer loop
      vertex 41.5547 23.0765 5.72205e-07
      vertex 43.5693 20.4979 3.00228
      vertex 41.714 22.8725 3.00814
    endloop
  endfacet
  facet normal -0.788013 -0.615659 -2.87038e-06
    outer loop
      vertex 44.2409 19.6383 5.72205e-07
      vertex 43.5693 20.4979 3.00228
      vertex 41.5547 23.0765 5.72205e-07
    endloop
  endfacet
  facet normal -0.788008 -0.615665 0
    outer loop
      vertex 43.5693 20.4979 3.00228
      vertex 44.2409 19.6383 5.72205e-07
      vertex 44.2409 19.6383 3.01288
    endloop
  endfacet
  facet normal -0.866013 -0.500021 0
    outer loop
      vertex 51.5573 8.79119 5.72205e-07
      vertex 52.5156 7.13146 3.00171
      vertex 51.5573 8.79119 3.01288
    endloop
  endfacet
  facet normal -0.866075 -0.499913 7.9568e-05
    outer loop
      vertex 51.5573 8.79119 5.72205e-07
      vertex 52.6481 6.90191 3.00016
      vertex 52.5156 7.13146 3.00171
    endloop
  endfacet
  facet normal -0.866021 -0.500008 0
    outer loop
      vertex 53.7389 5.01263 5.72205e-07
      vertex 52.6481 6.90191 3.00016
      vertex 51.5573 8.79119 5.72205e-07
    endloop
  endfacet
  facet normal -0.866021 -0.500008 0
    outer loop
      vertex 52.6481 6.90191 3.00016
      vertex 53.7389 5.01263 5.72205e-07
      vertex 53.7389 5.01263 3.01288
    endloop
  endfacet
  facet normal -0.308999 -0.951062 -0
    outer loop
      vertex -19.0421 63.9495 3.01288
      vertex -19.0421 63.9495 5.72205e-07
      vertex -16.9673 63.2754 3.00016
    endloop
  endfacet
  facet normal -0.309026 -0.951053 2.10002e-05
    outer loop
      vertex -14.8926 62.6012 5.72205e-07
      vertex -16.9673 63.2754 3.00016
      vertex -19.0421 63.9495 5.72205e-07
    endloop
  endfacet
  facet normal -0.309054 -0.951045 0
    outer loop
      vertex -16.9673 63.2754 3.00016
      vertex -14.8926 62.6012 5.72205e-07
      vertex -14.8926 62.6012 3.01288
    endloop
  endfacet
  facet normal -0.24191 -0.970299 -0
    outer loop
      vertex -27.4697 66.2077 3.01288
      vertex -27.4697 66.2077 5.72205e-07
      vertex -26.4112 65.9438 3.00228
    endloop
  endfacet
  facet normal -0.241926 -0.970295 -1.04699e-05
    outer loop
      vertex -23.2362 65.1522 5.72205e-07
      vertex -23.4874 65.2148 3.00814
      vertex -26.4112 65.9438 3.00228
    endloop
  endfacet
  facet normal -0.241915 -0.970297 1.99248e-06
    outer loop
      vertex -23.2362 65.1522 5.72205e-07
      vertex -26.4112 65.9438 3.00228
      vertex -27.4697 66.2077 5.72205e-07
    endloop
  endfacet
  facet normal -0.241808 -0.970324 0
    outer loop
      vertex -23.4874 65.2148 3.00814
      vertex -23.2362 65.1522 5.72205e-07
      vertex -23.2362 65.1522 3.00864
    endloop
  endfacet
  facet normal -0.978154 0.207882 0
    outer loop
      vertex 67.1148 -79.4397 5.72205e-07
      vertex 66.7164 -81.3143 3.00171
      vertex 67.1148 -79.4397 3.01288
    endloop
  endfacet
  facet normal -0.97816 0.207854 -1.8355e-05
    outer loop
      vertex 67.1148 -79.4397 5.72205e-07
      vertex 66.6613 -81.5736 3.00016
      vertex 66.7164 -81.3143 3.00171
    endloop
  endfacet
  facet normal -0.97815 0.207901 1.63016e-05
    outer loop
      vertex 66.2077 -83.7075 5.72205e-07
      vertex 66.6613 -81.5736 3.00016
      vertex 67.1148 -79.4397 5.72205e-07
    endloop
  endfacet
  facet normal -0.978067 0.20829 -0.000273225
    outer loop
      vertex 66.6613 -81.5736 3.00016
      vertex 66.2077 -83.7075 5.72205e-07
      vertex 66.6061 -81.8328 3.00171
    endloop
  endfacet
  facet normal -0.978156 0.207872 0
    outer loop
      vertex 66.6061 -81.8328 3.00171
      vertex 66.2077 -83.7075 5.72205e-07
      vertex 66.2077 -83.7075 3.01288
    endloop
  endfacet
  facet normal -0.438446 -0.898758 3.09132e-05
    outer loop
      vertex -2.01636 57.3366 3.00483
      vertex -2.76129 57.6999 5.72205e-07
      vertex -1.78083 57.2217 3.00228
    endloop
  endfacet
  facet normal -0.438345 -0.898807 0
    outer loop
      vertex -2.76129 57.6999 5.72205e-07
      vertex -2.01636 57.3366 3.00483
      vertex -2.76129 57.6999 3.01288
    endloop
  endfacet
  facet normal -0.438379 -0.89879 3.83196e-06
    outer loop
      vertex 1.16024 55.7872 5.72205e-07
      vertex -1.78083 57.2217 3.00228
      vertex -2.76129 57.6999 5.72205e-07
    endloop
  endfacet
  facet normal -0.438378 -0.898791 5.42664e-06
    outer loop
      vertex -1.78083 57.2217 3.00228
      vertex 1.16024 55.7872 5.72205e-07
      vertex 0.927572 55.9007 3.00814
    endloop
  endfacet
  facet normal -0.438434 -0.898763 0
    outer loop
      vertex 0.927572 55.9007 3.00814
      vertex 1.16024 55.7872 5.72205e-07
      vertex 1.16024 55.7872 3.00864
    endloop
  endfacet
  facet normal 0.104513 -0.994524 0
    outer loop
      vertex -70.8222 68.4797 3.01288
      vertex -70.8222 68.4797 5.72205e-07
      vertex -68.6526 68.7077 3.00016
    endloop
  endfacet
  facet normal 0.104536 -0.994521 -1.65745e-05
    outer loop
      vertex -66.483 68.9358 5.72205e-07
      vertex -68.6526 68.7077 3.00016
      vertex -70.8222 68.4797 5.72205e-07
    endloop
  endfacet
  facet normal 0.104558 -0.994519 0
    outer loop
      vertex -68.6526 68.7077 3.00016
      vertex -66.483 68.9358 5.72205e-07
      vertex -66.483 68.9358 3.01288
    endloop
  endfacet
  facet normal -0.997565 -0.0697379 0
    outer loop
      vertex 68.9358 -44.6941 5.72205e-07
      vertex 68.9936 -45.5209 3.00483
      vertex 68.9358 -44.6941 3.01288
    endloop
  endfacet
  facet normal -0.997558 -0.0698365 -2.72578e-05
    outer loop
      vertex 68.9358 -44.6941 5.72205e-07
      vertex 69.0119 -45.7823 3.00228
      vertex 68.9936 -45.5209 3.00483
    endloop
  endfacet
  facet normal -0.997569 -0.0696859 2.75954e-05
    outer loop
      vertex 68.9358 -44.6941 5.72205e-07
      vertex 69.0303 -46.0457 3.0028
      vertex 69.0119 -45.7823 3.00228
    endloop
  endfacet
  facet normal -0.997565 -0.0697436 1.47845e-06
    outer loop
      vertex 69.2401 -49.0466 5.72205e-07
      vertex 69.0303 -46.0457 3.0028
      vertex 68.9358 -44.6941 5.72205e-07
    endloop
  endfacet
  facet normal -0.997565 -0.0697421 0
    outer loop
      vertex 69.0303 -46.0457 3.0028
      vertex 69.2401 -49.0466 5.72205e-07
      vertex 69.2401 -49.0466 3.00864
    endloop
  endfacet
  facet normal -0.341917 -0.93973 0
    outer loop
      vertex -14.8926 62.6012 5.72205e-07
      vertex -14.1137 62.3178 3.00483
      vertex -14.8926 62.6012 3.01288
    endloop
  endfacet
  facet normal -0.341988 -0.939704 2.07254e-05
    outer loop
      vertex -14.1137 62.3178 3.00483
      vertex -14.8926 62.6012 5.72205e-07
      vertex -13.8675 62.2282 3.00228
    endloop
  endfacet
  facet normal -0.342033 -0.939688 -6.70499e-06
    outer loop
      vertex -10.7926 61.109 5.72205e-07
      vertex -11.0358 61.1975 3.00814
      vertex -13.8675 62.2282 3.00228
    endloop
  endfacet
  facet normal -0.342004 -0.939698 2.70412e-05
    outer loop
      vertex -10.7926 61.109 5.72205e-07
      vertex -13.8675 62.2282 3.00228
      vertex -14.8926 62.6012 5.72205e-07
    endloop
  endfacet
  facet normal -0.34196 -0.939714 0
    outer loop
      vertex -11.0358 61.1975 3.00814
      vertex -10.7926 61.109 5.72205e-07
      vertex -10.7926 61.109 3.00864
    endloop
  endfacet
  facet normal -0.999391 -0.0349042 0
    outer loop
      vertex 69.2401 -49.0466 5.72205e-07
      vertex 69.3451 -52.053 3.0028
      vertex 69.2401 -49.0466 3.00864
    endloop
  endfacet
  facet normal -0.999391 -0.0349067 -2.49744e-06
    outer loop
      vertex 69.3924 -53.407 5.72205e-07
      vertex 69.3451 -52.053 3.0028
      vertex 69.2401 -49.0466 5.72205e-07
    endloop
  endfacet
  facet normal -0.999392 -0.0348537 -2.64422e-05
    outer loop
      vertex 69.3451 -52.053 3.0028
      vertex 69.3924 -53.407 5.72205e-07
      vertex 69.3543 -52.3168 3.00228
    endloop
  endfacet
  facet normal -0.999384 -0.0351056 6.51626e-05
    outer loop
      vertex 69.3543 -52.3168 3.00228
      vertex 69.3924 -53.407 5.72205e-07
      vertex 69.3635 -52.5787 3.00483
    endloop
  endfacet
  facet normal -0.999392 -0.0348695 0
    outer loop
      vertex 69.3635 -52.5787 3.00483
      vertex 69.3924 -53.407 5.72205e-07
      vertex 69.3924 -53.407 3.01288
    endloop
  endfacet
  facet normal 0.241899 -0.970301 0
    outer loop
      vertex -87.9409 65.1522 5.72205e-07
      vertex -87.6898 65.2148 3.00814
      vertex -87.9409 65.1522 3.00864
    endloop
  endfacet
  facet normal 0.241919 -0.970297 -1.73831e-06
    outer loop
      vertex -87.6898 65.2148 3.00814
      vertex -87.9409 65.1522 5.72205e-07
      vertex -84.7659 65.9438 3.00228
    endloop
  endfacet
  facet normal 0.241921 -0.970296 -4.05071e-06
    outer loop
      vertex -83.7075 66.2077 5.72205e-07
      vertex -84.7659 65.9438 3.00228
      vertex -87.9409 65.1522 5.72205e-07
    endloop
  endfacet
  facet normal 0.241932 -0.970293 0
    outer loop
      vertex -84.7659 65.9438 3.00228
      vertex -83.7075 66.2077 5.72205e-07
      vertex -83.7075 66.2077 3.01288
    endloop
  endfacet
  facet normal -0.104558 -0.994519 -0
    outer loop
      vertex -44.6941 68.9358 3.01288
      vertex -44.6941 68.9358 5.72205e-07
      vertex -42.5245 68.7077 3.00016
    endloop
  endfacet
  facet normal -0.104536 -0.994521 -1.65745e-05
    outer loop
      vertex -40.3549 68.4797 5.72205e-07
      vertex -42.5245 68.7077 3.00016
      vertex -44.6941 68.9358 5.72205e-07
    endloop
  endfacet
  facet normal -0.104513 -0.994524 0
    outer loop
      vertex -42.5245 68.7077 3.00016
      vertex -40.3549 68.4797 5.72205e-07
      vertex -40.3549 68.4797 3.01288
    endloop
  endfacet
  facet normal -0.999392 0.0348695 0
    outer loop
      vertex 69.3924 -57.7701 5.72205e-07
      vertex 69.3635 -58.5984 3.00483
      vertex 69.3924 -57.7701 3.01288
    endloop
  endfacet
  facet normal -0.999384 0.0351056 6.51626e-05
    outer loop
      vertex 69.3924 -57.7701 5.72205e-07
      vertex 69.3543 -58.8603 3.00228
      vertex 69.3635 -58.5984 3.00483
    endloop
  endfacet
  facet normal -0.999393 0.0348405 -3.12415e-05
    outer loop
      vertex 69.3924 -57.7701 5.72205e-07
      vertex 69.3451 -59.1242 3.0028
      vertex 69.3543 -58.8603 3.00228
    endloop
  endfacet
  facet normal -0.999391 0.0349059 -1.69596e-06
    outer loop
      vertex 69.2401 -62.1306 5.72205e-07
      vertex 69.3451 -59.1242 3.0028
      vertex 69.3924 -57.7701 5.72205e-07
    endloop
  endfacet
  facet normal -0.999391 0.0349042 0
    outer loop
      vertex 69.3451 -59.1242 3.0028
      vertex 69.2401 -62.1306 5.72205e-07
      vertex 69.2401 -62.1306 3.00864
    endloop
  endfacet
  facet normal -0.615665 -0.788008 -0
    outer loop
      vertex 19.6383 44.2409 3.01288
      vertex 19.6383 44.2409 5.72205e-07
      vertex 20.4979 43.5693 3.00228
    endloop
  endfacet
  facet normal -0.615674 -0.788001 -2.28779e-05
    outer loop
      vertex 23.0765 41.5547 5.72205e-07
      vertex 22.8725 41.714 3.00814
      vertex 20.4979 43.5693 3.00228
    endloop
  endfacet
  facet normal -0.615659 -0.788013 -2.87038e-06
    outer loop
      vertex 23.0765 41.5547 5.72205e-07
      vertex 20.4979 43.5693 3.00228
      vertex 19.6383 44.2409 5.72205e-07
    endloop
  endfacet
  facet normal -0.615464 -0.788165 0
    outer loop
      vertex 22.8725 41.714 3.00814
      vertex 23.0765 41.5547 5.72205e-07
      vertex 23.0765 41.5547 3.00864
    endloop
  endfacet
  facet normal 0.0698365 -0.997558 -2.72578e-05
    outer loop
      vertex -65.6562 68.9936 3.00483
      vertex -66.483 68.9358 5.72205e-07
      vertex -65.3948 69.0119 3.00228
    endloop
  endfacet
  facet normal 0.0697379 -0.997565 0
    outer loop
      vertex -66.483 68.9358 5.72205e-07
      vertex -65.6562 68.9936 3.00483
      vertex -66.483 68.9358 3.01288
    endloop
  endfacet
  facet normal 0.0697122 -0.997567 1.79956e-05
    outer loop
      vertex -66.483 68.9358 5.72205e-07
      vertex -65.1315 69.0303 3.0028
      vertex -65.3948 69.0119 3.00228
    endloop
  endfacet
  facet normal 0.0697452 -0.997565 3.07985e-06
    outer loop
      vertex -65.1315 69.0303 3.0028
      vertex -66.483 68.9358 5.72205e-07
      vertex -62.1306 69.2401 5.72205e-07
    endloop
  endfacet
  facet normal 0.0697421 -0.997565 0
    outer loop
      vertex -65.1315 69.0303 3.0028
      vertex -62.1306 69.2401 5.72205e-07
      vertex -62.1306 69.2401 3.00864
    endloop
  endfacet
  facet normal -0.500008 -0.866021 -0
    outer loop
      vertex 5.01263 53.7389 3.01288
      vertex 5.01263 53.7389 5.72205e-07
      vertex 6.90191 52.6481 3.00016
    endloop
  endfacet
  facet normal -0.500008 -0.866021 0
    outer loop
      vertex 8.79119 51.5573 5.72205e-07
      vertex 6.90191 52.6481 3.00016
      vertex 5.01263 53.7389 5.72205e-07
    endloop
  endfacet
  facet normal -0.499913 -0.866075 7.9568e-05
    outer loop
      vertex 6.90191 52.6481 3.00016
      vertex 8.79119 51.5573 5.72205e-07
      vertex 7.13146 52.5156 3.00171
    endloop
  endfacet
  facet normal -0.500021 -0.866013 0
    outer loop
      vertex 7.13146 52.5156 3.00171
      vertex 8.79119 51.5573 5.72205e-07
      vertex 8.79119 51.5573 3.01288
    endloop
  endfacet
  facet normal -0.642802 -0.766032 0
    outer loop
      vertex 23.0765 41.5547 5.72205e-07
      vertex 23.2748 41.3883 3.00814
      vertex 23.0765 41.5547 3.00864
    endloop
  endfacet
  facet normal -0.642792 -0.766041 -1.17578e-06
    outer loop
      vertex 23.2748 41.3883 3.00814
      vertex 23.0765 41.5547 5.72205e-07
      vertex 25.5832 39.4513 3.00228
    endloop
  endfacet
  facet normal -0.642798 -0.766036 7.40499e-06
    outer loop
      vertex 26.4188 38.7501 5.72205e-07
      vertex 25.5832 39.4513 3.00228
      vertex 23.0765 41.5547 5.72205e-07
    endloop
  endfacet
  facet normal -0.642814 -0.766023 0
    outer loop
      vertex 25.5832 39.4513 3.00228
      vertex 26.4188 38.7501 5.72205e-07
      vertex 26.4188 38.7501 3.01288
    endloop
  endfacet
  facet normal -0.990271 -0.139154 0
    outer loop
      vertex 67.8725 -36.0343 5.72205e-07
      vertex 68.2911 -39.0132 3.0028
      vertex 67.8725 -36.0343 3.00864
    endloop
  endfacet
  facet normal -0.990269 -0.139168 -1.41145e-05
    outer loop
      vertex 68.4797 -40.3549 5.72205e-07
      vertex 68.2911 -39.0132 3.0028
      vertex 67.8725 -36.0343 5.72205e-07
    endloop
  endfacet
  facet normal -0.990243 -0.139354 7.02543e-05
    outer loop
      vertex 68.2911 -39.0132 3.0028
      vertex 68.4797 -40.3549 5.72205e-07
      vertex 68.3279 -39.2747 3.00228
    endloop
  endfacet
  facet normal -0.990305 -0.138911 -9.22356e-05
    outer loop
      vertex 68.3279 -39.2747 3.00228
      vertex 68.4797 -40.3549 5.72205e-07
      vertex 68.3643 -39.5342 3.00483
    endloop
  endfacet
  facet normal -0.990258 -0.139242 0
    outer loop
      vertex 68.3643 -39.5342 3.00483
      vertex 68.4797 -40.3549 5.72205e-07
      vertex 68.4797 -40.3549 3.01288
    endloop
  endfacet
  facet normal -0.809043 -0.58775 0
    outer loop
      vertex 44.2409 19.6383 5.72205e-07
      vertex 45.3673 18.0878 3.00171
      vertex 44.2409 19.6383 3.01288
    endloop
  endfacet
  facet normal -0.808786 -0.588103 -0.000278944
    outer loop
      vertex 44.2409 19.6383 5.72205e-07
      vertex 45.5232 17.8734 3.00016
      vertex 45.3673 18.0878 3.00171
    endloop
  endfacet
  facet normal -0.809022 -0.587778 1.3483e-05
    outer loop
      vertex 46.8054 16.1085 5.72205e-07
      vertex 45.5232 17.8734 3.00016
      vertex 44.2409 19.6383 5.72205e-07
    endloop
  endfacet
  facet normal -0.809033 -0.587763 0
    outer loop
      vertex 45.5232 17.8734 3.00016
      vertex 46.8054 16.1085 5.72205e-07
      vertex 46.8054 16.1085 3.01288
    endloop
  endfacet
  facet normal -0.719348 -0.69465 0
    outer loop
      vertex 32.7998 32.7998 5.72205e-07
      vertex 34.8895 30.6358 3.0028
      vertex 32.7998 32.7998 3.00864
    endloop
  endfacet
  facet normal -0.719352 -0.694645 6.1993e-06
    outer loop
      vertex 35.8306 29.6612 5.72205e-07
      vertex 34.8895 30.6358 3.0028
      vertex 32.7998 32.7998 5.72205e-07
    endloop
  endfacet
  facet normal -0.71931 -0.694689 3.37734e-05
    outer loop
      vertex 34.8895 30.6358 3.0028
      vertex 35.8306 29.6612 5.72205e-07
      vertex 35.0729 30.4459 3.00228
    endloop
  endfacet
  facet normal -0.719375 -0.694622 0
    outer loop
      vertex 35.0729 30.4459 3.00228
      vertex 35.8306 29.6612 5.72205e-07
      vertex 35.8306 29.6612 3.01288
    endloop
  endfacet
  facet normal -0.0697421 -0.997565 0
    outer loop
      vertex -49.0466 69.2401 5.72205e-07
      vertex -46.0457 69.0303 3.0028
      vertex -49.0466 69.2401 3.00864
    endloop
  endfacet
  facet normal -0.0697436 -0.997565 1.47845e-06
    outer loop
      vertex -44.6941 68.9358 5.72205e-07
      vertex -46.0457 69.0303 3.0028
      vertex -49.0466 69.2401 5.72205e-07
    endloop
  endfacet
  facet normal -0.0696859 -0.997569 2.75954e-05
    outer loop
      vertex -46.0457 69.0303 3.0028
      vertex -44.6941 68.9358 5.72205e-07
      vertex -45.7823 69.0119 3.00228
    endloop
  endfacet
  facet normal -0.0698365 -0.997558 -2.72578e-05
    outer loop
      vertex -45.7823 69.0119 3.00228
      vertex -44.6941 68.9358 5.72205e-07
      vertex -45.5209 68.9936 3.00483
    endloop
  endfacet
  facet normal -0.0697379 -0.997565 0
    outer loop
      vertex -45.5209 68.9936 3.00483
      vertex -44.6941 68.9358 5.72205e-07
      vertex -44.6941 68.9358 3.01288
    endloop
  endfacet
  facet normal -0.587763 -0.809033 -0
    outer loop
      vertex 16.1085 46.8054 3.01288
      vertex 16.1085 46.8054 5.72205e-07
      vertex 17.8734 45.5232 3.00016
    endloop
  endfacet
  facet normal -0.587778 -0.809022 1.3483e-05
    outer loop
      vertex 19.6383 44.2409 5.72205e-07
      vertex 17.8734 45.5232 3.00016
      vertex 16.1085 46.8054 5.72205e-07
    endloop
  endfacet
  facet normal -0.588103 -0.808786 -0.000278944
    outer loop
      vertex 17.8734 45.5232 3.00016
      vertex 19.6383 44.2409 5.72205e-07
      vertex 18.0878 45.3673 3.00171
    endloop
  endfacet
  facet normal -0.58775 -0.809043 0
    outer loop
      vertex 18.0878 45.3673 3.00171
      vertex 19.6383 44.2409 5.72205e-07
      vertex 19.6383 44.2409 3.01288
    endloop
  endfacet
  facet normal -0.559203 -0.829031 -0
    outer loop
      vertex 12.4913 49.2453 3.00864
      vertex 12.4913 49.2453 5.72205e-07
      vertex 14.9852 47.5631 3.0028
    endloop
  endfacet
  facet normal -0.559204 -0.82903 9.74681e-07
    outer loop
      vertex 16.1085 46.8054 5.72205e-07
      vertex 14.9852 47.5631 3.0028
      vertex 12.4913 49.2453 5.72205e-07
    endloop
  endfacet
  facet normal -0.559323 -0.82895 -6.42228e-05
    outer loop
      vertex 14.9852 47.5631 3.0028
      vertex 16.1085 46.8054 5.72205e-07
      vertex 15.2041 47.4154 3.00228
    endloop
  endfacet
  facet normal -0.559008 -0.829162 7.39621e-05
    outer loop
      vertex 15.2041 47.4154 3.00228
      vertex 16.1085 46.8054 5.72205e-07
      vertex 15.4214 47.2689 3.00483
    endloop
  endfacet
  facet normal -0.55923 -0.829012 0
    outer loop
      vertex 15.4214 47.2689 3.00483
      vertex 16.1085 46.8054 5.72205e-07
      vertex 16.1085 46.8054 3.01288
    endloop
  endfacet
  facet normal -0.984772 0.173851 0
    outer loop
      vertex 67.8725 -75.1429 5.72205e-07
      vertex 67.8275 -75.3978 3.00814
      vertex 67.8725 -75.1429 3.00864
    endloop
  endfacet
  facet normal -0.984812 0.173626 -1.96688e-05
    outer loop
      vertex 67.8725 -75.1429 5.72205e-07
      vertex 67.3043 -78.3654 3.00228
      vertex 67.8275 -75.3978 3.00814
    endloop
  endfacet
  facet normal -0.984805 0.173661 1.88171e-05
    outer loop
      vertex 67.1148 -79.4397 5.72205e-07
      vertex 67.3043 -78.3654 3.00228
      vertex 67.8725 -75.1429 5.72205e-07
    endloop
  endfacet
  facet normal -0.984796 0.173712 0
    outer loop
      vertex 67.3043 -78.3654 3.00228
      vertex 67.1148 -79.4397 5.72205e-07
      vertex 67.1148 -79.4397 3.01288
    endloop
  endfacet
  facet normal -0.275643 -0.96126 0
    outer loop
      vertex -23.2362 65.1522 5.72205e-07
      vertex -20.3445 64.323 3.0028
      vertex -23.2362 65.1522 3.00864
    endloop
  endfacet
  facet normal -0.27565 -0.961258 7.62272e-06
    outer loop
      vertex -19.0421 63.9495 5.72205e-07
      vertex -20.3445 64.323 3.0028
      vertex -23.2362 65.1522 5.72205e-07
    endloop
  endfacet
  facet normal -0.275721 -0.961238 -2.57783e-05
    outer loop
      vertex -20.3445 64.323 3.0028
      vertex -19.0421 63.9495 5.72205e-07
      vertex -20.0907 64.2502 3.00228
    endloop
  endfacet
  facet normal -0.275528 -0.961293 4.7384e-05
    outer loop
      vertex -20.0907 64.2502 3.00228
      vertex -19.0421 63.9495 5.72205e-07
      vertex -19.8388 64.178 3.00483
    endloop
  endfacet
  facet normal -0.275693 -0.961246 0
    outer loop
      vertex -19.8388 64.178 3.00483
      vertex -19.0421 63.9495 5.72205e-07
      vertex -19.0421 63.9495 3.01288
    endloop
  endfacet
  facet normal 0.20829 -0.978067 -0.000273225
    outer loop
      vertex -81.8328 66.6061 3.00171
      vertex -83.7075 66.2077 5.72205e-07
      vertex -81.5736 66.6613 3.00016
    endloop
  endfacet
  facet normal 0.207872 -0.978156 0
    outer loop
      vertex -83.7075 66.2077 5.72205e-07
      vertex -81.8328 66.6061 3.00171
      vertex -83.7075 66.2077 3.01288
    endloop
  endfacet
  facet normal 0.207901 -0.97815 1.63016e-05
    outer loop
      vertex -79.4397 67.1148 5.72205e-07
      vertex -81.5736 66.6613 3.00016
      vertex -83.7075 66.2077 5.72205e-07
    endloop
  endfacet
  facet normal 0.207854 -0.97816 -1.8355e-05
    outer loop
      vertex -81.5736 66.6613 3.00016
      vertex -79.4397 67.1148 5.72205e-07
      vertex -81.3143 66.7164 3.00171
    endloop
  endfacet
  facet normal 0.207882 -0.978154 0
    outer loop
      vertex -81.3143 66.7164 3.00171
      vertex -79.4397 67.1148 5.72205e-07
      vertex -79.4397 67.1148 3.01288
    endloop
  endfacet
  facet normal -0.939714 -0.34196 0
    outer loop
      vertex 61.109 -10.7926 5.72205e-07
      vertex 61.1975 -11.0358 3.00814
      vertex 61.109 -10.7926 3.00864
    endloop
  endfacet
  facet normal -0.939688 -0.342033 -6.70499e-06
    outer loop
      vertex 61.109 -10.7926 5.72205e-07
      vertex 62.2282 -13.8675 3.00228
      vertex 61.1975 -11.0358 3.00814
    endloop
  endfacet
  facet normal -0.939698 -0.342004 2.70412e-05
    outer loop
      vertex 62.6012 -14.8926 5.72205e-07
      vertex 62.2282 -13.8675 3.00228
      vertex 61.109 -10.7926 5.72205e-07
    endloop
  endfacet
  facet normal -0.939704 -0.341988 2.07254e-05
    outer loop
      vertex 62.2282 -13.8675 3.00228
      vertex 62.6012 -14.8926 5.72205e-07
      vertex 62.3178 -14.1137 3.00483
    endloop
  endfacet
  facet normal -0.93973 -0.341917 0
    outer loop
      vertex 62.3178 -14.1137 3.00483
      vertex 62.6012 -14.8926 5.72205e-07
      vertex 62.6012 -14.8926 3.01288
    endloop
  endfacet
  facet normal -0.994519 0.104558 0
    outer loop
      vertex 68.9358 -66.483 5.72205e-07
      vertex 68.7077 -68.6526 3.00016
      vertex 68.9358 -66.483 3.01288
    endloop
  endfacet
  facet normal -0.994521 0.104536 -1.65745e-05
    outer loop
      vertex 68.4797 -70.8222 5.72205e-07
      vertex 68.7077 -68.6526 3.00016
      vertex 68.9358 -66.483 5.72205e-07
    endloop
  endfacet
  facet normal -0.994524 0.104513 0
    outer loop
      vertex 68.7077 -68.6526 3.00016
      vertex 68.4797 -70.8222 5.72205e-07
      vertex 68.4797 -70.8222 3.01288
    endloop
  endfacet
  facet normal -0.40673 -0.913549 -0
    outer loop
      vertex -6.74718 59.4745 3.01288
      vertex -6.74718 59.4745 5.72205e-07
      vertex -4.75423 58.5872 3.00016
    endloop
  endfacet
  facet normal -0.40673 -0.913548 6.77848e-07
    outer loop
      vertex -2.76129 57.6999 5.72205e-07
      vertex -4.75423 58.5872 3.00016
      vertex -6.74718 59.4745 5.72205e-07
    endloop
  endfacet
  facet normal -0.406731 -0.913548 0
    outer loop
      vertex -4.75423 58.5872 3.00016
      vertex -2.76129 57.6999 5.72205e-07
      vertex -2.76129 57.6999 3.01288
    endloop
  endfacet
  facet normal -0.743133 -0.669143 0
    outer loop
      vertex 35.8306 29.6612 5.72205e-07
      vertex 37.113 28.237 3.00171
      vertex 35.8306 29.6612 3.01288
    endloop
  endfacet
  facet normal -0.743107 -0.669173 -2.53902e-05
    outer loop
      vertex 35.8306 29.6612 5.72205e-07
      vertex 37.2904 28.04 3.00016
      vertex 37.113 28.237 3.00171
    endloop
  endfacet
  facet normal -0.743141 -0.669134 1.2385e-05
    outer loop
      vertex 38.7501 26.4188 5.72205e-07
      vertex 37.2904 28.04 3.00016
      vertex 35.8306 29.6612 5.72205e-07
    endloop
  endfacet
  facet normal -0.743294 -0.668965 -0.000152956
    outer loop
      vertex 37.2904 28.04 3.00016
      vertex 38.7501 26.4188 5.72205e-07
      vertex 37.4677 27.843 3.00171
    endloop
  endfacet
  facet normal -0.743133 -0.669143 0
    outer loop
      vertex 37.4677 27.843 3.00171
      vertex 38.7501 26.4188 5.72205e-07
      vertex 38.7501 26.4188 3.01288
    endloop
  endfacet
  facet normal -0.970324 -0.241808 0
    outer loop
      vertex 65.1522 -23.2362 5.72205e-07
      vertex 65.2148 -23.4874 3.00814
      vertex 65.1522 -23.2362 3.00864
    endloop
  endfacet
  facet normal -0.970295 -0.241926 -1.04699e-05
    outer loop
      vertex 65.1522 -23.2362 5.72205e-07
      vertex 65.9438 -26.4112 3.00228
      vertex 65.2148 -23.4874 3.00814
    endloop
  endfacet
  facet normal -0.970297 -0.241915 1.99248e-06
    outer loop
      vertex 66.2077 -27.4697 5.72205e-07
      vertex 65.9438 -26.4112 3.00228
      vertex 65.1522 -23.2362 5.72205e-07
    endloop
  endfacet
  facet normal -0.970299 -0.24191 0
    outer loop
      vertex 65.9438 -26.4112 3.00228
      vertex 66.2077 -27.4697 5.72205e-07
      vertex 66.2077 -27.4697 3.01288
    endloop
  endfacet
  facet normal -0.970293 0.241932 0
    outer loop
      vertex 66.2077 -83.7075 5.72205e-07
      vertex 65.9438 -84.7659 3.00228
      vertex 66.2077 -83.7075 3.01288
    endloop
  endfacet
  facet normal -0.970296 0.241921 -4.05071e-06
    outer loop
      vertex 65.1522 -87.9409 5.72205e-07
      vertex 65.9438 -84.7659 3.00228
      vertex 66.2077 -83.7075 5.72205e-07
    endloop
  endfacet
  facet normal -0.970297 0.241919 -1.73831e-06
    outer loop
      vertex 65.9438 -84.7659 3.00228
      vertex 65.1522 -87.9409 5.72205e-07
      vertex 65.2148 -87.6898 3.00814
    endloop
  endfacet
  facet normal -0.970301 0.241899 0
    outer loop
      vertex 65.2148 -87.6898 3.00814
      vertex 65.1522 -87.9409 5.72205e-07
      vertex 65.1522 -87.9409 3.00864
    endloop
  endfacet
  facet normal -0.882947 -0.469472 0
    outer loop
      vertex 53.7389 5.01263 5.72205e-07
      vertex 54.128 4.28084 3.00483
      vertex 53.7389 5.01263 3.01288
    endloop
  endfacet
  facet normal -0.88299 -0.469392 2.50639e-05
    outer loop
      vertex 53.7389 5.01263 5.72205e-07
      vertex 54.251 4.04946 3.00228
      vertex 54.128 4.28084 3.00483
    endloop
  endfacet
  facet normal -0.882872 -0.469613 -6.6056e-05
    outer loop
      vertex 53.7389 5.01263 5.72205e-07
      vertex 54.375 3.81634 3.0028
      vertex 54.251 4.04946 3.00228
    endloop
  endfacet
  facet normal -0.882953 -0.469462 1.10272e-05
    outer loop
      vertex 55.7872 1.16024 5.72205e-07
      vertex 54.375 3.81634 3.0028
      vertex 53.7389 5.01263 5.72205e-07
    endloop
  endfacet
  facet normal -0.882958 -0.469453 0
    outer loop
      vertex 54.375 3.81634 3.0028
      vertex 55.7872 1.16024 5.72205e-07
      vertex 55.7872 1.16024 3.00864
    endloop
  endfacet
  facet normal -0.0351056 -0.999384 6.51626e-05
    outer loop
      vertex -52.5787 69.3635 3.00483
      vertex -53.407 69.3924 5.72205e-07
      vertex -52.3168 69.3543 3.00228
    endloop
  endfacet
  facet normal -0.0348695 -0.999392 0
    outer loop
      vertex -53.407 69.3924 5.72205e-07
      vertex -52.5787 69.3635 3.00483
      vertex -53.407 69.3924 3.01288
    endloop
  endfacet
  facet normal -0.0348537 -0.999392 -2.64422e-05
    outer loop
      vertex -53.407 69.3924 5.72205e-07
      vertex -52.053 69.3451 3.0028
      vertex -52.3168 69.3543 3.00228
    endloop
  endfacet
  facet normal -0.0349067 -0.999391 -2.49744e-06
    outer loop
      vertex -49.0466 69.2401 5.72205e-07
      vertex -52.053 69.3451 3.0028
      vertex -53.407 69.3924 5.72205e-07
    endloop
  endfacet
  facet normal -0.0349042 -0.999391 0
    outer loop
      vertex -52.053 69.3451 3.0028
      vertex -49.0466 69.2401 5.72205e-07
      vertex -49.0466 69.2401 3.00864
    endloop
  endfacet
  facet normal -0.84815 -0.529756 0
    outer loop
      vertex 49.2453 12.4913 5.72205e-07
      vertex 49.3824 12.2718 3.00814
      vertex 49.2453 12.4913 3.00864
    endloop
  endfacet
  facet normal -0.848042 -0.529929 -1.75517e-05
    outer loop
      vertex 49.2453 12.4913 5.72205e-07
      vertex 50.9793 9.71629 3.00228
      vertex 49.3824 12.2718 3.00814
    endloop
  endfacet
  facet normal -0.848057 -0.529905 1.27963e-05
    outer loop
      vertex 51.5573 8.79119 5.72205e-07
      vertex 50.9793 9.71629 3.00228
      vertex 49.2453 12.4913 5.72205e-07
    endloop
  endfacet
  facet normal -0.848076 -0.529875 0
    outer loop
      vertex 50.9793 9.71629 3.00228
      vertex 51.5573 8.79119 5.72205e-07
      vertex 51.5573 8.79119 3.01288
    endloop
  endfacet
  facet normal -0.529875 -0.848076 -0
    outer loop
      vertex 8.79119 51.5573 3.01288
      vertex 8.79119 51.5573 5.72205e-07
      vertex 9.71629 50.9793 3.00228
    endloop
  endfacet
  facet normal -0.529905 -0.848057 1.27963e-05
    outer loop
      vertex 12.4913 49.2453 5.72205e-07
      vertex 9.71629 50.9793 3.00228
      vertex 8.79119 51.5573 5.72205e-07
    endloop
  endfacet
  facet normal -0.529929 -0.848042 -1.75517e-05
    outer loop
      vertex 9.71629 50.9793 3.00228
      vertex 12.4913 49.2453 5.72205e-07
      vertex 12.2718 49.3824 3.00814
    endloop
  endfacet
  facet normal -0.529756 -0.84815 0
    outer loop
      vertex 12.2718 49.3824 3.00814
      vertex 12.4913 49.2453 5.72205e-07
      vertex 12.4913 49.2453 3.00864
    endloop
  endfacet
  facet normal 0 -1 0
    outer loop
      vertex -57.7701 69.3924 3.01288
      vertex -57.7701 69.3924 5.72205e-07
      vertex -55.5886 69.3924 3.00016
    endloop
  endfacet
  facet normal 0 -1 0
    outer loop
      vertex -53.407 69.3924 5.72205e-07
      vertex -55.5886 69.3924 3.00016
      vertex -57.7701 69.3924 5.72205e-07
    endloop
  endfacet
  facet normal 0 -1 0
    outer loop
      vertex -55.5886 69.3924 3.00016
      vertex -53.407 69.3924 5.72205e-07
      vertex -53.407 69.3924 3.01288
    endloop
  endfacet
  facet normal -0.173626 -0.984812 -1.38979e-05
    outer loop
      vertex -35.7793 67.8275 3.00814
      vertex -36.0343 67.8725 5.72205e-07
      vertex -32.8117 67.3043 3.00228
    endloop
  endfacet
  facet normal -0.173785 -0.984784 0
    outer loop
      vertex -36.0343 67.8725 5.72205e-07
      vertex -35.7793 67.8275 3.00814
      vertex -36.0343 67.8725 3.00864
    endloop
  endfacet
  facet normal -0.173657 -0.984806 2.02633e-05
    outer loop
      vertex -31.7374 67.1148 5.72205e-07
      vertex -32.8117 67.3043 3.00228
      vertex -36.0343 67.8725 5.72205e-07
    endloop
  endfacet
  facet normal -0.173712 -0.984796 0
    outer loop
      vertex -32.8117 67.3043 3.00228
      vertex -31.7374 67.1148 5.72205e-07
      vertex -31.7374 67.1148 3.01288
    endloop
  endfacet
  facet normal 0.173712 -0.984796 0
    outer loop
      vertex -79.4397 67.1148 3.01288
      vertex -79.4397 67.1148 5.72205e-07
      vertex -78.3654 67.3043 3.00228
    endloop
  endfacet
  facet normal 0.173661 -0.984805 1.88171e-05
    outer loop
      vertex -75.1429 67.8725 5.72205e-07
      vertex -78.3654 67.3043 3.00228
      vertex -79.4397 67.1148 5.72205e-07
    endloop
  endfacet
  facet normal 0.173626 -0.984812 -1.96688e-05
    outer loop
      vertex -78.3654 67.3043 3.00228
      vertex -75.1429 67.8725 5.72205e-07
      vertex -75.3978 67.8275 3.00814
    endloop
  endfacet
  facet normal 0.173851 -0.984772 0
    outer loop
      vertex -75.3978 67.8275 3.00814
      vertex -75.1429 67.8725 5.72205e-07
      vertex -75.1429 67.8725 3.00864
    endloop
  endfacet
  facet normal -0.961246 -0.275693 0
    outer loop
      vertex 63.9495 -19.0421 5.72205e-07
      vertex 64.178 -19.8388 3.00483
      vertex 63.9495 -19.0421 3.01288
    endloop
  endfacet
  facet normal -0.961293 -0.275528 4.7384e-05
    outer loop
      vertex 63.9495 -19.0421 5.72205e-07
      vertex 64.2502 -20.0907 3.00228
      vertex 64.178 -19.8388 3.00483
    endloop
  endfacet
  facet normal -0.961238 -0.275721 -2.57783e-05
    outer loop
      vertex 63.9495 -19.0421 5.72205e-07
      vertex 64.323 -20.3445 3.0028
      vertex 64.2502 -20.0907 3.00228
    endloop
  endfacet
  facet normal -0.961258 -0.27565 7.62272e-06
    outer loop
      vertex 65.1522 -23.2362 5.72205e-07
      vertex 64.323 -20.3445 3.0028
      vertex 63.9495 -19.0421 5.72205e-07
    endloop
  endfacet
  facet normal -0.96126 -0.275643 0
    outer loop
      vertex 64.323 -20.3445 3.0028
      vertex 65.1522 -23.2362 5.72205e-07
      vertex 65.1522 -23.2362 3.00864
    endloop
  endfacet
  facet normal -0.374719 -0.927139 0
    outer loop
      vertex -10.7926 61.109 5.72205e-07
      vertex -10.5526 61.012 3.00814
      vertex -10.7926 61.109 3.00864
    endloop
  endfacet
  facet normal -0.374594 -0.927189 -1.15847e-05
    outer loop
      vertex -10.5526 61.012 3.00814
      vertex -10.7926 61.109 5.72205e-07
      vertex -7.75861 59.8832 3.00228
    endloop
  endfacet
  facet normal -0.374615 -0.92718 1.38036e-05
    outer loop
      vertex -6.74718 59.4745 5.72205e-07
      vertex -7.75861 59.8832 3.00228
      vertex -10.7926 61.109 5.72205e-07
    endloop
  endfacet
  facet normal -0.374717 -0.927139 -2.60736e-05
    outer loop
      vertex -7.75861 59.8832 3.00228
      vertex -6.74718 59.4745 5.72205e-07
      vertex -7.51564 59.785 3.00483
    endloop
  endfacet
  facet normal -0.374629 -0.927175 0
    outer loop
      vertex -7.51564 59.785 3.00483
      vertex -6.74718 59.4745 5.72205e-07
      vertex -6.74718 59.4745 3.01288
    endloop
  endfacet
  facet normal -0.990261 0.139225 0
    outer loop
      vertex 68.4797 -70.8222 5.72205e-07
      vertex 68.3643 -71.643 3.00483
      vertex 68.4797 -70.8222 3.01288
    endloop
  endfacet
  facet normal -0.990305 0.138911 -8.7625e-05
    outer loop
      vertex 68.4797 -70.8222 5.72205e-07
      vertex 68.3279 -71.9025 3.00228
      vertex 68.3643 -71.643 3.00483
    endloop
  endfacet
  facet normal -0.990235 0.139406 9.40948e-05
    outer loop
      vertex 68.4797 -70.8222 5.72205e-07
      vertex 68.2911 -72.1639 3.0028
      vertex 68.3279 -71.9025 3.00228
    endloop
  endfacet
  facet normal -0.990269 0.139165 -1.55537e-05
    outer loop
      vertex 67.8725 -75.1429 5.72205e-07
      vertex 68.2911 -72.1639 3.0028
      vertex 68.4797 -70.8222 5.72205e-07
    endloop
  endfacet
  facet normal -0.990271 0.13915 0
    outer loop
      vertex 68.2911 -72.1639 3.0028
      vertex 67.8725 -75.1429 5.72205e-07
      vertex 67.8725 -75.1429 3.00864
    endloop
  endfacet
  facet normal -0.984796 -0.173712 0
    outer loop
      vertex 67.1148 -31.7374 5.72205e-07
      vertex 67.3043 -32.8117 3.00228
      vertex 67.1148 -31.7374 3.01288
    endloop
  endfacet
  facet normal -0.984806 -0.173657 2.02633e-05
    outer loop
      vertex 67.8725 -36.0343 5.72205e-07
      vertex 67.3043 -32.8117 3.00228
      vertex 67.1148 -31.7374 5.72205e-07
    endloop
  endfacet
  facet normal -0.984812 -0.173626 -1.38979e-05
    outer loop
      vertex 67.3043 -32.8117 3.00228
      vertex 67.8725 -36.0343 5.72205e-07
      vertex 67.8275 -35.7793 3.00814
    endloop
  endfacet
  facet normal -0.984784 -0.173785 0
    outer loop
      vertex 67.8275 -35.7793 3.00814
      vertex 67.8725 -36.0343 5.72205e-07
      vertex 67.8725 -36.0343 3.00864
    endloop
  endfacet
  facet normal -0.978154 -0.207882 0
    outer loop
      vertex 66.2077 -27.4697 5.72205e-07
      vertex 66.6061 -29.3443 3.00171
      vertex 66.2077 -27.4697 3.01288
    endloop
  endfacet
  facet normal -0.978083 -0.208214 -0.000216337
    outer loop
      vertex 66.2077 -27.4697 5.72205e-07
      vertex 66.6613 -29.6036 3.00016
      vertex 66.6061 -29.3443 3.00171
    endloop
  endfacet
  facet normal -0.978149 -0.207906 1.28367e-05
    outer loop
      vertex 67.1148 -31.7374 5.72205e-07
      vertex 66.6613 -29.6036 3.00016
      vertex 66.2077 -27.4697 5.72205e-07
    endloop
  endfacet
  facet normal -0.978144 -0.207931 3.15381e-05
    outer loop
      vertex 66.6613 -29.6036 3.00016
      vertex 67.1148 -31.7374 5.72205e-07
      vertex 66.7164 -29.8628 3.00171
    endloop
  endfacet
  facet normal -0.978154 -0.207882 0
    outer loop
      vertex 66.7164 -29.8628 3.00171
      vertex 67.1148 -31.7374 5.72205e-07
      vertex 67.1148 -31.7374 3.01288
    endloop
  endfacet
  facet normal -0.951045 -0.309054 0
    outer loop
      vertex 62.6012 -14.8926 5.72205e-07
      vertex 63.2754 -16.9673 3.00016
      vertex 62.6012 -14.8926 3.01288
    endloop
  endfacet
  facet normal -0.951053 -0.309026 2.10002e-05
    outer loop
      vertex 63.9495 -19.0421 5.72205e-07
      vertex 63.2754 -16.9673 3.00016
      vertex 62.6012 -14.8926 5.72205e-07
    endloop
  endfacet
  facet normal -0.951062 -0.308999 0
    outer loop
      vertex 63.2754 -16.9673 3.00016
      vertex 63.9495 -19.0421 5.72205e-07
      vertex 63.9495 -19.0421 3.01288
    endloop
  endfacet
  facet normal -0.138911 -0.990305 -9.22356e-05
    outer loop
      vertex -39.5342 68.3643 3.00483
      vertex -40.3549 68.4797 5.72205e-07
      vertex -39.2747 68.3279 3.00228
    endloop
  endfacet
  facet normal -0.139242 -0.990258 0
    outer loop
      vertex -40.3549 68.4797 5.72205e-07
      vertex -39.5342 68.3643 3.00483
      vertex -40.3549 68.4797 3.01288
    endloop
  endfacet
  facet normal -0.139354 -0.990243 7.02543e-05
    outer loop
      vertex -40.3549 68.4797 5.72205e-07
      vertex -39.0132 68.2911 3.0028
      vertex -39.2747 68.3279 3.00228
    endloop
  endfacet
  facet normal -0.139168 -0.990269 -1.41145e-05
    outer loop
      vertex -39.0132 68.2911 3.0028
      vertex -40.3549 68.4797 5.72205e-07
      vertex -36.0343 67.8725 5.72205e-07
    endloop
  endfacet
  facet normal -0.139154 -0.990271 0
    outer loop
      vertex -39.0132 68.2911 3.0028
      vertex -36.0343 67.8725 5.72205e-07
      vertex -36.0343 67.8725 3.00864
    endloop
  endfacet
  facet normal -0.913548 -0.406731 0
    outer loop
      vertex 57.6999 -2.76129 5.72205e-07
      vertex 58.5872 -4.75423 3.00016
      vertex 57.6999 -2.76129 3.01288
    endloop
  endfacet
  facet normal -0.913548 -0.40673 6.77848e-07
    outer loop
      vertex 59.4745 -6.74718 5.72205e-07
      vertex 58.5872 -4.75423 3.00016
      vertex 57.6999 -2.76129 5.72205e-07
    endloop
  endfacet
  facet normal -0.913549 -0.40673 0
    outer loop
      vertex 58.5872 -4.75423 3.00016
      vertex 59.4745 -6.74718 5.72205e-07
      vertex 59.4745 -6.74718 3.01288
    endloop
  endfacet
  facet normal -0.997565 0.0697421 0
    outer loop
      vertex 69.2401 -62.1306 5.72205e-07
      vertex 69.0303 -65.1315 3.0028
      vertex 69.2401 -62.1306 3.00864
    endloop
  endfacet
  facet normal -0.997565 0.0697452 3.07985e-06
    outer loop
      vertex 68.9358 -66.483 5.72205e-07
      vertex 69.0303 -65.1315 3.0028
      vertex 69.2401 -62.1306 5.72205e-07
    endloop
  endfacet
  facet normal -0.997567 0.0697122 1.79956e-05
    outer loop
      vertex 69.0303 -65.1315 3.0028
      vertex 68.9358 -66.483 5.72205e-07
      vertex 69.0119 -65.3948 3.00228
    endloop
  endfacet
  facet normal -0.997558 0.0698365 -2.72578e-05
    outer loop
      vertex 69.0119 -65.3948 3.00228
      vertex 68.9358 -66.483 5.72205e-07
      vertex 68.9936 -65.6562 3.00483
    endloop
  endfacet
  facet normal -0.997565 0.0697379 0
    outer loop
      vertex 68.9936 -65.6562 3.00483
      vertex 68.9358 -66.483 5.72205e-07
      vertex 68.9358 -66.483 3.01288
    endloop
  endfacet
  facet normal -0.829012 -0.55923 0
    outer loop
      vertex 46.8054 16.1085 5.72205e-07
      vertex 47.2689 15.4214 3.00483
      vertex 46.8054 16.1085 3.01288
    endloop
  endfacet
  facet normal -0.829162 -0.559008 7.39621e-05
    outer loop
      vertex 46.8054 16.1085 5.72205e-07
      vertex 47.4154 15.2041 3.00228
      vertex 47.2689 15.4214 3.00483
    endloop
  endfacet
  facet normal -0.82895 -0.559323 -6.42228e-05
    outer loop
      vertex 46.8054 16.1085 5.72205e-07
      vertex 47.5631 14.9852 3.0028
      vertex 47.4154 15.2041 3.00228
    endloop
  endfacet
  facet normal -0.82903 -0.559204 9.74681e-07
    outer loop
      vertex 49.2453 12.4913 5.72205e-07
      vertex 47.5631 14.9852 3.0028
      vertex 46.8054 16.1085 5.72205e-07
    endloop
  endfacet
  facet normal -0.829031 -0.559203 0
    outer loop
      vertex 47.5631 14.9852 3.0028
      vertex 49.2453 12.4913 5.72205e-07
      vertex 49.2453 12.4913 3.00864
    endloop
  endfacet
  facet normal -0.927175 -0.374629 0
    outer loop
      vertex 59.4745 -6.74718 5.72205e-07
      vertex 59.785 -7.51564 3.00483
      vertex 59.4745 -6.74718 3.01288
    endloop
  endfacet
  facet normal -0.927139 -0.374717 -2.60736e-05
    outer loop
      vertex 59.4745 -6.74718 5.72205e-07
      vertex 59.8832 -7.75861 3.00228
      vertex 59.785 -7.51564 3.00483
    endloop
  endfacet
  facet normal -0.92718 -0.374615 1.38036e-05
    outer loop
      vertex 61.109 -10.7926 5.72205e-07
      vertex 59.8832 -7.75861 3.00228
      vertex 59.4745 -6.74718 5.72205e-07
    endloop
  endfacet
  facet normal -0.927189 -0.374594 -1.15847e-05
    outer loop
      vertex 59.8832 -7.75861 3.00228
      vertex 61.109 -10.7926 5.72205e-07
      vertex 61.012 -10.5526 3.00814
    endloop
  endfacet
  facet normal -0.927139 -0.374719 0
    outer loop
      vertex 61.012 -10.5526 3.00814
      vertex 61.109 -10.7926 5.72205e-07
      vertex 61.109 -10.7926 3.00864
    endloop
  endfacet
  facet normal -0.00563039 -0.430502 0.902572
    outer loop
      vertex -52.3008 69.9663 3.27485
      vertex -52.1152 77.0526 6.65598
      vertex -55.5886 70.0093 3.27485
    endloop
  endfacet
  facet normal -0.141517 -0.455725 0.878799
    outer loop
      vertex -14.4577 79.5223 11.0676
      vertex -12.4237 77.2591 10.2215
      vertex -10.2909 83.8233 13.969
    endloop
  endfacet
  facet normal -0.14166 -0.456163 0.878549
    outer loop
      vertex -12.4237 77.2591 10.2215
      vertex -14.0298 77.8143 10.2508
      vertex -14.027 77.757 10.2215
    endloop
  endfacet
  facet normal -0.141479 -0.455654 0.878842
    outer loop
      vertex -12.4237 77.2591 10.2215
      vertex -14.1162 78.3968 10.5389
      vertex -14.0298 77.8143 10.2508
    endloop
  endfacet
  facet normal -0.141631 -0.455845 0.878718
    outer loop
      vertex -12.4237 77.2591 10.2215
      vertex -14.2593 78.9679 10.8121
      vertex -14.1162 78.3968 10.5389
    endloop
  endfacet
  facet normal -0.141382 -0.45563 0.87887
    outer loop
      vertex -12.4237 77.2591 10.2215
      vertex -14.4577 79.5223 11.0676
      vertex -14.2593 78.9679 10.8121
    endloop
  endfacet
  facet normal -0.141392 -0.455825 0.878767
    outer loop
      vertex -14.4577 79.5223 11.0676
      vertex -10.2909 83.8233 13.969
      vertex -14.536 79.6879 11.1409
    endloop
  endfacet
  facet normal -0.487713 -0.110328 0.866005
    outer loop
      vertex 91.1112 -24.4066 15.9267
      vertex 90.6918 -22.4333 15.9419
      vertex 87.7945 -25.1116 13.969
    endloop
  endfacet
  facet normal -0.47519 0.043663 0.878799
    outer loop
      vertex 90.1948 -70.911 13.969
      vertex 83.6652 -66.5481 10.2215
      vertex 83.3306 -70.1896 10.2215
    endloop
  endfacet
  facet normal -0.450872 0.0533637 0.890992
    outer loop
      vertex 82.9008 -73.821 10.2215
      vertex 83.3306 -70.1896 10.2215
      vertex 75.9629 -72.9076 6.65598
    endloop
  endfacet
  facet normal -0.0584701 -0.402579 0.913516
    outer loop
      vertex -39.0132 68.2911 3.0028
      vertex -39.1948 68.9348 3.27485
      vertex -39.2747 68.3279 3.00228
    endloop
  endfacet
  facet normal 0.00563056 -0.430502 0.902572
    outer loop
      vertex -55.5886 70.0093 3.27485
      vertex -59.0619 77.0526 6.65598
      vertex -58.8763 69.9663 3.27485
    endloop
  endfacet
  facet normal -0.44932 -0.0651558 0.890992
    outer loop
      vertex 82.376 -33.7371 10.2215
      vertex 75.4644 -34.8318 6.65598
      vertex 75.9629 -38.2695 6.65598
    endloop
  endfacet
  facet normal -0.49897 -0.0327241 0.866001
    outer loop
      vertex 90.5459 -44.0875 13.969
      vertex 94.0656 -45.7327 15.9348
      vertex 93.9319 -43.8211 15.93
    endloop
  endfacet
  facet normal -0.498963 -0.0327057 0.866006
    outer loop
      vertex 94.0656 -45.7327 15.9348
      vertex 90.5459 -44.0875 13.969
      vertex 90.7969 -47.9168 13.969
    endloop
  endfacet
  facet normal -0.469137 -0.17305 0.866005
    outer loop
      vertex 85.7915 -5.52326 15.93
      vertex 85.1039 -3.63416 15.935
      vertex 82.5898 -6.65703 13.969
    endloop
  endfacet
  facet normal 0.0975594 -0.49043 0.866002
    outer loop
      vertex -84.2099 91.6555 15.9465
      vertex -82.3018 88.5432 13.969
      vertex -82.9208 91.8828 15.93
    endloop
  endfacet
  facet normal 0.0974623 -0.490479 0.865986
    outer loop
      vertex -82.3018 88.5432 13.969
      vertex -84.2099 91.6555 15.9465
      vertex -84.9022 91.5084 15.9411
    endloop
  endfacet
  facet normal -0.0931085 -0.468022 0.878798
    outer loop
      vertex -26.5466 81.0433 10.2215
      vertex -28.8753 88.5432 13.969
      vertex -30.1331 81.7568 10.2215
    endloop
  endfacet
  facet normal -0.11746 -0.462517 0.878795
    outer loop
      vertex -21.3687 86.9476 13.969
      vertex -20.2263 83.2152 12.1573
      vertex -17.6492 86.003 13.969
    endloop
  endfacet
  facet normal -0.117199 -0.462467 0.878856
    outer loop
      vertex -20.2263 83.2152 12.1573
      vertex -21.3687 86.9476 13.969
      vertex -20.5891 83.1973 12.0995
    endloop
  endfacet
  facet normal -0.117584 -0.46251 0.878782
    outer loop
      vertex -20.5891 83.1973 12.0995
      vertex -21.3687 86.9476 13.969
      vertex -21.1715 83.1109 11.9761
    endloop
  endfacet
  facet normal -0.117449 -0.462512 0.878799
    outer loop
      vertex -21.3687 86.9476 13.969
      vertex -21.7427 82.9679 11.8245
      vertex -21.1715 83.1109 11.9761
    endloop
  endfacet
  facet normal -0.11743 -0.462515 0.878801
    outer loop
      vertex -21.3687 86.9476 13.969
      vertex -22.2971 82.7695 11.646
      vertex -21.7427 82.9679 11.8245
    endloop
  endfacet
  facet normal -0.117452 -0.462509 0.8788
    outer loop
      vertex -22.2971 82.7695 11.646
      vertex -21.3687 86.9476 13.969
      vertex -22.3813 82.7297 11.6138
    endloop
  endfacet
  facet normal -0.0436629 -0.47519 0.878799
    outer loop
      vertex -40.9876 83.3306 10.2215
      vertex -40.2661 90.1948 13.969
      vertex -44.6291 83.6652 10.2215
    endloop
  endfacet
  facet normal 0.0847109 -0.492812 0.866003
    outer loop
      vertex -80.941 92.2319 15.935
      vertex -82.9208 91.8828 15.93
      vertex -82.3018 88.5432 13.969
    endloop
  endfacet
  facet normal -0.34907 -0.290319 0.890991
    outer loop
      vertex 50.6282 35.1292 10.2215
      vertex 45.3071 30.5845 6.65598
      vertex 47.5283 27.9138 6.65598
    endloop
  endfacet
  facet normal -0.0717697 -0.494863 0.866002
    outer loop
      vertex -32.1234 92.5647 15.9399
      vertex -34.1142 92.8445 15.9348
      vertex -32.6574 89.1931 13.969
    endloop
  endfacet
  facet normal -0.354917 -0.198739 0.91353
    outer loop
      vertex 54.789 4.34158 3.27485
      vertex 54.128 4.28084 3.00483
      vertex 54.251 4.04946 3.00228
    endloop
  endfacet
  facet normal 0.111754 -0.440051 0.890991
    outer loop
      vertex -88.1972 80.2363 10.2215
      vertex -91.7415 79.3362 10.2215
      vertex -86.5636 73.4319 6.65598
    endloop
  endfacet
  facet normal -0.157144 -0.425956 0.890992
    outer loop
      vertex -8.03794 68.285 6.65598
      vertex -8.96098 76.0837 10.2215
      vertex -11.2969 69.4873 6.65598
    endloop
  endfacet
  facet normal -0.299164 -0.400669 0.866005
    outer loop
      vertex 34.1978 64.5598 15.9419
      vertex 32.5658 65.7455 15.9267
      vertex 30.5727 63.0023 13.969
    endloop
  endfacet
  facet normal -0.197373 -0.459442 0.866
    outer loop
      vertex 0.507605 79.8396 13.969
      vertex 3.0211 82.4872 15.9465
      vertex 1.80739 82.9775 15.93
    endloop
  endfacet
  facet normal -0.197357 -0.459456 0.865997
    outer loop
      vertex 3.0211 82.4872 15.9465
      vertex 0.507605 79.8396 13.969
      vertex 3.66765 82.1993 15.9411
    endloop
  endfacet
  facet normal -0.459456 -0.197357 0.865997
    outer loop
      vertex 79.8396 0.507605 13.969
      vertex 82.4872 3.0211 15.9465
      vertex 82.1993 3.66765 15.9411
    endloop
  endfacet
  facet normal -0.459442 -0.197373 0.866
    outer loop
      vertex 82.4872 3.0211 15.9465
      vertex 79.8396 0.507605 13.969
      vertex 82.9775 1.80739 15.93
    endloop
  endfacet
  facet normal -0.43627 -0.244328 0.866009
    outer loop
      vertex 71.3589 17.7046 13.969
      vertex 75.2505 17.7458 15.9411
      vertex 74.2955 19.4 15.9267
    endloop
  endfacet
  facet normal -0.436271 -0.244326 0.86601
    outer loop
      vertex 75.2505 17.7458 15.9411
      vertex 71.3589 17.7046 13.969
      vertex 73.234 14.3564 13.969
    endloop
  endfacet
  facet normal -0.377503 -0.252239 0.890992
    outer loop
      vertex 59.529 23.5295 10.2215
      vertex 53.7619 19.566 6.65598
      vertex 55.6918 16.6777 6.65598
    endloop
  endfacet
  facet normal -0.332187 -0.234676 0.913553
    outer loop
      vertex 47.92 15.5509 3.27485
      vertex 47.2689 15.4214 3.00483
      vertex 47.4154 15.2041 3.00228
    endloop
  endfacet
  facet normal -0.400647 -0.299208 0.866
    outer loop
      vertex 60.7062 33.6476 13.969
      vertex 64.2068 34.6837 15.9465
      vertex 63.4008 35.7152 15.93
    endloop
  endfacet
  facet normal -0.40063 -0.299251 0.865993
    outer loop
      vertex 64.2068 34.6837 15.9465
      vertex 60.7062 33.6476 13.969
      vertex 64.5598 34.1978 15.9419
    endloop
  endfacet
  facet normal -0.40065 -0.299175 0.86601
    outer loop
      vertex 64.5598 34.1978 15.9419
      vertex 60.7062 33.6476 13.969
      vertex 63.0023 30.5727 13.969
    endloop
  endfacet
  facet normal 0.0372104 -0.405044 0.913539
    outer loop
      vertex -65.4429 69.6222 3.27485
      vertex -66.483 68.9358 3.01288
      vertex -65.6562 68.9936 3.00483
    endloop
  endfacet
  facet normal 0.0372255 -0.405064 0.91353
    outer loop
      vertex -68.7171 69.3213 3.27485
      vertex -66.483 68.9358 3.01288
      vertex -65.4429 69.6222 3.27485
    endloop
  endfacet
  facet normal 0.0372288 -0.405049 0.913537
    outer loop
      vertex -66.483 68.9358 3.01288
      vertex -68.7171 69.3213 3.27485
      vertex -68.6526 68.7077 3.00016
    endloop
  endfacet
  facet normal 0.0178278 -0.453668 0.890992
    outer loop
      vertex -59.0619 77.0526 6.65598
      vertex -62.8991 83.9044 10.2215
      vertex -62.5329 76.9162 6.65598
    endloop
  endfacet
  facet normal 0.0327057 -0.498963 0.866006
    outer loop
      vertex -63.439 94.2059 15.9399
      vertex -65.4444 94.0656 15.9348
      vertex -63.2603 90.7969 13.969
    endloop
  endfacet
  facet normal 0.123097 -0.484644 0.866006
    outer loop
      vertex -92.4608 89.7866 15.9348
      vertex -89.8085 86.9476 13.969
      vertex -90.6014 90.2503 15.93
    endloop
  endfacet
  facet normal 0.123085 -0.484653 0.866003
    outer loop
      vertex -89.8085 86.9476 13.969
      vertex -92.4608 89.7866 15.9348
      vertex -93.5279 86.003 13.969
    endloop
  endfacet
  facet normal -0.426083 0.0617782 0.902572
    outer loop
      vertex 75.9629 -72.9076 6.65598
      vertex 68.9348 -71.9824 3.27485
      vertex 68.463 -75.2364 3.27485
    endloop
  endfacet
  facet normal -0.484654 -0.123092 0.866001
    outer loop
      vertex 89.7866 -18.7163 15.9348
      vertex 89.3003 -16.7657 15.9399
      vertex 86.003 -17.6492 13.969
    endloop
  endfacet
  facet normal -0.407196 -0.20081 0.890992
    outer loop
      vertex 70.4885 4.54709 10.2215
      vertex 68.8711 7.8268 10.2215
      vertex 64.1724 1.53449 6.65598
    endloop
  endfacet
  facet normal -0.484654 0.123092 0.866001
    outer loop
      vertex 89.3003 -94.4114 15.9399
      vertex 89.7866 -92.4608 15.9348
      vertex 86.003 -93.5279 13.969
    endloop
  endfacet
  facet normal -0.40506 0.037269 0.91353
    outer loop
      vertex 69.6222 -65.4429 3.27485
      vertex 69.0119 -65.3948 3.00228
      vertex 68.9936 -65.6562 3.00483
    endloop
  endfacet
  facet normal -0.494862 0.0717733 0.866002
    outer loop
      vertex 92.5647 -79.0537 15.9399
      vertex 92.8445 -77.063 15.9348
      vertex 89.1931 -78.5197 13.969
    endloop
  endfacet
  facet normal -0.0393994 -0.428732 0.902572
    outer loop
      vertex -42.46 69.3213 3.27485
      vertex -41.719 76.3712 6.65598
      vertex -45.7343 69.6222 3.27485
    endloop
  endfacet
  facet normal -0.283892 -0.291363 0.913517
    outer loop
      vertex 30.6358 34.8895 3.0028
      vertex 30.8673 35.5169 3.27485
      vertex 30.4459 35.0729 3.00228
    endloop
  endfacet
  facet normal 0.110487 -0.487721 0.86598
    outer loop
      vertex -89.8085 86.9476 13.969
      vertex -88.7438 90.6918 15.9419
      vertex -89.3312 90.5669 15.9465
    endloop
  endfacet
  facet normal 0.110351 -0.487699 0.86601
    outer loop
      vertex -88.7438 90.6918 15.9419
      vertex -89.8085 86.9476 13.969
      vertex -86.0656 87.7945 13.969
    endloop
  endfacet
  facet normal 0.110314 -0.487713 0.866006
    outer loop
      vertex -89.8085 86.9476 13.969
      vertex -89.3312 90.5669 15.9465
      vertex -90.6014 90.2503 15.93
    endloop
  endfacet
  facet normal 0.016904 -0.430207 0.902572
    outer loop
      vertex -58.8763 69.9663 3.27485
      vertex -59.0619 77.0526 6.65598
      vertex -62.1619 69.8372 3.27485
    endloop
  endfacet
  facet normal 0.105983 -0.417294 0.90257
    outer loop
      vertex -84.9088 66.5391 3.27485
      vertex -86.5636 73.4319 6.65598
      vertex -88.0957 65.7297 3.27485
    endloop
  endfacet
  facet normal -0.343992 -0.217048 0.913542
    outer loop
      vertex 49.3824 12.2718 3.00814
      vertex 51.5013 10.0362 3.27485
      vertex 49.7467 12.817 3.27485
    endloop
  endfacet
  facet normal -0.343996 -0.217053 0.91354
    outer loop
      vertex 51.5013 10.0362 3.27485
      vertex 49.3824 12.2718 3.00814
      vertex 50.9793 9.71629 3.00228
    endloop
  endfacet
  facet normal -0.210371 -0.375646 0.902571
    outer loop
      vertex 7.21039 53.1824 3.27485
      vertex 10.7547 59.3214 6.65598
      vertex 4.34158 54.789 3.27485
    endloop
  endfacet
  facet normal -0.413721 -0.119106 0.902579
    outer loop
      vertex 64.8372 -19.9168 3.27485
      vertex 71.6018 -17.9318 6.63753
      vertex 71.6092 -17.9109 6.64368
    endloop
  endfacet
  facet normal -0.414375 -0.116865 0.902572
    outer loop
      vertex 71.6018 -17.9318 6.63753
      vertex 64.8372 -19.9168 3.27485
      vertex 65.7297 -23.0814 3.27485
    endloop
  endfacet
  facet normal -0.298677 -0.276148 0.913529
    outer loop
      vertex 37.7489 28.4528 3.27485
      vertex 37.113 28.237 3.00171
      vertex 37.2904 28.04 3.00016
    endloop
  endfacet
  facet normal -0.442549 -0.100122 0.891137
    outer loop
      vertex 80.5596 -24.9898 10.1562
      vertex 81.0433 -26.5466 10.2215
      vertex 80.6722 -24.9063 10.2215
    endloop
  endfacet
  facet normal -0.442857 -0.100224 0.890973
    outer loop
      vertex 80.0546 -25.2925 9.87114
      vertex 81.0433 -26.5466 10.2215
      vertex 80.5596 -24.9898 10.1562
    endloop
  endfacet
  facet normal -0.442827 -0.100195 0.890991
    outer loop
      vertex 79.5223 -25.5442 9.57828
      vertex 81.0433 -26.5466 10.2215
      vertex 80.0546 -25.2925 9.87114
    endloop
  endfacet
  facet normal -0.442819 -0.10018 0.890997
    outer loop
      vertex 78.9679 -25.7426 9.28044
      vertex 81.0433 -26.5466 10.2215
      vertex 79.5223 -25.5442 9.57828
    endloop
  endfacet
  facet normal -0.442846 -0.10028 0.890972
    outer loop
      vertex 81.0433 -26.5466 10.2215
      vertex 78.9679 -25.7426 9.28044
      vertex 78.4191 -25.8801 8.99219
    endloop
  endfacet
  facet normal -0.422305 -0.222192 0.8788
    outer loop
      vertex 73.234 14.3564 13.969
      vertex 67.1684 11.063 10.2215
      vertex 68.8711 7.8268 10.2215
    endloop
  endfacet
  facet normal -0.331019 -0.275304 0.902571
    outer loop
      vertex 45.3071 30.5845 6.65598
      vertex 39.9168 25.9808 3.27485
      vertex 42.0193 23.4528 3.27485
    endloop
  endfacet
  facet normal -0.0587603 -0.496575 0.866003
    outer loop
      vertex -37.9054 93.3561 15.9419
      vertex -39.9117 93.567 15.9267
      vertex -40.2661 90.1948 13.969
    endloop
  endfacet
  facet normal -0.0560944 -0.473887 0.878797
    outer loop
      vertex -36.4552 89.7437 13.969
      vertex -40.2661 90.1948 13.969
      vertex -37.3561 82.9008 10.2215
    endloop
  endfacet
  facet normal 0.0839978 -0.422267 0.902571
    outer loop
      vertex -78.477 67.9062 3.27485
      vertex -79.7688 74.8762 6.65598
      vertex -81.7019 67.2647 3.27485
    endloop
  endfacet
  facet normal 0.0684673 -0.472258 0.878797
    outer loop
      vertex -74.7219 89.7437 13.969
      vertex -78.5197 89.1931 13.969
      vertex -73.821 82.9008 10.2215
    endloop
  endfacet
  facet normal -0.476827 -0.018726 0.878798
    outer loop
      vertex 90.7969 -47.9168 13.969
      vertex 83.9044 -48.2781 10.2215
      vertex 84.0479 -51.9321 10.2215
    endloop
  endfacet
  facet normal -0.476173 0.0312142 0.878798
    outer loop
      vertex 90.7969 -63.2603 13.969
      vertex 83.9044 -62.8991 10.2215
      vertex 83.6652 -66.5481 10.2215
    endloop
  endfacet
  facet normal -0.429622 0.0281526 0.90257
    outer loop
      vertex 76.689 -65.999 6.65598
      vertex 69.8372 -62.1619 3.27485
      vertex 69.6222 -65.4429 3.27485
    endloop
  endfacet
  facet normal -0.452115 0.0415374 0.890992
    outer loop
      vertex 83.6652 -66.5481 10.2215
      vertex 76.689 -65.999 6.65598
      vertex 76.3712 -69.4581 6.65598
    endloop
  endfacet
  facet normal -0.498963 0.0327057 0.866006
    outer loop
      vertex 90.5459 -67.0896 13.969
      vertex 94.0656 -65.4444 15.9348
      vertex 90.7969 -63.2603 13.969
    endloop
  endfacet
  facet normal -0.498969 0.0327224 0.866002
    outer loop
      vertex 94.0656 -65.4444 15.9348
      vertex 90.5459 -67.0896 13.969
      vertex 93.9319 -67.3561 15.93
    endloop
  endfacet
  facet normal -0.496575 0.0587603 0.866003
    outer loop
      vertex 93.3561 -73.2717 15.9419
      vertex 93.567 -71.2654 15.9267
      vertex 90.1948 -70.911 13.969
    endloop
  endfacet
  facet normal -0.358767 -0.314636 0.878801
    outer loop
      vertex 55.8766 39.6117 13.969
      vertex 53.3463 42.4969 13.969
      vertex 50.6282 35.1292 10.2215
    endloop
  endfacet
  facet normal 0.00562717 -0.430504 0.902571
    outer loop
      vertex -55.5886 77.098 6.65598
      vertex -59.0619 77.0526 6.65598
      vertex -55.5886 70.0093 3.27485
    endloop
  endfacet
  facet normal -0.0846585 -0.492821 0.866002
    outer loop
      vertex -32.6574 89.1931 13.969
      vertex -30.2362 92.2319 15.935
      vertex -32.1234 92.5647 15.9399
    endloop
  endfacet
  facet normal -0.0846818 -0.492807 0.866008
    outer loop
      vertex -30.2362 92.2319 15.935
      vertex -32.6574 89.1931 13.969
      vertex -28.8753 88.5432 13.969
    endloop
  endfacet
  facet normal -0.135715 -0.481272 0.866002
    outer loop
      vertex -14.8333 88.7462 15.9348
      vertex -16.7657 89.3003 15.9399
      vertex -17.6492 86.003 13.969
    endloop
  endfacet
  facet normal -0.290319 -0.349069 0.890991
    outer loop
      vertex 35.1292 50.6282 10.2215
      vertex 32.3176 52.9666 10.2215
      vertex 27.9138 47.5283 6.65598
    endloop
  endfacet
  facet normal 0.123239 -0.436974 0.890991
    outer loop
      vertex -90.3997 74.3285 7.57995
      vertex -91.7415 79.3362 10.2215
      vertex -93.0911 72.5515 7.08071
    endloop
  endfacet
  facet normal 0.0839973 -0.422267 0.902571
    outer loop
      vertex -79.7688 74.8762 6.65598
      vertex -83.1757 74.1985 6.65598
      vertex -81.7019 67.2647 3.27485
    endloop
  endfacet
  facet normal 0.0312117 -0.476172 0.878798
    outer loop
      vertex -63.2603 90.7969 13.969
      vertex -67.0896 90.5459 13.969
      vertex -66.5481 83.6652 10.2215
    endloop
  endfacet
  facet normal 0.019624 -0.499657 0.866001
    outer loop
      vertex -61.4299 94.276 15.9348
      vertex -59.4258 90.9476 13.969
      vertex -59.5147 94.3429 15.93
    endloop
  endfacet
  facet normal 0.0196368 -0.499651 0.866004
    outer loop
      vertex -59.4258 90.9476 13.969
      vertex -61.4299 94.276 15.9348
      vertex -63.2603 90.7969 13.969
    endloop
  endfacet
  facet normal 0.0617865 -0.426085 0.902571
    outer loop
      vertex -72.9076 75.9629 6.65598
      vertex -76.3453 75.4644 6.65598
      vertex -75.2364 68.463 3.27485
    endloop
  endfacet
  facet normal 0.100112 -0.394272 0.913525
    outer loop
      vertex -87.6898 65.2148 3.00814
      vertex -88.0957 65.7297 3.27485
      vertex -87.9409 65.1522 3.00864
    endloop
  endfacet
  facet normal -0.430208 -0.0169064 0.902572
    outer loop
      vertex 77.0526 -52.1152 6.65598
      vertex 76.9162 -48.6443 6.65598
      vertex 69.8372 -49.0153 3.27485
    endloop
  endfacet
  facet normal -0.323698 -0.283874 0.902571
    outer loop
      vertex 45.3071 30.5845 6.65598
      vertex 43.0168 33.1961 6.65598
      vertex 37.7489 28.4528 3.27485
    endloop
  endfacet
  facet normal -0.325841 -0.243538 0.913519
    outer loop
      vertex 46.0223 18.236 3.27485
      vertex 45.3673 18.0878 3.00171
      vertex 45.5232 17.8734 3.00016
    endloop
  endfacet
  facet normal -0.364785 -0.179912 0.913544
    outer loop
      vertex 55.7872 1.16024 3.00864
      vertex 55.9007 0.927572 3.00814
      vertex 56.32 1.43169 3.27485
    endloop
  endfacet
  facet normal -0.421695 -0.168244 0.890992
    outer loop
      vertex 74.818 -5.53018 10.2215
      vertex 73.4629 -2.13368 10.2215
      vertex 68.285 -8.03794 6.65598
    endloop
  endfacet
  facet normal -0.377503 -0.25224 0.890992
    outer loop
      vertex 61.5606 20.489 10.2215
      vertex 59.529 23.5295 10.2215
      vertex 55.6918 16.6777 6.65598
    endloop
  endfacet
  facet normal -0.396771 -0.265111 0.878799
    outer loop
      vertex 67.3491 24.2481 13.969
      vertex 65.2171 27.4389 13.969
      vertex 59.529 23.5295 10.2215
    endloop
  endfacet
  facet normal -0.375646 -0.210371 0.902571
    outer loop
      vertex 59.3214 10.7547 6.65598
      vertex 53.1824 7.21039 3.27485
      vertex 54.789 4.34158 3.27485
    endloop
  endfacet
  facet normal -0.469124 -0.173096 0.866003
    outer loop
      vertex 81.2616 -3.05671 13.969
      vertex 85.1039 -3.63416 15.935
      vertex 84.4485 -1.83338 15.9399
    endloop
  endfacet
  facet normal -0.469123 -0.173065 0.866009
    outer loop
      vertex 85.1039 -3.63416 15.935
      vertex 81.2616 -3.05671 13.969
      vertex 82.5898 -6.65703 13.969
    endloop
  endfacet
  facet normal -0.433361 -0.199781 0.878798
    outer loop
      vertex 78.3247 4.03348 13.969
      vertex 76.7181 7.51849 13.969
      vertex 70.4885 4.54709 10.2215
    endloop
  endfacet
  facet normal -0.356547 -0.281084 0.890992
    outer loop
      vertex 55.2305 29.4459 10.2215
      vertex 52.9666 32.3176 10.2215
      vertex 47.5283 27.9138 6.65598
    endloop
  endfacet
  facet normal -0.356549 -0.28108 0.890992
    outer loop
      vertex 55.2305 29.4459 10.2215
      vertex 47.5283 27.9138 6.65598
      vertex 49.6788 25.1859 6.65598
    endloop
  endfacet
  facet normal -0.119106 -0.413721 0.902579
    outer loop
      vertex -17.9318 71.6018 6.63753
      vertex -19.9168 64.8372 3.27485
      vertex -17.9109 71.6092 6.64368
    endloop
  endfacet
  facet normal -0.116865 -0.414375 0.902572
    outer loop
      vertex -19.9168 64.8372 3.27485
      vertex -17.9318 71.6018 6.63753
      vertex -23.0814 65.7297 3.27485
    endloop
  endfacet
  facet normal 0.0178167 -0.453673 0.89099
    outer loop
      vertex -59.2451 84.0479 10.2215
      vertex -62.8991 83.9044 10.2215
      vertex -59.0619 77.0526 6.65598
    endloop
  endfacet
  facet normal -0.0312117 -0.476171 0.878798
    outer loop
      vertex -44.0875 90.5459 13.969
      vertex -47.9168 90.7969 13.969
      vertex -44.6291 83.6652 10.2215
    endloop
  endfacet
  facet normal 0.0617782 -0.426083 0.902572
    outer loop
      vertex -71.9824 68.9348 3.27485
      vertex -72.9076 75.9629 6.65598
      vertex -75.2364 68.463 3.27485
    endloop
  endfacet
  facet normal -0.499657 0.019624 0.866001
    outer loop
      vertex 90.9476 -59.4258 13.969
      vertex 94.276 -61.4299 15.9348
      vertex 94.3429 -59.5147 15.93
    endloop
  endfacet
  facet normal -0.499651 0.0196368 0.866004
    outer loop
      vertex 94.276 -61.4299 15.9348
      vertex 90.9476 -59.4258 13.969
      vertex 90.7969 -63.2603 13.969
    endloop
  endfacet
  facet normal -0.481272 -0.135715 0.866002
    outer loop
      vertex 89.3003 -16.7657 15.9399
      vertex 88.7462 -14.8333 15.9348
      vertex 86.003 -17.6492 13.969
    endloop
  endfacet
  facet normal -0.462504 -0.117447 0.878804
    outer loop
      vertex 86.003 -17.6492 13.969
      vertex 83.1973 -19.4128 12.2567
      vertex 83.2262 -20.001 12.1933
    endloop
  endfacet
  facet normal -0.462476 -0.117499 0.878812
    outer loop
      vertex 86.003 -17.6492 13.969
      vertex 83.1109 -18.8304 12.2891
      vertex 83.1973 -19.4128 12.2567
    endloop
  endfacet
  facet normal -0.462593 -0.117185 0.878792
    outer loop
      vertex 83.1109 -18.8304 12.2891
      vertex 86.003 -17.6492 13.969
      vertex 83.0156 -18.4497 12.2897
    endloop
  endfacet
  facet normal -0.462208 -0.11787 0.878903
    outer loop
      vertex 86.003 -17.6492 13.969
      vertex 83.2262 -20.001 12.1933
      vertex 83.2152 -20.2263 12.1573
    endloop
  endfacet
  facet normal -0.494863 -0.0717697 0.866002
    outer loop
      vertex 92.8445 -34.1142 15.9348
      vertex 92.5647 -32.1234 15.9399
      vertex 89.1931 -32.6574 13.969
    endloop
  endfacet
  facet normal -0.476171 -0.0312117 0.878798
    outer loop
      vertex 90.7969 -47.9168 13.969
      vertex 90.5459 -44.0875 13.969
      vertex 83.6652 -44.6291 10.2215
    endloop
  endfacet
  facet normal -0.442793 -0.0999533 0.891035
    outer loop
      vertex 78.3968 -25.8857 8.98048
      vertex 81.0433 -26.5466 10.2215
      vertex 78.4191 -25.8801 8.99219
    endloop
  endfacet
  facet normal -0.44281 -0.100063 0.891014
    outer loop
      vertex 77.8143 -25.9721 8.68129
      vertex 81.0433 -26.5466 10.2215
      vertex 78.3968 -25.8857 8.98048
    endloop
  endfacet
  facet normal -0.442828 -0.100203 0.89099
    outer loop
      vertex 74.1985 -28.0015 6.65598
      vertex 77.8143 -25.9721 8.68129
      vertex 77.2262 -26.001 8.38575
    endloop
  endfacet
  facet normal -0.442829 -0.100202 0.89099
    outer loop
      vertex 74.1985 -28.0015 6.65598
      vertex 77.2262 -26.001 8.38575
      vertex 76.6381 -25.9721 8.09671
    endloop
  endfacet
  facet normal -0.442825 -0.100209 0.89099
    outer loop
      vertex 77.8143 -25.9721 8.68129
      vertex 74.1985 -28.0015 6.65598
      vertex 81.0433 -26.5466 10.2215
    endloop
  endfacet
  facet normal -0.44285 -0.100171 0.890982
    outer loop
      vertex 76.0557 -25.8857 7.81695
      vertex 74.1985 -28.0015 6.65598
      vertex 76.6381 -25.9721 8.09671
    endloop
  endfacet
  facet normal -0.442809 -0.100216 0.890998
    outer loop
      vertex 75.4845 -25.7426 7.54917
      vertex 74.1985 -28.0015 6.65598
      vertex 76.0557 -25.8857 7.81695
    endloop
  endfacet
  facet normal -0.44283 -0.100201 0.890989
    outer loop
      vertex 74.9301 -25.5442 7.29594
      vertex 74.1985 -28.0015 6.65598
      vertex 75.4845 -25.7426 7.54917
    endloop
  endfacet
  facet normal -0.442875 -0.100182 0.890969
    outer loop
      vertex 74.3979 -25.2925 7.0597
      vertex 74.1985 -28.0015 6.65598
      vertex 74.9301 -25.5442 7.29594
    endloop
  endfacet
  facet normal -0.442773 -0.100197 0.891018
    outer loop
      vertex 73.8928 -24.9898 6.84274
      vertex 74.1985 -28.0015 6.65598
      vertex 74.3979 -25.2925 7.0597
    endloop
  endfacet
  facet normal -0.442869 -0.100203 0.890969
    outer loop
      vertex 74.1985 -28.0015 6.65598
      vertex 73.8928 -24.9898 6.84274
      vertex 73.4413 -24.6549 6.65598
    endloop
  endfacet
  facet normal -0.422267 -0.0839973 0.902571
    outer loop
      vertex 74.8762 -31.4084 6.65598
      vertex 74.1985 -28.0015 6.65598
      vertex 67.2647 -29.4753 3.27485
    endloop
  endfacet
  facet normal -0.430504 0.00562717 0.902571
    outer loop
      vertex 77.0526 -59.0619 6.65598
      vertex 77.098 -55.5886 6.65598
      vertex 70.0093 -55.5886 3.27485
    endloop
  endfacet
  facet normal -0.442826 0.100205 0.89099
    outer loop
      vertex 74.1985 -83.1757 6.65598
      vertex 78.9397 -85.1648 9.23608
      vertex 81.0433 -84.6306 10.2215
    endloop
  endfacet
  facet normal -0.442833 0.100186 0.890989
    outer loop
      vertex 78.9397 -85.1648 9.23608
      vertex 74.1985 -83.1757 6.65598
      vertex 74.0452 -83.8533 6.65598
    endloop
  endfacet
  facet normal -0.442833 0.100213 0.890986
    outer loop
      vertex 73.8415 -86.4596 6.84786
      vertex 73.7606 -85.1111 6.65598
      vertex 73.4319 -86.5636 6.65598
    endloop
  endfacet
  facet normal -0.430502 -0.00563039 0.902572
    outer loop
      vertex 77.0526 -52.1152 6.65598
      vertex 69.9663 -52.3008 3.27485
      vertex 70.0093 -55.5886 3.27485
    endloop
  endfacet
  facet normal -0.477151 -0.00624231 0.878799
    outer loop
      vertex 90.9978 -55.5886 13.969
      vertex 90.9476 -51.7514 13.969
      vertex 84.0958 -55.5886 10.2215
    endloop
  endfacet
  facet normal -0.476821 -0.0187391 0.878801
    outer loop
      vertex 90.9476 -51.7514 13.969
      vertex 90.7969 -47.9168 13.969
      vertex 84.0479 -51.9321 10.2215
    endloop
  endfacet
  facet normal -0.169954 -0.395577 0.902571
    outer loop
      vertex -1.62007 65.6267 6.65598
      vertex -4.81161 66.9979 6.65598
      vertex -7.52433 60.4488 3.27485
    endloop
  endfacet
  facet normal -0.145944 -0.429926 0.890991
    outer loop
      vertex -11.2969 69.4873 6.65598
      vertex -12.4237 77.2591 10.2215
      vertex -14.5862 70.6039 6.65598
    endloop
  endfacet
  facet normal 0.043663 -0.47519 0.878799
    outer loop
      vertex -66.5481 83.6652 10.2215
      vertex -70.911 90.1948 13.969
      vertex -70.1896 83.3306 10.2215
    endloop
  endfacet
  facet normal -0.0415374 -0.452115 0.890992
    outer loop
      vertex -41.719 76.3712 6.65598
      vertex -44.6291 83.6652 10.2215
      vertex -45.1781 76.689 6.65598
    endloop
  endfacet
  facet normal -0.129753 -0.459291 0.878758
    outer loop
      vertex -17.6492 86.003 13.969
      vertex -17.1726 82.5178 12.2178
      vertex -16.8116 82.3014 12.158
    endloop
  endfacet
  facet normal -0.129506 -0.459279 0.878801
    outer loop
      vertex -17.6492 86.003 13.969
      vertex -17.7049 82.7695 12.2709
      vertex -17.1726 82.5178 12.2178
    endloop
  endfacet
  facet normal -0.12951 -0.459279 0.878801
    outer loop
      vertex -17.6492 86.003 13.969
      vertex -18.2592 82.9679 12.2929
      vertex -17.7049 82.7695 12.2709
    endloop
  endfacet
  facet normal -0.129749 -0.459226 0.878793
    outer loop
      vertex -18.2592 82.9679 12.2929
      vertex -17.6492 86.003 13.969
      vertex -18.4497 83.0156 12.2897
    endloop
  endfacet
  facet normal -0.0957093 -0.419458 0.902715
    outer loop
      vertex -29.4753 67.2647 3.27485
      vertex -24.6211 73.4001 6.6404
      vertex -24.6304 73.4104 6.6442
    endloop
  endfacet
  facet normal -0.0950113 -0.41993 0.902569
    outer loop
      vertex -24.6211 73.4001 6.6404
      vertex -29.4753 67.2647 3.27485
      vertex -26.2683 66.5391 3.27485
    endloop
  endfacet
  facet normal -0.123091 -0.484646 0.866006
    outer loop
      vertex -21.3687 86.9476 13.969
      vertex -18.7163 89.7866 15.9348
      vertex -20.5758 90.2503 15.93
    endloop
  endfacet
  facet normal -0.123082 -0.484652 0.866004
    outer loop
      vertex -18.7163 89.7866 15.9348
      vertex -21.3687 86.9476 13.969
      vertex -17.6492 86.003 13.969
    endloop
  endfacet
  facet normal -0.141508 -0.455724 0.878801
    outer loop
      vertex -15.0121 80.5596 11.5163
      vertex -10.2909 83.8233 13.969
      vertex -13.9558 84.9613 13.969
    endloop
  endfacet
  facet normal -0.141578 -0.455669 0.878818
    outer loop
      vertex -10.2909 83.8233 13.969
      vertex -14.7094 80.0546 11.3031
      vertex -14.536 79.6879 11.1409
    endloop
  endfacet
  facet normal -0.141452 -0.455788 0.878777
    outer loop
      vertex -10.2909 83.8233 13.969
      vertex -15.0121 80.5596 11.5163
      vertex -14.7094 80.0546 11.3031
    endloop
  endfacet
  facet normal -0.141489 -0.455729 0.878802
    outer loop
      vertex -15.0121 80.5596 11.5163
      vertex -13.9558 84.9613 13.969
      vertex -15.189 80.7981 11.6115
    endloop
  endfacet
  facet normal -0.129604 -0.45925 0.878802
    outer loop
      vertex -13.9558 84.9613 13.969
      vertex -15.3629 81.0326 11.7084
      vertex -15.189 80.7981 11.6115
    endloop
  endfacet
  facet normal -0.12959 -0.459254 0.878801
    outer loop
      vertex -13.9558 84.9613 13.969
      vertex -15.7583 81.4689 11.8781
      vertex -15.3629 81.0326 11.7084
    endloop
  endfacet
  facet normal -0.129444 -0.459322 0.878788
    outer loop
      vertex -13.9558 84.9613 13.969
      vertex -16.1946 81.8643 12.0205
      vertex -15.7583 81.4689 11.8781
    endloop
  endfacet
  facet normal -0.1295 -0.459287 0.878798
    outer loop
      vertex -13.9558 84.9613 13.969
      vertex -16.6675 82.215 12.1341
      vertex -16.1946 81.8643 12.0205
    endloop
  endfacet
  facet normal -0.129583 -0.459221 0.87882
    outer loop
      vertex -13.9558 84.9613 13.969
      vertex -16.8116 82.3014 12.158
      vertex -16.6675 82.215 12.1341
    endloop
  endfacet
  facet normal -0.129533 -0.459264 0.878805
    outer loop
      vertex -16.8116 82.3014 12.158
      vertex -13.9558 84.9613 13.969
      vertex -17.6492 86.003 13.969
    endloop
  endfacet
  facet normal -0.0808136 -0.470296 0.878801
    outer loop
      vertex -28.8753 88.5432 13.969
      vertex -32.6574 89.1931 13.969
      vertex -33.7371 82.376 10.2215
    endloop
  endfacet
  facet normal -0.0847112 -0.492814 0.866001
    outer loop
      vertex -28.2564 91.8828 15.93
      vertex -30.2362 92.2319 15.935
      vertex -28.8753 88.5432 13.969
    endloop
  endfacet
  facet normal -0.148299 -0.477532 0.866008
    outer loop
      vertex -9.24308 87.0482 15.9267
      vertex -11.1617 87.6716 15.9419
      vertex -10.2909 83.8233 13.969
    endloop
  endfacet
  facet normal -0.153385 -0.451869 0.878799
    outer loop
      vertex -6.65703 82.5898 13.969
      vertex -10.2909 83.8233 13.969
      vertex -12.4237 77.2591 10.2215
    endloop
  endfacet
  facet normal -0.309579 -0.392679 0.866004
    outer loop
      vertex 38.8095 60.9833 15.9399
      vertex 37.2253 62.221 15.9348
      vertex 36.6612 58.3304 13.969
    endloop
  endfacet
  facet normal 0.0793246 -0.398999 0.913514
    outer loop
      vertex -81.3143 66.7164 3.00171
      vertex -81.7019 67.2647 3.27485
      vertex -81.5736 66.6613 3.00016
    endloop
  endfacet
  facet normal 0.129579 -0.459266 0.878797
    outer loop
      vertex -94.8193 80.2961 11.1768
      vertex -95.8579 80.3584 11.3625
      vertex -95.2611 78.3435 10.2215
    endloop
  endfacet
  facet normal 0.071737 -0.494858 0.866008
    outer loop
      vertex -77.063 92.8445 15.9348
      vertex -74.7219 89.7437 13.969
      vertex -75.1653 93.1112 15.93
    endloop
  endfacet
  facet normal 0.0717433 -0.494854 0.866009
    outer loop
      vertex -74.7219 89.7437 13.969
      vertex -77.063 92.8445 15.9348
      vertex -78.5197 89.1931 13.969
    endloop
  endfacet
  facet normal 0.0265992 -0.405894 0.913533
    outer loop
      vertex -62.1619 69.8372 3.27485
      vertex -65.1315 69.0303 3.0028
      vertex -62.1306 69.2401 3.00864
    endloop
  endfacet
  facet normal 0.0265973 -0.405888 0.913536
    outer loop
      vertex -65.1315 69.0303 3.0028
      vertex -62.1619 69.8372 3.27485
      vertex -65.4429 69.6222 3.27485
    endloop
  endfacet
  facet normal 0.0950138 -0.419928 0.90257
    outer loop
      vertex -81.7019 67.2647 3.27485
      vertex -86.5636 73.4319 6.65598
      vertex -84.9088 66.5391 3.27485
    endloop
  endfacet
  facet normal -0.124272 -0.410932 0.903156
    outer loop
      vertex -17.9109 71.6092 6.64368
      vertex -16.7767 63.8621 3.27485
      vertex -17.9005 71.613 6.64684
    endloop
  endfacet
  facet normal -0.127683 -0.411176 0.902569
    outer loop
      vertex -16.7767 63.8621 3.27485
      vertex -17.9109 71.6092 6.64368
      vertex -19.9168 64.8372 3.27485
    endloop
  endfacet
  facet normal -0.285513 -0.382354 0.878799
    outer loop
      vertex 33.6476 60.7062 13.969
      vertex 30.5727 63.0023 13.969
      vertex 29.4459 55.2305 10.2215
    endloop
  endfacet
  facet normal -0.402557 -0.0583652 0.913533
    outer loop
      vertex 68.463 -35.9407 3.27485
      vertex 68.2911 -39.0132 3.0028
      vertex 68.9348 -39.1948 3.27485
    endloop
  endfacet
  facet normal -0.402584 -0.0583626 0.913521
    outer loop
      vertex 68.2911 -39.0132 3.0028
      vertex 68.463 -35.9407 3.27485
      vertex 67.8725 -36.0343 3.00864
    endloop
  endfacet
  facet normal -0.377785 -0.15072 0.913544
    outer loop
      vertex 60.4488 -7.52433 3.27485
      vertex 61.012 -10.5526 3.00814
      vertex 61.6672 -10.5783 3.27485
    endloop
  endfacet
  facet normal -0.377811 -0.150723 0.913532
    outer loop
      vertex 61.012 -10.5526 3.00814
      vertex 60.4488 -7.52433 3.27485
      vertex 59.8832 -7.75861 3.00228
    endloop
  endfacet
  facet normal -0.344977 -0.2576 0.90257
    outer loop
      vertex 49.6788 25.1859 6.65598
      vertex 44.055 20.8706 3.27485
      vertex 46.0223 18.236 3.27485
    endloop
  endfacet
  facet normal -0.338111 -0.266545 0.902571
    outer loop
      vertex 49.6788 25.1859 6.65598
      vertex 47.5283 27.9138 6.65598
      vertex 42.0193 23.4528 3.27485
    endloop
  endfacet
  facet normal -0.417153 -0.179224 0.89099
    outer loop
      vertex 73.4629 -2.13368 10.2215
      vertex 65.6267 -1.62007 6.65598
      vertex 66.9979 -4.81161 6.65598
    endloop
  endfacet
  facet normal -0.403932 -0.149019 0.90257
    outer loop
      vertex 69.4873 -11.2969 6.65598
      vertex 68.285 -8.03794 6.65598
      vertex 61.6672 -10.5783 3.27485
    endloop
  endfacet
  facet normal -0.451869 -0.153385 0.878799
    outer loop
      vertex 83.8233 -10.2909 13.969
      vertex 82.5898 -6.65703 13.969
      vertex 77.2591 -12.4237 10.2215
    endloop
  endfacet
  facet normal -0.454109 -0.209323 0.866007
    outer loop
      vertex 76.7181 7.51849 13.969
      vertex 80.3576 7.80417 15.9465
      vertex 79.7838 8.98072 15.93
    endloop
  endfacet
  facet normal -0.454087 -0.209458 0.865986
    outer loop
      vertex 80.3576 7.80417 15.9465
      vertex 76.7181 7.51849 13.969
      vertex 80.6019 7.25553 15.9419
    endloop
  endfacet
  facet normal -0.454092 -0.209338 0.866013
    outer loop
      vertex 80.6019 7.25553 15.9419
      vertex 76.7181 7.51849 13.969
      vertex 78.3247 4.03348 13.969
    endloop
  endfacet
  facet normal -0.366885 -0.305138 0.878798
    outer loop
      vertex 58.3304 36.6612 13.969
      vertex 50.6282 35.1292 10.2215
      vertex 52.9666 32.3176 10.2215
    endloop
  endfacet
  facet normal -0.392679 -0.309579 0.866004
    outer loop
      vertex 62.221 37.2253 15.9348
      vertex 60.9833 38.8095 15.9399
      vertex 58.3304 36.6612 13.969
    endloop
  endfacet
  facet normal -0.447697 -0.165161 0.8788
    outer loop
      vertex 82.5898 -6.65703 13.969
      vertex 81.2616 -3.05671 13.969
      vertex 74.818 -5.53018 10.2215
    endloop
  endfacet
  facet normal -0.370014 -0.220125 0.902571
    outer loop
      vertex 59.3214 10.7547 6.65598
      vertex 51.5013 10.0362 3.27485
      vertex 53.1824 7.21039 3.27485
    endloop
  endfacet
  facet normal -0.40834 -0.288606 0.866005
    outer loop
      vertex 66.9312 30.9338 15.9419
      vertex 65.7455 32.5658 15.9267
      vertex 63.0023 30.5727 13.969
    endloop
  endfacet
  facet normal -0.443215 -0.176829 0.878801
    outer loop
      vertex 79.8396 0.507605 13.969
      vertex 73.4629 -2.13368 10.2215
      vertex 74.818 -5.53018 10.2215
    endloop
  endfacet
  facet normal -0.415757 -0.277826 0.866001
    outer loop
      vertex 65.2171 27.4389 13.969
      vertex 69.0879 27.7739 15.9348
      vertex 68.0162 29.3627 15.93
    endloop
  endfacet
  facet normal -0.415763 -0.2778 0.866007
    outer loop
      vertex 69.0879 27.7739 15.9348
      vertex 65.2171 27.4389 13.969
      vertex 67.3491 24.2481 13.969
    endloop
  endfacet
  facet normal -0.422905 -0.266825 0.866
    outer loop
      vertex 71.2773 24.4024 15.9348
      vertex 69.3969 21.0026 13.969
      vertex 72.2928 22.7773 15.93
    endloop
  endfacet
  facet normal -0.422895 -0.266832 0.866003
    outer loop
      vertex 69.3969 21.0026 13.969
      vertex 71.2773 24.4024 15.9348
      vertex 67.3491 24.2481 13.969
    endloop
  endfacet
  facet normal -0.0178283 -0.453668 0.890992
    outer loop
      vertex -48.6443 76.9162 6.65598
      vertex -48.2781 83.9044 10.2215
      vertex -52.1152 77.0526 6.65598
    endloop
  endfacet
  facet normal 0.0296968 -0.453046 0.890992
    outer loop
      vertex -62.5329 76.9162 6.65598
      vertex -62.8991 83.9044 10.2215
      vertex -65.999 76.689 6.65598
    endloop
  endfacet
  facet normal -0.0457841 -0.497938 0.866003
    outer loop
      vertex -39.9117 93.567 15.9267
      vertex -41.9179 93.7779 15.9419
      vertex -40.2661 90.1948 13.969
    endloop
  endfacet
  facet normal -0.019624 -0.499657 0.866001
    outer loop
      vertex -51.7514 90.9476 13.969
      vertex -49.7473 94.276 15.9348
      vertex -51.6625 94.3429 15.93
    endloop
  endfacet
  facet normal -0.0196363 -0.499651 0.866004
    outer loop
      vertex -49.7473 94.276 15.9348
      vertex -51.7514 90.9476 13.969
      vertex -47.9168 90.7969 13.969
    endloop
  endfacet
  facet normal 0.123092 -0.484654 0.866001
    outer loop
      vertex -92.4608 89.7866 15.9348
      vertex -94.4114 89.3003 15.9399
      vertex -93.5279 86.003 13.969
    endloop
  endfacet
  facet normal 0.0560873 -0.473884 0.878799
    outer loop
      vertex -70.1896 83.3306 10.2215
      vertex -70.911 90.1948 13.969
      vertex -73.821 82.9008 10.2215
    endloop
  endfacet
  facet normal 0.100196 -0.442826 0.890991
    outer loop
      vertex -84.6306 81.0433 10.2215
      vertex -88.1972 80.2363 10.2215
      vertex -86.5636 73.4319 6.65598
    endloop
  endfacet
  facet normal 0.0506074 -0.427554 0.902572
    outer loop
      vertex -69.4581 76.3712 6.65598
      vertex -72.9076 75.9629 6.65598
      vertex -68.7171 69.3213 3.27485
    endloop
  endfacet
  facet normal 0.0533637 -0.450872 0.890992
    outer loop
      vertex -70.1896 83.3306 10.2215
      vertex -73.821 82.9008 10.2215
      vertex -72.9076 75.9629 6.65598
    endloop
  endfacet
  facet normal -0.492821 -0.0846585 0.866002
    outer loop
      vertex 92.2319 -30.2362 15.935
      vertex 89.1931 -32.6574 13.969
      vertex 92.5647 -32.1234 15.9399
    endloop
  endfacet
  facet normal -0.492807 -0.0846818 0.866008
    outer loop
      vertex 89.1931 -32.6574 13.969
      vertex 92.2319 -30.2362 15.935
      vertex 88.5432 -28.8753 13.969
    endloop
  endfacet
  facet normal -0.452115 -0.0415374 0.890992
    outer loop
      vertex 83.6652 -44.6291 10.2215
      vertex 76.3712 -41.719 6.65598
      vertex 76.689 -45.1781 6.65598
    endloop
  endfacet
  facet normal -0.468022 -0.0931085 0.878798
    outer loop
      vertex 88.5432 -28.8753 13.969
      vertex 81.0433 -26.5466 10.2215
      vertex 81.7568 -30.1331 10.2215
    endloop
  endfacet
  facet normal -0.477626 -0.148163 0.86598
    outer loop
      vertex 84.9613 -13.9558 13.969
      vertex 87.8571 -11.7328 15.9465
      vertex 87.6716 -11.1617 15.9419
    endloop
  endfacet
  facet normal -0.477526 -0.148318 0.866008
    outer loop
      vertex 87.8571 -11.7328 15.9465
      vertex 84.9613 -13.9558 13.969
      vertex 88.218 -12.9911 15.93
    endloop
  endfacet
  facet normal -0.47753 -0.148279 0.866013
    outer loop
      vertex 84.9613 -13.9558 13.969
      vertex 87.6716 -11.1617 15.9419
      vertex 83.8233 -10.2909 13.969
    endloop
  endfacet
  facet normal -0.459226 -0.129749 0.878793
    outer loop
      vertex 86.003 -17.6492 13.969
      vertex 82.9679 -18.2592 12.2929
      vertex 83.0156 -18.4497 12.2897
    endloop
  endfacet
  facet normal -0.459279 -0.12951 0.878801
    outer loop
      vertex 86.003 -17.6492 13.969
      vertex 82.7695 -17.7049 12.2709
      vertex 82.9679 -18.2592 12.2929
    endloop
  endfacet
  facet normal -0.459279 -0.129506 0.878801
    outer loop
      vertex 86.003 -17.6492 13.969
      vertex 82.5178 -17.1726 12.2178
      vertex 82.7695 -17.7049 12.2709
    endloop
  endfacet
  facet normal -0.459291 -0.129753 0.878758
    outer loop
      vertex 82.5178 -17.1726 12.2178
      vertex 86.003 -17.6492 13.969
      vertex 82.3014 -16.8116 12.158
    endloop
  endfacet
  facet normal -0.47519 -0.0436629 0.878799
    outer loop
      vertex 90.1948 -40.2661 13.969
      vertex 83.3306 -40.9876 10.2215
      vertex 83.6652 -44.6291 10.2215
    endloop
  endfacet
  facet normal -0.473887 -0.0560944 0.878797
    outer loop
      vertex 90.1948 -40.2661 13.969
      vertex 89.7437 -36.4552 13.969
      vertex 82.9008 -37.3561 10.2215
    endloop
  endfacet
  facet normal -0.400891 -0.0688832 0.913533
    outer loop
      vertex 67.9062 -32.7002 3.27485
      vertex 67.8275 -35.7793 3.00814
      vertex 68.463 -35.9407 3.27485
    endloop
  endfacet
  facet normal -0.400926 -0.068881 0.913517
    outer loop
      vertex 67.8275 -35.7793 3.00814
      vertex 67.9062 -32.7002 3.27485
      vertex 67.3043 -32.8117 3.00228
    endloop
  endfacet
  facet normal -0.403963 -0.0478169 0.913525
    outer loop
      vertex 68.4797 -40.3549 3.01288
      vertex 69.3213 -42.46 3.27485
      vertex 68.9348 -39.1948 3.27485
    endloop
  endfacet
  facet normal -0.403937 -0.0478051 0.913537
    outer loop
      vertex 69.3213 -42.46 3.27485
      vertex 68.4797 -40.3549 3.01288
      vertex 68.7077 -42.5245 3.00016
    endloop
  endfacet
  facet normal -0.403924 -0.0478358 0.913541
    outer loop
      vertex 68.4797 -40.3549 3.01288
      vertex 68.9348 -39.1948 3.27485
      vertex 68.3643 -39.5342 3.00483
    endloop
  endfacet
  facet normal -0.407691 -0.138389 0.902572
    outer loop
      vertex 70.6039 -14.5862 6.65598
      vertex 62.8052 -13.6631 3.27485
      vertex 63.8621 -16.7767 3.27485
    endloop
  endfacet
  facet normal -0.455825 -0.141392 0.878767
    outer loop
      vertex 83.8233 -10.2909 13.969
      vertex 79.5223 -14.4577 11.0676
      vertex 79.6879 -14.536 11.1409
    endloop
  endfacet
  facet normal -0.455725 -0.141517 0.878799
    outer loop
      vertex 77.2591 -12.4237 10.2215
      vertex 79.5223 -14.4577 11.0676
      vertex 83.8233 -10.2909 13.969
    endloop
  endfacet
  facet normal -0.45563 -0.141382 0.87887
    outer loop
      vertex 79.5223 -14.4577 11.0676
      vertex 77.2591 -12.4237 10.2215
      vertex 78.9679 -14.2593 10.8121
    endloop
  endfacet
  facet normal -0.455845 -0.141631 0.878718
    outer loop
      vertex 78.9679 -14.2593 10.8121
      vertex 77.2591 -12.4237 10.2215
      vertex 78.3968 -14.1162 10.5389
    endloop
  endfacet
  facet normal -0.455654 -0.141479 0.878842
    outer loop
      vertex 78.3968 -14.1162 10.5389
      vertex 77.2591 -12.4237 10.2215
      vertex 77.8143 -14.0298 10.2508
    endloop
  endfacet
  facet normal -0.456163 -0.14166 0.878549
    outer loop
      vertex 77.8143 -14.0298 10.2508
      vertex 77.2591 -12.4237 10.2215
      vertex 77.757 -14.027 10.2215
    endloop
  endfacet
  facet normal -0.453984 -0.00594717 0.89099
    outer loop
      vertex 84.0958 -55.5886 10.2215
      vertex 84.0479 -51.9321 10.2215
      vertex 77.0526 -52.1152 6.65598
    endloop
  endfacet
  facet normal -0.462515 0.117406 0.878803
    outer loop
      vertex 81.8924 -89.7281 11.2977
      vertex 86.9476 -89.8085 13.969
      vertex 82.5382 -88.7499 11.5069
    endloop
  endfacet
  facet normal -0.462512 0.117462 0.878798
    outer loop
      vertex 86.9476 -89.8085 13.969
      vertex 81.8924 -89.7281 11.2977
      vertex 86.003 -93.5279 13.969
    endloop
  endfacet
  facet normal -0.440083 0.111759 0.890975
    outer loop
      vertex 72.5769 -89.9304 6.65598
      vertex 73.8708 -86.9486 6.92106
      vertex 73.4319 -86.5636 6.65598
    endloop
  endfacet
  facet normal -0.44007 0.111753 0.890982
    outer loop
      vertex 73.8708 -86.9486 6.92106
      vertex 72.5769 -89.9304 6.65598
      vertex 74.0739 -90.3315 7.44568
    endloop
  endfacet
  facet normal -0.453984 0.00594717 0.89099
    outer loop
      vertex 84.0479 -59.2451 10.2215
      vertex 84.0958 -55.5886 10.2215
      vertex 77.0526 -59.0619 6.65598
    endloop
  endfacet
  facet normal -0.477148 -0.00625062 0.878801
    outer loop
      vertex 90.9476 -51.7514 13.969
      vertex 84.0479 -51.9321 10.2215
      vertex 84.0958 -55.5886 10.2215
    endloop
  endfacet
  facet normal -0.398968 0.0793891 0.913522
    outer loop
      vertex 67.1148 -79.4397 3.01288
      vertex 67.9062 -78.477 3.27485
      vertex 67.3043 -78.3654 3.00228
    endloop
  endfacet
  facet normal -0.398934 0.0793563 0.913539
    outer loop
      vertex 67.9062 -78.477 3.27485
      vertex 67.1148 -79.4397 3.01288
      vertex 67.2647 -81.7019 3.27485
    endloop
  endfacet
  facet normal -0.398983 0.0793506 0.913519
    outer loop
      vertex 67.2647 -81.7019 3.27485
      vertex 67.1148 -79.4397 3.01288
      vertex 66.7164 -81.3143 3.00171
    endloop
  endfacet
  facet normal -0.403998 0.047692 0.913516
    outer loop
      vertex 68.9348 -71.9824 3.27485
      vertex 68.3643 -71.643 3.00483
      vertex 68.3279 -71.9025 3.00228
    endloop
  endfacet
  facet normal -0.453046 0.0296982 0.890992
    outer loop
      vertex 83.6652 -66.5481 10.2215
      vertex 83.9044 -62.8991 10.2215
      vertex 76.689 -65.999 6.65598
    endloop
  endfacet
  facet normal -0.417294 0.105983 0.90257
    outer loop
      vertex 73.4319 -86.5636 6.65598
      vertex 66.5391 -84.9088 3.27485
      vertex 65.7297 -88.0957 3.27485
    endloop
  endfacet
  facet normal -0.0281603 -0.429618 0.902572
    outer loop
      vertex -45.1781 76.689 6.65598
      vertex -48.6443 76.9162 6.65598
      vertex -49.0153 69.8372 3.27485
    endloop
  endfacet
  facet normal 0.0899534 -0.396739 0.913514
    outer loop
      vertex -81.5736 66.6613 3.00016
      vertex -81.7019 67.2647 3.27485
      vertex -81.8328 66.6061 3.00171
    endloop
  endfacet
  facet normal -0.221176 -0.448459 0.866006
    outer loop
      vertex 12.51 78.0624 15.9399
      vertex 10.7031 78.9437 15.9348
      vertex 10.9602 75.0208 13.969
    endloop
  endfacet
  facet normal -0.150723 -0.377811 0.913532
    outer loop
      vertex -7.52433 60.4488 3.27485
      vertex -10.5526 61.012 3.00814
      vertex -7.75861 59.8832 3.00228
    endloop
  endfacet
  facet normal -0.15072 -0.377785 0.913544
    outer loop
      vertex -10.5526 61.012 3.00814
      vertex -7.52433 60.4488 3.27485
      vertex -10.5783 61.6672 3.27485
    endloop
  endfacet
  facet normal -0.0506074 -0.427554 0.902572
    outer loop
      vertex -38.2695 75.9629 6.65598
      vertex -41.719 76.3712 6.65598
      vertex -42.46 69.3213 3.27485
    endloop
  endfacet
  facet normal -0.17305 -0.469137 0.866005
    outer loop
      vertex -3.63416 85.1039 15.935
      vertex -5.52326 85.7915 15.93
      vertex -6.65703 82.5898 13.969
    endloop
  endfacet
  facet normal -0.140779 -0.381613 0.913539
    outer loop
      vertex -13.6631 62.8052 3.27485
      vertex -11.0358 61.1975 3.00814
      vertex -10.5783 61.6672 3.27485
    endloop
  endfacet
  facet normal -0.140808 -0.381657 0.913516
    outer loop
      vertex -11.0358 61.1975 3.00814
      vertex -13.6631 62.8052 3.27485
      vertex -13.8675 62.2282 3.00228
    endloop
  endfacet
  facet normal -0.254632 -0.403578 0.878799
    outer loop
      vertex 20.489 61.5606 10.2215
      vertex 24.2481 67.3491 13.969
      vertex 17.3963 63.5119 10.2215
    endloop
  endfacet
  facet normal -0.105311 -0.465425 0.8788
    outer loop
      vertex -21.3687 86.9476 13.969
      vertex -25.1116 87.7945 13.969
      vertex -26.5466 81.0433 10.2215
    endloop
  endfacet
  facet normal -0.105508 -0.465377 0.878801
    outer loop
      vertex -21.3687 86.9476 13.969
      vertex -22.8293 82.5178 11.4478
      vertex -22.3813 82.7297 11.6138
    endloop
  endfacet
  facet normal -0.105089 -0.465506 0.878784
    outer loop
      vertex -21.3687 86.9476 13.969
      vertex -23.3344 82.215 11.227
      vertex -22.8293 82.5178 11.4478
    endloop
  endfacet
  facet normal -0.105318 -0.465421 0.878801
    outer loop
      vertex -26.5466 81.0433 10.2215
      vertex -23.3344 82.215 11.227
      vertex -21.3687 86.9476 13.969
    endloop
  endfacet
  facet normal -0.105332 -0.465392 0.878815
    outer loop
      vertex -23.3344 82.215 11.227
      vertex -26.5466 81.0433 10.2215
      vertex -23.8073 81.8643 10.9846
    endloop
  endfacet
  facet normal -0.105315 -0.465432 0.878796
    outer loop
      vertex -23.8073 81.8643 10.9846
      vertex -26.5466 81.0433 10.2215
      vertex -24.2436 81.4689 10.7229
    endloop
  endfacet
  facet normal -0.105293 -0.465509 0.878758
    outer loop
      vertex -24.2436 81.4689 10.7229
      vertex -26.5466 81.0433 10.2215
      vertex -24.639 81.0326 10.4444
    endloop
  endfacet
  facet normal -0.105297 -0.465424 0.878802
    outer loop
      vertex -24.639 81.0326 10.4444
      vertex -26.5466 81.0433 10.2215
      vertex -24.9063 80.6722 10.2215
    endloop
  endfacet
  facet normal -0.10028 -0.442846 0.890972
    outer loop
      vertex -25.7426 78.9679 9.28044
      vertex -26.5466 81.0433 10.2215
      vertex -25.8801 78.4191 8.99219
    endloop
  endfacet
  facet normal -0.10018 -0.442819 0.890997
    outer loop
      vertex -25.5442 79.5223 9.57828
      vertex -26.5466 81.0433 10.2215
      vertex -25.7426 78.9679 9.28044
    endloop
  endfacet
  facet normal -0.100195 -0.442827 0.890991
    outer loop
      vertex -25.2925 80.0546 9.87114
      vertex -26.5466 81.0433 10.2215
      vertex -25.5442 79.5223 9.57828
    endloop
  endfacet
  facet normal -0.100224 -0.442857 0.890973
    outer loop
      vertex -24.9898 80.5596 10.1562
      vertex -26.5466 81.0433 10.2215
      vertex -25.2925 80.0546 9.87114
    endloop
  endfacet
  facet normal -0.100122 -0.442549 0.891137
    outer loop
      vertex -26.5466 81.0433 10.2215
      vertex -24.9898 80.5596 10.1562
      vertex -24.9063 80.6722 10.2215
    endloop
  endfacet
  facet normal -0.117185 -0.462593 0.878792
    outer loop
      vertex -17.6492 86.003 13.969
      vertex -18.8304 83.1109 12.2891
      vertex -18.4497 83.0156 12.2897
    endloop
  endfacet
  facet normal -0.117499 -0.462476 0.878812
    outer loop
      vertex -17.6492 86.003 13.969
      vertex -19.4128 83.1973 12.2567
      vertex -18.8304 83.1109 12.2891
    endloop
  endfacet
  facet normal -0.117447 -0.462504 0.878804
    outer loop
      vertex -17.6492 86.003 13.969
      vertex -20.001 83.2262 12.1933
      vertex -19.4128 83.1973 12.2567
    endloop
  endfacet
  facet normal -0.11787 -0.462208 0.878903
    outer loop
      vertex -20.001 83.2262 12.1933
      vertex -17.6492 86.003 13.969
      vertex -20.2263 83.2152 12.1573
    endloop
  endfacet
  facet normal -0.0169064 -0.430208 0.902572
    outer loop
      vertex -48.6443 76.9162 6.65598
      vertex -52.1152 77.0526 6.65598
      vertex -49.0153 69.8372 3.27485
    endloop
  endfacet
  facet normal -0.0393896 -0.428737 0.90257
    outer loop
      vertex -41.719 76.3712 6.65598
      vertex -45.1781 76.689 6.65598
      vertex -45.7343 69.6222 3.27485
    endloop
  endfacet
  facet normal -0.0415428 -0.452117 0.890991
    outer loop
      vertex -40.9876 83.3306 10.2215
      vertex -44.6291 83.6652 10.2215
      vertex -41.719 76.3712 6.65598
    endloop
  endfacet
  facet normal -0.0296982 -0.453047 0.890992
    outer loop
      vertex -44.6291 83.6652 10.2215
      vertex -48.2781 83.9044 10.2215
      vertex -45.1781 76.689 6.65598
    endloop
  endfacet
  facet normal -0.0651569 -0.44932 0.890992
    outer loop
      vertex -33.7371 82.376 10.2215
      vertex -37.3561 82.9008 10.2215
      vertex -38.2695 75.9629 6.65598
    endloop
  endfacet
  facet normal -0.076882 -0.447463 0.890992
    outer loop
      vertex -31.4084 74.8762 6.65598
      vertex -33.7371 82.376 10.2215
      vertex -34.8318 75.4644 6.65598
    endloop
  endfacet
  facet normal -0.165161 -0.447697 0.8788
    outer loop
      vertex -3.05671 81.2616 13.969
      vertex -6.65703 82.5898 13.969
      vertex -5.53018 74.818 10.2215
    endloop
  endfacet
  facet normal -0.148163 -0.477626 0.86598
    outer loop
      vertex -13.9558 84.9613 13.969
      vertex -11.1617 87.6716 15.9419
      vertex -11.7328 87.8571 15.9465
    endloop
  endfacet
  facet normal -0.148318 -0.477526 0.866008
    outer loop
      vertex -13.9558 84.9613 13.969
      vertex -11.7328 87.8571 15.9465
      vertex -12.9911 88.218 15.93
    endloop
  endfacet
  facet normal -0.148279 -0.47753 0.866013
    outer loop
      vertex -11.1617 87.6716 15.9419
      vertex -13.9558 84.9613 13.969
      vertex -10.2909 83.8233 13.969
    endloop
  endfacet
  facet normal -0.13573 -0.481255 0.866009
    outer loop
      vertex -14.8333 88.7462 15.9348
      vertex -13.9558 84.9613 13.969
      vertex -12.9911 88.218 15.93
    endloop
  endfacet
  facet normal -0.135735 -0.481256 0.866007
    outer loop
      vertex -13.9558 84.9613 13.969
      vertex -14.8333 88.7462 15.9348
      vertex -17.6492 86.003 13.969
    endloop
  endfacet
  facet normal -0.367202 -0.339414 0.866003
    outer loop
      vertex 55.8662 44.7657 15.9267
      vertex 54.5163 46.2649 15.9419
      vertex 53.3463 42.4969 13.969
    endloop
  endfacet
  facet normal -0.350411 -0.323924 0.878798
    outer loop
      vertex 53.3463 42.4969 13.969
      vertex 50.7414 45.3148 13.969
      vertex 45.7349 40.5638 10.2215
    endloop
  endfacet
  facet normal -0.276148 -0.298677 0.913529
    outer loop
      vertex 28.237 37.113 3.00171
      vertex 28.4528 37.7489 3.27485
      vertex 28.04 37.2904 3.00016
    endloop
  endfacet
  facet normal -0.341814 -0.332985 0.878797
    outer loop
      vertex 50.7414 45.3148 13.969
      vertex 48.0636 48.0636 13.969
      vertex 43.1832 43.1832 10.2215
    endloop
  endfacet
  facet normal 0.117472 -0.462565 0.878769
    outer loop
      vertex -88.1972 80.2363 10.2215
      vertex -91.9526 80.124 10.6644
      vertex -91.7415 79.3362 10.2215
    endloop
  endfacet
  facet normal 0.117474 -0.4625 0.878803
    outer loop
      vertex -91.9526 80.124 10.6644
      vertex -88.1972 80.2363 10.2215
      vertex -93.5279 86.003 13.969
    endloop
  endfacet
  facet normal 0.134631 -0.433603 0.89099
    outer loop
      vertex -96.8819 75.338 9.00377
      vertex -93.4711 72.3006 7.01023
      vertex -95.2611 78.3435 10.2215
    endloop
  endfacet
  facet normal 0.134656 -0.433579 0.890998
    outer loop
      vertex -93.4711 72.3006 7.01023
      vertex -96.8819 75.338 9.00377
      vertex -93.7461 72.119 6.96342
    endloop
  endfacet
  facet normal 0.134621 -0.4336 0.890993
    outer loop
      vertex -96.8819 75.338 9.00377
      vertex -95.2611 78.3435 10.2215
      vertex -97.5009 77.6481 10.2215
    endloop
  endfacet
  facet normal 0.0436594 -0.475192 0.878798
    outer loop
      vertex -67.0896 90.5459 13.969
      vertex -70.911 90.1948 13.969
      vertex -66.5481 83.6652 10.2215
    endloop
  endfacet
  facet normal -0.00652519 -0.499993 0.866005
    outer loop
      vertex -53.5713 94.3886 15.9419
      vertex -55.5886 94.3886 15.9267
      vertex -55.5886 90.9978 13.969
    endloop
  endfacet
  facet normal 0.0885785 -0.445297 0.890991
    outer loop
      vertex -79.7688 74.8762 6.65598
      vertex -84.6306 81.0433 10.2215
      vertex -83.1757 74.1985 6.65598
    endloop
  endfacet
  facet normal 0.0885844 -0.445293 0.890992
    outer loop
      vertex -81.044 81.7568 10.2215
      vertex -84.6306 81.0433 10.2215
      vertex -79.7688 74.8762 6.65598
    endloop
  endfacet
  facet normal 0.0897499 -0.396711 0.913545
    outer loop
      vertex -81.7019 67.2647 3.27485
      vertex -83.7075 66.2077 3.01288
      vertex -81.8328 66.6061 3.00171
    endloop
  endfacet
  facet normal 0.0897675 -0.396741 0.913531
    outer loop
      vertex -84.9088 66.5391 3.27485
      vertex -83.7075 66.2077 3.01288
      vertex -81.7019 67.2647 3.27485
    endloop
  endfacet
  facet normal 0.0897712 -0.396731 0.913535
    outer loop
      vertex -83.7075 66.2077 3.01288
      vertex -84.9088 66.5391 3.27485
      vertex -84.7659 65.9438 3.00228
    endloop
  endfacet
  facet normal 0.100126 -0.394245 0.913535
    outer loop
      vertex -84.9088 66.5391 3.27485
      vertex -87.6898 65.2148 3.00814
      vertex -84.7659 65.9438 3.00228
    endloop
  endfacet
  facet normal 0.100133 -0.394258 0.913528
    outer loop
      vertex -88.0957 65.7297 3.27485
      vertex -87.6898 65.2148 3.00814
      vertex -84.9088 66.5391 3.27485
    endloop
  endfacet
  facet normal -0.266551 -0.338109 0.90257
    outer loop
      vertex 23.4528 42.0193 3.27485
      vertex 25.1859 49.6788 6.65598
      vertex 20.8706 44.055 3.27485
    endloop
  endfacet
  facet normal -0.421705 -0.168233 0.89099
    outer loop
      vertex 73.4629 -2.13368 10.2215
      vertex 66.9979 -4.81161 6.65598
      vertex 68.285 -8.03794 6.65598
    endloop
  endfacet
  facet normal -0.412317 -0.190084 0.89099
    outer loop
      vertex 72.0194 1.22617 10.2215
      vertex 64.1724 1.53449 6.65598
      vertex 65.6267 -1.62007 6.65598
    endloop
  endfacet
  facet normal -0.390993 -0.180254 0.90257
    outer loop
      vertex 65.6267 -1.62007 6.65598
      vertex 64.1724 1.53449 6.65598
      vertex 57.7743 -1.51727 3.27485
    endloop
  endfacet
  facet normal -0.323697 -0.283877 0.902571
    outer loop
      vertex 45.3071 30.5845 6.65598
      vertex 37.7489 28.4528 3.27485
      vertex 39.9168 25.9808 3.27485
    endloop
  endfacet
  facet normal -0.374746 -0.295431 0.878798
    outer loop
      vertex 58.3304 36.6612 13.969
      vertex 52.9666 32.3176 10.2215
      vertex 55.2305 29.4459 10.2215
    endloop
  endfacet
  facet normal -0.260111 -0.312752 0.913525
    outer loop
      vertex 23.2748 41.3883 3.00814
      vertex 25.9808 39.9168 3.27485
      vertex 23.4528 42.0193 3.27485
    endloop
  endfacet
  facet normal -0.260107 -0.312744 0.913529
    outer loop
      vertex 25.9808 39.9168 3.27485
      vertex 23.2748 41.3883 3.00814
      vertex 25.5832 39.4513 3.00228
    endloop
  endfacet
  facet normal -0.325207 -0.316815 0.890993
    outer loop
      vertex 43.1832 43.1832 10.2215
      vertex 38.235 38.235 6.65598
      vertex 40.6589 35.7469 6.65598
    endloop
  endfacet
  facet normal -0.180254 -0.390993 0.90257
    outer loop
      vertex 1.53449 64.1724 6.65598
      vertex -1.62007 65.6267 6.65598
      vertex -1.51727 57.7743 3.27485
    endloop
  endfacet
  facet normal -0.290319 -0.34907 0.890991
    outer loop
      vertex 30.5845 45.3071 6.65598
      vertex 35.1292 50.6282 10.2215
      vertex 27.9138 47.5283 6.65598
    endloop
  endfacet
  facet normal -0.390189 -0.232137 0.890991
    outer loop
      vertex 65.3816 14.2536 10.2215
      vertex 63.5119 17.3963 10.2215
      vertex 59.3214 10.7547 6.65598
    endloop
  endfacet
  facet normal -0.433557 -0.13469 0.891003
    outer loop
      vertex 77.2591 -12.4237 10.2215
      vertex 74.9301 -14.4577 8.78075
      vertex 75.3112 -14.3213 8.98681
    endloop
  endfacet
  facet normal -0.433602 -0.134629 0.890991
    outer loop
      vertex 70.6039 -14.5862 6.65598
      vertex 74.9301 -14.4577 8.78075
      vertex 77.2591 -12.4237 10.2215
    endloop
  endfacet
  facet normal -0.433589 -0.134785 0.890973
    outer loop
      vertex 74.9301 -14.4577 8.78075
      vertex 70.6039 -14.5862 6.65598
      vertex 74.3979 -14.7094 8.48368
    endloop
  endfacet
  facet normal -0.433596 -0.134574 0.891002
    outer loop
      vertex 74.3979 -14.7094 8.48368
      vertex 70.6039 -14.5862 6.65598
      vertex 73.8928 -15.0121 8.19216
    endloop
  endfacet
  facet normal -0.43346 -0.134593 0.891065
    outer loop
      vertex 71.683 -17.7049 6.70984
      vertex 70.6039 -14.5862 6.65598
      vertex 71.6237 -17.8705 6.65598
    endloop
  endfacet
  facet normal -0.433635 -0.134655 0.890971
    outer loop
      vertex 71.9347 -17.1726 6.91279
      vertex 70.6039 -14.5862 6.65598
      vertex 71.683 -17.7049 6.70984
    endloop
  endfacet
  facet normal -0.433597 -0.134633 0.890993
    outer loop
      vertex 72.2374 -16.6675 7.13642
      vertex 70.6039 -14.5862 6.65598
      vertex 71.9347 -17.1726 6.91279
    endloop
  endfacet
  facet normal -0.433585 -0.134622 0.891
    outer loop
      vertex 72.5882 -16.1946 7.37858
      vertex 70.6039 -14.5862 6.65598
      vertex 72.2374 -16.6675 7.13642
    endloop
  endfacet
  facet normal -0.433597 -0.13464 0.890992
    outer loop
      vertex 72.9836 -15.7583 7.63693
      vertex 70.6039 -14.5862 6.65598
      vertex 72.5882 -16.1946 7.37858
    endloop
  endfacet
  facet normal -0.433595 -0.134636 0.890993
    outer loop
      vertex 73.4199 -15.3629 7.909
      vertex 70.6039 -14.5862 6.65598
      vertex 72.9836 -15.7583 7.63693
    endloop
  endfacet
  facet normal -0.433601 -0.134668 0.890985
    outer loop
      vertex 73.8928 -15.0121 8.19216
      vertex 70.6039 -14.5862 6.65598
      vertex 73.4199 -15.3629 7.909
    endloop
  endfacet
  facet normal -0.438433 -0.188374 0.878801
    outer loop
      vertex 79.8396 0.507605 13.969
      vertex 78.3247 4.03348 13.969
      vertex 73.4629 -2.13368 10.2215
    endloop
  endfacet
  facet normal -0.425956 -0.157145 0.890992
    outer loop
      vertex 76.0837 -8.96098 10.2215
      vertex 74.818 -5.53018 10.2215
      vertex 68.285 -8.03794 6.65598
    endloop
  endfacet
  facet normal -0.473504 -0.160719 0.866004
    outer loop
      vertex 82.5898 -6.65703 13.969
      vertex 86.2392 -6.75335 15.9465
      vertex 85.7915 -5.52326 15.93
    endloop
  endfacet
  facet normal -0.473499 -0.160794 0.865993
    outer loop
      vertex 86.2392 -6.75335 15.9465
      vertex 82.5898 -6.65703 13.969
      vertex 86.4579 -7.42645 15.9411
    endloop
  endfacet
  facet normal -0.415781 -0.277789 0.866002
    outer loop
      vertex 70.212 26.1073 15.9399
      vertex 69.0879 27.7739 15.9348
      vertex 67.3491 24.2481 13.969
    endloop
  endfacet
  facet normal -0.348936 -0.358167 0.866003
    outer loop
      vertex 50.4774 50.4774 15.9399
      vertex 49.0313 51.8739 15.9348
      vertex 48.0636 48.0636 13.969
    endloop
  endfacet
  facet normal -0.400669 -0.299164 0.866005
    outer loop
      vertex 65.7455 32.5658 15.9267
      vertex 64.5598 34.1978 15.9419
      vertex 63.0023 30.5727 13.969
    endloop
  endfacet
  facet normal -0.357983 -0.239196 0.90257
    outer loop
      vertex 55.6918 16.6777 6.65598
      vertex 53.7619 19.566 6.65598
      vertex 49.7467 12.817 3.27485
    endloop
  endfacet
  facet normal -0.364119 -0.229748 0.902571
    outer loop
      vertex 57.5454 13.74 6.65598
      vertex 55.6918 16.6777 6.65598
      vertex 49.7467 12.817 3.27485
    endloop
  endfacet
  facet normal -0.366889 -0.305125 0.878801
    outer loop
      vertex 58.3304 36.6612 13.969
      vertex 55.8766 39.6117 13.969
      vertex 50.6282 35.1292 10.2215
    endloop
  endfacet
  facet normal -0.42975 -0.255655 0.866
    outer loop
      vertex 69.3969 21.0026 13.969
      vertex 72.9865 21.6671 15.9465
      vertex 72.2928 22.7773 15.93
    endloop
  endfacet
  facet normal -0.429722 -0.255759 0.865983
    outer loop
      vertex 72.9865 21.6671 15.9465
      vertex 69.3969 21.0026 13.969
      vertex 73.3404 21.0542 15.9411
    endloop
  endfacet
  facet normal -0.429731 -0.255656 0.866009
    outer loop
      vertex 73.3404 21.0542 15.9411
      vertex 71.3589 17.7046 13.969
      vertex 74.2955 19.4 15.9267
    endloop
  endfacet
  facet normal -0.429736 -0.255652 0.866008
    outer loop
      vertex 71.3589 17.7046 13.969
      vertex 73.3404 21.0542 15.9411
      vertex 69.3969 21.0026 13.969
    endloop
  endfacet
  facet normal -0.381021 -0.200468 0.902572
    outer loop
      vertex 62.6361 4.64989 6.65598
      vertex 61.0187 7.72401 6.65598
      vertex 54.789 4.34158 3.27485
    endloop
  endfacet
  facet normal -0.43844 -0.188368 0.878799
    outer loop
      vertex 78.3247 4.03348 13.969
      vertex 72.0194 1.22617 10.2215
      vertex 73.4629 -2.13368 10.2215
    endloop
  endfacet
  facet normal -0.464434 -0.185323 0.866
    outer loop
      vertex 83.7306 -0.0565686 15.935
      vertex 82.9775 1.80739 15.93
      vertex 79.8396 0.507605 13.969
    endloop
  endfacet
  facet normal -0.417153 -0.179222 0.89099
    outer loop
      vertex 73.4629 -2.13368 10.2215
      vertex 72.0194 1.22617 10.2215
      vertex 65.6267 -1.62007 6.65598
    endloop
  endfacet
  facet normal -0.427981 -0.21106 0.878798
    outer loop
      vertex 75.0208 10.9602 13.969
      vertex 68.8711 7.8268 10.2215
      vertex 70.4885 4.54709 10.2215
    endloop
  endfacet
  facet normal -0.442521 -0.232834 0.866004
    outer loop
      vertex 73.234 14.3564 13.969
      vertex 77.1186 14.285 15.9348
      vertex 76.2189 15.9771 15.93
    endloop
  endfacet
  facet normal -0.442522 -0.232819 0.866008
    outer loop
      vertex 77.1186 14.285 15.9348
      vertex 73.234 14.3564 13.969
      vertex 75.0208 10.9602 13.969
    endloop
  endfacet
  facet normal -0.448466 -0.221155 0.866008
    outer loop
      vertex 78.9437 10.7031 15.9348
      vertex 76.7181 7.51849 13.969
      vertex 79.7838 8.98072 15.93
    endloop
  endfacet
  facet normal -0.448459 -0.22116 0.866009
    outer loop
      vertex 76.7181 7.51849 13.969
      vertex 78.9437 10.7031 15.9348
      vertex 75.0208 10.9602 13.969
    endloop
  endfacet
  facet normal -0.448459 -0.221176 0.866006
    outer loop
      vertex 78.9437 10.7031 15.9348
      vertex 78.0624 12.51 15.9399
      vertex 75.0208 10.9602 13.969
    endloop
  endfacet
  facet normal -0.364119 -0.229748 0.902571
    outer loop
      vertex 57.5454 13.74 6.65598
      vertex 49.7467 12.817 3.27485
      vertex 51.5013 10.0362 3.27485
    endloop
  endfacet
  facet normal -0.344071 -0.216988 0.913527
    outer loop
      vertex 49.2453 12.4913 3.00864
      vertex 49.3824 12.2718 3.00814
      vertex 49.7467 12.817 3.27485
    endloop
  endfacet
  facet normal -0.357986 -0.239194 0.90257
    outer loop
      vertex 53.7619 19.566 6.65598
      vertex 47.92 15.5509 3.27485
      vertex 49.7467 12.817 3.27485
    endloop
  endfacet
  facet normal -0.37077 -0.262037 0.890992
    outer loop
      vertex 59.529 23.5295 10.2215
      vertex 51.7571 22.4027 6.65598
      vertex 53.7619 19.566 6.65598
    endloop
  endfacet
  facet normal 0.00594717 -0.453984 0.89099
    outer loop
      vertex -55.5886 84.0958 10.2215
      vertex -59.2451 84.0479 10.2215
      vertex -59.0619 77.0526 6.65598
    endloop
  endfacet
  facet normal 0.0187396 -0.476821 0.878801
    outer loop
      vertex -59.4258 90.9476 13.969
      vertex -63.2603 90.7969 13.969
      vertex -59.2451 84.0479 10.2215
    endloop
  endfacet
  facet normal -0.0327041 -0.498964 0.866005
    outer loop
      vertex -45.7327 94.0656 15.9348
      vertex -47.7382 94.2059 15.9399
      vertex -47.9168 90.7969 13.969
    endloop
  endfacet
  facet normal -0.0196317 -0.499649 0.866005
    outer loop
      vertex -47.7382 94.2059 15.9399
      vertex -49.7473 94.276 15.9348
      vertex -47.9168 90.7969 13.969
    endloop
  endfacet
  facet normal 0.0651569 -0.44932 0.890992
    outer loop
      vertex -73.821 82.9008 10.2215
      vertex -77.44 82.376 10.2215
      vertex -72.9076 75.9629 6.65598
    endloop
  endfacet
  facet normal 0.093106 -0.468022 0.878798
    outer loop
      vertex -81.044 81.7568 10.2215
      vertex -82.3018 88.5432 13.969
      vertex -84.6306 81.0433 10.2215
    endloop
  endfacet
  facet normal 0.10531 -0.465426 0.878799
    outer loop
      vertex -84.6306 81.0433 10.2215
      vertex -89.8085 86.9476 13.969
      vertex -88.1972 80.2363 10.2215
    endloop
  endfacet
  facet normal 0.117461 -0.462509 0.878799
    outer loop
      vertex -88.1972 80.2363 10.2215
      vertex -89.8085 86.9476 13.969
      vertex -93.5279 86.003 13.969
    endloop
  endfacet
  facet normal -0.490473 -0.0974751 0.865988
    outer loop
      vertex 88.5432 -28.8753 13.969
      vertex 91.6555 -26.9672 15.9465
      vertex 91.5084 -26.275 15.9411
    endloop
  endfacet
  facet normal -0.490434 -0.0975525 0.866001
    outer loop
      vertex 91.6555 -26.9672 15.9465
      vertex 88.5432 -28.8753 13.969
      vertex 91.8828 -28.2564 15.93
    endloop
  endfacet
  facet normal -0.445292 -0.0885866 0.890992
    outer loop
      vertex 81.7568 -30.1331 10.2215
      vertex 81.0433 -26.5466 10.2215
      vertex 74.8762 -31.4084 6.65598
    endloop
  endfacet
  facet normal -0.470303 -0.0808023 0.878798
    outer loop
      vertex 88.5432 -28.8753 13.969
      vertex 81.7568 -30.1331 10.2215
      vertex 82.376 -33.7371 10.2215
    endloop
  endfacet
  facet normal -0.481255 -0.13573 0.866009
    outer loop
      vertex 84.9613 -13.9558 13.969
      vertex 88.7462 -14.8333 15.9348
      vertex 88.218 -12.9911 15.93
    endloop
  endfacet
  facet normal -0.481256 -0.135735 0.866007
    outer loop
      vertex 88.7462 -14.8333 15.9348
      vertex 84.9613 -13.9558 13.969
      vertex 86.003 -17.6492 13.969
    endloop
  endfacet
  facet normal -0.477532 -0.148299 0.866008
    outer loop
      vertex 87.6716 -11.1617 15.9419
      vertex 87.0482 -9.24308 15.9267
      vertex 83.8233 -10.2909 13.969
    endloop
  endfacet
  facet normal -0.473495 -0.160723 0.866008
    outer loop
      vertex 86.4579 -7.42645 15.9411
      vertex 83.8233 -10.2909 13.969
      vertex 87.0482 -9.24308 15.9267
    endloop
  endfacet
  facet normal -0.473494 -0.160725 0.866009
    outer loop
      vertex 83.8233 -10.2909 13.969
      vertex 86.4579 -7.42645 15.9411
      vertex 82.5898 -6.65703 13.969
    endloop
  endfacet
  facet normal -0.453047 -0.0296982 0.890992
    outer loop
      vertex 83.9044 -48.2781 10.2215
      vertex 83.6652 -44.6291 10.2215
      vertex 76.689 -45.1781 6.65598
    endloop
  endfacet
  facet normal -0.476172 -0.0312141 0.878798
    outer loop
      vertex 90.7969 -47.9168 13.969
      vertex 83.6652 -44.6291 10.2215
      vertex 83.9044 -48.2781 10.2215
    endloop
  endfacet
  facet normal -0.455724 -0.141508 0.878801
    outer loop
      vertex 80.5596 -15.0121 11.5163
      vertex 84.9613 -13.9558 13.969
      vertex 83.8233 -10.2909 13.969
    endloop
  endfacet
  facet normal -0.455729 -0.141489 0.878802
    outer loop
      vertex 84.9613 -13.9558 13.969
      vertex 80.5596 -15.0121 11.5163
      vertex 80.7981 -15.189 11.6115
    endloop
  endfacet
  facet normal -0.455788 -0.141452 0.878777
    outer loop
      vertex 83.8233 -10.2909 13.969
      vertex 80.0546 -14.7094 11.3031
      vertex 80.5596 -15.0121 11.5163
    endloop
  endfacet
  facet normal -0.455669 -0.141578 0.878818
    outer loop
      vertex 80.0546 -14.7094 11.3031
      vertex 83.8233 -10.2909 13.969
      vertex 79.6879 -14.536 11.1409
    endloop
  endfacet
  facet normal -0.428732 -0.0393994 0.902572
    outer loop
      vertex 76.3712 -41.719 6.65598
      vertex 69.3213 -42.46 3.27485
      vertex 69.6222 -45.7343 3.27485
    endloop
  endfacet
  facet normal -0.388473 -0.120648 0.913528
    outer loop
      vertex 64.8372 -19.9168 3.27485
      vertex 63.9495 -19.0421 3.01288
      vertex 64.178 -19.8388 3.00483
    endloop
  endfacet
  facet normal -0.388456 -0.120628 0.913537
    outer loop
      vertex 63.8621 -16.7767 3.27485
      vertex 63.9495 -19.0421 3.01288
      vertex 64.8372 -19.9168 3.27485
    endloop
  endfacet
  facet normal -0.388514 -0.120627 0.913513
    outer loop
      vertex 63.9495 -19.0421 3.01288
      vertex 63.8621 -16.7767 3.27485
      vertex 63.2754 -16.9673 3.00016
    endloop
  endfacet
  facet normal -0.394244 -0.100129 0.913535
    outer loop
      vertex 65.2148 -23.4874 3.00814
      vertex 66.5391 -26.2683 3.27485
      vertex 65.7297 -23.0814 3.27485
    endloop
  endfacet
  facet normal -0.394244 -0.100129 0.913535
    outer loop
      vertex 66.5391 -26.2683 3.27485
      vertex 65.2148 -23.4874 3.00814
      vertex 65.9438 -26.4112 3.00228
    endloop
  endfacet
  facet normal -0.428737 -0.0393896 0.90257
    outer loop
      vertex 76.689 -45.1781 6.65598
      vertex 76.3712 -41.719 6.65598
      vertex 69.6222 -45.7343 3.27485
    endloop
  endfacet
  facet normal -0.429621 -0.0281526 0.90257
    outer loop
      vertex 76.689 -45.1781 6.65598
      vertex 69.6222 -45.7343 3.27485
      vertex 69.8372 -49.0153 3.27485
    endloop
  endfacet
  facet normal -0.46541 0.105349 0.878803
    outer loop
      vertex 86.9476 -89.8085 13.969
      vertex 83.7125 -86.9714 11.9156
      vertex 82.5382 -88.7499 11.5069
    endloop
  endfacet
  facet normal -0.465413 0.105304 0.878807
    outer loop
      vertex 82.8461 -86.2116 11.3657
      vertex 81.0433 -84.6306 10.2215
      vertex 80.8091 -85.6657 10.2215
    endloop
  endfacet
  facet normal -0.422267 0.0839978 0.902571
    outer loop
      vertex 74.8762 -79.7688 6.65598
      vertex 67.9062 -78.477 3.27485
      vertex 67.2647 -81.7019 3.27485
    endloop
  endfacet
  facet normal -0.419948 0.0950088 0.902562
    outer loop
      vertex 74.1985 -83.1757 6.65598
      vertex 73.6792 -83.7553 6.47537
      vertex 74.0452 -83.8533 6.65598
    endloop
  endfacet
  facet normal -0.419919 0.0950274 0.902573
    outer loop
      vertex 73.7606 -85.1111 6.65598
      vertex 67.2647 -81.7019 3.27485
      vertex 73.4319 -86.5636 6.65598
    endloop
  endfacet
  facet normal -0.419931 0.0949905 0.902571
    outer loop
      vertex 67.2647 -81.7019 3.27485
      vertex 73.6792 -83.7553 6.47537
      vertex 74.1985 -83.1757 6.65598
    endloop
  endfacet
  facet normal -0.419921 0.0950229 0.902573
    outer loop
      vertex 67.2647 -81.7019 3.27485
      vertex 73.7606 -85.1111 6.65598
      vertex 73.6792 -83.7553 6.47537
    endloop
  endfacet
  facet normal -0.492822 0.0846541 0.866002
    outer loop
      vertex 89.1931 -78.5197 13.969
      vertex 92.2319 -80.941 15.935
      vertex 92.5647 -79.0537 15.9399
    endloop
  endfacet
  facet normal -0.492805 0.0846815 0.866009
    outer loop
      vertex 92.2319 -80.941 15.935
      vertex 89.1931 -78.5197 13.969
      vertex 88.5432 -82.3018 13.969
    endloop
  endfacet
  facet normal -0.476827 0.018726 0.878798
    outer loop
      vertex 90.7969 -63.2603 13.969
      vertex 84.0479 -59.2451 10.2215
      vertex 83.9044 -62.8991 10.2215
    endloop
  endfacet
  facet normal -0.453979 0.00593402 0.890993
    outer loop
      vertex 84.0958 -55.5886 10.2215
      vertex 77.098 -55.5886 6.65598
      vertex 77.0526 -59.0619 6.65598
    endloop
  endfacet
  facet normal -0.499993 -0.00652519 0.866005
    outer loop
      vertex 94.3886 -55.5886 15.9267
      vertex 94.3886 -53.5713 15.9419
      vertex 90.9978 -55.5886 13.969
    endloop
  endfacet
  facet normal -0.499993 0.00652519 0.866005
    outer loop
      vertex 94.3886 -57.6059 15.9419
      vertex 94.3886 -55.5886 15.9267
      vertex 90.9978 -55.5886 13.969
    endloop
  endfacet
  facet normal -0.402576 0.0584921 0.913516
    outer loop
      vertex 68.9348 -71.9824 3.27485
      vertex 68.3279 -71.9025 3.00228
      vertex 68.2911 -72.1639 3.0028
    endloop
  endfacet
  facet normal -0.445293 0.0885844 0.890992
    outer loop
      vertex 81.0433 -84.6306 10.2215
      vertex 81.7568 -81.044 10.2215
      vertex 74.8762 -79.7688 6.65598
    endloop
  endfacet
  facet normal -0.452116 0.0415428 0.890991
    outer loop
      vertex 83.3306 -70.1896 10.2215
      vertex 83.6652 -66.5481 10.2215
      vertex 76.3712 -69.4581 6.65598
    endloop
  endfacet
  facet normal -0.405044 0.0372104 0.913539
    outer loop
      vertex 68.9358 -66.483 3.01288
      vertex 69.6222 -65.4429 3.27485
      vertex 68.9936 -65.6562 3.00483
    endloop
  endfacet
  facet normal -0.405064 0.0372255 0.91353
    outer loop
      vertex 69.6222 -65.4429 3.27485
      vertex 68.9358 -66.483 3.01288
      vertex 69.3213 -68.7171 3.27485
    endloop
  endfacet
  facet normal -0.405049 0.0372288 0.913537
    outer loop
      vertex 69.3213 -68.7171 3.27485
      vertex 68.9358 -66.483 3.01288
      vertex 68.7077 -68.6526 3.00016
    endloop
  endfacet
  facet normal -0.406725 -0.00539274 0.913535
    outer loop
      vertex 69.9663 -52.3008 3.27485
      vertex 69.3543 -52.3168 3.00228
      vertex 69.3635 -52.5787 3.00483
    endloop
  endfacet
  facet normal -0.450873 0.0533676 0.890991
    outer loop
      vertex 83.3306 -70.1896 10.2215
      vertex 76.3712 -69.4581 6.65598
      vertex 75.9629 -72.9076 6.65598
    endloop
  endfacet
  facet normal -0.427554 0.0506078 0.902572
    outer loop
      vertex 75.9629 -72.9076 6.65598
      vertex 69.3213 -68.7171 3.27485
      vertex 68.9348 -71.9824 3.27485
    endloop
  endfacet
  facet normal -0.405894 0.0265992 0.913533
    outer loop
      vertex 69.0303 -65.1315 3.0028
      vertex 69.8372 -62.1619 3.27485
      vertex 69.2401 -62.1306 3.00864
    endloop
  endfacet
  facet normal -0.405888 0.0265973 0.913536
    outer loop
      vertex 69.8372 -62.1619 3.27485
      vertex 69.0303 -65.1315 3.0028
      vertex 69.6222 -65.4429 3.27485
    endloop
  endfacet
  facet normal -0.0729063 -0.424324 0.902571
    outer loop
      vertex -31.4084 74.8762 6.65598
      vertex -34.8318 75.4644 6.65598
      vertex -35.9407 68.463 3.27485
    endloop
  endfacet
  facet normal -0.0372693 -0.405065 0.913528
    outer loop
      vertex -45.5209 68.9936 3.00483
      vertex -45.7343 69.6222 3.27485
      vertex -45.7823 69.0119 3.00228
    endloop
  endfacet
  facet normal -0.0617865 -0.426085 0.902571
    outer loop
      vertex -34.8318 75.4644 6.65598
      vertex -38.2695 75.9629 6.65598
      vertex -35.9407 68.463 3.27485
    endloop
  endfacet
  facet normal 0.0415374 -0.452115 0.890992
    outer loop
      vertex -65.999 76.689 6.65598
      vertex -66.5481 83.6652 10.2215
      vertex -69.4581 76.3712 6.65598
    endloop
  endfacet
  facet normal 0.00532658 -0.406766 0.913517
    outer loop
      vertex -55.5886 70.0093 3.27485
      vertex -57.7701 69.3924 3.01288
      vertex -55.5886 69.3924 3.00016
    endloop
  endfacet
  facet normal 0.00531985 -0.406746 0.913526
    outer loop
      vertex -58.8763 69.9663 3.27485
      vertex -57.7701 69.3924 3.01288
      vertex -55.5886 70.0093 3.27485
    endloop
  endfacet
  facet normal 0.00531377 -0.406756 0.913521
    outer loop
      vertex -57.7701 69.3924 3.01288
      vertex -58.8763 69.9663 3.27485
      vertex -58.5984 69.3635 3.00483
    endloop
  endfacet
  facet normal -0.216988 -0.344071 0.913527
    outer loop
      vertex 12.2718 49.3824 3.00814
      vertex 12.4913 49.2453 3.00864
      vertex 12.817 49.7467 3.27485
    endloop
  endfacet
  facet normal -0.149013 -0.403932 0.902571
    outer loop
      vertex -10.5783 61.6672 3.27485
      vertex -11.2969 69.4873 6.65598
      vertex -13.6631 62.8052 3.27485
    endloop
  endfacet
  facet normal -0.160628 -0.373709 0.913532
    outer loop
      vertex -7.51564 59.785 3.00483
      vertex -7.52433 60.4488 3.27485
      vertex -7.75861 59.8832 3.00228
    endloop
  endfacet
  facet normal -0.130734 -0.385225 0.913515
    outer loop
      vertex -13.8675 62.2282 3.00228
      vertex -13.6631 62.8052 3.27485
      vertex -14.1137 62.3178 3.00483
    endloop
  endfacet
  facet normal -0.209322 -0.45411 0.866007
    outer loop
      vertex 7.25553 80.6019 15.9419
      vertex 5.41263 81.4224 15.9267
      vertex 4.03348 78.3247 13.969
    endloop
  endfacet
  facet normal -0.0839973 -0.422267 0.902571
    outer loop
      vertex -28.0015 74.1985 6.65598
      vertex -31.4084 74.8762 6.65598
      vertex -29.4753 67.2647 3.27485
    endloop
  endfacet
  facet normal -0.0949871 -0.419815 0.902626
    outer loop
      vertex -28.0015 74.1985 6.65598
      vertex -24.639 73.4199 6.6477
      vertex -24.6549 73.4413 6.65598
    endloop
  endfacet
  facet normal -0.0946797 -0.418494 0.903271
    outer loop
      vertex -28.0015 74.1985 6.65598
      vertex -24.6304 73.4104 6.6442
      vertex -24.639 73.4199 6.6477
    endloop
  endfacet
  facet normal -0.0950166 -0.419925 0.902571
    outer loop
      vertex -24.6304 73.4104 6.6442
      vertex -28.0015 74.1985 6.65598
      vertex -29.4753 67.2647 3.27485
    endloop
  endfacet
  facet normal -0.134634 -0.433539 0.89102
    outer loop
      vertex -12.4237 77.2591 10.2215
      vertex -14.027 77.757 10.2215
      vertex -14.001 77.2262 9.96716
    endloop
  endfacet
  facet normal -0.134627 -0.433613 0.890986
    outer loop
      vertex -14.0298 76.6381 9.6766
      vertex -12.4237 77.2591 10.2215
      vertex -14.001 77.2262 9.96716
    endloop
  endfacet
  facet normal -0.13462 -0.433627 0.89098
    outer loop
      vertex -14.1162 76.0557 9.3801
      vertex -12.4237 77.2591 10.2215
      vertex -14.0298 76.6381 9.6766
    endloop
  endfacet
  facet normal -0.134671 -0.433569 0.891
    outer loop
      vertex -14.2593 75.4845 9.08052
      vertex -12.4237 77.2591 10.2215
      vertex -14.1162 76.0557 9.3801
    endloop
  endfacet
  facet normal -0.134595 -0.433634 0.89098
    outer loop
      vertex -12.4237 77.2591 10.2215
      vertex -14.2593 75.4845 9.08052
      vertex -14.3213 75.3112 8.98681
    endloop
  endfacet
  facet normal -0.105903 -0.417315 0.90257
    outer loop
      vertex -26.2683 66.5391 3.27485
      vertex -24.6033 73.3804 6.63338
      vertex -24.6211 73.4001 6.6404
    endloop
  endfacet
  facet normal -0.105984 -0.417296 0.90257
    outer loop
      vertex -24.6033 73.3804 6.63338
      vertex -26.2683 66.5391 3.27485
      vertex -23.0814 65.7297 3.27485
    endloop
  endfacet
  facet normal -0.173096 -0.469124 0.866003
    outer loop
      vertex -3.63416 85.1039 15.935
      vertex -3.05671 81.2616 13.969
      vertex -1.83338 84.4485 15.9399
    endloop
  endfacet
  facet normal -0.173065 -0.469123 0.866009
    outer loop
      vertex -3.05671 81.2616 13.969
      vertex -3.63416 85.1039 15.935
      vertex -6.65703 82.5898 13.969
    endloop
  endfacet
  facet normal -0.145936 -0.429925 0.890992
    outer loop
      vertex -8.96098 76.0837 10.2215
      vertex -12.4237 77.2591 10.2215
      vertex -11.2969 69.4873 6.65598
    endloop
  endfacet
  facet normal -0.222192 -0.422305 0.8788
    outer loop
      vertex 11.063 67.1684 10.2215
      vertex 14.3564 73.234 13.969
      vertex 7.8268 68.8711 10.2215
    endloop
  endfacet
  facet normal -0.232813 -0.442529 0.866006
    outer loop
      vertex 14.285 77.1186 15.9348
      vertex 12.51 78.0624 15.9399
      vertex 10.9602 75.0208 13.969
    endloop
  endfacet
  facet normal -0.242276 -0.383974 0.890992
    outer loop
      vertex 16.6777 55.6918 6.65598
      vertex 20.489 61.5606 10.2215
      vertex 13.74 57.5454 6.65598
    endloop
  endfacet
  facet normal -0.211402 -0.401803 0.89099
    outer loop
      vertex 7.72401 61.0187 6.65598
      vertex 7.8268 68.8711 10.2215
      vertex 4.64989 62.6361 6.65598
    endloop
  endfacet
  facet normal -0.199781 -0.433361 0.878798
    outer loop
      vertex 7.51849 76.7181 13.969
      vertex 4.03348 78.3247 13.969
      vertex 4.54709 70.4885 10.2215
    endloop
  endfacet
  facet normal -0.0684673 -0.472258 0.878797
    outer loop
      vertex -32.6574 89.1931 13.969
      vertex -36.4552 89.7437 13.969
      vertex -37.3561 82.9008 10.2215
    endloop
  endfacet
  facet normal -0.0684819 -0.472249 0.878801
    outer loop
      vertex -33.7371 82.376 10.2215
      vertex -32.6574 89.1931 13.969
      vertex -37.3561 82.9008 10.2215
    endloop
  endfacet
  facet normal -0.0931017 -0.468021 0.8788
    outer loop
      vertex -25.1116 87.7945 13.969
      vertex -28.8753 88.5432 13.969
      vertex -26.5466 81.0433 10.2215
    endloop
  endfacet
  facet normal -0.0885866 -0.445292 0.890992
    outer loop
      vertex -26.5466 81.0433 10.2215
      vertex -30.1331 81.7568 10.2215
      vertex -31.4084 74.8762 6.65598
    endloop
  endfacet
  facet normal -0.0768781 -0.447462 0.890992
    outer loop
      vertex -30.1331 81.7568 10.2215
      vertex -33.7371 82.376 10.2215
      vertex -31.4084 74.8762 6.65598
    endloop
  endfacet
  facet normal -0.0808023 -0.470303 0.878798
    outer loop
      vertex -30.1331 81.7568 10.2215
      vertex -28.8753 88.5432 13.969
      vertex -33.7371 82.376 10.2215
    endloop
  endfacet
  facet normal -0.0187391 -0.476821 0.878801
    outer loop
      vertex -47.9168 90.7969 13.969
      vertex -51.7514 90.9476 13.969
      vertex -51.9321 84.0479 10.2215
    endloop
  endfacet
  facet normal -0.00562701 -0.430504 0.902571
    outer loop
      vertex -52.1152 77.0526 6.65598
      vertex -55.5886 77.098 6.65598
      vertex -55.5886 70.0093 3.27485
    endloop
  endfacet
  facet normal -0.0296959 -0.453046 0.890992
    outer loop
      vertex -45.1781 76.689 6.65598
      vertex -48.2781 83.9044 10.2215
      vertex -48.6443 76.9162 6.65598
    endloop
  endfacet
  facet normal -0.0281526 -0.429621 0.90257
    outer loop
      vertex -45.7343 69.6222 3.27485
      vertex -45.1781 76.689 6.65598
      vertex -49.0153 69.8372 3.27485
    endloop
  endfacet
  facet normal -0.0312141 -0.476172 0.878798
    outer loop
      vertex -44.6291 83.6652 10.2215
      vertex -47.9168 90.7969 13.969
      vertex -48.2781 83.9044 10.2215
    endloop
  endfacet
  facet normal -0.0436593 -0.475192 0.878798
    outer loop
      vertex -40.2661 90.1948 13.969
      vertex -44.0875 90.5459 13.969
      vertex -44.6291 83.6652 10.2215
    endloop
  endfacet
  facet normal -0.123092 -0.484654 0.866001
    outer loop
      vertex -16.7657 89.3003 15.9399
      vertex -18.7163 89.7866 15.9348
      vertex -17.6492 86.003 13.969
    endloop
  endfacet
  facet normal -0.0975835 -0.490422 0.866005
    outer loop
      vertex -26.275 91.5084 15.9411
      vertex -25.1116 87.7945 13.969
      vertex -24.4066 91.1112 15.9267
    endloop
  endfacet
  facet normal -0.0975569 -0.490416 0.866011
    outer loop
      vertex -25.1116 87.7945 13.969
      vertex -26.275 91.5084 15.9411
      vertex -28.8753 88.5432 13.969
    endloop
  endfacet
  facet normal -0.179222 -0.417153 0.89099
    outer loop
      vertex 1.22617 72.0194 10.2215
      vertex -2.13368 73.4629 10.2215
      vertex -1.62007 65.6267 6.65598
    endloop
  endfacet
  facet normal -0.349069 -0.290319 0.890991
    outer loop
      vertex 52.9666 32.3176 10.2215
      vertex 50.6282 35.1292 10.2215
      vertex 47.5283 27.9138 6.65598
    endloop
  endfacet
  facet normal -0.305138 -0.366885 0.878798
    outer loop
      vertex 35.1292 50.6282 10.2215
      vertex 36.6612 58.3304 13.969
      vertex 32.3176 52.9666 10.2215
    endloop
  endfacet
  facet normal -0.288606 -0.40834 0.866005
    outer loop
      vertex 32.5658 65.7455 15.9267
      vertex 30.9338 66.9312 15.9419
      vertex 30.5727 63.0023 13.969
    endloop
  endfacet
  facet normal 0.105311 -0.465425 0.8788
    outer loop
      vertex -86.0656 87.7945 13.969
      vertex -89.8085 86.9476 13.969
      vertex -84.6306 81.0433 10.2215
    endloop
  endfacet
  facet normal 0.0975542 -0.490416 0.866011
    outer loop
      vertex -84.9022 91.5084 15.9411
      vertex -86.0656 87.7945 13.969
      vertex -82.3018 88.5432 13.969
    endloop
  endfacet
  facet normal 0.0975835 -0.490422 0.866005
    outer loop
      vertex -86.0656 87.7945 13.969
      vertex -84.9022 91.5084 15.9411
      vertex -86.7706 91.1112 15.9267
    endloop
  endfacet
  facet normal 0.127929 -0.411609 0.902337
    outer loop
      vertex -95.5524 70.9264 6.65598
      vertex -95.6885 70.8841 6.65598
      vertex -95.6777 70.8437 6.63602
    endloop
  endfacet
  facet normal 0.123249 -0.436975 0.890989
    outer loop
      vertex -95.2611 78.3435 10.2215
      vertex -93.0911 72.5515 7.08071
      vertex -91.7415 79.3362 10.2215
    endloop
  endfacet
  facet normal 0.123261 -0.436971 0.89099
    outer loop
      vertex -93.0911 72.5515 7.08071
      vertex -95.2611 78.3435 10.2215
      vertex -93.4711 72.3006 7.01023
    endloop
  endfacet
  facet normal 0.129497 -0.459343 0.878769
    outer loop
      vertex -94.8193 80.2961 11.1768
      vertex -91.7415 79.3362 10.2215
      vertex -91.9526 80.124 10.6644
    endloop
  endfacet
  facet normal 0.129534 -0.45926 0.878806
    outer loop
      vertex -91.7415 79.3362 10.2215
      vertex -94.8193 80.2961 11.1768
      vertex -95.2611 78.3435 10.2215
    endloop
  endfacet
  facet normal 0.141496 -0.455742 0.878794
    outer loop
      vertex -97.426 80.4525 11.6638
      vertex -97.5009 77.6481 10.2215
      vertex -95.2611 78.3435 10.2215
    endloop
  endfacet
  facet normal 0.141542 -0.45574 0.878787
    outer loop
      vertex -97.5009 77.6481 10.2215
      vertex -97.426 80.4525 11.6638
      vertex -98.2658 80.5029 11.8252
    endloop
  endfacet
  facet normal 0.0281611 -0.429618 0.902572
    outer loop
      vertex -62.5329 76.9162 6.65598
      vertex -65.999 76.689 6.65598
      vertex -62.1619 69.8372 3.27485
    endloop
  endfacet
  facet normal 0.0169059 -0.430208 0.902572
    outer loop
      vertex -59.0619 77.0526 6.65598
      vertex -62.5329 76.9162 6.65598
      vertex -62.1619 69.8372 3.27485
    endloop
  endfacet
  facet normal 0.0793891 -0.398968 0.913522
    outer loop
      vertex -78.477 67.9062 3.27485
      vertex -79.4397 67.1148 3.01288
      vertex -78.3654 67.3043 3.00228
    endloop
  endfacet
  facet normal 0.0793563 -0.398934 0.913539
    outer loop
      vertex -81.7019 67.2647 3.27485
      vertex -79.4397 67.1148 3.01288
      vertex -78.477 67.9062 3.27485
    endloop
  endfacet
  facet normal 0.0793506 -0.398983 0.913519
    outer loop
      vertex -79.4397 67.1148 3.01288
      vertex -81.7019 67.2647 3.27485
      vertex -81.3143 66.7164 3.00171
    endloop
  endfacet
  facet normal 0.0584921 -0.402576 0.913516
    outer loop
      vertex -71.9025 68.3279 3.00228
      vertex -71.9824 68.9348 3.27485
      vertex -72.1639 68.2911 3.0028
    endloop
  endfacet
  facet normal 0.0808136 -0.470296 0.878801
    outer loop
      vertex -78.5197 89.1931 13.969
      vertex -82.3018 88.5432 13.969
      vertex -77.44 82.376 10.2215
    endloop
  endfacet
  facet normal 0.0808023 -0.470303 0.878798
    outer loop
      vertex -77.44 82.376 10.2215
      vertex -82.3018 88.5432 13.969
      vertex -81.044 81.7568 10.2215
    endloop
  endfacet
  facet normal -0.295432 -0.374743 0.878799
    outer loop
      vertex 36.6612 58.3304 13.969
      vertex 33.6476 60.7062 13.969
      vertex 29.4459 55.2305 10.2215
    endloop
  endfacet
  facet normal -0.275415 -0.389687 0.878801
    outer loop
      vertex 26.5158 57.4184 10.2215
      vertex 30.5727 63.0023 13.969
      vertex 23.5295 59.529 10.2215
    endloop
  endfacet
  facet normal -0.359969 -0.189435 0.91353
    outer loop
      vertex 54.789 4.34158 3.27485
      vertex 54.251 4.04946 3.00228
      vertex 54.375 3.81634 3.0028
    endloop
  endfacet
  facet normal -0.410108 -0.243976 0.878799
    outer loop
      vertex 71.3589 17.7046 13.969
      vertex 69.3969 21.0026 13.969
      vertex 65.3816 14.2536 10.2215
    endloop
  endfacet
  facet normal -0.354913 -0.19876 0.913527
    outer loop
      vertex 54.789 4.34158 3.27485
      vertex 53.7389 5.01263 3.01288
      vertex 54.128 4.28084 3.00483
    endloop
  endfacet
  facet normal -0.354913 -0.19876 0.913527
    outer loop
      vertex 53.1824 7.21039 3.27485
      vertex 53.7389 5.01263 3.01288
      vertex 54.789 4.34158 3.27485
    endloop
  endfacet
  facet normal -0.354904 -0.198758 0.913531
    outer loop
      vertex 53.7389 5.01263 3.01288
      vertex 53.1824 7.21039 3.27485
      vertex 52.6481 6.90191 3.00016
    endloop
  endfacet
  facet normal -0.399894 -0.15954 0.90257
    outer loop
      vertex 68.285 -8.03794 6.65598
      vertex 60.4488 -7.52433 3.27485
      vertex 61.6672 -10.5783 3.27485
    endloop
  endfacet
  facet normal -0.359998 -0.189408 0.913524
    outer loop
      vertex 54.375 3.81634 3.0028
      vertex 56.32 1.43169 3.27485
      vertex 54.789 4.34158 3.27485
    endloop
  endfacet
  facet normal -0.359963 -0.189377 0.913544
    outer loop
      vertex 56.32 1.43169 3.27485
      vertex 54.375 3.81634 3.0028
      vertex 55.7872 1.16024 3.00864
    endloop
  endfacet
  facet normal -0.386141 -0.190428 0.90257
    outer loop
      vertex 64.1724 1.53449 6.65598
      vertex 56.32 1.43169 3.27485
      vertex 57.7743 -1.51727 3.27485
    endloop
  endfacet
  facet normal -0.3259 -0.24334 0.913551
    outer loop
      vertex 46.0223 18.236 3.27485
      vertex 44.2409 19.6383 3.01288
      vertex 45.3673 18.0878 3.00171
    endloop
  endfacet
  facet normal -0.325923 -0.243372 0.913534
    outer loop
      vertex 44.055 20.8706 3.27485
      vertex 44.2409 19.6383 3.01288
      vertex 46.0223 18.236 3.27485
    endloop
  endfacet
  facet normal -0.325917 -0.243372 0.913536
    outer loop
      vertex 44.2409 19.6383 3.01288
      vertex 44.055 20.8706 3.27485
      vertex 43.5693 20.4979 3.00228
    endloop
  endfacet
  facet normal -0.312752 -0.260111 0.913525
    outer loop
      vertex 39.9168 25.9808 3.27485
      vertex 41.3883 23.2748 3.00814
      vertex 42.0193 23.4528 3.27485
    endloop
  endfacet
  facet normal -0.312744 -0.260107 0.913529
    outer loop
      vertex 41.3883 23.2748 3.00814
      vertex 39.9168 25.9808 3.27485
      vertex 39.4513 25.5832 3.00228
    endloop
  endfacet
  facet normal -0.341351 -0.299356 0.890991
    outer loop
      vertex 50.6282 35.1292 10.2215
      vertex 43.0168 33.1961 6.65598
      vertex 45.3071 30.5845 6.65598
    endloop
  endfacet
  facet normal -0.331018 -0.275305 0.902571
    outer loop
      vertex 47.5283 27.9138 6.65598
      vertex 45.3071 30.5845 6.65598
      vertex 42.0193 23.4528 3.27485
    endloop
  endfacet
  facet normal -0.29936 -0.34135 0.89099
    outer loop
      vertex 37.8785 48.2171 10.2215
      vertex 35.1292 50.6282 10.2215
      vertex 33.1961 43.0168 6.65598
    endloop
  endfacet
  facet normal -0.291363 -0.283892 0.913517
    outer loop
      vertex 35.5169 30.8673 3.27485
      vertex 34.8895 30.6358 3.0028
      vertex 35.0729 30.4459 3.00228
    endloop
  endfacet
  facet normal -0.207947 -0.349577 0.913539
    outer loop
      vertex 10.0362 51.5013 3.27485
      vertex 8.79119 51.5573 3.01288
      vertex 9.71629 50.9793 3.00228
    endloop
  endfacet
  facet normal -0.207948 -0.349546 0.913551
    outer loop
      vertex 7.21039 53.1824 3.27485
      vertex 8.79119 51.5573 3.01288
      vertex 10.0362 51.5013 3.27485
    endloop
  endfacet
  facet normal -0.207993 -0.349585 0.913526
    outer loop
      vertex 8.79119 51.5573 3.01288
      vertex 7.21039 53.1824 3.27485
      vertex 7.13146 52.5156 3.00171
    endloop
  endfacet
  facet normal -0.210374 -0.375642 0.902572
    outer loop
      vertex 10.7547 59.3214 6.65598
      vertex 7.72401 61.0187 6.65598
      vertex 4.34158 54.789 3.27485
    endloop
  endfacet
  facet normal -0.292253 -0.316149 0.902573
    outer loop
      vertex 30.8673 35.5169 3.27485
      vertex 35.7469 40.6589 6.65598
      vertex 28.4528 37.7489 3.27485
    endloop
  endfacet
  facet normal -0.27612 -0.298739 0.913517
    outer loop
      vertex 30.8673 35.5169 3.27485
      vertex 29.6612 35.8306 3.01288
      vertex 30.4459 35.0729 3.00228
    endloop
  endfacet
  facet normal -0.276111 -0.298687 0.913536
    outer loop
      vertex 28.4528 37.7489 3.27485
      vertex 29.6612 35.8306 3.01288
      vertex 30.8673 35.5169 3.27485
    endloop
  endfacet
  facet normal -0.276116 -0.29869 0.913534
    outer loop
      vertex 29.6612 35.8306 3.01288
      vertex 28.4528 37.7489 3.27485
      vertex 28.237 37.113 3.00171
    endloop
  endfacet
  facet normal -0.243538 -0.325841 0.913519
    outer loop
      vertex 18.0878 45.3673 3.00171
      vertex 18.236 46.0223 3.27485
      vertex 17.8734 45.5232 3.00016
    endloop
  endfacet
  facet normal -0.332162 -0.234771 0.913538
    outer loop
      vertex 47.92 15.5509 3.27485
      vertex 46.8054 16.1085 3.01288
      vertex 47.2689 15.4214 3.00483
    endloop
  endfacet
  facet normal -0.332154 -0.23475 0.913546
    outer loop
      vertex 46.0223 18.236 3.27485
      vertex 46.8054 16.1085 3.01288
      vertex 47.92 15.5509 3.27485
    endloop
  endfacet
  facet normal -0.332213 -0.234769 0.91352
    outer loop
      vertex 46.8054 16.1085 3.01288
      vertex 46.0223 18.236 3.27485
      vertex 45.5232 17.8734 3.00016
    endloop
  endfacet
  facet normal -0.351596 -0.248491 0.90257
    outer loop
      vertex 53.7619 19.566 6.65598
      vertex 46.0223 18.236 3.27485
      vertex 47.92 15.5509 3.27485
    endloop
  endfacet
  facet normal -0.399894 -0.159532 0.902571
    outer loop
      vertex 68.285 -8.03794 6.65598
      vertex 66.9979 -4.81161 6.65598
      vertex 60.4488 -7.52433 3.27485
    endloop
  endfacet
  facet normal -0.411978 -0.127922 0.90217
    outer loop
      vertex 70.6039 -14.5862 6.65598
      vertex 71.613 -17.9005 6.64684
      vertex 71.6237 -17.8705 6.65598
    endloop
  endfacet
  facet normal -0.411171 -0.127678 0.902572
    outer loop
      vertex 71.613 -17.9005 6.64684
      vertex 70.6039 -14.5862 6.65598
      vertex 63.8621 -16.7767 3.27485
    endloop
  endfacet
  facet normal -0.364796 -0.179902 0.913542
    outer loop
      vertex 55.9007 0.927572 3.00814
      vertex 57.7743 -1.51727 3.27485
      vertex 56.32 1.43169 3.27485
    endloop
  endfacet
  facet normal -0.364799 -0.179904 0.91354
    outer loop
      vertex 57.7743 -1.51727 3.27485
      vertex 55.9007 0.927572 3.00814
      vertex 57.2217 -1.78083 3.00228
    endloop
  endfacet
  facet normal -0.429925 -0.145936 0.890992
    outer loop
      vertex 77.2591 -12.4237 10.2215
      vertex 76.0837 -8.96098 10.2215
      vertex 69.4873 -11.2969 6.65598
    endloop
  endfacet
  facet normal -0.425956 -0.157144 0.890992
    outer loop
      vertex 76.0837 -8.96098 10.2215
      vertex 68.285 -8.03794 6.65598
      vertex 69.4873 -11.2969 6.65598
    endloop
  endfacet
  facet normal -0.382354 -0.285513 0.878799
    outer loop
      vertex 63.0023 30.5727 13.969
      vertex 60.7062 33.6476 13.969
      vertex 55.2305 29.4459 10.2215
    endloop
  endfacet
  facet normal -0.392703 -0.309561 0.866
    outer loop
      vertex 62.221 37.2253 15.9348
      vertex 60.7062 33.6476 13.969
      vertex 63.4008 35.7152 15.93
    endloop
  endfacet
  facet normal -0.392681 -0.309574 0.866006
    outer loop
      vertex 60.7062 33.6476 13.969
      vertex 62.221 37.2253 15.9348
      vertex 58.3304 36.6612 13.969
    endloop
  endfacet
  facet normal -0.374743 -0.295432 0.878799
    outer loop
      vertex 60.7062 33.6476 13.969
      vertex 58.3304 36.6612 13.969
      vertex 55.2305 29.4459 10.2215
    endloop
  endfacet
  facet normal -0.408443 -0.28853 0.865982
    outer loop
      vertex 65.2171 27.4389 13.969
      vertex 67.2842 30.4479 15.9465
      vertex 66.9312 30.9338 15.9419
    endloop
  endfacet
  facet normal -0.408346 -0.288609 0.866001
    outer loop
      vertex 67.2842 30.4479 15.9465
      vertex 65.2171 27.4389 13.969
      vertex 68.0162 29.3627 15.93
    endloop
  endfacet
  facet normal -0.408342 -0.288594 0.866008
    outer loop
      vertex 65.2171 27.4389 13.969
      vertex 66.9312 30.9338 15.9419
      vertex 63.0023 30.5727 13.969
    endloop
  endfacet
  facet normal -0.442529 -0.232813 0.866006
    outer loop
      vertex 78.0624 12.51 15.9399
      vertex 77.1186 14.285 15.9348
      vertex 75.0208 10.9602 13.969
    endloop
  endfacet
  facet normal -0.436304 -0.2443 0.866
    outer loop
      vertex 73.234 14.3564 13.969
      vertex 75.6044 17.1329 15.9465
      vertex 75.2505 17.7458 15.9411
    endloop
  endfacet
  facet normal -0.436284 -0.244321 0.866004
    outer loop
      vertex 75.6044 17.1329 15.9465
      vertex 73.234 14.3564 13.969
      vertex 76.2189 15.9771 15.93
    endloop
  endfacet
  facet normal -0.416348 -0.233168 0.878799
    outer loop
      vertex 73.234 14.3564 13.969
      vertex 71.3589 17.7046 13.969
      vertex 65.3816 14.2536 10.2215
    endloop
  endfacet
  facet normal -0.416348 -0.233163 0.8788
    outer loop
      vertex 73.234 14.3564 13.969
      vertex 65.3816 14.2536 10.2215
      vertex 67.1684 11.063 10.2215
    endloop
  endfacet
  facet normal -0.44322 -0.176825 0.8788
    outer loop
      vertex 81.2616 -3.05671 13.969
      vertex 79.8396 0.507605 13.969
      vertex 74.818 -5.53018 10.2215
    endloop
  endfacet
  facet normal -0.464452 -0.185268 0.866003
    outer loop
      vertex 83.7306 -0.0565686 15.935
      vertex 81.2616 -3.05671 13.969
      vertex 84.4485 -1.83338 15.9399
    endloop
  endfacet
  facet normal -0.464433 -0.185288 0.866009
    outer loop
      vertex 81.2616 -3.05671 13.969
      vertex 83.7306 -0.0565686 15.935
      vertex 79.8396 0.507605 13.969
    endloop
  endfacet
  facet normal -0.45411 -0.209322 0.866007
    outer loop
      vertex 81.4224 5.41263 15.9267
      vertex 80.6019 7.25553 15.9419
      vertex 78.3247 4.03348 13.969
    endloop
  endfacet
  facet normal -0.459419 -0.197396 0.866007
    outer loop
      vertex 78.3247 4.03348 13.969
      vertex 82.1993 3.66765 15.9411
      vertex 81.4224 5.41263 15.9267
    endloop
  endfacet
  facet normal -0.459419 -0.197391 0.866008
    outer loop
      vertex 82.1993 3.66765 15.9411
      vertex 78.3247 4.03348 13.969
      vertex 79.8396 0.507605 13.969
    endloop
  endfacet
  facet normal -0.401803 -0.211402 0.89099
    outer loop
      vertex 68.8711 7.8268 10.2215
      vertex 61.0187 7.72401 6.65598
      vertex 62.6361 4.64989 6.65598
    endloop
  endfacet
  facet normal -0.383983 -0.242269 0.89099
    outer loop
      vertex 63.5119 17.3963 10.2215
      vertex 61.5606 20.489 10.2215
      vertex 57.5454 13.74 6.65598
    endloop
  endfacet
  facet normal -0.427981 -0.211061 0.878798
    outer loop
      vertex 76.7181 7.51849 13.969
      vertex 75.0208 10.9602 13.969
      vertex 70.4885 4.54709 10.2215
    endloop
  endfacet
  facet normal -0.422313 -0.222186 0.878798
    outer loop
      vertex 75.0208 10.9602 13.969
      vertex 73.234 14.3564 13.969
      vertex 68.8711 7.8268 10.2215
    endloop
  endfacet
  facet normal -0.370768 -0.262044 0.89099
    outer loop
      vertex 59.529 23.5295 10.2215
      vertex 57.4184 26.5158 10.2215
      vertex 51.7571 22.4027 6.65598
    endloop
  endfacet
  facet normal -0.363788 -0.271652 0.89099
    outer loop
      vertex 57.4184 26.5158 10.2215
      vertex 49.6788 25.1859 6.65598
      vertex 51.7571 22.4027 6.65598
    endloop
  endfacet
  facet normal -0.00594717 -0.453984 0.89099
    outer loop
      vertex -51.9321 84.0479 10.2215
      vertex -55.5886 84.0958 10.2215
      vertex -52.1152 77.0526 6.65598
    endloop
  endfacet
  facet normal -0.00625062 -0.477148 0.878801
    outer loop
      vertex -51.9321 84.0479 10.2215
      vertex -51.7514 90.9476 13.969
      vertex -55.5886 84.0958 10.2215
    endloop
  endfacet
  facet normal 0.0196317 -0.499649 0.866006
    outer loop
      vertex -61.4299 94.276 15.9348
      vertex -63.439 94.2059 15.9399
      vertex -63.2603 90.7969 13.969
    endloop
  endfacet
  facet normal 0.0066337 -0.500023 0.865987
    outer loop
      vertex -59.4258 90.9476 13.969
      vertex -57.6059 94.3886 15.9419
      vertex -58.2064 94.3886 15.9465
    endloop
  endfacet
  facet normal 0.00654105 -0.499986 0.866009
    outer loop
      vertex -57.6059 94.3886 15.9419
      vertex -59.4258 90.9476 13.969
      vertex -55.5886 90.9978 13.969
    endloop
  endfacet
  facet normal 0.00654356 -0.499999 0.866001
    outer loop
      vertex -59.4258 90.9476 13.969
      vertex -58.2064 94.3886 15.9465
      vertex -59.5147 94.3429 15.93
    endloop
  endfacet
  facet normal 0.00652519 -0.499993 0.866005
    outer loop
      vertex -55.5886 94.3886 15.9267
      vertex -57.6059 94.3886 15.9419
      vertex -55.5886 90.9978 13.969
    endloop
  endfacet
  facet normal 0.0587603 -0.496575 0.866003
    outer loop
      vertex -71.2654 93.567 15.9267
      vertex -73.2717 93.3561 15.9419
      vertex -70.911 90.1948 13.969
    endloop
  endfacet
  facet normal 0.0457841 -0.497938 0.866003
    outer loop
      vertex -69.2592 93.7779 15.9419
      vertex -71.2654 93.567 15.9267
      vertex -70.911 90.1948 13.969
    endloop
  endfacet
  facet normal 0.0930994 -0.468021 0.8788
    outer loop
      vertex -82.3018 88.5432 13.969
      vertex -86.0656 87.7945 13.969
      vertex -84.6306 81.0433 10.2215
    endloop
  endfacet
  facet normal 0.0717733 -0.494862 0.866002
    outer loop
      vertex -77.063 92.8445 15.9348
      vertex -79.0537 92.5647 15.9399
      vertex -78.5197 89.1931 13.969
    endloop
  endfacet
  facet normal 0.110333 -0.487711 0.866005
    outer loop
      vertex -86.7706 91.1112 15.9267
      vertex -88.7438 90.6918 15.9419
      vertex -86.0656 87.7945 13.969
    endloop
  endfacet
  facet normal -0.475192 -0.0436593 0.878798
    outer loop
      vertex 90.5459 -44.0875 13.969
      vertex 90.1948 -40.2661 13.969
      vertex 83.6652 -44.6291 10.2215
    endloop
  endfacet
  facet normal -0.498 -0.0456071 0.865977
    outer loop
      vertex 90.5459 -44.0875 13.969
      vertex 93.8406 -42.5152 15.9465
      vertex 93.7779 -41.9179 15.9419
    endloop
  endfacet
  facet normal -0.497944 -0.0457549 0.866001
    outer loop
      vertex 93.8406 -42.5152 15.9465
      vertex 90.5459 -44.0875 13.969
      vertex 93.9319 -43.8211 15.93
    endloop
  endfacet
  facet normal -0.497927 -0.0457482 0.866012
    outer loop
      vertex 90.5459 -44.0875 13.969
      vertex 93.7779 -41.9179 15.9419
      vertex 90.1948 -40.2661 13.969
    endloop
  endfacet
  facet normal -0.447462 -0.0768781 0.890992
    outer loop
      vertex 82.376 -33.7371 10.2215
      vertex 81.7568 -30.1331 10.2215
      vertex 74.8762 -31.4084 6.65598
    endloop
  endfacet
  facet normal -0.426085 -0.0617865 0.902571
    outer loop
      vertex 75.9629 -38.2695 6.65598
      vertex 75.4644 -34.8318 6.65598
      vertex 68.463 -35.9407 3.27485
    endloop
  endfacet
  facet normal -0.472249 -0.0684819 0.878801
    outer loop
      vertex 89.1931 -32.6574 13.969
      vertex 82.376 -33.7371 10.2215
      vertex 82.9008 -37.3561 10.2215
    endloop
  endfacet
  facet normal -0.494859 -0.0717373 0.866007
    outer loop
      vertex 92.8445 -34.1142 15.9348
      vertex 89.7437 -36.4552 13.969
      vertex 93.1112 -36.0119 15.93
    endloop
  endfacet
  facet normal -0.494856 -0.0717435 0.866009
    outer loop
      vertex 89.7437 -36.4552 13.969
      vertex 92.8445 -34.1142 15.9348
      vertex 89.1931 -32.6574 13.969
    endloop
  endfacet
  facet normal -0.473884 -0.0560857 0.878799
    outer loop
      vertex 90.1948 -40.2661 13.969
      vertex 82.9008 -37.3561 10.2215
      vertex 83.3306 -40.9876 10.2215
    endloop
  endfacet
  facet normal -0.450874 -0.0533677 0.890991
    outer loop
      vertex 83.3306 -40.9876 10.2215
      vertex 75.9629 -38.2695 6.65598
      vertex 76.3712 -41.719 6.65598
    endloop
  endfacet
  facet normal -0.484646 -0.123091 0.866006
    outer loop
      vertex 89.7866 -18.7163 15.9348
      vertex 86.9476 -21.3687 13.969
      vertex 90.2503 -20.5758 15.93
    endloop
  endfacet
  facet normal -0.484652 -0.123082 0.866004
    outer loop
      vertex 86.9476 -21.3687 13.969
      vertex 89.7866 -18.7163 15.9348
      vertex 86.003 -17.6492 13.969
    endloop
  endfacet
  facet normal -0.459264 -0.129533 0.878805
    outer loop
      vertex 84.9613 -13.9558 13.969
      vertex 82.3014 -16.8116 12.158
      vertex 86.003 -17.6492 13.969
    endloop
  endfacet
  facet normal -0.459221 -0.129583 0.87882
    outer loop
      vertex 84.9613 -13.9558 13.969
      vertex 82.215 -16.6675 12.1341
      vertex 82.3014 -16.8116 12.158
    endloop
  endfacet
  facet normal -0.459287 -0.1295 0.878798
    outer loop
      vertex 84.9613 -13.9558 13.969
      vertex 81.8643 -16.1946 12.0205
      vertex 82.215 -16.6675 12.1341
    endloop
  endfacet
  facet normal -0.459322 -0.129444 0.878788
    outer loop
      vertex 84.9613 -13.9558 13.969
      vertex 81.4689 -15.7583 11.8781
      vertex 81.8643 -16.1946 12.0205
    endloop
  endfacet
  facet normal -0.459254 -0.12959 0.878801
    outer loop
      vertex 84.9613 -13.9558 13.969
      vertex 81.0326 -15.3629 11.7084
      vertex 81.4689 -15.7583 11.8781
    endloop
  endfacet
  facet normal -0.45925 -0.129604 0.878802
    outer loop
      vertex 81.0326 -15.3629 11.7084
      vertex 84.9613 -13.9558 13.969
      vertex 80.7981 -15.189 11.6115
    endloop
  endfacet
  facet normal -0.452117 -0.0415428 0.890991
    outer loop
      vertex 83.6652 -44.6291 10.2215
      vertex 83.3306 -40.9876 10.2215
      vertex 76.3712 -41.719 6.65598
    endloop
  endfacet
  facet normal -0.496566 -0.0587713 0.866007
    outer loop
      vertex 89.7437 -36.4552 13.969
      vertex 93.2934 -37.3082 15.9465
      vertex 93.1112 -36.0119 15.93
    endloop
  endfacet
  facet normal -0.496571 -0.0588055 0.866002
    outer loop
      vertex 93.2934 -37.3082 15.9465
      vertex 89.7437 -36.4552 13.969
      vertex 93.3561 -37.9054 15.9419
    endloop
  endfacet
  facet normal -0.496564 -0.0587788 0.866008
    outer loop
      vertex 93.3561 -37.9054 15.9419
      vertex 89.7437 -36.4552 13.969
      vertex 90.1948 -40.2661 13.969
    endloop
  endfacet
  facet normal -0.430207 -0.0169045 0.902572
    outer loop
      vertex 77.0526 -52.1152 6.65598
      vertex 69.8372 -49.0153 3.27485
      vertex 69.9663 -52.3008 3.27485
    endloop
  endfacet
  facet normal -0.453668 -0.0178283 0.890992
    outer loop
      vertex 83.9044 -48.2781 10.2215
      vertex 76.9162 -48.6443 6.65598
      vertex 77.0526 -52.1152 6.65598
    endloop
  endfacet
  facet normal -0.453673 -0.0178167 0.89099
    outer loop
      vertex 84.0479 -51.9321 10.2215
      vertex 83.9044 -48.2781 10.2215
      vertex 77.0526 -52.1152 6.65598
    endloop
  endfacet
  facet normal -0.417288 -0.10592 0.902581
    outer loop
      vertex 72.9836 -24.2436 6.49214
      vertex 65.7297 -23.0814 3.27485
      vertex 73.3804 -24.6033 6.63338
    endloop
  endfacet
  facet normal -0.417291 -0.105952 0.902576
    outer loop
      vertex 72.5882 -23.8073 6.36055
      vertex 65.7297 -23.0814 3.27485
      vertex 72.9836 -24.2436 6.49214
    endloop
  endfacet
  facet normal -0.417295 -0.106041 0.902563
    outer loop
      vertex 72.2374 -23.3344 6.25392
      vertex 65.7297 -23.0814 3.27485
      vertex 72.5882 -23.8073 6.36055
    endloop
  endfacet
  facet normal -0.417296 -0.105947 0.902574
    outer loop
      vertex 71.9347 -22.8293 6.17326
      vertex 65.7297 -23.0814 3.27485
      vertex 72.2374 -23.3344 6.25392
    endloop
  endfacet
  facet normal -0.417294 -0.105963 0.902573
    outer loop
      vertex 71.683 -22.2971 6.11937
      vertex 65.7297 -23.0814 3.27485
      vertex 71.9347 -22.8293 6.17326
    endloop
  endfacet
  facet normal -0.417287 -0.106011 0.90257
    outer loop
      vertex 71.4846 -21.7427 6.09276
      vertex 65.7297 -23.0814 3.27485
      vertex 71.683 -22.2971 6.11937
    endloop
  endfacet
  facet normal -0.41731 -0.105913 0.902571
    outer loop
      vertex 65.7297 -23.0814 3.27485
      vertex 71.4846 -21.7427 6.09276
      vertex 71.4369 -21.5522 6.09306
    endloop
  endfacet
  facet normal -0.414395 -0.116835 0.902566
    outer loop
      vertex 71.2551 -19.4128 6.28662
      vertex 65.7297 -23.0814 3.27485
      vertex 71.2262 -20.001 6.19721
    endloop
  endfacet
  facet normal -0.414374 -0.116872 0.902571
    outer loop
      vertex 71.3415 -18.8304 6.4017
      vertex 65.7297 -23.0814 3.27485
      vertex 71.2551 -19.4128 6.28662
    endloop
  endfacet
  facet normal -0.414402 -0.11683 0.902564
    outer loop
      vertex 71.4846 -18.2592 6.54134
      vertex 65.7297 -23.0814 3.27485
      vertex 71.3415 -18.8304 6.4017
    endloop
  endfacet
  facet normal -0.414403 -0.116828 0.902564
    outer loop
      vertex 65.7297 -23.0814 3.27485
      vertex 71.4846 -18.2592 6.54134
      vertex 71.6018 -17.9318 6.63753
    endloop
  endfacet
  facet normal -0.41436 -0.116922 0.902571
    outer loop
      vertex 71.3415 -21.1715 6.09858
      vertex 65.7297 -23.0814 3.27485
      vertex 71.4369 -21.5522 6.09306
    endloop
  endfacet
  facet normal -0.41438 -0.116862 0.90257
    outer loop
      vertex 71.2551 -20.5891 6.13432
      vertex 65.7297 -23.0814 3.27485
      vertex 71.3415 -21.1715 6.09858
    endloop
  endfacet
  facet normal -0.414372 -0.116882 0.902571
    outer loop
      vertex 65.7297 -23.0814 3.27485
      vertex 71.2551 -20.5891 6.13432
      vertex 71.2262 -20.001 6.19721
    endloop
  endfacet
  facet normal -0.377783 -0.150784 0.913534
    outer loop
      vertex 61.6672 -10.5783 3.27485
      vertex 61.012 -10.5526 3.00814
      vertex 61.109 -10.7926 3.00864
    endloop
  endfacet
  facet normal -0.417315 -0.105903 0.90257
    outer loop
      vertex 73.3804 -24.6033 6.63338
      vertex 66.5391 -26.2683 3.27485
      vertex 73.4001 -24.6211 6.6404
    endloop
  endfacet
  facet normal -0.417296 -0.105984 0.90257
    outer loop
      vertex 66.5391 -26.2683 3.27485
      vertex 73.3804 -24.6033 6.63338
      vertex 65.7297 -23.0814 3.27485
    endloop
  endfacet
  facet normal -0.398992 -0.0793539 0.913514
    outer loop
      vertex 67.2647 -29.4753 3.27485
      vertex 66.6613 -29.6036 3.00016
      vertex 66.7164 -29.8628 3.00171
    endloop
  endfacet
  facet normal -0.405067 -0.0372247 0.913529
    outer loop
      vertex 68.9358 -44.6941 3.01288
      vertex 69.6222 -45.7343 3.27485
      vertex 69.3213 -42.46 3.27485
    endloop
  endfacet
  facet normal -0.405049 -0.0372107 0.913537
    outer loop
      vertex 69.6222 -45.7343 3.27485
      vertex 68.9358 -44.6941 3.01288
      vertex 68.9936 -45.5209 3.00483
    endloop
  endfacet
  facet normal -0.405049 -0.0372288 0.913537
    outer loop
      vertex 68.9358 -44.6941 3.01288
      vertex 69.3213 -42.46 3.27485
      vertex 68.7077 -42.5245 3.00016
    endloop
  endfacet
  facet normal -0.462511 0.117463 0.878798
    outer loop
      vertex 86.003 -93.5279 13.969
      vertex 81.8924 -89.7281 11.2977
      vertex 80.3785 -92.0209 10.8074
    endloop
  endfacet
  facet normal -0.497938 0.0457841 0.866003
    outer loop
      vertex 93.567 -71.2654 15.9267
      vertex 93.7779 -69.2592 15.9419
      vertex 90.1948 -70.911 13.969
    endloop
  endfacet
  facet normal -0.44932 0.0651569 0.890992
    outer loop
      vertex 82.376 -77.44 10.2215
      vertex 82.9008 -73.821 10.2215
      vertex 75.9629 -72.9076 6.65598
    endloop
  endfacet
  facet normal -0.468021 0.0930994 0.8788
    outer loop
      vertex 87.7945 -86.0656 13.969
      vertex 88.5432 -82.3018 13.969
      vertex 81.0433 -84.6306 10.2215
    endloop
  endfacet
  facet normal -0.490416 0.0975542 0.866011
    outer loop
      vertex 87.7945 -86.0656 13.969
      vertex 91.5084 -84.9022 15.9411
      vertex 88.5432 -82.3018 13.969
    endloop
  endfacet
  facet normal -0.490422 0.0975835 0.866005
    outer loop
      vertex 91.5084 -84.9022 15.9411
      vertex 87.7945 -86.0656 13.969
      vertex 91.1112 -86.7706 15.9267
    endloop
  endfacet
  facet normal -0.477148 0.00625062 0.878801
    outer loop
      vertex 90.9476 -59.4258 13.969
      vertex 84.0958 -55.5886 10.2215
      vertex 84.0479 -59.2451 10.2215
    endloop
  endfacet
  facet normal -0.476821 0.0187396 0.878801
    outer loop
      vertex 90.7969 -63.2603 13.969
      vertex 90.9476 -59.4258 13.969
      vertex 84.0479 -59.2451 10.2215
    endloop
  endfacet
  facet normal -0.477151 0.00624231 0.878799
    outer loop
      vertex 90.9476 -59.4258 13.969
      vertex 90.9978 -55.5886 13.969
      vertex 84.0958 -55.5886 10.2215
    endloop
  endfacet
  facet normal -0.500023 0.0066337 0.865987
    outer loop
      vertex 90.9476 -59.4258 13.969
      vertex 94.3886 -58.2064 15.9465
      vertex 94.3886 -57.6059 15.9419
    endloop
  endfacet
  facet normal -0.499986 0.00654105 0.866009
    outer loop
      vertex 90.9476 -59.4258 13.969
      vertex 94.3886 -57.6059 15.9419
      vertex 90.9978 -55.5886 13.969
    endloop
  endfacet
  facet normal -0.499999 0.00654356 0.866001
    outer loop
      vertex 94.3886 -58.2064 15.9465
      vertex 90.9476 -59.4258 13.969
      vertex 94.3429 -59.5147 15.93
    endloop
  endfacet
  facet normal -0.426085 0.0617865 0.902571
    outer loop
      vertex 75.4644 -76.3453 6.65598
      vertex 75.9629 -72.9076 6.65598
      vertex 68.463 -75.2364 3.27485
    endloop
  endfacet
  facet normal -0.424324 0.0729042 0.902571
    outer loop
      vertex 74.8762 -79.7688 6.65598
      vertex 75.4644 -76.3453 6.65598
      vertex 68.463 -75.2364 3.27485
    endloop
  endfacet
  facet normal -0.406725 0.00539274 0.913535
    outer loop
      vertex 69.9663 -58.8763 3.27485
      vertex 69.3635 -58.5984 3.00483
      vertex 69.3543 -58.8603 3.00228
    endloop
  endfacet
  facet normal -0.40091 0.0689846 0.913517
    outer loop
      vertex 68.463 -75.2364 3.27485
      vertex 67.8725 -75.1429 3.00864
      vertex 67.8275 -75.3978 3.00814
    endloop
  endfacet
  facet normal -0.402549 0.0583659 0.913536
    outer loop
      vertex 68.2911 -72.1639 3.0028
      vertex 68.463 -75.2364 3.27485
      vertex 68.9348 -71.9824 3.27485
    endloop
  endfacet
  facet normal -0.402592 0.0583618 0.913517
    outer loop
      vertex 68.463 -75.2364 3.27485
      vertex 68.2911 -72.1639 3.0028
      vertex 67.8725 -75.1429 3.00864
    endloop
  endfacet
  facet normal -0.473884 0.0560873 0.878799
    outer loop
      vertex 90.1948 -70.911 13.969
      vertex 83.3306 -70.1896 10.2215
      vertex 82.9008 -73.821 10.2215
    endloop
  endfacet
  facet normal -0.472249 0.0684819 0.878801
    outer loop
      vertex 89.1931 -78.5197 13.969
      vertex 82.9008 -73.821 10.2215
      vertex 82.376 -77.44 10.2215
    endloop
  endfacet
  facet normal -0.430504 -0.00562701 0.902571
    outer loop
      vertex 77.098 -55.5886 6.65598
      vertex 77.0526 -52.1152 6.65598
      vertex 70.0093 -55.5886 3.27485
    endloop
  endfacet
  facet normal -0.403937 0.0478051 0.913537
    outer loop
      vertex 68.4797 -70.8222 3.01288
      vertex 69.3213 -68.7171 3.27485
      vertex 68.7077 -68.6526 3.00016
    endloop
  endfacet
  facet normal -0.403959 0.0478149 0.913527
    outer loop
      vertex 69.3213 -68.7171 3.27485
      vertex 68.4797 -70.8222 3.01288
      vertex 68.9348 -71.9824 3.27485
    endloop
  endfacet
  facet normal -0.403927 0.0478304 0.91354
    outer loop
      vertex 68.9348 -71.9824 3.27485
      vertex 68.4797 -70.8222 3.01288
      vertex 68.3643 -71.643 3.00483
    endloop
  endfacet
  facet normal -0.428737 0.0393897 0.90257
    outer loop
      vertex 76.3712 -69.4581 6.65598
      vertex 76.689 -65.999 6.65598
      vertex 69.6222 -65.4429 3.27485
    endloop
  endfacet
  facet normal -0.0169045 -0.430207 0.902572
    outer loop
      vertex -49.0153 69.8372 3.27485
      vertex -52.1152 77.0526 6.65598
      vertex -52.3008 69.9663 3.27485
    endloop
  endfacet
  facet normal -0.0651558 -0.44932 0.890992
    outer loop
      vertex -34.8318 75.4644 6.65598
      vertex -33.7371 82.376 10.2215
      vertex -38.2695 75.9629 6.65598
    endloop
  endfacet
  facet normal -0.00539274 -0.406725 0.913535
    outer loop
      vertex -52.3168 69.3543 3.00228
      vertex -52.3008 69.9663 3.27485
      vertex -52.5787 69.3635 3.00483
    endloop
  endfacet
  facet normal -0.0159756 -0.406448 0.913534
    outer loop
      vertex -52.053 69.3451 3.0028
      vertex -52.3008 69.9663 3.27485
      vertex -52.3168 69.3543 3.00228
    endloop
  endfacet
  facet normal -0.138397 -0.407691 0.902571
    outer loop
      vertex -11.2969 69.4873 6.65598
      vertex -14.5862 70.6039 6.65598
      vertex -13.6631 62.8052 3.27485
    endloop
  endfacet
  facet normal -0.169959 -0.395572 0.902572
    outer loop
      vertex -4.50329 59.1508 3.27485
      vertex -1.62007 65.6267 6.65598
      vertex -7.52433 60.4488 3.27485
    endloop
  endfacet
  facet normal -0.160569 -0.373747 0.913527
    outer loop
      vertex -4.50329 59.1508 3.27485
      vertex -6.74718 59.4745 3.01288
      vertex -4.75423 58.5872 3.00016
    endloop
  endfacet
  facet normal -0.160565 -0.373708 0.913543
    outer loop
      vertex -7.52433 60.4488 3.27485
      vertex -6.74718 59.4745 3.01288
      vertex -4.50329 59.1508 3.27485
    endloop
  endfacet
  facet normal -0.16057 -0.373711 0.913541
    outer loop
      vertex -6.74718 59.4745 3.01288
      vertex -7.52433 60.4488 3.27485
      vertex -7.51564 59.785 3.00483
    endloop
  endfacet
  facet normal -0.200468 -0.381021 0.902572
    outer loop
      vertex 7.72401 61.0187 6.65598
      vertex 4.64989 62.6361 6.65598
      vertex 4.34158 54.789 3.27485
    endloop
  endfacet
  facet normal -0.170305 -0.369378 0.913541
    outer loop
      vertex -1.78083 57.2217 3.00228
      vertex -1.51727 57.7743 3.27485
      vertex -2.01636 57.3366 3.00483
    endloop
  endfacet
  facet normal -0.21106 -0.427981 0.878798
    outer loop
      vertex 7.8268 68.8711 10.2215
      vertex 10.9602 75.0208 13.969
      vertex 4.54709 70.4885 10.2215
    endloop
  endfacet
  facet normal -0.199774 -0.433361 0.878799
    outer loop
      vertex 4.54709 70.4885 10.2215
      vertex 4.03348 78.3247 13.969
      vertex 1.22617 72.0194 10.2215
    endloop
  endfacet
  facet normal -0.0617762 -0.426083 0.902572
    outer loop
      vertex -35.9407 68.463 3.27485
      vertex -38.2695 75.9629 6.65598
      vertex -39.1948 68.9348 3.27485
    endloop
  endfacet
  facet normal -0.047692 -0.403998 0.913516
    outer loop
      vertex -39.2747 68.3279 3.00228
      vertex -39.1948 68.9348 3.27485
      vertex -39.5342 68.3643 3.00483
    endloop
  endfacet
  facet normal -0.0689566 -0.400904 0.913521
    outer loop
      vertex -35.7793 67.8275 3.00814
      vertex -35.9407 68.463 3.27485
      vertex -36.0343 67.8725 3.00864
    endloop
  endfacet
  facet normal -0.0885785 -0.445297 0.890991
    outer loop
      vertex -28.0015 74.1985 6.65598
      vertex -26.5466 81.0433 10.2215
      vertex -31.4084 74.8762 6.65598
    endloop
  endfacet
  facet normal -0.100209 -0.442825 0.89099
    outer loop
      vertex -28.0015 74.1985 6.65598
      vertex -25.9721 77.8143 8.68129
      vertex -26.5466 81.0433 10.2215
    endloop
  endfacet
  facet normal -0.100063 -0.44281 0.891014
    outer loop
      vertex -25.8857 78.3968 8.98048
      vertex -26.5466 81.0433 10.2215
      vertex -25.9721 77.8143 8.68129
    endloop
  endfacet
  facet normal -0.0999533 -0.442793 0.891035
    outer loop
      vertex -26.5466 81.0433 10.2215
      vertex -25.8857 78.3968 8.98048
      vertex -25.8801 78.4191 8.99219
    endloop
  endfacet
  facet normal -0.100203 -0.442828 0.89099
    outer loop
      vertex -25.9721 77.8143 8.68129
      vertex -28.0015 74.1985 6.65598
      vertex -26.001 77.2262 8.38575
    endloop
  endfacet
  facet normal -0.100203 -0.442869 0.890969
    outer loop
      vertex -24.9898 73.8928 6.84274
      vertex -28.0015 74.1985 6.65598
      vertex -24.6549 73.4413 6.65598
    endloop
  endfacet
  facet normal -0.100197 -0.442773 0.891018
    outer loop
      vertex -25.2925 74.3979 7.0597
      vertex -28.0015 74.1985 6.65598
      vertex -24.9898 73.8928 6.84274
    endloop
  endfacet
  facet normal -0.100182 -0.442875 0.890969
    outer loop
      vertex -25.5442 74.9301 7.29594
      vertex -28.0015 74.1985 6.65598
      vertex -25.2925 74.3979 7.0597
    endloop
  endfacet
  facet normal -0.100201 -0.44283 0.890989
    outer loop
      vertex -25.7426 75.4845 7.54917
      vertex -28.0015 74.1985 6.65598
      vertex -25.5442 74.9301 7.29594
    endloop
  endfacet
  facet normal -0.100216 -0.442809 0.890998
    outer loop
      vertex -25.8857 76.0557 7.81695
      vertex -28.0015 74.1985 6.65598
      vertex -25.7426 75.4845 7.54917
    endloop
  endfacet
  facet normal -0.100171 -0.44285 0.890982
    outer loop
      vertex -25.9721 76.6381 8.09671
      vertex -28.0015 74.1985 6.65598
      vertex -25.8857 76.0557 7.81695
    endloop
  endfacet
  facet normal -0.100202 -0.442829 0.89099
    outer loop
      vertex -26.001 77.2262 8.38575
      vertex -28.0015 74.1985 6.65598
      vertex -25.9721 76.6381 8.09671
    endloop
  endfacet
  facet normal -0.120627 -0.388514 0.913513
    outer loop
      vertex -16.7767 63.8621 3.27485
      vertex -19.0421 63.9495 3.01288
      vertex -16.9673 63.2754 3.00016
    endloop
  endfacet
  facet normal -0.120628 -0.388456 0.913537
    outer loop
      vertex -19.9168 64.8372 3.27485
      vertex -19.0421 63.9495 3.01288
      vertex -16.7767 63.8621 3.27485
    endloop
  endfacet
  facet normal -0.120648 -0.388473 0.913528
    outer loop
      vertex -19.0421 63.9495 3.01288
      vertex -19.9168 64.8372 3.27485
      vertex -19.8388 64.178 3.00483
    endloop
  endfacet
  facet normal -0.25224 -0.377503 0.890992
    outer loop
      vertex 23.5295 59.529 10.2215
      vertex 20.489 61.5606 10.2215
      vertex 16.6777 55.6918 6.65598
    endloop
  endfacet
  facet normal -0.255759 -0.429722 0.865983
    outer loop
      vertex 21.0026 69.3969 13.969
      vertex 21.6671 72.9865 15.9465
      vertex 21.0542 73.3404 15.9411
    endloop
  endfacet
  facet normal -0.255655 -0.42975 0.866
    outer loop
      vertex 21.6671 72.9865 15.9465
      vertex 21.0026 69.3969 13.969
      vertex 22.7773 72.2928 15.93
    endloop
  endfacet
  facet normal -0.232137 -0.390189 0.890991
    outer loop
      vertex 17.3963 63.5119 10.2215
      vertex 14.2536 65.3816 10.2215
      vertex 10.7547 59.3214 6.65598
    endloop
  endfacet
  facet normal -0.233168 -0.416348 0.878799
    outer loop
      vertex 17.7046 71.3589 13.969
      vertex 14.3564 73.234 13.969
      vertex 14.2536 65.3816 10.2215
    endloop
  endfacet
  facet normal -0.0533622 -0.450872 0.890992
    outer loop
      vertex -37.3561 82.9008 10.2215
      vertex -40.9876 83.3306 10.2215
      vertex -38.2695 75.9629 6.65598
    endloop
  endfacet
  facet normal -0.0560857 -0.473884 0.878799
    outer loop
      vertex -37.3561 82.9008 10.2215
      vertex -40.2661 90.1948 13.969
      vertex -40.9876 83.3306 10.2215
    endloop
  endfacet
  facet normal -0.0327241 -0.49897 0.866001
    outer loop
      vertex -45.7327 94.0656 15.9348
      vertex -44.0875 90.5459 13.969
      vertex -43.8211 93.9319 15.93
    endloop
  endfacet
  facet normal -0.0327057 -0.498963 0.866006
    outer loop
      vertex -44.0875 90.5459 13.969
      vertex -45.7327 94.0656 15.9348
      vertex -47.9168 90.7969 13.969
    endloop
  endfacet
  facet normal -0.0456071 -0.498 0.865977
    outer loop
      vertex -44.0875 90.5459 13.969
      vertex -41.9179 93.7779 15.9419
      vertex -42.5152 93.8406 15.9465
    endloop
  endfacet
  facet normal -0.0457549 -0.497944 0.866001
    outer loop
      vertex -44.0875 90.5459 13.969
      vertex -42.5152 93.8406 15.9465
      vertex -43.8211 93.9319 15.93
    endloop
  endfacet
  facet normal -0.0457482 -0.497927 0.866012
    outer loop
      vertex -41.9179 93.7779 15.9419
      vertex -44.0875 90.5459 13.969
      vertex -40.2661 90.1948 13.969
    endloop
  endfacet
  facet normal -0.0717373 -0.494859 0.866007
    outer loop
      vertex -36.4552 89.7437 13.969
      vertex -34.1142 92.8445 15.9348
      vertex -36.0119 93.1112 15.93
    endloop
  endfacet
  facet normal -0.0717435 -0.494856 0.866009
    outer loop
      vertex -34.1142 92.8445 15.9348
      vertex -36.4552 89.7437 13.969
      vertex -32.6574 89.1931 13.969
    endloop
  endfacet
  facet normal -0.0587713 -0.496566 0.866007
    outer loop
      vertex -37.3082 93.2934 15.9465
      vertex -36.4552 89.7437 13.969
      vertex -36.0119 93.1112 15.93
    endloop
  endfacet
  facet normal -0.0588055 -0.496571 0.866002
    outer loop
      vertex -37.9054 93.3561 15.9419
      vertex -36.4552 89.7437 13.969
      vertex -37.3082 93.2934 15.9465
    endloop
  endfacet
  facet normal -0.0587788 -0.496564 0.866008
    outer loop
      vertex -36.4552 89.7437 13.969
      vertex -37.9054 93.3561 15.9419
      vertex -40.2661 90.1948 13.969
    endloop
  endfacet
  facet normal -0.0975525 -0.490434 0.866001
    outer loop
      vertex -28.8753 88.5432 13.969
      vertex -26.9672 91.6555 15.9465
      vertex -28.2564 91.8828 15.93
    endloop
  endfacet
  facet normal -0.0974751 -0.490473 0.865988
    outer loop
      vertex -26.9672 91.6555 15.9465
      vertex -28.8753 88.5432 13.969
      vertex -26.275 91.5084 15.9411
    endloop
  endfacet
  facet normal -0.110322 -0.487711 0.866006
    outer loop
      vertex -21.8459 90.5669 15.9465
      vertex -21.3687 86.9476 13.969
      vertex -20.5758 90.2503 15.93
    endloop
  endfacet
  facet normal -0.110486 -0.487719 0.865981
    outer loop
      vertex -22.4333 90.6918 15.9419
      vertex -21.3687 86.9476 13.969
      vertex -21.8459 90.5669 15.9465
    endloop
  endfacet
  facet normal -0.11035 -0.487696 0.866011
    outer loop
      vertex -21.3687 86.9476 13.969
      vertex -22.4333 90.6918 15.9419
      vertex -25.1116 87.7945 13.969
    endloop
  endfacet
  facet normal -0.110328 -0.487713 0.866005
    outer loop
      vertex -22.4333 90.6918 15.9419
      vertex -24.4066 91.1112 15.9267
      vertex -25.1116 87.7945 13.969
    endloop
  endfacet
  facet normal -0.197396 -0.459419 0.866007
    outer loop
      vertex 3.66765 82.1993 15.9411
      vertex 4.03348 78.3247 13.969
      vertex 5.41263 81.4224 15.9267
    endloop
  endfacet
  facet normal -0.197391 -0.459419 0.866008
    outer loop
      vertex 4.03348 78.3247 13.969
      vertex 3.66765 82.1993 15.9411
      vertex 0.507605 79.8396 13.969
    endloop
  endfacet
  facet normal -0.176829 -0.443215 0.878801
    outer loop
      vertex -2.13368 73.4629 10.2215
      vertex 0.507605 79.8396 13.969
      vertex -5.53018 74.818 10.2215
    endloop
  endfacet
  facet normal -0.300437 -0.308394 0.902569
    outer loop
      vertex 38.235 38.235 6.65598
      vertex 35.7469 40.6589 6.65598
      vertex 33.2226 33.2226 3.27485
    endloop
  endfacet
  facet normal -0.316811 -0.325216 0.890991
    outer loop
      vertex 43.1832 43.1832 10.2215
      vertex 40.5638 45.7349 10.2215
      vertex 35.7469 40.6589 6.65598
    endloop
  endfacet
  facet normal -0.323924 -0.350411 0.878798
    outer loop
      vertex 45.3148 50.7414 13.969
      vertex 42.4969 53.3463 13.969
      vertex 40.5638 45.7349 10.2215
    endloop
  endfacet
  facet normal -0.339414 -0.367202 0.866003
    outer loop
      vertex 46.2649 54.5163 15.9419
      vertex 44.7657 55.8662 15.9267
      vertex 42.4969 53.3463 13.969
    endloop
  endfacet
  facet normal -0.319757 -0.384446 0.866001
    outer loop
      vertex 40.3495 59.6911 15.9348
      vertex 39.6117 55.8766 13.969
      vertex 41.8175 58.4593 15.93
    endloop
  endfacet
  facet normal -0.319733 -0.384453 0.866006
    outer loop
      vertex 39.6117 55.8766 13.969
      vertex 40.3495 59.6911 15.9348
      vertex 36.6612 58.3304 13.969
    endloop
  endfacet
  facet normal -0.281084 -0.356547 0.890992
    outer loop
      vertex 32.3176 52.9666 10.2215
      vertex 29.4459 55.2305 10.2215
      vertex 27.9138 47.5283 6.65598
    endloop
  endfacet
  facet normal -0.295431 -0.374746 0.878798
    outer loop
      vertex 32.3176 52.9666 10.2215
      vertex 36.6612 58.3304 13.969
      vertex 29.4459 55.2305 10.2215
    endloop
  endfacet
  facet normal 0.111752 -0.440056 0.890989
    outer loop
      vertex -86.5636 73.4319 6.65598
      vertex -90.3997 74.3285 7.57995
      vertex -89.9304 72.5769 6.65598
    endloop
  endfacet
  facet normal 0.111754 -0.440052 0.890991
    outer loop
      vertex -90.3997 74.3285 7.57995
      vertex -86.5636 73.4319 6.65598
      vertex -91.7415 79.3362 10.2215
    endloop
  endfacet
  facet normal 0.105972 -0.417293 0.902572
    outer loop
      vertex -86.5636 73.4319 6.65598
      vertex -89.9304 72.5769 6.65598
      vertex -88.0957 65.7297 3.27485
    endloop
  endfacet
  facet normal 0.141507 -0.455733 0.878797
    outer loop
      vertex -95.2611 78.3435 10.2215
      vertex -95.8579 80.3584 11.3625
      vertex -97.426 80.4525 11.6638
    endloop
  endfacet
  facet normal 0.0729071 -0.424323 0.902571
    outer loop
      vertex -75.2364 68.463 3.27485
      vertex -79.7688 74.8762 6.65598
      vertex -78.477 67.9062 3.27485
    endloop
  endfacet
  facet normal 0.068881 -0.40089 0.913533
    outer loop
      vertex -78.477 67.9062 3.27485
      vertex -75.3978 67.8275 3.00814
      vertex -75.2364 68.463 3.27485
    endloop
  endfacet
  facet normal 0.0688793 -0.400916 0.913522
    outer loop
      vertex -75.3978 67.8275 3.00814
      vertex -78.477 67.9062 3.27485
      vertex -78.3654 67.3043 3.00228
    endloop
  endfacet
  facet normal 0.0533676 -0.450873 0.890991
    outer loop
      vertex -69.4581 76.3712 6.65598
      vertex -70.1896 83.3306 10.2215
      vertex -72.9076 75.9629 6.65598
    endloop
  endfacet
  facet normal 0.0506078 -0.427554 0.902572
    outer loop
      vertex -68.7171 69.3213 3.27485
      vertex -72.9076 75.9629 6.65598
      vertex -71.9824 68.9348 3.27485
    endloop
  endfacet
  facet normal 0.0950188 -0.419924 0.902571
    outer loop
      vertex -83.1757 74.1985 6.65598
      vertex -86.5636 73.4319 6.65598
      vertex -81.7019 67.2647 3.27485
    endloop
  endfacet
  facet normal 0.100201 -0.442827 0.89099
    outer loop
      vertex -83.1757 74.1985 6.65598
      vertex -84.6306 81.0433 10.2215
      vertex -86.5636 73.4319 6.65598
    endloop
  endfacet
  facet normal -0.234676 -0.332187 0.913553
    outer loop
      vertex 15.4214 47.2689 3.00483
      vertex 15.5509 47.92 3.27485
      vertex 15.2041 47.4154 3.00228
    endloop
  endfacet
  facet normal -0.265114 -0.396771 0.878799
    outer loop
      vertex 23.5295 59.529 10.2215
      vertex 24.2481 67.3491 13.969
      vertex 20.489 61.5606 10.2215
    endloop
  endfacet
  facet normal -0.262044 -0.370768 0.89099
    outer loop
      vertex 26.5158 57.4184 10.2215
      vertex 23.5295 59.529 10.2215
      vertex 22.4027 51.7571 6.65598
    endloop
  endfacet
  facet normal -0.221842 -0.396133 0.890991
    outer loop
      vertex 14.2536 65.3816 10.2215
      vertex 11.063 67.1684 10.2215
      vertex 10.7547 59.3214 6.65598
    endloop
  endfacet
  facet normal -0.233163 -0.416348 0.8788
    outer loop
      vertex 14.2536 65.3816 10.2215
      vertex 14.3564 73.234 13.969
      vertex 11.063 67.1684 10.2215
    endloop
  endfacet
  facet normal -0.179902 -0.364796 0.913542
    outer loop
      vertex -1.51727 57.7743 3.27485
      vertex 0.927572 55.9007 3.00814
      vertex 1.43169 56.32 3.27485
    endloop
  endfacet
  facet normal -0.179904 -0.364799 0.91354
    outer loop
      vertex 0.927572 55.9007 3.00814
      vertex -1.51727 57.7743 3.27485
      vertex -1.78083 57.2217 3.00228
    endloop
  endfacet
  facet normal -0.190428 -0.386141 0.90257
    outer loop
      vertex 1.43169 56.32 3.27485
      vertex 1.53449 64.1724 6.65598
      vertex -1.51727 57.7743 3.27485
    endloop
  endfacet
  facet normal -0.179912 -0.364785 0.913544
    outer loop
      vertex 0.927572 55.9007 3.00814
      vertex 1.16024 55.7872 3.00864
      vertex 1.43169 56.32 3.27485
    endloop
  endfacet
  facet normal -0.266545 -0.338111 0.902571
    outer loop
      vertex 27.9138 47.5283 6.65598
      vertex 25.1859 49.6788 6.65598
      vertex 23.4528 42.0193 3.27485
    endloop
  endfacet
  facet normal -0.200469 -0.38102 0.902572
    outer loop
      vertex 4.34158 54.789 3.27485
      vertex 4.64989 62.6361 6.65598
      vertex 1.43169 56.32 3.27485
    endloop
  endfacet
  facet normal -0.257603 -0.344974 0.902571
    outer loop
      vertex 25.1859 49.6788 6.65598
      vertex 22.4027 51.7571 6.65598
      vertex 18.236 46.0223 3.27485
    endloop
  endfacet
  facet normal -0.349585 -0.207993 0.913526
    outer loop
      vertex 53.1824 7.21039 3.27485
      vertex 51.5573 8.79119 3.01288
      vertex 52.5156 7.13146 3.00171
    endloop
  endfacet
  facet normal -0.349546 -0.207948 0.913551
    outer loop
      vertex 51.5013 10.0362 3.27485
      vertex 51.5573 8.79119 3.01288
      vertex 53.1824 7.21039 3.27485
    endloop
  endfacet
  facet normal -0.349577 -0.207947 0.913539
    outer loop
      vertex 51.5573 8.79119 3.01288
      vertex 51.5013 10.0362 3.27485
      vertex 50.9793 9.71629 3.00228
    endloop
  endfacet
  facet normal -0.349592 -0.207958 0.913531
    outer loop
      vertex 53.1824 7.21039 3.27485
      vertex 52.5156 7.13146 3.00171
      vertex 52.6481 6.90191 3.00016
    endloop
  endfacet
  facet normal -0.370014 -0.220127 0.902571
    outer loop
      vertex 59.3214 10.7547 6.65598
      vertex 57.5454 13.74 6.65598
      vertex 51.5013 10.0362 3.27485
    endloop
  endfacet
  facet normal -0.396133 -0.221842 0.890991
    outer loop
      vertex 67.1684 11.063 10.2215
      vertex 65.3816 14.2536 10.2215
      vertex 59.3214 10.7547 6.65598
    endloop
  endfacet
  facet normal -0.312745 -0.260131 0.913522
    outer loop
      vertex 42.0193 23.4528 3.27485
      vertex 41.3883 23.2748 3.00814
      vertex 41.5547 23.0765 3.00864
    endloop
  endfacet
  facet normal -0.319422 -0.251819 0.913541
    outer loop
      vertex 41.714 22.8725 3.00814
      vertex 44.055 20.8706 3.27485
      vertex 42.0193 23.4528 3.27485
    endloop
  endfacet
  facet normal -0.319429 -0.251827 0.913536
    outer loop
      vertex 44.055 20.8706 3.27485
      vertex 41.714 22.8725 3.00814
      vertex 43.5693 20.4979 3.00228
    endloop
  endfacet
  facet normal -0.338109 -0.266551 0.90257
    outer loop
      vertex 49.6788 25.1859 6.65598
      vertex 42.0193 23.4528 3.27485
      vertex 44.055 20.8706 3.27485
    endloop
  endfacet
  facet normal -0.292249 -0.316158 0.902571
    outer loop
      vertex 35.7469 40.6589 6.65598
      vertex 33.1961 43.0168 6.65598
      vertex 28.4528 37.7489 3.27485
    endloop
  endfacet
  facet normal -0.299356 -0.341351 0.890991
    outer loop
      vertex 33.1961 43.0168 6.65598
      vertex 35.1292 50.6282 10.2215
      vertex 30.5845 45.3071 6.65598
    endloop
  endfacet
  facet normal -0.28384 -0.291386 0.913526
    outer loop
      vertex 30.6358 34.8895 3.0028
      vertex 33.2226 33.2226 3.27485
      vertex 30.8673 35.5169 3.27485
    endloop
  endfacet
  facet normal -0.283828 -0.291367 0.913536
    outer loop
      vertex 33.2226 33.2226 3.27485
      vertex 30.6358 34.8895 3.0028
      vertex 32.7998 32.7998 3.00864
    endloop
  endfacet
  facet normal -0.300416 -0.308403 0.902573
    outer loop
      vertex 33.2226 33.2226 3.27485
      vertex 35.7469 40.6589 6.65598
      vertex 30.8673 35.5169 3.27485
    endloop
  endfacet
  facet normal -0.275305 -0.331018 0.902571
    outer loop
      vertex 30.5845 45.3071 6.65598
      vertex 27.9138 47.5283 6.65598
      vertex 23.4528 42.0193 3.27485
    endloop
  endfacet
  facet normal -0.268182 -0.305793 0.913548
    outer loop
      vertex 28.4528 37.7489 3.27485
      vertex 26.4188 38.7501 3.01288
      vertex 27.843 37.4677 3.00171
    endloop
  endfacet
  facet normal -0.268189 -0.305809 0.91354
    outer loop
      vertex 25.9808 39.9168 3.27485
      vertex 26.4188 38.7501 3.01288
      vertex 28.4528 37.7489 3.27485
    endloop
  endfacet
  facet normal -0.268217 -0.305817 0.913529
    outer loop
      vertex 26.4188 38.7501 3.01288
      vertex 25.9808 39.9168 3.27485
      vertex 25.5832 39.4513 3.00228
    endloop
  endfacet
  facet normal -0.338191 -0.225968 0.913546
    outer loop
      vertex 47.5631 14.9852 3.0028
      vertex 49.7467 12.817 3.27485
      vertex 47.92 15.5509 3.27485
    endloop
  endfacet
  facet normal -0.338218 -0.225998 0.913528
    outer loop
      vertex 49.7467 12.817 3.27485
      vertex 47.5631 14.9852 3.0028
      vertex 49.2453 12.4913 3.00864
    endloop
  endfacet
  facet normal -0.338153 -0.225995 0.913553
    outer loop
      vertex 47.92 15.5509 3.27485
      vertex 47.4154 15.2041 3.00228
      vertex 47.5631 14.9852 3.0028
    endloop
  endfacet
  facet normal -0.410932 -0.124272 0.903156
    outer loop
      vertex 63.8621 -16.7767 3.27485
      vertex 71.6092 -17.9109 6.64368
      vertex 71.613 -17.9005 6.64684
    endloop
  endfacet
  facet normal -0.411176 -0.127683 0.902569
    outer loop
      vertex 71.6092 -17.9109 6.64368
      vertex 63.8621 -16.7767 3.27485
      vertex 64.8372 -19.9168 3.27485
    endloop
  endfacet
  facet normal -0.369394 -0.170284 0.913538
    outer loop
      vertex 57.6999 -2.76129 3.01288
      vertex 59.1508 -4.50329 3.27485
      vertex 57.7743 -1.51727 3.27485
    endloop
  endfacet
  facet normal -0.369413 -0.170301 0.913527
    outer loop
      vertex 59.1508 -4.50329 3.27485
      vertex 57.6999 -2.76129 3.01288
      vertex 58.5872 -4.75423 3.00016
    endloop
  endfacet
  facet normal -0.3694 -0.170283 0.913536
    outer loop
      vertex 57.6999 -2.76129 3.01288
      vertex 57.7743 -1.51727 3.27485
      vertex 57.3366 -2.01636 3.00483
    endloop
  endfacet
  facet normal -0.390994 -0.180241 0.902572
    outer loop
      vertex 65.6267 -1.62007 6.65598
      vertex 57.7743 -1.51727 3.27485
      vertex 59.1508 -4.50329 3.27485
    endloop
  endfacet
  facet normal -0.395577 -0.169954 0.902571
    outer loop
      vertex 66.9979 -4.81161 6.65598
      vertex 65.6267 -1.62007 6.65598
      vertex 60.4488 -7.52433 3.27485
    endloop
  endfacet
  facet normal -0.407691 -0.138397 0.902571
    outer loop
      vertex 70.6039 -14.5862 6.65598
      vertex 69.4873 -11.2969 6.65598
      vertex 62.8052 -13.6631 3.27485
    endloop
  endfacet
  facet normal -0.429926 -0.145944 0.890991
    outer loop
      vertex 77.2591 -12.4237 10.2215
      vertex 69.4873 -11.2969 6.65598
      vertex 70.6039 -14.5862 6.65598
    endloop
  endfacet
  facet normal -0.447697 -0.165166 0.878799
    outer loop
      vertex 82.5898 -6.65703 13.969
      vertex 74.818 -5.53018 10.2215
      vertex 76.0837 -8.96098 10.2215
    endloop
  endfacet
  facet normal -0.451869 -0.153384 0.878799
    outer loop
      vertex 82.5898 -6.65703 13.969
      vertex 76.0837 -8.96098 10.2215
      vertex 77.2591 -12.4237 10.2215
    endloop
  endfacet
  facet normal -0.384446 -0.319757 0.866001
    outer loop
      vertex 55.8766 39.6117 13.969
      vertex 59.6911 40.3495 15.9348
      vertex 58.4593 41.8175 15.93
    endloop
  endfacet
  facet normal -0.384453 -0.319733 0.866006
    outer loop
      vertex 59.6911 40.3495 15.9348
      vertex 55.8766 39.6117 13.969
      vertex 58.3304 36.6612 13.969
    endloop
  endfacet
  facet normal -0.38446 -0.319729 0.866004
    outer loop
      vertex 60.9833 38.8095 15.9399
      vertex 59.6911 40.3495 15.9348
      vertex 58.3304 36.6612 13.969
    endloop
  endfacet
  facet normal -0.422895 -0.266835 0.866002
    outer loop
      vertex 71.2773 24.4024 15.9348
      vertex 70.212 26.1073 15.9399
      vertex 67.3491 24.2481 13.969
    endloop
  endfacet
  facet normal -0.412317 -0.190073 0.890992
    outer loop
      vertex 72.0194 1.22617 10.2215
      vertex 70.4885 4.54709 10.2215
      vertex 64.1724 1.53449 6.65598
    endloop
  endfacet
  facet normal -0.433361 -0.199774 0.878799
    outer loop
      vertex 78.3247 4.03348 13.969
      vertex 70.4885 4.54709 10.2215
      vertex 72.0194 1.22617 10.2215
    endloop
  endfacet
  facet normal -0.401802 -0.211405 0.89099
    outer loop
      vertex 68.8711 7.8268 10.2215
      vertex 67.1684 11.063 10.2215
      vertex 61.0187 7.72401 6.65598
    endloop
  endfacet
  facet normal -0.38102 -0.200469 0.902572
    outer loop
      vertex 62.6361 4.64989 6.65598
      vertex 54.789 4.34158 3.27485
      vertex 56.32 1.43169 3.27485
    endloop
  endfacet
  facet normal -0.382357 -0.285505 0.878801
    outer loop
      vertex 63.0023 30.5727 13.969
      vertex 55.2305 29.4459 10.2215
      vertex 57.4184 26.5158 10.2215
    endloop
  endfacet
  facet normal -0.363791 -0.271642 0.890992
    outer loop
      vertex 57.4184 26.5158 10.2215
      vertex 55.2305 29.4459 10.2215
      vertex 49.6788 25.1859 6.65598
    endloop
  endfacet
  facet normal -0.389687 -0.275415 0.878801
    outer loop
      vertex 63.0023 30.5727 13.969
      vertex 57.4184 26.5158 10.2215
      vertex 59.529 23.5295 10.2215
    endloop
  endfacet
  facet normal -0.389691 -0.275413 0.8788
    outer loop
      vertex 65.2171 27.4389 13.969
      vertex 63.0023 30.5727 13.969
      vertex 59.529 23.5295 10.2215
    endloop
  endfacet
  facet normal -0.351597 -0.248487 0.902571
    outer loop
      vertex 53.7619 19.566 6.65598
      vertex 51.7571 22.4027 6.65598
      vertex 46.0223 18.236 3.27485
    endloop
  endfacet
  facet normal -0.344974 -0.257603 0.902571
    outer loop
      vertex 51.7571 22.4027 6.65598
      vertex 49.6788 25.1859 6.65598
      vertex 46.0223 18.236 3.27485
    endloop
  endfacet
  facet normal 0.0296982 -0.453046 0.890992
    outer loop
      vertex -62.8991 83.9044 10.2215
      vertex -66.5481 83.6652 10.2215
      vertex -65.999 76.689 6.65598
    endloop
  endfacet
  facet normal 0.0415428 -0.452116 0.890991
    outer loop
      vertex -66.5481 83.6652 10.2215
      vertex -70.1896 83.3306 10.2215
      vertex -69.4581 76.3712 6.65598
    endloop
  endfacet
  facet normal 0.00625062 -0.477148 0.878801
    outer loop
      vertex -55.5886 84.0958 10.2215
      vertex -59.4258 90.9476 13.969
      vertex -59.2451 84.0479 10.2215
    endloop
  endfacet
  facet normal -0.00654406 -0.499999 0.866001
    outer loop
      vertex -52.9707 94.3886 15.9465
      vertex -51.7514 90.9476 13.969
      vertex -51.6625 94.3429 15.93
    endloop
  endfacet
  facet normal -0.0066326 -0.500022 0.865987
    outer loop
      vertex -53.5713 94.3886 15.9419
      vertex -51.7514 90.9476 13.969
      vertex -52.9707 94.3886 15.9465
    endloop
  endfacet
  facet normal -0.00654105 -0.499986 0.866009
    outer loop
      vertex -51.7514 90.9476 13.969
      vertex -53.5713 94.3886 15.9419
      vertex -55.5886 90.9978 13.969
    endloop
  endfacet
  facet normal -0.018726 -0.476827 0.878798
    outer loop
      vertex -48.2781 83.9044 10.2215
      vertex -47.9168 90.7969 13.969
      vertex -51.9321 84.0479 10.2215
    endloop
  endfacet
  facet normal -0.00624231 -0.477151 0.878799
    outer loop
      vertex -51.7514 90.9476 13.969
      vertex -55.5886 90.9978 13.969
      vertex -55.5886 84.0958 10.2215
    endloop
  endfacet
  facet normal 0.0560944 -0.473887 0.878797
    outer loop
      vertex -70.911 90.1948 13.969
      vertex -74.7219 89.7437 13.969
      vertex -73.821 82.9008 10.2215
    endloop
  endfacet
  facet normal 0.0587954 -0.496569 0.866004
    outer loop
      vertex -74.7219 89.7437 13.969
      vertex -73.2717 93.3561 15.9419
      vertex -73.869 93.2934 15.9465
    endloop
  endfacet
  facet normal 0.0587788 -0.496564 0.866008
    outer loop
      vertex -73.2717 93.3561 15.9419
      vertex -74.7219 89.7437 13.969
      vertex -70.911 90.1948 13.969
    endloop
  endfacet
  facet normal 0.0587711 -0.496565 0.866008
    outer loop
      vertex -74.7219 89.7437 13.969
      vertex -73.869 93.2934 15.9465
      vertex -75.1653 93.1112 15.93
    endloop
  endfacet
  facet normal 0.0846541 -0.492822 0.866002
    outer loop
      vertex -80.941 92.2319 15.935
      vertex -78.5197 89.1931 13.969
      vertex -79.0537 92.5647 15.9399
    endloop
  endfacet
  facet normal 0.0846815 -0.492805 0.866009
    outer loop
      vertex -78.5197 89.1931 13.969
      vertex -80.941 92.2319 15.935
      vertex -82.3018 88.5432 13.969
    endloop
  endfacet
  facet normal 0.0651558 -0.44932 0.890992
    outer loop
      vertex -72.9076 75.9629 6.65598
      vertex -77.44 82.376 10.2215
      vertex -76.3453 75.4644 6.65598
    endloop
  endfacet
  facet normal -0.499649 -0.0196317 0.866005
    outer loop
      vertex 94.276 -49.7473 15.9348
      vertex 94.2059 -47.7382 15.9399
      vertex 90.7969 -47.9168 13.969
    endloop
  endfacet
  facet normal -0.498964 -0.0327041 0.866005
    outer loop
      vertex 94.2059 -47.7382 15.9399
      vertex 94.0656 -45.7327 15.9348
      vertex 90.7969 -47.9168 13.969
    endloop
  endfacet
  facet normal -0.492814 -0.0847112 0.866001
    outer loop
      vertex 92.2319 -30.2362 15.935
      vertex 91.8828 -28.2564 15.93
      vertex 88.5432 -28.8753 13.969
    endloop
  endfacet
  facet normal -0.472258 -0.0684673 0.878797
    outer loop
      vertex 89.7437 -36.4552 13.969
      vertex 89.1931 -32.6574 13.969
      vertex 82.9008 -37.3561 10.2215
    endloop
  endfacet
  facet normal -0.470296 -0.0808136 0.878801
    outer loop
      vertex 89.1931 -32.6574 13.969
      vertex 88.5432 -28.8753 13.969
      vertex 82.376 -33.7371 10.2215
    endloop
  endfacet
  facet normal -0.496575 -0.0587603 0.866003
    outer loop
      vertex 93.567 -39.9117 15.9267
      vertex 93.3561 -37.9054 15.9419
      vertex 90.1948 -40.2661 13.969
    endloop
  endfacet
  facet normal -0.497938 -0.0457841 0.866003
    outer loop
      vertex 93.7779 -41.9179 15.9419
      vertex 93.567 -39.9117 15.9267
      vertex 90.1948 -40.2661 13.969
    endloop
  endfacet
  facet normal -0.450872 -0.0533622 0.890992
    outer loop
      vertex 83.3306 -40.9876 10.2215
      vertex 82.9008 -37.3561 10.2215
      vertex 75.9629 -38.2695 6.65598
    endloop
  endfacet
  facet normal -0.44932 -0.0651569 0.890992
    outer loop
      vertex 82.9008 -37.3561 10.2215
      vertex 82.376 -33.7371 10.2215
      vertex 75.9629 -38.2695 6.65598
    endloop
  endfacet
  facet normal -0.445297 -0.0885785 0.890991
    outer loop
      vertex 81.0433 -26.5466 10.2215
      vertex 74.1985 -28.0015 6.65598
      vertex 74.8762 -31.4084 6.65598
    endloop
  endfacet
  facet normal -0.490422 -0.0975835 0.866005
    outer loop
      vertex 87.7945 -25.1116 13.969
      vertex 91.5084 -26.275 15.9411
      vertex 91.1112 -24.4066 15.9267
    endloop
  endfacet
  facet normal -0.490416 -0.0975569 0.866011
    outer loop
      vertex 91.5084 -26.275 15.9411
      vertex 87.7945 -25.1116 13.969
      vertex 88.5432 -28.8753 13.969
    endloop
  endfacet
  facet normal -0.468021 -0.0931017 0.8788
    outer loop
      vertex 88.5432 -28.8753 13.969
      vertex 87.7945 -25.1116 13.969
      vertex 81.0433 -26.5466 10.2215
    endloop
  endfacet
  facet normal -0.465377 -0.105508 0.878801
    outer loop
      vertex 82.5178 -22.8293 11.4478
      vertex 86.9476 -21.3687 13.969
      vertex 82.7297 -22.3813 11.6138
    endloop
  endfacet
  facet normal -0.465506 -0.105089 0.878784
    outer loop
      vertex 82.215 -23.3344 11.227
      vertex 86.9476 -21.3687 13.969
      vertex 82.5178 -22.8293 11.4478
    endloop
  endfacet
  facet normal -0.465392 -0.105332 0.878815
    outer loop
      vertex 81.0433 -26.5466 10.2215
      vertex 82.215 -23.3344 11.227
      vertex 81.8643 -23.8073 10.9846
    endloop
  endfacet
  facet normal -0.465432 -0.105315 0.878796
    outer loop
      vertex 81.0433 -26.5466 10.2215
      vertex 81.8643 -23.8073 10.9846
      vertex 81.4689 -24.2436 10.7229
    endloop
  endfacet
  facet normal -0.465421 -0.105318 0.878801
    outer loop
      vertex 82.215 -23.3344 11.227
      vertex 81.0433 -26.5466 10.2215
      vertex 86.9476 -21.3687 13.969
    endloop
  endfacet
  facet normal -0.465509 -0.105293 0.878758
    outer loop
      vertex 81.0326 -24.639 10.4444
      vertex 81.0433 -26.5466 10.2215
      vertex 81.4689 -24.2436 10.7229
    endloop
  endfacet
  facet normal -0.465424 -0.105297 0.878802
    outer loop
      vertex 81.0433 -26.5466 10.2215
      vertex 81.0326 -24.639 10.4444
      vertex 80.6722 -24.9063 10.2215
    endloop
  endfacet
  facet normal -0.462517 -0.11746 0.878795
    outer loop
      vertex 83.2152 -20.2263 12.1573
      vertex 86.9476 -21.3687 13.969
      vertex 86.003 -17.6492 13.969
    endloop
  endfacet
  facet normal -0.462467 -0.117199 0.878856
    outer loop
      vertex 83.1973 -20.5891 12.0995
      vertex 86.9476 -21.3687 13.969
      vertex 83.2152 -20.2263 12.1573
    endloop
  endfacet
  facet normal -0.46251 -0.117584 0.878782
    outer loop
      vertex 83.1109 -21.1715 11.9761
      vertex 86.9476 -21.3687 13.969
      vertex 83.1973 -20.5891 12.0995
    endloop
  endfacet
  facet normal -0.462512 -0.117449 0.878799
    outer loop
      vertex 82.9679 -21.7427 11.8245
      vertex 86.9476 -21.3687 13.969
      vertex 83.1109 -21.1715 11.9761
    endloop
  endfacet
  facet normal -0.462515 -0.11743 0.878801
    outer loop
      vertex 82.7695 -22.2971 11.646
      vertex 86.9476 -21.3687 13.969
      vertex 82.9679 -21.7427 11.8245
    endloop
  endfacet
  facet normal -0.462509 -0.117452 0.8788
    outer loop
      vertex 86.9476 -21.3687 13.969
      vertex 82.7695 -22.2971 11.646
      vertex 82.7297 -22.3813 11.6138
    endloop
  endfacet
  facet normal -0.433539 -0.134634 0.89102
    outer loop
      vertex 77.2591 -12.4237 10.2215
      vertex 77.2262 -14.001 9.96716
      vertex 77.757 -14.027 10.2215
    endloop
  endfacet
  facet normal -0.433613 -0.134627 0.890986
    outer loop
      vertex 77.2591 -12.4237 10.2215
      vertex 76.6381 -14.0298 9.6766
      vertex 77.2262 -14.001 9.96716
    endloop
  endfacet
  facet normal -0.433627 -0.13462 0.89098
    outer loop
      vertex 77.2591 -12.4237 10.2215
      vertex 76.0557 -14.1162 9.3801
      vertex 76.6381 -14.0298 9.6766
    endloop
  endfacet
  facet normal -0.433569 -0.134671 0.891
    outer loop
      vertex 77.2591 -12.4237 10.2215
      vertex 75.4845 -14.2593 9.08052
      vertex 76.0557 -14.1162 9.3801
    endloop
  endfacet
  facet normal -0.433634 -0.134595 0.89098
    outer loop
      vertex 75.4845 -14.2593 9.08052
      vertex 77.2591 -12.4237 10.2215
      vertex 75.3112 -14.3213 8.98681
    endloop
  endfacet
  facet normal -0.499657 -0.019624 0.866001
    outer loop
      vertex 94.276 -49.7473 15.9348
      vertex 90.9476 -51.7514 13.969
      vertex 94.3429 -51.6625 15.93
    endloop
  endfacet
  facet normal -0.499651 -0.0196363 0.866004
    outer loop
      vertex 90.9476 -51.7514 13.969
      vertex 94.276 -49.7473 15.9348
      vertex 90.7969 -47.9168 13.969
    endloop
  endfacet
  facet normal -0.499999 -0.00654406 0.866001
    outer loop
      vertex 90.9476 -51.7514 13.969
      vertex 94.3886 -52.9707 15.9465
      vertex 94.3429 -51.6625 15.93
    endloop
  endfacet
  facet normal -0.500022 -0.0066326 0.865987
    outer loop
      vertex 94.3886 -52.9707 15.9465
      vertex 90.9476 -51.7514 13.969
      vertex 94.3886 -53.5713 15.9419
    endloop
  endfacet
  facet normal -0.499986 -0.00654105 0.866009
    outer loop
      vertex 94.3886 -53.5713 15.9419
      vertex 90.9476 -51.7514 13.969
      vertex 90.9978 -55.5886 13.969
    endloop
  endfacet
  facet normal -0.453979 -0.00593385 0.890993
    outer loop
      vertex 84.0958 -55.5886 10.2215
      vertex 77.0526 -52.1152 6.65598
      vertex 77.098 -55.5886 6.65598
    endloop
  endfacet
  facet normal -0.430502 0.00563056 0.902572
    outer loop
      vertex 77.0526 -59.0619 6.65598
      vertex 70.0093 -55.5886 3.27485
      vertex 69.9663 -58.8763 3.27485
    endloop
  endfacet
  facet normal -0.369378 -0.170305 0.913541
    outer loop
      vertex 57.7743 -1.51727 3.27485
      vertex 57.2217 -1.78083 3.00228
      vertex 57.3366 -2.01636 3.00483
    endloop
  endfacet
  facet normal -0.419815 -0.0949871 0.902626
    outer loop
      vertex 73.4199 -24.639 6.6477
      vertex 74.1985 -28.0015 6.65598
      vertex 73.4413 -24.6549 6.65598
    endloop
  endfacet
  facet normal -0.418494 -0.0946797 0.903271
    outer loop
      vertex 73.4104 -24.6304 6.6442
      vertex 74.1985 -28.0015 6.65598
      vertex 73.4199 -24.639 6.6477
    endloop
  endfacet
  facet normal -0.419925 -0.0950166 0.902571
    outer loop
      vertex 74.1985 -28.0015 6.65598
      vertex 73.4104 -24.6304 6.6442
      vertex 67.2647 -29.4753 3.27485
    endloop
  endfacet
  facet normal -0.405888 -0.0265973 0.913536
    outer loop
      vertex 69.0303 -46.0457 3.0028
      vertex 69.8372 -49.0153 3.27485
      vertex 69.6222 -45.7343 3.27485
    endloop
  endfacet
  facet normal -0.405894 -0.0265992 0.913533
    outer loop
      vertex 69.8372 -49.0153 3.27485
      vertex 69.0303 -46.0457 3.0028
      vertex 69.2401 -49.0466 3.00864
    endloop
  endfacet
  facet normal -0.406447 -0.0159709 0.913535
    outer loop
      vertex 69.8372 -49.0153 3.27485
      vertex 69.3451 -52.053 3.0028
      vertex 69.9663 -52.3008 3.27485
    endloop
  endfacet
  facet normal -0.406451 -0.0159701 0.913533
    outer loop
      vertex 69.3451 -52.053 3.0028
      vertex 69.8372 -49.0153 3.27485
      vertex 69.2401 -49.0466 3.00864
    endloop
  endfacet
  facet normal -0.394272 0.100112 0.913525
    outer loop
      vertex 65.7297 -88.0957 3.27485
      vertex 65.2148 -87.6898 3.00814
      vertex 65.1522 -87.9409 3.00864
    endloop
  endfacet
  facet normal -0.497943 0.0457583 0.866002
    outer loop
      vertex 90.5459 -67.0896 13.969
      vertex 93.8406 -68.6619 15.9465
      vertex 93.9319 -67.3561 15.93
    endloop
  endfacet
  facet normal -0.498 0.0456071 0.865977
    outer loop
      vertex 93.8406 -68.6619 15.9465
      vertex 90.5459 -67.0896 13.969
      vertex 93.7779 -69.2592 15.9419
    endloop
  endfacet
  facet normal -0.497927 0.0457482 0.866012
    outer loop
      vertex 93.7779 -69.2592 15.9419
      vertex 90.5459 -67.0896 13.969
      vertex 90.1948 -70.911 13.969
    endloop
  endfacet
  facet normal -0.484644 0.123097 0.866006
    outer loop
      vertex 86.9476 -89.8085 13.969
      vertex 89.7866 -92.4608 15.9348
      vertex 90.2503 -90.6014 15.93
    endloop
  endfacet
  facet normal -0.484653 0.123085 0.866003
    outer loop
      vertex 89.7866 -92.4608 15.9348
      vertex 86.9476 -89.8085 13.969
      vertex 86.003 -93.5279 13.969
    endloop
  endfacet
  facet normal -0.487711 0.110333 0.866005
    outer loop
      vertex 90.6918 -88.7438 15.9419
      vertex 91.1112 -86.7706 15.9267
      vertex 87.7945 -86.0656 13.969
    endloop
  endfacet
  facet normal -0.440065 0.111784 0.890981
    outer loop
      vertex 73.8708 -86.9486 6.92106
      vertex 73.8538 -86.6649 6.87707
      vertex 73.4319 -86.5636 6.65598
    endloop
  endfacet
  facet normal -0.442837 0.100237 0.890981
    outer loop
      vertex 73.8538 -86.6649 6.87707
      vertex 73.8415 -86.4596 6.84786
      vertex 73.4319 -86.5636 6.65598
    endloop
  endfacet
  facet normal -0.442824 0.100193 0.890993
    outer loop
      vertex 80.8091 -85.6657 10.2215
      vertex 81.0433 -84.6306 10.2215
      vertex 78.9397 -85.1648 9.23608
    endloop
  endfacet
  facet normal -0.398999 0.0793246 0.913514
    outer loop
      vertex 67.2647 -81.7019 3.27485
      vertex 66.7164 -81.3143 3.00171
      vertex 66.6613 -81.5736 3.00016
    endloop
  endfacet
  facet normal -0.394245 0.100126 0.913535
    outer loop
      vertex 65.2148 -87.6898 3.00814
      vertex 66.5391 -84.9088 3.27485
      vertex 65.9438 -84.7659 3.00228
    endloop
  endfacet
  facet normal -0.394258 0.100133 0.913528
    outer loop
      vertex 66.5391 -84.9088 3.27485
      vertex 65.2148 -87.6898 3.00814
      vertex 65.7297 -88.0957 3.27485
    endloop
  endfacet
  facet normal -0.475192 0.0436594 0.878798
    outer loop
      vertex 90.1948 -70.911 13.969
      vertex 90.5459 -67.0896 13.969
      vertex 83.6652 -66.5481 10.2215
    endloop
  endfacet
  facet normal -0.476172 0.0312117 0.878798
    outer loop
      vertex 90.5459 -67.0896 13.969
      vertex 90.7969 -63.2603 13.969
      vertex 83.6652 -66.5481 10.2215
    endloop
  endfacet
  facet normal -0.487721 0.110487 0.86598
    outer loop
      vertex 86.9476 -89.8085 13.969
      vertex 90.5669 -89.3312 15.9465
      vertex 90.6918 -88.7438 15.9419
    endloop
  endfacet
  facet normal -0.487699 0.110351 0.86601
    outer loop
      vertex 86.9476 -89.8085 13.969
      vertex 90.6918 -88.7438 15.9419
      vertex 87.7945 -86.0656 13.969
    endloop
  endfacet
  facet normal -0.487713 0.110314 0.866006
    outer loop
      vertex 90.5669 -89.3312 15.9465
      vertex 86.9476 -89.8085 13.969
      vertex 90.2503 -90.6014 15.93
    endloop
  endfacet
  facet normal -0.465424 0.105311 0.878801
    outer loop
      vertex 87.7945 -86.0656 13.969
      vertex 84.0085 -86.523 12.0187
      vertex 86.9476 -89.8085 13.969
    endloop
  endfacet
  facet normal -0.465424 0.105318 0.8788
    outer loop
      vertex 81.0433 -84.6306 10.2215
      vertex 84.0085 -86.523 12.0187
      vertex 87.7945 -86.0656 13.969
    endloop
  endfacet
  facet normal -0.465489 0.105196 0.878779
    outer loop
      vertex 84.0085 -86.523 12.0187
      vertex 81.0433 -84.6306 10.2215
      vertex 82.8461 -86.2116 11.3657
    endloop
  endfacet
  facet normal -0.465495 0.10523 0.878772
    outer loop
      vertex 86.9476 -89.8085 13.969
      vertex 84.0085 -86.523 12.0187
      vertex 83.7125 -86.9714 11.9156
    endloop
  endfacet
  facet normal -0.49043 0.0975594 0.866002
    outer loop
      vertex 88.5432 -82.3018 13.969
      vertex 91.6555 -84.2099 15.9465
      vertex 91.8828 -82.9208 15.93
    endloop
  endfacet
  facet normal -0.490479 0.0974623 0.865986
    outer loop
      vertex 91.6555 -84.2099 15.9465
      vertex 88.5432 -82.3018 13.969
      vertex 91.5084 -84.9022 15.9411
    endloop
  endfacet
  facet normal -0.492812 0.0847109 0.866003
    outer loop
      vertex 91.8828 -82.9208 15.93
      vertex 92.2319 -80.941 15.935
      vertex 88.5432 -82.3018 13.969
    endloop
  endfacet
  facet normal -0.406449 0.0159695 0.913534
    outer loop
      vertex 69.9663 -58.8763 3.27485
      vertex 69.3543 -58.8603 3.00228
      vertex 69.3451 -59.1242 3.0028
    endloop
  endfacet
  facet normal -0.422267 0.0839973 0.902571
    outer loop
      vertex 74.1985 -83.1757 6.65598
      vertex 74.8762 -79.7688 6.65598
      vertex 67.2647 -81.7019 3.27485
    endloop
  endfacet
  facet normal -0.445297 0.0885785 0.890991
    outer loop
      vertex 81.0433 -84.6306 10.2215
      vertex 74.8762 -79.7688 6.65598
      vertex 74.1985 -83.1757 6.65598
    endloop
  endfacet
  facet normal -0.44932 0.0651558 0.890992
    outer loop
      vertex 82.376 -77.44 10.2215
      vertex 75.9629 -72.9076 6.65598
      vertex 75.4644 -76.3453 6.65598
    endloop
  endfacet
  facet normal -0.447463 0.0768798 0.890992
    outer loop
      vertex 82.376 -77.44 10.2215
      vertex 75.4644 -76.3453 6.65598
      vertex 74.8762 -79.7688 6.65598
    endloop
  endfacet
  facet normal -0.406766 0.00532658 0.913517
    outer loop
      vertex 69.3924 -57.7701 3.01288
      vertex 70.0093 -55.5886 3.27485
      vertex 69.3924 -55.5886 3.00016
    endloop
  endfacet
  facet normal -0.406746 0.00531985 0.913526
    outer loop
      vertex 70.0093 -55.5886 3.27485
      vertex 69.3924 -57.7701 3.01288
      vertex 69.9663 -58.8763 3.27485
    endloop
  endfacet
  facet normal -0.406756 0.00531377 0.913521
    outer loop
      vertex 69.9663 -58.8763 3.27485
      vertex 69.3924 -57.7701 3.01288
      vertex 69.3635 -58.5984 3.00483
    endloop
  endfacet
  facet normal -0.406756 -0.00531377 0.913521
    outer loop
      vertex 69.9663 -52.3008 3.27485
      vertex 69.3635 -52.5787 3.00483
      vertex 69.3924 -53.407 3.01288
    endloop
  endfacet
  facet normal -0.406746 -0.00531969 0.913526
    outer loop
      vertex 69.3924 -53.407 3.01288
      vertex 70.0093 -55.5886 3.27485
      vertex 69.9663 -52.3008 3.27485
    endloop
  endfacet
  facet normal -0.406766 -0.00532634 0.913517
    outer loop
      vertex 70.0093 -55.5886 3.27485
      vertex 69.3924 -53.407 3.01288
      vertex 69.3924 -55.5886 3.00016
    endloop
  endfacet
  facet normal -0.453673 0.0178167 0.89099
    outer loop
      vertex 83.9044 -62.8991 10.2215
      vertex 84.0479 -59.2451 10.2215
      vertex 77.0526 -59.0619 6.65598
    endloop
  endfacet
  facet normal -0.406449 0.0159705 0.913534
    outer loop
      vertex 69.3451 -59.1242 3.0028
      vertex 69.8372 -62.1619 3.27485
      vertex 69.9663 -58.8763 3.27485
    endloop
  endfacet
  facet normal -0.406451 0.0159701 0.913533
    outer loop
      vertex 69.8372 -62.1619 3.27485
      vertex 69.3451 -59.1242 3.0028
      vertex 69.2401 -62.1306 3.00864
    endloop
  endfacet
  facet normal -0.430207 0.016904 0.902572
    outer loop
      vertex 77.0526 -59.0619 6.65598
      vertex 69.9663 -58.8763 3.27485
      vertex 69.8372 -62.1619 3.27485
    endloop
  endfacet
  facet normal -0.405904 0.0265613 0.91353
    outer loop
      vertex 69.6222 -65.4429 3.27485
      vertex 69.0303 -65.1315 3.0028
      vertex 69.0119 -65.3948 3.00228
    endloop
  endfacet
  facet normal -0.428732 0.0394006 0.902572
    outer loop
      vertex 76.3712 -69.4581 6.65598
      vertex 69.6222 -65.4429 3.27485
      vertex 69.3213 -68.7171 3.27485
    endloop
  endfacet
  facet normal -0.427554 0.0506074 0.902572
    outer loop
      vertex 75.9629 -72.9076 6.65598
      vertex 76.3712 -69.4581 6.65598
      vertex 69.3213 -68.7171 3.27485
    endloop
  endfacet
  facet normal -0.00531377 -0.406756 0.913521
    outer loop
      vertex -52.3008 69.9663 3.27485
      vertex -53.407 69.3924 3.01288
      vertex -52.5787 69.3635 3.00483
    endloop
  endfacet
  facet normal -0.00531969 -0.406746 0.913526
    outer loop
      vertex -55.5886 70.0093 3.27485
      vertex -53.407 69.3924 3.01288
      vertex -52.3008 69.9663 3.27485
    endloop
  endfacet
  facet normal -0.00532634 -0.406766 0.913517
    outer loop
      vertex -53.407 69.3924 3.01288
      vertex -55.5886 70.0093 3.27485
      vertex -55.5886 69.3924 3.00016
    endloop
  endfacet
  facet normal -0.0159701 -0.406451 0.913533
    outer loop
      vertex -49.0153 69.8372 3.27485
      vertex -52.053 69.3451 3.0028
      vertex -49.0466 69.2401 3.00864
    endloop
  endfacet
  facet normal -0.0159709 -0.406447 0.913535
    outer loop
      vertex -52.053 69.3451 3.0028
      vertex -49.0153 69.8372 3.27485
      vertex -52.3008 69.9663 3.27485
    endloop
  endfacet
  facet normal -0.0265973 -0.405888 0.913536
    outer loop
      vertex -49.0153 69.8372 3.27485
      vertex -46.0457 69.0303 3.0028
      vertex -45.7343 69.6222 3.27485
    endloop
  endfacet
  facet normal -0.0265992 -0.405894 0.913533
    outer loop
      vertex -46.0457 69.0303 3.0028
      vertex -49.0153 69.8372 3.27485
      vertex -49.0466 69.2401 3.00864
    endloop
  endfacet
  facet normal -0.0533677 -0.450874 0.890991
    outer loop
      vertex -38.2695 75.9629 6.65598
      vertex -40.9876 83.3306 10.2215
      vertex -41.719 76.3712 6.65598
    endloop
  endfacet
  facet normal -0.0583626 -0.402584 0.913521
    outer loop
      vertex -35.9407 68.463 3.27485
      vertex -39.0132 68.2911 3.0028
      vertex -36.0343 67.8725 3.00864
    endloop
  endfacet
  facet normal -0.0583652 -0.402557 0.913533
    outer loop
      vertex -39.0132 68.2911 3.0028
      vertex -35.9407 68.463 3.27485
      vertex -39.1948 68.9348 3.27485
    endloop
  endfacet
  facet normal 0.0281526 -0.429622 0.90257
    outer loop
      vertex -62.1619 69.8372 3.27485
      vertex -65.999 76.689 6.65598
      vertex -65.4429 69.6222 3.27485
    endloop
  endfacet
  facet normal 0.0689846 -0.40091 0.913517
    outer loop
      vertex -75.1429 67.8725 3.00864
      vertex -75.2364 68.463 3.27485
      vertex -75.3978 67.8275 3.00814
    endloop
  endfacet
  facet normal 0.0583659 -0.402549 0.913536
    outer loop
      vertex -75.2364 68.463 3.27485
      vertex -72.1639 68.2911 3.0028
      vertex -71.9824 68.9348 3.27485
    endloop
  endfacet
  facet normal 0.0583618 -0.402592 0.913517
    outer loop
      vertex -72.1639 68.2911 3.0028
      vertex -75.2364 68.463 3.27485
      vertex -75.1429 67.8725 3.00864
    endloop
  endfacet
  facet normal -0.138389 -0.407691 0.902572
    outer loop
      vertex -13.6631 62.8052 3.27485
      vertex -14.5862 70.6039 6.65598
      vertex -16.7767 63.8621 3.27485
    endloop
  endfacet
  facet normal -0.130724 -0.385233 0.913513
    outer loop
      vertex -13.6631 62.8052 3.27485
      vertex -14.8926 62.6012 3.01288
      vertex -14.1137 62.3178 3.00483
    endloop
  endfacet
  facet normal -0.130742 -0.385162 0.913541
    outer loop
      vertex -16.7767 63.8621 3.27485
      vertex -14.8926 62.6012 3.01288
      vertex -13.6631 62.8052 3.27485
    endloop
  endfacet
  facet normal -0.130781 -0.385215 0.913513
    outer loop
      vertex -14.8926 62.6012 3.01288
      vertex -16.7767 63.8621 3.27485
      vertex -16.9673 63.2754 3.00016
    endloop
  endfacet
  facet normal -0.160719 -0.473504 0.866004
    outer loop
      vertex -6.75335 86.2392 15.9465
      vertex -6.65703 82.5898 13.969
      vertex -5.52326 85.7915 15.93
    endloop
  endfacet
  facet normal -0.160794 -0.473499 0.865993
    outer loop
      vertex -6.65703 82.5898 13.969
      vertex -6.75335 86.2392 15.9465
      vertex -7.42645 86.4579 15.9411
    endloop
  endfacet
  facet normal -0.159532 -0.399894 0.902571
    outer loop
      vertex -4.81161 66.9979 6.65598
      vertex -8.03794 68.285 6.65598
      vertex -7.52433 60.4488 3.27485
    endloop
  endfacet
  facet normal -0.190418 -0.386141 0.902572
    outer loop
      vertex 4.64989 62.6361 6.65598
      vertex 1.53449 64.1724 6.65598
      vertex 1.43169 56.32 3.27485
    endloop
  endfacet
  facet normal -0.200804 -0.407202 0.89099
    outer loop
      vertex 4.64989 62.6361 6.65598
      vertex 7.8268 68.8711 10.2215
      vertex 1.53449 64.1724 6.65598
    endloop
  endfacet
  facet normal -0.160723 -0.473495 0.866008
    outer loop
      vertex -10.2909 83.8233 13.969
      vertex -7.42645 86.4579 15.9411
      vertex -9.24308 87.0482 15.9267
    endloop
  endfacet
  facet normal -0.160725 -0.473494 0.866009
    outer loop
      vertex -7.42645 86.4579 15.9411
      vertex -10.2909 83.8233 13.969
      vertex -6.65703 82.5898 13.969
    endloop
  endfacet
  facet normal -0.185323 -0.464434 0.866
    outer loop
      vertex 1.80739 82.9775 15.93
      vertex -0.0565686 83.7306 15.935
      vertex 0.507605 79.8396 13.969
    endloop
  endfacet
  facet normal -0.20081 -0.407196 0.890992
    outer loop
      vertex 7.8268 68.8711 10.2215
      vertex 4.54709 70.4885 10.2215
      vertex 1.53449 64.1724 6.65598
    endloop
  endfacet
  facet normal -0.211061 -0.427981 0.878798
    outer loop
      vertex 10.9602 75.0208 13.969
      vertex 7.51849 76.7181 13.969
      vertex 4.54709 70.4885 10.2215
    endloop
  endfacet
  facet normal -0.100129 -0.394244 0.913535
    outer loop
      vertex -26.2683 66.5391 3.27485
      vertex -23.4874 65.2148 3.00814
      vertex -23.0814 65.7297 3.27485
    endloop
  endfacet
  facet normal -0.100129 -0.394244 0.913535
    outer loop
      vertex -23.4874 65.2148 3.00814
      vertex -26.2683 66.5391 3.27485
      vertex -26.4112 65.9438 3.00228
    endloop
  endfacet
  facet normal -0.0506092 -0.427553 0.902572
    outer loop
      vertex -39.1948 68.9348 3.27485
      vertex -38.2695 75.9629 6.65598
      vertex -42.46 69.3213 3.27485
    endloop
  endfacet
  facet normal -0.100075 -0.394282 0.913524
    outer loop
      vertex -23.2362 65.1522 3.00864
      vertex -23.0814 65.7297 3.27485
      vertex -23.4874 65.2148 3.00814
    endloop
  endfacet
  facet normal -0.110421 -0.391483 0.913536
    outer loop
      vertex -20.0907 64.2502 3.00228
      vertex -19.9168 64.8372 3.27485
      vertex -20.3445 64.323 3.0028
    endloop
  endfacet
  facet normal -0.116828 -0.414403 0.902564
    outer loop
      vertex -18.2592 71.4846 6.54134
      vertex -23.0814 65.7297 3.27485
      vertex -17.9318 71.6018 6.63753
    endloop
  endfacet
  facet normal -0.11683 -0.414402 0.902564
    outer loop
      vertex -18.8304 71.3415 6.4017
      vertex -23.0814 65.7297 3.27485
      vertex -18.2592 71.4846 6.54134
    endloop
  endfacet
  facet normal -0.116872 -0.414374 0.902571
    outer loop
      vertex -19.4128 71.2551 6.28662
      vertex -23.0814 65.7297 3.27485
      vertex -18.8304 71.3415 6.4017
    endloop
  endfacet
  facet normal -0.116835 -0.414395 0.902566
    outer loop
      vertex -20.001 71.2262 6.19721
      vertex -23.0814 65.7297 3.27485
      vertex -19.4128 71.2551 6.28662
    endloop
  endfacet
  facet normal -0.116882 -0.414372 0.902571
    outer loop
      vertex -20.5891 71.2551 6.13432
      vertex -23.0814 65.7297 3.27485
      vertex -20.001 71.2262 6.19721
    endloop
  endfacet
  facet normal -0.116862 -0.41438 0.90257
    outer loop
      vertex -21.1715 71.3415 6.09858
      vertex -23.0814 65.7297 3.27485
      vertex -20.5891 71.2551 6.13432
    endloop
  endfacet
  facet normal -0.116922 -0.41436 0.902571
    outer loop
      vertex -23.0814 65.7297 3.27485
      vertex -21.1715 71.3415 6.09858
      vertex -21.5522 71.4369 6.09306
    endloop
  endfacet
  facet normal -0.105913 -0.41731 0.902571
    outer loop
      vertex -21.7427 71.4846 6.09276
      vertex -23.0814 65.7297 3.27485
      vertex -21.5522 71.4369 6.09306
    endloop
  endfacet
  facet normal -0.106011 -0.417287 0.90257
    outer loop
      vertex -22.2971 71.683 6.11937
      vertex -23.0814 65.7297 3.27485
      vertex -21.7427 71.4846 6.09276
    endloop
  endfacet
  facet normal -0.105963 -0.417294 0.902573
    outer loop
      vertex -22.8293 71.9347 6.17326
      vertex -23.0814 65.7297 3.27485
      vertex -22.2971 71.683 6.11937
    endloop
  endfacet
  facet normal -0.105947 -0.417296 0.902574
    outer loop
      vertex -23.3344 72.2374 6.25392
      vertex -23.0814 65.7297 3.27485
      vertex -22.8293 71.9347 6.17326
    endloop
  endfacet
  facet normal -0.106041 -0.417295 0.902563
    outer loop
      vertex -23.8073 72.5882 6.36055
      vertex -23.0814 65.7297 3.27485
      vertex -23.3344 72.2374 6.25392
    endloop
  endfacet
  facet normal -0.105952 -0.417291 0.902576
    outer loop
      vertex -24.2436 72.9836 6.49214
      vertex -23.0814 65.7297 3.27485
      vertex -23.8073 72.5882 6.36055
    endloop
  endfacet
  facet normal -0.10592 -0.417288 0.902581
    outer loop
      vertex -23.0814 65.7297 3.27485
      vertex -24.2436 72.9836 6.49214
      vertex -24.6033 73.3804 6.63338
    endloop
  endfacet
  facet normal -0.127922 -0.411978 0.90217
    outer loop
      vertex -17.9005 71.613 6.64684
      vertex -14.5862 70.6039 6.65598
      vertex -17.8705 71.6237 6.65598
    endloop
  endfacet
  facet normal -0.127678 -0.411171 0.902572
    outer loop
      vertex -14.5862 70.6039 6.65598
      vertex -17.9005 71.613 6.64684
      vertex -16.7767 63.8621 3.27485
    endloop
  endfacet
  facet normal -0.13469 -0.433557 0.891003
    outer loop
      vertex -14.4577 74.9301 8.78075
      vertex -12.4237 77.2591 10.2215
      vertex -14.3213 75.3112 8.98681
    endloop
  endfacet
  facet normal -0.134629 -0.433602 0.890991
    outer loop
      vertex -14.4577 74.9301 8.78075
      vertex -14.5862 70.6039 6.65598
      vertex -12.4237 77.2591 10.2215
    endloop
  endfacet
  facet normal -0.134785 -0.433589 0.890973
    outer loop
      vertex -14.7094 74.3979 8.48368
      vertex -14.5862 70.6039 6.65598
      vertex -14.4577 74.9301 8.78075
    endloop
  endfacet
  facet normal -0.134574 -0.433596 0.891002
    outer loop
      vertex -15.0121 73.8928 8.19216
      vertex -14.5862 70.6039 6.65598
      vertex -14.7094 74.3979 8.48368
    endloop
  endfacet
  facet normal -0.134668 -0.433601 0.890985
    outer loop
      vertex -15.3629 73.4199 7.909
      vertex -14.5862 70.6039 6.65598
      vertex -15.0121 73.8928 8.19216
    endloop
  endfacet
  facet normal -0.134636 -0.433595 0.890993
    outer loop
      vertex -15.7583 72.9836 7.63693
      vertex -14.5862 70.6039 6.65598
      vertex -15.3629 73.4199 7.909
    endloop
  endfacet
  facet normal -0.13464 -0.433597 0.890992
    outer loop
      vertex -16.1946 72.5882 7.37858
      vertex -14.5862 70.6039 6.65598
      vertex -15.7583 72.9836 7.63693
    endloop
  endfacet
  facet normal -0.134622 -0.433585 0.891
    outer loop
      vertex -16.6675 72.2374 7.13642
      vertex -14.5862 70.6039 6.65598
      vertex -16.1946 72.5882 7.37858
    endloop
  endfacet
  facet normal -0.134633 -0.433597 0.890993
    outer loop
      vertex -17.1726 71.9347 6.91279
      vertex -14.5862 70.6039 6.65598
      vertex -16.6675 72.2374 7.13642
    endloop
  endfacet
  facet normal -0.134655 -0.433635 0.890971
    outer loop
      vertex -17.7049 71.683 6.70984
      vertex -14.5862 70.6039 6.65598
      vertex -17.1726 71.9347 6.91279
    endloop
  endfacet
  facet normal -0.134593 -0.43346 0.891065
    outer loop
      vertex -14.5862 70.6039 6.65598
      vertex -17.7049 71.683 6.70984
      vertex -17.8705 71.6237 6.65598
    endloop
  endfacet
  facet normal -0.28853 -0.408443 0.865982
    outer loop
      vertex 27.4389 65.2171 13.969
      vertex 30.9338 66.9312 15.9419
      vertex 30.4479 67.2842 15.9465
    endloop
  endfacet
  facet normal -0.288609 -0.408346 0.866001
    outer loop
      vertex 27.4389 65.2171 13.969
      vertex 30.4479 67.2842 15.9465
      vertex 29.3627 68.0162 15.93
    endloop
  endfacet
  facet normal -0.288594 -0.408342 0.866008
    outer loop
      vertex 30.9338 66.9312 15.9419
      vertex 27.4389 65.2171 13.969
      vertex 30.5727 63.0023 13.969
    endloop
  endfacet
  facet normal -0.275413 -0.389691 0.8788
    outer loop
      vertex 30.5727 63.0023 13.969
      vertex 27.4389 65.2171 13.969
      vertex 23.5295 59.529 10.2215
    endloop
  endfacet
  facet normal -0.266825 -0.422905 0.866
    outer loop
      vertex 21.0026 69.3969 13.969
      vertex 24.4024 71.2773 15.9348
      vertex 22.7773 72.2928 15.93
    endloop
  endfacet
  facet normal -0.266832 -0.422895 0.866003
    outer loop
      vertex 24.4024 71.2773 15.9348
      vertex 21.0026 69.3969 13.969
      vertex 24.2481 67.3491 13.969
    endloop
  endfacet
  facet normal -0.243976 -0.410108 0.878799
    outer loop
      vertex 21.0026 69.3969 13.969
      vertex 17.7046 71.3589 13.969
      vertex 14.2536 65.3816 10.2215
    endloop
  endfacet
  facet normal -0.244321 -0.436284 0.866004
    outer loop
      vertex 14.3564 73.234 13.969
      vertex 17.1329 75.6044 15.9465
      vertex 15.9771 76.2189 15.93
    endloop
  endfacet
  facet normal -0.2443 -0.436304 0.866
    outer loop
      vertex 17.1329 75.6044 15.9465
      vertex 14.3564 73.234 13.969
      vertex 17.7458 75.2505 15.9411
    endloop
  endfacet
  facet normal -0.34135 -0.29936 0.89099
    outer loop
      vertex 50.6282 35.1292 10.2215
      vertex 48.2171 37.8785 10.2215
      vertex 43.0168 33.1961 6.65598
    endloop
  endfacet
  facet normal -0.341816 -0.332981 0.878798
    outer loop
      vertex 50.7414 45.3148 13.969
      vertex 43.1832 43.1832 10.2215
      vertex 45.7349 40.5638 10.2215
    endloop
  endfacet
  facet normal -0.308186 -0.333403 0.89099
    outer loop
      vertex 40.5638 45.7349 10.2215
      vertex 37.8785 48.2171 10.2215
      vertex 33.1961 43.0168 6.65598
    endloop
  endfacet
  facet normal -0.316149 -0.292253 0.902573
    outer loop
      vertex 40.6589 35.7469 6.65598
      vertex 35.5169 30.8673 3.27485
      vertex 37.7489 28.4528 3.27485
    endloop
  endfacet
  facet normal -0.319729 -0.38446 0.866004
    outer loop
      vertex 40.3495 59.6911 15.9348
      vertex 38.8095 60.9833 15.9399
      vertex 36.6612 58.3304 13.969
    endloop
  endfacet
  facet normal -0.308187 -0.3334 0.890991
    outer loop
      vertex 35.7469 40.6589 6.65598
      vertex 40.5638 45.7349 10.2215
      vertex 33.1961 43.0168 6.65598
    endloop
  endfacet
  facet normal -0.305125 -0.366889 0.878801
    outer loop
      vertex 39.6117 55.8766 13.969
      vertex 36.6612 58.3304 13.969
      vertex 35.1292 50.6282 10.2215
    endloop
  endfacet
  facet normal 0.134631 -0.4336 0.890991
    outer loop
      vertex -96.8819 75.338 9.00377
      vertex -95.5524 70.9264 6.65598
      vertex -93.7461 72.119 6.96342
    endloop
  endfacet
  facet normal 0.134752 -0.433563 0.890991
    outer loop
      vertex -95.5524 70.9264 6.65598
      vertex -96.8819 75.338 9.00377
      vertex -95.6885 70.8841 6.65598
    endloop
  endfacet
  facet normal 0.0729042 -0.424324 0.902571
    outer loop
      vertex -76.3453 75.4644 6.65598
      vertex -79.7688 74.8762 6.65598
      vertex -75.2364 68.463 3.27485
    endloop
  endfacet
  facet normal 0.0684819 -0.472249 0.878801
    outer loop
      vertex -73.821 82.9008 10.2215
      vertex -78.5197 89.1931 13.969
      vertex -77.44 82.376 10.2215
    endloop
  endfacet
  facet normal 0.0393897 -0.428737 0.90257
    outer loop
      vertex -65.999 76.689 6.65598
      vertex -69.4581 76.3712 6.65598
      vertex -65.4429 69.6222 3.27485
    endloop
  endfacet
  facet normal 0.0394006 -0.428732 0.902572
    outer loop
      vertex -65.4429 69.6222 3.27485
      vertex -69.4581 76.3712 6.65598
      vertex -68.7171 69.3213 3.27485
    endloop
  endfacet
  facet normal -0.2576 -0.344977 0.90257
    outer loop
      vertex 20.8706 44.055 3.27485
      vertex 25.1859 49.6788 6.65598
      vertex 18.236 46.0223 3.27485
    endloop
  endfacet
  facet normal -0.248487 -0.351597 0.902571
    outer loop
      vertex 22.4027 51.7571 6.65598
      vertex 19.566 53.7619 6.65598
      vertex 18.236 46.0223 3.27485
    endloop
  endfacet
  facet normal -0.221849 -0.396132 0.89099
    outer loop
      vertex 10.7547 59.3214 6.65598
      vertex 11.063 67.1684 10.2215
      vertex 7.72401 61.0187 6.65598
    endloop
  endfacet
  facet normal -0.211405 -0.401802 0.89099
    outer loop
      vertex 11.063 67.1684 10.2215
      vertex 7.8268 68.8711 10.2215
      vertex 7.72401 61.0187 6.65598
    endloop
  endfacet
  facet normal -0.243982 -0.410099 0.878801
    outer loop
      vertex 17.3963 63.5119 10.2215
      vertex 21.0026 69.3969 13.969
      vertex 14.2536 65.3816 10.2215
    endloop
  endfacet
  facet normal -0.254638 -0.403569 0.878801
    outer loop
      vertex 24.2481 67.3491 13.969
      vertex 21.0026 69.3969 13.969
      vertex 17.3963 63.5119 10.2215
    endloop
  endfacet
  facet normal -0.198739 -0.354917 0.91353
    outer loop
      vertex 4.28084 54.128 3.00483
      vertex 4.34158 54.789 3.27485
      vertex 4.04946 54.251 3.00228
    endloop
  endfacet
  facet normal -0.225995 -0.338153 0.913553
    outer loop
      vertex 15.2041 47.4154 3.00228
      vertex 15.5509 47.92 3.27485
      vertex 14.9852 47.5631 3.0028
    endloop
  endfacet
  facet normal -0.396771 -0.265114 0.878799
    outer loop
      vertex 67.3491 24.2481 13.969
      vertex 59.529 23.5295 10.2215
      vertex 61.5606 20.489 10.2215
    endloop
  endfacet
  facet normal -0.383974 -0.242276 0.890992
    outer loop
      vertex 61.5606 20.489 10.2215
      vertex 55.6918 16.6777 6.65598
      vertex 57.5454 13.74 6.65598
    endloop
  endfacet
  facet normal -0.31953 -0.251754 0.913521
    outer loop
      vertex 42.0193 23.4528 3.27485
      vertex 41.5547 23.0765 3.00864
      vertex 41.714 22.8725 3.00814
    endloop
  endfacet
  facet normal -0.283874 -0.323698 0.902571
    outer loop
      vertex 33.1961 43.0168 6.65598
      vertex 30.5845 45.3071 6.65598
      vertex 28.4528 37.7489 3.27485
    endloop
  endfacet
  facet normal -0.260131 -0.312745 0.913522
    outer loop
      vertex 23.0765 41.5547 3.00864
      vertex 23.2748 41.3883 3.00814
      vertex 23.4528 42.0193 3.27485
    endloop
  endfacet
  facet normal -0.316815 -0.325207 0.890993
    outer loop
      vertex 38.235 38.235 6.65598
      vertex 43.1832 43.1832 10.2215
      vertex 35.7469 40.6589 6.65598
    endloop
  endfacet
  facet normal -0.350415 -0.323912 0.8788
    outer loop
      vertex 53.3463 42.4969 13.969
      vertex 45.7349 40.5638 10.2215
      vertex 48.2171 37.8785 10.2215
    endloop
  endfacet
  facet normal -0.268124 -0.305901 0.913528
    outer loop
      vertex 28.04 37.2904 3.00016
      vertex 28.4528 37.7489 3.27485
      vertex 27.843 37.4677 3.00171
    endloop
  endfacet
  facet normal -0.234769 -0.332213 0.91352
    outer loop
      vertex 18.236 46.0223 3.27485
      vertex 16.1085 46.8054 3.01288
      vertex 17.8734 45.5232 3.00016
    endloop
  endfacet
  facet normal -0.23475 -0.332154 0.913546
    outer loop
      vertex 15.5509 47.92 3.27485
      vertex 16.1085 46.8054 3.01288
      vertex 18.236 46.0223 3.27485
    endloop
  endfacet
  facet normal -0.234771 -0.332162 0.913538
    outer loop
      vertex 16.1085 46.8054 3.01288
      vertex 15.5509 47.92 3.27485
      vertex 15.4214 47.2689 3.00483
    endloop
  endfacet
  facet normal -0.271652 -0.363788 0.89099
    outer loop
      vertex 25.1859 49.6788 6.65598
      vertex 26.5158 57.4184 10.2215
      vertex 22.4027 51.7571 6.65598
    endloop
  endfacet
  facet normal -0.207958 -0.349592 0.913531
    outer loop
      vertex 7.13146 52.5156 3.00171
      vertex 7.21039 53.1824 3.27485
      vertex 6.90191 52.6481 3.00016
    endloop
  endfacet
  facet normal -0.251819 -0.319422 0.913541
    outer loop
      vertex 20.8706 44.055 3.27485
      vertex 22.8725 41.714 3.00814
      vertex 23.4528 42.0193 3.27485
    endloop
  endfacet
  facet normal -0.251827 -0.319429 0.913536
    outer loop
      vertex 22.8725 41.714 3.00814
      vertex 20.8706 44.055 3.27485
      vertex 20.4979 43.5693 3.00228
    endloop
  endfacet
  facet normal -0.251754 -0.31953 0.913521
    outer loop
      vertex 23.0765 41.5547 3.00864
      vertex 23.4528 42.0193 3.27485
      vertex 22.8725 41.714 3.00814
    endloop
  endfacet
  facet normal -0.391483 -0.110421 0.913536
    outer loop
      vertex 64.8372 -19.9168 3.27485
      vertex 64.2502 -20.0907 3.00228
      vertex 64.323 -20.3445 3.0028
    endloop
  endfacet
  facet normal -0.38847 -0.120592 0.913536
    outer loop
      vertex 64.8372 -19.9168 3.27485
      vertex 64.178 -19.8388 3.00483
      vertex 64.2502 -20.0907 3.00228
    endloop
  endfacet
  facet normal -0.403932 -0.149013 0.902571
    outer loop
      vertex 69.4873 -11.2969 6.65598
      vertex 61.6672 -10.5783 3.27485
      vertex 62.8052 -13.6631 3.27485
    endloop
  endfacet
  facet normal -0.385225 -0.130734 0.913515
    outer loop
      vertex 62.8052 -13.6631 3.27485
      vertex 62.2282 -13.8675 3.00228
      vertex 62.3178 -14.1137 3.00483
    endloop
  endfacet
  facet normal -0.395572 -0.169959 0.902572
    outer loop
      vertex 65.6267 -1.62007 6.65598
      vertex 59.1508 -4.50329 3.27485
      vertex 60.4488 -7.52433 3.27485
    endloop
  endfacet
  facet normal -0.375642 -0.210374 0.902572
    outer loop
      vertex 61.0187 7.72401 6.65598
      vertex 59.3214 10.7547 6.65598
      vertex 54.789 4.34158 3.27485
    endloop
  endfacet
  facet normal -0.396132 -0.221849 0.89099
    outer loop
      vertex 67.1684 11.063 10.2215
      vertex 59.3214 10.7547 6.65598
      vertex 61.0187 7.72401 6.65598
    endloop
  endfacet
  facet normal -0.403578 -0.254632 0.878799
    outer loop
      vertex 67.3491 24.2481 13.969
      vertex 61.5606 20.489 10.2215
      vertex 63.5119 17.3963 10.2215
    endloop
  endfacet
  facet normal -0.390194 -0.232133 0.89099
    outer loop
      vertex 63.5119 17.3963 10.2215
      vertex 57.5454 13.74 6.65598
      vertex 59.3214 10.7547 6.65598
    endloop
  endfacet
  facet normal -0.0178167 -0.453673 0.89099
    outer loop
      vertex -48.2781 83.9044 10.2215
      vertex -51.9321 84.0479 10.2215
      vertex -52.1152 77.0526 6.65598
    endloop
  endfacet
  facet normal 0.00624231 -0.477151 0.878799
    outer loop
      vertex -55.5886 90.9978 13.969
      vertex -59.4258 90.9476 13.969
      vertex -55.5886 84.0958 10.2215
    endloop
  endfacet
  facet normal 0.018726 -0.476827 0.878798
    outer loop
      vertex -59.2451 84.0479 10.2215
      vertex -63.2603 90.7969 13.969
      vertex -62.8991 83.9044 10.2215
    endloop
  endfacet
  facet normal 0.0312142 -0.476173 0.878798
    outer loop
      vertex -62.8991 83.9044 10.2215
      vertex -63.2603 90.7969 13.969
      vertex -66.5481 83.6652 10.2215
    endloop
  endfacet
  facet normal -0.403998 -0.047692 0.913516
    outer loop
      vertex 68.9348 -39.1948 3.27485
      vertex 68.3279 -39.2747 3.00228
      vertex 68.3643 -39.5342 3.00483
    endloop
  endfacet
  facet normal -0.447463 -0.076882 0.890992
    outer loop
      vertex 82.376 -33.7371 10.2215
      vertex 74.8762 -31.4084 6.65598
      vertex 75.4644 -34.8318 6.65598
    endloop
  endfacet
  facet normal -0.487711 -0.110322 0.866006
    outer loop
      vertex 86.9476 -21.3687 13.969
      vertex 90.5669 -21.8459 15.9465
      vertex 90.2503 -20.5758 15.93
    endloop
  endfacet
  facet normal -0.487719 -0.110486 0.865981
    outer loop
      vertex 90.5669 -21.8459 15.9465
      vertex 86.9476 -21.3687 13.969
      vertex 90.6918 -22.4333 15.9419
    endloop
  endfacet
  facet normal -0.487696 -0.11035 0.866011
    outer loop
      vertex 90.6918 -22.4333 15.9419
      vertex 86.9476 -21.3687 13.969
      vertex 87.7945 -25.1116 13.969
    endloop
  endfacet
  facet normal -0.465425 -0.105311 0.8788
    outer loop
      vertex 87.7945 -25.1116 13.969
      vertex 86.9476 -21.3687 13.969
      vertex 81.0433 -26.5466 10.2215
    endloop
  endfacet
  facet normal -0.429618 -0.0281603 0.902572
    outer loop
      vertex 76.9162 -48.6443 6.65598
      vertex 76.689 -45.1781 6.65598
      vertex 69.8372 -49.0153 3.27485
    endloop
  endfacet
  facet normal -0.453046 -0.0296959 0.890992
    outer loop
      vertex 83.9044 -48.2781 10.2215
      vertex 76.689 -45.1781 6.65598
      vertex 76.9162 -48.6443 6.65598
    endloop
  endfacet
  facet normal -0.426083 -0.0617762 0.902572
    outer loop
      vertex 75.9629 -38.2695 6.65598
      vertex 68.463 -35.9407 3.27485
      vertex 68.9348 -39.1948 3.27485
    endloop
  endfacet
  facet normal -0.396746 -0.0899202 0.913514
    outer loop
      vertex 67.2647 -29.4753 3.27485
      vertex 66.6061 -29.3443 3.00171
      vertex 66.6613 -29.6036 3.00016
    endloop
  endfacet
  facet normal -0.406448 -0.0159756 0.913534
    outer loop
      vertex 69.9663 -52.3008 3.27485
      vertex 69.3451 -52.053 3.0028
      vertex 69.3543 -52.3168 3.00228
    endloop
  endfacet
  facet normal -0.427553 -0.0506092 0.902572
    outer loop
      vertex 75.9629 -38.2695 6.65598
      vertex 68.9348 -39.1948 3.27485
      vertex 69.3213 -42.46 3.27485
    endloop
  endfacet
  facet normal -0.427554 -0.0506074 0.902572
    outer loop
      vertex 76.3712 -41.719 6.65598
      vertex 75.9629 -38.2695 6.65598
      vertex 69.3213 -42.46 3.27485
    endloop
  endfacet
  facet normal -0.417293 0.105972 0.902572
    outer loop
      vertex 72.5769 -89.9304 6.65598
      vertex 73.4319 -86.5636 6.65598
      vertex 65.7297 -88.0957 3.27485
    endloop
  endfacet
  facet normal -0.396711 0.0897499 0.913545
    outer loop
      vertex 66.2077 -83.7075 3.01288
      vertex 67.2647 -81.7019 3.27485
      vertex 66.6061 -81.8328 3.00171
    endloop
  endfacet
  facet normal -0.396741 0.0897675 0.913531
    outer loop
      vertex 67.2647 -81.7019 3.27485
      vertex 66.2077 -83.7075 3.01288
      vertex 66.5391 -84.9088 3.27485
    endloop
  endfacet
  facet normal -0.396731 0.0897712 0.913535
    outer loop
      vertex 66.5391 -84.9088 3.27485
      vertex 66.2077 -83.7075 3.01288
      vertex 65.9438 -84.7659 3.00228
    endloop
  endfacet
  facet normal -0.419928 0.0950138 0.90257
    outer loop
      vertex 73.4319 -86.5636 6.65598
      vertex 67.2647 -81.7019 3.27485
      vertex 66.5391 -84.9088 3.27485
    endloop
  endfacet
  facet normal -0.496569 0.0587954 0.866004
    outer loop
      vertex 89.7437 -74.7219 13.969
      vertex 93.2934 -73.869 15.9465
      vertex 93.3561 -73.2717 15.9419
    endloop
  endfacet
  facet normal -0.496564 0.0587788 0.866008
    outer loop
      vertex 89.7437 -74.7219 13.969
      vertex 93.3561 -73.2717 15.9419
      vertex 90.1948 -70.911 13.969
    endloop
  endfacet
  facet normal -0.496565 0.0587711 0.866008
    outer loop
      vertex 93.2934 -73.869 15.9465
      vertex 89.7437 -74.7219 13.969
      vertex 93.1112 -75.1653 15.93
    endloop
  endfacet
  facet normal -0.494858 0.071737 0.866008
    outer loop
      vertex 89.7437 -74.7219 13.969
      vertex 92.8445 -77.063 15.9348
      vertex 93.1112 -75.1653 15.93
    endloop
  endfacet
  facet normal -0.494854 0.0717433 0.866009
    outer loop
      vertex 92.8445 -77.063 15.9348
      vertex 89.7437 -74.7219 13.969
      vertex 89.1931 -78.5197 13.969
    endloop
  endfacet
  facet normal -0.470296 0.0808136 0.878801
    outer loop
      vertex 88.5432 -82.3018 13.969
      vertex 89.1931 -78.5197 13.969
      vertex 82.376 -77.44 10.2215
    endloop
  endfacet
  facet normal -0.447463 0.0768782 0.890992
    outer loop
      vertex 81.7568 -81.044 10.2215
      vertex 82.376 -77.44 10.2215
      vertex 74.8762 -79.7688 6.65598
    endloop
  endfacet
  facet normal -0.424323 0.0729071 0.902571
    outer loop
      vertex 74.8762 -79.7688 6.65598
      vertex 68.463 -75.2364 3.27485
      vertex 67.9062 -78.477 3.27485
    endloop
  endfacet
  facet normal -0.40089 0.068881 0.913533
    outer loop
      vertex 67.8275 -75.3978 3.00814
      vertex 67.9062 -78.477 3.27485
      vertex 68.463 -75.2364 3.27485
    endloop
  endfacet
  facet normal -0.400916 0.0688793 0.913522
    outer loop
      vertex 67.9062 -78.477 3.27485
      vertex 67.8275 -75.3978 3.00814
      vertex 67.3043 -78.3654 3.00228
    endloop
  endfacet
  facet normal -0.453668 0.0178278 0.890992
    outer loop
      vertex 83.9044 -62.8991 10.2215
      vertex 77.0526 -59.0619 6.65598
      vertex 76.9162 -62.5329 6.65598
    endloop
  endfacet
  facet normal -0.453046 0.0296968 0.890992
    outer loop
      vertex 83.9044 -62.8991 10.2215
      vertex 76.9162 -62.5329 6.65598
      vertex 76.689 -65.999 6.65598
    endloop
  endfacet
  facet normal -0.0265516 -0.405908 0.913528
    outer loop
      vertex -45.7823 69.0119 3.00228
      vertex -45.7343 69.6222 3.27485
      vertex -46.0457 69.0303 3.0028
    endloop
  endfacet
  facet normal 0.0478051 -0.403937 0.913537
    outer loop
      vertex -68.7171 69.3213 3.27485
      vertex -70.8222 68.4797 3.01288
      vertex -68.6526 68.7077 3.00016
    endloop
  endfacet
  facet normal 0.0478149 -0.403959 0.913527
    outer loop
      vertex -71.9824 68.9348 3.27485
      vertex -70.8222 68.4797 3.01288
      vertex -68.7171 69.3213 3.27485
    endloop
  endfacet
  facet normal 0.0478304 -0.403927 0.91354
    outer loop
      vertex -70.8222 68.4797 3.01288
      vertex -71.9824 68.9348 3.27485
      vertex -71.643 68.3643 3.00483
    endloop
  endfacet
  facet normal 0.0265613 -0.405904 0.91353
    outer loop
      vertex -65.1315 69.0303 3.0028
      vertex -65.4429 69.6222 3.27485
      vertex -65.3948 69.0119 3.00228
    endloop
  endfacet
  facet normal -0.149019 -0.403932 0.90257
    outer loop
      vertex -8.03794 68.285 6.65598
      vertex -11.2969 69.4873 6.65598
      vertex -10.5783 61.6672 3.27485
    endloop
  endfacet
  facet normal -0.15954 -0.399894 0.90257
    outer loop
      vertex -7.52433 60.4488 3.27485
      vertex -8.03794 68.285 6.65598
      vertex -10.5783 61.6672 3.27485
    endloop
  endfacet
  facet normal -0.120592 -0.38847 0.913536
    outer loop
      vertex -19.8388 64.178 3.00483
      vertex -19.9168 64.8372 3.27485
      vertex -20.0907 64.2502 3.00228
    endloop
  endfacet
  facet normal -0.110411 -0.39149 0.913534
    outer loop
      vertex -23.0814 65.7297 3.27485
      vertex -20.3445 64.323 3.0028
      vertex -19.9168 64.8372 3.27485
    endloop
  endfacet
  facet normal -0.110421 -0.391509 0.913525
    outer loop
      vertex -20.3445 64.323 3.0028
      vertex -23.0814 65.7297 3.27485
      vertex -23.2362 65.1522 3.00864
    endloop
  endfacet
  facet normal -0.168233 -0.421705 0.89099
    outer loop
      vertex -4.81161 66.9979 6.65598
      vertex -2.13368 73.4629 10.2215
      vertex -8.03794 68.285 6.65598
    endloop
  endfacet
  facet normal -0.179224 -0.417153 0.89099
    outer loop
      vertex -1.62007 65.6267 6.65598
      vertex -2.13368 73.4629 10.2215
      vertex -4.81161 66.9979 6.65598
    endloop
  endfacet
  facet normal -0.168244 -0.421695 0.890992
    outer loop
      vertex -2.13368 73.4629 10.2215
      vertex -5.53018 74.818 10.2215
      vertex -8.03794 68.285 6.65598
    endloop
  endfacet
  facet normal -0.157145 -0.425956 0.890992
    outer loop
      vertex -5.53018 74.818 10.2215
      vertex -8.96098 76.0837 10.2215
      vertex -8.03794 68.285 6.65598
    endloop
  endfacet
  facet normal -0.176825 -0.44322 0.8788
    outer loop
      vertex 0.507605 79.8396 13.969
      vertex -3.05671 81.2616 13.969
      vertex -5.53018 74.818 10.2215
    endloop
  endfacet
  facet normal -0.185268 -0.464452 0.866003
    outer loop
      vertex -3.05671 81.2616 13.969
      vertex -0.0565686 83.7306 15.935
      vertex -1.83338 84.4485 15.9399
    endloop
  endfacet
  facet normal -0.185288 -0.464433 0.866009
    outer loop
      vertex -0.0565686 83.7306 15.935
      vertex -3.05671 81.2616 13.969
      vertex 0.507605 79.8396 13.969
    endloop
  endfacet
  facet normal -0.165166 -0.447697 0.878799
    outer loop
      vertex -5.53018 74.818 10.2215
      vertex -6.65703 82.5898 13.969
      vertex -8.96098 76.0837 10.2215
    endloop
  endfacet
  facet normal -0.153384 -0.451869 0.878799
    outer loop
      vertex -8.96098 76.0837 10.2215
      vertex -6.65703 82.5898 13.969
      vertex -12.4237 77.2591 10.2215
    endloop
  endfacet
  facet normal -0.190073 -0.412317 0.890992
    outer loop
      vertex 4.54709 70.4885 10.2215
      vertex 1.22617 72.0194 10.2215
      vertex 1.53449 64.1724 6.65598
    endloop
  endfacet
  facet normal -0.190084 -0.412317 0.89099
    outer loop
      vertex 1.53449 64.1724 6.65598
      vertex 1.22617 72.0194 10.2215
      vertex -1.62007 65.6267 6.65598
    endloop
  endfacet
  facet normal -0.0478358 -0.403924 0.913541
    outer loop
      vertex -39.1948 68.9348 3.27485
      vertex -40.3549 68.4797 3.01288
      vertex -39.5342 68.3643 3.00483
    endloop
  endfacet
  facet normal -0.0478169 -0.403963 0.913525
    outer loop
      vertex -42.46 69.3213 3.27485
      vertex -40.3549 68.4797 3.01288
      vertex -39.1948 68.9348 3.27485
    endloop
  endfacet
  facet normal -0.0478051 -0.403937 0.913537
    outer loop
      vertex -40.3549 68.4797 3.01288
      vertex -42.46 69.3213 3.27485
      vertex -42.5245 68.7077 3.00016
    endloop
  endfacet
  facet normal -0.0372288 -0.405049 0.913537
    outer loop
      vertex -42.46 69.3213 3.27485
      vertex -44.6941 68.9358 3.01288
      vertex -42.5245 68.7077 3.00016
    endloop
  endfacet
  facet normal -0.0372247 -0.405067 0.913529
    outer loop
      vertex -45.7343 69.6222 3.27485
      vertex -44.6941 68.9358 3.01288
      vertex -42.46 69.3213 3.27485
    endloop
  endfacet
  facet normal -0.0372107 -0.405049 0.913537
    outer loop
      vertex -44.6941 68.9358 3.01288
      vertex -45.7343 69.6222 3.27485
      vertex -45.5209 68.9936 3.00483
    endloop
  endfacet
  facet normal -0.068881 -0.400926 0.913517
    outer loop
      vertex -32.7002 67.9062 3.27485
      vertex -35.7793 67.8275 3.00814
      vertex -32.8117 67.3043 3.00228
    endloop
  endfacet
  facet normal -0.0688832 -0.400891 0.913533
    outer loop
      vertex -35.7793 67.8275 3.00814
      vertex -32.7002 67.9062 3.27485
      vertex -35.9407 68.463 3.27485
    endloop
  endfacet
  facet normal -0.0729093 -0.424322 0.902571
    outer loop
      vertex -32.7002 67.9062 3.27485
      vertex -31.4084 74.8762 6.65598
      vertex -35.9407 68.463 3.27485
    endloop
  endfacet
  facet normal -0.0897632 -0.396733 0.913535
    outer loop
      vertex -26.2683 66.5391 3.27485
      vertex -27.4697 66.2077 3.01288
      vertex -26.4112 65.9438 3.00228
    endloop
  endfacet
  facet normal -0.0897629 -0.396733 0.913534
    outer loop
      vertex -29.4753 67.2647 3.27485
      vertex -27.4697 66.2077 3.01288
      vertex -26.2683 66.5391 3.27485
    endloop
  endfacet
  facet normal -0.0897573 -0.396724 0.913539
    outer loop
      vertex -27.4697 66.2077 3.01288
      vertex -29.4753 67.2647 3.27485
      vertex -29.3443 66.6061 3.00171
    endloop
  endfacet
  facet normal -0.299251 -0.40063 0.865993
    outer loop
      vertex 33.6476 60.7062 13.969
      vertex 34.6837 64.2068 15.9465
      vertex 34.1978 64.5598 15.9419
    endloop
  endfacet
  facet normal -0.299208 -0.400647 0.866
    outer loop
      vertex 34.6837 64.2068 15.9465
      vertex 33.6476 60.7062 13.969
      vertex 35.7152 63.4008 15.93
    endloop
  endfacet
  facet normal -0.299175 -0.40065 0.86601
    outer loop
      vertex 33.6476 60.7062 13.969
      vertex 34.1978 64.5598 15.9419
      vertex 30.5727 63.0023 13.969
    endloop
  endfacet
  facet normal -0.309561 -0.392703 0.866
    outer loop
      vertex 33.6476 60.7062 13.969
      vertex 37.2253 62.221 15.9348
      vertex 35.7152 63.4008 15.93
    endloop
  endfacet
  facet normal -0.309574 -0.392681 0.866006
    outer loop
      vertex 37.2253 62.221 15.9348
      vertex 33.6476 60.7062 13.969
      vertex 36.6612 58.3304 13.969
    endloop
  endfacet
  facet normal -0.285505 -0.382357 0.878801
    outer loop
      vertex 29.4459 55.2305 10.2215
      vertex 30.5727 63.0023 13.969
      vertex 26.5158 57.4184 10.2215
    endloop
  endfacet
  facet normal -0.243372 -0.325917 0.913536
    outer loop
      vertex 20.8706 44.055 3.27485
      vertex 19.6383 44.2409 3.01288
      vertex 20.4979 43.5693 3.00228
    endloop
  endfacet
  facet normal -0.243372 -0.325923 0.913534
    outer loop
      vertex 18.236 46.0223 3.27485
      vertex 19.6383 44.2409 3.01288
      vertex 20.8706 44.055 3.27485
    endloop
  endfacet
  facet normal -0.24334 -0.3259 0.913551
    outer loop
      vertex 19.6383 44.2409 3.01288
      vertex 18.236 46.0223 3.27485
      vertex 18.0878 45.3673 3.00171
    endloop
  endfacet
  facet normal -0.266835 -0.422895 0.866002
    outer loop
      vertex 26.1073 70.212 15.9399
      vertex 24.4024 71.2773 15.9348
      vertex 24.2481 67.3491 13.969
    endloop
  endfacet
  facet normal -0.277789 -0.415781 0.866002
    outer loop
      vertex 27.7739 69.0879 15.9348
      vertex 26.1073 70.212 15.9399
      vertex 24.2481 67.3491 13.969
    endloop
  endfacet
  facet normal -0.244328 -0.43627 0.866009
    outer loop
      vertex 17.7458 75.2505 15.9411
      vertex 17.7046 71.3589 13.969
      vertex 19.4 74.2955 15.9267
    endloop
  endfacet
  facet normal -0.244326 -0.436271 0.86601
    outer loop
      vertex 17.7046 71.3589 13.969
      vertex 17.7458 75.2505 15.9411
      vertex 14.3564 73.234 13.969
    endloop
  endfacet
  facet normal -0.255656 -0.429731 0.866009
    outer loop
      vertex 17.7046 71.3589 13.969
      vertex 21.0542 73.3404 15.9411
      vertex 19.4 74.2955 15.9267
    endloop
  endfacet
  facet normal -0.255652 -0.429736 0.866008
    outer loop
      vertex 21.0542 73.3404 15.9411
      vertex 17.7046 71.3589 13.969
      vertex 21.0026 69.3969 13.969
    endloop
  endfacet
  facet normal -0.367159 -0.339476 0.865997
    outer loop
      vertex 50.7414 45.3148 13.969
      vertex 54.5163 46.2649 15.9419
      vertex 54.1145 46.7112 15.9465
    endloop
  endfacet
  facet normal -0.367189 -0.339418 0.866007
    outer loop
      vertex 50.7414 45.3148 13.969
      vertex 54.1145 46.7112 15.9465
      vertex 53.2052 47.6528 15.93
    endloop
  endfacet
  facet normal -0.367178 -0.339424 0.866009
    outer loop
      vertex 54.5163 46.2649 15.9419
      vertex 50.7414 45.3148 13.969
      vertex 53.3463 42.4969 13.969
    endloop
  endfacet
  facet normal -0.358768 -0.314635 0.8788
    outer loop
      vertex 53.3463 42.4969 13.969
      vertex 48.2171 37.8785 10.2215
      vertex 50.6282 35.1292 10.2215
    endloop
  endfacet
  facet normal -0.314636 -0.358767 0.878801
    outer loop
      vertex 42.4969 53.3463 13.969
      vertex 39.6117 55.8766 13.969
      vertex 35.1292 50.6282 10.2215
    endloop
  endfacet
  facet normal -0.348922 -0.35817 0.866007
    outer loop
      vertex 45.3148 50.7414 13.969
      vertex 49.0313 51.8739 15.9348
      vertex 47.6528 53.2052 15.93
    endloop
  endfacet
  facet normal -0.348921 -0.358172 0.866006
    outer loop
      vertex 49.0313 51.8739 15.9348
      vertex 45.3148 50.7414 13.969
      vertex 48.0636 48.0636 13.969
    endloop
  endfacet
  facet normal 0.0768798 -0.447463 0.890992
    outer loop
      vertex -76.3453 75.4644 6.65598
      vertex -77.44 82.376 10.2215
      vertex -79.7688 74.8762 6.65598
    endloop
  endfacet
  facet normal 0.0768782 -0.447463 0.890992
    outer loop
      vertex -77.44 82.376 10.2215
      vertex -81.044 81.7568 10.2215
      vertex -79.7688 74.8762 6.65598
    endloop
  endfacet
  facet normal -0.229748 -0.364119 0.902571
    outer loop
      vertex 16.6777 55.6918 6.65598
      vertex 13.74 57.5454 6.65598
      vertex 12.817 49.7467 3.27485
    endloop
  endfacet
  facet normal -0.220125 -0.370014 0.902571
    outer loop
      vertex 10.0362 51.5013 3.27485
      vertex 10.7547 59.3214 6.65598
      vertex 7.21039 53.1824 3.27485
    endloop
  endfacet
  facet normal -0.271642 -0.363791 0.890992
    outer loop
      vertex 29.4459 55.2305 10.2215
      vertex 26.5158 57.4184 10.2215
      vertex 25.1859 49.6788 6.65598
    endloop
  endfacet
  facet normal -0.28108 -0.356549 0.890992
    outer loop
      vertex 27.9138 47.5283 6.65598
      vertex 29.4459 55.2305 10.2215
      vertex 25.1859 49.6788 6.65598
    endloop
  endfacet
  facet normal -0.239196 -0.357983 0.90257
    outer loop
      vertex 19.566 53.7619 6.65598
      vertex 16.6777 55.6918 6.65598
      vertex 12.817 49.7467 3.27485
    endloop
  endfacet
  facet normal -0.225968 -0.338191 0.913546
    outer loop
      vertex 12.817 49.7467 3.27485
      vertex 14.9852 47.5631 3.0028
      vertex 15.5509 47.92 3.27485
    endloop
  endfacet
  facet normal -0.225998 -0.338218 0.913528
    outer loop
      vertex 14.9852 47.5631 3.0028
      vertex 12.817 49.7467 3.27485
      vertex 12.4913 49.2453 3.00864
    endloop
  endfacet
  facet normal -0.170283 -0.3694 0.913536
    outer loop
      vertex -1.51727 57.7743 3.27485
      vertex -2.76129 57.6999 3.01288
      vertex -2.01636 57.3366 3.00483
    endloop
  endfacet
  facet normal -0.170284 -0.369394 0.913538
    outer loop
      vertex -4.50329 59.1508 3.27485
      vertex -2.76129 57.6999 3.01288
      vertex -1.51727 57.7743 3.27485
    endloop
  endfacet
  facet normal -0.170301 -0.369413 0.913527
    outer loop
      vertex -2.76129 57.6999 3.01288
      vertex -4.50329 59.1508 3.27485
      vertex -4.75423 58.5872 3.00016
    endloop
  endfacet
  facet normal -0.180241 -0.390994 0.902572
    outer loop
      vertex -1.51727 57.7743 3.27485
      vertex -1.62007 65.6267 6.65598
      vertex -4.50329 59.1508 3.27485
    endloop
  endfacet
  facet normal -0.189408 -0.359998 0.913524
    outer loop
      vertex 1.43169 56.32 3.27485
      vertex 3.81634 54.375 3.0028
      vertex 4.34158 54.789 3.27485
    endloop
  endfacet
  facet normal -0.189377 -0.359963 0.913544
    outer loop
      vertex 3.81634 54.375 3.0028
      vertex 1.43169 56.32 3.27485
      vertex 1.16024 55.7872 3.00864
    endloop
  endfacet
  facet normal -0.189435 -0.359969 0.91353
    outer loop
      vertex 4.04946 54.251 3.00228
      vertex 4.34158 54.789 3.27485
      vertex 3.81634 54.375 3.0028
    endloop
  endfacet
  facet normal -0.220127 -0.370014 0.902571
    outer loop
      vertex 13.74 57.5454 6.65598
      vertex 10.7547 59.3214 6.65598
      vertex 10.0362 51.5013 3.27485
    endloop
  endfacet
  facet normal -0.198758 -0.354904 0.913531
    outer loop
      vertex 7.21039 53.1824 3.27485
      vertex 5.01263 53.7389 3.01288
      vertex 6.90191 52.6481 3.00016
    endloop
  endfacet
  facet normal -0.19876 -0.354913 0.913527
    outer loop
      vertex 4.34158 54.789 3.27485
      vertex 5.01263 53.7389 3.01288
      vertex 7.21039 53.1824 3.27485
    endloop
  endfacet
  facet normal -0.19876 -0.354913 0.913527
    outer loop
      vertex 5.01263 53.7389 3.01288
      vertex 4.34158 54.789 3.27485
      vertex 4.28084 54.128 3.00483
    endloop
  endfacet
  facet normal -0.325216 -0.316811 0.890991
    outer loop
      vertex 45.7349 40.5638 10.2215
      vertex 43.1832 43.1832 10.2215
      vertex 40.6589 35.7469 6.65598
    endloop
  endfacet
  facet normal -0.29869 -0.276116 0.913534
    outer loop
      vertex 37.7489 28.4528 3.27485
      vertex 35.8306 29.6612 3.01288
      vertex 37.113 28.237 3.00171
    endloop
  endfacet
  facet normal -0.298687 -0.276111 0.913536
    outer loop
      vertex 35.5169 30.8673 3.27485
      vertex 35.8306 29.6612 3.01288
      vertex 37.7489 28.4528 3.27485
    endloop
  endfacet
  facet normal -0.298739 -0.27612 0.913517
    outer loop
      vertex 35.8306 29.6612 3.01288
      vertex 35.5169 30.8673 3.27485
      vertex 35.0729 30.4459 3.00228
    endloop
  endfacet
  facet normal -0.275304 -0.331019 0.902571
    outer loop
      vertex 25.9808 39.9168 3.27485
      vertex 30.5845 45.3071 6.65598
      vertex 23.4528 42.0193 3.27485
    endloop
  endfacet
  facet normal -0.283877 -0.323697 0.902571
    outer loop
      vertex 28.4528 37.7489 3.27485
      vertex 30.5845 45.3071 6.65598
      vertex 25.9808 39.9168 3.27485
    endloop
  endfacet
  facet normal -0.385162 -0.130742 0.913541
    outer loop
      vertex 62.6012 -14.8926 3.01288
      vertex 63.8621 -16.7767 3.27485
      vertex 62.8052 -13.6631 3.27485
    endloop
  endfacet
  facet normal -0.385215 -0.130781 0.913513
    outer loop
      vertex 63.8621 -16.7767 3.27485
      vertex 62.6012 -14.8926 3.01288
      vertex 63.2754 -16.9673 3.00016
    endloop
  endfacet
  facet normal -0.385233 -0.130724 0.913513
    outer loop
      vertex 62.6012 -14.8926 3.01288
      vertex 62.8052 -13.6631 3.27485
      vertex 62.3178 -14.1137 3.00483
    endloop
  endfacet
  facet normal -0.373711 -0.16057 0.913541
    outer loop
      vertex 60.4488 -7.52433 3.27485
      vertex 59.4745 -6.74718 3.01288
      vertex 59.785 -7.51564 3.00483
    endloop
  endfacet
  facet normal -0.373708 -0.160565 0.913543
    outer loop
      vertex 59.1508 -4.50329 3.27485
      vertex 59.4745 -6.74718 3.01288
      vertex 60.4488 -7.52433 3.27485
    endloop
  endfacet
  facet normal -0.373747 -0.160569 0.913527
    outer loop
      vertex 59.4745 -6.74718 3.01288
      vertex 59.1508 -4.50329 3.27485
      vertex 58.5872 -4.75423 3.00016
    endloop
  endfacet
  facet normal -0.373709 -0.160628 0.913532
    outer loop
      vertex 60.4488 -7.52433 3.27485
      vertex 59.785 -7.51564 3.00483
      vertex 59.8832 -7.75861 3.00228
    endloop
  endfacet
  facet normal -0.329668 -0.376 0.865993
    outer loop
      vertex 39.6117 55.8766 13.969
      vertex 43.2666 57.216 15.9419
      vertex 42.8203 57.6179 15.9465
    endloop
  endfacet
  facet normal -0.329696 -0.375957 0.866001
    outer loop
      vertex 39.6117 55.8766 13.969
      vertex 42.8203 57.6179 15.9465
      vertex 41.8175 58.4593 15.93
    endloop
  endfacet
  facet normal -0.329697 -0.375941 0.866007
    outer loop
      vertex 43.2666 57.216 15.9419
      vertex 39.6117 55.8766 13.969
      vertex 42.4969 53.3463 13.969
    endloop
  endfacet
  facet normal -0.329714 -0.375935 0.866003
    outer loop
      vertex 44.7657 55.8662 15.9267
      vertex 43.2666 57.216 15.9419
      vertex 42.4969 53.3463 13.969
    endloop
  endfacet
  facet normal -0.407202 -0.200804 0.89099
    outer loop
      vertex 68.8711 7.8268 10.2215
      vertex 62.6361 4.64989 6.65598
      vertex 64.1724 1.53449 6.65598
    endloop
  endfacet
  facet normal -0.386141 -0.190418 0.902572
    outer loop
      vertex 64.1724 1.53449 6.65598
      vertex 62.6361 4.64989 6.65598
      vertex 56.32 1.43169 3.27485
    endloop
  endfacet
  facet normal -0.403569 -0.254638 0.878801
    outer loop
      vertex 69.3969 21.0026 13.969
      vertex 67.3491 24.2481 13.969
      vertex 63.5119 17.3963 10.2215
    endloop
  endfacet
  facet normal -0.410099 -0.243982 0.878801
    outer loop
      vertex 69.3969 21.0026 13.969
      vertex 63.5119 17.3963 10.2215
      vertex 65.3816 14.2536 10.2215
    endloop
  endfacet
  facet normal -0.00593385 -0.453979 0.890993
    outer loop
      vertex -52.1152 77.0526 6.65598
      vertex -55.5886 84.0958 10.2215
      vertex -55.5886 77.098 6.65598
    endloop
  endfacet
  facet normal 0.00593402 -0.453979 0.890993
    outer loop
      vertex -55.5886 77.098 6.65598
      vertex -55.5886 84.0958 10.2215
      vertex -59.0619 77.0526 6.65598
    endloop
  endfacet
  facet normal 0.0457583 -0.497943 0.866002
    outer loop
      vertex -68.6619 93.8406 15.9465
      vertex -67.0896 90.5459 13.969
      vertex -67.3561 93.9319 15.93
    endloop
  endfacet
  facet normal 0.0456071 -0.498 0.865977
    outer loop
      vertex -69.2592 93.7779 15.9419
      vertex -67.0896 90.5459 13.969
      vertex -68.6619 93.8406 15.9465
    endloop
  endfacet
  facet normal 0.0457482 -0.497927 0.866012
    outer loop
      vertex -67.0896 90.5459 13.969
      vertex -69.2592 93.7779 15.9419
      vertex -70.911 90.1948 13.969
    endloop
  endfacet
  facet normal 0.0327057 -0.498963 0.866006
    outer loop
      vertex -65.4444 94.0656 15.9348
      vertex -67.0896 90.5459 13.969
      vertex -63.2603 90.7969 13.969
    endloop
  endfacet
  facet normal 0.0327224 -0.498969 0.866002
    outer loop
      vertex -67.0896 90.5459 13.969
      vertex -65.4444 94.0656 15.9348
      vertex -67.3561 93.9319 15.93
    endloop
  endfacet
  facet normal -0.381613 -0.140779 0.913539
    outer loop
      vertex 61.1975 -11.0358 3.00814
      vertex 62.8052 -13.6631 3.27485
      vertex 61.6672 -10.5783 3.27485
    endloop
  endfacet
  facet normal -0.381657 -0.140808 0.913516
    outer loop
      vertex 62.8052 -13.6631 3.27485
      vertex 61.1975 -11.0358 3.00814
      vertex 62.2282 -13.8675 3.00228
    endloop
  endfacet
  facet normal -0.419458 -0.0957093 0.902715
    outer loop
      vertex 73.4001 -24.6211 6.6404
      vertex 67.2647 -29.4753 3.27485
      vertex 73.4104 -24.6304 6.6442
    endloop
  endfacet
  facet normal -0.41993 -0.0950113 0.902569
    outer loop
      vertex 67.2647 -29.4753 3.27485
      vertex 73.4001 -24.6211 6.6404
      vertex 66.5391 -26.2683 3.27485
    endloop
  endfacet
  facet normal -0.396733 -0.0897629 0.913534
    outer loop
      vertex 66.2077 -27.4697 3.01288
      vertex 67.2647 -29.4753 3.27485
      vertex 66.5391 -26.2683 3.27485
    endloop
  endfacet
  facet normal -0.396724 -0.0897573 0.913539
    outer loop
      vertex 67.2647 -29.4753 3.27485
      vertex 66.2077 -27.4697 3.01288
      vertex 66.6061 -29.3443 3.00171
    endloop
  endfacet
  facet normal -0.396733 -0.0897632 0.913535
    outer loop
      vertex 66.2077 -27.4697 3.01288
      vertex 66.5391 -26.2683 3.27485
      vertex 65.9438 -26.4112 3.00228
    endloop
  endfacet
  facet normal -0.398945 -0.0793585 0.913534
    outer loop
      vertex 67.1148 -31.7374 3.01288
      vertex 67.9062 -32.7002 3.27485
      vertex 67.2647 -29.4753 3.27485
    endloop
  endfacet
  facet normal -0.398979 -0.079391 0.913517
    outer loop
      vertex 67.9062 -32.7002 3.27485
      vertex 67.1148 -31.7374 3.01288
      vertex 67.3043 -32.8117 3.00228
    endloop
  endfacet
  facet normal -0.398993 -0.0793529 0.913514
    outer loop
      vertex 67.1148 -31.7374 3.01288
      vertex 67.2647 -29.4753 3.27485
      vertex 66.7164 -29.8628 3.00171
    endloop
  endfacet
  facet normal -0.424324 -0.0729063 0.902571
    outer loop
      vertex 75.4644 -34.8318 6.65598
      vertex 74.8762 -31.4084 6.65598
      vertex 68.463 -35.9407 3.27485
    endloop
  endfacet
  facet normal -0.498963 0.0327057 0.866006
    outer loop
      vertex 94.0656 -65.4444 15.9348
      vertex 94.2059 -63.439 15.9399
      vertex 90.7969 -63.2603 13.969
    endloop
  endfacet
  facet normal -0.499649 0.0196317 0.866006
    outer loop
      vertex 94.2059 -63.439 15.9399
      vertex 94.276 -61.4299 15.9348
      vertex 90.7969 -63.2603 13.969
    endloop
  endfacet
  facet normal -0.396739 0.0899534 0.913514
    outer loop
      vertex 67.2647 -81.7019 3.27485
      vertex 66.6613 -81.5736 3.00016
      vertex 66.6061 -81.8328 3.00171
    endloop
  endfacet
  facet normal -0.470303 0.0808023 0.878798
    outer loop
      vertex 88.5432 -82.3018 13.969
      vertex 82.376 -77.44 10.2215
      vertex 81.7568 -81.044 10.2215
    endloop
  endfacet
  facet normal -0.468022 0.093106 0.878798
    outer loop
      vertex 88.5432 -82.3018 13.969
      vertex 81.7568 -81.044 10.2215
      vertex 81.0433 -84.6306 10.2215
    endloop
  endfacet
  facet normal -0.473887 0.0560944 0.878797
    outer loop
      vertex 89.7437 -74.7219 13.969
      vertex 90.1948 -70.911 13.969
      vertex 82.9008 -73.821 10.2215
    endloop
  endfacet
  facet normal -0.472258 0.0684673 0.878797
    outer loop
      vertex 89.1931 -78.5197 13.969
      vertex 89.7437 -74.7219 13.969
      vertex 82.9008 -73.821 10.2215
    endloop
  endfacet
  facet normal -0.430208 0.0169059 0.902572
    outer loop
      vertex 76.9162 -62.5329 6.65598
      vertex 77.0526 -59.0619 6.65598
      vertex 69.8372 -62.1619 3.27485
    endloop
  endfacet
  facet normal -0.429618 0.0281611 0.902572
    outer loop
      vertex 76.689 -65.999 6.65598
      vertex 76.9162 -62.5329 6.65598
      vertex 69.8372 -62.1619 3.27485
    endloop
  endfacet
  facet normal 0.037269 -0.40506 0.91353
    outer loop
      vertex -65.3948 69.0119 3.00228
      vertex -65.4429 69.6222 3.27485
      vertex -65.6562 68.9936 3.00483
    endloop
  endfacet
  facet normal 0.0159705 -0.406449 0.913534
    outer loop
      vertex -62.1619 69.8372 3.27485
      vertex -59.1242 69.3451 3.0028
      vertex -58.8763 69.9663 3.27485
    endloop
  endfacet
  facet normal 0.0159701 -0.406451 0.913533
    outer loop
      vertex -59.1242 69.3451 3.0028
      vertex -62.1619 69.8372 3.27485
      vertex -62.1306 69.2401 3.00864
    endloop
  endfacet
  facet normal -0.150784 -0.377783 0.913534
    outer loop
      vertex -10.5526 61.012 3.00814
      vertex -10.5783 61.6672 3.27485
      vertex -10.7926 61.109 3.00864
    endloop
  endfacet
  facet normal -0.140754 -0.381634 0.913534
    outer loop
      vertex -10.7926 61.109 3.00864
      vertex -10.5783 61.6672 3.27485
      vertex -11.0358 61.1975 3.00814
    endloop
  endfacet
  facet normal -0.188368 -0.43844 0.878799
    outer loop
      vertex 1.22617 72.0194 10.2215
      vertex 4.03348 78.3247 13.969
      vertex -2.13368 73.4629 10.2215
    endloop
  endfacet
  facet normal -0.188374 -0.438433 0.878801
    outer loop
      vertex 4.03348 78.3247 13.969
      vertex 0.507605 79.8396 13.969
      vertex -2.13368 73.4629 10.2215
    endloop
  endfacet
  facet normal -0.0899202 -0.396746 0.913514
    outer loop
      vertex -29.3443 66.6061 3.00171
      vertex -29.4753 67.2647 3.27485
      vertex -29.6036 66.6613 3.00016
    endloop
  endfacet
  facet normal -0.0793539 -0.398992 0.913514
    outer loop
      vertex -29.6036 66.6613 3.00016
      vertex -29.4753 67.2647 3.27485
      vertex -29.8628 66.7164 3.00171
    endloop
  endfacet
  facet normal -0.265111 -0.396771 0.878799
    outer loop
      vertex 27.4389 65.2171 13.969
      vertex 24.2481 67.3491 13.969
      vertex 23.5295 59.529 10.2215
    endloop
  endfacet
  facet normal -0.277826 -0.415757 0.866001
    outer loop
      vertex 27.7739 69.0879 15.9348
      vertex 27.4389 65.2171 13.969
      vertex 29.3627 68.0162 15.93
    endloop
  endfacet
  facet normal -0.2778 -0.415763 0.866007
    outer loop
      vertex 27.4389 65.2171 13.969
      vertex 27.7739 69.0879 15.9348
      vertex 24.2481 67.3491 13.969
    endloop
  endfacet
  facet normal -0.375935 -0.329714 0.866003
    outer loop
      vertex 57.216 43.2666 15.9419
      vertex 55.8662 44.7657 15.9267
      vertex 53.3463 42.4969 13.969
    endloop
  endfacet
  facet normal -0.376 -0.329668 0.865993
    outer loop
      vertex 55.8766 39.6117 13.969
      vertex 57.6179 42.8203 15.9465
      vertex 57.216 43.2666 15.9419
    endloop
  endfacet
  facet normal -0.375957 -0.329696 0.866001
    outer loop
      vertex 57.6179 42.8203 15.9465
      vertex 55.8766 39.6117 13.969
      vertex 58.4593 41.8175 15.93
    endloop
  endfacet
  facet normal -0.375941 -0.329697 0.866007
    outer loop
      vertex 55.8766 39.6117 13.969
      vertex 57.216 43.2666 15.9419
      vertex 53.3463 42.4969 13.969
    endloop
  endfacet
  facet normal -0.333403 -0.308186 0.89099
    outer loop
      vertex 48.2171 37.8785 10.2215
      vertex 45.7349 40.5638 10.2215
      vertex 43.0168 33.1961 6.65598
    endloop
  endfacet
  facet normal -0.316158 -0.292249 0.902571
    outer loop
      vertex 43.0168 33.1961 6.65598
      vertex 40.6589 35.7469 6.65598
      vertex 37.7489 28.4528 3.27485
    endloop
  endfacet
  facet normal -0.339476 -0.367159 0.865997
    outer loop
      vertex 45.3148 50.7414 13.969
      vertex 46.7112 54.1145 15.9465
      vertex 46.2649 54.5163 15.9419
    endloop
  endfacet
  facet normal -0.339418 -0.367189 0.866007
    outer loop
      vertex 46.7112 54.1145 15.9465
      vertex 45.3148 50.7414 13.969
      vertex 47.6528 53.2052 15.93
    endloop
  endfacet
  facet normal -0.339424 -0.367178 0.866009
    outer loop
      vertex 45.3148 50.7414 13.969
      vertex 46.2649 54.5163 15.9419
      vertex 42.4969 53.3463 13.969
    endloop
  endfacet
  facet normal -0.314635 -0.358768 0.8788
    outer loop
      vertex 37.8785 48.2171 10.2215
      vertex 42.4969 53.3463 13.969
      vertex 35.1292 50.6282 10.2215
    endloop
  endfacet
  facet normal -0.323912 -0.350415 0.8788
    outer loop
      vertex 40.5638 45.7349 10.2215
      vertex 42.4969 53.3463 13.969
      vertex 37.8785 48.2171 10.2215
    endloop
  endfacet
  facet normal -0.252239 -0.377503 0.890992
    outer loop
      vertex 19.566 53.7619 6.65598
      vertex 23.5295 59.529 10.2215
      vertex 16.6777 55.6918 6.65598
    endloop
  endfacet
  facet normal -0.262037 -0.37077 0.890992
    outer loop
      vertex 22.4027 51.7571 6.65598
      vertex 23.5295 59.529 10.2215
      vertex 19.566 53.7619 6.65598
    endloop
  endfacet
  facet normal -0.232133 -0.390194 0.89099
    outer loop
      vertex 13.74 57.5454 6.65598
      vertex 17.3963 63.5119 10.2215
      vertex 10.7547 59.3214 6.65598
    endloop
  endfacet
  facet normal -0.242269 -0.383983 0.89099
    outer loop
      vertex 20.489 61.5606 10.2215
      vertex 17.3963 63.5119 10.2215
      vertex 13.74 57.5454 6.65598
    endloop
  endfacet
  facet normal -0.305817 -0.268217 0.913529
    outer loop
      vertex 39.9168 25.9808 3.27485
      vertex 38.7501 26.4188 3.01288
      vertex 39.4513 25.5832 3.00228
    endloop
  endfacet
  facet normal -0.305809 -0.268189 0.91354
    outer loop
      vertex 37.7489 28.4528 3.27485
      vertex 38.7501 26.4188 3.01288
      vertex 39.9168 25.9808 3.27485
    endloop
  endfacet
  facet normal -0.305793 -0.268182 0.913548
    outer loop
      vertex 38.7501 26.4188 3.01288
      vertex 37.7489 28.4528 3.27485
      vertex 37.4677 27.843 3.00171
    endloop
  endfacet
  facet normal -0.305901 -0.268124 0.913528
    outer loop
      vertex 37.7489 28.4528 3.27485
      vertex 37.2904 28.04 3.00016
      vertex 37.4677 27.843 3.00171
    endloop
  endfacet
  facet normal -0.3334 -0.308187 0.890991
    outer loop
      vertex 45.7349 40.5638 10.2215
      vertex 40.6589 35.7469 6.65598
      vertex 43.0168 33.1961 6.65598
    endloop
  endfacet
  facet normal -0.291386 -0.28384 0.913526
    outer loop
      vertex 33.2226 33.2226 3.27485
      vertex 34.8895 30.6358 3.0028
      vertex 35.5169 30.8673 3.27485
    endloop
  endfacet
  facet normal -0.291367 -0.283828 0.913536
    outer loop
      vertex 34.8895 30.6358 3.0028
      vertex 33.2226 33.2226 3.27485
      vertex 32.7998 32.7998 3.00864
    endloop
  endfacet
  facet normal -0.308403 -0.300416 0.902573
    outer loop
      vertex 40.6589 35.7469 6.65598
      vertex 33.2226 33.2226 3.27485
      vertex 35.5169 30.8673 3.27485
    endloop
  endfacet
  facet normal -0.308394 -0.300437 0.902569
    outer loop
      vertex 40.6589 35.7469 6.65598
      vertex 38.235 38.235 6.65598
      vertex 33.2226 33.2226 3.27485
    endloop
  endfacet
  facet normal -0.239194 -0.357986 0.90257
    outer loop
      vertex 15.5509 47.92 3.27485
      vertex 19.566 53.7619 6.65598
      vertex 12.817 49.7467 3.27485
    endloop
  endfacet
  facet normal -0.248491 -0.351596 0.90257
    outer loop
      vertex 18.236 46.0223 3.27485
      vertex 19.566 53.7619 6.65598
      vertex 15.5509 47.92 3.27485
    endloop
  endfacet
  facet normal -0.39149 -0.110411 0.913534
    outer loop
      vertex 64.323 -20.3445 3.0028
      vertex 65.7297 -23.0814 3.27485
      vertex 64.8372 -19.9168 3.27485
    endloop
  endfacet
  facet normal -0.391509 -0.110421 0.913525
    outer loop
      vertex 65.7297 -23.0814 3.27485
      vertex 64.323 -20.3445 3.0028
      vertex 65.1522 -23.2362 3.00864
    endloop
  endfacet
  facet normal -0.394282 -0.100075 0.913524
    outer loop
      vertex 65.7297 -23.0814 3.27485
      vertex 65.1522 -23.2362 3.00864
      vertex 65.2148 -23.4874 3.00814
    endloop
  endfacet
  facet normal -0.358167 -0.348936 0.866003
    outer loop
      vertex 51.8739 49.0313 15.9348
      vertex 50.4774 50.4774 15.9399
      vertex 48.0636 48.0636 13.969
    endloop
  endfacet
  facet normal -0.35817 -0.348922 0.866007
    outer loop
      vertex 51.8739 49.0313 15.9348
      vertex 50.7414 45.3148 13.969
      vertex 53.2052 47.6528 15.93
    endloop
  endfacet
  facet normal -0.358172 -0.348921 0.866006
    outer loop
      vertex 50.7414 45.3148 13.969
      vertex 51.8739 49.0313 15.9348
      vertex 48.0636 48.0636 13.969
    endloop
  endfacet
  facet normal -0.422267 -0.0839978 0.902571
    outer loop
      vertex 74.8762 -31.4084 6.65598
      vertex 67.2647 -29.4753 3.27485
      vertex 67.9062 -32.7002 3.27485
    endloop
  endfacet
  facet normal -0.424322 -0.0729093 0.902571
    outer loop
      vertex 74.8762 -31.4084 6.65598
      vertex 67.9062 -32.7002 3.27485
      vertex 68.463 -35.9407 3.27485
    endloop
  endfacet
  facet normal 0.047692 -0.403998 0.913516
    outer loop
      vertex -71.643 68.3643 3.00483
      vertex -71.9824 68.9348 3.27485
      vertex -71.9025 68.3279 3.00228
    endloop
  endfacet
  facet normal 0.0159695 -0.406449 0.913534
    outer loop
      vertex -58.8603 69.3543 3.00228
      vertex -58.8763 69.9663 3.27485
      vertex -59.1242 69.3451 3.0028
    endloop
  endfacet
  facet normal 0.00539274 -0.406725 0.913535
    outer loop
      vertex -58.5984 69.3635 3.00483
      vertex -58.8763 69.9663 3.27485
      vertex -58.8603 69.3543 3.00228
    endloop
  endfacet
  facet normal -0.232834 -0.442521 0.866004
    outer loop
      vertex 14.285 77.1186 15.9348
      vertex 14.3564 73.234 13.969
      vertex 15.9771 76.2189 15.93
    endloop
  endfacet
  facet normal -0.232819 -0.442522 0.866008
    outer loop
      vertex 14.3564 73.234 13.969
      vertex 14.285 77.1186 15.9348
      vertex 10.9602 75.0208 13.969
    endloop
  endfacet
  facet normal -0.222186 -0.422313 0.878798
    outer loop
      vertex 14.3564 73.234 13.969
      vertex 10.9602 75.0208 13.969
      vertex 7.8268 68.8711 10.2215
    endloop
  endfacet
  facet normal -0.0839978 -0.422267 0.902571
    outer loop
      vertex -29.4753 67.2647 3.27485
      vertex -31.4084 74.8762 6.65598
      vertex -32.7002 67.9062 3.27485
    endloop
  endfacet
  facet normal -0.0793529 -0.398993 0.913514
    outer loop
      vertex -29.4753 67.2647 3.27485
      vertex -31.7374 67.1148 3.01288
      vertex -29.8628 66.7164 3.00171
    endloop
  endfacet
  facet normal -0.0793585 -0.398945 0.913534
    outer loop
      vertex -32.7002 67.9062 3.27485
      vertex -31.7374 67.1148 3.01288
      vertex -29.4753 67.2647 3.27485
    endloop
  endfacet
  facet normal -0.079391 -0.398979 0.913517
    outer loop
      vertex -31.7374 67.1148 3.01288
      vertex -32.7002 67.9062 3.27485
      vertex -32.8117 67.3043 3.00228
    endloop
  endfacet
  facet normal -0.229748 -0.364119 0.902571
    outer loop
      vertex 12.817 49.7467 3.27485
      vertex 13.74 57.5454 6.65598
      vertex 10.0362 51.5013 3.27485
    endloop
  endfacet
  facet normal -0.217048 -0.343992 0.913542
    outer loop
      vertex 10.0362 51.5013 3.27485
      vertex 12.2718 49.3824 3.00814
      vertex 12.817 49.7467 3.27485
    endloop
  endfacet
  facet normal -0.217053 -0.343996 0.91354
    outer loop
      vertex 12.2718 49.3824 3.00814
      vertex 10.0362 51.5013 3.27485
      vertex 9.71629 50.9793 3.00228
    endloop
  endfacet
  facet normal -0.332985 -0.341814 0.878797
    outer loop
      vertex 48.0636 48.0636 13.969
      vertex 45.3148 50.7414 13.969
      vertex 43.1832 43.1832 10.2215
    endloop
  endfacet
  facet normal -0.332981 -0.341816 0.878798
    outer loop
      vertex 43.1832 43.1832 10.2215
      vertex 45.3148 50.7414 13.969
      vertex 40.5638 45.7349 10.2215
    endloop
  endfacet
  facet normal -0.381634 -0.140754 0.913534
    outer loop
      vertex 61.6672 -10.5783 3.27485
      vertex 61.109 -10.7926 3.00864
      vertex 61.1975 -11.0358 3.00814
    endloop
  endfacet
  facet normal -0.209323 -0.454109 0.866007
    outer loop
      vertex 7.80417 80.3576 15.9465
      vertex 7.51849 76.7181 13.969
      vertex 8.98072 79.7838 15.93
    endloop
  endfacet
  facet normal -0.209458 -0.454087 0.865986
    outer loop
      vertex 7.25553 80.6019 15.9419
      vertex 7.51849 76.7181 13.969
      vertex 7.80417 80.3576 15.9465
    endloop
  endfacet
  facet normal -0.209338 -0.454092 0.866013
    outer loop
      vertex 7.51849 76.7181 13.969
      vertex 7.25553 80.6019 15.9419
      vertex 4.03348 78.3247 13.969
    endloop
  endfacet
  facet normal -0.221155 -0.448466 0.866008
    outer loop
      vertex 7.51849 76.7181 13.969
      vertex 10.7031 78.9437 15.9348
      vertex 8.98072 79.7838 15.93
    endloop
  endfacet
  facet normal -0.22116 -0.448459 0.866009
    outer loop
      vertex 10.7031 78.9437 15.9348
      vertex 7.51849 76.7181 13.969
      vertex 10.9602 75.0208 13.969
    endloop
  endfacet
  facet normal -0.405065 -0.0372693 0.913528
    outer loop
      vertex 69.6222 -45.7343 3.27485
      vertex 68.9936 -45.5209 3.00483
      vertex 69.0119 -45.7823 3.00228
    endloop
  endfacet
  facet normal -0.402579 -0.0584701 0.913516
    outer loop
      vertex 68.9348 -39.1948 3.27485
      vertex 68.2911 -39.0132 3.0028
      vertex 68.3279 -39.2747 3.00228
    endloop
  endfacet
  facet normal -0.400904 -0.0689566 0.913521
    outer loop
      vertex 68.463 -35.9407 3.27485
      vertex 67.8275 -35.7793 3.00814
      vertex 67.8725 -36.0343 3.00864
    endloop
  endfacet
  facet normal -0.405908 -0.0265516 0.913528
    outer loop
      vertex 69.6222 -45.7343 3.27485
      vertex 69.0119 -45.7823 3.00228
      vertex 69.0303 -46.0457 3.0028
    endloop
  endfacet
  facet normal -0.803212 -0.595693 0
    outer loop
      vertex -17.2571 79.0596 5.72205e-07
      vertex -17.45 79.3197 3
      vertex -17.45 79.3197 5.72205e-07
    endloop
  endfacet
  facet normal -0.803212 -0.595693 0
    outer loop
      vertex -17.45 79.3197 3
      vertex -17.2571 79.0596 5.72205e-07
      vertex -17.2571 79.0596 3
    endloop
  endfacet
  facet normal -0.803212 0.595693 0
    outer loop
      vertex -17.45 75.1327 5.72205e-07
      vertex -17.2571 75.3928 3
      vertex -17.2571 75.3928 5.72205e-07
    endloop
  endfacet
  facet normal -0.803212 0.595693 0
    outer loop
      vertex -17.2571 75.3928 3
      vertex -17.45 75.1327 5.72205e-07
      vertex -17.45 75.1327 3
    endloop
  endfacet
  facet normal 0.595693 -0.803212 0
    outer loop
      vertex -22.0944 79.7772 5.72205e-07
      vertex -21.8343 79.9701 3
      vertex -22.0944 79.7772 3
    endloop
  endfacet
  facet normal 0.595693 -0.803212 0
    outer loop
      vertex -21.8343 79.9701 3
      vertex -22.0944 79.7772 5.72205e-07
      vertex -21.8343 79.9701 5.72205e-07
    endloop
  endfacet
  facet normal 0.740987 -0.671519 0
    outer loop
      vertex -22.5519 79.3197 3
      vertex -22.3344 79.5597 5.72205e-07
      vertex -22.3344 79.5597 3
    endloop
  endfacet
  facet normal 0.740987 -0.671519 0
    outer loop
      vertex -22.3344 79.5597 5.72205e-07
      vertex -22.5519 79.3197 3
      vertex -22.5519 79.3197 5.72205e-07
    endloop
  endfacet
  facet normal -0.671519 0.740987 0
    outer loop
      vertex -17.6675 74.8928 5.72205e-07
      vertex -17.9075 74.6753 3
      vertex -17.6675 74.8928 3
    endloop
  endfacet
  facet normal -0.671519 0.740987 0
    outer loop
      vertex -17.9075 74.6753 3
      vertex -17.6675 74.8928 5.72205e-07
      vertex -17.9075 74.6753 5.72205e-07
    endloop
  endfacet
  facet normal -0.595693 0.803212 0
    outer loop
      vertex -17.9075 74.6753 5.72205e-07
      vertex -18.1676 74.4824 3
      vertex -17.9075 74.6753 3
    endloop
  endfacet
  facet normal -0.595693 0.803212 0
    outer loop
      vertex -18.1676 74.4824 3
      vertex -17.9075 74.6753 5.72205e-07
      vertex -18.1676 74.4824 5.72205e-07
    endloop
  endfacet
  facet normal 0.857738 -0.514087 0
    outer loop
      vertex -22.9113 78.7818 3
      vertex -22.7448 79.0596 5.72205e-07
      vertex -22.7448 79.0596 3
    endloop
  endfacet
  facet normal 0.857738 -0.514087 0
    outer loop
      vertex -22.7448 79.0596 5.72205e-07
      vertex -22.9113 78.7818 3
      vertex -22.9113 78.7818 5.72205e-07
    endloop
  endfacet
  facet normal -0.970015 0.243044 0
    outer loop
      vertex -16.8431 76.2683 5.72205e-07
      vertex -16.7644 76.5824 3
      vertex -16.7644 76.5824 5.72205e-07
    endloop
  endfacet
  facet normal -0.970015 0.243044 0
    outer loop
      vertex -16.7644 76.5824 3
      vertex -16.8431 76.2683 5.72205e-07
      vertex -16.8431 76.2683 3
    endloop
  endfacet
  facet normal 0.989137 -0.146996 0
    outer loop
      vertex -23.2851 77.5497 3
      vertex -23.2375 77.87 5.72205e-07
      vertex -23.2375 77.87 3
    endloop
  endfacet
  facet normal 0.989137 -0.146996 0
    outer loop
      vertex -23.2375 77.87 5.72205e-07
      vertex -23.2851 77.5497 3
      vertex -23.2851 77.5497 5.72205e-07
    endloop
  endfacet
  facet normal -0.336904 0.941539 0
    outer loop
      vertex -18.7381 74.1774 5.72205e-07
      vertex -19.043 74.0683 3
      vertex -18.7381 74.1774 3
    endloop
  endfacet
  facet normal -0.336904 0.941539 0
    outer loop
      vertex -19.043 74.0683 3
      vertex -18.7381 74.1774 5.72205e-07
      vertex -19.043 74.0683 5.72205e-07
    endloop
  endfacet
  facet normal -0.0490907 0.998794 0
    outer loop
      vertex -19.6775 73.9421 5.72205e-07
      vertex -20.001 73.9262 3
      vertex -19.6775 73.9421 3
    endloop
  endfacet
  facet normal -0.0490907 0.998794 0
    outer loop
      vertex -20.001 73.9262 3
      vertex -19.6775 73.9421 5.72205e-07
      vertex -20.001 73.9262 5.72205e-07
    endloop
  endfacet
  facet normal -0.427343 -0.90409 0
    outer loop
      vertex -18.7381 80.275 5.72205e-07
      vertex -18.4453 80.1366 3
      vertex -18.7381 80.275 3
    endloop
  endfacet
  facet normal -0.427343 -0.90409 -0
    outer loop
      vertex -18.4453 80.1366 3
      vertex -18.7381 80.275 5.72205e-07
      vertex -18.4453 80.1366 5.72205e-07
    endloop
  endfacet
  facet normal 0.0491058 -0.998794 0
    outer loop
      vertex -20.3244 80.5103 5.72205e-07
      vertex -20.001 80.5262 3
      vertex -20.3244 80.5103 3
    endloop
  endfacet
  facet normal 0.0491058 -0.998794 0
    outer loop
      vertex -20.001 80.5262 3
      vertex -20.3244 80.5103 5.72205e-07
      vertex -20.001 80.5262 5.72205e-07
    endloop
  endfacet
  facet normal -0.740848 0.671673 0
    outer loop
      vertex -17.6675 74.8928 5.72205e-07
      vertex -17.45 75.1327 3
      vertex -17.45 75.1327 5.72205e-07
    endloop
  endfacet
  facet normal -0.740848 0.671673 0
    outer loop
      vertex -17.45 75.1327 3
      vertex -17.6675 74.8928 5.72205e-07
      vertex -17.6675 74.8928 3
    endloop
  endfacet
  facet normal 0.427343 -0.90409 0
    outer loop
      vertex -21.5566 80.1366 5.72205e-07
      vertex -21.2638 80.275 3
      vertex -21.5566 80.1366 3
    endloop
  endfacet
  facet normal 0.427343 -0.90409 0
    outer loop
      vertex -21.2638 80.275 3
      vertex -21.5566 80.1366 5.72205e-07
      vertex -21.2638 80.275 5.72205e-07
    endloop
  endfacet
  facet normal -0.427595 0.90397 0
    outer loop
      vertex -18.4453 74.3159 5.72205e-07
      vertex -18.7381 74.1774 3
      vertex -18.4453 74.3159 3
    endloop
  endfacet
  facet normal -0.427595 0.90397 0
    outer loop
      vertex -18.7381 74.1774 3
      vertex -18.4453 74.3159 5.72205e-07
      vertex -18.7381 74.1774 5.72205e-07
    endloop
  endfacet
  facet normal -0.595693 -0.803212 0
    outer loop
      vertex -18.1676 79.9701 5.72205e-07
      vertex -17.9075 79.7772 3
      vertex -18.1676 79.9701 3
    endloop
  endfacet
  facet normal -0.595693 -0.803212 -0
    outer loop
      vertex -17.9075 79.7772 3
      vertex -18.1676 79.9701 5.72205e-07
      vertex -17.9075 79.7772 5.72205e-07
    endloop
  endfacet
  facet normal -0.671519 -0.740987 0
    outer loop
      vertex -17.9075 79.7772 5.72205e-07
      vertex -17.6675 79.5597 3
      vertex -17.9075 79.7772 3
    endloop
  endfacet
  facet normal -0.671519 -0.740987 -0
    outer loop
      vertex -17.6675 79.5597 3
      vertex -17.9075 79.7772 5.72205e-07
      vertex -17.6675 79.5597 5.72205e-07
    endloop
  endfacet
  facet normal -0.989144 0.146951 0
    outer loop
      vertex -16.7644 76.5824 5.72205e-07
      vertex -16.7168 76.9028 3
      vertex -16.7168 76.9028 5.72205e-07
    endloop
  endfacet
  facet normal -0.989144 0.146951 0
    outer loop
      vertex -16.7168 76.9028 3
      vertex -16.7644 76.5824 5.72205e-07
      vertex -16.7644 76.5824 3
    endloop
  endfacet
  facet normal 0.514223 -0.857656 0
    outer loop
      vertex -21.8343 79.9701 5.72205e-07
      vertex -21.5566 80.1366 3
      vertex -21.8343 79.9701 3
    endloop
  endfacet
  facet normal 0.514223 -0.857656 0
    outer loop
      vertex -21.5566 80.1366 3
      vertex -21.8343 79.9701 5.72205e-07
      vertex -21.5566 80.1366 5.72205e-07
    endloop
  endfacet
  facet normal 0.514223 0.857656 -0
    outer loop
      vertex -21.5566 74.3159 5.72205e-07
      vertex -21.8343 74.4824 3
      vertex -21.5566 74.3159 3
    endloop
  endfacet
  facet normal 0.514223 0.857656 0
    outer loop
      vertex -21.8343 74.4824 3
      vertex -21.5566 74.3159 5.72205e-07
      vertex -21.8343 74.4824 5.72205e-07
    endloop
  endfacet
  facet normal 0.336904 -0.941539 0
    outer loop
      vertex -21.2638 80.275 5.72205e-07
      vertex -20.9589 80.3841 3
      vertex -21.2638 80.275 3
    endloop
  endfacet
  facet normal 0.336904 -0.941539 0
    outer loop
      vertex -20.9589 80.3841 3
      vertex -21.2638 80.275 5.72205e-07
      vertex -20.9589 80.3841 5.72205e-07
    endloop
  endfacet
  facet normal -0.989137 -0.146996 0
    outer loop
      vertex -16.7168 77.5497 5.72205e-07
      vertex -16.7644 77.87 3
      vertex -16.7644 77.87 5.72205e-07
    endloop
  endfacet
  facet normal -0.989137 -0.146996 0
    outer loop
      vertex -16.7644 77.87 3
      vertex -16.7168 77.5497 5.72205e-07
      vertex -16.7168 77.5497 3
    endloop
  endfacet
  facet normal 0.941539 0.336904 0
    outer loop
      vertex -23.0498 75.9634 3
      vertex -23.1589 76.2683 5.72205e-07
      vertex -23.1589 76.2683 3
    endloop
  endfacet
  facet normal 0.941539 0.336904 0
    outer loop
      vertex -23.1589 76.2683 5.72205e-07
      vertex -23.0498 75.9634 3
      vertex -23.0498 75.9634 5.72205e-07
    endloop
  endfacet
  facet normal -0.857738 -0.514087 0
    outer loop
      vertex -17.0906 78.7818 5.72205e-07
      vertex -17.2571 79.0596 3
      vertex -17.2571 79.0596 5.72205e-07
    endloop
  endfacet
  facet normal -0.857738 -0.514087 0
    outer loop
      vertex -17.2571 79.0596 3
      vertex -17.0906 78.7818 5.72205e-07
      vertex -17.0906 78.7818 3
    endloop
  endfacet
  facet normal -0.970033 -0.242971 0
    outer loop
      vertex -16.7644 77.87 5.72205e-07
      vertex -16.8431 78.1842 3
      vertex -16.8431 78.1842 5.72205e-07
    endloop
  endfacet
  facet normal -0.970033 -0.242971 0
    outer loop
      vertex -16.8431 78.1842 3
      vertex -16.7644 77.87 5.72205e-07
      vertex -16.7644 77.87 3
    endloop
  endfacet
  facet normal -0.514223 -0.857656 0
    outer loop
      vertex -18.4453 80.1366 5.72205e-07
      vertex -18.1676 79.9701 3
      vertex -18.4453 80.1366 3
    endloop
  endfacet
  facet normal -0.514223 -0.857656 -0
    outer loop
      vertex -18.1676 79.9701 3
      vertex -18.4453 80.1366 5.72205e-07
      vertex -18.1676 79.9701 5.72205e-07
    endloop
  endfacet
  facet normal 0.595693 0.803212 -0
    outer loop
      vertex -21.8343 74.4824 5.72205e-07
      vertex -22.0944 74.6753 3
      vertex -21.8343 74.4824 3
    endloop
  endfacet
  facet normal 0.595693 0.803212 0
    outer loop
      vertex -22.0944 74.6753 3
      vertex -21.8343 74.4824 5.72205e-07
      vertex -22.0944 74.6753 5.72205e-07
    endloop
  endfacet
  facet normal 0.989144 0.146951 0
    outer loop
      vertex -23.2375 76.5824 3
      vertex -23.2851 76.9028 5.72205e-07
      vertex -23.2851 76.9028 3
    endloop
  endfacet
  facet normal 0.989144 0.146951 0
    outer loop
      vertex -23.2851 76.9028 5.72205e-07
      vertex -23.2375 76.5824 3
      vertex -23.2375 76.5824 5.72205e-07
    endloop
  endfacet
  facet normal -0.90409 0.427343 0
    outer loop
      vertex -17.0906 75.6706 5.72205e-07
      vertex -16.9522 75.9634 3
      vertex -16.9522 75.9634 5.72205e-07
    endloop
  endfacet
  facet normal -0.90409 0.427343 0
    outer loop
      vertex -16.9522 75.9634 3
      vertex -17.0906 75.6706 5.72205e-07
      vertex -17.0906 75.6706 3
    endloop
  endfacet
  facet normal 0.903914 -0.427715 0
    outer loop
      vertex -23.0498 78.4891 3
      vertex -22.9113 78.7818 5.72205e-07
      vertex -22.9113 78.7818 3
    endloop
  endfacet
  facet normal 0.903914 -0.427715 0
    outer loop
      vertex -22.9113 78.7818 5.72205e-07
      vertex -23.0498 78.4891 3
      vertex -23.0498 78.4891 5.72205e-07
    endloop
  endfacet
  facet normal 0.0491058 0.998794 -0
    outer loop
      vertex -20.001 73.9262 5.72205e-07
      vertex -20.3244 73.9421 3
      vertex -20.001 73.9262 3
    endloop
  endfacet
  facet normal 0.0491058 0.998794 0
    outer loop
      vertex -20.3244 73.9421 3
      vertex -20.001 73.9262 5.72205e-07
      vertex -20.3244 73.9421 5.72205e-07
    endloop
  endfacet
  facet normal 0.803212 -0.595693 0
    outer loop
      vertex -22.7448 79.0596 3
      vertex -22.5519 79.3197 5.72205e-07
      vertex -22.5519 79.3197 3
    endloop
  endfacet
  facet normal 0.803212 -0.595693 0
    outer loop
      vertex -22.5519 79.3197 5.72205e-07
      vertex -22.7448 79.0596 3
      vertex -22.7448 79.0596 5.72205e-07
    endloop
  endfacet
  facet normal 0.146649 -0.989189 0
    outer loop
      vertex -20.6448 80.4628 5.72205e-07
      vertex -20.3244 80.5103 3
      vertex -20.6448 80.4628 3
    endloop
  endfacet
  facet normal 0.146649 -0.989189 0
    outer loop
      vertex -20.3244 80.5103 3
      vertex -20.6448 80.4628 5.72205e-07
      vertex -20.3244 80.5103 5.72205e-07
    endloop
  endfacet
  facet normal 0.941539 -0.336904 0
    outer loop
      vertex -23.1589 78.1842 3
      vertex -23.0498 78.4891 5.72205e-07
      vertex -23.0498 78.4891 3
    endloop
  endfacet
  facet normal 0.941539 -0.336904 0
    outer loop
      vertex -23.0498 78.4891 5.72205e-07
      vertex -23.1589 78.1842 3
      vertex -23.1589 78.1842 5.72205e-07
    endloop
  endfacet
  facet normal -0.998809 0.0487977 0
    outer loop
      vertex -16.7168 76.9028 5.72205e-07
      vertex -16.701 77.2262 3
      vertex -16.701 77.2262 5.72205e-07
    endloop
  endfacet
  facet normal -0.998809 0.0487977 0
    outer loop
      vertex -16.701 77.2262 3
      vertex -16.7168 76.9028 5.72205e-07
      vertex -16.7168 76.9028 3
    endloop
  endfacet
  facet normal -0.242971 0.970033 0
    outer loop
      vertex -19.043 74.0683 5.72205e-07
      vertex -19.3572 73.9896 3
      vertex -19.043 74.0683 3
    endloop
  endfacet
  facet normal -0.242971 0.970033 0
    outer loop
      vertex -19.3572 73.9896 3
      vertex -19.043 74.0683 5.72205e-07
      vertex -19.3572 73.9896 5.72205e-07
    endloop
  endfacet
  facet normal 0.970088 0.242754 0
    outer loop
      vertex -23.1589 76.2683 3
      vertex -23.2375 76.5824 5.72205e-07
      vertex -23.2375 76.5824 3
    endloop
  endfacet
  facet normal 0.970088 0.242754 0
    outer loop
      vertex -23.2375 76.5824 5.72205e-07
      vertex -23.1589 76.2683 3
      vertex -23.1589 76.2683 5.72205e-07
    endloop
  endfacet
  facet normal 0.336904 0.941539 -0
    outer loop
      vertex -20.9589 74.0683 5.72205e-07
      vertex -21.2638 74.1774 3
      vertex -20.9589 74.0683 3
    endloop
  endfacet
  facet normal 0.336904 0.941539 0
    outer loop
      vertex -21.2638 74.1774 3
      vertex -20.9589 74.0683 5.72205e-07
      vertex -21.2638 74.1774 5.72205e-07
    endloop
  endfacet
  facet normal -0.242971 -0.970033 0
    outer loop
      vertex -19.3572 80.4628 5.72205e-07
      vertex -19.043 80.3841 3
      vertex -19.3572 80.4628 3
    endloop
  endfacet
  facet normal -0.242971 -0.970033 -0
    outer loop
      vertex -19.043 80.3841 3
      vertex -19.3572 80.4628 5.72205e-07
      vertex -19.043 80.3841 5.72205e-07
    endloop
  endfacet
  facet normal 0.243044 -0.970015 0
    outer loop
      vertex -20.9589 80.3841 5.72205e-07
      vertex -20.6448 80.4628 3
      vertex -20.9589 80.3841 3
    endloop
  endfacet
  facet normal 0.243044 -0.970015 0
    outer loop
      vertex -20.6448 80.4628 3
      vertex -20.9589 80.3841 5.72205e-07
      vertex -20.6448 80.4628 5.72205e-07
    endloop
  endfacet
  facet normal -0.740987 -0.671519 0
    outer loop
      vertex -17.45 79.3197 5.72205e-07
      vertex -17.6675 79.5597 3
      vertex -17.6675 79.5597 5.72205e-07
    endloop
  endfacet
  facet normal -0.740987 -0.671519 0
    outer loop
      vertex -17.6675 79.5597 3
      vertex -17.45 79.3197 5.72205e-07
      vertex -17.45 79.3197 3
    endloop
  endfacet
  facet normal 0.857738 0.514087 0
    outer loop
      vertex -22.7448 75.3928 3
      vertex -22.9113 75.6706 5.72205e-07
      vertex -22.9113 75.6706 3
    endloop
  endfacet
  facet normal 0.857738 0.514087 0
    outer loop
      vertex -22.9113 75.6706 5.72205e-07
      vertex -22.7448 75.3928 3
      vertex -22.7448 75.3928 5.72205e-07
    endloop
  endfacet
  facet normal -0.857738 0.514087 0
    outer loop
      vertex -17.2571 75.3928 5.72205e-07
      vertex -17.0906 75.6706 3
      vertex -17.0906 75.6706 5.72205e-07
    endloop
  endfacet
  facet normal -0.857738 0.514087 0
    outer loop
      vertex -17.0906 75.6706 3
      vertex -17.2571 75.3928 5.72205e-07
      vertex -17.2571 75.3928 3
    endloop
  endfacet
  facet normal 0.671519 -0.740987 0
    outer loop
      vertex -22.3344 79.5597 5.72205e-07
      vertex -22.0944 79.7772 3
      vertex -22.3344 79.5597 3
    endloop
  endfacet
  facet normal 0.671519 -0.740987 0
    outer loop
      vertex -22.0944 79.7772 3
      vertex -22.3344 79.5597 5.72205e-07
      vertex -22.0944 79.7772 5.72205e-07
    endloop
  endfacet
  facet normal -0.336904 -0.941539 0
    outer loop
      vertex -19.043 80.3841 5.72205e-07
      vertex -18.7381 80.275 3
      vertex -19.043 80.3841 3
    endloop
  endfacet
  facet normal -0.336904 -0.941539 -0
    outer loop
      vertex -18.7381 80.275 3
      vertex -19.043 80.3841 5.72205e-07
      vertex -18.7381 80.275 5.72205e-07
    endloop
  endfacet
  facet normal -0.146694 -0.989182 0
    outer loop
      vertex -19.6775 80.5103 5.72205e-07
      vertex -19.3572 80.4628 3
      vertex -19.6775 80.5103 3
    endloop
  endfacet
  facet normal -0.146694 -0.989182 -0
    outer loop
      vertex -19.3572 80.4628 3
      vertex -19.6775 80.5103 5.72205e-07
      vertex -19.3572 80.4628 5.72205e-07
    endloop
  endfacet
  facet normal 0.803212 0.595693 0
    outer loop
      vertex -22.5519 75.1327 3
      vertex -22.7448 75.3928 5.72205e-07
      vertex -22.7448 75.3928 3
    endloop
  endfacet
  facet normal 0.803212 0.595693 0
    outer loop
      vertex -22.7448 75.3928 5.72205e-07
      vertex -22.5519 75.1327 3
      vertex -22.5519 75.1327 5.72205e-07
    endloop
  endfacet
  facet normal 0.998794 0.0491058 0
    outer loop
      vertex -23.2851 76.9028 3
      vertex -23.301 77.2262 5.72205e-07
      vertex -23.301 77.2262 3
    endloop
  endfacet
  facet normal 0.998794 0.0491058 0
    outer loop
      vertex -23.301 77.2262 5.72205e-07
      vertex -23.2851 76.9028 3
      vertex -23.2851 76.9028 5.72205e-07
    endloop
  endfacet
  facet normal 0.998794 -0.0490907 0
    outer loop
      vertex -23.301 77.2262 3
      vertex -23.2851 77.5497 5.72205e-07
      vertex -23.2851 77.5497 3
    endloop
  endfacet
  facet normal 0.998794 -0.0490907 0
    outer loop
      vertex -23.2851 77.5497 5.72205e-07
      vertex -23.301 77.2262 3
      vertex -23.301 77.2262 5.72205e-07
    endloop
  endfacet
  facet normal 0.427595 0.90397 -0
    outer loop
      vertex -21.2638 74.1774 5.72205e-07
      vertex -21.5566 74.3159 3
      vertex -21.2638 74.1774 3
    endloop
  endfacet
  facet normal 0.427595 0.90397 0
    outer loop
      vertex -21.5566 74.3159 3
      vertex -21.2638 74.1774 5.72205e-07
      vertex -21.5566 74.3159 5.72205e-07
    endloop
  endfacet
  facet normal 0.970106 -0.242681 0
    outer loop
      vertex -23.2375 77.87 3
      vertex -23.1589 78.1842 5.72205e-07
      vertex -23.1589 78.1842 3
    endloop
  endfacet
  facet normal 0.970106 -0.242681 0
    outer loop
      vertex -23.1589 78.1842 5.72205e-07
      vertex -23.2375 77.87 3
      vertex -23.2375 77.87 5.72205e-07
    endloop
  endfacet
  facet normal -0.904033 -0.427462 0
    outer loop
      vertex -16.9522 78.4891 5.72205e-07
      vertex -17.0906 78.7818 3
      vertex -17.0906 78.7818 5.72205e-07
    endloop
  endfacet
  facet normal -0.904033 -0.427462 0
    outer loop
      vertex -17.0906 78.7818 3
      vertex -16.9522 78.4891 5.72205e-07
      vertex -16.9522 78.4891 3
    endloop
  endfacet
  facet normal -0.0490907 -0.998794 0
    outer loop
      vertex -20.001 80.5262 5.72205e-07
      vertex -19.6775 80.5103 3
      vertex -20.001 80.5262 3
    endloop
  endfacet
  facet normal -0.0490907 -0.998794 -0
    outer loop
      vertex -19.6775 80.5103 3
      vertex -20.001 80.5262 5.72205e-07
      vertex -19.6775 80.5103 5.72205e-07
    endloop
  endfacet
  facet normal 0.740848 0.671673 0
    outer loop
      vertex -22.3344 74.8928 3
      vertex -22.5519 75.1327 5.72205e-07
      vertex -22.5519 75.1327 3
    endloop
  endfacet
  facet normal 0.740848 0.671673 0
    outer loop
      vertex -22.5519 75.1327 5.72205e-07
      vertex -22.3344 74.8928 3
      vertex -22.3344 74.8928 5.72205e-07
    endloop
  endfacet
  facet normal -0.941539 0.336904 0
    outer loop
      vertex -16.9522 75.9634 5.72205e-07
      vertex -16.8431 76.2683 3
      vertex -16.8431 76.2683 5.72205e-07
    endloop
  endfacet
  facet normal -0.941539 0.336904 0
    outer loop
      vertex -16.8431 76.2683 3
      vertex -16.9522 75.9634 5.72205e-07
      vertex -16.9522 75.9634 3
    endloop
  endfacet
  facet normal 0.90397 0.427595 0
    outer loop
      vertex -22.9113 75.6706 3
      vertex -23.0498 75.9634 5.72205e-07
      vertex -23.0498 75.9634 3
    endloop
  endfacet
  facet normal 0.90397 0.427595 0
    outer loop
      vertex -23.0498 75.9634 5.72205e-07
      vertex -22.9113 75.6706 3
      vertex -22.9113 75.6706 5.72205e-07
    endloop
  endfacet
  facet normal 0.671519 0.740987 -0
    outer loop
      vertex -22.0944 74.6753 5.72205e-07
      vertex -22.3344 74.8928 3
      vertex -22.0944 74.6753 3
    endloop
  endfacet
  facet normal 0.671519 0.740987 0
    outer loop
      vertex -22.3344 74.8928 3
      vertex -22.0944 74.6753 5.72205e-07
      vertex -22.3344 74.8928 5.72205e-07
    endloop
  endfacet
  facet normal -0.146694 0.989182 0
    outer loop
      vertex -19.3572 73.9896 5.72205e-07
      vertex -19.6775 73.9421 3
      vertex -19.3572 73.9896 3
    endloop
  endfacet
  facet normal -0.146694 0.989182 0
    outer loop
      vertex -19.6775 73.9421 3
      vertex -19.3572 73.9896 5.72205e-07
      vertex -19.6775 73.9421 5.72205e-07
    endloop
  endfacet
  facet normal 0.146649 0.989189 -0
    outer loop
      vertex -20.3244 73.9421 5.72205e-07
      vertex -20.6448 73.9896 3
      vertex -20.3244 73.9421 3
    endloop
  endfacet
  facet normal 0.146649 0.989189 0
    outer loop
      vertex -20.6448 73.9896 3
      vertex -20.3244 73.9421 5.72205e-07
      vertex -20.6448 73.9896 5.72205e-07
    endloop
  endfacet
  facet normal 0.243044 0.970015 -0
    outer loop
      vertex -20.6448 73.9896 5.72205e-07
      vertex -20.9589 74.0683 3
      vertex -20.6448 73.9896 3
    endloop
  endfacet
  facet normal 0.243044 0.970015 0
    outer loop
      vertex -20.9589 74.0683 3
      vertex -20.6448 73.9896 5.72205e-07
      vertex -20.9589 74.0683 5.72205e-07
    endloop
  endfacet
  facet normal -0.514223 0.857656 0
    outer loop
      vertex -18.1676 74.4824 5.72205e-07
      vertex -18.4453 74.3159 3
      vertex -18.1676 74.4824 3
    endloop
  endfacet
  facet normal -0.514223 0.857656 0
    outer loop
      vertex -18.4453 74.3159 3
      vertex -18.1676 74.4824 5.72205e-07
      vertex -18.4453 74.3159 5.72205e-07
    endloop
  endfacet
  facet normal -0.941539 -0.336904 0
    outer loop
      vertex -16.8431 78.1842 5.72205e-07
      vertex -16.9522 78.4891 3
      vertex -16.9522 78.4891 5.72205e-07
    endloop
  endfacet
  facet normal -0.941539 -0.336904 0
    outer loop
      vertex -16.9522 78.4891 3
      vertex -16.8431 78.1842 5.72205e-07
      vertex -16.8431 78.1842 3
    endloop
  endfacet
  facet normal -0.998809 -0.0487827 0
    outer loop
      vertex -16.701 77.2262 5.72205e-07
      vertex -16.7168 77.5497 3
      vertex -16.7168 77.5497 5.72205e-07
    endloop
  endfacet
  facet normal -0.998809 -0.0487827 0
    outer loop
      vertex -16.7168 77.5497 3
      vertex -16.701 77.2262 5.72205e-07
      vertex -16.701 77.2262 3
    endloop
  endfacet
  facet normal -0.59567 -0.803229 0
    outer loop
      vertex -16.6675 82.215 3
      vertex -16.1946 81.8643 12.0205
      vertex -16.6675 82.215 12.1341
    endloop
  endfacet
  facet normal -0.59567 -0.803229 -0
    outer loop
      vertex -16.1946 81.8643 12.0205
      vertex -16.6675 82.215 3
      vertex -16.1946 81.8643 3
    endloop
  endfacet
  facet normal -0.671522 -0.740984 0
    outer loop
      vertex -16.1946 81.8643 3
      vertex -15.7583 81.4689 11.8781
      vertex -16.1946 81.8643 12.0205
    endloop
  endfacet
  facet normal -0.671522 -0.740984 -0
    outer loop
      vertex -15.7583 81.4689 11.8781
      vertex -16.1946 81.8643 3
      vertex -15.7583 81.4689 3
    endloop
  endfacet
  facet normal -0.514146 -0.857702 0
    outer loop
      vertex -17.1726 82.5178 3
      vertex -16.8116 82.3014 12.158
      vertex -17.1726 82.5178 12.2178
    endloop
  endfacet
  facet normal -0.514233 -0.857651 4.62305e-06
    outer loop
      vertex -16.8116 82.3014 12.158
      vertex -17.1726 82.5178 3
      vertex -16.6675 82.215 12.1341
    endloop
  endfacet
  facet normal -0.514171 -0.857688 -0
    outer loop
      vertex -16.6675 82.215 12.1341
      vertex -17.1726 82.5178 3
      vertex -16.6675 82.215 3
    endloop
  endfacet
  facet normal 0.857718 -0.514121 0
    outer loop
      vertex -25.2925 80.0546 9.87114
      vertex -24.9898 80.5596 3
      vertex -24.9898 80.5596 10.1562
    endloop
  endfacet
  facet normal 0.857718 -0.514121 0
    outer loop
      vertex -24.9898 80.5596 3
      vertex -25.2925 80.0546 9.87114
      vertex -25.2925 80.0546 3
    endloop
  endfacet
  facet normal 0.336939 0.941527 0
    outer loop
      vertex -22.2971 71.683 3
      vertex -21.7427 71.4846 6.09276
      vertex -21.7427 71.4846 3
    endloop
  endfacet
  facet normal 0.336939 0.941527 0
    outer loop
      vertex -21.7427 71.4846 6.09276
      vertex -22.2971 71.683 3
      vertex -22.2971 71.683 6.11937
    endloop
  endfacet
  facet normal 0.242855 -0.970063 0
    outer loop
      vertex -21.1715 83.1109 3
      vertex -21.7427 82.9679 11.8245
      vertex -21.7427 82.9679 3
    endloop
  endfacet
  facet normal 0.242855 -0.970063 0
    outer loop
      vertex -21.7427 82.9679 11.8245
      vertex -21.1715 83.1109 3
      vertex -21.1715 83.1109 11.9761
    endloop
  endfacet
  facet normal -0.970023 0.243015 0
    outer loop
      vertex -14.2593 75.4845 9.08052
      vertex -14.1162 76.0557 3
      vertex -14.2593 75.4845 3
    endloop
  endfacet
  facet normal -0.970023 0.243015 0
    outer loop
      vertex -14.1162 76.0557 3
      vertex -14.2593 75.4845 9.08052
      vertex -14.1162 76.0557 9.3801
    endloop
  endfacet
  facet normal -0.903997 0.427539 0
    outer loop
      vertex -14.7094 74.3979 8.48368
      vertex -14.4577 74.9301 3
      vertex -14.7094 74.3979 3
    endloop
  endfacet
  facet normal -0.903997 0.427539 0
    outer loop
      vertex -14.4577 74.9301 3
      vertex -14.7094 74.3979 8.48368
      vertex -14.4577 74.9301 8.78075
    endloop
  endfacet
  facet normal 0.857763 0.514046 0
    outer loop
      vertex -24.9898 73.8928 6.84274
      vertex -25.2925 74.3979 3
      vertex -25.2925 74.3979 7.0597
    endloop
  endfacet
  facet normal 0.857763 0.514046 0
    outer loop
      vertex -25.2925 74.3979 3
      vertex -24.9898 73.8928 6.84274
      vertex -24.9898 73.8928 3
    endloop
  endfacet
  facet normal 0.998795 -0.0490821 0
    outer loop
      vertex -26.001 77.2262 8.38575
      vertex -25.9721 77.8143 3
      vertex -25.9721 77.8143 8.68129
    endloop
  endfacet
  facet normal 0.998795 -0.0490821 0
    outer loop
      vertex -25.9721 77.8143 3
      vertex -26.001 77.2262 8.38575
      vertex -26.001 77.2262 3
    endloop
  endfacet
  facet normal 0.970018 -0.243035 0
    outer loop
      vertex -25.8801 78.4191 8.99219
      vertex -25.7426 78.9679 3
      vertex -25.7426 78.9679 9.28044
    endloop
  endfacet
  facet normal 0.969892 -0.243535 -4.86843e-05
    outer loop
      vertex -25.8857 78.3968 8.98048
      vertex -25.7426 78.9679 3
      vertex -25.8801 78.4191 8.99219
    endloop
  endfacet
  facet normal 0.970012 -0.243055 0
    outer loop
      vertex -25.7426 78.9679 3
      vertex -25.8857 78.3968 8.98048
      vertex -25.8857 78.3968 3
    endloop
  endfacet
  facet normal -0.803148 0.59578 0
    outer loop
      vertex -15.3629 73.4199 7.909
      vertex -15.0121 73.8928 3
      vertex -15.3629 73.4199 3
    endloop
  endfacet
  facet normal -0.803148 0.59578 0
    outer loop
      vertex -15.0121 73.8928 3
      vertex -15.3629 73.4199 7.909
      vertex -15.0121 73.8928 8.19216
    endloop
  endfacet
  facet normal 0.989174 0.146746 0
    outer loop
      vertex -25.8857 76.0557 7.81695
      vertex -25.9721 76.6381 3
      vertex -25.9721 76.6381 8.09671
    endloop
  endfacet
  facet normal 0.989174 0.146746 0
    outer loop
      vertex -25.9721 76.6381 3
      vertex -25.8857 76.0557 7.81695
      vertex -25.8857 76.0557 3
    endloop
  endfacet
  facet normal -0.336993 -0.941507 0
    outer loop
      vertex -18.2592 82.9679 3
      vertex -17.7049 82.7695 12.2709
      vertex -18.2592 82.9679 12.2929
    endloop
  endfacet
  facet normal -0.336993 -0.941507 -0
    outer loop
      vertex -17.7049 82.7695 12.2709
      vertex -18.2592 82.9679 3
      vertex -17.7049 82.7695 3
    endloop
  endfacet
  facet normal 0.903997 0.427539 0
    outer loop
      vertex -25.2925 74.3979 7.0597
      vertex -25.5442 74.9301 3
      vertex -25.5442 74.9301 7.29594
    endloop
  endfacet
  facet normal 0.903997 0.427539 0
    outer loop
      vertex -25.5442 74.9301 3
      vertex -25.2925 74.3979 7.0597
      vertex -25.2925 74.3979 3
    endloop
  endfacet
  facet normal -0.427473 0.904028 0
    outer loop
      vertex -17.1726 71.9347 3
      vertex -17.7049 71.683 6.70984
      vertex -17.1726 71.9347 6.91279
    endloop
  endfacet
  facet normal -0.427473 0.904028 0
    outer loop
      vertex -17.7049 71.683 6.70984
      vertex -17.1726 71.9347 3
      vertex -17.7049 71.683 3
    endloop
  endfacet
  facet normal 0.146746 -0.989174 0
    outer loop
      vertex -20.5891 83.1973 3
      vertex -21.1715 83.1109 11.9761
      vertex -21.1715 83.1109 3
    endloop
  endfacet
  facet normal 0.146746 -0.989174 0
    outer loop
      vertex -21.1715 83.1109 11.9761
      vertex -20.5891 83.1973 3
      vertex -20.5891 83.1973 12.0995
    endloop
  endfacet
  facet normal 0.941527 0.336939 0
    outer loop
      vertex -25.5442 74.9301 7.29594
      vertex -25.7426 75.4845 3
      vertex -25.7426 75.4845 7.54917
    endloop
  endfacet
  facet normal 0.941527 0.336939 0
    outer loop
      vertex -25.7426 75.4845 3
      vertex -25.5442 74.9301 7.29594
      vertex -25.5442 74.9301 3
    endloop
  endfacet
  facet normal -0.989178 -0.146721 -0
    outer loop
      vertex -14.0298 77.8143 10.2508
      vertex -14.1162 78.3968 3
      vertex -14.0298 77.8143 3
    endloop
  endfacet
  facet normal -0.989178 -0.146721 0
    outer loop
      vertex -14.1162 78.3968 3
      vertex -14.0298 77.8143 10.2508
      vertex -14.1162 78.3968 10.5389
    endloop
  endfacet
  facet normal 0.59567 -0.803229 0
    outer loop
      vertex -23.3344 82.215 3
      vertex -23.8073 81.8643 10.9846
      vertex -23.8073 81.8643 3
    endloop
  endfacet
  facet normal 0.59567 -0.803229 0
    outer loop
      vertex -23.8073 81.8643 10.9846
      vertex -23.3344 82.215 3
      vertex -23.3344 82.215 11.227
    endloop
  endfacet
  facet normal 0.803169 0.595751 0
    outer loop
      vertex -24.6549 73.4413 6.65598
      vertex -24.9898 73.8928 3
      vertex -24.9898 73.8928 6.84274
    endloop
  endfacet
  facet normal 0.802714 0.596364 0.000117406
    outer loop
      vertex -24.639 73.4199 6.6477
      vertex -24.9898 73.8928 3
      vertex -24.6549 73.4413 6.65598
    endloop
  endfacet
  facet normal 0.803148 0.59578 0
    outer loop
      vertex -24.9898 73.8928 3
      vertex -24.639 73.4199 6.6477
      vertex -24.639 73.4199 3
    endloop
  endfacet
  facet normal -0.146746 -0.989174 0
    outer loop
      vertex -18.8304 83.1109 3
      vertex -19.4128 83.1973 12.2567
      vertex -19.4128 83.1973 3
    endloop
  endfacet
  facet normal -0.146746 -0.989174 0
    outer loop
      vertex -19.4128 83.1973 12.2567
      vertex -18.8304 83.1109 3
      vertex -18.8304 83.1109 12.2891
    endloop
  endfacet
  facet normal 0.671522 -0.740984 0
    outer loop
      vertex -23.8073 81.8643 3
      vertex -24.2436 81.4689 10.7229
      vertex -24.2436 81.4689 3
    endloop
  endfacet
  facet normal 0.671522 -0.740984 0
    outer loop
      vertex -24.2436 81.4689 10.7229
      vertex -23.8073 81.8643 3
      vertex -23.8073 81.8643 10.9846
    endloop
  endfacet
  facet normal 0.803198 -0.595712 0
    outer loop
      vertex -24.9063 80.6722 10.2215
      vertex -24.639 81.0326 3
      vertex -24.639 81.0326 10.4444
    endloop
  endfacet
  facet normal 0.80324 -0.595656 4.39697e-06
    outer loop
      vertex -24.9898 80.5596 10.1562
      vertex -24.639 81.0326 3
      vertex -24.9063 80.6722 10.2215
    endloop
  endfacet
  facet normal 0.803208 -0.595699 0
    outer loop
      vertex -24.639 81.0326 3
      vertex -24.9898 80.5596 10.1562
      vertex -24.9898 80.5596 3
    endloop
  endfacet
  facet normal 0.243075 0.970007 -0
    outer loop
      vertex -21.1715 71.3415 3
      vertex -21.5522 71.4369 6.09306
      vertex -21.1715 71.3415 6.09858
    endloop
  endfacet
  facet normal 0.243015 0.970023 -7.85679e-06
    outer loop
      vertex -21.7427 71.4846 3
      vertex -21.5522 71.4369 6.09306
      vertex -21.1715 71.3415 3
    endloop
  endfacet
  facet normal 0.242895 0.970053 0
    outer loop
      vertex -21.5522 71.4369 6.09306
      vertex -21.7427 71.4846 3
      vertex -21.7427 71.4846 6.09276
    endloop
  endfacet
  facet normal 0.427539 0.903997 0
    outer loop
      vertex -22.8293 71.9347 3
      vertex -22.2971 71.683 6.11937
      vertex -22.2971 71.683 3
    endloop
  endfacet
  facet normal 0.427539 0.903997 0
    outer loop
      vertex -22.2971 71.683 6.11937
      vertex -22.8293 71.9347 3
      vertex -22.8293 71.9347 6.17326
    endloop
  endfacet
  facet normal 0.941527 -0.336939 0
    outer loop
      vertex -25.7426 78.9679 9.28044
      vertex -25.5442 79.5223 3
      vertex -25.5442 79.5223 9.57828
    endloop
  endfacet
  facet normal 0.941527 -0.336939 0
    outer loop
      vertex -25.5442 79.5223 3
      vertex -25.7426 78.9679 9.28044
      vertex -25.7426 78.9679 3
    endloop
  endfacet
  facet normal -0.941527 -0.336939 -0
    outer loop
      vertex -14.2593 78.9679 10.8121
      vertex -14.4577 79.5223 3
      vertex -14.2593 78.9679 3
    endloop
  endfacet
  facet normal -0.941527 -0.336939 0
    outer loop
      vertex -14.4577 79.5223 3
      vertex -14.2593 78.9679 10.8121
      vertex -14.4577 79.5223 11.0676
    endloop
  endfacet
  facet normal -0.146746 0.989174 0
    outer loop
      vertex -18.8304 71.3415 3
      vertex -19.4128 71.2551 6.28662
      vertex -18.8304 71.3415 6.4017
    endloop
  endfacet
  facet normal -0.146746 0.989174 0
    outer loop
      vertex -19.4128 71.2551 6.28662
      vertex -18.8304 71.3415 3
      vertex -19.4128 71.2551 3
    endloop
  endfacet
  facet normal 0.970023 0.243015 0
    outer loop
      vertex -25.7426 75.4845 7.54917
      vertex -25.8857 76.0557 3
      vertex -25.8857 76.0557 7.81695
    endloop
  endfacet
  facet normal 0.970023 0.243015 0
    outer loop
      vertex -25.8857 76.0557 3
      vertex -25.7426 75.4845 7.54917
      vertex -25.7426 75.4845 3
    endloop
  endfacet
  facet normal -0.740984 -0.671522 -0
    outer loop
      vertex -15.3629 81.0326 11.7084
      vertex -15.7583 81.4689 3
      vertex -15.3629 81.0326 3
    endloop
  endfacet
  facet normal -0.740984 -0.671522 0
    outer loop
      vertex -15.7583 81.4689 3
      vertex -15.3629 81.0326 11.7084
      vertex -15.7583 81.4689 11.8781
    endloop
  endfacet
  facet normal -0.904024 -0.427482 0
    outer loop
      vertex -14.7094 80.0546 3
      vertex -14.536 79.6879 11.1409
      vertex -14.7094 80.0546 11.3031
    endloop
  endfacet
  facet normal -0.904028 -0.427473 -0
    outer loop
      vertex -14.4577 79.5223 11.0676
      vertex -14.7094 80.0546 3
      vertex -14.4577 79.5223 3
    endloop
  endfacet
  facet normal -0.904037 -0.427453 1.59767e-06
    outer loop
      vertex -14.7094 80.0546 3
      vertex -14.4577 79.5223 11.0676
      vertex -14.536 79.6879 11.1409
    endloop
  endfacet
  facet normal -0.857763 0.514046 0
    outer loop
      vertex -15.0121 73.8928 8.19216
      vertex -14.7094 74.3979 3
      vertex -15.0121 73.8928 3
    endloop
  endfacet
  facet normal -0.857763 0.514046 0
    outer loop
      vertex -14.7094 74.3979 3
      vertex -15.0121 73.8928 8.19216
      vertex -14.7094 74.3979 8.48368
    endloop
  endfacet
  facet normal -0.242835 -0.970068 0
    outer loop
      vertex -18.8304 83.1109 3
      vertex -18.4497 83.0156 12.2897
      vertex -18.8304 83.1109 12.2891
    endloop
  endfacet
  facet normal -0.242855 -0.970063 8.66539e-07
    outer loop
      vertex -18.2592 82.9679 3
      vertex -18.4497 83.0156 12.2897
      vertex -18.8304 83.1109 3
    endloop
  endfacet
  facet normal -0.242895 -0.970053 0
    outer loop
      vertex -18.4497 83.0156 12.2897
      vertex -18.2592 82.9679 3
      vertex -18.2592 82.9679 12.2929
    endloop
  endfacet
  facet normal -0.427473 -0.904028 0
    outer loop
      vertex -17.7049 82.7695 3
      vertex -17.1726 82.5178 12.2178
      vertex -17.7049 82.7695 12.2709
    endloop
  endfacet
  facet normal -0.427473 -0.904028 -0
    outer loop
      vertex -17.1726 82.5178 12.2178
      vertex -17.7049 82.7695 3
      vertex -17.1726 82.5178 3
    endloop
  endfacet
  facet normal 0.671522 0.740984 0
    outer loop
      vertex -24.2436 72.9836 3
      vertex -23.8073 72.5882 6.36055
      vertex -23.8073 72.5882 3
    endloop
  endfacet
  facet normal 0.671522 0.740984 0
    outer loop
      vertex -23.8073 72.5882 6.36055
      vertex -24.2436 72.9836 3
      vertex -24.2436 72.9836 6.49214
    endloop
  endfacet
  facet normal -0.803235 -0.595662 0
    outer loop
      vertex -15.3629 81.0326 3
      vertex -15.189 80.7981 11.6115
      vertex -15.3629 81.0326 11.7084
    endloop
  endfacet
  facet normal -0.803208 -0.595699 -0
    outer loop
      vertex -15.0121 80.5596 11.5163
      vertex -15.3629 81.0326 3
      vertex -15.0121 80.5596 3
    endloop
  endfacet
  facet normal -0.803182 -0.595734 -3.05618e-06
    outer loop
      vertex -15.3629 81.0326 3
      vertex -15.0121 80.5596 11.5163
      vertex -15.189 80.7981 11.6115
    endloop
  endfacet
  facet normal -0.857718 -0.514121 -0
    outer loop
      vertex -14.7094 80.0546 11.3031
      vertex -15.0121 80.5596 3
      vertex -14.7094 80.0546 3
    endloop
  endfacet
  facet normal -0.857718 -0.514121 0
    outer loop
      vertex -15.0121 80.5596 3
      vertex -14.7094 80.0546 11.3031
      vertex -15.0121 80.5596 11.5163
    endloop
  endfacet
  facet normal 0.0492765 -0.998785 1.25983e-05
    outer loop
      vertex -20.001 83.2262 3
      vertex -20.2263 83.2152 12.1573
      vertex -20.5891 83.1973 12.0995
    endloop
  endfacet
  facet normal 0.0490821 -0.998795 0
    outer loop
      vertex -20.001 83.2262 3
      vertex -20.5891 83.1973 12.0995
      vertex -20.5891 83.1973 3
    endloop
  endfacet
  facet normal 0.0487657 -0.99881 0
    outer loop
      vertex -20.2263 83.2152 12.1573
      vertex -20.001 83.2262 3
      vertex -20.001 83.2262 12.1933
    endloop
  endfacet
  facet normal 0.427539 -0.903997 0
    outer loop
      vertex -22.2971 82.7695 3
      vertex -22.8293 82.5178 11.4478
      vertex -22.8293 82.5178 3
    endloop
  endfacet
  facet normal 0.427574 -0.90398 2.70287e-06
    outer loop
      vertex -22.8293 82.5178 11.4478
      vertex -22.2971 82.7695 3
      vertex -22.3813 82.7297 11.6138
    endloop
  endfacet
  facet normal 0.427348 -0.904087 0
    outer loop
      vertex -22.3813 82.7297 11.6138
      vertex -22.2971 82.7695 3
      vertex -22.2971 82.7695 11.646
    endloop
  endfacet
  facet normal 0.904028 -0.427473 0
    outer loop
      vertex -25.5442 79.5223 9.57828
      vertex -25.2925 80.0546 3
      vertex -25.2925 80.0546 9.87114
    endloop
  endfacet
  facet normal 0.904028 -0.427473 0
    outer loop
      vertex -25.2925 80.0546 3
      vertex -25.5442 79.5223 9.57828
      vertex -25.5442 79.5223 3
    endloop
  endfacet
  facet normal -0.243015 0.970023 0
    outer loop
      vertex -18.2592 71.4846 3
      vertex -18.8304 71.3415 6.4017
      vertex -18.2592 71.4846 6.54134
    endloop
  endfacet
  facet normal -0.243015 0.970023 0
    outer loop
      vertex -18.8304 71.3415 6.4017
      vertex -18.2592 71.4846 3
      vertex -18.8304 71.3415 3
    endloop
  endfacet
  facet normal -0.970012 -0.243055 -0
    outer loop
      vertex -14.1162 78.3968 10.5389
      vertex -14.2593 78.9679 3
      vertex -14.1162 78.3968 3
    endloop
  endfacet
  facet normal -0.970012 -0.243055 0
    outer loop
      vertex -14.2593 78.9679 3
      vertex -14.1162 78.3968 10.5389
      vertex -14.2593 78.9679 10.8121
    endloop
  endfacet
  facet normal 0.336939 -0.941527 0
    outer loop
      vertex -21.7427 82.9679 3
      vertex -22.2971 82.7695 11.646
      vertex -22.2971 82.7695 3
    endloop
  endfacet
  facet normal 0.336939 -0.941527 0
    outer loop
      vertex -22.2971 82.7695 11.646
      vertex -21.7427 82.9679 3
      vertex -21.7427 82.9679 11.8245
    endloop
  endfacet
  facet normal -0.59578 0.803148 0
    outer loop
      vertex -16.1946 72.5882 3
      vertex -16.6675 72.2374 7.13642
      vertex -16.1946 72.5882 7.37858
    endloop
  endfacet
  facet normal -0.59578 0.803148 0
    outer loop
      vertex -16.6675 72.2374 7.13642
      vertex -16.1946 72.5882 3
      vertex -16.6675 72.2374 3
    endloop
  endfacet
  facet normal 0.989178 -0.146721 0
    outer loop
      vertex -25.9721 77.8143 8.68129
      vertex -25.8857 78.3968 3
      vertex -25.8857 78.3968 8.98048
    endloop
  endfacet
  facet normal 0.989178 -0.146721 0
    outer loop
      vertex -25.8857 78.3968 3
      vertex -25.9721 77.8143 8.68129
      vertex -25.9721 77.8143 3
    endloop
  endfacet
  facet normal -0.671522 0.740984 0
    outer loop
      vertex -15.7583 72.9836 3
      vertex -16.1946 72.5882 7.37858
      vertex -15.7583 72.9836 7.63693
    endloop
  endfacet
  facet normal -0.671522 0.740984 0
    outer loop
      vertex -16.1946 72.5882 7.37858
      vertex -15.7583 72.9836 3
      vertex -16.1946 72.5882 3
    endloop
  endfacet
  facet normal 0.998795 0.0490821 0
    outer loop
      vertex -25.9721 76.6381 8.09671
      vertex -26.001 77.2262 3
      vertex -26.001 77.2262 8.38575
    endloop
  endfacet
  facet normal 0.998795 0.0490821 0
    outer loop
      vertex -26.001 77.2262 3
      vertex -25.9721 76.6381 8.09671
      vertex -25.9721 76.6381 3
    endloop
  endfacet
  facet normal -0.740984 0.671522 0
    outer loop
      vertex -15.7583 72.9836 7.63693
      vertex -15.3629 73.4199 3
      vertex -15.7583 72.9836 3
    endloop
  endfacet
  facet normal -0.740984 0.671522 0
    outer loop
      vertex -15.3629 73.4199 3
      vertex -15.7583 72.9836 7.63693
      vertex -15.3629 73.4199 7.909
    endloop
  endfacet
  facet normal -0.514046 0.857763 0
    outer loop
      vertex -16.6675 72.2374 3
      vertex -17.1726 71.9347 6.91279
      vertex -16.6675 72.2374 7.13642
    endloop
  endfacet
  facet normal -0.514046 0.857763 0
    outer loop
      vertex -17.1726 71.9347 6.91279
      vertex -16.6675 72.2374 3
      vertex -17.1726 71.9347 3
    endloop
  endfacet
  facet normal -0.998803 0.0489126 0
    outer loop
      vertex -14.0298 76.6381 9.6766
      vertex -14.001 77.2262 3
      vertex -14.0298 76.6381 3
    endloop
  endfacet
  facet normal -0.998803 0.0489126 0
    outer loop
      vertex -14.001 77.2262 3
      vertex -14.0298 76.6381 9.6766
      vertex -14.001 77.2262 9.96716
    endloop
  endfacet
  facet normal -0.0490738 0.998795 0
    outer loop
      vertex -19.4128 71.2551 3
      vertex -20.001 71.2262 6.19721
      vertex -19.4128 71.2551 6.28662
    endloop
  endfacet
  facet normal -0.0490738 0.998795 0
    outer loop
      vertex -20.001 71.2262 6.19721
      vertex -19.4128 71.2551 3
      vertex -20.001 71.2262 3
    endloop
  endfacet
  facet normal 0.514171 -0.857688 0
    outer loop
      vertex -22.8293 82.5178 3
      vertex -23.3344 82.215 11.227
      vertex -23.3344 82.215 3
    endloop
  endfacet
  facet normal 0.514171 -0.857688 0
    outer loop
      vertex -23.3344 82.215 11.227
      vertex -22.8293 82.5178 3
      vertex -22.8293 82.5178 11.4478
    endloop
  endfacet
  facet normal 0.514046 0.857763 0
    outer loop
      vertex -23.3344 72.2374 3
      vertex -22.8293 71.9347 6.17326
      vertex -22.8293 71.9347 3
    endloop
  endfacet
  facet normal 0.514046 0.857763 0
    outer loop
      vertex -22.8293 71.9347 6.17326
      vertex -23.3344 72.2374 3
      vertex -23.3344 72.2374 6.25392
    endloop
  endfacet
  facet normal -0.333821 0.942636 0.000219405
    outer loop
      vertex -17.7049 71.683 3
      vertex -17.9318 71.6018 6.63753
      vertex -17.9109 71.6092 6.64368
    endloop
  endfacet
  facet normal -0.337129 0.941459 0
    outer loop
      vertex -17.7049 71.683 3
      vertex -17.8705 71.6237 6.65598
      vertex -17.7049 71.683 6.70984
    endloop
  endfacet
  facet normal -0.335955 0.941878 5.99723e-05
    outer loop
      vertex -17.7049 71.683 3
      vertex -17.9005 71.613 6.64684
      vertex -17.8705 71.6237 6.65598
    endloop
  endfacet
  facet normal -0.343093 0.939301 -0.000372355
    outer loop
      vertex -17.7049 71.683 3
      vertex -17.9109 71.6092 6.64368
      vertex -17.9005 71.613 6.64684
    endloop
  endfacet
  facet normal -0.337027 0.941495 -6.05536e-06
    outer loop
      vertex -17.9318 71.6018 6.63753
      vertex -17.7049 71.683 3
      vertex -18.2592 71.4846 6.54134
    endloop
  endfacet
  facet normal -0.336993 0.941507 0
    outer loop
      vertex -18.2592 71.4846 6.54134
      vertex -17.7049 71.683 3
      vertex -18.2592 71.4846 3
    endloop
  endfacet
  facet normal 0.0490821 0.998795 -0
    outer loop
      vertex -20.001 71.2262 3
      vertex -20.5891 71.2551 6.13432
      vertex -20.001 71.2262 6.19721
    endloop
  endfacet
  facet normal 0.0490821 0.998795 0
    outer loop
      vertex -20.5891 71.2551 6.13432
      vertex -20.001 71.2262 3
      vertex -20.5891 71.2551 3
    endloop
  endfacet
  facet normal -0.941557 0.336853 0
    outer loop
      vertex -14.2593 75.4845 3
      vertex -14.3213 75.3112 8.98681
      vertex -14.2593 75.4845 9.08052
    endloop
  endfacet
  facet normal -0.941527 0.336939 0
    outer loop
      vertex -14.4577 74.9301 8.78075
      vertex -14.2593 75.4845 3
      vertex -14.4577 74.9301 3
    endloop
  endfacet
  facet normal -0.941513 0.336976 4.0305e-06
    outer loop
      vertex -14.2593 75.4845 3
      vertex -14.4577 74.9301 8.78075
      vertex -14.3213 75.3112 8.98681
    endloop
  endfacet
  facet normal 0.740984 -0.671522 0
    outer loop
      vertex -24.639 81.0326 10.4444
      vertex -24.2436 81.4689 3
      vertex -24.2436 81.4689 10.7229
    endloop
  endfacet
  facet normal 0.740984 -0.671522 0
    outer loop
      vertex -24.2436 81.4689 3
      vertex -24.639 81.0326 10.4444
      vertex -24.639 81.0326 3
    endloop
  endfacet
  facet normal 0.59578 0.803148 0
    outer loop
      vertex -23.8073 72.5882 3
      vertex -23.3344 72.2374 6.25392
      vertex -23.3344 72.2374 3
    endloop
  endfacet
  facet normal 0.59578 0.803148 0
    outer loop
      vertex -23.3344 72.2374 6.25392
      vertex -23.8073 72.5882 3
      vertex -23.8073 72.5882 6.36055
    endloop
  endfacet
  facet normal -0.0490738 -0.998795 0
    outer loop
      vertex -19.4128 83.1973 3
      vertex -20.001 83.2262 12.1933
      vertex -20.001 83.2262 3
    endloop
  endfacet
  facet normal -0.0490738 -0.998795 0
    outer loop
      vertex -20.001 83.2262 12.1933
      vertex -19.4128 83.1973 3
      vertex -19.4128 83.1973 12.2567
    endloop
  endfacet
  facet normal -0.989174 0.146746 0
    outer loop
      vertex -14.1162 76.0557 9.3801
      vertex -14.0298 76.6381 3
      vertex -14.1162 76.0557 3
    endloop
  endfacet
  facet normal -0.989174 0.146746 0
    outer loop
      vertex -14.0298 76.6381 3
      vertex -14.1162 76.0557 9.3801
      vertex -14.0298 76.6381 9.6766
    endloop
  endfacet
  facet normal 0.146746 0.989174 -0
    outer loop
      vertex -20.5891 71.2551 3
      vertex -21.1715 71.3415 6.09858
      vertex -20.5891 71.2551 6.13432
    endloop
  endfacet
  facet normal 0.146746 0.989174 0
    outer loop
      vertex -21.1715 71.3415 6.09858
      vertex -20.5891 71.2551 3
      vertex -21.1715 71.3415 3
    endloop
  endfacet
  facet normal 0.741351 0.671118 0
    outer loop
      vertex -24.6304 73.4104 6.6442
      vertex -24.639 73.4199 3
      vertex -24.639 73.4199 6.6477
    endloop
  endfacet
  facet normal 0.742217 0.670159 -4.54362e-06
    outer loop
      vertex -24.6211 73.4001 6.6404
      vertex -24.639 73.4199 3
      vertex -24.6304 73.4104 6.6442
    endloop
  endfacet
  facet normal 0.741981 0.67042 -1.96196e-06
    outer loop
      vertex -24.6033 73.3804 6.63338
      vertex -24.639 73.4199 3
      vertex -24.6211 73.4001 6.6404
    endloop
  endfacet
  facet normal 0.740898 0.671618 2.17001e-05
    outer loop
      vertex -24.2436 72.9836 6.49214
      vertex -24.639 73.4199 3
      vertex -24.6033 73.3804 6.63338
    endloop
  endfacet
  facet normal 0.740984 0.671522 0
    outer loop
      vertex -24.639 73.4199 3
      vertex -24.2436 72.9836 6.49214
      vertex -24.2436 72.9836 3
    endloop
  endfacet
  facet normal 0 0 1
    outer loop
      vertex -16.701 77.2262 3
      vertex -14.001 77.2262 3
      vertex -14.0298 77.8143 3
    endloop
  endfacet
  facet normal 0 0 1
    outer loop
      vertex -16.7168 77.5497 3
      vertex -14.0298 77.8143 3
      vertex -14.1162 78.3968 3
    endloop
  endfacet
  facet normal 0 0 1
    outer loop
      vertex -14.001 77.2262 3
      vertex -16.701 77.2262 3
      vertex -14.0298 76.6381 3
    endloop
  endfacet
  facet normal 0 0 1
    outer loop
      vertex -16.7644 77.87 3
      vertex -14.1162 78.3968 3
      vertex -14.2593 78.9679 3
    endloop
  endfacet
  facet normal -0 0 1
    outer loop
      vertex -16.7168 76.9028 3
      vertex -14.0298 76.6381 3
      vertex -16.701 77.2262 3
    endloop
  endfacet
  facet normal 0 0 1
    outer loop
      vertex -16.8431 78.1842 3
      vertex -14.2593 78.9679 3
      vertex -14.4577 79.5223 3
    endloop
  endfacet
  facet normal 0 0 1
    outer loop
      vertex -14.0298 76.6381 3
      vertex -16.7168 76.9028 3
      vertex -14.1162 76.0557 3
    endloop
  endfacet
  facet normal -0 0 1
    outer loop
      vertex -16.7644 76.5824 3
      vertex -14.1162 76.0557 3
      vertex -16.7168 76.9028 3
    endloop
  endfacet
  facet normal 0 0 1
    outer loop
      vertex -16.9522 78.4891 3
      vertex -14.4577 79.5223 3
      vertex -14.7094 80.0546 3
    endloop
  endfacet
  facet normal 0 0 1
    outer loop
      vertex -17.0906 78.7818 3
      vertex -14.7094 80.0546 3
      vertex -15.0121 80.5596 3
    endloop
  endfacet
  facet normal 0 0 1
    outer loop
      vertex -14.1162 76.0557 3
      vertex -16.7644 76.5824 3
      vertex -14.2593 75.4845 3
    endloop
  endfacet
  facet normal 0 0 1
    outer loop
      vertex -17.2571 79.0596 3
      vertex -15.0121 80.5596 3
      vertex -15.3629 81.0326 3
    endloop
  endfacet
  facet normal -0 0 1
    outer loop
      vertex -16.8431 76.2683 3
      vertex -14.2593 75.4845 3
      vertex -16.7644 76.5824 3
    endloop
  endfacet
  facet normal 0 0 1
    outer loop
      vertex -17.45 79.3197 3
      vertex -15.3629 81.0326 3
      vertex -15.7583 81.4689 3
    endloop
  endfacet
  facet normal 0 0 1
    outer loop
      vertex -14.2593 75.4845 3
      vertex -16.8431 76.2683 3
      vertex -14.4577 74.9301 3
    endloop
  endfacet
  facet normal 0 0 1
    outer loop
      vertex -17.6675 79.5597 3
      vertex -15.7583 81.4689 3
      vertex -16.1946 81.8643 3
    endloop
  endfacet
  facet normal -0 0 1
    outer loop
      vertex -16.9522 75.9634 3
      vertex -14.4577 74.9301 3
      vertex -16.8431 76.2683 3
    endloop
  endfacet
  facet normal 0 0 1
    outer loop
      vertex -17.9075 79.7772 3
      vertex -16.1946 81.8643 3
      vertex -16.6675 82.215 3
    endloop
  endfacet
  facet normal 0 0 1
    outer loop
      vertex -14.4577 74.9301 3
      vertex -16.9522 75.9634 3
      vertex -14.7094 74.3979 3
    endloop
  endfacet
  facet normal -0 0 1
    outer loop
      vertex -17.0906 75.6706 3
      vertex -14.7094 74.3979 3
      vertex -16.9522 75.9634 3
    endloop
  endfacet
  facet normal 0 0 1
    outer loop
      vertex -14.0298 77.8143 3
      vertex -16.7168 77.5497 3
      vertex -16.701 77.2262 3
    endloop
  endfacet
  facet normal 0 0 1
    outer loop
      vertex -14.1162 78.3968 3
      vertex -16.7644 77.87 3
      vertex -16.7168 77.5497 3
    endloop
  endfacet
  facet normal 0 0 1
    outer loop
      vertex -14.2593 78.9679 3
      vertex -16.8431 78.1842 3
      vertex -16.7644 77.87 3
    endloop
  endfacet
  facet normal 0 0 1
    outer loop
      vertex -14.4577 79.5223 3
      vertex -16.9522 78.4891 3
      vertex -16.8431 78.1842 3
    endloop
  endfacet
  facet normal 0 0 1
    outer loop
      vertex -14.7094 80.0546 3
      vertex -17.0906 78.7818 3
      vertex -16.9522 78.4891 3
    endloop
  endfacet
  facet normal 0 0 1
    outer loop
      vertex -18.1676 79.9701 3
      vertex -16.6675 82.215 3
      vertex -17.1726 82.5178 3
    endloop
  endfacet
  facet normal 0 0 1
    outer loop
      vertex -15.0121 80.5596 3
      vertex -17.2571 79.0596 3
      vertex -17.0906 78.7818 3
    endloop
  endfacet
  facet normal 0 0 1
    outer loop
      vertex -15.3629 81.0326 3
      vertex -17.45 79.3197 3
      vertex -17.2571 79.0596 3
    endloop
  endfacet
  facet normal 0 0 1
    outer loop
      vertex -15.7583 81.4689 3
      vertex -17.6675 79.5597 3
      vertex -17.45 79.3197 3
    endloop
  endfacet
  facet normal 0 0 1
    outer loop
      vertex -18.4453 80.1366 3
      vertex -17.1726 82.5178 3
      vertex -17.7049 82.7695 3
    endloop
  endfacet
  facet normal 0 0 1
    outer loop
      vertex -16.1946 81.8643 3
      vertex -17.9075 79.7772 3
      vertex -17.6675 79.5597 3
    endloop
  endfacet
  facet normal 0 0 1
    outer loop
      vertex -16.6675 82.215 3
      vertex -18.1676 79.9701 3
      vertex -17.9075 79.7772 3
    endloop
  endfacet
  facet normal 0 0 1
    outer loop
      vertex -18.7381 80.275 3
      vertex -17.7049 82.7695 3
      vertex -18.2592 82.9679 3
    endloop
  endfacet
  facet normal 0 0 1
    outer loop
      vertex -17.1726 82.5178 3
      vertex -18.4453 80.1366 3
      vertex -18.1676 79.9701 3
    endloop
  endfacet
  facet normal 0 0 1
    outer loop
      vertex -17.7049 82.7695 3
      vertex -18.7381 80.275 3
      vertex -18.4453 80.1366 3
    endloop
  endfacet
  facet normal 0 0 1
    outer loop
      vertex -19.043 80.3841 3
      vertex -18.2592 82.9679 3
      vertex -18.8304 83.1109 3
    endloop
  endfacet
  facet normal 0 0 1
    outer loop
      vertex -18.2592 82.9679 3
      vertex -19.043 80.3841 3
      vertex -18.7381 80.275 3
    endloop
  endfacet
  facet normal 0 0 1
    outer loop
      vertex -18.8304 83.1109 3
      vertex -19.3572 80.4628 3
      vertex -19.043 80.3841 3
    endloop
  endfacet
  facet normal 0 0 1
    outer loop
      vertex -19.4128 83.1973 3
      vertex -19.3572 80.4628 3
      vertex -18.8304 83.1109 3
    endloop
  endfacet
  facet normal 0 0 1
    outer loop
      vertex -19.4128 83.1973 3
      vertex -19.6775 80.5103 3
      vertex -19.3572 80.4628 3
    endloop
  endfacet
  facet normal 0 0 1
    outer loop
      vertex -20.001 83.2262 3
      vertex -19.6775 80.5103 3
      vertex -19.4128 83.1973 3
    endloop
  endfacet
  facet normal 0 0 1
    outer loop
      vertex -20.001 83.2262 3
      vertex -20.001 80.5262 3
      vertex -19.6775 80.5103 3
    endloop
  endfacet
  facet normal 0 0 1
    outer loop
      vertex -20.001 83.2262 3
      vertex -20.3244 80.5103 3
      vertex -20.001 80.5262 3
    endloop
  endfacet
  facet normal -0 0 1
    outer loop
      vertex -20.5891 83.1973 3
      vertex -20.3244 80.5103 3
      vertex -20.001 83.2262 3
    endloop
  endfacet
  facet normal 0 0 1
    outer loop
      vertex -20.5891 83.1973 3
      vertex -20.6448 80.4628 3
      vertex -20.3244 80.5103 3
    endloop
  endfacet
  facet normal -0 0 1
    outer loop
      vertex -21.1715 83.1109 3
      vertex -20.6448 80.4628 3
      vertex -20.5891 83.1973 3
    endloop
  endfacet
  facet normal 0 0 1
    outer loop
      vertex -20.6448 80.4628 3
      vertex -21.1715 83.1109 3
      vertex -20.9589 80.3841 3
    endloop
  endfacet
  facet normal -0 0 1
    outer loop
      vertex -21.7427 82.9679 3
      vertex -20.9589 80.3841 3
      vertex -21.1715 83.1109 3
    endloop
  endfacet
  facet normal 0 0 1
    outer loop
      vertex -20.9589 80.3841 3
      vertex -21.7427 82.9679 3
      vertex -21.2638 80.275 3
    endloop
  endfacet
  facet normal -0 0 1
    outer loop
      vertex -22.2971 82.7695 3
      vertex -21.2638 80.275 3
      vertex -21.7427 82.9679 3
    endloop
  endfacet
  facet normal 0 0 1
    outer loop
      vertex -21.2638 80.275 3
      vertex -22.2971 82.7695 3
      vertex -21.5566 80.1366 3
    endloop
  endfacet
  facet normal -0 0 1
    outer loop
      vertex -22.8293 82.5178 3
      vertex -21.5566 80.1366 3
      vertex -22.2971 82.7695 3
    endloop
  endfacet
  facet normal 0 0 1
    outer loop
      vertex -21.5566 80.1366 3
      vertex -22.8293 82.5178 3
      vertex -21.8343 79.9701 3
    endloop
  endfacet
  facet normal -0 0 1
    outer loop
      vertex -23.3344 82.215 3
      vertex -21.8343 79.9701 3
      vertex -22.8293 82.5178 3
    endloop
  endfacet
  facet normal 0 0 1
    outer loop
      vertex -21.8343 79.9701 3
      vertex -23.3344 82.215 3
      vertex -22.0944 79.7772 3
    endloop
  endfacet
  facet normal -0 0 1
    outer loop
      vertex -23.8073 81.8643 3
      vertex -22.0944 79.7772 3
      vertex -23.3344 82.215 3
    endloop
  endfacet
  facet normal 0 0 1
    outer loop
      vertex -22.0944 79.7772 3
      vertex -23.8073 81.8643 3
      vertex -22.3344 79.5597 3
    endloop
  endfacet
  facet normal -0 0 1
    outer loop
      vertex -24.2436 81.4689 3
      vertex -22.3344 79.5597 3
      vertex -23.8073 81.8643 3
    endloop
  endfacet
  facet normal 0 0 1
    outer loop
      vertex -22.3344 79.5597 3
      vertex -24.2436 81.4689 3
      vertex -22.5519 79.3197 3
    endloop
  endfacet
  facet normal -0 0 1
    outer loop
      vertex -24.639 81.0326 3
      vertex -22.5519 79.3197 3
      vertex -24.2436 81.4689 3
    endloop
  endfacet
  facet normal 0 0 1
    outer loop
      vertex -22.5519 79.3197 3
      vertex -24.639 81.0326 3
      vertex -22.7448 79.0596 3
    endloop
  endfacet
  facet normal -0 0 1
    outer loop
      vertex -24.9898 80.5596 3
      vertex -22.7448 79.0596 3
      vertex -24.639 81.0326 3
    endloop
  endfacet
  facet normal -0 0 1
    outer loop
      vertex -25.2925 80.0546 3
      vertex -22.9113 78.7818 3
      vertex -24.9898 80.5596 3
    endloop
  endfacet
  facet normal 0 0 1
    outer loop
      vertex -22.7448 79.0596 3
      vertex -24.9898 80.5596 3
      vertex -22.9113 78.7818 3
    endloop
  endfacet
  facet normal 0 0 1
    outer loop
      vertex -14.7094 74.3979 3
      vertex -17.0906 75.6706 3
      vertex -15.0121 73.8928 3
    endloop
  endfacet
  facet normal -0 0 1
    outer loop
      vertex -17.2571 75.3928 3
      vertex -15.0121 73.8928 3
      vertex -17.0906 75.6706 3
    endloop
  endfacet
  facet normal 0 0 1
    outer loop
      vertex -15.0121 73.8928 3
      vertex -17.2571 75.3928 3
      vertex -15.3629 73.4199 3
    endloop
  endfacet
  facet normal -0 0 1
    outer loop
      vertex -17.45 75.1327 3
      vertex -15.3629 73.4199 3
      vertex -17.2571 75.3928 3
    endloop
  endfacet
  facet normal 0 0 1
    outer loop
      vertex -15.3629 73.4199 3
      vertex -17.45 75.1327 3
      vertex -15.7583 72.9836 3
    endloop
  endfacet
  facet normal -0 0 1
    outer loop
      vertex -17.6675 74.8928 3
      vertex -15.7583 72.9836 3
      vertex -17.45 75.1327 3
    endloop
  endfacet
  facet normal 0 0 1
    outer loop
      vertex -15.7583 72.9836 3
      vertex -17.6675 74.8928 3
      vertex -16.1946 72.5882 3
    endloop
  endfacet
  facet normal -0 0 1
    outer loop
      vertex -17.9075 74.6753 3
      vertex -16.1946 72.5882 3
      vertex -17.6675 74.8928 3
    endloop
  endfacet
  facet normal 0 0 1
    outer loop
      vertex -16.1946 72.5882 3
      vertex -17.9075 74.6753 3
      vertex -16.6675 72.2374 3
    endloop
  endfacet
  facet normal -0 0 1
    outer loop
      vertex -18.1676 74.4824 3
      vertex -16.6675 72.2374 3
      vertex -17.9075 74.6753 3
    endloop
  endfacet
  facet normal 0 0 1
    outer loop
      vertex -16.6675 72.2374 3
      vertex -18.1676 74.4824 3
      vertex -17.1726 71.9347 3
    endloop
  endfacet
  facet normal -0 0 1
    outer loop
      vertex -18.4453 74.3159 3
      vertex -17.1726 71.9347 3
      vertex -18.1676 74.4824 3
    endloop
  endfacet
  facet normal 0 0 1
    outer loop
      vertex -17.1726 71.9347 3
      vertex -18.4453 74.3159 3
      vertex -17.7049 71.683 3
    endloop
  endfacet
  facet normal -0 0 1
    outer loop
      vertex -18.7381 74.1774 3
      vertex -17.7049 71.683 3
      vertex -18.4453 74.3159 3
    endloop
  endfacet
  facet normal 0 0 1
    outer loop
      vertex -17.7049 71.683 3
      vertex -18.7381 74.1774 3
      vertex -18.2592 71.4846 3
    endloop
  endfacet
  facet normal -0 0 1
    outer loop
      vertex -19.043 74.0683 3
      vertex -18.2592 71.4846 3
      vertex -18.7381 74.1774 3
    endloop
  endfacet
  facet normal 0 0 1
    outer loop
      vertex -18.2592 71.4846 3
      vertex -19.043 74.0683 3
      vertex -18.8304 71.3415 3
    endloop
  endfacet
  facet normal -0 0 1
    outer loop
      vertex -19.3572 73.9896 3
      vertex -18.8304 71.3415 3
      vertex -19.043 74.0683 3
    endloop
  endfacet
  facet normal 0 0 1
    outer loop
      vertex -19.3572 73.9896 3
      vertex -19.4128 71.2551 3
      vertex -18.8304 71.3415 3
    endloop
  endfacet
  facet normal -0 0 1
    outer loop
      vertex -19.6775 73.9421 3
      vertex -19.4128 71.2551 3
      vertex -19.3572 73.9896 3
    endloop
  endfacet
  facet normal -0 0 1
    outer loop
      vertex -20.001 73.9262 3
      vertex -19.4128 71.2551 3
      vertex -19.6775 73.9421 3
    endloop
  endfacet
  facet normal 0 0 1
    outer loop
      vertex -20.001 73.9262 3
      vertex -20.001 71.2262 3
      vertex -19.4128 71.2551 3
    endloop
  endfacet
  facet normal 0 0 1
    outer loop
      vertex -20.3244 73.9421 3
      vertex -20.001 71.2262 3
      vertex -20.001 73.9262 3
    endloop
  endfacet
  facet normal 0 0 1
    outer loop
      vertex -20.3244 73.9421 3
      vertex -20.5891 71.2551 3
      vertex -20.001 71.2262 3
    endloop
  endfacet
  facet normal 0 0 1
    outer loop
      vertex -20.6448 73.9896 3
      vertex -20.5891 71.2551 3
      vertex -20.3244 73.9421 3
    endloop
  endfacet
  facet normal 0 0 1
    outer loop
      vertex -21.1715 71.3415 3
      vertex -20.6448 73.9896 3
      vertex -20.9589 74.0683 3
    endloop
  endfacet
  facet normal 0 0 1
    outer loop
      vertex -20.6448 73.9896 3
      vertex -21.1715 71.3415 3
      vertex -20.5891 71.2551 3
    endloop
  endfacet
  facet normal 0 0 1
    outer loop
      vertex -21.7427 71.4846 3
      vertex -20.9589 74.0683 3
      vertex -21.2638 74.1774 3
    endloop
  endfacet
  facet normal 0 0 1
    outer loop
      vertex -22.2971 71.683 3
      vertex -21.2638 74.1774 3
      vertex -21.5566 74.3159 3
    endloop
  endfacet
  facet normal 0 0 1
    outer loop
      vertex -20.9589 74.0683 3
      vertex -21.7427 71.4846 3
      vertex -21.1715 71.3415 3
    endloop
  endfacet
  facet normal 0 0 1
    outer loop
      vertex -22.8293 71.9347 3
      vertex -21.5566 74.3159 3
      vertex -21.8343 74.4824 3
    endloop
  endfacet
  facet normal 0 0 1
    outer loop
      vertex -23.3344 72.2374 3
      vertex -21.8343 74.4824 3
      vertex -22.0944 74.6753 3
    endloop
  endfacet
  facet normal 0 0 1
    outer loop
      vertex -21.2638 74.1774 3
      vertex -22.2971 71.683 3
      vertex -21.7427 71.4846 3
    endloop
  endfacet
  facet normal 0 0 1
    outer loop
      vertex -23.8073 72.5882 3
      vertex -22.0944 74.6753 3
      vertex -22.3344 74.8928 3
    endloop
  endfacet
  facet normal 0 0 1
    outer loop
      vertex -24.2436 72.9836 3
      vertex -22.3344 74.8928 3
      vertex -22.5519 75.1327 3
    endloop
  endfacet
  facet normal 0 0 1
    outer loop
      vertex -24.639 73.4199 3
      vertex -22.5519 75.1327 3
      vertex -22.7448 75.3928 3
    endloop
  endfacet
  facet normal 0 0 1
    outer loop
      vertex -21.5566 74.3159 3
      vertex -22.8293 71.9347 3
      vertex -22.2971 71.683 3
    endloop
  endfacet
  facet normal 0 0 1
    outer loop
      vertex -24.9898 73.8928 3
      vertex -22.7448 75.3928 3
      vertex -22.9113 75.6706 3
    endloop
  endfacet
  facet normal 0 0 1
    outer loop
      vertex -25.2925 74.3979 3
      vertex -22.9113 75.6706 3
      vertex -23.0498 75.9634 3
    endloop
  endfacet
  facet normal 0 0 1
    outer loop
      vertex -25.5442 74.9301 3
      vertex -23.0498 75.9634 3
      vertex -23.1589 76.2683 3
    endloop
  endfacet
  facet normal 0 0 1
    outer loop
      vertex -25.7426 75.4845 3
      vertex -23.1589 76.2683 3
      vertex -23.2375 76.5824 3
    endloop
  endfacet
  facet normal 0 0 1
    outer loop
      vertex -25.8857 76.0557 3
      vertex -23.2375 76.5824 3
      vertex -23.2851 76.9028 3
    endloop
  endfacet
  facet normal 0 0 1
    outer loop
      vertex -21.8343 74.4824 3
      vertex -23.3344 72.2374 3
      vertex -22.8293 71.9347 3
    endloop
  endfacet
  facet normal 0 0 1
    outer loop
      vertex -25.9721 76.6381 3
      vertex -23.2851 76.9028 3
      vertex -23.301 77.2262 3
    endloop
  endfacet
  facet normal 0 0 1
    outer loop
      vertex -22.9113 78.7818 3
      vertex -25.2925 80.0546 3
      vertex -23.0498 78.4891 3
    endloop
  endfacet
  facet normal -0 0 1
    outer loop
      vertex -25.5442 79.5223 3
      vertex -23.0498 78.4891 3
      vertex -25.2925 80.0546 3
    endloop
  endfacet
  facet normal 0 0 1
    outer loop
      vertex -22.0944 74.6753 3
      vertex -23.8073 72.5882 3
      vertex -23.3344 72.2374 3
    endloop
  endfacet
  facet normal 0 0 1
    outer loop
      vertex -23.0498 78.4891 3
      vertex -25.5442 79.5223 3
      vertex -23.1589 78.1842 3
    endloop
  endfacet
  facet normal 0 0 1
    outer loop
      vertex -22.3344 74.8928 3
      vertex -24.2436 72.9836 3
      vertex -23.8073 72.5882 3
    endloop
  endfacet
  facet normal -0 0 1
    outer loop
      vertex -25.7426 78.9679 3
      vertex -23.1589 78.1842 3
      vertex -25.5442 79.5223 3
    endloop
  endfacet
  facet normal 0 0 1
    outer loop
      vertex -22.5519 75.1327 3
      vertex -24.639 73.4199 3
      vertex -24.2436 72.9836 3
    endloop
  endfacet
  facet normal 0 0 1
    outer loop
      vertex -23.1589 78.1842 3
      vertex -25.7426 78.9679 3
      vertex -23.2375 77.87 3
    endloop
  endfacet
  facet normal 0 0 1
    outer loop
      vertex -22.7448 75.3928 3
      vertex -24.9898 73.8928 3
      vertex -24.639 73.4199 3
    endloop
  endfacet
  facet normal -0 0 1
    outer loop
      vertex -25.8857 78.3968 3
      vertex -23.2375 77.87 3
      vertex -25.7426 78.9679 3
    endloop
  endfacet
  facet normal 0 0 1
    outer loop
      vertex -22.9113 75.6706 3
      vertex -25.2925 74.3979 3
      vertex -24.9898 73.8928 3
    endloop
  endfacet
  facet normal 0 0 1
    outer loop
      vertex -23.2375 77.87 3
      vertex -25.8857 78.3968 3
      vertex -23.2851 77.5497 3
    endloop
  endfacet
  facet normal 0 0 1
    outer loop
      vertex -23.0498 75.9634 3
      vertex -25.5442 74.9301 3
      vertex -25.2925 74.3979 3
    endloop
  endfacet
  facet normal -0 0 1
    outer loop
      vertex -25.9721 77.8143 3
      vertex -23.2851 77.5497 3
      vertex -25.8857 78.3968 3
    endloop
  endfacet
  facet normal 0 0 1
    outer loop
      vertex -23.1589 76.2683 3
      vertex -25.7426 75.4845 3
      vertex -25.5442 74.9301 3
    endloop
  endfacet
  facet normal 0 0 1
    outer loop
      vertex -23.2851 77.5497 3
      vertex -25.9721 77.8143 3
      vertex -23.301 77.2262 3
    endloop
  endfacet
  facet normal 0 0 1
    outer loop
      vertex -23.2375 76.5824 3
      vertex -25.8857 76.0557 3
      vertex -25.7426 75.4845 3
    endloop
  endfacet
  facet normal 0 0 1
    outer loop
      vertex -26.001 77.2262 3
      vertex -23.301 77.2262 3
      vertex -25.9721 77.8143 3
    endloop
  endfacet
  facet normal 0 0 1
    outer loop
      vertex -23.2851 76.9028 3
      vertex -25.9721 76.6381 3
      vertex -25.8857 76.0557 3
    endloop
  endfacet
  facet normal 0 0 1
    outer loop
      vertex -23.301 77.2262 3
      vertex -26.001 77.2262 3
      vertex -25.9721 76.6381 3
    endloop
  endfacet
  facet normal -0.998808 -0.0488074 0
    outer loop
      vertex -14.0298 77.8143 3
      vertex -14.027 77.757 10.2215
      vertex -14.0298 77.8143 10.2508
    endloop
  endfacet
  facet normal -0.998803 -0.0489126 -0
    outer loop
      vertex -14.001 77.2262 9.96716
      vertex -14.0298 77.8143 3
      vertex -14.001 77.2262 3
    endloop
  endfacet
  facet normal -0.998803 -0.0489236 -9.24109e-07
    outer loop
      vertex -14.0298 77.8143 3
      vertex -14.001 77.2262 9.96716
      vertex -14.027 77.757 10.2215
    endloop
  endfacet
  facet normal 0.427343 -0.90409 0
    outer loop
      vertex 75.6706 -17.0906 5.72205e-07
      vertex 75.9634 -16.9522 3
      vertex 75.6706 -17.0906 3
    endloop
  endfacet
  facet normal 0.427343 -0.90409 0
    outer loop
      vertex 75.9634 -16.9522 3
      vertex 75.6706 -17.0906 5.72205e-07
      vertex 75.9634 -16.9522 5.72205e-07
    endloop
  endfacet
  facet normal 0.740987 0.671519 0
    outer loop
      vertex 74.8928 -22.3344 3
      vertex 74.6753 -22.0944 5.72205e-07
      vertex 74.6753 -22.0944 3
    endloop
  endfacet
  facet normal 0.740987 0.671519 0
    outer loop
      vertex 74.6753 -22.0944 5.72205e-07
      vertex 74.8928 -22.3344 3
      vertex 74.8928 -22.3344 5.72205e-07
    endloop
  endfacet
  facet normal -0.740987 0.671519 0
    outer loop
      vertex 79.5597 -22.3344 5.72205e-07
      vertex 79.7772 -22.0944 3
      vertex 79.7772 -22.0944 5.72205e-07
    endloop
  endfacet
  facet normal -0.740987 0.671519 0
    outer loop
      vertex 79.7772 -22.0944 3
      vertex 79.5597 -22.3344 5.72205e-07
      vertex 79.5597 -22.3344 3
    endloop
  endfacet
  facet normal 0.242754 0.970088 -0
    outer loop
      vertex 76.5824 -23.2375 5.72205e-07
      vertex 76.2683 -23.1589 3
      vertex 76.5824 -23.2375 3
    endloop
  endfacet
  facet normal 0.242754 0.970088 0
    outer loop
      vertex 76.2683 -23.1589 3
      vertex 76.5824 -23.2375 5.72205e-07
      vertex 76.2683 -23.1589 5.72205e-07
    endloop
  endfacet
  facet normal -0.803212 0.595693 0
    outer loop
      vertex 79.7772 -22.0944 5.72205e-07
      vertex 79.9701 -21.8343 3
      vertex 79.9701 -21.8343 5.72205e-07
    endloop
  endfacet
  facet normal -0.803212 0.595693 0
    outer loop
      vertex 79.9701 -21.8343 3
      vertex 79.7772 -22.0944 5.72205e-07
      vertex 79.7772 -22.0944 3
    endloop
  endfacet
  facet normal -0.242681 0.970106 0
    outer loop
      vertex 78.1842 -23.1589 5.72205e-07
      vertex 77.87 -23.2375 3
      vertex 78.1842 -23.1589 3
    endloop
  endfacet
  facet normal -0.242681 0.970106 0
    outer loop
      vertex 77.87 -23.2375 3
      vertex 78.1842 -23.1589 5.72205e-07
      vertex 77.87 -23.2375 5.72205e-07
    endloop
  endfacet
  facet normal -0.0490907 0.998794 0
    outer loop
      vertex 77.5497 -23.2851 5.72205e-07
      vertex 77.2262 -23.301 3
      vertex 77.5497 -23.2851 3
    endloop
  endfacet
  facet normal -0.0490907 0.998794 0
    outer loop
      vertex 77.2262 -23.301 3
      vertex 77.5497 -23.2851 5.72205e-07
      vertex 77.2262 -23.301 5.72205e-07
    endloop
  endfacet
  facet normal -0.146996 -0.989137 0
    outer loop
      vertex 77.5497 -16.7168 5.72205e-07
      vertex 77.87 -16.7644 3
      vertex 77.5497 -16.7168 3
    endloop
  endfacet
  facet normal -0.146996 -0.989137 -0
    outer loop
      vertex 77.87 -16.7644 3
      vertex 77.5497 -16.7168 5.72205e-07
      vertex 77.87 -16.7644 5.72205e-07
    endloop
  endfacet
  facet normal 0.595693 -0.803212 0
    outer loop
      vertex 75.1327 -17.45 5.72205e-07
      vertex 75.3928 -17.2571 3
      vertex 75.1327 -17.45 3
    endloop
  endfacet
  facet normal 0.595693 -0.803212 0
    outer loop
      vertex 75.3928 -17.2571 3
      vertex 75.1327 -17.45 5.72205e-07
      vertex 75.3928 -17.2571 5.72205e-07
    endloop
  endfacet
  facet normal -0.595693 -0.803212 0
    outer loop
      vertex 79.0596 -17.2571 5.72205e-07
      vertex 79.3197 -17.45 3
      vertex 79.0596 -17.2571 3
    endloop
  endfacet
  facet normal -0.595693 -0.803212 -0
    outer loop
      vertex 79.3197 -17.45 3
      vertex 79.0596 -17.2571 5.72205e-07
      vertex 79.3197 -17.45 5.72205e-07
    endloop
  endfacet
  facet normal 0.803212 -0.595693 0
    outer loop
      vertex 74.4824 -18.1676 3
      vertex 74.6753 -17.9075 5.72205e-07
      vertex 74.6753 -17.9075 3
    endloop
  endfacet
  facet normal 0.803212 -0.595693 0
    outer loop
      vertex 74.6753 -17.9075 5.72205e-07
      vertex 74.4824 -18.1676 3
      vertex 74.4824 -18.1676 5.72205e-07
    endloop
  endfacet
  facet normal -0.146996 0.989137 0
    outer loop
      vertex 77.87 -23.2375 5.72205e-07
      vertex 77.5497 -23.2851 3
      vertex 77.87 -23.2375 3
    endloop
  endfacet
  facet normal -0.146996 0.989137 0
    outer loop
      vertex 77.5497 -23.2851 3
      vertex 77.87 -23.2375 5.72205e-07
      vertex 77.5497 -23.2851 5.72205e-07
    endloop
  endfacet
  facet normal -0.803212 -0.595693 0
    outer loop
      vertex 79.9701 -18.1676 5.72205e-07
      vertex 79.7772 -17.9075 3
      vertex 79.7772 -17.9075 5.72205e-07
    endloop
  endfacet
  facet normal -0.803212 -0.595693 0
    outer loop
      vertex 79.7772 -17.9075 3
      vertex 79.9701 -18.1676 5.72205e-07
      vertex 79.9701 -18.1676 3
    endloop
  endfacet
  facet normal 0.803212 0.595693 0
    outer loop
      vertex 74.6753 -22.0944 3
      vertex 74.4824 -21.8343 5.72205e-07
      vertex 74.4824 -21.8343 3
    endloop
  endfacet
  facet normal 0.803212 0.595693 0
    outer loop
      vertex 74.4824 -21.8343 5.72205e-07
      vertex 74.6753 -22.0944 3
      vertex 74.6753 -22.0944 5.72205e-07
    endloop
  endfacet
  facet normal -0.998794 -0.0490907 0
    outer loop
      vertex 80.5262 -20.001 5.72205e-07
      vertex 80.5103 -19.6775 3
      vertex 80.5103 -19.6775 5.72205e-07
    endloop
  endfacet
  facet normal -0.998794 -0.0490907 0
    outer loop
      vertex 80.5103 -19.6775 3
      vertex 80.5262 -20.001 5.72205e-07
      vertex 80.5262 -20.001 3
    endloop
  endfacet
  facet normal -0.989182 -0.146694 0
    outer loop
      vertex 80.5103 -19.6775 5.72205e-07
      vertex 80.4628 -19.3572 3
      vertex 80.4628 -19.3572 5.72205e-07
    endloop
  endfacet
  facet normal -0.989182 -0.146694 0
    outer loop
      vertex 80.4628 -19.3572 3
      vertex 80.5103 -19.6775 5.72205e-07
      vertex 80.5103 -19.6775 3
    endloop
  endfacet
  facet normal 0.336904 0.941539 -0
    outer loop
      vertex 76.2683 -23.1589 5.72205e-07
      vertex 75.9634 -23.0498 3
      vertex 76.2683 -23.1589 3
    endloop
  endfacet
  facet normal 0.336904 0.941539 0
    outer loop
      vertex 75.9634 -23.0498 3
      vertex 76.2683 -23.1589 5.72205e-07
      vertex 75.9634 -23.0498 5.72205e-07
    endloop
  endfacet
  facet normal -0.90409 0.427343 0
    outer loop
      vertex 80.1366 -21.5566 5.72205e-07
      vertex 80.275 -21.2638 3
      vertex 80.275 -21.2638 5.72205e-07
    endloop
  endfacet
  facet normal -0.90409 0.427343 0
    outer loop
      vertex 80.275 -21.2638 3
      vertex 80.1366 -21.5566 5.72205e-07
      vertex 80.1366 -21.5566 3
    endloop
  endfacet
  facet normal 0.146951 0.989144 -0
    outer loop
      vertex 76.9028 -23.2851 5.72205e-07
      vertex 76.5824 -23.2375 3
      vertex 76.9028 -23.2851 3
    endloop
  endfacet
  facet normal 0.146951 0.989144 0
    outer loop
      vertex 76.5824 -23.2375 3
      vertex 76.9028 -23.2851 5.72205e-07
      vertex 76.5824 -23.2375 5.72205e-07
    endloop
  endfacet
  facet normal -0.336904 -0.941539 0
    outer loop
      vertex 78.1842 -16.8431 5.72205e-07
      vertex 78.4891 -16.9522 3
      vertex 78.1842 -16.8431 3
    endloop
  endfacet
  facet normal -0.336904 -0.941539 -0
    outer loop
      vertex 78.4891 -16.9522 3
      vertex 78.1842 -16.8431 5.72205e-07
      vertex 78.4891 -16.9522 5.72205e-07
    endloop
  endfacet
  facet normal 0.514087 0.857738 -0
    outer loop
      vertex 75.6706 -22.9113 5.72205e-07
      vertex 75.3928 -22.7448 3
      vertex 75.6706 -22.9113 3
    endloop
  endfacet
  facet normal 0.514087 0.857738 0
    outer loop
      vertex 75.3928 -22.7448 3
      vertex 75.6706 -22.9113 5.72205e-07
      vertex 75.3928 -22.7448 5.72205e-07
    endloop
  endfacet
  facet normal -0.427462 -0.904033 0
    outer loop
      vertex 78.4891 -16.9522 5.72205e-07
      vertex 78.7818 -17.0906 3
      vertex 78.4891 -16.9522 3
    endloop
  endfacet
  facet normal -0.427462 -0.904033 -0
    outer loop
      vertex 78.7818 -17.0906 3
      vertex 78.4891 -16.9522 5.72205e-07
      vertex 78.7818 -17.0906 5.72205e-07
    endloop
  endfacet
  facet normal -0.671519 -0.740987 0
    outer loop
      vertex 79.3197 -17.45 5.72205e-07
      vertex 79.5597 -17.6675 3
      vertex 79.3197 -17.45 3
    endloop
  endfacet
  facet normal -0.671519 -0.740987 -0
    outer loop
      vertex 79.5597 -17.6675 3
      vertex 79.3197 -17.45 5.72205e-07
      vertex 79.5597 -17.6675 5.72205e-07
    endloop
  endfacet
  facet normal 0.90397 0.427595 0
    outer loop
      vertex 74.3159 -21.5566 3
      vertex 74.1774 -21.2638 5.72205e-07
      vertex 74.1774 -21.2638 3
    endloop
  endfacet
  facet normal 0.90397 0.427595 0
    outer loop
      vertex 74.1774 -21.2638 5.72205e-07
      vertex 74.3159 -21.5566 3
      vertex 74.3159 -21.5566 5.72205e-07
    endloop
  endfacet
  facet normal -0.970033 -0.242971 0
    outer loop
      vertex 80.4628 -19.3572 5.72205e-07
      vertex 80.3841 -19.043 3
      vertex 80.3841 -19.043 5.72205e-07
    endloop
  endfacet
  facet normal -0.970033 -0.242971 0
    outer loop
      vertex 80.3841 -19.043 3
      vertex 80.4628 -19.3572 5.72205e-07
      vertex 80.4628 -19.3572 3
    endloop
  endfacet
  facet normal -0.0487827 -0.998809 0
    outer loop
      vertex 77.2262 -16.701 5.72205e-07
      vertex 77.5497 -16.7168 3
      vertex 77.2262 -16.701 3
    endloop
  endfacet
  facet normal -0.0487827 -0.998809 -0
    outer loop
      vertex 77.5497 -16.7168 3
      vertex 77.2262 -16.701 5.72205e-07
      vertex 77.5497 -16.7168 5.72205e-07
    endloop
  endfacet
  facet normal -0.740987 -0.671519 0
    outer loop
      vertex 79.7772 -17.9075 5.72205e-07
      vertex 79.5597 -17.6675 3
      vertex 79.5597 -17.6675 5.72205e-07
    endloop
  endfacet
  facet normal -0.740987 -0.671519 0
    outer loop
      vertex 79.5597 -17.6675 3
      vertex 79.7772 -17.9075 5.72205e-07
      vertex 79.7772 -17.9075 3
    endloop
  endfacet
  facet normal -0.514087 -0.857738 0
    outer loop
      vertex 78.7818 -17.0906 5.72205e-07
      vertex 79.0596 -17.2571 3
      vertex 78.7818 -17.0906 3
    endloop
  endfacet
  facet normal -0.514087 -0.857738 -0
    outer loop
      vertex 79.0596 -17.2571 3
      vertex 78.7818 -17.0906 5.72205e-07
      vertex 79.0596 -17.2571 5.72205e-07
    endloop
  endfacet
  facet normal 0.857656 -0.514223 0
    outer loop
      vertex 74.3159 -18.4453 3
      vertex 74.4824 -18.1676 5.72205e-07
      vertex 74.4824 -18.1676 3
    endloop
  endfacet
  facet normal 0.857656 -0.514223 0
    outer loop
      vertex 74.4824 -18.1676 5.72205e-07
      vertex 74.3159 -18.4453 3
      vertex 74.3159 -18.4453 5.72205e-07
    endloop
  endfacet
  facet normal 0.0491058 0.998794 -0
    outer loop
      vertex 77.2262 -23.301 5.72205e-07
      vertex 76.9028 -23.2851 3
      vertex 77.2262 -23.301 3
    endloop
  endfacet
  facet normal 0.0491058 0.998794 0
    outer loop
      vertex 76.9028 -23.2851 3
      vertex 77.2262 -23.301 5.72205e-07
      vertex 76.9028 -23.2851 5.72205e-07
    endloop
  endfacet
  facet normal 0.998794 -0.0490907 0
    outer loop
      vertex 73.9262 -20.001 3
      vertex 73.9421 -19.6775 5.72205e-07
      vertex 73.9421 -19.6775 3
    endloop
  endfacet
  facet normal 0.998794 -0.0490907 0
    outer loop
      vertex 73.9421 -19.6775 5.72205e-07
      vertex 73.9262 -20.001 3
      vertex 73.9262 -20.001 5.72205e-07
    endloop
  endfacet
  facet normal -0.970015 0.243044 0
    outer loop
      vertex 80.3841 -20.9589 5.72205e-07
      vertex 80.4628 -20.6448 3
      vertex 80.4628 -20.6448 5.72205e-07
    endloop
  endfacet
  facet normal -0.970015 0.243044 0
    outer loop
      vertex 80.4628 -20.6448 3
      vertex 80.3841 -20.9589 5.72205e-07
      vertex 80.3841 -20.9589 3
    endloop
  endfacet
  facet normal 0.243044 -0.970015 0
    outer loop
      vertex 76.2683 -16.8431 5.72205e-07
      vertex 76.5824 -16.7644 3
      vertex 76.2683 -16.8431 3
    endloop
  endfacet
  facet normal 0.243044 -0.970015 0
    outer loop
      vertex 76.5824 -16.7644 3
      vertex 76.2683 -16.8431 5.72205e-07
      vertex 76.5824 -16.7644 5.72205e-07
    endloop
  endfacet
  facet normal 0.595693 0.803212 -0
    outer loop
      vertex 75.3928 -22.7448 5.72205e-07
      vertex 75.1327 -22.5519 3
      vertex 75.3928 -22.7448 3
    endloop
  endfacet
  facet normal 0.595693 0.803212 0
    outer loop
      vertex 75.1327 -22.5519 3
      vertex 75.3928 -22.7448 5.72205e-07
      vertex 75.1327 -22.5519 5.72205e-07
    endloop
  endfacet
  facet normal 0.146951 -0.989144 0
    outer loop
      vertex 76.5824 -16.7644 5.72205e-07
      vertex 76.9028 -16.7168 3
      vertex 76.5824 -16.7644 3
    endloop
  endfacet
  facet normal 0.146951 -0.989144 0
    outer loop
      vertex 76.9028 -16.7168 3
      vertex 76.5824 -16.7644 5.72205e-07
      vertex 76.9028 -16.7168 5.72205e-07
    endloop
  endfacet
  facet normal 0.336904 -0.941539 0
    outer loop
      vertex 75.9634 -16.9522 5.72205e-07
      vertex 76.2683 -16.8431 3
      vertex 75.9634 -16.9522 3
    endloop
  endfacet
  facet normal 0.336904 -0.941539 0
    outer loop
      vertex 76.2683 -16.8431 3
      vertex 75.9634 -16.9522 5.72205e-07
      vertex 76.2683 -16.8431 5.72205e-07
    endloop
  endfacet
  facet normal -0.941539 0.336904 0
    outer loop
      vertex 80.275 -21.2638 5.72205e-07
      vertex 80.3841 -20.9589 3
      vertex 80.3841 -20.9589 5.72205e-07
    endloop
  endfacet
  facet normal -0.941539 0.336904 0
    outer loop
      vertex 80.3841 -20.9589 3
      vertex 80.275 -21.2638 5.72205e-07
      vertex 80.275 -21.2638 3
    endloop
  endfacet
  facet normal 0.671673 -0.740848 0
    outer loop
      vertex 74.8928 -17.6675 5.72205e-07
      vertex 75.1327 -17.45 3
      vertex 74.8928 -17.6675 3
    endloop
  endfacet
  facet normal 0.671673 -0.740848 0
    outer loop
      vertex 75.1327 -17.45 3
      vertex 74.8928 -17.6675 5.72205e-07
      vertex 75.1327 -17.45 5.72205e-07
    endloop
  endfacet
  facet normal -0.989189 0.146649 0
    outer loop
      vertex 80.4628 -20.6448 5.72205e-07
      vertex 80.5103 -20.3244 3
      vertex 80.5103 -20.3244 5.72205e-07
    endloop
  endfacet
  facet normal -0.989189 0.146649 0
    outer loop
      vertex 80.5103 -20.3244 3
      vertex 80.4628 -20.6448 5.72205e-07
      vertex 80.4628 -20.6448 3
    endloop
  endfacet
  facet normal -0.857656 -0.514223 0
    outer loop
      vertex 80.1366 -18.4453 5.72205e-07
      vertex 79.9701 -18.1676 3
      vertex 79.9701 -18.1676 5.72205e-07
    endloop
  endfacet
  facet normal -0.857656 -0.514223 0
    outer loop
      vertex 79.9701 -18.1676 3
      vertex 80.1366 -18.4453 5.72205e-07
      vertex 80.1366 -18.4453 3
    endloop
  endfacet
  facet normal -0.941539 -0.336904 0
    outer loop
      vertex 80.3841 -19.043 5.72205e-07
      vertex 80.275 -18.7381 3
      vertex 80.275 -18.7381 5.72205e-07
    endloop
  endfacet
  facet normal -0.941539 -0.336904 0
    outer loop
      vertex 80.275 -18.7381 3
      vertex 80.3841 -19.043 5.72205e-07
      vertex 80.3841 -19.043 3
    endloop
  endfacet
  facet normal 0.671673 0.740848 -0
    outer loop
      vertex 75.1327 -22.5519 5.72205e-07
      vertex 74.8928 -22.3344 3
      vertex 75.1327 -22.5519 3
    endloop
  endfacet
  facet normal 0.671673 0.740848 0
    outer loop
      vertex 74.8928 -22.3344 3
      vertex 75.1327 -22.5519 5.72205e-07
      vertex 74.8928 -22.3344 5.72205e-07
    endloop
  endfacet
  facet normal -0.242971 -0.970033 0
    outer loop
      vertex 77.87 -16.7644 5.72205e-07
      vertex 78.1842 -16.8431 3
      vertex 77.87 -16.7644 3
    endloop
  endfacet
  facet normal -0.242971 -0.970033 -0
    outer loop
      vertex 78.1842 -16.8431 3
      vertex 77.87 -16.7644 5.72205e-07
      vertex 78.1842 -16.8431 5.72205e-07
    endloop
  endfacet
  facet normal -0.336904 0.941539 0
    outer loop
      vertex 78.4891 -23.0498 5.72205e-07
      vertex 78.1842 -23.1589 3
      vertex 78.4891 -23.0498 3
    endloop
  endfacet
  facet normal -0.336904 0.941539 0
    outer loop
      vertex 78.1842 -23.1589 3
      vertex 78.4891 -23.0498 5.72205e-07
      vertex 78.1842 -23.1589 5.72205e-07
    endloop
  endfacet
  facet normal 0.989182 -0.146694 0
    outer loop
      vertex 73.9421 -19.6775 3
      vertex 73.9896 -19.3572 5.72205e-07
      vertex 73.9896 -19.3572 3
    endloop
  endfacet
  facet normal 0.989182 -0.146694 0
    outer loop
      vertex 73.9896 -19.3572 5.72205e-07
      vertex 73.9421 -19.6775 3
      vertex 73.9421 -19.6775 5.72205e-07
    endloop
  endfacet
  facet normal 0.998794 0.0491058 0
    outer loop
      vertex 73.9421 -20.3244 3
      vertex 73.9262 -20.001 5.72205e-07
      vertex 73.9262 -20.001 3
    endloop
  endfacet
  facet normal 0.998794 0.0491058 0
    outer loop
      vertex 73.9262 -20.001 5.72205e-07
      vertex 73.9421 -20.3244 3
      vertex 73.9421 -20.3244 5.72205e-07
    endloop
  endfacet
  facet normal -0.514087 0.857738 0
    outer loop
      vertex 79.0596 -22.7448 5.72205e-07
      vertex 78.7818 -22.9113 3
      vertex 79.0596 -22.7448 3
    endloop
  endfacet
  facet normal -0.514087 0.857738 0
    outer loop
      vertex 78.7818 -22.9113 3
      vertex 79.0596 -22.7448 5.72205e-07
      vertex 78.7818 -22.9113 5.72205e-07
    endloop
  endfacet
  facet normal 0.941539 0.336904 0
    outer loop
      vertex 74.1774 -21.2638 3
      vertex 74.0683 -20.9589 5.72205e-07
      vertex 74.0683 -20.9589 3
    endloop
  endfacet
  facet normal 0.941539 0.336904 0
    outer loop
      vertex 74.0683 -20.9589 5.72205e-07
      vertex 74.1774 -21.2638 3
      vertex 74.1774 -21.2638 5.72205e-07
    endloop
  endfacet
  facet normal 0.90397 -0.427595 0
    outer loop
      vertex 74.1774 -18.7381 3
      vertex 74.3159 -18.4453 5.72205e-07
      vertex 74.3159 -18.4453 3
    endloop
  endfacet
  facet normal 0.90397 -0.427595 0
    outer loop
      vertex 74.3159 -18.4453 5.72205e-07
      vertex 74.1774 -18.7381 3
      vertex 74.1774 -18.7381 5.72205e-07
    endloop
  endfacet
  facet normal 0.0487977 -0.998809 0
    outer loop
      vertex 76.9028 -16.7168 5.72205e-07
      vertex 77.2262 -16.701 3
      vertex 76.9028 -16.7168 3
    endloop
  endfacet
  facet normal 0.0487977 -0.998809 0
    outer loop
      vertex 77.2262 -16.701 3
      vertex 76.9028 -16.7168 5.72205e-07
      vertex 77.2262 -16.701 5.72205e-07
    endloop
  endfacet
  facet normal 0.427595 0.90397 -0
    outer loop
      vertex 75.9634 -23.0498 5.72205e-07
      vertex 75.6706 -22.9113 3
      vertex 75.9634 -23.0498 3
    endloop
  endfacet
  facet normal 0.427595 0.90397 0
    outer loop
      vertex 75.6706 -22.9113 3
      vertex 75.9634 -23.0498 5.72205e-07
      vertex 75.6706 -22.9113 5.72205e-07
    endloop
  endfacet
  facet normal -0.595693 0.803212 0
    outer loop
      vertex 79.3197 -22.5519 5.72205e-07
      vertex 79.0596 -22.7448 3
      vertex 79.3197 -22.5519 3
    endloop
  endfacet
  facet normal -0.595693 0.803212 0
    outer loop
      vertex 79.0596 -22.7448 3
      vertex 79.3197 -22.5519 5.72205e-07
      vertex 79.0596 -22.7448 5.72205e-07
    endloop
  endfacet
  facet normal 0.857656 0.514223 0
    outer loop
      vertex 74.4824 -21.8343 3
      vertex 74.3159 -21.5566 5.72205e-07
      vertex 74.3159 -21.5566 3
    endloop
  endfacet
  facet normal 0.857656 0.514223 0
    outer loop
      vertex 74.3159 -21.5566 5.72205e-07
      vertex 74.4824 -21.8343 3
      vertex 74.4824 -21.8343 5.72205e-07
    endloop
  endfacet
  facet normal 0.514087 -0.857738 0
    outer loop
      vertex 75.3928 -17.2571 5.72205e-07
      vertex 75.6706 -17.0906 3
      vertex 75.3928 -17.2571 3
    endloop
  endfacet
  facet normal 0.514087 -0.857738 0
    outer loop
      vertex 75.6706 -17.0906 3
      vertex 75.3928 -17.2571 5.72205e-07
      vertex 75.6706 -17.0906 5.72205e-07
    endloop
  endfacet
  facet normal 0.740987 -0.671519 0
    outer loop
      vertex 74.6753 -17.9075 3
      vertex 74.8928 -17.6675 5.72205e-07
      vertex 74.8928 -17.6675 3
    endloop
  endfacet
  facet normal 0.740987 -0.671519 0
    outer loop
      vertex 74.8928 -17.6675 5.72205e-07
      vertex 74.6753 -17.9075 3
      vertex 74.6753 -17.9075 5.72205e-07
    endloop
  endfacet
  facet normal 0.970033 -0.242971 0
    outer loop
      vertex 73.9896 -19.3572 3
      vertex 74.0683 -19.043 5.72205e-07
      vertex 74.0683 -19.043 3
    endloop
  endfacet
  facet normal 0.970033 -0.242971 0
    outer loop
      vertex 74.0683 -19.043 5.72205e-07
      vertex 73.9896 -19.3572 3
      vertex 73.9896 -19.3572 5.72205e-07
    endloop
  endfacet
  facet normal 0.941539 -0.336904 0
    outer loop
      vertex 74.0683 -19.043 3
      vertex 74.1774 -18.7381 5.72205e-07
      vertex 74.1774 -18.7381 3
    endloop
  endfacet
  facet normal 0.941539 -0.336904 0
    outer loop
      vertex 74.1774 -18.7381 5.72205e-07
      vertex 74.0683 -19.043 3
      vertex 74.0683 -19.043 5.72205e-07
    endloop
  endfacet
  facet normal -0.857656 0.514223 0
    outer loop
      vertex 79.9701 -21.8343 5.72205e-07
      vertex 80.1366 -21.5566 3
      vertex 80.1366 -21.5566 5.72205e-07
    endloop
  endfacet
  facet normal -0.857656 0.514223 0
    outer loop
      vertex 80.1366 -21.5566 3
      vertex 79.9701 -21.8343 5.72205e-07
      vertex 79.9701 -21.8343 3
    endloop
  endfacet
  facet normal -0.671519 0.740987 0
    outer loop
      vertex 79.5597 -22.3344 5.72205e-07
      vertex 79.3197 -22.5519 3
      vertex 79.5597 -22.3344 3
    endloop
  endfacet
  facet normal -0.671519 0.740987 0
    outer loop
      vertex 79.3197 -22.5519 3
      vertex 79.5597 -22.3344 5.72205e-07
      vertex 79.3197 -22.5519 5.72205e-07
    endloop
  endfacet
  facet normal -0.427715 0.903914 0
    outer loop
      vertex 78.7818 -22.9113 5.72205e-07
      vertex 78.4891 -23.0498 3
      vertex 78.7818 -22.9113 3
    endloop
  endfacet
  facet normal -0.427715 0.903914 0
    outer loop
      vertex 78.4891 -23.0498 3
      vertex 78.7818 -22.9113 5.72205e-07
      vertex 78.4891 -23.0498 5.72205e-07
    endloop
  endfacet
  facet normal -0.90409 -0.427343 0
    outer loop
      vertex 80.275 -18.7381 5.72205e-07
      vertex 80.1366 -18.4453 3
      vertex 80.1366 -18.4453 5.72205e-07
    endloop
  endfacet
  facet normal -0.90409 -0.427343 0
    outer loop
      vertex 80.1366 -18.4453 3
      vertex 80.275 -18.7381 5.72205e-07
      vertex 80.275 -18.7381 3
    endloop
  endfacet
  facet normal -0.998794 0.0491058 0
    outer loop
      vertex 80.5103 -20.3244 5.72205e-07
      vertex 80.5262 -20.001 3
      vertex 80.5262 -20.001 5.72205e-07
    endloop
  endfacet
  facet normal -0.998794 0.0491058 0
    outer loop
      vertex 80.5262 -20.001 3
      vertex 80.5103 -20.3244 5.72205e-07
      vertex 80.5103 -20.3244 3
    endloop
  endfacet
  facet normal 0.989189 0.146649 0
    outer loop
      vertex 73.9896 -20.6448 3
      vertex 73.9421 -20.3244 5.72205e-07
      vertex 73.9421 -20.3244 3
    endloop
  endfacet
  facet normal 0.989189 0.146649 0
    outer loop
      vertex 73.9421 -20.3244 5.72205e-07
      vertex 73.9896 -20.6448 3
      vertex 73.9896 -20.6448 5.72205e-07
    endloop
  endfacet
  facet normal 0.970015 0.243044 0
    outer loop
      vertex 74.0683 -20.9589 3
      vertex 73.9896 -20.6448 5.72205e-07
      vertex 73.9896 -20.6448 3
    endloop
  endfacet
  facet normal 0.970015 0.243044 0
    outer loop
      vertex 73.9896 -20.6448 5.72205e-07
      vertex 74.0683 -20.9589 3
      vertex 74.0683 -20.9589 5.72205e-07
    endloop
  endfacet
  facet normal -0.595699 -0.803208 0
    outer loop
      vertex 81.0326 -15.3629 3
      vertex 80.5596 -15.0121 11.5163
      vertex 80.5596 -15.0121 3
    endloop
  endfacet
  facet normal -0.595734 -0.803182 -3.05618e-06
    outer loop
      vertex 80.5596 -15.0121 11.5163
      vertex 81.0326 -15.3629 3
      vertex 80.7981 -15.189 11.6115
    endloop
  endfacet
  facet normal -0.595662 -0.803235 0
    outer loop
      vertex 80.7981 -15.189 11.6115
      vertex 81.0326 -15.3629 3
      vertex 81.0326 -15.3629 11.7084
    endloop
  endfacet
  facet normal -0.671522 0.740984 0
    outer loop
      vertex 81.4689 -24.2436 3
      vertex 81.0326 -24.639 10.4444
      vertex 81.4689 -24.2436 10.7229
    endloop
  endfacet
  facet normal -0.671522 0.740984 0
    outer loop
      vertex 81.0326 -24.639 10.4444
      vertex 81.4689 -24.2436 3
      vertex 81.0326 -24.639 3
    endloop
  endfacet
  facet normal 0.146746 0.989174 -0
    outer loop
      vertex 76.6381 -25.9721 3
      vertex 76.0557 -25.8857 7.81695
      vertex 76.6381 -25.9721 8.09671
    endloop
  endfacet
  facet normal 0.146746 0.989174 0
    outer loop
      vertex 76.0557 -25.8857 7.81695
      vertex 76.6381 -25.9721 3
      vertex 76.0557 -25.8857 3
    endloop
  endfacet
  facet normal -0.857688 -0.514171 0
    outer loop
      vertex 82.5178 -17.1726 3
      vertex 82.215 -16.6675 12.1341
      vertex 82.215 -16.6675 3
    endloop
  endfacet
  facet normal -0.857651 -0.514233 4.62305e-06
    outer loop
      vertex 82.215 -16.6675 12.1341
      vertex 82.5178 -17.1726 3
      vertex 82.3014 -16.8116 12.158
    endloop
  endfacet
  facet normal -0.857702 -0.514146 0
    outer loop
      vertex 82.3014 -16.8116 12.158
      vertex 82.5178 -17.1726 3
      vertex 82.5178 -17.1726 12.2178
    endloop
  endfacet
  facet normal -0.970063 0.242855 0
    outer loop
      vertex 82.9679 -21.7427 11.8245
      vertex 83.1109 -21.1715 3
      vertex 82.9679 -21.7427 3
    endloop
  endfacet
  facet normal -0.970063 0.242855 0
    outer loop
      vertex 83.1109 -21.1715 3
      vertex 82.9679 -21.7427 11.8245
      vertex 83.1109 -21.1715 11.9761
    endloop
  endfacet
  facet normal 0.0490821 0.998795 -0
    outer loop
      vertex 77.2262 -26.001 3
      vertex 76.6381 -25.9721 8.09671
      vertex 77.2262 -26.001 8.38575
    endloop
  endfacet
  facet normal 0.0490821 0.998795 0
    outer loop
      vertex 76.6381 -25.9721 8.09671
      vertex 77.2262 -26.001 3
      vertex 76.6381 -25.9721 3
    endloop
  endfacet
  facet normal 0.740984 -0.671522 0
    outer loop
      vertex 72.5882 -16.1946 7.37858
      vertex 72.9836 -15.7583 3
      vertex 72.9836 -15.7583 7.63693
    endloop
  endfacet
  facet normal 0.740984 -0.671522 0
    outer loop
      vertex 72.9836 -15.7583 3
      vertex 72.5882 -16.1946 7.37858
      vertex 72.5882 -16.1946 3
    endloop
  endfacet
  facet normal -0.427453 -0.904037 1.59767e-06
    outer loop
      vertex 80.0546 -14.7094 3
      vertex 79.6879 -14.536 11.1409
      vertex 79.5223 -14.4577 11.0676
    endloop
  endfacet
  facet normal -0.427473 -0.904028 0
    outer loop
      vertex 80.0546 -14.7094 3
      vertex 79.5223 -14.4577 11.0676
      vertex 79.5223 -14.4577 3
    endloop
  endfacet
  facet normal -0.427482 -0.904024 0
    outer loop
      vertex 79.6879 -14.536 11.1409
      vertex 80.0546 -14.7094 3
      vertex 80.0546 -14.7094 11.3031
    endloop
  endfacet
  facet normal -0.998795 -0.0490738 -0
    outer loop
      vertex 83.2262 -20.001 12.1933
      vertex 83.1973 -19.4128 3
      vertex 83.2262 -20.001 3
    endloop
  endfacet
  facet normal -0.998795 -0.0490738 0
    outer loop
      vertex 83.1973 -19.4128 3
      vertex 83.2262 -20.001 12.1933
      vertex 83.1973 -19.4128 12.2567
    endloop
  endfacet
  facet normal 0.970023 -0.243015 0
    outer loop
      vertex 71.3415 -18.8304 6.4017
      vertex 71.4846 -18.2592 3
      vertex 71.4846 -18.2592 6.54134
    endloop
  endfacet
  facet normal 0.970023 -0.243015 0
    outer loop
      vertex 71.4846 -18.2592 3
      vertex 71.3415 -18.8304 6.4017
      vertex 71.3415 -18.8304 3
    endloop
  endfacet
  facet normal -0.803229 0.59567 0
    outer loop
      vertex 81.8643 -23.8073 10.9846
      vertex 82.215 -23.3344 3
      vertex 81.8643 -23.8073 3
    endloop
  endfacet
  facet normal -0.803229 0.59567 0
    outer loop
      vertex 82.215 -23.3344 3
      vertex 81.8643 -23.8073 10.9846
      vertex 82.215 -23.3344 11.227
    endloop
  endfacet
  facet normal -0.803229 -0.59567 0
    outer loop
      vertex 82.215 -16.6675 3
      vertex 81.8643 -16.1946 12.0205
      vertex 81.8643 -16.1946 3
    endloop
  endfacet
  facet normal -0.803229 -0.59567 0
    outer loop
      vertex 81.8643 -16.1946 12.0205
      vertex 82.215 -16.6675 3
      vertex 82.215 -16.6675 12.1341
    endloop
  endfacet
  facet normal 0.998795 -0.0490738 0
    outer loop
      vertex 71.2262 -20.001 6.19721
      vertex 71.2551 -19.4128 3
      vertex 71.2551 -19.4128 6.28662
    endloop
  endfacet
  facet normal 0.998795 -0.0490738 0
    outer loop
      vertex 71.2551 -19.4128 3
      vertex 71.2262 -20.001 6.19721
      vertex 71.2262 -20.001 3
    endloop
  endfacet
  facet normal 0.740984 0.671522 -0
    outer loop
      vertex 72.9836 -24.2436 3
      vertex 72.5882 -23.8073 6.36055
      vertex 72.9836 -24.2436 6.49214
    endloop
  endfacet
  facet normal 0.740984 0.671522 0
    outer loop
      vertex 72.5882 -23.8073 6.36055
      vertex 72.9836 -24.2436 3
      vertex 72.5882 -23.8073 3
    endloop
  endfacet
  facet normal 0.803148 -0.59578 0
    outer loop
      vertex 72.2374 -16.6675 7.13642
      vertex 72.5882 -16.1946 3
      vertex 72.5882 -16.1946 7.37858
    endloop
  endfacet
  facet normal 0.803148 -0.59578 0
    outer loop
      vertex 72.5882 -16.1946 3
      vertex 72.2374 -16.6675 7.13642
      vertex 72.2374 -16.6675 3
    endloop
  endfacet
  facet normal 0.514046 0.857763 -0
    outer loop
      vertex 74.3979 -25.2925 3
      vertex 73.8928 -24.9898 6.84274
      vertex 74.3979 -25.2925 7.0597
    endloop
  endfacet
  facet normal 0.514046 0.857763 0
    outer loop
      vertex 73.8928 -24.9898 6.84274
      vertex 74.3979 -25.2925 3
      vertex 73.8928 -24.9898 3
    endloop
  endfacet
  facet normal -0.970053 -0.242895 0
    outer loop
      vertex 82.9679 -18.2592 3
      vertex 83.0156 -18.4497 12.2897
      vertex 82.9679 -18.2592 12.2929
    endloop
  endfacet
  facet normal -0.970063 -0.242855 8.66539e-07
    outer loop
      vertex 83.1109 -18.8304 3
      vertex 83.0156 -18.4497 12.2897
      vertex 82.9679 -18.2592 3
    endloop
  endfacet
  facet normal -0.970068 -0.242835 0
    outer loop
      vertex 83.0156 -18.4497 12.2897
      vertex 83.1109 -18.8304 3
      vertex 83.1109 -18.8304 12.2891
    endloop
  endfacet
  facet normal -0.336939 0.941527 0
    outer loop
      vertex 79.5223 -25.5442 3
      vertex 78.9679 -25.7426 9.28044
      vertex 79.5223 -25.5442 9.57828
    endloop
  endfacet
  facet normal -0.336939 0.941527 0
    outer loop
      vertex 78.9679 -25.7426 9.28044
      vertex 79.5223 -25.5442 3
      vertex 78.9679 -25.7426 3
    endloop
  endfacet
  facet normal 0.671522 -0.740984 0
    outer loop
      vertex 73.4199 -15.3629 3
      vertex 72.9836 -15.7583 7.63693
      vertex 72.9836 -15.7583 3
    endloop
  endfacet
  facet normal 0.671522 -0.740984 0
    outer loop
      vertex 72.9836 -15.7583 7.63693
      vertex 73.4199 -15.3629 3
      vertex 73.4199 -15.3629 7.909
    endloop
  endfacet
  facet normal -0.671522 -0.740984 0
    outer loop
      vertex 81.4689 -15.7583 3
      vertex 81.0326 -15.3629 11.7084
      vertex 81.0326 -15.3629 3
    endloop
  endfacet
  facet normal -0.671522 -0.740984 0
    outer loop
      vertex 81.0326 -15.3629 11.7084
      vertex 81.4689 -15.7583 3
      vertex 81.4689 -15.7583 11.8781
    endloop
  endfacet
  facet normal 0.857763 0.514046 -0
    outer loop
      vertex 72.2374 -23.3344 3
      vertex 71.9347 -22.8293 6.17326
      vertex 72.2374 -23.3344 6.25392
    endloop
  endfacet
  facet normal 0.857763 0.514046 0
    outer loop
      vertex 71.9347 -22.8293 6.17326
      vertex 72.2374 -23.3344 3
      vertex 71.9347 -22.8293 3
    endloop
  endfacet
  facet normal 0.67042 0.741981 -1.96196e-06
    outer loop
      vertex 73.4199 -24.639 3
      vertex 73.3804 -24.6033 6.63338
      vertex 73.4001 -24.6211 6.6404
    endloop
  endfacet
  facet normal 0.671118 0.741351 -0
    outer loop
      vertex 73.4199 -24.639 3
      vertex 73.4104 -24.6304 6.6442
      vertex 73.4199 -24.639 6.6477
    endloop
  endfacet
  facet normal 0.670159 0.742217 -4.54362e-06
    outer loop
      vertex 73.4199 -24.639 3
      vertex 73.4001 -24.6211 6.6404
      vertex 73.4104 -24.6304 6.6442
    endloop
  endfacet
  facet normal 0.671618 0.740898 2.17001e-05
    outer loop
      vertex 73.3804 -24.6033 6.63338
      vertex 73.4199 -24.639 3
      vertex 72.9836 -24.2436 6.49214
    endloop
  endfacet
  facet normal 0.671522 0.740984 0
    outer loop
      vertex 72.9836 -24.2436 6.49214
      vertex 73.4199 -24.639 3
      vertex 72.9836 -24.2436 3
    endloop
  endfacet
  facet normal 0.803148 0.59578 -0
    outer loop
      vertex 72.5882 -23.8073 3
      vertex 72.2374 -23.3344 6.25392
      vertex 72.5882 -23.8073 6.36055
    endloop
  endfacet
  facet normal 0.803148 0.59578 0
    outer loop
      vertex 72.2374 -23.3344 6.25392
      vertex 72.5882 -23.8073 3
      vertex 72.2374 -23.3344 3
    endloop
  endfacet
  facet normal -0.514121 -0.857718 0
    outer loop
      vertex 80.5596 -15.0121 3
      vertex 80.0546 -14.7094 11.3031
      vertex 80.0546 -14.7094 3
    endloop
  endfacet
  facet normal -0.514121 -0.857718 0
    outer loop
      vertex 80.0546 -14.7094 11.3031
      vertex 80.5596 -15.0121 3
      vertex 80.5596 -15.0121 11.5163
    endloop
  endfacet
  facet normal 0.427539 0.903997 -0
    outer loop
      vertex 74.9301 -25.5442 3
      vertex 74.3979 -25.2925 7.0597
      vertex 74.9301 -25.5442 7.29594
    endloop
  endfacet
  facet normal 0.427539 0.903997 0
    outer loop
      vertex 74.3979 -25.2925 7.0597
      vertex 74.9301 -25.5442 3
      vertex 74.3979 -25.2925 3
    endloop
  endfacet
  facet normal -0.740984 -0.671522 0
    outer loop
      vertex 81.8643 -16.1946 3
      vertex 81.4689 -15.7583 11.8781
      vertex 81.4689 -15.7583 3
    endloop
  endfacet
  facet normal -0.740984 -0.671522 0
    outer loop
      vertex 81.4689 -15.7583 11.8781
      vertex 81.8643 -16.1946 3
      vertex 81.8643 -16.1946 12.0205
    endloop
  endfacet
  facet normal 0.336939 0.941527 -0
    outer loop
      vertex 75.4845 -25.7426 3
      vertex 74.9301 -25.5442 7.29594
      vertex 75.4845 -25.7426 7.54917
    endloop
  endfacet
  facet normal 0.336939 0.941527 0
    outer loop
      vertex 74.9301 -25.5442 7.29594
      vertex 75.4845 -25.7426 3
      vertex 74.9301 -25.5442 3
    endloop
  endfacet
  facet normal 0.243015 0.970023 -0
    outer loop
      vertex 76.0557 -25.8857 3
      vertex 75.4845 -25.7426 7.54917
      vertex 76.0557 -25.8857 7.81695
    endloop
  endfacet
  facet normal 0.243015 0.970023 0
    outer loop
      vertex 75.4845 -25.7426 7.54917
      vertex 76.0557 -25.8857 3
      vertex 75.4845 -25.7426 3
    endloop
  endfacet
  facet normal 0.903997 0.427539 -0
    outer loop
      vertex 71.9347 -22.8293 3
      vertex 71.683 -22.2971 6.11937
      vertex 71.9347 -22.8293 6.17326
    endloop
  endfacet
  facet normal 0.903997 0.427539 0
    outer loop
      vertex 71.683 -22.2971 6.11937
      vertex 71.9347 -22.8293 3
      vertex 71.683 -22.2971 3
    endloop
  endfacet
  facet normal -0.427473 0.904028 0
    outer loop
      vertex 80.0546 -25.2925 3
      vertex 79.5223 -25.5442 9.57828
      vertex 80.0546 -25.2925 9.87114
    endloop
  endfacet
  facet normal -0.427473 0.904028 0
    outer loop
      vertex 79.5223 -25.5442 9.57828
      vertex 80.0546 -25.2925 3
      vertex 79.5223 -25.5442 3
    endloop
  endfacet
  facet normal -0.989174 -0.146746 -0
    outer loop
      vertex 83.1973 -19.4128 12.2567
      vertex 83.1109 -18.8304 3
      vertex 83.1973 -19.4128 3
    endloop
  endfacet
  facet normal -0.989174 -0.146746 0
    outer loop
      vertex 83.1109 -18.8304 3
      vertex 83.1973 -19.4128 12.2567
      vertex 83.1109 -18.8304 12.2891
    endloop
  endfacet
  facet normal -0.857688 0.514171 0
    outer loop
      vertex 82.215 -23.3344 11.227
      vertex 82.5178 -22.8293 3
      vertex 82.215 -23.3344 3
    endloop
  endfacet
  facet normal -0.857688 0.514171 0
    outer loop
      vertex 82.5178 -22.8293 3
      vertex 82.215 -23.3344 11.227
      vertex 82.5178 -22.8293 11.4478
    endloop
  endfacet
  facet normal 0.427539 -0.903997 0
    outer loop
      vertex 74.9301 -14.4577 3
      vertex 74.3979 -14.7094 8.48368
      vertex 74.3979 -14.7094 3
    endloop
  endfacet
  facet normal 0.427539 -0.903997 0
    outer loop
      vertex 74.3979 -14.7094 8.48368
      vertex 74.9301 -14.4577 3
      vertex 74.9301 -14.4577 8.78075
    endloop
  endfacet
  facet normal 0.904028 -0.427473 0
    outer loop
      vertex 71.683 -17.7049 6.70984
      vertex 71.9347 -17.1726 3
      vertex 71.9347 -17.1726 6.91279
    endloop
  endfacet
  facet normal 0.904028 -0.427473 0
    outer loop
      vertex 71.9347 -17.1726 3
      vertex 71.683 -17.7049 6.70984
      vertex 71.683 -17.7049 3
    endloop
  endfacet
  facet normal -0.336939 -0.941527 0
    outer loop
      vertex 79.5223 -14.4577 3
      vertex 78.9679 -14.2593 10.8121
      vertex 78.9679 -14.2593 3
    endloop
  endfacet
  facet normal -0.336939 -0.941527 0
    outer loop
      vertex 78.9679 -14.2593 10.8121
      vertex 79.5223 -14.4577 3
      vertex 79.5223 -14.4577 11.0676
    endloop
  endfacet
  facet normal -0.740984 0.671522 0
    outer loop
      vertex 81.4689 -24.2436 10.7229
      vertex 81.8643 -23.8073 3
      vertex 81.4689 -24.2436 3
    endloop
  endfacet
  facet normal -0.740984 0.671522 0
    outer loop
      vertex 81.8643 -23.8073 3
      vertex 81.4689 -24.2436 10.7229
      vertex 81.8643 -23.8073 10.9846
    endloop
  endfacet
  facet normal 0.146746 -0.989174 0
    outer loop
      vertex 76.6381 -14.0298 3
      vertex 76.0557 -14.1162 9.3801
      vertex 76.0557 -14.1162 3
    endloop
  endfacet
  facet normal 0.146746 -0.989174 0
    outer loop
      vertex 76.0557 -14.1162 9.3801
      vertex 76.6381 -14.0298 3
      vertex 76.6381 -14.0298 9.6766
    endloop
  endfacet
  facet normal 0.989174 0.146746 0
    outer loop
      vertex 71.3415 -21.1715 6.09858
      vertex 71.2551 -20.5891 3
      vertex 71.2551 -20.5891 6.13432
    endloop
  endfacet
  facet normal 0.989174 0.146746 0
    outer loop
      vertex 71.2551 -20.5891 3
      vertex 71.3415 -21.1715 6.09858
      vertex 71.3415 -21.1715 3
    endloop
  endfacet
  facet normal -0.243055 -0.970012 0
    outer loop
      vertex 78.9679 -14.2593 3
      vertex 78.3968 -14.1162 10.5389
      vertex 78.3968 -14.1162 3
    endloop
  endfacet
  facet normal -0.243055 -0.970012 0
    outer loop
      vertex 78.3968 -14.1162 10.5389
      vertex 78.9679 -14.2593 3
      vertex 78.9679 -14.2593 10.8121
    endloop
  endfacet
  facet normal -0.904028 -0.427473 0
    outer loop
      vertex 82.7695 -17.7049 3
      vertex 82.5178 -17.1726 12.2178
      vertex 82.5178 -17.1726 3
    endloop
  endfacet
  facet normal -0.904028 -0.427473 0
    outer loop
      vertex 82.5178 -17.1726 12.2178
      vertex 82.7695 -17.7049 3
      vertex 82.7695 -17.7049 12.2709
    endloop
  endfacet
  facet normal -0.941507 -0.336993 0
    outer loop
      vertex 82.9679 -18.2592 3
      vertex 82.7695 -17.7049 12.2709
      vertex 82.7695 -17.7049 3
    endloop
  endfacet
  facet normal -0.941507 -0.336993 0
    outer loop
      vertex 82.7695 -17.7049 12.2709
      vertex 82.9679 -18.2592 3
      vertex 82.9679 -18.2592 12.2929
    endloop
  endfacet
  facet normal -0.146721 -0.989178 0
    outer loop
      vertex 78.3968 -14.1162 3
      vertex 77.8143 -14.0298 10.2508
      vertex 77.8143 -14.0298 3
    endloop
  endfacet
  facet normal -0.146721 -0.989178 0
    outer loop
      vertex 77.8143 -14.0298 10.2508
      vertex 78.3968 -14.1162 3
      vertex 78.3968 -14.1162 10.5389
    endloop
  endfacet
  facet normal 0.336939 -0.941527 0
    outer loop
      vertex 75.4845 -14.2593 3
      vertex 74.9301 -14.4577 8.78075
      vertex 74.9301 -14.4577 3
    endloop
  endfacet
  facet normal 0.336976 -0.941513 4.0305e-06
    outer loop
      vertex 74.9301 -14.4577 8.78075
      vertex 75.4845 -14.2593 3
      vertex 75.3112 -14.3213 8.98681
    endloop
  endfacet
  facet normal 0.336853 -0.941557 0
    outer loop
      vertex 75.3112 -14.3213 8.98681
      vertex 75.4845 -14.2593 3
      vertex 75.4845 -14.2593 9.08052
    endloop
  endfacet
  facet normal 0.59578 -0.803148 0
    outer loop
      vertex 73.8928 -15.0121 3
      vertex 73.4199 -15.3629 7.909
      vertex 73.4199 -15.3629 3
    endloop
  endfacet
  facet normal 0.59578 -0.803148 0
    outer loop
      vertex 73.4199 -15.3629 7.909
      vertex 73.8928 -15.0121 3
      vertex 73.8928 -15.0121 8.19216
    endloop
  endfacet
  facet normal 0.989174 -0.146746 0
    outer loop
      vertex 71.2551 -19.4128 6.28662
      vertex 71.3415 -18.8304 3
      vertex 71.3415 -18.8304 6.4017
    endloop
  endfacet
  facet normal 0.989174 -0.146746 0
    outer loop
      vertex 71.3415 -18.8304 3
      vertex 71.2551 -19.4128 6.28662
      vertex 71.2551 -19.4128 3
    endloop
  endfacet
  facet normal 0.243015 -0.970023 0
    outer loop
      vertex 76.0557 -14.1162 3
      vertex 75.4845 -14.2593 9.08052
      vertex 75.4845 -14.2593 3
    endloop
  endfacet
  facet normal 0.243015 -0.970023 0
    outer loop
      vertex 75.4845 -14.2593 9.08052
      vertex 76.0557 -14.1162 3
      vertex 76.0557 -14.1162 9.3801
    endloop
  endfacet
  facet normal 0.514046 -0.857763 0
    outer loop
      vertex 74.3979 -14.7094 3
      vertex 73.8928 -15.0121 8.19216
      vertex 73.8928 -15.0121 3
    endloop
  endfacet
  facet normal 0.514046 -0.857763 0
    outer loop
      vertex 73.8928 -15.0121 8.19216
      vertex 74.3979 -14.7094 3
      vertex 74.3979 -14.7094 8.48368
    endloop
  endfacet
  facet normal -0.514121 0.857718 0
    outer loop
      vertex 80.5596 -24.9898 3
      vertex 80.0546 -25.2925 9.87114
      vertex 80.5596 -24.9898 10.1562
    endloop
  endfacet
  facet normal -0.514121 0.857718 0
    outer loop
      vertex 80.0546 -25.2925 9.87114
      vertex 80.5596 -24.9898 3
      vertex 80.0546 -25.2925 3
    endloop
  endfacet
  facet normal 0.857763 -0.514046 0
    outer loop
      vertex 71.9347 -17.1726 6.91279
      vertex 72.2374 -16.6675 3
      vertex 72.2374 -16.6675 7.13642
    endloop
  endfacet
  facet normal 0.857763 -0.514046 0
    outer loop
      vertex 72.2374 -16.6675 3
      vertex 71.9347 -17.1726 6.91279
      vertex 71.9347 -17.1726 3
    endloop
  endfacet
  facet normal -0.99881 0.0487657 0
    outer loop
      vertex 83.2262 -20.001 3
      vertex 83.2152 -20.2263 12.1573
      vertex 83.2262 -20.001 12.1933
    endloop
  endfacet
  facet normal -0.998795 0.0490821 0
    outer loop
      vertex 83.1973 -20.5891 12.0995
      vertex 83.2262 -20.001 3
      vertex 83.1973 -20.5891 3
    endloop
  endfacet
  facet normal -0.998785 0.0492765 1.25983e-05
    outer loop
      vertex 83.2262 -20.001 3
      vertex 83.1973 -20.5891 12.0995
      vertex 83.2152 -20.2263 12.1573
    endloop
  endfacet
  facet normal 0.941527 0.336939 -0
    outer loop
      vertex 71.683 -22.2971 3
      vertex 71.4846 -21.7427 6.09276
      vertex 71.683 -22.2971 6.11937
    endloop
  endfacet
  facet normal 0.941527 0.336939 0
    outer loop
      vertex 71.4846 -21.7427 6.09276
      vertex 71.683 -22.2971 3
      vertex 71.4846 -21.7427 3
    endloop
  endfacet
  facet normal -0.0489126 -0.998803 0
    outer loop
      vertex 77.8143 -14.0298 3
      vertex 77.2262 -14.001 9.96716
      vertex 77.2262 -14.001 3
    endloop
  endfacet
  facet normal -0.0489236 -0.998803 -9.24109e-07
    outer loop
      vertex 77.2262 -14.001 9.96716
      vertex 77.8143 -14.0298 3
      vertex 77.757 -14.027 10.2215
    endloop
  endfacet
  facet normal -0.0488074 -0.998808 0
    outer loop
      vertex 77.757 -14.027 10.2215
      vertex 77.8143 -14.0298 3
      vertex 77.8143 -14.0298 10.2508
    endloop
  endfacet
  facet normal 0.0489126 -0.998803 0
    outer loop
      vertex 77.2262 -14.001 3
      vertex 76.6381 -14.0298 9.6766
      vertex 76.6381 -14.0298 3
    endloop
  endfacet
  facet normal 0.0489126 -0.998803 0
    outer loop
      vertex 76.6381 -14.0298 9.6766
      vertex 77.2262 -14.001 3
      vertex 77.2262 -14.001 9.96716
    endloop
  endfacet
  facet normal -0.243035 0.970018 0
    outer loop
      vertex 78.9679 -25.7426 3
      vertex 78.4191 -25.8801 8.99219
      vertex 78.9679 -25.7426 9.28044
    endloop
  endfacet
  facet normal -0.243535 0.969892 -4.86843e-05
    outer loop
      vertex 78.4191 -25.8801 8.99219
      vertex 78.9679 -25.7426 3
      vertex 78.3968 -25.8857 8.98048
    endloop
  endfacet
  facet normal -0.243055 0.970012 0
    outer loop
      vertex 78.3968 -25.8857 8.98048
      vertex 78.9679 -25.7426 3
      vertex 78.3968 -25.8857 3
    endloop
  endfacet
  facet normal 0.595751 0.803169 -0
    outer loop
      vertex 73.8928 -24.9898 3
      vertex 73.4413 -24.6549 6.65598
      vertex 73.8928 -24.9898 6.84274
    endloop
  endfacet
  facet normal 0.596364 0.802714 0.000117406
    outer loop
      vertex 73.8928 -24.9898 3
      vertex 73.4199 -24.639 6.6477
      vertex 73.4413 -24.6549 6.65598
    endloop
  endfacet
  facet normal 0.59578 0.803148 0
    outer loop
      vertex 73.4199 -24.639 6.6477
      vertex 73.8928 -24.9898 3
      vertex 73.4199 -24.639 3
    endloop
  endfacet
  facet normal -0.904087 0.427348 0
    outer loop
      vertex 82.7695 -22.2971 3
      vertex 82.7297 -22.3813 11.6138
      vertex 82.7695 -22.2971 11.646
    endloop
  endfacet
  facet normal -0.903997 0.427539 0
    outer loop
      vertex 82.5178 -22.8293 11.4478
      vertex 82.7695 -22.2971 3
      vertex 82.5178 -22.8293 3
    endloop
  endfacet
  facet normal -0.90398 0.427574 2.70287e-06
    outer loop
      vertex 82.7695 -22.2971 3
      vertex 82.5178 -22.8293 11.4478
      vertex 82.7297 -22.3813 11.6138
    endloop
  endfacet
  facet normal -0.989174 0.146746 0
    outer loop
      vertex 83.1109 -21.1715 11.9761
      vertex 83.1973 -20.5891 3
      vertex 83.1109 -21.1715 3
    endloop
  endfacet
  facet normal -0.989174 0.146746 0
    outer loop
      vertex 83.1973 -20.5891 3
      vertex 83.1109 -21.1715 11.9761
      vertex 83.1973 -20.5891 12.0995
    endloop
  endfacet
  facet normal 0.998795 0.0490821 0
    outer loop
      vertex 71.2551 -20.5891 6.13432
      vertex 71.2262 -20.001 3
      vertex 71.2262 -20.001 6.19721
    endloop
  endfacet
  facet normal 0.998795 0.0490821 0
    outer loop
      vertex 71.2262 -20.001 3
      vertex 71.2551 -20.5891 6.13432
      vertex 71.2551 -20.5891 3
    endloop
  endfacet
  facet normal -0.941527 0.336939 0
    outer loop
      vertex 82.7695 -22.2971 11.646
      vertex 82.9679 -21.7427 3
      vertex 82.7695 -22.2971 3
    endloop
  endfacet
  facet normal -0.941527 0.336939 0
    outer loop
      vertex 82.9679 -21.7427 3
      vertex 82.7695 -22.2971 11.646
      vertex 82.9679 -21.7427 11.8245
    endloop
  endfacet
  facet normal 0 0 1
    outer loop
      vertex 80.5262 -20.001 3
      vertex 83.2262 -20.001 3
      vertex 83.1973 -19.4128 3
    endloop
  endfacet
  facet normal 0 0 1
    outer loop
      vertex 80.5103 -19.6775 3
      vertex 83.1973 -19.4128 3
      vertex 83.1109 -18.8304 3
    endloop
  endfacet
  facet normal 0 0 1
    outer loop
      vertex 83.2262 -20.001 3
      vertex 80.5262 -20.001 3
      vertex 83.1973 -20.5891 3
    endloop
  endfacet
  facet normal 0 0 1
    outer loop
      vertex 80.4628 -19.3572 3
      vertex 83.1109 -18.8304 3
      vertex 82.9679 -18.2592 3
    endloop
  endfacet
  facet normal -0 0 1
    outer loop
      vertex 80.5103 -20.3244 3
      vertex 83.1973 -20.5891 3
      vertex 80.5262 -20.001 3
    endloop
  endfacet
  facet normal 0 0 1
    outer loop
      vertex 80.3841 -19.043 3
      vertex 82.9679 -18.2592 3
      vertex 82.7695 -17.7049 3
    endloop
  endfacet
  facet normal 0 0 1
    outer loop
      vertex 83.1973 -20.5891 3
      vertex 80.5103 -20.3244 3
      vertex 83.1109 -21.1715 3
    endloop
  endfacet
  facet normal 0 0 1
    outer loop
      vertex 80.275 -18.7381 3
      vertex 82.7695 -17.7049 3
      vertex 82.5178 -17.1726 3
    endloop
  endfacet
  facet normal -0 0 1
    outer loop
      vertex 80.4628 -20.6448 3
      vertex 83.1109 -21.1715 3
      vertex 80.5103 -20.3244 3
    endloop
  endfacet
  facet normal 0 0 1
    outer loop
      vertex 80.1366 -18.4453 3
      vertex 82.5178 -17.1726 3
      vertex 82.215 -16.6675 3
    endloop
  endfacet
  facet normal 0 0 1
    outer loop
      vertex 83.1109 -21.1715 3
      vertex 80.4628 -20.6448 3
      vertex 82.9679 -21.7427 3
    endloop
  endfacet
  facet normal 0 0 1
    outer loop
      vertex 79.9701 -18.1676 3
      vertex 82.215 -16.6675 3
      vertex 81.8643 -16.1946 3
    endloop
  endfacet
  facet normal -0 0 1
    outer loop
      vertex 80.3841 -20.9589 3
      vertex 82.9679 -21.7427 3
      vertex 80.4628 -20.6448 3
    endloop
  endfacet
  facet normal 0 0 1
    outer loop
      vertex 79.7772 -17.9075 3
      vertex 81.8643 -16.1946 3
      vertex 81.4689 -15.7583 3
    endloop
  endfacet
  facet normal 0 0 1
    outer loop
      vertex 82.9679 -21.7427 3
      vertex 80.3841 -20.9589 3
      vertex 82.7695 -22.2971 3
    endloop
  endfacet
  facet normal 0 0 1
    outer loop
      vertex 79.5597 -17.6675 3
      vertex 81.4689 -15.7583 3
      vertex 81.0326 -15.3629 3
    endloop
  endfacet
  facet normal -0 0 1
    outer loop
      vertex 80.275 -21.2638 3
      vertex 82.7695 -22.2971 3
      vertex 80.3841 -20.9589 3
    endloop
  endfacet
  facet normal 0 0 1
    outer loop
      vertex 79.3197 -17.45 3
      vertex 81.0326 -15.3629 3
      vertex 80.5596 -15.0121 3
    endloop
  endfacet
  facet normal 0 0 1
    outer loop
      vertex 82.7695 -22.2971 3
      vertex 80.275 -21.2638 3
      vertex 82.5178 -22.8293 3
    endloop
  endfacet
  facet normal -0 0 1
    outer loop
      vertex 80.1366 -21.5566 3
      vertex 82.5178 -22.8293 3
      vertex 80.275 -21.2638 3
    endloop
  endfacet
  facet normal 0 0 1
    outer loop
      vertex 83.1973 -19.4128 3
      vertex 80.5103 -19.6775 3
      vertex 80.5262 -20.001 3
    endloop
  endfacet
  facet normal 0 0 1
    outer loop
      vertex 83.1109 -18.8304 3
      vertex 80.4628 -19.3572 3
      vertex 80.5103 -19.6775 3
    endloop
  endfacet
  facet normal 0 0 1
    outer loop
      vertex 82.9679 -18.2592 3
      vertex 80.3841 -19.043 3
      vertex 80.4628 -19.3572 3
    endloop
  endfacet
  facet normal 0 0 1
    outer loop
      vertex 82.7695 -17.7049 3
      vertex 80.275 -18.7381 3
      vertex 80.3841 -19.043 3
    endloop
  endfacet
  facet normal 0 0 1
    outer loop
      vertex 82.5178 -17.1726 3
      vertex 80.1366 -18.4453 3
      vertex 80.275 -18.7381 3
    endloop
  endfacet
  facet normal 0 0 1
    outer loop
      vertex 79.0596 -17.2571 3
      vertex 80.5596 -15.0121 3
      vertex 80.0546 -14.7094 3
    endloop
  endfacet
  facet normal 0 0 1
    outer loop
      vertex 82.215 -16.6675 3
      vertex 79.9701 -18.1676 3
      vertex 80.1366 -18.4453 3
    endloop
  endfacet
  facet normal 0 0 1
    outer loop
      vertex 81.8643 -16.1946 3
      vertex 79.7772 -17.9075 3
      vertex 79.9701 -18.1676 3
    endloop
  endfacet
  facet normal 0 0 1
    outer loop
      vertex 81.4689 -15.7583 3
      vertex 79.5597 -17.6675 3
      vertex 79.7772 -17.9075 3
    endloop
  endfacet
  facet normal 0 0 1
    outer loop
      vertex 78.7818 -17.0906 3
      vertex 80.0546 -14.7094 3
      vertex 79.5223 -14.4577 3
    endloop
  endfacet
  facet normal 0 0 1
    outer loop
      vertex 81.0326 -15.3629 3
      vertex 79.3197 -17.45 3
      vertex 79.5597 -17.6675 3
    endloop
  endfacet
  facet normal 0 0 1
    outer loop
      vertex 80.5596 -15.0121 3
      vertex 79.0596 -17.2571 3
      vertex 79.3197 -17.45 3
    endloop
  endfacet
  facet normal 0 0 1
    outer loop
      vertex 78.4891 -16.9522 3
      vertex 79.5223 -14.4577 3
      vertex 78.9679 -14.2593 3
    endloop
  endfacet
  facet normal 0 0 1
    outer loop
      vertex 80.0546 -14.7094 3
      vertex 78.7818 -17.0906 3
      vertex 79.0596 -17.2571 3
    endloop
  endfacet
  facet normal 0 0 1
    outer loop
      vertex 79.5223 -14.4577 3
      vertex 78.4891 -16.9522 3
      vertex 78.7818 -17.0906 3
    endloop
  endfacet
  facet normal 0 0 1
    outer loop
      vertex 78.1842 -16.8431 3
      vertex 78.9679 -14.2593 3
      vertex 78.3968 -14.1162 3
    endloop
  endfacet
  facet normal 0 0 1
    outer loop
      vertex 78.9679 -14.2593 3
      vertex 78.1842 -16.8431 3
      vertex 78.4891 -16.9522 3
    endloop
  endfacet
  facet normal 0 0 1
    outer loop
      vertex 78.3968 -14.1162 3
      vertex 77.87 -16.7644 3
      vertex 78.1842 -16.8431 3
    endloop
  endfacet
  facet normal 0 0 1
    outer loop
      vertex 77.8143 -14.0298 3
      vertex 77.87 -16.7644 3
      vertex 78.3968 -14.1162 3
    endloop
  endfacet
  facet normal 0 0 1
    outer loop
      vertex 77.8143 -14.0298 3
      vertex 77.5497 -16.7168 3
      vertex 77.87 -16.7644 3
    endloop
  endfacet
  facet normal 0 0 1
    outer loop
      vertex 77.2262 -14.001 3
      vertex 77.5497 -16.7168 3
      vertex 77.8143 -14.0298 3
    endloop
  endfacet
  facet normal 0 0 1
    outer loop
      vertex 77.2262 -14.001 3
      vertex 77.2262 -16.701 3
      vertex 77.5497 -16.7168 3
    endloop
  endfacet
  facet normal 0 0 1
    outer loop
      vertex 77.2262 -14.001 3
      vertex 76.9028 -16.7168 3
      vertex 77.2262 -16.701 3
    endloop
  endfacet
  facet normal -0 0 1
    outer loop
      vertex 76.6381 -14.0298 3
      vertex 76.9028 -16.7168 3
      vertex 77.2262 -14.001 3
    endloop
  endfacet
  facet normal 0 0 1
    outer loop
      vertex 76.6381 -14.0298 3
      vertex 76.5824 -16.7644 3
      vertex 76.9028 -16.7168 3
    endloop
  endfacet
  facet normal -0 0 1
    outer loop
      vertex 76.0557 -14.1162 3
      vertex 76.5824 -16.7644 3
      vertex 76.6381 -14.0298 3
    endloop
  endfacet
  facet normal 0 0 1
    outer loop
      vertex 76.5824 -16.7644 3
      vertex 76.0557 -14.1162 3
      vertex 76.2683 -16.8431 3
    endloop
  endfacet
  facet normal -0 0 1
    outer loop
      vertex 75.4845 -14.2593 3
      vertex 76.2683 -16.8431 3
      vertex 76.0557 -14.1162 3
    endloop
  endfacet
  facet normal 0 0 1
    outer loop
      vertex 76.2683 -16.8431 3
      vertex 75.4845 -14.2593 3
      vertex 75.9634 -16.9522 3
    endloop
  endfacet
  facet normal -0 0 1
    outer loop
      vertex 74.9301 -14.4577 3
      vertex 75.9634 -16.9522 3
      vertex 75.4845 -14.2593 3
    endloop
  endfacet
  facet normal 0 0 1
    outer loop
      vertex 75.9634 -16.9522 3
      vertex 74.9301 -14.4577 3
      vertex 75.6706 -17.0906 3
    endloop
  endfacet
  facet normal -0 0 1
    outer loop
      vertex 74.3979 -14.7094 3
      vertex 75.6706 -17.0906 3
      vertex 74.9301 -14.4577 3
    endloop
  endfacet
  facet normal 0 0 1
    outer loop
      vertex 75.6706 -17.0906 3
      vertex 74.3979 -14.7094 3
      vertex 75.3928 -17.2571 3
    endloop
  endfacet
  facet normal -0 0 1
    outer loop
      vertex 73.8928 -15.0121 3
      vertex 75.3928 -17.2571 3
      vertex 74.3979 -14.7094 3
    endloop
  endfacet
  facet normal 0 0 1
    outer loop
      vertex 75.3928 -17.2571 3
      vertex 73.8928 -15.0121 3
      vertex 75.1327 -17.45 3
    endloop
  endfacet
  facet normal -0 0 1
    outer loop
      vertex 73.4199 -15.3629 3
      vertex 75.1327 -17.45 3
      vertex 73.8928 -15.0121 3
    endloop
  endfacet
  facet normal 0 0 1
    outer loop
      vertex 75.1327 -17.45 3
      vertex 73.4199 -15.3629 3
      vertex 74.8928 -17.6675 3
    endloop
  endfacet
  facet normal -0 0 1
    outer loop
      vertex 72.9836 -15.7583 3
      vertex 74.8928 -17.6675 3
      vertex 73.4199 -15.3629 3
    endloop
  endfacet
  facet normal 0 0 1
    outer loop
      vertex 74.8928 -17.6675 3
      vertex 72.9836 -15.7583 3
      vertex 74.6753 -17.9075 3
    endloop
  endfacet
  facet normal -0 0 1
    outer loop
      vertex 72.5882 -16.1946 3
      vertex 74.6753 -17.9075 3
      vertex 72.9836 -15.7583 3
    endloop
  endfacet
  facet normal 0 0 1
    outer loop
      vertex 74.6753 -17.9075 3
      vertex 72.5882 -16.1946 3
      vertex 74.4824 -18.1676 3
    endloop
  endfacet
  facet normal -0 0 1
    outer loop
      vertex 72.2374 -16.6675 3
      vertex 74.4824 -18.1676 3
      vertex 72.5882 -16.1946 3
    endloop
  endfacet
  facet normal -0 0 1
    outer loop
      vertex 71.9347 -17.1726 3
      vertex 74.3159 -18.4453 3
      vertex 72.2374 -16.6675 3
    endloop
  endfacet
  facet normal 0 0 1
    outer loop
      vertex 74.4824 -18.1676 3
      vertex 72.2374 -16.6675 3
      vertex 74.3159 -18.4453 3
    endloop
  endfacet
  facet normal 0 0 1
    outer loop
      vertex 82.5178 -22.8293 3
      vertex 80.1366 -21.5566 3
      vertex 82.215 -23.3344 3
    endloop
  endfacet
  facet normal -0 0 1
    outer loop
      vertex 79.9701 -21.8343 3
      vertex 82.215 -23.3344 3
      vertex 80.1366 -21.5566 3
    endloop
  endfacet
  facet normal 0 0 1
    outer loop
      vertex 82.215 -23.3344 3
      vertex 79.9701 -21.8343 3
      vertex 81.8643 -23.8073 3
    endloop
  endfacet
  facet normal -0 0 1
    outer loop
      vertex 79.7772 -22.0944 3
      vertex 81.8643 -23.8073 3
      vertex 79.9701 -21.8343 3
    endloop
  endfacet
  facet normal 0 0 1
    outer loop
      vertex 81.8643 -23.8073 3
      vertex 79.7772 -22.0944 3
      vertex 81.4689 -24.2436 3
    endloop
  endfacet
  facet normal -0 0 1
    outer loop
      vertex 79.5597 -22.3344 3
      vertex 81.4689 -24.2436 3
      vertex 79.7772 -22.0944 3
    endloop
  endfacet
  facet normal 0 0 1
    outer loop
      vertex 81.4689 -24.2436 3
      vertex 79.5597 -22.3344 3
      vertex 81.0326 -24.639 3
    endloop
  endfacet
  facet normal -0 0 1
    outer loop
      vertex 79.3197 -22.5519 3
      vertex 81.0326 -24.639 3
      vertex 79.5597 -22.3344 3
    endloop
  endfacet
  facet normal 0 0 1
    outer loop
      vertex 81.0326 -24.639 3
      vertex 79.3197 -22.5519 3
      vertex 80.5596 -24.9898 3
    endloop
  endfacet
  facet normal -0 0 1
    outer loop
      vertex 79.0596 -22.7448 3
      vertex 80.5596 -24.9898 3
      vertex 79.3197 -22.5519 3
    endloop
  endfacet
  facet normal 0 0 1
    outer loop
      vertex 80.5596 -24.9898 3
      vertex 79.0596 -22.7448 3
      vertex 80.0546 -25.2925 3
    endloop
  endfacet
  facet normal -0 0 1
    outer loop
      vertex 78.7818 -22.9113 3
      vertex 80.0546 -25.2925 3
      vertex 79.0596 -22.7448 3
    endloop
  endfacet
  facet normal 0 0 1
    outer loop
      vertex 80.0546 -25.2925 3
      vertex 78.7818 -22.9113 3
      vertex 79.5223 -25.5442 3
    endloop
  endfacet
  facet normal -0 0 1
    outer loop
      vertex 78.4891 -23.0498 3
      vertex 79.5223 -25.5442 3
      vertex 78.7818 -22.9113 3
    endloop
  endfacet
  facet normal 0 0 1
    outer loop
      vertex 79.5223 -25.5442 3
      vertex 78.4891 -23.0498 3
      vertex 78.9679 -25.7426 3
    endloop
  endfacet
  facet normal -0 0 1
    outer loop
      vertex 78.1842 -23.1589 3
      vertex 78.9679 -25.7426 3
      vertex 78.4891 -23.0498 3
    endloop
  endfacet
  facet normal 0 0 1
    outer loop
      vertex 78.9679 -25.7426 3
      vertex 78.1842 -23.1589 3
      vertex 78.3968 -25.8857 3
    endloop
  endfacet
  facet normal -0 0 1
    outer loop
      vertex 77.87 -23.2375 3
      vertex 78.3968 -25.8857 3
      vertex 78.1842 -23.1589 3
    endloop
  endfacet
  facet normal 0 0 1
    outer loop
      vertex 77.87 -23.2375 3
      vertex 77.8143 -25.9721 3
      vertex 78.3968 -25.8857 3
    endloop
  endfacet
  facet normal -0 0 1
    outer loop
      vertex 77.5497 -23.2851 3
      vertex 77.8143 -25.9721 3
      vertex 77.87 -23.2375 3
    endloop
  endfacet
  facet normal -0 0 1
    outer loop
      vertex 77.2262 -23.301 3
      vertex 77.8143 -25.9721 3
      vertex 77.5497 -23.2851 3
    endloop
  endfacet
  facet normal 0 0 1
    outer loop
      vertex 77.2262 -23.301 3
      vertex 77.2262 -26.001 3
      vertex 77.8143 -25.9721 3
    endloop
  endfacet
  facet normal 0 0 1
    outer loop
      vertex 76.9028 -23.2851 3
      vertex 77.2262 -26.001 3
      vertex 77.2262 -23.301 3
    endloop
  endfacet
  facet normal 0 0 1
    outer loop
      vertex 76.9028 -23.2851 3
      vertex 76.6381 -25.9721 3
      vertex 77.2262 -26.001 3
    endloop
  endfacet
  facet normal 0 0 1
    outer loop
      vertex 76.5824 -23.2375 3
      vertex 76.6381 -25.9721 3
      vertex 76.9028 -23.2851 3
    endloop
  endfacet
  facet normal 0 0 1
    outer loop
      vertex 76.0557 -25.8857 3
      vertex 76.5824 -23.2375 3
      vertex 76.2683 -23.1589 3
    endloop
  endfacet
  facet normal 0 0 1
    outer loop
      vertex 76.5824 -23.2375 3
      vertex 76.0557 -25.8857 3
      vertex 76.6381 -25.9721 3
    endloop
  endfacet
  facet normal 0 0 1
    outer loop
      vertex 75.4845 -25.7426 3
      vertex 76.2683 -23.1589 3
      vertex 75.9634 -23.0498 3
    endloop
  endfacet
  facet normal 0 0 1
    outer loop
      vertex 74.9301 -25.5442 3
      vertex 75.9634 -23.0498 3
      vertex 75.6706 -22.9113 3
    endloop
  endfacet
  facet normal 0 0 1
    outer loop
      vertex 76.2683 -23.1589 3
      vertex 75.4845 -25.7426 3
      vertex 76.0557 -25.8857 3
    endloop
  endfacet
  facet normal 0 0 1
    outer loop
      vertex 74.3979 -25.2925 3
      vertex 75.6706 -22.9113 3
      vertex 75.3928 -22.7448 3
    endloop
  endfacet
  facet normal 0 0 1
    outer loop
      vertex 73.8928 -24.9898 3
      vertex 75.3928 -22.7448 3
      vertex 75.1327 -22.5519 3
    endloop
  endfacet
  facet normal 0 0 1
    outer loop
      vertex 75.9634 -23.0498 3
      vertex 74.9301 -25.5442 3
      vertex 75.4845 -25.7426 3
    endloop
  endfacet
  facet normal 0 0 1
    outer loop
      vertex 73.4199 -24.639 3
      vertex 75.1327 -22.5519 3
      vertex 74.8928 -22.3344 3
    endloop
  endfacet
  facet normal 0 0 1
    outer loop
      vertex 72.9836 -24.2436 3
      vertex 74.8928 -22.3344 3
      vertex 74.6753 -22.0944 3
    endloop
  endfacet
  facet normal 0 0 1
    outer loop
      vertex 72.5882 -23.8073 3
      vertex 74.6753 -22.0944 3
      vertex 74.4824 -21.8343 3
    endloop
  endfacet
  facet normal 0 0 1
    outer loop
      vertex 75.6706 -22.9113 3
      vertex 74.3979 -25.2925 3
      vertex 74.9301 -25.5442 3
    endloop
  endfacet
  facet normal 0 0 1
    outer loop
      vertex 72.2374 -23.3344 3
      vertex 74.4824 -21.8343 3
      vertex 74.3159 -21.5566 3
    endloop
  endfacet
  facet normal 0 0 1
    outer loop
      vertex 71.9347 -22.8293 3
      vertex 74.3159 -21.5566 3
      vertex 74.1774 -21.2638 3
    endloop
  endfacet
  facet normal 0 0 1
    outer loop
      vertex 71.683 -22.2971 3
      vertex 74.1774 -21.2638 3
      vertex 74.0683 -20.9589 3
    endloop
  endfacet
  facet normal 0 0 1
    outer loop
      vertex 71.4846 -21.7427 3
      vertex 74.0683 -20.9589 3
      vertex 73.9896 -20.6448 3
    endloop
  endfacet
  facet normal 0 0 1
    outer loop
      vertex 71.3415 -21.1715 3
      vertex 73.9896 -20.6448 3
      vertex 73.9421 -20.3244 3
    endloop
  endfacet
  facet normal 0 0 1
    outer loop
      vertex 75.3928 -22.7448 3
      vertex 73.8928 -24.9898 3
      vertex 74.3979 -25.2925 3
    endloop
  endfacet
  facet normal 0 0 1
    outer loop
      vertex 71.2551 -20.5891 3
      vertex 73.9421 -20.3244 3
      vertex 73.9262 -20.001 3
    endloop
  endfacet
  facet normal 0 0 1
    outer loop
      vertex 74.3159 -18.4453 3
      vertex 71.9347 -17.1726 3
      vertex 74.1774 -18.7381 3
    endloop
  endfacet
  facet normal -0 0 1
    outer loop
      vertex 71.683 -17.7049 3
      vertex 74.1774 -18.7381 3
      vertex 71.9347 -17.1726 3
    endloop
  endfacet
  facet normal 0 0 1
    outer loop
      vertex 75.1327 -22.5519 3
      vertex 73.4199 -24.639 3
      vertex 73.8928 -24.9898 3
    endloop
  endfacet
  facet normal 0 0 1
    outer loop
      vertex 74.1774 -18.7381 3
      vertex 71.683 -17.7049 3
      vertex 74.0683 -19.043 3
    endloop
  endfacet
  facet normal 0 0 1
    outer loop
      vertex 74.8928 -22.3344 3
      vertex 72.9836 -24.2436 3
      vertex 73.4199 -24.639 3
    endloop
  endfacet
  facet normal -0 0 1
    outer loop
      vertex 71.4846 -18.2592 3
      vertex 74.0683 -19.043 3
      vertex 71.683 -17.7049 3
    endloop
  endfacet
  facet normal 0 0 1
    outer loop
      vertex 74.6753 -22.0944 3
      vertex 72.5882 -23.8073 3
      vertex 72.9836 -24.2436 3
    endloop
  endfacet
  facet normal 0 0 1
    outer loop
      vertex 74.0683 -19.043 3
      vertex 71.4846 -18.2592 3
      vertex 73.9896 -19.3572 3
    endloop
  endfacet
  facet normal 0 0 1
    outer loop
      vertex 74.4824 -21.8343 3
      vertex 72.2374 -23.3344 3
      vertex 72.5882 -23.8073 3
    endloop
  endfacet
  facet normal -0 0 1
    outer loop
      vertex 71.3415 -18.8304 3
      vertex 73.9896 -19.3572 3
      vertex 71.4846 -18.2592 3
    endloop
  endfacet
  facet normal 0 0 1
    outer loop
      vertex 74.3159 -21.5566 3
      vertex 71.9347 -22.8293 3
      vertex 72.2374 -23.3344 3
    endloop
  endfacet
  facet normal 0 0 1
    outer loop
      vertex 73.9896 -19.3572 3
      vertex 71.3415 -18.8304 3
      vertex 73.9421 -19.6775 3
    endloop
  endfacet
  facet normal 0 0 1
    outer loop
      vertex 74.1774 -21.2638 3
      vertex 71.683 -22.2971 3
      vertex 71.9347 -22.8293 3
    endloop
  endfacet
  facet normal -0 0 1
    outer loop
      vertex 71.2551 -19.4128 3
      vertex 73.9421 -19.6775 3
      vertex 71.3415 -18.8304 3
    endloop
  endfacet
  facet normal 0 0 1
    outer loop
      vertex 74.0683 -20.9589 3
      vertex 71.4846 -21.7427 3
      vertex 71.683 -22.2971 3
    endloop
  endfacet
  facet normal 0 0 1
    outer loop
      vertex 73.9421 -19.6775 3
      vertex 71.2551 -19.4128 3
      vertex 73.9262 -20.001 3
    endloop
  endfacet
  facet normal 0 0 1
    outer loop
      vertex 73.9896 -20.6448 3
      vertex 71.3415 -21.1715 3
      vertex 71.4846 -21.7427 3
    endloop
  endfacet
  facet normal 0 0 1
    outer loop
      vertex 71.2262 -20.001 3
      vertex 73.9262 -20.001 3
      vertex 71.2551 -19.4128 3
    endloop
  endfacet
  facet normal 0 0 1
    outer loop
      vertex 73.9421 -20.3244 3
      vertex 71.2551 -20.5891 3
      vertex 71.3415 -21.1715 3
    endloop
  endfacet
  facet normal 0 0 1
    outer loop
      vertex 73.9262 -20.001 3
      vertex 71.2262 -20.001 3
      vertex 71.2551 -20.5891 3
    endloop
  endfacet
  facet normal -0.0490821 0.998795 0
    outer loop
      vertex 77.8143 -25.9721 3
      vertex 77.2262 -26.001 8.38575
      vertex 77.8143 -25.9721 8.68129
    endloop
  endfacet
  facet normal -0.0490821 0.998795 0
    outer loop
      vertex 77.2262 -26.001 8.38575
      vertex 77.8143 -25.9721 3
      vertex 77.2262 -26.001 3
    endloop
  endfacet
  facet normal -0.595712 0.803198 0
    outer loop
      vertex 81.0326 -24.639 3
      vertex 80.6722 -24.9063 10.2215
      vertex 81.0326 -24.639 10.4444
    endloop
  endfacet
  facet normal -0.595656 0.80324 4.39697e-06
    outer loop
      vertex 81.0326 -24.639 3
      vertex 80.5596 -24.9898 10.1562
      vertex 80.6722 -24.9063 10.2215
    endloop
  endfacet
  facet normal -0.595699 0.803208 0
    outer loop
      vertex 80.5596 -24.9898 10.1562
      vertex 81.0326 -24.639 3
      vertex 80.5596 -24.9898 3
    endloop
  endfacet
  facet normal 0.941459 -0.337129 0
    outer loop
      vertex 71.6237 -17.8705 6.65598
      vertex 71.683 -17.7049 3
      vertex 71.683 -17.7049 6.70984
    endloop
  endfacet
  facet normal 0.941878 -0.335955 5.99723e-05
    outer loop
      vertex 71.613 -17.9005 6.64684
      vertex 71.683 -17.7049 3
      vertex 71.6237 -17.8705 6.65598
    endloop
  endfacet
  facet normal 0.939301 -0.343093 -0.000372355
    outer loop
      vertex 71.6092 -17.9109 6.64368
      vertex 71.683 -17.7049 3
      vertex 71.613 -17.9005 6.64684
    endloop
  endfacet
  facet normal 0.942636 -0.333821 0.000219405
    outer loop
      vertex 71.6018 -17.9318 6.63753
      vertex 71.683 -17.7049 3
      vertex 71.6092 -17.9109 6.64368
    endloop
  endfacet
  facet normal 0.941495 -0.337027 -6.05536e-06
    outer loop
      vertex 71.4846 -18.2592 6.54134
      vertex 71.683 -17.7049 3
      vertex 71.6018 -17.9318 6.63753
    endloop
  endfacet
  facet normal 0.941507 -0.336993 0
    outer loop
      vertex 71.683 -17.7049 3
      vertex 71.4846 -18.2592 6.54134
      vertex 71.4846 -18.2592 3
    endloop
  endfacet
  facet normal 0.970007 0.243075 0
    outer loop
      vertex 71.4369 -21.5522 6.09306
      vertex 71.3415 -21.1715 3
      vertex 71.3415 -21.1715 6.09858
    endloop
  endfacet
  facet normal 0.970053 0.242895 -0
    outer loop
      vertex 71.4846 -21.7427 3
      vertex 71.4369 -21.5522 6.09306
      vertex 71.4846 -21.7427 6.09276
    endloop
  endfacet
  facet normal 0.970023 0.243015 -7.85679e-06
    outer loop
      vertex 71.4369 -21.5522 6.09306
      vertex 71.4846 -21.7427 3
      vertex 71.3415 -21.1715 3
    endloop
  endfacet
  facet normal -0.146721 0.989178 0
    outer loop
      vertex 78.3968 -25.8857 3
      vertex 77.8143 -25.9721 8.68129
      vertex 78.3968 -25.8857 8.98048
    endloop
  endfacet
  facet normal -0.146721 0.989178 0
    outer loop
      vertex 77.8143 -25.9721 8.68129
      vertex 78.3968 -25.8857 3
      vertex 77.8143 -25.9721 3
    endloop
  endfacet
  facet normal -0.258912 -0.965901 0
    outer loop
      vertex 65.1522 -87.9409 5.72205e-07
      vertex 65.7297 -88.0957 3.27485
      vertex 65.1522 -87.9409 3.00864
    endloop
  endfacet
  facet normal -0.258823 -0.965925 -1.67833e-05
    outer loop
      vertex 74.0739 -90.3315 5.72205e-07
      vertex 65.7297 -88.0957 3.27485
      vertex 65.1522 -87.9409 5.72205e-07
    endloop
  endfacet
  facet normal -0.258818 -0.965926 -2.55577e-06
    outer loop
      vertex 65.7297 -88.0957 3.27485
      vertex 74.0739 -90.3315 5.72205e-07
      vertex 72.5769 -89.9304 6.65598
    endloop
  endfacet
  facet normal -0.258807 -0.965929 0
    outer loop
      vertex 72.5769 -89.9304 6.65598
      vertex 74.0739 -90.3315 5.72205e-07
      vertex 74.0739 -90.3315 7.44568
    endloop
  endfacet
  facet normal -0.25881 -0.965928 0
    outer loop
      vertex 89.3003 -94.4114 5.72205e-07
      vertex 80.3785 -92.0209 10.8074
      vertex 80.3785 -92.0209 5.72205e-07
    endloop
  endfacet
  facet normal -0.258807 -0.965929 2.3298e-06
    outer loop
      vertex 80.3785 -92.0209 10.8074
      vertex 89.3003 -94.4114 5.72205e-07
      vertex 86.003 -93.5279 13.969
    endloop
  endfacet
  facet normal -0.258817 -0.965926 0
    outer loop
      vertex 86.003 -93.5279 13.969
      vertex 89.3003 -94.4114 5.72205e-07
      vertex 89.3003 -94.4114 15.9399
    endloop
  endfacet
  facet normal -0.965931 -0.258799 0
    outer loop
      vertex -90.3997 74.3285 5.72205e-07
      vertex -89.9304 72.5769 6.65598
      vertex -90.3997 74.3285 7.57995
    endloop
  endfacet
  facet normal -0.965927 -0.258816 -5.0561e-06
    outer loop
      vertex -90.3997 74.3285 5.72205e-07
      vertex -88.0957 65.7297 3.27485
      vertex -89.9304 72.5769 6.65598
    endloop
  endfacet
  facet normal -0.965925 -0.258821 -1.7172e-05
    outer loop
      vertex -87.9409 65.1522 5.72205e-07
      vertex -88.0957 65.7297 3.27485
      vertex -90.3997 74.3285 5.72205e-07
    endloop
  endfacet
  facet normal -0.965901 -0.258912 -0
    outer loop
      vertex -87.9409 65.1522 3.00864
      vertex -88.0957 65.7297 3.27485
      vertex -87.9409 65.1522 5.72205e-07
    endloop
  endfacet
  facet normal -0.965926 -0.258817 0
    outer loop
      vertex -94.4114 89.3003 5.72205e-07
      vertex -93.5279 86.003 13.969
      vertex -94.4114 89.3003 15.9399
    endloop
  endfacet
  facet normal -0.965925 -0.258821 -0
    outer loop
      vertex -91.9526 80.124 10.6644
      vertex -94.4114 89.3003 5.72205e-07
      vertex -91.9526 80.124 5.72205e-07
    endloop
  endfacet
  facet normal -0.965925 -0.258822 -1.45574e-06
    outer loop
      vertex -94.4114 89.3003 5.72205e-07
      vertex -91.9526 80.124 10.6644
      vertex -93.5279 86.003 13.969
    endloop
  endfacet
  facet normal 0.0599012 0.998204 3.80052e-07
    outer loop
      vertex -98.2658 80.5029 5.72205e-07
      vertex -97.426 80.4525 11.6638
      vertex -95.8579 80.3584 11.3625
    endloop
  endfacet
  facet normal 0.0599263 0.998203 -0
    outer loop
      vertex -91.9526 80.124 5.72205e-07
      vertex -94.8193 80.2961 11.1768
      vertex -91.9526 80.124 10.6644
    endloop
  endfacet
  facet normal 0.0599093 0.998204 -4.37257e-06
    outer loop
      vertex -98.2658 80.5029 5.72205e-07
      vertex -94.8193 80.2961 11.1768
      vertex -91.9526 80.124 5.72205e-07
    endloop
  endfacet
  facet normal 0.0598779 0.998206 5.34056e-06
    outer loop
      vertex -94.8193 80.2961 11.1768
      vertex -98.2658 80.5029 5.72205e-07
      vertex -95.8579 80.3584 11.3625
    endloop
  endfacet
  facet normal 0.0599065 0.998204 0
    outer loop
      vertex -97.426 80.4525 11.6638
      vertex -98.2658 80.5029 5.72205e-07
      vertex -98.2658 80.5029 11.8252
    endloop
  endfacet
  facet normal -0.965929 -0.258806 0
    outer loop
      vertex -98.2658 80.5029 5.72205e-07
      vertex -97.5009 77.6481 10.2215
      vertex -98.2658 80.5029 11.8252
    endloop
  endfacet
  facet normal -0.965925 -0.258821 -4.48249e-06
    outer loop
      vertex -98.2658 80.5029 5.72205e-07
      vertex -96.8819 75.338 9.00377
      vertex -97.5009 77.6481 10.2215
    endloop
  endfacet
  facet normal -0.965928 -0.258812 9.90593e-07
    outer loop
      vertex -95.6777 70.8437 5.72205e-07
      vertex -96.8819 75.338 9.00377
      vertex -98.2658 80.5029 5.72205e-07
    endloop
  endfacet
  facet normal -0.965926 -0.258817 3.63617e-06
    outer loop
      vertex -96.8819 75.338 9.00377
      vertex -95.6777 70.8437 5.72205e-07
      vertex -95.6885 70.8841 6.65598
    endloop
  endfacet
  facet normal -0.966076 -0.258258 0
    outer loop
      vertex -95.6885 70.8841 6.65598
      vertex -95.6777 70.8437 5.72205e-07
      vertex -95.6777 70.8437 6.63602
    endloop
  endfacet
  facet normal 0.550851 -0.834603 0
    outer loop
      vertex -95.6777 70.8437 5.72205e-07
      vertex -95.5524 70.9264 6.65598
      vertex -95.6777 70.8437 6.63602
    endloop
  endfacet
  facet normal 0.550985 -0.834515 -3.60499e-06
    outer loop
      vertex -95.6777 70.8437 5.72205e-07
      vertex -93.7461 72.119 6.96342
      vertex -95.5524 70.9264 6.65598
    endloop
  endfacet
  facet normal 0.550988 -0.834513 -4.6838e-06
    outer loop
      vertex -90.3997 74.3285 5.72205e-07
      vertex -93.7461 72.119 6.96342
      vertex -95.6777 70.8437 5.72205e-07
    endloop
  endfacet
  facet normal 0.551049 -0.834473 3.77602e-05
    outer loop
      vertex -93.7461 72.119 6.96342
      vertex -90.3997 74.3285 5.72205e-07
      vertex -93.4711 72.3006 7.01023
    endloop
  endfacet
  facet normal 0.550995 -0.834509 3.55201e-06
    outer loop
      vertex -93.4711 72.3006 7.01023
      vertex -90.3997 74.3285 5.72205e-07
      vertex -93.0911 72.5515 7.08071
    endloop
  endfacet
  facet normal 0.550988 -0.834513 0
    outer loop
      vertex -93.0911 72.5515 7.08071
      vertex -90.3997 74.3285 5.72205e-07
      vertex -90.3997 74.3285 7.57995
    endloop
  endfacet
  facet normal -0.834561 0.550915 0
    outer loop
      vertex 84.0085 -86.523 5.72205e-07
      vertex 83.7125 -86.9714 11.9156
      vertex 84.0085 -86.523 12.0187
    endloop
  endfacet
  facet normal -0.834504 0.551002 4.68959e-06
    outer loop
      vertex 84.0085 -86.523 5.72205e-07
      vertex 82.5382 -88.7499 11.5069
      vertex 83.7125 -86.9714 11.9156
    endloop
  endfacet
  facet normal -0.834535 0.550955 -8.21868e-06
    outer loop
      vertex 84.0085 -86.523 5.72205e-07
      vertex 81.8924 -89.7281 11.2977
      vertex 82.5382 -88.7499 11.5069
    endloop
  endfacet
  facet normal -0.834513 0.550989 5.4656e-06
    outer loop
      vertex 80.3785 -92.0209 5.72205e-07
      vertex 81.8924 -89.7281 11.2977
      vertex 84.0085 -86.523 5.72205e-07
    endloop
  endfacet
  facet normal -0.8345 0.551007 0
    outer loop
      vertex 81.8924 -89.7281 11.2977
      vertex 80.3785 -92.0209 5.72205e-07
      vertex 80.3785 -92.0209 10.8074
    endloop
  endfacet
  facet normal -0.258823 -0.965925 -3.52999e-07
    outer loop
      vertex 84.0085 -86.523 5.72205e-07
      vertex 78.9397 -85.1648 9.23608
      vertex 74.0452 -83.8533 6.65598
    endloop
  endfacet
  facet normal -0.258648 -0.965972 0
    outer loop
      vertex 73.6792 -83.7553 5.72205e-07
      vertex 74.0452 -83.8533 6.65598
      vertex 73.6792 -83.7553 6.47537
    endloop
  endfacet
  facet normal -0.258817 -0.965926 9.93019e-06
    outer loop
      vertex 84.0085 -86.523 5.72205e-07
      vertex 74.0452 -83.8533 6.65598
      vertex 73.6792 -83.7553 5.72205e-07
    endloop
  endfacet
  facet normal -0.258818 -0.965926 2.48025e-06
    outer loop
      vertex 78.9397 -85.1648 9.23608
      vertex 84.0085 -86.523 5.72205e-07
      vertex 80.8091 -85.6657 10.2215
    endloop
  endfacet
  facet normal -0.258853 -0.965917 -9.16759e-06
    outer loop
      vertex 80.8091 -85.6657 10.2215
      vertex 84.0085 -86.523 5.72205e-07
      vertex 82.8461 -86.2116 11.3657
    endloop
  endfacet
  facet normal -0.258769 -0.965939 0
    outer loop
      vertex 82.8461 -86.2116 11.3657
      vertex 84.0085 -86.523 5.72205e-07
      vertex 84.0085 -86.523 12.0187
    endloop
  endfacet
  facet normal 0.998203 0.0599304 0
    outer loop
      vertex 73.7606 -85.1111 6.65598
      vertex 73.6792 -83.7553 5.72205e-07
      vertex 73.6792 -83.7553 6.47537
    endloop
  endfacet
  facet normal 0.998205 0.0598836 -9.58412e-06
    outer loop
      vertex 73.8415 -86.4596 6.84786
      vertex 73.6792 -83.7553 5.72205e-07
      vertex 73.7606 -85.1111 6.65598
    endloop
  endfacet
  facet normal 0.99821 0.0598132 5.74034e-05
    outer loop
      vertex 74.0739 -90.3315 5.72205e-07
      vertex 73.8415 -86.4596 6.84786
      vertex 73.8538 -86.6649 6.87707
    endloop
  endfacet
  facet normal 0.998209 0.0598232 5.20626e-05
    outer loop
      vertex 74.0739 -90.3315 5.72205e-07
      vertex 73.8538 -86.6649 6.87707
      vertex 73.8708 -86.9486 6.92106
    endloop
  endfacet
  facet normal 0.998203 0.0599293 -0
    outer loop
      vertex 74.0739 -90.3315 5.72205e-07
      vertex 73.8708 -86.9486 6.92106
      vertex 74.0739 -90.3315 7.44568
    endloop
  endfacet
  facet normal 0.998204 0.0599117 1.55052e-06
    outer loop
      vertex 73.8415 -86.4596 6.84786
      vertex 74.0739 -90.3315 5.72205e-07
      vertex 73.6792 -83.7553 5.72205e-07
    endloop
  endfacet
endsolid OpenSCAD_Model
