solid OpenSCAD_Model
  facet normal 0.707107 -0.707107 0
    outer loop
      vertex 37.2792 -90 13.02
      vertex 90 -37.2792 3.35
      vertex 90 -37.2792 13.02
    endloop
  endfacet
  facet normal 0.707107 -0.707107 0
    outer loop
      vertex 90 -37.2792 3.35
      vertex 37.2792 -90 13.02
      vertex 37.2792 -90 3.35
    endloop
  endfacet
  facet normal -0.707107 -0.707107 0
    outer loop
      vertex -37.2792 -90 3.35
      vertex -90 -37.2792 13.02
      vertex -90 -37.2792 3.35
    endloop
  endfacet
  facet normal -0.707107 -0.707107 0
    outer loop
      vertex -90 -37.2792 13.02
      vertex -37.2792 -90 3.35
      vertex -37.2792 -90 13.02
    endloop
  endfacet
  facet normal 0 1 -0
    outer loop
      vertex 37.2792 90 3.35
      vertex -37.2792 90 13.02
      vertex 37.2792 90 13.02
    endloop
  endfacet
  facet normal 0 1 0
    outer loop
      vertex -37.2792 90 13.02
      vertex 37.2792 90 3.35
      vertex -37.2792 90 3.35
    endloop
  endfacet
  facet normal 0.707107 0.707107 0
    outer loop
      vertex 90 37.2792 13.02
      vertex 37.2792 90 3.35
      vertex 37.2792 90 13.02
    endloop
  endfacet
  facet normal 0.707107 0.707107 0
    outer loop
      vertex 37.2792 90 3.35
      vertex 90 37.2792 13.02
      vertex 90 37.2792 3.35
    endloop
  endfacet
  facet normal -1 0 0
    outer loop
      vertex -90 -37.2792 3.35
      vertex -90 37.2792 13.02
      vertex -90 37.2792 3.35
    endloop
  endfacet
  facet normal -1 -0 0
    outer loop
      vertex -90 37.2792 13.02
      vertex -90 -37.2792 3.35
      vertex -90 -37.2792 13.02
    endloop
  endfacet
  facet normal 0 -1 0
    outer loop
      vertex -37.2792 -90 3.35
      vertex 37.2792 -90 13.02
      vertex -37.2792 -90 13.02
    endloop
  endfacet
  facet normal 0 -1 -0
    outer loop
      vertex 37.2792 -90 13.02
      vertex -37.2792 -90 3.35
      vertex 37.2792 -90 3.35
    endloop
  endfacet
  facet normal 1 -0 0
    outer loop
      vertex 90 -37.2792 13.02
      vertex 90 37.2792 3.35
      vertex 90 37.2792 13.02
    endloop
  endfacet
  facet normal 1 0 0
    outer loop
      vertex 90 37.2792 3.35
      vertex 90 -37.2792 13.02
      vertex 90 -37.2792 3.35
    endloop
  endfacet
  facet normal -0.707107 0.707107 0
    outer loop
      vertex -90 37.2792 3.35
      vertex -37.2792 90 13.02
      vertex -37.2792 90 3.35
    endloop
  endfacet
  facet normal -0.707107 0.707107 0
    outer loop
      vertex -37.2792 90 13.02
      vertex -90 37.2792 3.35
      vertex -90 37.2792 13.02
    endloop
  endfacet
  facet normal 0 0 1
    outer loop
      vertex 19 7 38.02
      vertex 52 21.5391 38.02
      vertex 21.5391 52 38.02
    endloop
  endfacet
  facet normal 0 0 1
    outer loop
      vertex 52 21.5391 38.02
      vertex 19 7 38.02
      vertex 52 -21.5391 38.02
    endloop
  endfacet
  facet normal -0 0 1
    outer loop
      vertex 19 -7 38.02
      vertex 52 -21.5391 38.02
      vertex 19 7 38.02
    endloop
  endfacet
  facet normal 0 0 1
    outer loop
      vertex 21.5391 52 38.02
      vertex -19 7 38.02
      vertex 19 7 38.02
    endloop
  endfacet
  facet normal -0 0 1
    outer loop
      vertex -52 21.5391 38.02
      vertex -19 7 38.02
      vertex -21.5391 52 38.02
    endloop
  endfacet
  facet normal -0 0 1
    outer loop
      vertex -21.5391 52 38.02
      vertex -19 7 38.02
      vertex 21.5391 52 38.02
    endloop
  endfacet
  facet normal 0 0 1
    outer loop
      vertex 52 -21.5391 38.02
      vertex 19 -7 38.02
      vertex 21.5391 -52 38.02
    endloop
  endfacet
  facet normal -0 0 1
    outer loop
      vertex -19 -7 38.02
      vertex 21.5391 -52 38.02
      vertex 19 -7 38.02
    endloop
  endfacet
  facet normal 0 0 1
    outer loop
      vertex -19 -7 38.02
      vertex -21.5391 -52 38.02
      vertex 21.5391 -52 38.02
    endloop
  endfacet
  facet normal 0 0 1
    outer loop
      vertex -19 7 38.02
      vertex -52 21.5391 38.02
      vertex -19 -7 38.02
    endloop
  endfacet
  facet normal 0 0 1
    outer loop
      vertex -52 -21.5391 38.02
      vertex -19 -7 38.02
      vertex -52 21.5391 38.02
    endloop
  endfacet
  facet normal 0 0 1
    outer loop
      vertex -19 -7 38.02
      vertex -52 -21.5391 38.02
      vertex -21.5391 -52 38.02
    endloop
  endfacet
  facet normal -0.388638 0.388638 0.835417
    outer loop
      vertex -37.2792 90 13.02
      vertex -52 21.5391 38.02
      vertex -21.5391 52 38.02
    endloop
  endfacet
  facet normal -0.388638 0.388638 0.835417
    outer loop
      vertex -52 21.5391 38.02
      vertex -37.2792 90 13.02
      vertex -90 37.2792 13.02
    endloop
  endfacet
  facet normal -0.549617 0 0.835417
    outer loop
      vertex -90 37.2792 13.02
      vertex -52 -21.5391 38.02
      vertex -52 21.5391 38.02
    endloop
  endfacet
  facet normal -0.549617 0 0.835417
    outer loop
      vertex -52 -21.5391 38.02
      vertex -90 37.2792 13.02
      vertex -90 -37.2792 13.02
    endloop
  endfacet
  facet normal -0.388638 -0.388638 0.835417
    outer loop
      vertex -52 -21.5391 38.02
      vertex -37.2792 -90 13.02
      vertex -21.5391 -52 38.02
    endloop
  endfacet
  facet normal -0.388638 -0.388638 0.835417
    outer loop
      vertex -37.2792 -90 13.02
      vertex -52 -21.5391 38.02
      vertex -90 -37.2792 13.02
    endloop
  endfacet
  facet normal 0.388638 0.388638 0.835417
    outer loop
      vertex 37.2792 90 13.02
      vertex 52 21.5391 38.02
      vertex 90 37.2792 13.02
    endloop
  endfacet
  facet normal 0.388638 0.388638 0.835417
    outer loop
      vertex 52 21.5391 38.02
      vertex 37.2792 90 13.02
      vertex 21.5391 52 38.02
    endloop
  endfacet
  facet normal 9.08312e-05 0.549372 0.835578
    outer loop
      vertex 5.99501 81.8984 18.35
      vertex 37.2792 90 13.02
      vertex 6 82 18.2832
    endloop
  endfacet
  facet normal -3.19354e-05 0.549707 0.835358
    outer loop
      vertex 37.2792 90 13.02
      vertex 5.97111 82.5881 17.8962
      vertex 6 82 18.2832
    endloop
  endfacet
  facet normal 1.77053e-05 0.54956 0.835454
    outer loop
      vertex 37.2792 90 13.02
      vertex 5.88471 83.1705 17.5131
      vertex 5.97111 82.5881 17.8962
    endloop
  endfacet
  facet normal -2.97679e-06 0.549627 0.83541
    outer loop
      vertex 37.2792 90 13.02
      vertex 5.74164 83.7417 17.1373
      vertex 5.88471 83.1705 17.5131
    endloop
  endfacet
  facet normal 1.02216e-05 0.54958 0.835441
    outer loop
      vertex 37.2792 90 13.02
      vertex 5.54328 84.2961 16.7726
      vertex 5.74164 83.7417 17.1373
    endloop
  endfacet
  facet normal 1.45852e-07 0.549619 0.835415
    outer loop
      vertex 37.2792 90 13.02
      vertex 5.29153 84.8284 16.4224
      vertex 5.54328 84.2961 16.7726
    endloop
  endfacet
  facet normal -1.4647e-05 0.549683 0.835373
    outer loop
      vertex 37.2792 90 13.02
      vertex 4.98882 85.3334 16.0901
      vertex 5.29153 84.8284 16.4224
    endloop
  endfacet
  facet normal 1.86777e-05 0.549522 0.835479
    outer loop
      vertex 37.2792 90 13.02
      vertex 4.63806 85.8064 15.779
      vertex 4.98882 85.3334 16.0901
    endloop
  endfacet
  facet normal -2.66292e-05 0.549768 0.835317
    outer loop
      vertex 37.2792 90 13.02
      vertex 4.24264 86.2426 15.4919
      vertex 4.63806 85.8064 15.779
    endloop
  endfacet
  facet normal 1.91307e-05 0.549488 0.835502
    outer loop
      vertex 37.2792 90 13.02
      vertex 3.80636 86.6381 15.2318
      vertex 4.24264 86.2426 15.4919
    endloop
  endfacet
  facet normal -1.55588e-05 0.549729 0.835343
    outer loop
      vertex 37.2792 90 13.02
      vertex 3.33342 86.9888 15.001
      vertex 3.80636 86.6381 15.2318
    endloop
  endfacet
  facet normal 8.41263e-06 0.54954 0.835467
    outer loop
      vertex 37.2792 90 13.02
      vertex 2.82838 87.2915 14.8019
      vertex 3.33342 86.9888 15.001
    endloop
  endfacet
  facet normal 1.27863e-05 0.549501 0.835493
    outer loop
      vertex 37.2792 90 13.02
      vertex 2.2961 87.5433 14.6363
      vertex 2.82838 87.2915 14.8019
    endloop
  endfacet
  facet normal -8.76307e-06 0.549715 0.835352
    outer loop
      vertex 37.2792 90 13.02
      vertex 1.74171 87.7416 14.5058
      vertex 2.2961 87.5433 14.6363
    endloop
  endfacet
  facet normal -1.61548e-05 0.549797 0.835299
    outer loop
      vertex 37.2792 90 13.02
      vertex 1.17054 87.8847 14.4116
      vertex 1.74171 87.7416 14.5058
    endloop
  endfacet
  facet normal 1.63585e-05 0.549409 0.835553
    outer loop
      vertex 37.2792 90 13.02
      vertex 0.588102 87.9711 14.3548
      vertex 1.17054 87.8847 14.4116
    endloop
  endfacet
  facet normal 9.86922e-06 0.549491 0.8355
    outer loop
      vertex 37.2792 90 13.02
      vertex 0 88 14.3358
      vertex 0.588102 87.9711 14.3548
    endloop
  endfacet
  facet normal -0 0.54962 0.835415
    outer loop
      vertex -37.2792 90 13.02
      vertex 0 88 14.3358
      vertex 37.2792 90 13.02
    endloop
  endfacet
  facet normal 3.19354e-05 0.549707 0.835358
    outer loop
      vertex -37.2792 90 13.02
      vertex -6 82 18.2832
      vertex -5.97111 82.5881 17.8962
    endloop
  endfacet
  facet normal -1.77053e-05 0.54956 0.835454
    outer loop
      vertex -37.2792 90 13.02
      vertex -5.97111 82.5881 17.8962
      vertex -5.88471 83.1705 17.5131
    endloop
  endfacet
  facet normal 2.97679e-06 0.549627 0.83541
    outer loop
      vertex -37.2792 90 13.02
      vertex -5.88471 83.1705 17.5131
      vertex -5.74164 83.7417 17.1373
    endloop
  endfacet
  facet normal -1.02216e-05 0.54958 0.835441
    outer loop
      vertex -37.2792 90 13.02
      vertex -5.74164 83.7417 17.1373
      vertex -5.54328 84.2961 16.7726
    endloop
  endfacet
  facet normal -1.45852e-07 0.549619 0.835415
    outer loop
      vertex -37.2792 90 13.02
      vertex -5.54328 84.2961 16.7726
      vertex -5.29153 84.8284 16.4224
    endloop
  endfacet
  facet normal -1.25782e-06 0.549616 0.835417
    outer loop
      vertex -6 82 18.2832
      vertex -37.2792 90 13.02
      vertex -21.5391 52 38.02
    endloop
  endfacet
  facet normal 1.4647e-05 0.549683 0.835373
    outer loop
      vertex -4.98882 85.3334 16.0901
      vertex -37.2792 90 13.02
      vertex -5.29153 84.8284 16.4224
    endloop
  endfacet
  facet normal -1.86777e-05 0.549522 0.835479
    outer loop
      vertex -4.63806 85.8064 15.779
      vertex -37.2792 90 13.02
      vertex -4.98882 85.3334 16.0901
    endloop
  endfacet
  facet normal 2.66292e-05 0.549768 0.835317
    outer loop
      vertex -4.24264 86.2426 15.4919
      vertex -37.2792 90 13.02
      vertex -4.63806 85.8064 15.779
    endloop
  endfacet
  facet normal -1.91307e-05 0.549488 0.835502
    outer loop
      vertex -3.80636 86.6381 15.2318
      vertex -37.2792 90 13.02
      vertex -4.24264 86.2426 15.4919
    endloop
  endfacet
  facet normal 1.55588e-05 0.549729 0.835343
    outer loop
      vertex -3.33342 86.9888 15.001
      vertex -37.2792 90 13.02
      vertex -3.80636 86.6381 15.2318
    endloop
  endfacet
  facet normal -8.41263e-06 0.54954 0.835467
    outer loop
      vertex -2.82838 87.2915 14.8019
      vertex -37.2792 90 13.02
      vertex -3.33342 86.9888 15.001
    endloop
  endfacet
  facet normal -1.27863e-05 0.549501 0.835493
    outer loop
      vertex -2.2961 87.5433 14.6363
      vertex -37.2792 90 13.02
      vertex -2.82838 87.2915 14.8019
    endloop
  endfacet
  facet normal 8.76307e-06 0.549715 0.835352
    outer loop
      vertex -1.74171 87.7416 14.5058
      vertex -37.2792 90 13.02
      vertex -2.2961 87.5433 14.6363
    endloop
  endfacet
  facet normal 1.61548e-05 0.549797 0.835299
    outer loop
      vertex -1.17054 87.8847 14.4116
      vertex -37.2792 90 13.02
      vertex -1.74171 87.7416 14.5058
    endloop
  endfacet
  facet normal -1.63585e-05 0.549409 0.835553
    outer loop
      vertex -0.588102 87.9711 14.3548
      vertex -37.2792 90 13.02
      vertex -1.17054 87.8847 14.4116
    endloop
  endfacet
  facet normal -9.86922e-06 0.549491 0.8355
    outer loop
      vertex 0 88 14.3358
      vertex -37.2792 90 13.02
      vertex -0.588102 87.9711 14.3548
    endloop
  endfacet
  facet normal -6.71189e-17 0.549617 0.835417
    outer loop
      vertex 37.2792 90 13.02
      vertex 5.99501 81.8984 18.35
      vertex 21.5391 52 38.02
    endloop
  endfacet
  facet normal 0 0.549651 0.835394
    outer loop
      vertex 3.28411 81.6765 18.496
      vertex 5.99501 81.8984 18.35
      vertex 3.29501 81.8984 18.35
    endloop
  endfacet
  facet normal 9.22368e-06 0.549572 0.835446
    outer loop
      vertex 3.23659 81.3562 18.7067
      vertex 5.99501 81.8984 18.35
      vertex 3.28411 81.6765 18.496
    endloop
  endfacet
  facet normal -3.37382e-05 0.549725 0.835346
    outer loop
      vertex 3.1579 81.0421 18.9134
      vertex 5.99501 81.8984 18.35
      vertex 3.23659 81.3562 18.7067
    endloop
  endfacet
  facet normal 6.84294e-05 0.549489 0.835501
    outer loop
      vertex 3.0488 80.7371 19.114
      vertex 5.99501 81.8984 18.35
      vertex 3.1579 81.0421 18.9134
    endloop
  endfacet
  facet normal -5.18914e-05 0.549702 0.835361
    outer loop
      vertex 2.91034 80.4444 19.3066
      vertex 5.99501 81.8984 18.35
      vertex 3.0488 80.7371 19.114
    endloop
  endfacet
  facet normal 0.000132742 0.549428 0.835541
    outer loop
      vertex 2.74385 80.1666 19.4893
      vertex 5.99501 81.8984 18.35
      vertex 2.91034 80.4444 19.3066
    endloop
  endfacet
  facet normal -0.000248558 0.549928 0.835212
    outer loop
      vertex 2.55093 79.9065 19.6605
      vertex 5.99501 81.8984 18.35
      vertex 2.74385 80.1666 19.4893
    endloop
  endfacet
  facet normal 0.000421036 0.54912 0.835744
    outer loop
      vertex 2.33345 79.6665 19.8183
      vertex 5.99501 81.8984 18.35
      vertex 2.55093 79.9065 19.6605
    endloop
  endfacet
  facet normal -0.000565699 0.55025 0.835
    outer loop
      vertex 2.0935 79.4491 19.9614
      vertex 5.99501 81.8984 18.35
      vertex 2.33345 79.6665 19.8183
    endloop
  endfacet
  facet normal 2.97383e-06 0.549618 0.835416
    outer loop
      vertex 5.99501 81.8984 18.35
      vertex 2.0935 79.4491 19.9614
      vertex 21.5391 52 38.02
    endloop
  endfacet
  facet normal -0.000154852 0.54954 0.835468
    outer loop
      vertex 1.83338 79.2561 20.0883
      vertex 21.5391 52 38.02
      vertex 2.0935 79.4491 19.9614
    endloop
  endfacet
  facet normal 0.000264356 0.549751 0.835329
    outer loop
      vertex 1.55561 79.0897 20.1979
      vertex 21.5391 52 38.02
      vertex 1.83338 79.2561 20.0883
    endloop
  endfacet
  facet normal -0.000249761 0.549486 0.835503
    outer loop
      vertex 1.26285 78.9512 20.2889
      vertex 21.5391 52 38.02
      vertex 1.55561 79.0897 20.1979
    endloop
  endfacet
  facet normal 5.07133e-05 0.549644 0.835399
    outer loop
      vertex 0.957939 78.8421 20.3607
      vertex 21.5391 52 38.02
      vertex 1.26285 78.9512 20.2889
    endloop
  endfacet
  facet normal 5.26798e-05 0.549645 0.835398
    outer loop
      vertex 0.643798 78.7634 20.4125
      vertex 21.5391 52 38.02
      vertex 0.957939 78.8421 20.3607
    endloop
  endfacet
  facet normal 0.000116859 0.54968 0.835375
    outer loop
      vertex 0.323456 78.7159 20.4438
      vertex 21.5391 52 38.02
      vertex 0.643798 78.7634 20.4125
    endloop
  endfacet
  facet normal -0.000150389 0.549532 0.835473
    outer loop
      vertex 0 78.7 20.4542
      vertex 21.5391 52 38.02
      vertex 0.323456 78.7159 20.4438
    endloop
  endfacet
  facet normal 0.000150389 0.549532 0.835473
    outer loop
      vertex -21.5391 52 38.02
      vertex 0 78.7 20.4542
      vertex -0.323456 78.7159 20.4438
    endloop
  endfacet
  facet normal -0.000116859 0.54968 0.835375
    outer loop
      vertex -21.5391 52 38.02
      vertex -0.323456 78.7159 20.4438
      vertex -0.643798 78.7634 20.4125
    endloop
  endfacet
  facet normal -5.26798e-05 0.549645 0.835398
    outer loop
      vertex -21.5391 52 38.02
      vertex -0.643798 78.7634 20.4125
      vertex -0.957939 78.8421 20.3607
    endloop
  endfacet
  facet normal -5.07133e-05 0.549644 0.835399
    outer loop
      vertex -21.5391 52 38.02
      vertex -0.957939 78.8421 20.3607
      vertex -1.26285 78.9512 20.2889
    endloop
  endfacet
  facet normal 0.000249761 0.549486 0.835503
    outer loop
      vertex -21.5391 52 38.02
      vertex -1.26285 78.9512 20.2889
      vertex -1.55561 79.0897 20.1979
    endloop
  endfacet
  facet normal -0.000264356 0.549751 0.835329
    outer loop
      vertex -21.5391 52 38.02
      vertex -1.55561 79.0897 20.1979
      vertex -1.83338 79.2561 20.0883
    endloop
  endfacet
  facet normal 0.000154852 0.54954 0.835468
    outer loop
      vertex -21.5391 52 38.02
      vertex -1.83338 79.2561 20.0883
      vertex -2.0935 79.4491 19.9614
    endloop
  endfacet
  facet normal 0.000565699 0.55025 0.835
    outer loop
      vertex -5.99501 81.8984 18.35
      vertex -2.0935 79.4491 19.9614
      vertex -2.33345 79.6665 19.8183
    endloop
  endfacet
  facet normal -0.000421036 0.54912 0.835744
    outer loop
      vertex -5.99501 81.8984 18.35
      vertex -2.33345 79.6665 19.8183
      vertex -2.55093 79.9065 19.6605
    endloop
  endfacet
  facet normal -0 0.549651 0.835394
    outer loop
      vertex -5.99501 81.8984 18.35
      vertex -3.28411 81.6765 18.496
      vertex -3.29501 81.8984 18.35
    endloop
  endfacet
  facet normal -9.22368e-06 0.549572 0.835446
    outer loop
      vertex -5.99501 81.8984 18.35
      vertex -3.23659 81.3562 18.7067
      vertex -3.28411 81.6765 18.496
    endloop
  endfacet
  facet normal 3.37382e-05 0.549725 0.835346
    outer loop
      vertex -5.99501 81.8984 18.35
      vertex -3.1579 81.0421 18.9134
      vertex -3.23659 81.3562 18.7067
    endloop
  endfacet
  facet normal -6.84294e-05 0.549489 0.835501
    outer loop
      vertex -5.99501 81.8984 18.35
      vertex -3.0488 80.7371 19.114
      vertex -3.1579 81.0421 18.9134
    endloop
  endfacet
  facet normal 5.18914e-05 0.549702 0.835361
    outer loop
      vertex -5.99501 81.8984 18.35
      vertex -2.91034 80.4444 19.3066
      vertex -3.0488 80.7371 19.114
    endloop
  endfacet
  facet normal -0.000132742 0.549428 0.835541
    outer loop
      vertex -5.99501 81.8984 18.35
      vertex -2.74385 80.1666 19.4893
      vertex -2.91034 80.4444 19.3066
    endloop
  endfacet
  facet normal 0.000248558 0.549928 0.835212
    outer loop
      vertex -5.99501 81.8984 18.35
      vertex -2.55093 79.9065 19.6605
      vertex -2.74385 80.1666 19.4893
    endloop
  endfacet
  facet normal -2.97383e-06 0.549618 0.835416
    outer loop
      vertex -2.0935 79.4491 19.9614
      vertex -5.99501 81.8984 18.35
      vertex -21.5391 52 38.02
    endloop
  endfacet
  facet normal 0 0.549617 0.835417
    outer loop
      vertex 0 78.7 20.4542
      vertex -21.5391 52 38.02
      vertex 21.5391 52 38.02
    endloop
  endfacet
  facet normal 0.000608556 0.549396 0.835562
    outer loop
      vertex -21.5391 52 38.02
      vertex -5.99501 81.8984 18.35
      vertex -6 82 18.2832
    endloop
  endfacet
  facet normal 9.08312e-05 -0.549372 0.835578
    outer loop
      vertex 37.2792 -90 13.02
      vertex 5.99501 -81.8984 18.35
      vertex 6 -82 18.2832
    endloop
  endfacet
  facet normal 2.97383e-06 -0.549618 0.835416
    outer loop
      vertex 2.0935 -79.4491 19.9614
      vertex 5.99501 -81.8984 18.35
      vertex 21.5391 -52 38.02
    endloop
  endfacet
  facet normal 0 -0.549651 0.835394
    outer loop
      vertex 5.99501 -81.8984 18.35
      vertex 3.28411 -81.6765 18.496
      vertex 3.29501 -81.8984 18.35
    endloop
  endfacet
  facet normal 9.22368e-06 -0.549572 0.835446
    outer loop
      vertex 5.99501 -81.8984 18.35
      vertex 3.23659 -81.3562 18.7067
      vertex 3.28411 -81.6765 18.496
    endloop
  endfacet
  facet normal -3.37382e-05 -0.549725 0.835346
    outer loop
      vertex 5.99501 -81.8984 18.35
      vertex 3.1579 -81.0421 18.9134
      vertex 3.23659 -81.3562 18.7067
    endloop
  endfacet
  facet normal 6.84294e-05 -0.549489 0.835501
    outer loop
      vertex 5.99501 -81.8984 18.35
      vertex 3.0488 -80.7371 19.114
      vertex 3.1579 -81.0421 18.9134
    endloop
  endfacet
  facet normal -5.18914e-05 -0.549702 0.835361
    outer loop
      vertex 5.99501 -81.8984 18.35
      vertex 2.91034 -80.4444 19.3066
      vertex 3.0488 -80.7371 19.114
    endloop
  endfacet
  facet normal 0.000132742 -0.549428 0.835541
    outer loop
      vertex 5.99501 -81.8984 18.35
      vertex 2.74385 -80.1666 19.4893
      vertex 2.91034 -80.4444 19.3066
    endloop
  endfacet
  facet normal -0.000248558 -0.549928 0.835212
    outer loop
      vertex 5.99501 -81.8984 18.35
      vertex 2.55093 -79.9065 19.6605
      vertex 2.74385 -80.1666 19.4893
    endloop
  endfacet
  facet normal 0.000421036 -0.54912 0.835744
    outer loop
      vertex 5.99501 -81.8984 18.35
      vertex 2.33345 -79.6665 19.8183
      vertex 2.55093 -79.9065 19.6605
    endloop
  endfacet
  facet normal -0.000565699 -0.55025 0.835
    outer loop
      vertex 5.99501 -81.8984 18.35
      vertex 2.0935 -79.4491 19.9614
      vertex 2.33345 -79.6665 19.8183
    endloop
  endfacet
  facet normal -0.000154852 -0.54954 0.835468
    outer loop
      vertex 21.5391 -52 38.02
      vertex 1.83338 -79.2561 20.0883
      vertex 2.0935 -79.4491 19.9614
    endloop
  endfacet
  facet normal 0.000264356 -0.549751 0.835329
    outer loop
      vertex 21.5391 -52 38.02
      vertex 1.55561 -79.0897 20.1979
      vertex 1.83338 -79.2561 20.0883
    endloop
  endfacet
  facet normal -0.000249761 -0.549486 0.835503
    outer loop
      vertex 21.5391 -52 38.02
      vertex 1.26285 -78.9512 20.2889
      vertex 1.55561 -79.0897 20.1979
    endloop
  endfacet
  facet normal 5.07133e-05 -0.549644 0.835399
    outer loop
      vertex 21.5391 -52 38.02
      vertex 0.957939 -78.8421 20.3607
      vertex 1.26285 -78.9512 20.2889
    endloop
  endfacet
  facet normal 5.26798e-05 -0.549645 0.835398
    outer loop
      vertex 21.5391 -52 38.02
      vertex 0.643798 -78.7634 20.4125
      vertex 0.957939 -78.8421 20.3607
    endloop
  endfacet
  facet normal 0.000116859 -0.54968 0.835375
    outer loop
      vertex 21.5391 -52 38.02
      vertex 0.323456 -78.7159 20.4438
      vertex 0.643798 -78.7634 20.4125
    endloop
  endfacet
  facet normal -0.000150389 -0.549532 0.835473
    outer loop
      vertex 21.5391 -52 38.02
      vertex 0 -78.7 20.4542
      vertex 0.323456 -78.7159 20.4438
    endloop
  endfacet
  facet normal 0 -0.549617 0.835417
    outer loop
      vertex -21.5391 -52 38.02
      vertex 0 -78.7 20.4542
      vertex 21.5391 -52 38.02
    endloop
  endfacet
  facet normal 0.000150389 -0.549532 0.835473
    outer loop
      vertex 0 -78.7 20.4542
      vertex -21.5391 -52 38.02
      vertex -0.323456 -78.7159 20.4438
    endloop
  endfacet
  facet normal -0.000116859 -0.54968 0.835375
    outer loop
      vertex -0.323456 -78.7159 20.4438
      vertex -21.5391 -52 38.02
      vertex -0.643798 -78.7634 20.4125
    endloop
  endfacet
  facet normal -5.26798e-05 -0.549645 0.835398
    outer loop
      vertex -0.643798 -78.7634 20.4125
      vertex -21.5391 -52 38.02
      vertex -0.957939 -78.8421 20.3607
    endloop
  endfacet
  facet normal -5.07133e-05 -0.549644 0.835399
    outer loop
      vertex -0.957939 -78.8421 20.3607
      vertex -21.5391 -52 38.02
      vertex -1.26285 -78.9512 20.2889
    endloop
  endfacet
  facet normal 0.000249761 -0.549486 0.835503
    outer loop
      vertex -1.26285 -78.9512 20.2889
      vertex -21.5391 -52 38.02
      vertex -1.55561 -79.0897 20.1979
    endloop
  endfacet
  facet normal -0.000264356 -0.549751 0.835329
    outer loop
      vertex -1.55561 -79.0897 20.1979
      vertex -21.5391 -52 38.02
      vertex -1.83338 -79.2561 20.0883
    endloop
  endfacet
  facet normal 0.000154852 -0.54954 0.835468
    outer loop
      vertex -1.83338 -79.2561 20.0883
      vertex -21.5391 -52 38.02
      vertex -2.0935 -79.4491 19.9614
    endloop
  endfacet
  facet normal -2.97383e-06 -0.549618 0.835416
    outer loop
      vertex -5.99501 -81.8984 18.35
      vertex -2.0935 -79.4491 19.9614
      vertex -21.5391 -52 38.02
    endloop
  endfacet
  facet normal 0 -0.549651 0.835394
    outer loop
      vertex -3.28411 -81.6765 18.496
      vertex -5.99501 -81.8984 18.35
      vertex -3.29501 -81.8984 18.35
    endloop
  endfacet
  facet normal -9.22368e-06 -0.549572 0.835446
    outer loop
      vertex -3.23659 -81.3562 18.7067
      vertex -5.99501 -81.8984 18.35
      vertex -3.28411 -81.6765 18.496
    endloop
  endfacet
  facet normal 3.37382e-05 -0.549725 0.835346
    outer loop
      vertex -3.1579 -81.0421 18.9134
      vertex -5.99501 -81.8984 18.35
      vertex -3.23659 -81.3562 18.7067
    endloop
  endfacet
  facet normal -6.84294e-05 -0.549489 0.835501
    outer loop
      vertex -3.0488 -80.7371 19.114
      vertex -5.99501 -81.8984 18.35
      vertex -3.1579 -81.0421 18.9134
    endloop
  endfacet
  facet normal 5.18914e-05 -0.549702 0.835361
    outer loop
      vertex -2.91034 -80.4444 19.3066
      vertex -5.99501 -81.8984 18.35
      vertex -3.0488 -80.7371 19.114
    endloop
  endfacet
  facet normal -0.000132742 -0.549428 0.835541
    outer loop
      vertex -2.74385 -80.1666 19.4893
      vertex -5.99501 -81.8984 18.35
      vertex -2.91034 -80.4444 19.3066
    endloop
  endfacet
  facet normal 0.000248558 -0.549928 0.835212
    outer loop
      vertex -2.55093 -79.9065 19.6605
      vertex -5.99501 -81.8984 18.35
      vertex -2.74385 -80.1666 19.4893
    endloop
  endfacet
  facet normal 0.000565699 -0.55025 0.835
    outer loop
      vertex -2.0935 -79.4491 19.9614
      vertex -5.99501 -81.8984 18.35
      vertex -2.33345 -79.6665 19.8183
    endloop
  endfacet
  facet normal 6.71189e-17 -0.549617 0.835417
    outer loop
      vertex -37.2792 -90 13.02
      vertex -5.99501 -81.8984 18.35
      vertex -21.5391 -52 38.02
    endloop
  endfacet
  facet normal -0.000421036 -0.54912 0.835744
    outer loop
      vertex -2.33345 -79.6665 19.8183
      vertex -5.99501 -81.8984 18.35
      vertex -2.55093 -79.9065 19.6605
    endloop
  endfacet
  facet normal -6.71189e-17 -0.549617 0.835417
    outer loop
      vertex 5.99501 -81.8984 18.35
      vertex 37.2792 -90 13.02
      vertex 21.5391 -52 38.02
    endloop
  endfacet
  facet normal -3.19354e-05 -0.549707 0.835358
    outer loop
      vertex 5.97111 -82.5881 17.8962
      vertex 37.2792 -90 13.02
      vertex 6 -82 18.2832
    endloop
  endfacet
  facet normal 1.77053e-05 -0.54956 0.835454
    outer loop
      vertex 5.88471 -83.1705 17.5131
      vertex 37.2792 -90 13.02
      vertex 5.97111 -82.5881 17.8962
    endloop
  endfacet
  facet normal -2.97679e-06 -0.549627 0.83541
    outer loop
      vertex 5.74164 -83.7417 17.1373
      vertex 37.2792 -90 13.02
      vertex 5.88471 -83.1705 17.5131
    endloop
  endfacet
  facet normal 1.02216e-05 -0.54958 0.835441
    outer loop
      vertex 5.54328 -84.2961 16.7726
      vertex 37.2792 -90 13.02
      vertex 5.74164 -83.7417 17.1373
    endloop
  endfacet
  facet normal 1.45852e-07 -0.549619 0.835415
    outer loop
      vertex 5.29153 -84.8284 16.4224
      vertex 37.2792 -90 13.02
      vertex 5.54328 -84.2961 16.7726
    endloop
  endfacet
  facet normal -1.4647e-05 -0.549683 0.835373
    outer loop
      vertex 4.98882 -85.3334 16.0901
      vertex 37.2792 -90 13.02
      vertex 5.29153 -84.8284 16.4224
    endloop
  endfacet
  facet normal 1.86777e-05 -0.549522 0.835479
    outer loop
      vertex 4.63806 -85.8064 15.779
      vertex 37.2792 -90 13.02
      vertex 4.98882 -85.3334 16.0901
    endloop
  endfacet
  facet normal -2.66292e-05 -0.549768 0.835317
    outer loop
      vertex 4.24264 -86.2426 15.4919
      vertex 37.2792 -90 13.02
      vertex 4.63806 -85.8064 15.779
    endloop
  endfacet
  facet normal 1.91307e-05 -0.549488 0.835502
    outer loop
      vertex 3.80636 -86.6381 15.2318
      vertex 37.2792 -90 13.02
      vertex 4.24264 -86.2426 15.4919
    endloop
  endfacet
  facet normal -1.55588e-05 -0.549729 0.835343
    outer loop
      vertex 3.33342 -86.9888 15.001
      vertex 37.2792 -90 13.02
      vertex 3.80636 -86.6381 15.2318
    endloop
  endfacet
  facet normal 8.41263e-06 -0.54954 0.835467
    outer loop
      vertex 2.82838 -87.2915 14.8019
      vertex 37.2792 -90 13.02
      vertex 3.33342 -86.9888 15.001
    endloop
  endfacet
  facet normal 1.27863e-05 -0.549501 0.835493
    outer loop
      vertex 2.2961 -87.5433 14.6363
      vertex 37.2792 -90 13.02
      vertex 2.82838 -87.2915 14.8019
    endloop
  endfacet
  facet normal -8.76307e-06 -0.549715 0.835352
    outer loop
      vertex 1.74171 -87.7416 14.5058
      vertex 37.2792 -90 13.02
      vertex 2.2961 -87.5433 14.6363
    endloop
  endfacet
  facet normal -1.61548e-05 -0.549797 0.835299
    outer loop
      vertex 1.17054 -87.8847 14.4116
      vertex 37.2792 -90 13.02
      vertex 1.74171 -87.7416 14.5058
    endloop
  endfacet
  facet normal 1.63585e-05 -0.549409 0.835553
    outer loop
      vertex 0.588102 -87.9711 14.3548
      vertex 37.2792 -90 13.02
      vertex 1.17054 -87.8847 14.4116
    endloop
  endfacet
  facet normal 9.86922e-06 -0.549491 0.8355
    outer loop
      vertex 0 -88 14.3358
      vertex 37.2792 -90 13.02
      vertex 0.588102 -87.9711 14.3548
    endloop
  endfacet
  facet normal -9.86922e-06 -0.549491 0.8355
    outer loop
      vertex -37.2792 -90 13.02
      vertex 0 -88 14.3358
      vertex -0.588102 -87.9711 14.3548
    endloop
  endfacet
  facet normal -9.08312e-05 -0.549372 0.835578
    outer loop
      vertex -5.99501 -81.8984 18.35
      vertex -37.2792 -90 13.02
      vertex -6 -82 18.2832
    endloop
  endfacet
  facet normal 3.19354e-05 -0.549707 0.835358
    outer loop
      vertex -6 -82 18.2832
      vertex -37.2792 -90 13.02
      vertex -5.97111 -82.5881 17.8962
    endloop
  endfacet
  facet normal -1.77053e-05 -0.54956 0.835454
    outer loop
      vertex -5.97111 -82.5881 17.8962
      vertex -37.2792 -90 13.02
      vertex -5.88471 -83.1705 17.5131
    endloop
  endfacet
  facet normal 2.97679e-06 -0.549627 0.83541
    outer loop
      vertex -5.88471 -83.1705 17.5131
      vertex -37.2792 -90 13.02
      vertex -5.74164 -83.7417 17.1373
    endloop
  endfacet
  facet normal -1.02216e-05 -0.54958 0.835441
    outer loop
      vertex -5.74164 -83.7417 17.1373
      vertex -37.2792 -90 13.02
      vertex -5.54328 -84.2961 16.7726
    endloop
  endfacet
  facet normal 0 -0.54962 0.835415
    outer loop
      vertex 0 -88 14.3358
      vertex -37.2792 -90 13.02
      vertex 37.2792 -90 13.02
    endloop
  endfacet
  facet normal -1.63585e-05 -0.549409 0.835553
    outer loop
      vertex -1.17054 -87.8847 14.4116
      vertex -37.2792 -90 13.02
      vertex -0.588102 -87.9711 14.3548
    endloop
  endfacet
  facet normal 1.61548e-05 -0.549797 0.835299
    outer loop
      vertex -1.74171 -87.7416 14.5058
      vertex -37.2792 -90 13.02
      vertex -1.17054 -87.8847 14.4116
    endloop
  endfacet
  facet normal 8.76307e-06 -0.549715 0.835352
    outer loop
      vertex -2.2961 -87.5433 14.6363
      vertex -37.2792 -90 13.02
      vertex -1.74171 -87.7416 14.5058
    endloop
  endfacet
  facet normal -1.27863e-05 -0.549501 0.835493
    outer loop
      vertex -2.82838 -87.2915 14.8019
      vertex -37.2792 -90 13.02
      vertex -2.2961 -87.5433 14.6363
    endloop
  endfacet
  facet normal -8.41263e-06 -0.54954 0.835467
    outer loop
      vertex -3.33342 -86.9888 15.001
      vertex -37.2792 -90 13.02
      vertex -2.82838 -87.2915 14.8019
    endloop
  endfacet
  facet normal 1.55588e-05 -0.549729 0.835343
    outer loop
      vertex -3.80636 -86.6381 15.2318
      vertex -37.2792 -90 13.02
      vertex -3.33342 -86.9888 15.001
    endloop
  endfacet
  facet normal -1.91307e-05 -0.549488 0.835502
    outer loop
      vertex -4.24264 -86.2426 15.4919
      vertex -37.2792 -90 13.02
      vertex -3.80636 -86.6381 15.2318
    endloop
  endfacet
  facet normal 2.66292e-05 -0.549768 0.835317
    outer loop
      vertex -4.63806 -85.8064 15.779
      vertex -37.2792 -90 13.02
      vertex -4.24264 -86.2426 15.4919
    endloop
  endfacet
  facet normal -1.86777e-05 -0.549522 0.835479
    outer loop
      vertex -4.98882 -85.3334 16.0901
      vertex -37.2792 -90 13.02
      vertex -4.63806 -85.8064 15.779
    endloop
  endfacet
  facet normal 1.4647e-05 -0.549683 0.835373
    outer loop
      vertex -5.29153 -84.8284 16.4224
      vertex -37.2792 -90 13.02
      vertex -4.98882 -85.3334 16.0901
    endloop
  endfacet
  facet normal -1.45852e-07 -0.549619 0.835415
    outer loop
      vertex -5.54328 -84.2961 16.7726
      vertex -37.2792 -90 13.02
      vertex -5.29153 -84.8284 16.4224
    endloop
  endfacet
  facet normal 0.549617 0 0.835417
    outer loop
      vertex 52 21.5391 38.02
      vertex 90 -37.2792 13.02
      vertex 90 37.2792 13.02
    endloop
  endfacet
  facet normal 0.549617 0 0.835417
    outer loop
      vertex 90 -37.2792 13.02
      vertex 52 21.5391 38.02
      vertex 52 -21.5391 38.02
    endloop
  endfacet
  facet normal 0.388638 -0.388638 0.835417
    outer loop
      vertex 52 -21.5391 38.02
      vertex 37.2792 -90 13.02
      vertex 90 -37.2792 13.02
    endloop
  endfacet
  facet normal 0.388638 -0.388638 0.835417
    outer loop
      vertex 37.2792 -90 13.02
      vertex 52 -21.5391 38.02
      vertex 21.5391 -52 38.02
    endloop
  endfacet
  facet normal 1 -0 0
    outer loop
      vertex -87 -36.0366 10.02
      vertex -87 36.0366 6
      vertex -87 36.0366 10.02
    endloop
  endfacet
  facet normal 1 0 0
    outer loop
      vertex -87 36.0366 6
      vertex -87 -36.0366 10.02
      vertex -87 -36.0366 6
    endloop
  endfacet
  facet normal 1 -0 0
    outer loop
      vertex -87 -36.0366 4
      vertex -87 36.0366 3.35
      vertex -87 36.0366 4
    endloop
  endfacet
  facet normal 1 0 0
    outer loop
      vertex -87 36.0366 3.35
      vertex -87 -36.0366 4
      vertex -87 -36.0366 3.35
    endloop
  endfacet
  facet normal 0.707107 0.707107 0
    outer loop
      vertex -36.0366 -87 10.02
      vertex -87 -36.0366 6
      vertex -87 -36.0366 10.02
    endloop
  endfacet
  facet normal 0.707107 0.707107 0
    outer loop
      vertex -87 -36.0366 6
      vertex -36.0366 -87 10.02
      vertex -36.0366 -87 6
    endloop
  endfacet
  facet normal 0.707107 0.707107 0
    outer loop
      vertex -36.0366 -87 4
      vertex -87 -36.0366 3.35
      vertex -87 -36.0366 4
    endloop
  endfacet
  facet normal 0.707107 0.707107 0
    outer loop
      vertex -87 -36.0366 3.35
      vertex -36.0366 -87 4
      vertex -36.0366 -87 3.35
    endloop
  endfacet
  facet normal -1 0 0
    outer loop
      vertex 87 -36.0366 6
      vertex 87 36.0366 10.02
      vertex 87 36.0366 6
    endloop
  endfacet
  facet normal -1 -0 0
    outer loop
      vertex 87 36.0366 10.02
      vertex 87 -36.0366 6
      vertex 87 -36.0366 10.02
    endloop
  endfacet
  facet normal -1 0 0
    outer loop
      vertex 87 -36.0366 3.35
      vertex 87 36.0366 4
      vertex 87 36.0366 3.35
    endloop
  endfacet
  facet normal -1 -0 0
    outer loop
      vertex 87 36.0366 4
      vertex 87 -36.0366 3.35
      vertex 87 -36.0366 4
    endloop
  endfacet
  facet normal 0 1 -0
    outer loop
      vertex 36.0366 -87 6
      vertex 3.31476 -87 10.02
      vertex 36.0366 -87 10.02
    endloop
  endfacet
  facet normal 0 1 0
    outer loop
      vertex 3.31476 -87 10.02
      vertex 36.0366 -87 6
      vertex 3.31476 -87 6
    endloop
  endfacet
  facet normal 0 1 -0
    outer loop
      vertex -3.31476 -87 6
      vertex -36.0366 -87 10.02
      vertex -3.31476 -87 10.02
    endloop
  endfacet
  facet normal 0 1 0
    outer loop
      vertex -36.0366 -87 10.02
      vertex -3.31476 -87 6
      vertex -36.0366 -87 6
    endloop
  endfacet
  facet normal 0 1 0
    outer loop
      vertex -3.82135 -87 3.35
      vertex -3.31476 -87 4
      vertex -3.31476 -87 3.35
    endloop
  endfacet
  facet normal 0 1 0
    outer loop
      vertex -3.31476 -87 4
      vertex -3.82135 -87 3.35
      vertex -36.0366 -87 4
    endloop
  endfacet
  facet normal 0 1 0
    outer loop
      vertex -36.0366 -87 4
      vertex -3.82135 -87 3.35
      vertex -36.0366 -87 3.35
    endloop
  endfacet
  facet normal 0 1 0
    outer loop
      vertex 3.82135 -87 3.35
      vertex 36.0366 -87 4
      vertex 36.0366 -87 3.35
    endloop
  endfacet
  facet normal 0 1 0
    outer loop
      vertex 36.0366 -87 4
      vertex 3.82135 -87 3.35
      vertex 3.31476 -87 4
    endloop
  endfacet
  facet normal 0 1 0
    outer loop
      vertex 3.31476 -87 4
      vertex 3.82135 -87 3.35
      vertex 3.31476 -87 3.35
    endloop
  endfacet
  facet normal -0.707107 -0.707107 0
    outer loop
      vertex 87 36.0366 6
      vertex 36.0366 87 10.02
      vertex 36.0366 87 6
    endloop
  endfacet
  facet normal -0.707107 -0.707107 0
    outer loop
      vertex 36.0366 87 10.02
      vertex 87 36.0366 6
      vertex 87 36.0366 10.02
    endloop
  endfacet
  facet normal -0.707107 -0.707107 0
    outer loop
      vertex 87 36.0366 3.35
      vertex 36.0366 87 4
      vertex 36.0366 87 3.35
    endloop
  endfacet
  facet normal -0.707107 -0.707107 0
    outer loop
      vertex 36.0366 87 4
      vertex 87 36.0366 3.35
      vertex 87 36.0366 4
    endloop
  endfacet
  facet normal 0 -1 0
    outer loop
      vertex 3.31476 87 6
      vertex 36.0366 87 10.02
      vertex 3.31476 87 10.02
    endloop
  endfacet
  facet normal 0 -1 -0
    outer loop
      vertex 36.0366 87 10.02
      vertex 3.31476 87 6
      vertex 36.0366 87 6
    endloop
  endfacet
  facet normal 0 -1 0
    outer loop
      vertex -36.0366 87 6
      vertex -3.31476 87 10.02
      vertex -36.0366 87 10.02
    endloop
  endfacet
  facet normal 0 -1 -0
    outer loop
      vertex -3.31476 87 10.02
      vertex -36.0366 87 6
      vertex -3.31476 87 6
    endloop
  endfacet
  facet normal 0 -1 0
    outer loop
      vertex -3.82135 87 3.35
      vertex -36.0366 87 4
      vertex -36.0366 87 3.35
    endloop
  endfacet
  facet normal 0 -1 0
    outer loop
      vertex -36.0366 87 4
      vertex -3.82135 87 3.35
      vertex -3.31476 87 4
    endloop
  endfacet
  facet normal 0 -1 -0
    outer loop
      vertex -3.31476 87 4
      vertex -3.82135 87 3.35
      vertex -3.31476 87 3.35
    endloop
  endfacet
  facet normal 0 -1 0
    outer loop
      vertex 3.82135 87 3.35
      vertex 3.31476 87 4
      vertex 3.31476 87 3.35
    endloop
  endfacet
  facet normal 0 -1 0
    outer loop
      vertex 3.31476 87 4
      vertex 3.82135 87 3.35
      vertex 36.0366 87 4
    endloop
  endfacet
  facet normal 0 -1 -0
    outer loop
      vertex 36.0366 87 4
      vertex 3.82135 87 3.35
      vertex 36.0366 87 3.35
    endloop
  endfacet
  facet normal 0.707107 -0.707107 0
    outer loop
      vertex -87 36.0366 10.02
      vertex -36.0366 87 6
      vertex -36.0366 87 10.02
    endloop
  endfacet
  facet normal 0.707107 -0.707107 0
    outer loop
      vertex -36.0366 87 6
      vertex -87 36.0366 10.02
      vertex -87 36.0366 6
    endloop
  endfacet
  facet normal 0.707107 -0.707107 0
    outer loop
      vertex -87 36.0366 4
      vertex -36.0366 87 3.35
      vertex -36.0366 87 4
    endloop
  endfacet
  facet normal 0.707107 -0.707107 0
    outer loop
      vertex -36.0366 87 3.35
      vertex -87 36.0366 4
      vertex -87 36.0366 3.35
    endloop
  endfacet
  facet normal -0.707107 0.707107 0
    outer loop
      vertex 36.0366 -87 6
      vertex 87 -36.0366 10.02
      vertex 87 -36.0366 6
    endloop
  endfacet
  facet normal -0.707107 0.707107 0
    outer loop
      vertex 87 -36.0366 10.02
      vertex 36.0366 -87 6
      vertex 36.0366 -87 10.02
    endloop
  endfacet
  facet normal -0.707107 0.707107 0
    outer loop
      vertex 36.0366 -87 3.35
      vertex 87 -36.0366 4
      vertex 87 -36.0366 3.35
    endloop
  endfacet
  facet normal -0.707107 0.707107 0
    outer loop
      vertex 87 -36.0366 4
      vertex 36.0366 -87 3.35
      vertex 36.0366 -87 4
    endloop
  endfacet
  facet normal 2.57771e-06 0.549609 -0.835422
    outer loop
      vertex -36.0366 -87 10.02
      vertex -6 -82 13.3095
      vertex -5.97111 -82.5881 12.9226
    endloop
  endfacet
  facet normal -7.74347e-06 0.549658 -0.83539
    outer loop
      vertex -36.0366 -87 10.02
      vertex -5.97111 -82.5881 12.9226
      vertex -5.88471 -83.1705 12.5394
    endloop
  endfacet
  facet normal -2.10702e-06 0.549627 -0.83541
    outer loop
      vertex -36.0366 -87 10.02
      vertex -5.88471 -83.1705 12.5394
      vertex -5.74164 -83.7417 12.1636
    endloop
  endfacet
  facet normal 5.26072e-06 0.549579 -0.835442
    outer loop
      vertex -36.0366 -87 10.02
      vertex -5.74164 -83.7417 12.1636
      vertex -5.54328 -84.2961 11.7989
    endloop
  endfacet
  facet normal 7.86134e-07 0.549616 -0.835417
    outer loop
      vertex -6 -82 13.3095
      vertex -36.0366 -87 10.02
      vertex -20.2965 -49 35.02
    endloop
  endfacet
  facet normal 1.32878e-07 0.549619 -0.835415
    outer loop
      vertex -5.29153 -84.8284 11.4487
      vertex -36.0366 -87 10.02
      vertex -5.54328 -84.2961 11.7989
    endloop
  endfacet
  facet normal -6.66805e-06 0.549687 -0.835371
    outer loop
      vertex -4.98882 -85.3334 11.1164
      vertex -36.0366 -87 10.02
      vertex -5.29153 -84.8284 11.4487
    endloop
  endfacet
  facet normal 6.4529e-06 0.549516 -0.835483
    outer loop
      vertex -4.63806 -85.8064 10.8053
      vertex -36.0366 -87 10.02
      vertex -4.98882 -85.3334 11.1164
    endloop
  endfacet
  facet normal -9.04498e-07 0.549651 -0.835394
    outer loop
      vertex -4.24264 -86.2426 10.5183
      vertex -36.0366 -87 10.02
      vertex -4.63806 -85.8064 10.8053
    endloop
  endfacet
  facet normal 1.40477e-07 0.54962 -0.835414
    outer loop
      vertex -3.80636 -86.6381 10.2581
      vertex -36.0366 -87 10.02
      vertex -4.24264 -86.2426 10.5183
    endloop
  endfacet
  facet normal 8.25664e-07 0.549578 -0.835442
    outer loop
      vertex -3.33342 -86.9888 10.0274
      vertex -36.0366 -87 10.02
      vertex -3.80636 -86.6381 10.2581
    endloop
  endfacet
  facet normal 0 0.551257 -0.834335
    outer loop
      vertex -36.0366 -87 10.02
      vertex -3.33342 -86.9888 10.0274
      vertex -3.31476 -87 10.02
    endloop
  endfacet
  facet normal -2.62022e-06 0.549609 -0.835422
    outer loop
      vertex 5.97111 -81.4119 13.6964
      vertex 36.0366 -87 10.02
      vertex 6 -82 13.3095
    endloop
  endfacet
  facet normal -2.57771e-06 0.549609 -0.835422
    outer loop
      vertex 36.0366 -87 10.02
      vertex 5.97111 -82.5881 12.9226
      vertex 6 -82 13.3095
    endloop
  endfacet
  facet normal 7.74347e-06 0.549658 -0.83539
    outer loop
      vertex 36.0366 -87 10.02
      vertex 5.88471 -83.1705 12.5394
      vertex 5.97111 -82.5881 12.9226
    endloop
  endfacet
  facet normal 2.10702e-06 0.549627 -0.83541
    outer loop
      vertex 36.0366 -87 10.02
      vertex 5.74164 -83.7417 12.1636
      vertex 5.88471 -83.1705 12.5394
    endloop
  endfacet
  facet normal -5.26072e-06 0.549579 -0.835442
    outer loop
      vertex 36.0366 -87 10.02
      vertex 5.54328 -84.2961 11.7989
      vertex 5.74164 -83.7417 12.1636
    endloop
  endfacet
  facet normal -1.32878e-07 0.549619 -0.835415
    outer loop
      vertex 36.0366 -87 10.02
      vertex 5.29153 -84.8284 11.4487
      vertex 5.54328 -84.2961 11.7989
    endloop
  endfacet
  facet normal 6.66805e-06 0.549687 -0.835371
    outer loop
      vertex 36.0366 -87 10.02
      vertex 4.98882 -85.3334 11.1164
      vertex 5.29153 -84.8284 11.4487
    endloop
  endfacet
  facet normal -6.4529e-06 0.549516 -0.835483
    outer loop
      vertex 36.0366 -87 10.02
      vertex 4.63806 -85.8064 10.8053
      vertex 4.98882 -85.3334 11.1164
    endloop
  endfacet
  facet normal 9.04498e-07 0.549651 -0.835394
    outer loop
      vertex 36.0366 -87 10.02
      vertex 4.24264 -86.2426 10.5183
      vertex 4.63806 -85.8064 10.8053
    endloop
  endfacet
  facet normal -1.40477e-07 0.54962 -0.835414
    outer loop
      vertex 36.0366 -87 10.02
      vertex 3.80636 -86.6381 10.2581
      vertex 4.24264 -86.2426 10.5183
    endloop
  endfacet
  facet normal -8.25664e-07 0.549578 -0.835442
    outer loop
      vertex 36.0366 -87 10.02
      vertex 3.33342 -86.9888 10.0274
      vertex 3.80636 -86.6381 10.2581
    endloop
  endfacet
  facet normal 0 0.551257 -0.834335
    outer loop
      vertex 3.33342 -86.9888 10.0274
      vertex 36.0366 -87 10.02
      vertex 3.31476 -87 10.02
    endloop
  endfacet
  facet normal 1.10173e-05 0.54966 -0.835389
    outer loop
      vertex 5.88471 -80.8295 14.0796
      vertex 36.0366 -87 10.02
      vertex 5.97111 -81.4119 13.6964
    endloop
  endfacet
  facet normal -2.99971e-05 0.54952 -0.835481
    outer loop
      vertex 5.74164 -80.2583 14.4553
      vertex 36.0366 -87 10.02
      vertex 5.88471 -80.8295 14.0796
    endloop
  endfacet
  facet normal 2.38772e-05 0.549689 -0.835369
    outer loop
      vertex 5.54328 -79.7039 14.8201
      vertex 36.0366 -87 10.02
      vertex 5.74164 -80.2583 14.4553
    endloop
  endfacet
  facet normal -4.22902e-05 0.549496 -0.835496
    outer loop
      vertex 5.29153 -79.1716 15.1702
      vertex 36.0366 -87 10.02
      vertex 5.54328 -79.7039 14.8201
    endloop
  endfacet
  facet normal 1.91849e-06 0.549617 -0.835417
    outer loop
      vertex 36.0366 -87 10.02
      vertex 5.29153 -79.1716 15.1702
      vertex 20.2965 -49 35.02
    endloop
  endfacet
  facet normal -9.3668e-05 0.54965 -0.835395
    outer loop
      vertex 4.98882 -78.6666 15.5025
      vertex 20.2965 -49 35.02
      vertex 5.29153 -79.1716 15.1702
    endloop
  endfacet
  facet normal -2.21758e-05 0.549624 -0.835412
    outer loop
      vertex 4.63806 -78.1936 15.8137
      vertex 20.2965 -49 35.02
      vertex 4.98882 -78.6666 15.5025
    endloop
  endfacet
  facet normal -3.52433e-05 0.549629 -0.835409
    outer loop
      vertex 4.24264 -77.7574 16.1007
      vertex 20.2965 -49 35.02
      vertex 4.63806 -78.1936 15.8137
    endloop
  endfacet
  facet normal 0.000123066 0.549568 -0.835449
    outer loop
      vertex 3.80636 -77.3619 16.3608
      vertex 20.2965 -49 35.02
      vertex 4.24264 -77.7574 16.1007
    endloop
  endfacet
  facet normal -9.3349e-05 0.549656 -0.835391
    outer loop
      vertex 3.33342 -77.0112 16.5916
      vertex 20.2965 -49 35.02
      vertex 3.80636 -77.3619 16.3608
    endloop
  endfacet
  facet normal 5.40198e-05 0.549593 -0.835432
    outer loop
      vertex 2.82838 -76.7085 16.7907
      vertex 20.2965 -49 35.02
      vertex 3.33342 -77.0112 16.5916
    endloop
  endfacet
  facet normal -5.06425e-05 0.549639 -0.835402
    outer loop
      vertex 2.2961 -76.4567 16.9564
      vertex 20.2965 -49 35.02
      vertex 2.82838 -76.7085 16.7907
    endloop
  endfacet
  facet normal -4.83458e-05 0.549638 -0.835403
    outer loop
      vertex 1.74171 -76.2584 17.0869
      vertex 20.2965 -49 35.02
      vertex 2.2961 -76.4567 16.9564
    endloop
  endfacet
  facet normal 5.5522e-05 0.549589 -0.835435
    outer loop
      vertex 1.17054 -76.1153 17.181
      vertex 20.2965 -49 35.02
      vertex 1.74171 -76.2584 17.0869
    endloop
  endfacet
  facet normal 5.46196e-05 0.549589 -0.835435
    outer loop
      vertex 0.588102 -76.0289 17.2378
      vertex 20.2965 -49 35.02
      vertex 1.17054 -76.1153 17.181
    endloop
  endfacet
  facet normal 1.80872e-05 0.549608 -0.835423
    outer loop
      vertex 0 -76 17.2568
      vertex 20.2965 -49 35.02
      vertex 0.588102 -76.0289 17.2378
    endloop
  endfacet
  facet normal -1.80872e-05 0.549608 -0.835423
    outer loop
      vertex -20.2965 -49 35.02
      vertex 0 -76 17.2568
      vertex -0.588102 -76.0289 17.2378
    endloop
  endfacet
  facet normal -5.46196e-05 0.549589 -0.835435
    outer loop
      vertex -20.2965 -49 35.02
      vertex -0.588102 -76.0289 17.2378
      vertex -1.17054 -76.1153 17.181
    endloop
  endfacet
  facet normal -5.5522e-05 0.549589 -0.835435
    outer loop
      vertex -20.2965 -49 35.02
      vertex -1.17054 -76.1153 17.181
      vertex -1.74171 -76.2584 17.0869
    endloop
  endfacet
  facet normal 4.83458e-05 0.549638 -0.835403
    outer loop
      vertex -20.2965 -49 35.02
      vertex -1.74171 -76.2584 17.0869
      vertex -2.2961 -76.4567 16.9564
    endloop
  endfacet
  facet normal 5.06425e-05 0.549639 -0.835402
    outer loop
      vertex -20.2965 -49 35.02
      vertex -2.2961 -76.4567 16.9564
      vertex -2.82838 -76.7085 16.7907
    endloop
  endfacet
  facet normal -5.40198e-05 0.549593 -0.835432
    outer loop
      vertex -20.2965 -49 35.02
      vertex -2.82838 -76.7085 16.7907
      vertex -3.33342 -77.0112 16.5916
    endloop
  endfacet
  facet normal 9.3349e-05 0.549656 -0.835391
    outer loop
      vertex -20.2965 -49 35.02
      vertex -3.33342 -77.0112 16.5916
      vertex -3.80636 -77.3619 16.3608
    endloop
  endfacet
  facet normal -0.000123066 0.549568 -0.835449
    outer loop
      vertex -20.2965 -49 35.02
      vertex -3.80636 -77.3619 16.3608
      vertex -4.24264 -77.7574 16.1007
    endloop
  endfacet
  facet normal 3.52433e-05 0.549629 -0.835409
    outer loop
      vertex -20.2965 -49 35.02
      vertex -4.24264 -77.7574 16.1007
      vertex -4.63806 -78.1936 15.8137
    endloop
  endfacet
  facet normal 0 0.549617 -0.835416
    outer loop
      vertex 0 -76 17.2568
      vertex -20.2965 -49 35.02
      vertex 20.2965 -49 35.02
    endloop
  endfacet
  facet normal 2.21758e-05 0.549624 -0.835412
    outer loop
      vertex -4.98882 -78.6666 15.5025
      vertex -20.2965 -49 35.02
      vertex -4.63806 -78.1936 15.8137
    endloop
  endfacet
  facet normal 9.3668e-05 0.54965 -0.835395
    outer loop
      vertex -5.29153 -79.1716 15.1702
      vertex -20.2965 -49 35.02
      vertex -4.98882 -78.6666 15.5025
    endloop
  endfacet
  facet normal -0.000159306 0.549562 -0.835453
    outer loop
      vertex -5.54328 -79.7039 14.8201
      vertex -20.2965 -49 35.02
      vertex -5.29153 -79.1716 15.1702
    endloop
  endfacet
  facet normal 0.000114637 0.549654 -0.835392
    outer loop
      vertex -5.74164 -80.2583 14.4553
      vertex -20.2965 -49 35.02
      vertex -5.54328 -79.7039 14.8201
    endloop
  endfacet
  facet normal -0.000183829 0.549557 -0.835456
    outer loop
      vertex -5.88471 -80.8295 14.0796
      vertex -20.2965 -49 35.02
      vertex -5.74164 -80.2583 14.4553
    endloop
  endfacet
  facet normal 0.000103113 0.549648 -0.835396
    outer loop
      vertex -5.97111 -81.4119 13.6964
      vertex -20.2965 -49 35.02
      vertex -5.88471 -80.8295 14.0796
    endloop
  endfacet
  facet normal -2.18691e-05 0.549609 -0.835422
    outer loop
      vertex -20.2965 -49 35.02
      vertex -5.97111 -81.4119 13.6964
      vertex -6 -82 13.3095
    endloop
  endfacet
  facet normal 0.549617 0 -0.835417
    outer loop
      vertex -87 -36.0366 10.02
      vertex -49 20.2965 35.02
      vertex -49 -20.2965 35.02
    endloop
  endfacet
  facet normal 0.549617 0 -0.835417
    outer loop
      vertex -49 20.2965 35.02
      vertex -87 -36.0366 10.02
      vertex -87 36.0366 10.02
    endloop
  endfacet
  facet normal -0.549617 0 -0.835417
    outer loop
      vertex 49 -20.2965 35.02
      vertex 87 36.0366 10.02
      vertex 87 -36.0366 10.02
    endloop
  endfacet
  facet normal -0.549617 0 -0.835417
    outer loop
      vertex 87 36.0366 10.02
      vertex 49 -20.2965 35.02
      vertex 49 20.2965 35.02
    endloop
  endfacet
  facet normal -0.388638 -0.388638 -0.835417
    outer loop
      vertex 49 20.2965 35.02
      vertex 36.0366 87 10.02
      vertex 87 36.0366 10.02
    endloop
  endfacet
  facet normal -0.388638 -0.388638 -0.835417
    outer loop
      vertex 36.0366 87 10.02
      vertex 49 20.2965 35.02
      vertex 20.2965 49 35.02
    endloop
  endfacet
  facet normal 0 0 -1
    outer loop
      vertex 20.2965 -49 35.02
      vertex 49 20.2965 35.02
      vertex 49 -20.2965 35.02
    endloop
  endfacet
  facet normal 0 0 -1
    outer loop
      vertex 20.2965 -49 35.02
      vertex 20.2965 49 35.02
      vertex 49 20.2965 35.02
    endloop
  endfacet
  facet normal 0 0 -1
    outer loop
      vertex -20.2965 -49 35.02
      vertex 20.2965 49 35.02
      vertex 20.2965 -49 35.02
    endloop
  endfacet
  facet normal 0 0 -1
    outer loop
      vertex -20.2965 -49 35.02
      vertex -20.2965 49 35.02
      vertex 20.2965 49 35.02
    endloop
  endfacet
  facet normal 0 0 -1
    outer loop
      vertex -49 -20.2965 35.02
      vertex -20.2965 49 35.02
      vertex -20.2965 -49 35.02
    endloop
  endfacet
  facet normal 0 0 -1
    outer loop
      vertex -20.2965 49 35.02
      vertex -49 -20.2965 35.02
      vertex -49 20.2965 35.02
    endloop
  endfacet
  facet normal 0.388638 0.388638 -0.835417
    outer loop
      vertex -36.0366 -87 10.02
      vertex -49 -20.2965 35.02
      vertex -20.2965 -49 35.02
    endloop
  endfacet
  facet normal 0.388638 0.388638 -0.835417
    outer loop
      vertex -49 -20.2965 35.02
      vertex -36.0366 -87 10.02
      vertex -87 -36.0366 10.02
    endloop
  endfacet
  facet normal -0.388638 0.388638 -0.835417
    outer loop
      vertex 36.0366 -87 10.02
      vertex 49 -20.2965 35.02
      vertex 87 -36.0366 10.02
    endloop
  endfacet
  facet normal -0.388638 0.388638 -0.835417
    outer loop
      vertex 49 -20.2965 35.02
      vertex 36.0366 -87 10.02
      vertex 20.2965 -49 35.02
    endloop
  endfacet
  facet normal -2.62022e-06 -0.549609 -0.835422
    outer loop
      vertex 36.0366 87 10.02
      vertex 5.97111 81.4119 13.6964
      vertex 6 82 13.3095
    endloop
  endfacet
  facet normal 1.10173e-05 -0.54966 -0.835389
    outer loop
      vertex 36.0366 87 10.02
      vertex 5.88471 80.8295 14.0796
      vertex 5.97111 81.4119 13.6964
    endloop
  endfacet
  facet normal -2.99971e-05 -0.54952 -0.835481
    outer loop
      vertex 36.0366 87 10.02
      vertex 5.74164 80.2583 14.4553
      vertex 5.88471 80.8295 14.0796
    endloop
  endfacet
  facet normal 2.38772e-05 -0.549689 -0.835369
    outer loop
      vertex 36.0366 87 10.02
      vertex 5.54328 79.7039 14.8201
      vertex 5.74164 80.2583 14.4553
    endloop
  endfacet
  facet normal -4.22902e-05 -0.549496 -0.835496
    outer loop
      vertex 36.0366 87 10.02
      vertex 5.29153 79.1716 15.1702
      vertex 5.54328 79.7039 14.8201
    endloop
  endfacet
  facet normal -9.3668e-05 -0.54965 -0.835395
    outer loop
      vertex 20.2965 49 35.02
      vertex 4.98882 78.6666 15.5025
      vertex 5.29153 79.1716 15.1702
    endloop
  endfacet
  facet normal -2.21758e-05 -0.549624 -0.835412
    outer loop
      vertex 20.2965 49 35.02
      vertex 4.63806 78.1936 15.8137
      vertex 4.98882 78.6666 15.5025
    endloop
  endfacet
  facet normal -3.52433e-05 -0.549629 -0.835409
    outer loop
      vertex 20.2965 49 35.02
      vertex 4.24264 77.7574 16.1007
      vertex 4.63806 78.1936 15.8137
    endloop
  endfacet
  facet normal 0.000123066 -0.549568 -0.835449
    outer loop
      vertex 20.2965 49 35.02
      vertex 3.80636 77.3619 16.3608
      vertex 4.24264 77.7574 16.1007
    endloop
  endfacet
  facet normal -9.3349e-05 -0.549656 -0.835391
    outer loop
      vertex 20.2965 49 35.02
      vertex 3.33342 77.0112 16.5916
      vertex 3.80636 77.3619 16.3608
    endloop
  endfacet
  facet normal 5.40198e-05 -0.549593 -0.835432
    outer loop
      vertex 20.2965 49 35.02
      vertex 2.82838 76.7085 16.7907
      vertex 3.33342 77.0112 16.5916
    endloop
  endfacet
  facet normal -5.06425e-05 -0.549639 -0.835402
    outer loop
      vertex 20.2965 49 35.02
      vertex 2.2961 76.4567 16.9564
      vertex 2.82838 76.7085 16.7907
    endloop
  endfacet
  facet normal -4.83458e-05 -0.549638 -0.835403
    outer loop
      vertex 20.2965 49 35.02
      vertex 1.74171 76.2584 17.0869
      vertex 2.2961 76.4567 16.9564
    endloop
  endfacet
  facet normal 5.5522e-05 -0.549589 -0.835435
    outer loop
      vertex 20.2965 49 35.02
      vertex 1.17054 76.1153 17.181
      vertex 1.74171 76.2584 17.0869
    endloop
  endfacet
  facet normal 5.46196e-05 -0.549589 -0.835435
    outer loop
      vertex 20.2965 49 35.02
      vertex 0.588102 76.0289 17.2378
      vertex 1.17054 76.1153 17.181
    endloop
  endfacet
  facet normal 1.80872e-05 -0.549608 -0.835423
    outer loop
      vertex 20.2965 49 35.02
      vertex 0 76 17.2568
      vertex 0.588102 76.0289 17.2378
    endloop
  endfacet
  facet normal 0 -0.549617 -0.835416
    outer loop
      vertex -20.2965 49 35.02
      vertex 0 76 17.2568
      vertex 20.2965 49 35.02
    endloop
  endfacet
  facet normal -1.80872e-05 -0.549608 -0.835423
    outer loop
      vertex 0 76 17.2568
      vertex -20.2965 49 35.02
      vertex -0.588102 76.0289 17.2378
    endloop
  endfacet
  facet normal -5.46196e-05 -0.549589 -0.835435
    outer loop
      vertex -0.588102 76.0289 17.2378
      vertex -20.2965 49 35.02
      vertex -1.17054 76.1153 17.181
    endloop
  endfacet
  facet normal -5.5522e-05 -0.549589 -0.835435
    outer loop
      vertex -1.17054 76.1153 17.181
      vertex -20.2965 49 35.02
      vertex -1.74171 76.2584 17.0869
    endloop
  endfacet
  facet normal 4.83458e-05 -0.549638 -0.835403
    outer loop
      vertex -1.74171 76.2584 17.0869
      vertex -20.2965 49 35.02
      vertex -2.2961 76.4567 16.9564
    endloop
  endfacet
  facet normal 5.06425e-05 -0.549639 -0.835402
    outer loop
      vertex -2.2961 76.4567 16.9564
      vertex -20.2965 49 35.02
      vertex -2.82838 76.7085 16.7907
    endloop
  endfacet
  facet normal -5.40198e-05 -0.549593 -0.835432
    outer loop
      vertex -2.82838 76.7085 16.7907
      vertex -20.2965 49 35.02
      vertex -3.33342 77.0112 16.5916
    endloop
  endfacet
  facet normal 9.3349e-05 -0.549656 -0.835391
    outer loop
      vertex -3.33342 77.0112 16.5916
      vertex -20.2965 49 35.02
      vertex -3.80636 77.3619 16.3608
    endloop
  endfacet
  facet normal -0.000123066 -0.549568 -0.835449
    outer loop
      vertex -3.80636 77.3619 16.3608
      vertex -20.2965 49 35.02
      vertex -4.24264 77.7574 16.1007
    endloop
  endfacet
  facet normal -1.10173e-05 -0.54966 -0.835389
    outer loop
      vertex -5.88471 80.8295 14.0796
      vertex -36.0366 87 10.02
      vertex -5.97111 81.4119 13.6964
    endloop
  endfacet
  facet normal 2.99971e-05 -0.54952 -0.835481
    outer loop
      vertex -5.74164 80.2583 14.4553
      vertex -36.0366 87 10.02
      vertex -5.88471 80.8295 14.0796
    endloop
  endfacet
  facet normal -2.38772e-05 -0.549689 -0.835369
    outer loop
      vertex -5.54328 79.7039 14.8201
      vertex -36.0366 87 10.02
      vertex -5.74164 80.2583 14.4553
    endloop
  endfacet
  facet normal 4.22902e-05 -0.549496 -0.835496
    outer loop
      vertex -5.29153 79.1716 15.1702
      vertex -36.0366 87 10.02
      vertex -5.54328 79.7039 14.8201
    endloop
  endfacet
  facet normal -1.91849e-06 -0.549617 -0.835417
    outer loop
      vertex -36.0366 87 10.02
      vertex -5.29153 79.1716 15.1702
      vertex -20.2965 49 35.02
    endloop
  endfacet
  facet normal 9.3668e-05 -0.54965 -0.835395
    outer loop
      vertex -4.98882 78.6666 15.5025
      vertex -20.2965 49 35.02
      vertex -5.29153 79.1716 15.1702
    endloop
  endfacet
  facet normal 2.21758e-05 -0.549624 -0.835412
    outer loop
      vertex -4.63806 78.1936 15.8137
      vertex -20.2965 49 35.02
      vertex -4.98882 78.6666 15.5025
    endloop
  endfacet
  facet normal 3.52433e-05 -0.549629 -0.835409
    outer loop
      vertex -4.24264 77.7574 16.1007
      vertex -20.2965 49 35.02
      vertex -4.63806 78.1936 15.8137
    endloop
  endfacet
  facet normal 1.91849e-06 -0.549617 -0.835417
    outer loop
      vertex 5.29153 79.1716 15.1702
      vertex 36.0366 87 10.02
      vertex 20.2965 49 35.02
    endloop
  endfacet
  facet normal -2.57771e-06 -0.549609 -0.835422
    outer loop
      vertex 5.97111 82.5881 12.9226
      vertex 36.0366 87 10.02
      vertex 6 82 13.3095
    endloop
  endfacet
  facet normal 7.74347e-06 -0.549658 -0.83539
    outer loop
      vertex 5.88471 83.1705 12.5394
      vertex 36.0366 87 10.02
      vertex 5.97111 82.5881 12.9226
    endloop
  endfacet
  facet normal 2.10702e-06 -0.549627 -0.83541
    outer loop
      vertex 5.74164 83.7417 12.1636
      vertex 36.0366 87 10.02
      vertex 5.88471 83.1705 12.5394
    endloop
  endfacet
  facet normal -5.26072e-06 -0.549579 -0.835442
    outer loop
      vertex 5.54328 84.2961 11.7989
      vertex 36.0366 87 10.02
      vertex 5.74164 83.7417 12.1636
    endloop
  endfacet
  facet normal -1.32878e-07 -0.549619 -0.835415
    outer loop
      vertex 5.29153 84.8284 11.4487
      vertex 36.0366 87 10.02
      vertex 5.54328 84.2961 11.7989
    endloop
  endfacet
  facet normal 6.66805e-06 -0.549687 -0.835371
    outer loop
      vertex 4.98882 85.3334 11.1164
      vertex 36.0366 87 10.02
      vertex 5.29153 84.8284 11.4487
    endloop
  endfacet
  facet normal -6.4529e-06 -0.549516 -0.835483
    outer loop
      vertex 4.63806 85.8064 10.8053
      vertex 36.0366 87 10.02
      vertex 4.98882 85.3334 11.1164
    endloop
  endfacet
  facet normal 9.04498e-07 -0.549651 -0.835394
    outer loop
      vertex 4.24264 86.2426 10.5183
      vertex 36.0366 87 10.02
      vertex 4.63806 85.8064 10.8053
    endloop
  endfacet
  facet normal -1.40477e-07 -0.54962 -0.835414
    outer loop
      vertex 3.80636 86.6381 10.2581
      vertex 36.0366 87 10.02
      vertex 4.24264 86.2426 10.5183
    endloop
  endfacet
  facet normal -8.25664e-07 -0.549578 -0.835442
    outer loop
      vertex 3.33342 86.9888 10.0274
      vertex 36.0366 87 10.02
      vertex 3.80636 86.6381 10.2581
    endloop
  endfacet
  facet normal -0 -0.551257 -0.834335
    outer loop
      vertex 36.0366 87 10.02
      vertex 3.33342 86.9888 10.0274
      vertex 3.31476 87 10.02
    endloop
  endfacet
  facet normal 2.62022e-06 -0.549609 -0.835422
    outer loop
      vertex -5.97111 81.4119 13.6964
      vertex -36.0366 87 10.02
      vertex -6 82 13.3095
    endloop
  endfacet
  facet normal 2.57771e-06 -0.549609 -0.835422
    outer loop
      vertex -6 82 13.3095
      vertex -36.0366 87 10.02
      vertex -5.97111 82.5881 12.9226
    endloop
  endfacet
  facet normal -7.74347e-06 -0.549658 -0.83539
    outer loop
      vertex -5.97111 82.5881 12.9226
      vertex -36.0366 87 10.02
      vertex -5.88471 83.1705 12.5394
    endloop
  endfacet
  facet normal -2.10702e-06 -0.549627 -0.83541
    outer loop
      vertex -5.88471 83.1705 12.5394
      vertex -36.0366 87 10.02
      vertex -5.74164 83.7417 12.1636
    endloop
  endfacet
  facet normal 0 -0.551257 -0.834335
    outer loop
      vertex -3.33342 86.9888 10.0274
      vertex -36.0366 87 10.02
      vertex -3.31476 87 10.02
    endloop
  endfacet
  facet normal 8.25664e-07 -0.549578 -0.835442
    outer loop
      vertex -3.80636 86.6381 10.2581
      vertex -36.0366 87 10.02
      vertex -3.33342 86.9888 10.0274
    endloop
  endfacet
  facet normal 1.40477e-07 -0.54962 -0.835414
    outer loop
      vertex -4.24264 86.2426 10.5183
      vertex -36.0366 87 10.02
      vertex -3.80636 86.6381 10.2581
    endloop
  endfacet
  facet normal -9.04498e-07 -0.549651 -0.835394
    outer loop
      vertex -4.63806 85.8064 10.8053
      vertex -36.0366 87 10.02
      vertex -4.24264 86.2426 10.5183
    endloop
  endfacet
  facet normal 6.4529e-06 -0.549516 -0.835483
    outer loop
      vertex -4.98882 85.3334 11.1164
      vertex -36.0366 87 10.02
      vertex -4.63806 85.8064 10.8053
    endloop
  endfacet
  facet normal -6.66805e-06 -0.549687 -0.835371
    outer loop
      vertex -5.29153 84.8284 11.4487
      vertex -36.0366 87 10.02
      vertex -4.98882 85.3334 11.1164
    endloop
  endfacet
  facet normal 1.32878e-07 -0.549619 -0.835415
    outer loop
      vertex -5.54328 84.2961 11.7989
      vertex -36.0366 87 10.02
      vertex -5.29153 84.8284 11.4487
    endloop
  endfacet
  facet normal 5.26072e-06 -0.549579 -0.835442
    outer loop
      vertex -5.74164 83.7417 12.1636
      vertex -36.0366 87 10.02
      vertex -5.54328 84.2961 11.7989
    endloop
  endfacet
  facet normal 0.388638 -0.388638 -0.835417
    outer loop
      vertex -49 20.2965 35.02
      vertex -36.0366 87 10.02
      vertex -20.2965 49 35.02
    endloop
  endfacet
  facet normal 0.388638 -0.388638 -0.835417
    outer loop
      vertex -36.0366 87 10.02
      vertex -49 20.2965 35.02
      vertex -87 36.0366 10.02
    endloop
  endfacet
  facet normal 0 0 -1
    outer loop
      vertex 90 -37.2792 3.35
      vertex 87 -36.0366 3.35
      vertex 90 37.2792 3.35
    endloop
  endfacet
  facet normal 0 0 -1
    outer loop
      vertex 37.2792 -90 3.35
      vertex 87 -36.0366 3.35
      vertex 90 -37.2792 3.35
    endloop
  endfacet
  facet normal 0 0 -1
    outer loop
      vertex 37.2792 -90 3.35
      vertex 36.0366 -87 3.35
      vertex 87 -36.0366 3.35
    endloop
  endfacet
  facet normal 0 0 -1
    outer loop
      vertex 37.2792 -90 3.35
      vertex 3.82135 -87 3.35
      vertex 36.0366 -87 3.35
    endloop
  endfacet
  facet normal 0 0 -1
    outer loop
      vertex 37.2792 -90 3.35
      vertex 3.50009 -87.2383 3.35
      vertex 3.82135 -87 3.35
    endloop
  endfacet
  facet normal 0 0 -1
    outer loop
      vertex 37.2792 -90 3.35
      vertex 2.9698 -87.5561 3.35
      vertex 3.50009 -87.2383 3.35
    endloop
  endfacet
  facet normal 0 0 -1
    outer loop
      vertex 37.2792 -90 3.35
      vertex 2.4109 -87.8204 3.35
      vertex 2.9698 -87.5561 3.35
    endloop
  endfacet
  facet normal 0 0 -1
    outer loop
      vertex 37.2792 -90 3.35
      vertex 1.82879 -88.0287 3.35
      vertex 2.4109 -87.8204 3.35
    endloop
  endfacet
  facet normal 0 0 -1
    outer loop
      vertex 37.2792 -90 3.35
      vertex 1.22907 -88.1789 3.35
      vertex 1.82879 -88.0287 3.35
    endloop
  endfacet
  facet normal 0 0 -1
    outer loop
      vertex 37.2792 -90 3.35
      vertex 0.617508 -88.2697 3.35
      vertex 1.22907 -88.1789 3.35
    endloop
  endfacet
  facet normal 0 0 -1
    outer loop
      vertex 37.2792 -90 3.35
      vertex 0 -88.3 3.35
      vertex 0.617508 -88.2697 3.35
    endloop
  endfacet
  facet normal 0 0 -1
    outer loop
      vertex -37.2792 -90 3.35
      vertex -3.82135 -87 3.35
      vertex -3.50009 -87.2383 3.35
    endloop
  endfacet
  facet normal 0 0 -1
    outer loop
      vertex -37.2792 -90 3.35
      vertex -3.50009 -87.2383 3.35
      vertex -2.9698 -87.5561 3.35
    endloop
  endfacet
  facet normal 0 0 -1
    outer loop
      vertex -37.2792 -90 3.35
      vertex -2.9698 -87.5561 3.35
      vertex -2.4109 -87.8204 3.35
    endloop
  endfacet
  facet normal 0 0 -1
    outer loop
      vertex -37.2792 -90 3.35
      vertex -2.4109 -87.8204 3.35
      vertex -1.82879 -88.0287 3.35
    endloop
  endfacet
  facet normal 0 0 -1
    outer loop
      vertex -37.2792 -90 3.35
      vertex -1.82879 -88.0287 3.35
      vertex -1.22907 -88.1789 3.35
    endloop
  endfacet
  facet normal 0 0 -1
    outer loop
      vertex -37.2792 -90 3.35
      vertex -1.22907 -88.1789 3.35
      vertex -0.617508 -88.2697 3.35
    endloop
  endfacet
  facet normal 0 0 -1
    outer loop
      vertex -37.2792 -90 3.35
      vertex -0.617508 -88.2697 3.35
      vertex 0 -88.3 3.35
    endloop
  endfacet
  facet normal 0 0 -1
    outer loop
      vertex -37.2792 -90 3.35
      vertex 0 -88.3 3.35
      vertex 37.2792 -90 3.35
    endloop
  endfacet
  facet normal -0 0 -1
    outer loop
      vertex -3.82135 -87 3.35
      vertex -37.2792 -90 3.35
      vertex -36.0366 -87 3.35
    endloop
  endfacet
  facet normal 0 0 -1
    outer loop
      vertex -37.2792 -90 3.35
      vertex -87 -36.0366 3.35
      vertex -36.0366 -87 3.35
    endloop
  endfacet
  facet normal -0 0 -1
    outer loop
      vertex -87 -36.0366 3.35
      vertex -90 -37.2792 3.35
      vertex -87 36.0366 3.35
    endloop
  endfacet
  facet normal 0 0 -1
    outer loop
      vertex -90 -37.2792 3.35
      vertex -87 -36.0366 3.35
      vertex -37.2792 -90 3.35
    endloop
  endfacet
  facet normal 0 0 -1
    outer loop
      vertex 87 36.0366 3.35
      vertex 90 37.2792 3.35
      vertex 87 -36.0366 3.35
    endloop
  endfacet
  facet normal 0 0 -1
    outer loop
      vertex 87 36.0366 3.35
      vertex 37.2792 90 3.35
      vertex 90 37.2792 3.35
    endloop
  endfacet
  facet normal 0 0 -1
    outer loop
      vertex 36.0366 87 3.35
      vertex 37.2792 90 3.35
      vertex 87 36.0366 3.35
    endloop
  endfacet
  facet normal 0 0 -1
    outer loop
      vertex 3.82135 87 3.35
      vertex 37.2792 90 3.35
      vertex 36.0366 87 3.35
    endloop
  endfacet
  facet normal 0 0 -1
    outer loop
      vertex 3.50009 87.2383 3.35
      vertex 37.2792 90 3.35
      vertex 3.82135 87 3.35
    endloop
  endfacet
  facet normal 0 0 -1
    outer loop
      vertex 2.9698 87.5561 3.35
      vertex 37.2792 90 3.35
      vertex 3.50009 87.2383 3.35
    endloop
  endfacet
  facet normal 0 0 -1
    outer loop
      vertex 2.4109 87.8204 3.35
      vertex 37.2792 90 3.35
      vertex 2.9698 87.5561 3.35
    endloop
  endfacet
  facet normal 0 0 -1
    outer loop
      vertex 1.82879 88.0287 3.35
      vertex 37.2792 90 3.35
      vertex 2.4109 87.8204 3.35
    endloop
  endfacet
  facet normal 0 0 -1
    outer loop
      vertex 1.22907 88.1789 3.35
      vertex 37.2792 90 3.35
      vertex 1.82879 88.0287 3.35
    endloop
  endfacet
  facet normal 0 0 -1
    outer loop
      vertex 0.617508 88.2697 3.35
      vertex 37.2792 90 3.35
      vertex 1.22907 88.1789 3.35
    endloop
  endfacet
  facet normal 0 0 -1
    outer loop
      vertex 0 88.3 3.35
      vertex 37.2792 90 3.35
      vertex 0.617508 88.2697 3.35
    endloop
  endfacet
  facet normal 0 0 -1
    outer loop
      vertex -37.2792 90 3.35
      vertex -3.82135 87 3.35
      vertex -36.0366 87 3.35
    endloop
  endfacet
  facet normal 0 0 -1
    outer loop
      vertex -3.82135 87 3.35
      vertex -37.2792 90 3.35
      vertex -3.50009 87.2383 3.35
    endloop
  endfacet
  facet normal 0 0 -1
    outer loop
      vertex -3.50009 87.2383 3.35
      vertex -37.2792 90 3.35
      vertex -2.9698 87.5561 3.35
    endloop
  endfacet
  facet normal 0 0 -1
    outer loop
      vertex -2.9698 87.5561 3.35
      vertex -37.2792 90 3.35
      vertex -2.4109 87.8204 3.35
    endloop
  endfacet
  facet normal 0 0 -1
    outer loop
      vertex -2.4109 87.8204 3.35
      vertex -37.2792 90 3.35
      vertex -1.82879 88.0287 3.35
    endloop
  endfacet
  facet normal 0 0 -1
    outer loop
      vertex -1.82879 88.0287 3.35
      vertex -37.2792 90 3.35
      vertex -1.22907 88.1789 3.35
    endloop
  endfacet
  facet normal 0 0 -1
    outer loop
      vertex -1.22907 88.1789 3.35
      vertex -37.2792 90 3.35
      vertex -0.617508 88.2697 3.35
    endloop
  endfacet
  facet normal 0 0 -1
    outer loop
      vertex -0.617508 88.2697 3.35
      vertex -37.2792 90 3.35
      vertex 0 88.3 3.35
    endloop
  endfacet
  facet normal 0 0 -1
    outer loop
      vertex 0 88.3 3.35
      vertex -37.2792 90 3.35
      vertex 37.2792 90 3.35
    endloop
  endfacet
  facet normal 0 0 -1
    outer loop
      vertex -87 36.0366 3.35
      vertex -37.2792 90 3.35
      vertex -36.0366 87 3.35
    endloop
  endfacet
  facet normal 0 0 -1
    outer loop
      vertex -87 36.0366 3.35
      vertex -90 37.2792 3.35
      vertex -37.2792 90 3.35
    endloop
  endfacet
  facet normal 0 0 -1
    outer loop
      vertex -90 37.2792 3.35
      vertex -87 36.0366 3.35
      vertex -90 -37.2792 3.35
    endloop
  endfacet
  facet normal 0 0 -1
    outer loop
      vertex 3.50009 -87.2383 3.35
      vertex 3.31476 -87 3.35
      vertex 3.82135 -87 3.35
    endloop
  endfacet
  facet normal 0 -0 -1
    outer loop
      vertex 3.31476 -87 3.35
      vertex 3.50009 -87.2383 3.35
      vertex 2.9698 -87.5561 3.35
    endloop
  endfacet
  facet normal 0 0 -1
    outer loop
      vertex 5.5561 -84.9698 3.35
      vertex 5.2486 -84.9 3.35
      vertex 5.58912 -84.9 3.35
    endloop
  endfacet
  facet normal 0 -0 -1
    outer loop
      vertex 5.2486 -84.9 3.35
      vertex 5.5561 -84.9698 3.35
      vertex 5.23826 -85.5001 3.35
    endloop
  endfacet
  facet normal 0 0 -1
    outer loop
      vertex 1.7 -82 3.35
      vertex 6 -82 3.35
      vertex 5.97111 -82.5881 3.35
    endloop
  endfacet
  facet normal 0 0 -1
    outer loop
      vertex 1.69181 -82.1666 3.35
      vertex 5.97111 -82.5881 3.35
      vertex 5.88471 -83.1705 3.35
    endloop
  endfacet
  facet normal 0 0 -1
    outer loop
      vertex 6 -82 3.35
      vertex 1.7 -82 3.35
      vertex 5.97111 -81.4119 3.35
    endloop
  endfacet
  facet normal 0 0 -1
    outer loop
      vertex 1.66733 -82.3316 3.35
      vertex 5.88471 -83.1705 3.35
      vertex 5.74164 -83.7417 3.35
    endloop
  endfacet
  facet normal 0 0 -1
    outer loop
      vertex 1.69181 -81.8334 3.35
      vertex 5.97111 -81.4119 3.35
      vertex 1.7 -82 3.35
    endloop
  endfacet
  facet normal 0 0 -1
    outer loop
      vertex 1.6268 -82.4935 3.35
      vertex 5.74164 -83.7417 3.35
      vertex 5.54328 -84.2961 3.35
    endloop
  endfacet
  facet normal -0 0 -1
    outer loop
      vertex 5.97111 -81.4119 3.35
      vertex 1.69181 -81.8334 3.35
      vertex 5.88471 -80.8295 3.35
    endloop
  endfacet
  facet normal 0 0 -1
    outer loop
      vertex 1.57059 -82.6506 3.35
      vertex 5.54328 -84.2961 3.35
      vertex 5.29153 -84.8284 3.35
    endloop
  endfacet
  facet normal 0 0 -1
    outer loop
      vertex 1.66733 -81.6684 3.35
      vertex 5.88471 -80.8295 3.35
      vertex 1.69181 -81.8334 3.35
    endloop
  endfacet
  facet normal 0 0 -1
    outer loop
      vertex 1.49927 -82.8014 3.35
      vertex 5.29153 -84.8284 3.35
      vertex 5.2486 -84.9 3.35
    endloop
  endfacet
  facet normal 0 0 -1
    outer loop
      vertex 4.86997 -85.9967 3.35
      vertex 5.2486 -84.9 3.35
      vertex 5.23826 -85.5001 3.35
    endloop
  endfacet
  facet normal 0 0 -1
    outer loop
      vertex 5.97111 -82.5881 3.35
      vertex 1.69181 -82.1666 3.35
      vertex 1.7 -82 3.35
    endloop
  endfacet
  facet normal 0 0 -1
    outer loop
      vertex 3.72285 -86.7 3.35
      vertex 5.2486 -84.9 3.35
      vertex 4.86997 -85.9967 3.35
    endloop
  endfacet
  facet normal -0 0 -1
    outer loop
      vertex 5.88471 -80.8295 3.35
      vertex 1.66733 -81.6684 3.35
      vertex 5.74164 -80.2583 3.35
    endloop
  endfacet
  facet normal 0 0 -1
    outer loop
      vertex 3.72285 -86.7 3.35
      vertex 4.86997 -85.9967 3.35
      vertex 4.45477 -86.4548 3.35
    endloop
  endfacet
  facet normal 0 0 -1
    outer loop
      vertex 1.6268 -81.5065 3.35
      vertex 5.74164 -80.2583 3.35
      vertex 1.66733 -81.6684 3.35
    endloop
  endfacet
  facet normal 0 0 -1
    outer loop
      vertex 3.72285 -86.7 3.35
      vertex 4.45477 -86.4548 3.35
      vertex 4.18421 -86.7 3.35
    endloop
  endfacet
  facet normal 0 0 -1
    outer loop
      vertex 1.57059 -81.3494 3.35
      vertex 5.54328 -79.7039 3.35
      vertex 1.6268 -81.5065 3.35
    endloop
  endfacet
  facet normal -0 0 -1
    outer loop
      vertex 5.2486 -84.9 3.35
      vertex 3.72285 -86.7 3.35
      vertex 1.31412 -83.0785 3.35
    endloop
  endfacet
  facet normal 0 0 -1
    outer loop
      vertex 0.944468 -83.4135 3.35
      vertex 3.72285 -86.7 3.35
      vertex 3.33342 -86.9888 3.35
    endloop
  endfacet
  facet normal -0 0 -1
    outer loop
      vertex 5.54328 -79.7039 3.35
      vertex 1.57059 -81.3494 3.35
      vertex 5.29153 -79.1716 3.35
    endloop
  endfacet
  facet normal 0 0 -1
    outer loop
      vertex 0.944468 -83.4135 3.35
      vertex 3.33342 -86.9888 3.35
      vertex 3.31476 -87 3.35
    endloop
  endfacet
  facet normal 0 0 -1
    outer loop
      vertex 2.4109 -87.8204 3.35
      vertex 3.31476 -87 3.35
      vertex 2.9698 -87.5561 3.35
    endloop
  endfacet
  facet normal 0 0 -1
    outer loop
      vertex 1.49927 -81.1986 3.35
      vertex 5.29153 -79.1716 3.35
      vertex 1.57059 -81.3494 3.35
    endloop
  endfacet
  facet normal 0 0 -1
    outer loop
      vertex 0.650561 -83.5706 3.35
      vertex 3.31476 -87 3.35
      vertex 2.4109 -87.8204 3.35
    endloop
  endfacet
  facet normal -0 0 -1
    outer loop
      vertex 5.29153 -79.1716 3.35
      vertex 1.49927 -81.1986 3.35
      vertex 4.98882 -78.6666 3.35
    endloop
  endfacet
  facet normal 0 0 -1
    outer loop
      vertex 0.650561 -83.5706 3.35
      vertex 2.4109 -87.8204 3.35
      vertex 1.82879 -88.0287 3.35
    endloop
  endfacet
  facet normal 0 0 -1
    outer loop
      vertex 1.4135 -81.0555 3.35
      vertex 4.98882 -78.6666 3.35
      vertex 1.49927 -81.1986 3.35
    endloop
  endfacet
  facet normal -0 0 -1
    outer loop
      vertex 4.98882 -78.6666 3.35
      vertex 1.4135 -81.0555 3.35
      vertex 4.63806 -78.1936 3.35
    endloop
  endfacet
  facet normal -0 0 -1
    outer loop
      vertex 5.74164 -80.2583 3.35
      vertex 1.6268 -81.5065 3.35
      vertex 5.54328 -79.7039 3.35
    endloop
  endfacet
  facet normal 0 0 -1
    outer loop
      vertex 5.88471 -83.1705 3.35
      vertex 1.66733 -82.3316 3.35
      vertex 1.69181 -82.1666 3.35
    endloop
  endfacet
  facet normal 0 0 -1
    outer loop
      vertex 5.74164 -83.7417 3.35
      vertex 1.6268 -82.4935 3.35
      vertex 1.66733 -82.3316 3.35
    endloop
  endfacet
  facet normal 0 0 -1
    outer loop
      vertex 5.54328 -84.2961 3.35
      vertex 1.57059 -82.6506 3.35
      vertex 1.6268 -82.4935 3.35
    endloop
  endfacet
  facet normal 0 0 -1
    outer loop
      vertex 5.29153 -84.8284 3.35
      vertex 1.49927 -82.8014 3.35
      vertex 1.57059 -82.6506 3.35
    endloop
  endfacet
  facet normal 0 0 -1
    outer loop
      vertex 5.2486 -84.9 3.35
      vertex 1.4135 -82.9445 3.35
      vertex 1.49927 -82.8014 3.35
    endloop
  endfacet
  facet normal 0 0 -1
    outer loop
      vertex 5.2486 -84.9 3.35
      vertex 1.31412 -83.0785 3.35
      vertex 1.4135 -82.9445 3.35
    endloop
  endfacet
  facet normal 0 0 -1
    outer loop
      vertex 0.493484 -83.6268 3.35
      vertex 1.82879 -88.0287 3.35
      vertex 1.22907 -88.1789 3.35
    endloop
  endfacet
  facet normal 0 0 -1
    outer loop
      vertex 3.72285 -86.7 3.35
      vertex 1.20208 -83.2021 3.35
      vertex 1.31412 -83.0785 3.35
    endloop
  endfacet
  facet normal 0 0 -1
    outer loop
      vertex 3.72285 -86.7 3.35
      vertex 1.07847 -83.3141 3.35
      vertex 1.20208 -83.2021 3.35
    endloop
  endfacet
  facet normal 0 0 -1
    outer loop
      vertex 3.72285 -86.7 3.35
      vertex 0.944468 -83.4135 3.35
      vertex 1.07847 -83.3141 3.35
    endloop
  endfacet
  facet normal 0 0 -1
    outer loop
      vertex 3.31476 -87 3.35
      vertex 0.801374 -83.4993 3.35
      vertex 0.944468 -83.4135 3.35
    endloop
  endfacet
  facet normal 0 0 -1
    outer loop
      vertex 3.31476 -87 3.35
      vertex 0.650561 -83.5706 3.35
      vertex 0.801374 -83.4993 3.35
    endloop
  endfacet
  facet normal 0 0 -1
    outer loop
      vertex 0.331653 -83.6673 3.35
      vertex 1.22907 -88.1789 3.35
      vertex 0.617508 -88.2697 3.35
    endloop
  endfacet
  facet normal 0 0 -1
    outer loop
      vertex 1.82879 -88.0287 3.35
      vertex 0.493484 -83.6268 3.35
      vertex 0.650561 -83.5706 3.35
    endloop
  endfacet
  facet normal 0 0 -1
    outer loop
      vertex 1.22907 -88.1789 3.35
      vertex 0.331653 -83.6673 3.35
      vertex 0.493484 -83.6268 3.35
    endloop
  endfacet
  facet normal 0 0 -1
    outer loop
      vertex 0.617508 -88.2697 3.35
      vertex 0.166629 -83.6918 3.35
      vertex 0.331653 -83.6673 3.35
    endloop
  endfacet
  facet normal 0 0 -1
    outer loop
      vertex 0 -88.3 3.35
      vertex 0.166629 -83.6918 3.35
      vertex 0.617508 -88.2697 3.35
    endloop
  endfacet
  facet normal 0 0 -1
    outer loop
      vertex 0 -88.3 3.35
      vertex 0 -83.7 3.35
      vertex 0.166629 -83.6918 3.35
    endloop
  endfacet
  facet normal 0 0 -1
    outer loop
      vertex 0 -88.3 3.35
      vertex -0.166629 -83.6918 3.35
      vertex 0 -83.7 3.35
    endloop
  endfacet
  facet normal 0 0 -1
    outer loop
      vertex -0.617508 -88.2697 3.35
      vertex -0.166629 -83.6918 3.35
      vertex 0 -88.3 3.35
    endloop
  endfacet
  facet normal -0 0 -1
    outer loop
      vertex -0.166629 -83.6918 3.35
      vertex -0.617508 -88.2697 3.35
      vertex -0.331653 -83.6673 3.35
    endloop
  endfacet
  facet normal 0 0 -1
    outer loop
      vertex -1.22907 -88.1789 3.35
      vertex -0.331653 -83.6673 3.35
      vertex -0.617508 -88.2697 3.35
    endloop
  endfacet
  facet normal -0 0 -1
    outer loop
      vertex -0.331653 -83.6673 3.35
      vertex -1.22907 -88.1789 3.35
      vertex -0.493484 -83.6268 3.35
    endloop
  endfacet
  facet normal 0 0 -1
    outer loop
      vertex -1.82879 -88.0287 3.35
      vertex -0.493484 -83.6268 3.35
      vertex -1.22907 -88.1789 3.35
    endloop
  endfacet
  facet normal -0 0 -1
    outer loop
      vertex -0.493484 -83.6268 3.35
      vertex -1.82879 -88.0287 3.35
      vertex -0.650561 -83.5706 3.35
    endloop
  endfacet
  facet normal 0 0 -1
    outer loop
      vertex -3.31476 -87 3.35
      vertex -0.650561 -83.5706 3.35
      vertex -1.82879 -88.0287 3.35
    endloop
  endfacet
  facet normal -0 0 -1
    outer loop
      vertex -0.650561 -83.5706 3.35
      vertex -3.31476 -87 3.35
      vertex -0.801374 -83.4993 3.35
    endloop
  endfacet
  facet normal -0 0 -1
    outer loop
      vertex -0.801374 -83.4993 3.35
      vertex -3.31476 -87 3.35
      vertex -0.944468 -83.4135 3.35
    endloop
  endfacet
  facet normal 0 0 -1
    outer loop
      vertex -3.33342 -86.9888 3.35
      vertex -0.944468 -83.4135 3.35
      vertex -3.31476 -87 3.35
    endloop
  endfacet
  facet normal 0 0 -1
    outer loop
      vertex -3.72285 -86.7 3.35
      vertex -0.944468 -83.4135 3.35
      vertex -3.33342 -86.9888 3.35
    endloop
  endfacet
  facet normal -0 0 -1
    outer loop
      vertex -0.944468 -83.4135 3.35
      vertex -3.72285 -86.7 3.35
      vertex -1.07847 -83.3141 3.35
    endloop
  endfacet
  facet normal -0 0 -1
    outer loop
      vertex -1.07847 -83.3141 3.35
      vertex -3.72285 -86.7 3.35
      vertex -1.20208 -83.2021 3.35
    endloop
  endfacet
  facet normal -0 0 -1
    outer loop
      vertex -1.20208 -83.2021 3.35
      vertex -3.72285 -86.7 3.35
      vertex -1.31412 -83.0785 3.35
    endloop
  endfacet
  facet normal 0 0 -1
    outer loop
      vertex -5.2486 -84.9 3.35
      vertex -1.31412 -83.0785 3.35
      vertex -3.72285 -86.7 3.35
    endloop
  endfacet
  facet normal -0 0 -1
    outer loop
      vertex -1.4135 -82.9445 3.35
      vertex -5.2486 -84.9 3.35
      vertex -1.49927 -82.8014 3.35
    endloop
  endfacet
  facet normal 0 0 -1
    outer loop
      vertex -5.29153 -84.8284 3.35
      vertex -1.49927 -82.8014 3.35
      vertex -5.2486 -84.9 3.35
    endloop
  endfacet
  facet normal -0 0 -1
    outer loop
      vertex -1.49927 -82.8014 3.35
      vertex -5.29153 -84.8284 3.35
      vertex -1.57059 -82.6506 3.35
    endloop
  endfacet
  facet normal 0 0 -1
    outer loop
      vertex -5.54328 -84.2961 3.35
      vertex -1.57059 -82.6506 3.35
      vertex -5.29153 -84.8284 3.35
    endloop
  endfacet
  facet normal -0 0 -1
    outer loop
      vertex -1.57059 -82.6506 3.35
      vertex -5.54328 -84.2961 3.35
      vertex -1.6268 -82.4935 3.35
    endloop
  endfacet
  facet normal 0 0 -1
    outer loop
      vertex -3.31476 -87 3.35
      vertex -1.82879 -88.0287 3.35
      vertex -2.4109 -87.8204 3.35
    endloop
  endfacet
  facet normal 0 0 -1
    outer loop
      vertex -1.7 -82 3.35
      vertex -2.2961 -76.4567 3.35
      vertex -1.74171 -76.2584 3.35
    endloop
  endfacet
  facet normal 0 0 -1
    outer loop
      vertex -3.31476 -87 3.35
      vertex -2.4109 -87.8204 3.35
      vertex -2.9698 -87.5561 3.35
    endloop
  endfacet
  facet normal 0 0 -1
    outer loop
      vertex -1.7 -82 3.35
      vertex -2.82838 -76.7085 3.35
      vertex -2.2961 -76.4567 3.35
    endloop
  endfacet
  facet normal -0 0 -1
    outer loop
      vertex -1.31412 -83.0785 3.35
      vertex -5.2486 -84.9 3.35
      vertex -1.4135 -82.9445 3.35
    endloop
  endfacet
  facet normal 0 0 -1
    outer loop
      vertex -1.7 -82 3.35
      vertex -3.33342 -77.0112 3.35
      vertex -2.82838 -76.7085 3.35
    endloop
  endfacet
  facet normal 0 0 -1
    outer loop
      vertex -5.74164 -83.7417 3.35
      vertex -1.6268 -82.4935 3.35
      vertex -5.54328 -84.2961 3.35
    endloop
  endfacet
  facet normal 0 0 -1
    outer loop
      vertex -1.7 -82 3.35
      vertex -3.80636 -77.3619 3.35
      vertex -3.33342 -77.0112 3.35
    endloop
  endfacet
  facet normal 0 0 -1
    outer loop
      vertex -4.45477 -86.4548 3.35
      vertex -3.72285 -86.7 3.35
      vertex -4.18421 -86.7 3.35
    endloop
  endfacet
  facet normal -0 0 -1
    outer loop
      vertex -1.6268 -82.4935 3.35
      vertex -5.74164 -83.7417 3.35
      vertex -1.66733 -82.3316 3.35
    endloop
  endfacet
  facet normal 0 0 -1
    outer loop
      vertex -4.86997 -85.9967 3.35
      vertex -3.72285 -86.7 3.35
      vertex -4.45477 -86.4548 3.35
    endloop
  endfacet
  facet normal 0 0 -1
    outer loop
      vertex -1.7 -82 3.35
      vertex -4.24264 -77.7574 3.35
      vertex -3.80636 -77.3619 3.35
    endloop
  endfacet
  facet normal 0 0 -1
    outer loop
      vertex -3.72285 -86.7 3.35
      vertex -4.86997 -85.9967 3.35
      vertex -5.2486 -84.9 3.35
    endloop
  endfacet
  facet normal 0 0 -1
    outer loop
      vertex -1.7 -82 3.35
      vertex -4.63806 -78.1936 3.35
      vertex -4.24264 -77.7574 3.35
    endloop
  endfacet
  facet normal 0 0 -1
    outer loop
      vertex -5.2486 -84.9 3.35
      vertex -4.86997 -85.9967 3.35
      vertex -5.23826 -85.5001 3.35
    endloop
  endfacet
  facet normal 0 0 -1
    outer loop
      vertex -1.7 -82 3.35
      vertex -4.98882 -78.6666 3.35
      vertex -4.63806 -78.1936 3.35
    endloop
  endfacet
  facet normal 0 0 -1
    outer loop
      vertex -5.88471 -83.1705 3.35
      vertex -1.66733 -82.3316 3.35
      vertex -5.74164 -83.7417 3.35
    endloop
  endfacet
  facet normal 0 0 -1
    outer loop
      vertex -1.7 -82 3.35
      vertex -5.29153 -79.1716 3.35
      vertex -4.98882 -78.6666 3.35
    endloop
  endfacet
  facet normal -0 0 -1
    outer loop
      vertex -1.66733 -82.3316 3.35
      vertex -5.88471 -83.1705 3.35
      vertex -1.69181 -82.1666 3.35
    endloop
  endfacet
  facet normal 0 0 -1
    outer loop
      vertex -1.7 -82 3.35
      vertex -5.54328 -79.7039 3.35
      vertex -5.29153 -79.1716 3.35
    endloop
  endfacet
  facet normal 0 0 -1
    outer loop
      vertex -5.97111 -82.5881 3.35
      vertex -1.69181 -82.1666 3.35
      vertex -5.88471 -83.1705 3.35
    endloop
  endfacet
  facet normal 0 0 -1
    outer loop
      vertex -1.7 -82 3.35
      vertex -5.74164 -80.2583 3.35
      vertex -5.54328 -79.7039 3.35
    endloop
  endfacet
  facet normal -0 0 -1
    outer loop
      vertex -1.69181 -82.1666 3.35
      vertex -5.97111 -82.5881 3.35
      vertex -1.7 -82 3.35
    endloop
  endfacet
  facet normal 0 0 -1
    outer loop
      vertex -1.7 -82 3.35
      vertex -5.88471 -80.8295 3.35
      vertex -5.74164 -80.2583 3.35
    endloop
  endfacet
  facet normal 0 0 -1
    outer loop
      vertex -6 -82 3.35
      vertex -1.7 -82 3.35
      vertex -5.97111 -82.5881 3.35
    endloop
  endfacet
  facet normal 0 0 -1
    outer loop
      vertex -1.7 -82 3.35
      vertex -5.97111 -81.4119 3.35
      vertex -5.88471 -80.8295 3.35
    endloop
  endfacet
  facet normal 0 0 -1
    outer loop
      vertex -1.7 -82 3.35
      vertex -6 -82 3.35
      vertex -5.97111 -81.4119 3.35
    endloop
  endfacet
  facet normal 0 0 -1
    outer loop
      vertex -5.5561 -84.9698 3.35
      vertex -5.2486 -84.9 3.35
      vertex -5.23826 -85.5001 3.35
    endloop
  endfacet
  facet normal -0 0 -1
    outer loop
      vertex -5.2486 -84.9 3.35
      vertex -5.5561 -84.9698 3.35
      vertex -5.58912 -84.9 3.35
    endloop
  endfacet
  facet normal 0 0 -1
    outer loop
      vertex -3.50009 -87.2383 3.35
      vertex -3.31476 -87 3.35
      vertex -2.9698 -87.5561 3.35
    endloop
  endfacet
  facet normal -0 0 -1
    outer loop
      vertex -3.31476 -87 3.35
      vertex -3.50009 -87.2383 3.35
      vertex -3.82135 -87 3.35
    endloop
  endfacet
  facet normal 0 0 -1
    outer loop
      vertex 1.31412 -80.9215 3.35
      vertex 4.63806 -78.1936 3.35
      vertex 1.4135 -81.0555 3.35
    endloop
  endfacet
  facet normal -0 0 -1
    outer loop
      vertex 4.63806 -78.1936 3.35
      vertex 1.31412 -80.9215 3.35
      vertex 4.24264 -77.7574 3.35
    endloop
  endfacet
  facet normal 0 0 -1
    outer loop
      vertex 1.20208 -80.7979 3.35
      vertex 4.24264 -77.7574 3.35
      vertex 1.31412 -80.9215 3.35
    endloop
  endfacet
  facet normal -0 0 -1
    outer loop
      vertex 4.24264 -77.7574 3.35
      vertex 1.20208 -80.7979 3.35
      vertex 3.80636 -77.3619 3.35
    endloop
  endfacet
  facet normal 0 0 -1
    outer loop
      vertex 1.07847 -80.6859 3.35
      vertex 3.80636 -77.3619 3.35
      vertex 1.20208 -80.7979 3.35
    endloop
  endfacet
  facet normal -0 0 -1
    outer loop
      vertex 3.80636 -77.3619 3.35
      vertex 1.07847 -80.6859 3.35
      vertex 3.33342 -77.0112 3.35
    endloop
  endfacet
  facet normal 0 0 -1
    outer loop
      vertex 0.944468 -80.5865 3.35
      vertex 3.33342 -77.0112 3.35
      vertex 1.07847 -80.6859 3.35
    endloop
  endfacet
  facet normal -0 0 -1
    outer loop
      vertex 3.33342 -77.0112 3.35
      vertex 0.944468 -80.5865 3.35
      vertex 2.82838 -76.7085 3.35
    endloop
  endfacet
  facet normal 0 0 -1
    outer loop
      vertex 0.801374 -80.5007 3.35
      vertex 2.82838 -76.7085 3.35
      vertex 0.944468 -80.5865 3.35
    endloop
  endfacet
  facet normal -0 0 -1
    outer loop
      vertex 2.82838 -76.7085 3.35
      vertex 0.801374 -80.5007 3.35
      vertex 2.2961 -76.4567 3.35
    endloop
  endfacet
  facet normal 0 0 -1
    outer loop
      vertex 0.650561 -80.4294 3.35
      vertex 2.2961 -76.4567 3.35
      vertex 0.801374 -80.5007 3.35
    endloop
  endfacet
  facet normal -0 0 -1
    outer loop
      vertex 2.2961 -76.4567 3.35
      vertex 0.650561 -80.4294 3.35
      vertex 1.74171 -76.2584 3.35
    endloop
  endfacet
  facet normal 0 0 -1
    outer loop
      vertex 0.493484 -80.3732 3.35
      vertex 1.74171 -76.2584 3.35
      vertex 0.650561 -80.4294 3.35
    endloop
  endfacet
  facet normal -0 0 -1
    outer loop
      vertex 1.74171 -76.2584 3.35
      vertex 0.493484 -80.3732 3.35
      vertex 1.17054 -76.1153 3.35
    endloop
  endfacet
  facet normal 0 0 -1
    outer loop
      vertex 0.331653 -80.3327 3.35
      vertex 1.17054 -76.1153 3.35
      vertex 0.493484 -80.3732 3.35
    endloop
  endfacet
  facet normal -0 0 -1
    outer loop
      vertex 1.17054 -76.1153 3.35
      vertex 0.331653 -80.3327 3.35
      vertex 0.588102 -76.0289 3.35
    endloop
  endfacet
  facet normal 0 0 -1
    outer loop
      vertex 0.166629 -80.3082 3.35
      vertex 0.588102 -76.0289 3.35
      vertex 0.331653 -80.3327 3.35
    endloop
  endfacet
  facet normal 0 0 -1
    outer loop
      vertex 0 -80.3 3.35
      vertex 0.588102 -76.0289 3.35
      vertex 0.166629 -80.3082 3.35
    endloop
  endfacet
  facet normal 0 0 -1
    outer loop
      vertex 0 -80.3 3.35
      vertex 0 -76 3.35
      vertex 0.588102 -76.0289 3.35
    endloop
  endfacet
  facet normal 0 0 -1
    outer loop
      vertex -0.166629 -80.3082 3.35
      vertex 0 -76 3.35
      vertex 0 -80.3 3.35
    endloop
  endfacet
  facet normal 0 0 -1
    outer loop
      vertex -0.588102 -76.0289 3.35
      vertex -0.166629 -80.3082 3.35
      vertex -0.331653 -80.3327 3.35
    endloop
  endfacet
  facet normal 0 0 -1
    outer loop
      vertex -1.17054 -76.1153 3.35
      vertex -0.331653 -80.3327 3.35
      vertex -0.493484 -80.3732 3.35
    endloop
  endfacet
  facet normal 0 0 -1
    outer loop
      vertex -0.166629 -80.3082 3.35
      vertex -0.588102 -76.0289 3.35
      vertex 0 -76 3.35
    endloop
  endfacet
  facet normal 0 0 -1
    outer loop
      vertex -1.74171 -76.2584 3.35
      vertex -0.493484 -80.3732 3.35
      vertex -0.650561 -80.4294 3.35
    endloop
  endfacet
  facet normal 0 0 -1
    outer loop
      vertex -1.74171 -76.2584 3.35
      vertex -0.650561 -80.4294 3.35
      vertex -0.801374 -80.5007 3.35
    endloop
  endfacet
  facet normal 0 0 -1
    outer loop
      vertex -1.74171 -76.2584 3.35
      vertex -0.801374 -80.5007 3.35
      vertex -0.944468 -80.5865 3.35
    endloop
  endfacet
  facet normal 0 0 -1
    outer loop
      vertex -1.74171 -76.2584 3.35
      vertex -0.944468 -80.5865 3.35
      vertex -1.07847 -80.6859 3.35
    endloop
  endfacet
  facet normal 0 0 -1
    outer loop
      vertex -0.331653 -80.3327 3.35
      vertex -1.17054 -76.1153 3.35
      vertex -0.588102 -76.0289 3.35
    endloop
  endfacet
  facet normal 0 0 -1
    outer loop
      vertex -1.74171 -76.2584 3.35
      vertex -1.07847 -80.6859 3.35
      vertex -1.20208 -80.7979 3.35
    endloop
  endfacet
  facet normal 0 0 -1
    outer loop
      vertex -1.74171 -76.2584 3.35
      vertex -1.20208 -80.7979 3.35
      vertex -1.31412 -80.9215 3.35
    endloop
  endfacet
  facet normal 0 0 -1
    outer loop
      vertex -1.74171 -76.2584 3.35
      vertex -1.31412 -80.9215 3.35
      vertex -1.4135 -81.0555 3.35
    endloop
  endfacet
  facet normal 0 0 -1
    outer loop
      vertex -1.74171 -76.2584 3.35
      vertex -1.4135 -81.0555 3.35
      vertex -1.49927 -81.1986 3.35
    endloop
  endfacet
  facet normal 0 0 -1
    outer loop
      vertex -1.74171 -76.2584 3.35
      vertex -1.49927 -81.1986 3.35
      vertex -1.57059 -81.3494 3.35
    endloop
  endfacet
  facet normal 0 0 -1
    outer loop
      vertex -1.74171 -76.2584 3.35
      vertex -1.57059 -81.3494 3.35
      vertex -1.6268 -81.5065 3.35
    endloop
  endfacet
  facet normal 0 0 -1
    outer loop
      vertex -1.74171 -76.2584 3.35
      vertex -1.6268 -81.5065 3.35
      vertex -1.66733 -81.6684 3.35
    endloop
  endfacet
  facet normal 0 0 -1
    outer loop
      vertex -1.74171 -76.2584 3.35
      vertex -1.66733 -81.6684 3.35
      vertex -1.69181 -81.8334 3.35
    endloop
  endfacet
  facet normal 0 0 -1
    outer loop
      vertex -0.493484 -80.3732 3.35
      vertex -1.74171 -76.2584 3.35
      vertex -1.17054 -76.1153 3.35
    endloop
  endfacet
  facet normal 0 0 -1
    outer loop
      vertex -1.74171 -76.2584 3.35
      vertex -1.69181 -81.8334 3.35
      vertex -1.7 -82 3.35
    endloop
  endfacet
  facet normal 0 0 -1
    outer loop
      vertex -3.31476 87 3.35
      vertex -3.50009 87.2383 3.35
      vertex -2.9698 87.5561 3.35
    endloop
  endfacet
  facet normal 0 -0 -1
    outer loop
      vertex -3.50009 87.2383 3.35
      vertex -3.31476 87 3.35
      vertex -3.82135 87 3.35
    endloop
  endfacet
  facet normal 0 0 -1
    outer loop
      vertex -5.2486 84.9 3.35
      vertex -5.5561 84.9698 3.35
      vertex -5.23826 85.5001 3.35
    endloop
  endfacet
  facet normal 0 -0 -1
    outer loop
      vertex -5.5561 84.9698 3.35
      vertex -5.2486 84.9 3.35
      vertex -5.58912 84.9 3.35
    endloop
  endfacet
  facet normal 0 0 -1
    outer loop
      vertex 5.97111 81.4119 3.35
      vertex 1.69181 81.8334 3.35
      vertex 1.7 82 3.35
    endloop
  endfacet
  facet normal 0 0 -1
    outer loop
      vertex 2.2961 76.4567 3.35
      vertex 1.66733 81.6684 3.35
      vertex 1.69181 81.8334 3.35
    endloop
  endfacet
  facet normal 0 0 -1
    outer loop
      vertex 2.2961 76.4567 3.35
      vertex 1.6268 81.5065 3.35
      vertex 1.66733 81.6684 3.35
    endloop
  endfacet
  facet normal 0 0 -1
    outer loop
      vertex 2.2961 76.4567 3.35
      vertex 1.57059 81.3494 3.35
      vertex 1.6268 81.5065 3.35
    endloop
  endfacet
  facet normal 0 0 -1
    outer loop
      vertex 2.2961 76.4567 3.35
      vertex 1.49927 81.1986 3.35
      vertex 1.57059 81.3494 3.35
    endloop
  endfacet
  facet normal 0 0 -1
    outer loop
      vertex 2.2961 76.4567 3.35
      vertex 1.4135 81.0555 3.35
      vertex 1.49927 81.1986 3.35
    endloop
  endfacet
  facet normal 0 0 -1
    outer loop
      vertex 2.2961 76.4567 3.35
      vertex 1.31412 80.9215 3.35
      vertex 1.4135 81.0555 3.35
    endloop
  endfacet
  facet normal 0 0 -1
    outer loop
      vertex 2.2961 76.4567 3.35
      vertex 1.20208 80.7979 3.35
      vertex 1.31412 80.9215 3.35
    endloop
  endfacet
  facet normal 0 0 -1
    outer loop
      vertex 0.493484 80.3732 3.35
      vertex 1.74171 76.2584 3.35
      vertex 1.17054 76.1153 3.35
    endloop
  endfacet
  facet normal 0 0 -1
    outer loop
      vertex 2.2961 76.4567 3.35
      vertex 1.07847 80.6859 3.35
      vertex 1.20208 80.7979 3.35
    endloop
  endfacet
  facet normal 0 0 -1
    outer loop
      vertex 2.2961 76.4567 3.35
      vertex 0.944468 80.5865 3.35
      vertex 1.07847 80.6859 3.35
    endloop
  endfacet
  facet normal 0 0 -1
    outer loop
      vertex 2.2961 76.4567 3.35
      vertex 0.801374 80.5007 3.35
      vertex 0.944468 80.5865 3.35
    endloop
  endfacet
  facet normal 0 0 -1
    outer loop
      vertex 2.2961 76.4567 3.35
      vertex 0.650561 80.4294 3.35
      vertex 0.801374 80.5007 3.35
    endloop
  endfacet
  facet normal 0 0 -1
    outer loop
      vertex 0.331653 80.3327 3.35
      vertex 1.17054 76.1153 3.35
      vertex 0.588102 76.0289 3.35
    endloop
  endfacet
  facet normal 0 0 -1
    outer loop
      vertex 1.74171 76.2584 3.35
      vertex 0.493484 80.3732 3.35
      vertex 0.650561 80.4294 3.35
    endloop
  endfacet
  facet normal 0 0 -1
    outer loop
      vertex 1.17054 76.1153 3.35
      vertex 0.331653 80.3327 3.35
      vertex 0.493484 80.3732 3.35
    endloop
  endfacet
  facet normal 0 0 -1
    outer loop
      vertex 0.588102 76.0289 3.35
      vertex 0.166629 80.3082 3.35
      vertex 0.331653 80.3327 3.35
    endloop
  endfacet
  facet normal 0 0 -1
    outer loop
      vertex 0 76 3.35
      vertex 0.166629 80.3082 3.35
      vertex 0.588102 76.0289 3.35
    endloop
  endfacet
  facet normal 0 0 -1
    outer loop
      vertex 0 76 3.35
      vertex 0 80.3 3.35
      vertex 0.166629 80.3082 3.35
    endloop
  endfacet
  facet normal 0 0 -1
    outer loop
      vertex 0 76 3.35
      vertex -0.166629 80.3082 3.35
      vertex 0 80.3 3.35
    endloop
  endfacet
  facet normal 0 0 -1
    outer loop
      vertex -0.588102 76.0289 3.35
      vertex -0.166629 80.3082 3.35
      vertex 0 76 3.35
    endloop
  endfacet
  facet normal -0 0 -1
    outer loop
      vertex -0.166629 80.3082 3.35
      vertex -0.588102 76.0289 3.35
      vertex -0.331653 80.3327 3.35
    endloop
  endfacet
  facet normal 0 0 -1
    outer loop
      vertex -1.17054 76.1153 3.35
      vertex -0.331653 80.3327 3.35
      vertex -0.588102 76.0289 3.35
    endloop
  endfacet
  facet normal -0 0 -1
    outer loop
      vertex -0.331653 80.3327 3.35
      vertex -1.17054 76.1153 3.35
      vertex -0.493484 80.3732 3.35
    endloop
  endfacet
  facet normal 0 0 -1
    outer loop
      vertex -1.74171 76.2584 3.35
      vertex -0.493484 80.3732 3.35
      vertex -1.17054 76.1153 3.35
    endloop
  endfacet
  facet normal -0 0 -1
    outer loop
      vertex -0.493484 80.3732 3.35
      vertex -1.74171 76.2584 3.35
      vertex -0.650561 80.4294 3.35
    endloop
  endfacet
  facet normal 0 0 -1
    outer loop
      vertex -2.2961 76.4567 3.35
      vertex -0.650561 80.4294 3.35
      vertex -1.74171 76.2584 3.35
    endloop
  endfacet
  facet normal -0 0 -1
    outer loop
      vertex -0.650561 80.4294 3.35
      vertex -2.2961 76.4567 3.35
      vertex -0.801374 80.5007 3.35
    endloop
  endfacet
  facet normal 0 0 -1
    outer loop
      vertex -2.82838 76.7085 3.35
      vertex -0.801374 80.5007 3.35
      vertex -2.2961 76.4567 3.35
    endloop
  endfacet
  facet normal -0 0 -1
    outer loop
      vertex -0.801374 80.5007 3.35
      vertex -2.82838 76.7085 3.35
      vertex -0.944468 80.5865 3.35
    endloop
  endfacet
  facet normal 0 0 -1
    outer loop
      vertex -3.33342 77.0112 3.35
      vertex -0.944468 80.5865 3.35
      vertex -2.82838 76.7085 3.35
    endloop
  endfacet
  facet normal -0 0 -1
    outer loop
      vertex -0.944468 80.5865 3.35
      vertex -3.33342 77.0112 3.35
      vertex -1.07847 80.6859 3.35
    endloop
  endfacet
  facet normal 0 0 -1
    outer loop
      vertex -3.80636 77.3619 3.35
      vertex -1.07847 80.6859 3.35
      vertex -3.33342 77.0112 3.35
    endloop
  endfacet
  facet normal -0 0 -1
    outer loop
      vertex -1.07847 80.6859 3.35
      vertex -3.80636 77.3619 3.35
      vertex -1.20208 80.7979 3.35
    endloop
  endfacet
  facet normal 0 0 -1
    outer loop
      vertex -4.24264 77.7574 3.35
      vertex -1.20208 80.7979 3.35
      vertex -3.80636 77.3619 3.35
    endloop
  endfacet
  facet normal -0 0 -1
    outer loop
      vertex -1.20208 80.7979 3.35
      vertex -4.24264 77.7574 3.35
      vertex -1.31412 80.9215 3.35
    endloop
  endfacet
  facet normal -0 0 -1
    outer loop
      vertex -1.31412 80.9215 3.35
      vertex -4.63806 78.1936 3.35
      vertex -1.4135 81.0555 3.35
    endloop
  endfacet
  facet normal 0 0 -1
    outer loop
      vertex -4.63806 78.1936 3.35
      vertex -1.31412 80.9215 3.35
      vertex -4.24264 77.7574 3.35
    endloop
  endfacet
  facet normal 0 0 -1
    outer loop
      vertex 1.7 82 3.35
      vertex 6 82 3.35
      vertex 5.97111 81.4119 3.35
    endloop
  endfacet
  facet normal 0 0 -1
    outer loop
      vertex 1.69181 81.8334 3.35
      vertex 5.97111 81.4119 3.35
      vertex 5.88471 80.8295 3.35
    endloop
  endfacet
  facet normal 0 0 -1
    outer loop
      vertex 6 82 3.35
      vertex 1.7 82 3.35
      vertex 5.97111 82.5881 3.35
    endloop
  endfacet
  facet normal 0 0 -1
    outer loop
      vertex 1.69181 81.8334 3.35
      vertex 5.88471 80.8295 3.35
      vertex 5.74164 80.2583 3.35
    endloop
  endfacet
  facet normal 0 0 -1
    outer loop
      vertex 1.69181 82.1666 3.35
      vertex 5.97111 82.5881 3.35
      vertex 1.7 82 3.35
    endloop
  endfacet
  facet normal 0 0 -1
    outer loop
      vertex 1.69181 81.8334 3.35
      vertex 5.74164 80.2583 3.35
      vertex 5.54328 79.7039 3.35
    endloop
  endfacet
  facet normal -0 0 -1
    outer loop
      vertex 5.97111 82.5881 3.35
      vertex 1.69181 82.1666 3.35
      vertex 5.88471 83.1705 3.35
    endloop
  endfacet
  facet normal 0 0 -1
    outer loop
      vertex 1.69181 81.8334 3.35
      vertex 5.54328 79.7039 3.35
      vertex 5.29153 79.1716 3.35
    endloop
  endfacet
  facet normal 0 0 -1
    outer loop
      vertex 1.66733 82.3316 3.35
      vertex 5.88471 83.1705 3.35
      vertex 1.69181 82.1666 3.35
    endloop
  endfacet
  facet normal -0 0 -1
    outer loop
      vertex 5.88471 83.1705 3.35
      vertex 1.66733 82.3316 3.35
      vertex 5.74164 83.7417 3.35
    endloop
  endfacet
  facet normal 0 0 -1
    outer loop
      vertex 1.6268 82.4935 3.35
      vertex 5.74164 83.7417 3.35
      vertex 1.66733 82.3316 3.35
    endloop
  endfacet
  facet normal 0 0 -1
    outer loop
      vertex 1.69181 81.8334 3.35
      vertex 5.29153 79.1716 3.35
      vertex 4.98882 78.6666 3.35
    endloop
  endfacet
  facet normal -0 0 -1
    outer loop
      vertex 5.74164 83.7417 3.35
      vertex 1.6268 82.4935 3.35
      vertex 5.54328 84.2961 3.35
    endloop
  endfacet
  facet normal 0 0 -1
    outer loop
      vertex 1.69181 81.8334 3.35
      vertex 4.98882 78.6666 3.35
      vertex 4.63806 78.1936 3.35
    endloop
  endfacet
  facet normal 0 0 -1
    outer loop
      vertex 1.57059 82.6506 3.35
      vertex 5.54328 84.2961 3.35
      vertex 1.6268 82.4935 3.35
    endloop
  endfacet
  facet normal 0 0 -1
    outer loop
      vertex 1.69181 81.8334 3.35
      vertex 4.63806 78.1936 3.35
      vertex 4.24264 77.7574 3.35
    endloop
  endfacet
  facet normal -0 0 -1
    outer loop
      vertex 5.54328 84.2961 3.35
      vertex 1.57059 82.6506 3.35
      vertex 5.29153 84.8284 3.35
    endloop
  endfacet
  facet normal 0 0 -1
    outer loop
      vertex 1.69181 81.8334 3.35
      vertex 4.24264 77.7574 3.35
      vertex 3.80636 77.3619 3.35
    endloop
  endfacet
  facet normal 0 0 -1
    outer loop
      vertex 1.49927 82.8014 3.35
      vertex 5.29153 84.8284 3.35
      vertex 1.57059 82.6506 3.35
    endloop
  endfacet
  facet normal 0 0 -1
    outer loop
      vertex 1.69181 81.8334 3.35
      vertex 3.80636 77.3619 3.35
      vertex 3.33342 77.0112 3.35
    endloop
  endfacet
  facet normal -0 0 -1
    outer loop
      vertex 5.29153 84.8284 3.35
      vertex 1.49927 82.8014 3.35
      vertex 5.2486 84.9 3.35
    endloop
  endfacet
  facet normal 0 0 -1
    outer loop
      vertex 1.4135 82.9445 3.35
      vertex 5.2486 84.9 3.35
      vertex 1.49927 82.8014 3.35
    endloop
  endfacet
  facet normal 0 0 -1
    outer loop
      vertex 1.31412 83.0785 3.35
      vertex 5.2486 84.9 3.35
      vertex 1.4135 82.9445 3.35
    endloop
  endfacet
  facet normal 0 0 -1
    outer loop
      vertex 1.69181 81.8334 3.35
      vertex 3.33342 77.0112 3.35
      vertex 2.82838 76.7085 3.35
    endloop
  endfacet
  facet normal 0 0 -1
    outer loop
      vertex 5.2486 84.9 3.35
      vertex 4.86997 85.9967 3.35
      vertex 5.23826 85.5001 3.35
    endloop
  endfacet
  facet normal 0 0 -1
    outer loop
      vertex 1.69181 81.8334 3.35
      vertex 2.82838 76.7085 3.35
      vertex 2.2961 76.4567 3.35
    endloop
  endfacet
  facet normal 0 -0 -1
    outer loop
      vertex 3.72285 86.7 3.35
      vertex 5.2486 84.9 3.35
      vertex 1.31412 83.0785 3.35
    endloop
  endfacet
  facet normal 0 0 -1
    outer loop
      vertex 0.650561 80.4294 3.35
      vertex 2.2961 76.4567 3.35
      vertex 1.74171 76.2584 3.35
    endloop
  endfacet
  facet normal 0 0 -1
    outer loop
      vertex 4.45477 86.4548 3.35
      vertex 3.72285 86.7 3.35
      vertex 4.18421 86.7 3.35
    endloop
  endfacet
  facet normal 0 0 -1
    outer loop
      vertex 4.86997 85.9967 3.35
      vertex 3.72285 86.7 3.35
      vertex 4.45477 86.4548 3.35
    endloop
  endfacet
  facet normal 0 0 -1
    outer loop
      vertex 5.2486 84.9 3.35
      vertex 3.72285 86.7 3.35
      vertex 4.86997 85.9967 3.35
    endloop
  endfacet
  facet normal 0 0 -1
    outer loop
      vertex 1.20208 83.2021 3.35
      vertex 3.72285 86.7 3.35
      vertex 1.31412 83.0785 3.35
    endloop
  endfacet
  facet normal 0 0 -1
    outer loop
      vertex 1.07847 83.3141 3.35
      vertex 3.72285 86.7 3.35
      vertex 1.20208 83.2021 3.35
    endloop
  endfacet
  facet normal 0 0 -1
    outer loop
      vertex 0.944468 83.4135 3.35
      vertex 3.72285 86.7 3.35
      vertex 1.07847 83.3141 3.35
    endloop
  endfacet
  facet normal -0 0 -1
    outer loop
      vertex 3.72285 86.7 3.35
      vertex 0.944468 83.4135 3.35
      vertex 3.33342 86.9888 3.35
    endloop
  endfacet
  facet normal -0 0 -1
    outer loop
      vertex 3.33342 86.9888 3.35
      vertex 0.944468 83.4135 3.35
      vertex 3.31476 87 3.35
    endloop
  endfacet
  facet normal 0 0 -1
    outer loop
      vertex 0.801374 83.4993 3.35
      vertex 3.31476 87 3.35
      vertex 0.944468 83.4135 3.35
    endloop
  endfacet
  facet normal 0 0 -1
    outer loop
      vertex 0.650561 83.5706 3.35
      vertex 3.31476 87 3.35
      vertex 0.801374 83.4993 3.35
    endloop
  endfacet
  facet normal 0 0 -1
    outer loop
      vertex 3.31476 87 3.35
      vertex 2.4109 87.8204 3.35
      vertex 2.9698 87.5561 3.35
    endloop
  endfacet
  facet normal -0 0 -1
    outer loop
      vertex 3.31476 87 3.35
      vertex 0.650561 83.5706 3.35
      vertex 2.4109 87.8204 3.35
    endloop
  endfacet
  facet normal -0 0 -1
    outer loop
      vertex 2.4109 87.8204 3.35
      vertex 0.650561 83.5706 3.35
      vertex 1.82879 88.0287 3.35
    endloop
  endfacet
  facet normal 0 0 -1
    outer loop
      vertex 0.493484 83.6268 3.35
      vertex 1.82879 88.0287 3.35
      vertex 0.650561 83.5706 3.35
    endloop
  endfacet
  facet normal -0 0 -1
    outer loop
      vertex 1.82879 88.0287 3.35
      vertex 0.493484 83.6268 3.35
      vertex 1.22907 88.1789 3.35
    endloop
  endfacet
  facet normal 0 0 -1
    outer loop
      vertex 0.331653 83.6673 3.35
      vertex 1.22907 88.1789 3.35
      vertex 0.493484 83.6268 3.35
    endloop
  endfacet
  facet normal -0 0 -1
    outer loop
      vertex 1.22907 88.1789 3.35
      vertex 0.331653 83.6673 3.35
      vertex 0.617508 88.2697 3.35
    endloop
  endfacet
  facet normal 0 0 -1
    outer loop
      vertex 0.166629 83.6918 3.35
      vertex 0.617508 88.2697 3.35
      vertex 0.331653 83.6673 3.35
    endloop
  endfacet
  facet normal 0 0 -1
    outer loop
      vertex 0 83.7 3.35
      vertex 0.617508 88.2697 3.35
      vertex 0.166629 83.6918 3.35
    endloop
  endfacet
  facet normal 0 0 -1
    outer loop
      vertex 0 83.7 3.35
      vertex 0 88.3 3.35
      vertex 0.617508 88.2697 3.35
    endloop
  endfacet
  facet normal 0 0 -1
    outer loop
      vertex -0.166629 83.6918 3.35
      vertex 0 88.3 3.35
      vertex 0 83.7 3.35
    endloop
  endfacet
  facet normal 0 0 -1
    outer loop
      vertex -0.617508 88.2697 3.35
      vertex -0.166629 83.6918 3.35
      vertex -0.331653 83.6673 3.35
    endloop
  endfacet
  facet normal 0 0 -1
    outer loop
      vertex -1.22907 88.1789 3.35
      vertex -0.331653 83.6673 3.35
      vertex -0.493484 83.6268 3.35
    endloop
  endfacet
  facet normal 0 0 -1
    outer loop
      vertex -0.166629 83.6918 3.35
      vertex -0.617508 88.2697 3.35
      vertex 0 88.3 3.35
    endloop
  endfacet
  facet normal 0 0 -1
    outer loop
      vertex -1.82879 88.0287 3.35
      vertex -0.493484 83.6268 3.35
      vertex -0.650561 83.5706 3.35
    endloop
  endfacet
  facet normal 0 0 -1
    outer loop
      vertex -3.31476 87 3.35
      vertex -0.650561 83.5706 3.35
      vertex -0.801374 83.4993 3.35
    endloop
  endfacet
  facet normal 0 0 -1
    outer loop
      vertex -3.31476 87 3.35
      vertex -0.801374 83.4993 3.35
      vertex -0.944468 83.4135 3.35
    endloop
  endfacet
  facet normal 0 0 -1
    outer loop
      vertex -3.72285 86.7 3.35
      vertex -0.944468 83.4135 3.35
      vertex -1.07847 83.3141 3.35
    endloop
  endfacet
  facet normal 0 0 -1
    outer loop
      vertex -3.72285 86.7 3.35
      vertex -1.07847 83.3141 3.35
      vertex -1.20208 83.2021 3.35
    endloop
  endfacet
  facet normal 0 0 -1
    outer loop
      vertex -0.331653 83.6673 3.35
      vertex -1.22907 88.1789 3.35
      vertex -0.617508 88.2697 3.35
    endloop
  endfacet
  facet normal 0 0 -1
    outer loop
      vertex -3.72285 86.7 3.35
      vertex -1.20208 83.2021 3.35
      vertex -1.31412 83.0785 3.35
    endloop
  endfacet
  facet normal 0 0 -1
    outer loop
      vertex -5.2486 84.9 3.35
      vertex -1.31412 83.0785 3.35
      vertex -1.4135 82.9445 3.35
    endloop
  endfacet
  facet normal 0 0 -1
    outer loop
      vertex -5.2486 84.9 3.35
      vertex -1.4135 82.9445 3.35
      vertex -1.49927 82.8014 3.35
    endloop
  endfacet
  facet normal 0 0 -1
    outer loop
      vertex -5.29153 84.8284 3.35
      vertex -1.49927 82.8014 3.35
      vertex -1.57059 82.6506 3.35
    endloop
  endfacet
  facet normal 0 0 -1
    outer loop
      vertex -5.54328 84.2961 3.35
      vertex -1.57059 82.6506 3.35
      vertex -1.6268 82.4935 3.35
    endloop
  endfacet
  facet normal 0 0 -1
    outer loop
      vertex -5.74164 83.7417 3.35
      vertex -1.6268 82.4935 3.35
      vertex -1.66733 82.3316 3.35
    endloop
  endfacet
  facet normal 0 0 -1
    outer loop
      vertex -5.88471 83.1705 3.35
      vertex -1.66733 82.3316 3.35
      vertex -1.69181 82.1666 3.35
    endloop
  endfacet
  facet normal 0 0 -1
    outer loop
      vertex -0.493484 83.6268 3.35
      vertex -1.82879 88.0287 3.35
      vertex -1.22907 88.1789 3.35
    endloop
  endfacet
  facet normal 0 0 -1
    outer loop
      vertex -5.97111 82.5881 3.35
      vertex -1.69181 82.1666 3.35
      vertex -1.7 82 3.35
    endloop
  endfacet
  facet normal 0 0 -1
    outer loop
      vertex -4.98882 78.6666 3.35
      vertex -1.4135 81.0555 3.35
      vertex -4.63806 78.1936 3.35
    endloop
  endfacet
  facet normal -0 0 -1
    outer loop
      vertex -1.4135 81.0555 3.35
      vertex -4.98882 78.6666 3.35
      vertex -1.49927 81.1986 3.35
    endloop
  endfacet
  facet normal 0 0 -1
    outer loop
      vertex -0.650561 83.5706 3.35
      vertex -3.31476 87 3.35
      vertex -1.82879 88.0287 3.35
    endloop
  endfacet
  facet normal 0 0 -1
    outer loop
      vertex -5.29153 79.1716 3.35
      vertex -1.49927 81.1986 3.35
      vertex -4.98882 78.6666 3.35
    endloop
  endfacet
  facet normal 0 0 -1
    outer loop
      vertex -1.82879 88.0287 3.35
      vertex -3.31476 87 3.35
      vertex -2.4109 87.8204 3.35
    endloop
  endfacet
  facet normal 0 0 -1
    outer loop
      vertex -2.4109 87.8204 3.35
      vertex -3.31476 87 3.35
      vertex -2.9698 87.5561 3.35
    endloop
  endfacet
  facet normal -0 0 -1
    outer loop
      vertex -1.49927 81.1986 3.35
      vertex -5.29153 79.1716 3.35
      vertex -1.57059 81.3494 3.35
    endloop
  endfacet
  facet normal 0 0 -1
    outer loop
      vertex -0.944468 83.4135 3.35
      vertex -3.72285 86.7 3.35
      vertex -3.33342 86.9888 3.35
    endloop
  endfacet
  facet normal 0 0 -1
    outer loop
      vertex -0.944468 83.4135 3.35
      vertex -3.33342 86.9888 3.35
      vertex -3.31476 87 3.35
    endloop
  endfacet
  facet normal 0 0 -1
    outer loop
      vertex -5.54328 79.7039 3.35
      vertex -1.57059 81.3494 3.35
      vertex -5.29153 79.1716 3.35
    endloop
  endfacet
  facet normal 0 0 -1
    outer loop
      vertex -1.31412 83.0785 3.35
      vertex -5.2486 84.9 3.35
      vertex -3.72285 86.7 3.35
    endloop
  endfacet
  facet normal -0 0 -1
    outer loop
      vertex -1.57059 81.3494 3.35
      vertex -5.54328 79.7039 3.35
      vertex -1.6268 81.5065 3.35
    endloop
  endfacet
  facet normal 0 -0 -1
    outer loop
      vertex -4.86997 85.9967 3.35
      vertex -3.72285 86.7 3.35
      vertex -5.2486 84.9 3.35
    endloop
  endfacet
  facet normal 0 0 -1
    outer loop
      vertex -5.74164 80.2583 3.35
      vertex -1.6268 81.5065 3.35
      vertex -5.54328 79.7039 3.35
    endloop
  endfacet
  facet normal -0 0 -1
    outer loop
      vertex -3.72285 86.7 3.35
      vertex -4.45477 86.4548 3.35
      vertex -4.18421 86.7 3.35
    endloop
  endfacet
  facet normal -0 0 -1
    outer loop
      vertex -1.6268 81.5065 3.35
      vertex -5.74164 80.2583 3.35
      vertex -1.66733 81.6684 3.35
    endloop
  endfacet
  facet normal 0 0 -1
    outer loop
      vertex -3.72285 86.7 3.35
      vertex -4.86997 85.9967 3.35
      vertex -4.45477 86.4548 3.35
    endloop
  endfacet
  facet normal 0 0 -1
    outer loop
      vertex -4.86997 85.9967 3.35
      vertex -5.2486 84.9 3.35
      vertex -5.23826 85.5001 3.35
    endloop
  endfacet
  facet normal 0 0 -1
    outer loop
      vertex -5.88471 80.8295 3.35
      vertex -1.66733 81.6684 3.35
      vertex -5.74164 80.2583 3.35
    endloop
  endfacet
  facet normal -0 0 -1
    outer loop
      vertex -1.66733 81.6684 3.35
      vertex -5.88471 80.8295 3.35
      vertex -1.69181 81.8334 3.35
    endloop
  endfacet
  facet normal 0 0 -1
    outer loop
      vertex -1.57059 82.6506 3.35
      vertex -5.54328 84.2961 3.35
      vertex -5.29153 84.8284 3.35
    endloop
  endfacet
  facet normal 0 0 -1
    outer loop
      vertex -1.49927 82.8014 3.35
      vertex -5.29153 84.8284 3.35
      vertex -5.2486 84.9 3.35
    endloop
  endfacet
  facet normal 0 0 -1
    outer loop
      vertex -5.97111 81.4119 3.35
      vertex -1.69181 81.8334 3.35
      vertex -5.88471 80.8295 3.35
    endloop
  endfacet
  facet normal 0 0 -1
    outer loop
      vertex -1.6268 82.4935 3.35
      vertex -5.74164 83.7417 3.35
      vertex -5.54328 84.2961 3.35
    endloop
  endfacet
  facet normal -0 0 -1
    outer loop
      vertex -1.69181 81.8334 3.35
      vertex -5.97111 81.4119 3.35
      vertex -1.7 82 3.35
    endloop
  endfacet
  facet normal 0 0 -1
    outer loop
      vertex -1.66733 82.3316 3.35
      vertex -5.88471 83.1705 3.35
      vertex -5.74164 83.7417 3.35
    endloop
  endfacet
  facet normal 0 0 -1
    outer loop
      vertex -6 82 3.35
      vertex -1.7 82 3.35
      vertex -5.97111 81.4119 3.35
    endloop
  endfacet
  facet normal 0 0 -1
    outer loop
      vertex -1.69181 82.1666 3.35
      vertex -5.97111 82.5881 3.35
      vertex -5.88471 83.1705 3.35
    endloop
  endfacet
  facet normal 0 0 -1
    outer loop
      vertex -1.7 82 3.35
      vertex -6 82 3.35
      vertex -5.97111 82.5881 3.35
    endloop
  endfacet
  facet normal 0 0 -1
    outer loop
      vertex 5.2486 84.9 3.35
      vertex 5.5561 84.9698 3.35
      vertex 5.58912 84.9 3.35
    endloop
  endfacet
  facet normal -0 0 -1
    outer loop
      vertex 5.5561 84.9698 3.35
      vertex 5.2486 84.9 3.35
      vertex 5.23826 85.5001 3.35
    endloop
  endfacet
  facet normal 0 0 -1
    outer loop
      vertex 3.31476 87 3.35
      vertex 3.50009 87.2383 3.35
      vertex 3.82135 87 3.35
    endloop
  endfacet
  facet normal -0 0 -1
    outer loop
      vertex 3.50009 87.2383 3.35
      vertex 3.31476 87 3.35
      vertex 2.9698 87.5561 3.35
    endloop
  endfacet
  facet normal 0.970035 -0.242967 0
    outer loop
      vertex 5.74164 -83.7417 18.35
      vertex 5.88471 -83.1705 17.5131
      vertex 5.88471 -83.1705 18.35
    endloop
  endfacet
  facet normal 0.970035 -0.242967 0
    outer loop
      vertex 5.88471 -83.1705 17.5131
      vertex 5.74164 -83.7417 18.35
      vertex 5.74164 -83.7417 17.1373
    endloop
  endfacet
  facet normal 0.970035 -0.242967 0
    outer loop
      vertex 5.74164 -83.7417 12.1636
      vertex 5.88471 -83.1705 3.35
      vertex 5.88471 -83.1705 12.5394
    endloop
  endfacet
  facet normal 0.970035 -0.242967 0
    outer loop
      vertex 5.88471 -83.1705 3.35
      vertex 5.74164 -83.7417 12.1636
      vertex 5.74164 -83.7417 3.35
    endloop
  endfacet
  facet normal 0.857651 -0.514232 0
    outer loop
      vertex 5.29153 -84.8284 11.4487
      vertex 5.2486 -84.9 6
      vertex 5.29153 -84.8284 3.35
    endloop
  endfacet
  facet normal 0.857711 -0.514133 -1.76523e-06
    outer loop
      vertex 4.98882 -85.3334 11.1164
      vertex 5.2486 -84.9 6
      vertex 5.29153 -84.8284 11.4487
    endloop
  endfacet
  facet normal 0.85772 -0.514117 0
    outer loop
      vertex 5.2486 -84.9 6
      vertex 4.98882 -85.3334 11.1164
      vertex 4.98882 -85.3334 6
    endloop
  endfacet
  facet normal 0.857651 -0.514232 0
    outer loop
      vertex 5.29153 -84.8284 3.35
      vertex 5.2486 -84.9 6
      vertex 5.2486 -84.9 3.35
    endloop
  endfacet
  facet normal 0.85771 -0.514134 0
    outer loop
      vertex 4.98882 -85.3334 18.35
      vertex 5.29153 -84.8284 16.4224
      vertex 5.29153 -84.8284 18.35
    endloop
  endfacet
  facet normal 0.85771 -0.514134 0
    outer loop
      vertex 5.29153 -84.8284 16.4224
      vertex 4.98882 -85.3334 18.35
      vertex 4.98882 -85.3334 16.0901
    endloop
  endfacet
  facet normal 0.336794 0.941578 0
    outer loop
      vertex 1.74171 -76.2584 3.35
      vertex 2.2961 -76.4567 16.9564
      vertex 2.2961 -76.4567 3.35
    endloop
  endfacet
  facet normal 0.336794 0.941578 0
    outer loop
      vertex 2.2961 -76.4567 16.9564
      vertex 1.74171 -76.2584 3.35
      vertex 1.74171 -76.2584 17.0869
    endloop
  endfacet
  facet normal 0.595638 0.803253 0
    outer loop
      vertex 3.33342 -77.0112 3.35
      vertex 3.80636 -77.3619 16.3608
      vertex 3.80636 -77.3619 3.35
    endloop
  endfacet
  facet normal 0.595638 0.803253 0
    outer loop
      vertex 3.80636 -77.3619 16.3608
      vertex 3.33342 -77.0112 3.35
      vertex 3.33342 -77.0112 16.5916
    endloop
  endfacet
  facet normal -0.970035 0.242967 0
    outer loop
      vertex -5.88471 -80.8295 14.0796
      vertex -5.74164 -80.2583 3.35
      vertex -5.88471 -80.8295 3.35
    endloop
  endfacet
  facet normal -0.970035 0.242967 0
    outer loop
      vertex -5.74164 -80.2583 3.35
      vertex -5.88471 -80.8295 14.0796
      vertex -5.74164 -80.2583 14.4553
    endloop
  endfacet
  facet normal -0.427625 -0.903956 0
    outer loop
      vertex -2.82838 -87.2915 14.8019
      vertex -2.2961 -87.5433 18.35
      vertex -2.82838 -87.2915 18.35
    endloop
  endfacet
  facet normal -0.427625 -0.903956 -0
    outer loop
      vertex -2.2961 -87.5433 18.35
      vertex -2.82838 -87.2915 14.8019
      vertex -2.2961 -87.5433 14.6363
    endloop
  endfacet
  facet normal -0.941548 -0.336879 -0
    outer loop
      vertex -5.54328 -84.2961 18.35
      vertex -5.74164 -83.7417 17.1373
      vertex -5.54328 -84.2961 16.7726
    endloop
  endfacet
  facet normal -0.941548 -0.336879 0
    outer loop
      vertex -5.74164 -83.7417 17.1373
      vertex -5.54328 -84.2961 18.35
      vertex -5.74164 -83.7417 18.35
    endloop
  endfacet
  facet normal -0.941548 -0.336879 -0
    outer loop
      vertex -5.54328 -84.2961 11.7989
      vertex -5.74164 -83.7417 3.35
      vertex -5.54328 -84.2961 3.35
    endloop
  endfacet
  facet normal -0.941548 -0.336879 0
    outer loop
      vertex -5.74164 -83.7417 3.35
      vertex -5.54328 -84.2961 11.7989
      vertex -5.74164 -83.7417 12.1636
    endloop
  endfacet
  facet normal -0.740891 0.671625 0
    outer loop
      vertex -4.63806 -78.1936 15.8137
      vertex -4.24264 -77.7574 3.35
      vertex -4.63806 -78.1936 3.35
    endloop
  endfacet
  facet normal -0.740891 0.671625 0
    outer loop
      vertex -4.24264 -77.7574 3.35
      vertex -4.63806 -78.1936 15.8137
      vertex -4.24264 -77.7574 16.1007
    endloop
  endfacet
  facet normal -0.514091 -0.857736 0
    outer loop
      vertex -3.33342 -86.9888 15.001
      vertex -2.82838 -87.2915 18.35
      vertex -3.33342 -86.9888 18.35
    endloop
  endfacet
  facet normal -0.514091 -0.857736 -0
    outer loop
      vertex -2.82838 -87.2915 18.35
      vertex -3.33342 -86.9888 15.001
      vertex -2.82838 -87.2915 14.8019
    endloop
  endfacet
  facet normal -0.514631 -0.857412 0
    outer loop
      vertex -3.33342 -86.9888 3.35
      vertex -3.31476 -87 4
      vertex -3.33342 -86.9888 4
    endloop
  endfacet
  facet normal -0.514631 -0.857412 -0
    outer loop
      vertex -3.31476 -87 4
      vertex -3.33342 -86.9888 3.35
      vertex -3.31476 -87 3.35
    endloop
  endfacet
  facet normal -0.514631 -0.857412 0
    outer loop
      vertex -3.33342 -86.9888 6
      vertex -3.31476 -87 10.02
      vertex -3.33342 -86.9888 10.0274
    endloop
  endfacet
  facet normal -0.514631 -0.857412 -0
    outer loop
      vertex -3.31476 -87 10.02
      vertex -3.33342 -86.9888 6
      vertex -3.31476 -87 6
    endloop
  endfacet
  facet normal 0.0490819 0.998795 0
    outer loop
      vertex 0 -76 3.35
      vertex 0.588102 -76.0289 17.2378
      vertex 0.588102 -76.0289 3.35
    endloop
  endfacet
  facet normal 0.0490819 0.998795 0
    outer loop
      vertex 0.588102 -76.0289 17.2378
      vertex 0 -76 3.35
      vertex 0 -76 17.2568
    endloop
  endfacet
  facet normal 0.427625 0.903956 0
    outer loop
      vertex 2.2961 -76.4567 3.35
      vertex 2.82838 -76.7085 16.7907
      vertex 2.82838 -76.7085 3.35
    endloop
  endfacet
  facet normal 0.427625 0.903956 0
    outer loop
      vertex 2.82838 -76.7085 16.7907
      vertex 2.2961 -76.4567 3.35
      vertex 2.2961 -76.4567 16.9564
    endloop
  endfacet
  facet normal -0.243027 0.970019 0
    outer loop
      vertex -1.17054 -76.1153 3.35
      vertex -1.74171 -76.2584 17.0869
      vertex -1.17054 -76.1153 17.181
    endloop
  endfacet
  facet normal -0.243027 0.970019 0
    outer loop
      vertex -1.74171 -76.2584 17.0869
      vertex -1.17054 -76.1153 3.35
      vertex -1.74171 -76.2584 3.35
    endloop
  endfacet
  facet normal -0.903995 0.427542 0
    outer loop
      vertex -5.54328 -79.7039 14.8201
      vertex -5.29153 -79.1716 3.35
      vertex -5.54328 -79.7039 3.35
    endloop
  endfacet
  facet normal -0.903995 0.427542 0
    outer loop
      vertex -5.29153 -79.1716 3.35
      vertex -5.54328 -79.7039 14.8201
      vertex -5.29153 -79.1716 15.1702
    endloop
  endfacet
  facet normal 0.989174 0.146746 0
    outer loop
      vertex 5.97111 -81.4119 13.6964
      vertex 5.88471 -80.8295 3.35
      vertex 5.88471 -80.8295 14.0796
    endloop
  endfacet
  facet normal 0.989174 0.146746 0
    outer loop
      vertex 5.88471 -80.8295 3.35
      vertex 5.97111 -81.4119 13.6964
      vertex 5.97111 -81.4119 3.35
    endloop
  endfacet
  facet normal -0.336794 -0.941578 0
    outer loop
      vertex -2.2961 -87.5433 14.6363
      vertex -1.74171 -87.7416 18.35
      vertex -2.2961 -87.5433 18.35
    endloop
  endfacet
  facet normal -0.336794 -0.941578 -0
    outer loop
      vertex -1.74171 -87.7416 18.35
      vertex -2.2961 -87.5433 14.6363
      vertex -1.74171 -87.7416 14.5058
    endloop
  endfacet
  facet normal -0.903995 -0.427542 -0
    outer loop
      vertex -5.29153 -84.8284 18.35
      vertex -5.54328 -84.2961 16.7726
      vertex -5.29153 -84.8284 16.4224
    endloop
  endfacet
  facet normal -0.903995 -0.427542 0
    outer loop
      vertex -5.54328 -84.2961 16.7726
      vertex -5.29153 -84.8284 18.35
      vertex -5.54328 -84.2961 18.35
    endloop
  endfacet
  facet normal -0.903995 -0.427542 -0
    outer loop
      vertex -5.29153 -84.8284 11.4487
      vertex -5.54328 -84.2961 3.35
      vertex -5.29153 -84.8284 3.35
    endloop
  endfacet
  facet normal -0.903995 -0.427542 0
    outer loop
      vertex -5.54328 -84.2961 3.35
      vertex -5.29153 -84.8284 11.4487
      vertex -5.54328 -84.2961 11.7989
    endloop
  endfacet
  facet normal 0.803241 0.595655 0
    outer loop
      vertex 4.98882 -78.6666 15.5025
      vertex 4.63806 -78.1936 3.35
      vertex 4.63806 -78.1936 15.8137
    endloop
  endfacet
  facet normal 0.803241 0.595655 0
    outer loop
      vertex 4.63806 -78.1936 3.35
      vertex 4.98882 -78.6666 15.5025
      vertex 4.98882 -78.6666 3.35
    endloop
  endfacet
  facet normal 0.740891 -0.671625 0
    outer loop
      vertex 4.24264 -86.2426 18.35
      vertex 4.63806 -85.8064 15.779
      vertex 4.63806 -85.8064 18.35
    endloop
  endfacet
  facet normal 0.740891 -0.671625 0
    outer loop
      vertex 4.63806 -85.8064 15.779
      vertex 4.24264 -86.2426 18.35
      vertex 4.24264 -86.2426 15.4919
    endloop
  endfacet
  facet normal 0.740891 -0.671625 0
    outer loop
      vertex 4.24264 -86.2426 10.5183
      vertex 4.63806 -85.8064 6
      vertex 4.63806 -85.8064 10.8053
    endloop
  endfacet
  facet normal 0.740891 -0.671625 0
    outer loop
      vertex 4.63806 -85.8064 6
      vertex 4.24264 -86.2426 10.5183
      vertex 4.24264 -86.2426 6
    endloop
  endfacet
  facet normal 0.903995 -0.427542 0
    outer loop
      vertex 5.29153 -84.8284 11.4487
      vertex 5.54328 -84.2961 3.35
      vertex 5.54328 -84.2961 11.7989
    endloop
  endfacet
  facet normal 0.903995 -0.427542 0
    outer loop
      vertex 5.54328 -84.2961 3.35
      vertex 5.29153 -84.8284 11.4487
      vertex 5.29153 -84.8284 3.35
    endloop
  endfacet
  facet normal 0.903995 -0.427542 0
    outer loop
      vertex 5.29153 -84.8284 18.35
      vertex 5.54328 -84.2961 16.7726
      vertex 5.54328 -84.2961 18.35
    endloop
  endfacet
  facet normal 0.903995 -0.427542 0
    outer loop
      vertex 5.54328 -84.2961 16.7726
      vertex 5.29153 -84.8284 18.35
      vertex 5.29153 -84.8284 16.4224
    endloop
  endfacet
  facet normal 0.740891 0.671625 0
    outer loop
      vertex 4.63806 -78.1936 15.8137
      vertex 4.24264 -77.7574 3.35
      vertex 4.24264 -77.7574 16.1007
    endloop
  endfacet
  facet normal 0.740891 0.671625 0
    outer loop
      vertex 4.24264 -77.7574 3.35
      vertex 4.63806 -78.1936 15.8137
      vertex 4.63806 -78.1936 3.35
    endloop
  endfacet
  facet normal 0.970035 0.242967 0
    outer loop
      vertex 5.88471 -80.8295 14.0796
      vertex 5.74164 -80.2583 3.35
      vertex 5.74164 -80.2583 14.4553
    endloop
  endfacet
  facet normal 0.970035 0.242967 0
    outer loop
      vertex 5.74164 -80.2583 3.35
      vertex 5.88471 -80.8295 14.0796
      vertex 5.88471 -80.8295 3.35
    endloop
  endfacet
  facet normal 0.998796 0.049055 -0
    outer loop
      vertex 6 -82 18.2832
      vertex 5.99501 -81.8984 18.35
      vertex 6 -82 18.35
    endloop
  endfacet
  facet normal 0.998796 0.0490651 0
    outer loop
      vertex 6 -82 13.3095
      vertex 5.97111 -81.4119 3.35
      vertex 5.97111 -81.4119 13.6964
    endloop
  endfacet
  facet normal 0.998796 0.0490651 0
    outer loop
      vertex 5.97111 -81.4119 3.35
      vertex 6 -82 13.3095
      vertex 6 -82 3.35
    endloop
  endfacet
  facet normal 0.941548 0.336879 0
    outer loop
      vertex 5.74164 -80.2583 14.4553
      vertex 5.54328 -79.7039 3.35
      vertex 5.54328 -79.7039 14.8201
    endloop
  endfacet
  facet normal 0.941548 0.336879 0
    outer loop
      vertex 5.54328 -79.7039 3.35
      vertex 5.74164 -80.2583 14.4553
      vertex 5.74164 -80.2583 3.35
    endloop
  endfacet
  facet normal -0.998796 -0.0490651 -0
    outer loop
      vertex -5.97111 -82.5881 12.9226
      vertex -6 -82 3.35
      vertex -5.97111 -82.5881 3.35
    endloop
  endfacet
  facet normal -0.998796 -0.0490651 0
    outer loop
      vertex -6 -82 3.35
      vertex -5.97111 -82.5881 12.9226
      vertex -6 -82 13.3095
    endloop
  endfacet
  facet normal -0.998796 -0.0490651 -0
    outer loop
      vertex -5.97111 -82.5881 18.35
      vertex -6 -82 18.2832
      vertex -5.97111 -82.5881 17.8962
    endloop
  endfacet
  facet normal -0.998796 -0.0490651 0
    outer loop
      vertex -6 -82 18.2832
      vertex -5.97111 -82.5881 18.35
      vertex -6 -82 18.35
    endloop
  endfacet
  facet normal -0.595638 -0.803253 0
    outer loop
      vertex -3.80636 -86.6381 15.2318
      vertex -3.33342 -86.9888 18.35
      vertex -3.80636 -86.6381 18.35
    endloop
  endfacet
  facet normal -0.595638 -0.803253 -0
    outer loop
      vertex -3.33342 -86.9888 18.35
      vertex -3.80636 -86.6381 15.2318
      vertex -3.33342 -86.9888 15.001
    endloop
  endfacet
  facet normal -0.595671 -0.803228 0
    outer loop
      vertex -3.72285 -86.7 3.35
      vertex -3.33342 -86.9888 4
      vertex -3.72285 -86.7 4
    endloop
  endfacet
  facet normal -0.595671 -0.803228 -0
    outer loop
      vertex -3.33342 -86.9888 4
      vertex -3.72285 -86.7 3.35
      vertex -3.33342 -86.9888 3.35
    endloop
  endfacet
  facet normal -0.595638 -0.803253 0
    outer loop
      vertex -3.80636 -86.6381 6
      vertex -3.33342 -86.9888 10.0274
      vertex -3.80636 -86.6381 10.2581
    endloop
  endfacet
  facet normal -0.595638 -0.803253 -0
    outer loop
      vertex -3.33342 -86.9888 10.0274
      vertex -3.80636 -86.6381 6
      vertex -3.33342 -86.9888 6
    endloop
  endfacet
  facet normal 0.998796 -0.0490651 0
    outer loop
      vertex 5.97111 -82.5881 18.35
      vertex 6 -82 18.2832
      vertex 6 -82 18.35
    endloop
  endfacet
  facet normal 0.998796 -0.0490651 0
    outer loop
      vertex 6 -82 18.2832
      vertex 5.97111 -82.5881 18.35
      vertex 5.97111 -82.5881 17.8962
    endloop
  endfacet
  facet normal 0.998796 -0.0490651 0
    outer loop
      vertex 5.97111 -82.5881 12.9226
      vertex 6 -82 3.35
      vertex 6 -82 13.3095
    endloop
  endfacet
  facet normal 0.998796 -0.0490651 0
    outer loop
      vertex 6 -82 3.35
      vertex 5.97111 -82.5881 12.9226
      vertex 5.97111 -82.5881 3.35
    endloop
  endfacet
  facet normal -0.740891 -0.671625 -0
    outer loop
      vertex -4.24264 -86.2426 18.35
      vertex -4.63806 -85.8064 15.779
      vertex -4.24264 -86.2426 15.4919
    endloop
  endfacet
  facet normal -0.740891 -0.671625 0
    outer loop
      vertex -4.63806 -85.8064 15.779
      vertex -4.24264 -86.2426 18.35
      vertex -4.63806 -85.8064 18.35
    endloop
  endfacet
  facet normal -0.740891 -0.671625 -0
    outer loop
      vertex -4.24264 -86.2426 10.5183
      vertex -4.63806 -85.8064 6
      vertex -4.24264 -86.2426 6
    endloop
  endfacet
  facet normal -0.740891 -0.671625 0
    outer loop
      vertex -4.63806 -85.8064 6
      vertex -4.24264 -86.2426 10.5183
      vertex -4.63806 -85.8064 10.8053
    endloop
  endfacet
  facet normal -0.243027 -0.970019 0
    outer loop
      vertex -1.74171 -87.7416 14.5058
      vertex -1.17054 -87.8847 18.35
      vertex -1.74171 -87.7416 18.35
    endloop
  endfacet
  facet normal -0.243027 -0.970019 -0
    outer loop
      vertex -1.17054 -87.8847 18.35
      vertex -1.74171 -87.7416 14.5058
      vertex -1.17054 -87.8847 14.4116
    endloop
  endfacet
  facet normal 0.146736 -0.989176 0
    outer loop
      vertex 0.588102 -87.9711 18.35
      vertex 1.17054 -87.8847 14.4116
      vertex 1.17054 -87.8847 18.35
    endloop
  endfacet
  facet normal 0.146736 -0.989176 0
    outer loop
      vertex 1.17054 -87.8847 14.4116
      vertex 0.588102 -87.9711 18.35
      vertex 0.588102 -87.9711 14.3548
    endloop
  endfacet
  facet normal -0.595638 0.803253 0
    outer loop
      vertex -3.33342 -77.0112 3.35
      vertex -3.80636 -77.3619 16.3608
      vertex -3.33342 -77.0112 16.5916
    endloop
  endfacet
  facet normal -0.595638 0.803253 0
    outer loop
      vertex -3.80636 -77.3619 16.3608
      vertex -3.33342 -77.0112 3.35
      vertex -3.80636 -77.3619 3.35
    endloop
  endfacet
  facet normal 0.85771 0.514134 0
    outer loop
      vertex 5.29153 -79.1716 15.1702
      vertex 4.98882 -78.6666 3.35
      vertex 4.98882 -78.6666 15.5025
    endloop
  endfacet
  facet normal 0.85771 0.514134 0
    outer loop
      vertex 4.98882 -78.6666 3.35
      vertex 5.29153 -79.1716 15.1702
      vertex 5.29153 -79.1716 3.35
    endloop
  endfacet
  facet normal -0.336794 0.941578 0
    outer loop
      vertex -1.74171 -76.2584 3.35
      vertex -2.2961 -76.4567 16.9564
      vertex -1.74171 -76.2584 17.0869
    endloop
  endfacet
  facet normal -0.336794 0.941578 0
    outer loop
      vertex -2.2961 -76.4567 16.9564
      vertex -1.74171 -76.2584 3.35
      vertex -2.2961 -76.4567 3.35
    endloop
  endfacet
  facet normal 0.941548 -0.336879 0
    outer loop
      vertex 5.54328 -84.2961 18.35
      vertex 5.74164 -83.7417 17.1373
      vertex 5.74164 -83.7417 18.35
    endloop
  endfacet
  facet normal 0.941548 -0.336879 0
    outer loop
      vertex 5.74164 -83.7417 17.1373
      vertex 5.54328 -84.2961 18.35
      vertex 5.54328 -84.2961 16.7726
    endloop
  endfacet
  facet normal 0.941548 -0.336879 0
    outer loop
      vertex 5.54328 -84.2961 11.7989
      vertex 5.74164 -83.7417 3.35
      vertex 5.74164 -83.7417 12.1636
    endloop
  endfacet
  facet normal 0.941548 -0.336879 0
    outer loop
      vertex 5.74164 -83.7417 3.35
      vertex 5.54328 -84.2961 11.7989
      vertex 5.54328 -84.2961 3.35
    endloop
  endfacet
  facet normal -0.989174 0.146746 0
    outer loop
      vertex -5.97111 -81.4119 13.6964
      vertex -5.88471 -80.8295 3.35
      vertex -5.97111 -81.4119 3.35
    endloop
  endfacet
  facet normal -0.989174 0.146746 0
    outer loop
      vertex -5.88471 -80.8295 3.35
      vertex -5.97111 -81.4119 13.6964
      vertex -5.88471 -80.8295 14.0796
    endloop
  endfacet
  facet normal -0.671632 -0.740884 0
    outer loop
      vertex -4.24264 -86.2426 15.4919
      vertex -3.80636 -86.6381 18.35
      vertex -4.24264 -86.2426 18.35
    endloop
  endfacet
  facet normal -0.671632 -0.740884 -0
    outer loop
      vertex -3.80636 -86.6381 18.35
      vertex -4.24264 -86.2426 15.4919
      vertex -3.80636 -86.6381 15.2318
    endloop
  endfacet
  facet normal -0.671632 -0.740884 0
    outer loop
      vertex -4.24264 -86.2426 6
      vertex -3.80636 -86.6381 10.2581
      vertex -4.24264 -86.2426 10.5183
    endloop
  endfacet
  facet normal -0.671632 -0.740884 -0
    outer loop
      vertex -3.80636 -86.6381 10.2581
      vertex -4.24264 -86.2426 6
      vertex -3.80636 -86.6381 6
    endloop
  endfacet
  facet normal 0.514091 -0.857736 0
    outer loop
      vertex 2.82838 -87.2915 18.35
      vertex 3.33342 -86.9888 15.001
      vertex 3.33342 -86.9888 18.35
    endloop
  endfacet
  facet normal 0.514091 -0.857736 0
    outer loop
      vertex 3.33342 -86.9888 15.001
      vertex 2.82838 -87.2915 18.35
      vertex 2.82838 -87.2915 14.8019
    endloop
  endfacet
  facet normal 0.514631 -0.857412 0
    outer loop
      vertex 3.31476 -87 3.35
      vertex 3.33342 -86.9888 4
      vertex 3.31476 -87 4
    endloop
  endfacet
  facet normal 0.514631 -0.857412 0
    outer loop
      vertex 3.33342 -86.9888 4
      vertex 3.31476 -87 3.35
      vertex 3.33342 -86.9888 3.35
    endloop
  endfacet
  facet normal 0.514631 -0.857412 0
    outer loop
      vertex 3.33342 -86.9888 6
      vertex 3.31476 -87 10.02
      vertex 3.31476 -87 6
    endloop
  endfacet
  facet normal 0.514631 -0.857412 0
    outer loop
      vertex 3.31476 -87 10.02
      vertex 3.33342 -86.9888 6
      vertex 3.33342 -86.9888 10.0274
    endloop
  endfacet
  facet normal 0.903995 0.427542 0
    outer loop
      vertex 5.54328 -79.7039 14.8201
      vertex 5.29153 -79.1716 3.35
      vertex 5.29153 -79.1716 15.1702
    endloop
  endfacet
  facet normal 0.903995 0.427542 0
    outer loop
      vertex 5.29153 -79.1716 3.35
      vertex 5.54328 -79.7039 14.8201
      vertex 5.54328 -79.7039 3.35
    endloop
  endfacet
  facet normal -0.803241 -0.595655 -0
    outer loop
      vertex -4.63806 -85.8064 18.35
      vertex -4.98882 -85.3334 16.0901
      vertex -4.63806 -85.8064 15.779
    endloop
  endfacet
  facet normal -0.803241 -0.595655 0
    outer loop
      vertex -4.98882 -85.3334 16.0901
      vertex -4.63806 -85.8064 18.35
      vertex -4.98882 -85.3334 18.35
    endloop
  endfacet
  facet normal -0.803241 -0.595655 -0
    outer loop
      vertex -4.63806 -85.8064 10.8053
      vertex -4.98882 -85.3334 6
      vertex -4.63806 -85.8064 6
    endloop
  endfacet
  facet normal -0.803241 -0.595655 0
    outer loop
      vertex -4.98882 -85.3334 6
      vertex -4.63806 -85.8064 10.8053
      vertex -4.98882 -85.3334 11.1164
    endloop
  endfacet
  facet normal 0.0490819 -0.998795 0
    outer loop
      vertex 0 -88 18.35
      vertex 0.588102 -87.9711 14.3548
      vertex 0.588102 -87.9711 18.35
    endloop
  endfacet
  facet normal 0.0490819 -0.998795 0
    outer loop
      vertex 0.588102 -87.9711 14.3548
      vertex 0 -88 18.35
      vertex 0 -88 14.3358
    endloop
  endfacet
  facet normal 0.671632 0.740884 0
    outer loop
      vertex 3.80636 -77.3619 3.35
      vertex 4.24264 -77.7574 16.1007
      vertex 4.24264 -77.7574 3.35
    endloop
  endfacet
  facet normal 0.671632 0.740884 0
    outer loop
      vertex 4.24264 -77.7574 16.1007
      vertex 3.80636 -77.3619 3.35
      vertex 3.80636 -77.3619 16.3608
    endloop
  endfacet
  facet normal -0.970035 -0.242967 -0
    outer loop
      vertex -5.74164 -83.7417 18.35
      vertex -5.88471 -83.1705 17.5131
      vertex -5.74164 -83.7417 17.1373
    endloop
  endfacet
  facet normal -0.970035 -0.242967 0
    outer loop
      vertex -5.88471 -83.1705 17.5131
      vertex -5.74164 -83.7417 18.35
      vertex -5.88471 -83.1705 18.35
    endloop
  endfacet
  facet normal -0.970035 -0.242967 -0
    outer loop
      vertex -5.74164 -83.7417 12.1636
      vertex -5.88471 -83.1705 3.35
      vertex -5.74164 -83.7417 3.35
    endloop
  endfacet
  facet normal -0.970035 -0.242967 0
    outer loop
      vertex -5.88471 -83.1705 3.35
      vertex -5.74164 -83.7417 12.1636
      vertex -5.88471 -83.1705 12.5394
    endloop
  endfacet
  facet normal -0.671632 0.740884 0
    outer loop
      vertex -3.80636 -77.3619 3.35
      vertex -4.24264 -77.7574 16.1007
      vertex -3.80636 -77.3619 16.3608
    endloop
  endfacet
  facet normal -0.671632 0.740884 0
    outer loop
      vertex -4.24264 -77.7574 16.1007
      vertex -3.80636 -77.3619 3.35
      vertex -4.24264 -77.7574 3.35
    endloop
  endfacet
  facet normal 0.989174 -0.146746 0
    outer loop
      vertex 5.88471 -83.1705 18.35
      vertex 5.97111 -82.5881 17.8962
      vertex 5.97111 -82.5881 18.35
    endloop
  endfacet
  facet normal 0.989174 -0.146746 0
    outer loop
      vertex 5.97111 -82.5881 17.8962
      vertex 5.88471 -83.1705 18.35
      vertex 5.88471 -83.1705 17.5131
    endloop
  endfacet
  facet normal 0.989174 -0.146746 0
    outer loop
      vertex 5.88471 -83.1705 12.5394
      vertex 5.97111 -82.5881 3.35
      vertex 5.97111 -82.5881 12.9226
    endloop
  endfacet
  facet normal 0.989174 -0.146746 0
    outer loop
      vertex 5.97111 -82.5881 3.35
      vertex 5.88471 -83.1705 12.5394
      vertex 5.88471 -83.1705 3.35
    endloop
  endfacet
  facet normal 0.514091 0.857736 0
    outer loop
      vertex 2.82838 -76.7085 3.35
      vertex 3.33342 -77.0112 16.5916
      vertex 3.33342 -77.0112 3.35
    endloop
  endfacet
  facet normal 0.514091 0.857736 0
    outer loop
      vertex 3.33342 -77.0112 16.5916
      vertex 2.82838 -76.7085 3.35
      vertex 2.82838 -76.7085 16.7907
    endloop
  endfacet
  facet normal -0.146736 0.989176 0
    outer loop
      vertex -0.588102 -76.0289 3.35
      vertex -1.17054 -76.1153 17.181
      vertex -0.588102 -76.0289 17.2378
    endloop
  endfacet
  facet normal -0.146736 0.989176 0
    outer loop
      vertex -1.17054 -76.1153 17.181
      vertex -0.588102 -76.0289 3.35
      vertex -1.17054 -76.1153 3.35
    endloop
  endfacet
  facet normal 0.595638 -0.803253 0
    outer loop
      vertex 3.33342 -86.9888 18.35
      vertex 3.80636 -86.6381 15.2318
      vertex 3.80636 -86.6381 18.35
    endloop
  endfacet
  facet normal 0.595638 -0.803253 0
    outer loop
      vertex 3.80636 -86.6381 15.2318
      vertex 3.33342 -86.9888 18.35
      vertex 3.33342 -86.9888 15.001
    endloop
  endfacet
  facet normal 0.595671 -0.803228 0
    outer loop
      vertex 3.33342 -86.9888 3.35
      vertex 3.72285 -86.7 4
      vertex 3.33342 -86.9888 4
    endloop
  endfacet
  facet normal 0.595671 -0.803228 0
    outer loop
      vertex 3.72285 -86.7 4
      vertex 3.33342 -86.9888 3.35
      vertex 3.72285 -86.7 3.35
    endloop
  endfacet
  facet normal 0.595638 -0.803253 0
    outer loop
      vertex 3.80636 -86.6381 6
      vertex 3.33342 -86.9888 10.0274
      vertex 3.33342 -86.9888 6
    endloop
  endfacet
  facet normal 0.595638 -0.803253 0
    outer loop
      vertex 3.33342 -86.9888 10.0274
      vertex 3.80636 -86.6381 6
      vertex 3.80636 -86.6381 10.2581
    endloop
  endfacet
  facet normal 0.243027 0.970019 0
    outer loop
      vertex 1.17054 -76.1153 3.35
      vertex 1.74171 -76.2584 17.0869
      vertex 1.74171 -76.2584 3.35
    endloop
  endfacet
  facet normal 0.243027 0.970019 0
    outer loop
      vertex 1.74171 -76.2584 17.0869
      vertex 1.17054 -76.1153 3.35
      vertex 1.17054 -76.1153 17.181
    endloop
  endfacet
  facet normal -0.941548 0.336879 0
    outer loop
      vertex -5.74164 -80.2583 14.4553
      vertex -5.54328 -79.7039 3.35
      vertex -5.74164 -80.2583 3.35
    endloop
  endfacet
  facet normal -0.941548 0.336879 0
    outer loop
      vertex -5.54328 -79.7039 3.35
      vertex -5.74164 -80.2583 14.4553
      vertex -5.54328 -79.7039 14.8201
    endloop
  endfacet
  facet normal -0.0490819 0.998795 0
    outer loop
      vertex 0 -76 3.35
      vertex -0.588102 -76.0289 17.2378
      vertex 0 -76 17.2568
    endloop
  endfacet
  facet normal -0.0490819 0.998795 0
    outer loop
      vertex -0.588102 -76.0289 17.2378
      vertex 0 -76 3.35
      vertex -0.588102 -76.0289 3.35
    endloop
  endfacet
  facet normal -0.0490819 -0.998795 0
    outer loop
      vertex -0.588102 -87.9711 14.3548
      vertex 0 -88 18.35
      vertex -0.588102 -87.9711 18.35
    endloop
  endfacet
  facet normal -0.0490819 -0.998795 -0
    outer loop
      vertex 0 -88 18.35
      vertex -0.588102 -87.9711 14.3548
      vertex 0 -88 14.3358
    endloop
  endfacet
  facet normal -0.998796 0.0490651 0
    outer loop
      vertex -6 -82 13.3095
      vertex -5.97111 -81.4119 3.35
      vertex -6 -82 3.35
    endloop
  endfacet
  facet normal -0.998796 0.0490651 0
    outer loop
      vertex -5.97111 -81.4119 3.35
      vertex -6 -82 13.3095
      vertex -5.97111 -81.4119 13.6964
    endloop
  endfacet
  facet normal -0.998796 0.049055 0
    outer loop
      vertex -5.99501 -81.8984 18.35
      vertex -6 -82 18.2832
      vertex -6 -82 18.35
    endloop
  endfacet
  facet normal -0.989174 -0.146746 -0
    outer loop
      vertex -5.88471 -83.1705 12.5394
      vertex -5.97111 -82.5881 3.35
      vertex -5.88471 -83.1705 3.35
    endloop
  endfacet
  facet normal -0.989174 -0.146746 0
    outer loop
      vertex -5.97111 -82.5881 3.35
      vertex -5.88471 -83.1705 12.5394
      vertex -5.97111 -82.5881 12.9226
    endloop
  endfacet
  facet normal -0.989174 -0.146746 -0
    outer loop
      vertex -5.88471 -83.1705 18.35
      vertex -5.97111 -82.5881 17.8962
      vertex -5.88471 -83.1705 17.5131
    endloop
  endfacet
  facet normal -0.989174 -0.146746 0
    outer loop
      vertex -5.97111 -82.5881 17.8962
      vertex -5.88471 -83.1705 18.35
      vertex -5.97111 -82.5881 18.35
    endloop
  endfacet
  facet normal 0.146736 0.989176 0
    outer loop
      vertex 0.588102 -76.0289 3.35
      vertex 1.17054 -76.1153 17.181
      vertex 1.17054 -76.1153 3.35
    endloop
  endfacet
  facet normal 0.146736 0.989176 0
    outer loop
      vertex 1.17054 -76.1153 17.181
      vertex 0.588102 -76.0289 3.35
      vertex 0.588102 -76.0289 17.2378
    endloop
  endfacet
  facet normal -0.427625 0.903956 0
    outer loop
      vertex -2.2961 -76.4567 3.35
      vertex -2.82838 -76.7085 16.7907
      vertex -2.2961 -76.4567 16.9564
    endloop
  endfacet
  facet normal -0.427625 0.903956 0
    outer loop
      vertex -2.82838 -76.7085 16.7907
      vertex -2.2961 -76.4567 3.35
      vertex -2.82838 -76.7085 3.35
    endloop
  endfacet
  facet normal -0.514091 0.857736 0
    outer loop
      vertex -2.82838 -76.7085 3.35
      vertex -3.33342 -77.0112 16.5916
      vertex -2.82838 -76.7085 16.7907
    endloop
  endfacet
  facet normal -0.514091 0.857736 0
    outer loop
      vertex -3.33342 -77.0112 16.5916
      vertex -2.82838 -76.7085 3.35
      vertex -3.33342 -77.0112 3.35
    endloop
  endfacet
  facet normal 0.427625 -0.903956 0
    outer loop
      vertex 2.2961 -87.5433 18.35
      vertex 2.82838 -87.2915 14.8019
      vertex 2.82838 -87.2915 18.35
    endloop
  endfacet
  facet normal 0.427625 -0.903956 0
    outer loop
      vertex 2.82838 -87.2915 14.8019
      vertex 2.2961 -87.5433 18.35
      vertex 2.2961 -87.5433 14.6363
    endloop
  endfacet
  facet normal 0.336794 -0.941578 0
    outer loop
      vertex 1.74171 -87.7416 18.35
      vertex 2.2961 -87.5433 14.6363
      vertex 2.2961 -87.5433 18.35
    endloop
  endfacet
  facet normal 0.336794 -0.941578 0
    outer loop
      vertex 2.2961 -87.5433 14.6363
      vertex 1.74171 -87.7416 18.35
      vertex 1.74171 -87.7416 14.5058
    endloop
  endfacet
  facet normal 0.243027 -0.970019 0
    outer loop
      vertex 1.17054 -87.8847 18.35
      vertex 1.74171 -87.7416 14.5058
      vertex 1.74171 -87.7416 18.35
    endloop
  endfacet
  facet normal 0.243027 -0.970019 0
    outer loop
      vertex 1.74171 -87.7416 14.5058
      vertex 1.17054 -87.8847 18.35
      vertex 1.17054 -87.8847 14.4116
    endloop
  endfacet
  facet normal 0 0 1
    outer loop
      vertex -2.0935 -84.5509 18.35
      vertex -3.80636 -86.6381 18.35
      vertex -3.33342 -86.9888 18.35
    endloop
  endfacet
  facet normal -0 0 1
    outer loop
      vertex -5.99501 -81.8984 18.35
      vertex -3.3 -82 18.35
      vertex -3.29501 -81.8984 18.35
    endloop
  endfacet
  facet normal 0 0 1
    outer loop
      vertex -3.28411 -82.3235 18.35
      vertex -4.24264 -86.2426 18.35
      vertex -3.80636 -86.6381 18.35
    endloop
  endfacet
  facet normal 0 0 1
    outer loop
      vertex -3.28411 -82.3235 18.35
      vertex -4.63806 -85.8064 18.35
      vertex -4.24264 -86.2426 18.35
    endloop
  endfacet
  facet normal 0 0 1
    outer loop
      vertex -3.28411 -82.3235 18.35
      vertex -4.98882 -85.3334 18.35
      vertex -4.63806 -85.8064 18.35
    endloop
  endfacet
  facet normal 0 0 1
    outer loop
      vertex -3.28411 -82.3235 18.35
      vertex -5.29153 -84.8284 18.35
      vertex -4.98882 -85.3334 18.35
    endloop
  endfacet
  facet normal 0 0 1
    outer loop
      vertex -3.28411 -82.3235 18.35
      vertex -5.54328 -84.2961 18.35
      vertex -5.29153 -84.8284 18.35
    endloop
  endfacet
  facet normal 0 0 1
    outer loop
      vertex -3.28411 -82.3235 18.35
      vertex -5.74164 -83.7417 18.35
      vertex -5.54328 -84.2961 18.35
    endloop
  endfacet
  facet normal 0 0 1
    outer loop
      vertex -3.28411 -82.3235 18.35
      vertex -5.88471 -83.1705 18.35
      vertex -5.74164 -83.7417 18.35
    endloop
  endfacet
  facet normal 0 0 1
    outer loop
      vertex -3.28411 -82.3235 18.35
      vertex -5.97111 -82.5881 18.35
      vertex -5.88471 -83.1705 18.35
    endloop
  endfacet
  facet normal 0 0 1
    outer loop
      vertex -3.3 -82 18.35
      vertex -5.99501 -81.8984 18.35
      vertex -6 -82 18.35
    endloop
  endfacet
  facet normal 0 0 1
    outer loop
      vertex -3.3 -82 18.35
      vertex -6 -82 18.35
      vertex -5.97111 -82.5881 18.35
    endloop
  endfacet
  facet normal 0 0 1
    outer loop
      vertex 3.3 -82 18.35
      vertex 6 -82 18.35
      vertex 5.99501 -81.8984 18.35
    endloop
  endfacet
  facet normal 0 0 1
    outer loop
      vertex 6 -82 18.35
      vertex 3.3 -82 18.35
      vertex 5.97111 -82.5881 18.35
    endloop
  endfacet
  facet normal 0 0 1
    outer loop
      vertex 5.97111 -82.5881 18.35
      vertex 3.28411 -82.3235 18.35
      vertex 5.88471 -83.1705 18.35
    endloop
  endfacet
  facet normal -0 0 1
    outer loop
      vertex 3.23659 -82.6438 18.35
      vertex 5.88471 -83.1705 18.35
      vertex 3.28411 -82.3235 18.35
    endloop
  endfacet
  facet normal -0 0 1
    outer loop
      vertex 3.1579 -82.9579 18.35
      vertex 5.74164 -83.7417 18.35
      vertex 3.23659 -82.6438 18.35
    endloop
  endfacet
  facet normal 0 0 1
    outer loop
      vertex 5.74164 -83.7417 18.35
      vertex 3.1579 -82.9579 18.35
      vertex 5.54328 -84.2961 18.35
    endloop
  endfacet
  facet normal 0 0 1
    outer loop
      vertex 5.54328 -84.2961 18.35
      vertex 3.0488 -83.2629 18.35
      vertex 5.29153 -84.8284 18.35
    endloop
  endfacet
  facet normal -0 0 1
    outer loop
      vertex 2.91034 -83.5556 18.35
      vertex 5.29153 -84.8284 18.35
      vertex 3.0488 -83.2629 18.35
    endloop
  endfacet
  facet normal -0 0 1
    outer loop
      vertex 2.74385 -83.8334 18.35
      vertex 4.98882 -85.3334 18.35
      vertex 2.91034 -83.5556 18.35
    endloop
  endfacet
  facet normal 0 0 1
    outer loop
      vertex 4.98882 -85.3334 18.35
      vertex 2.74385 -83.8334 18.35
      vertex 4.63806 -85.8064 18.35
    endloop
  endfacet
  facet normal 0 0 1
    outer loop
      vertex 5.97111 -82.5881 18.35
      vertex 3.3 -82 18.35
      vertex 3.28411 -82.3235 18.35
    endloop
  endfacet
  facet normal 0 -0 1
    outer loop
      vertex 3.3 -82 18.35
      vertex 5.99501 -81.8984 18.35
      vertex 3.29501 -81.8984 18.35
    endloop
  endfacet
  facet normal 0 0 1
    outer loop
      vertex 5.88471 -83.1705 18.35
      vertex 3.23659 -82.6438 18.35
      vertex 5.74164 -83.7417 18.35
    endloop
  endfacet
  facet normal -0 0 1
    outer loop
      vertex 3.0488 -83.2629 18.35
      vertex 5.54328 -84.2961 18.35
      vertex 3.1579 -82.9579 18.35
    endloop
  endfacet
  facet normal 0 0 1
    outer loop
      vertex 5.29153 -84.8284 18.35
      vertex 2.91034 -83.5556 18.35
      vertex 4.98882 -85.3334 18.35
    endloop
  endfacet
  facet normal -0 0 1
    outer loop
      vertex 2.55093 -84.0935 18.35
      vertex 4.63806 -85.8064 18.35
      vertex 2.74385 -83.8334 18.35
    endloop
  endfacet
  facet normal 0 0 1
    outer loop
      vertex 4.63806 -85.8064 18.35
      vertex 2.55093 -84.0935 18.35
      vertex 4.24264 -86.2426 18.35
    endloop
  endfacet
  facet normal -0 0 1
    outer loop
      vertex 2.33345 -84.3335 18.35
      vertex 4.24264 -86.2426 18.35
      vertex 2.55093 -84.0935 18.35
    endloop
  endfacet
  facet normal 0 0 1
    outer loop
      vertex 4.24264 -86.2426 18.35
      vertex 2.33345 -84.3335 18.35
      vertex 3.80636 -86.6381 18.35
    endloop
  endfacet
  facet normal -0 0 1
    outer loop
      vertex 2.0935 -84.5509 18.35
      vertex 3.80636 -86.6381 18.35
      vertex 2.33345 -84.3335 18.35
    endloop
  endfacet
  facet normal 0 0 1
    outer loop
      vertex 3.80636 -86.6381 18.35
      vertex 2.0935 -84.5509 18.35
      vertex 3.33342 -86.9888 18.35
    endloop
  endfacet
  facet normal -0 0 1
    outer loop
      vertex 1.83338 -84.7439 18.35
      vertex 3.33342 -86.9888 18.35
      vertex 2.0935 -84.5509 18.35
    endloop
  endfacet
  facet normal 0 0 1
    outer loop
      vertex 3.33342 -86.9888 18.35
      vertex 1.83338 -84.7439 18.35
      vertex 2.82838 -87.2915 18.35
    endloop
  endfacet
  facet normal -0 0 1
    outer loop
      vertex 1.55561 -84.9103 18.35
      vertex 2.82838 -87.2915 18.35
      vertex 1.83338 -84.7439 18.35
    endloop
  endfacet
  facet normal 0 0 1
    outer loop
      vertex 2.82838 -87.2915 18.35
      vertex 1.55561 -84.9103 18.35
      vertex 2.2961 -87.5433 18.35
    endloop
  endfacet
  facet normal -0 0 1
    outer loop
      vertex 1.26285 -85.0488 18.35
      vertex 2.2961 -87.5433 18.35
      vertex 1.55561 -84.9103 18.35
    endloop
  endfacet
  facet normal 0 0 1
    outer loop
      vertex 2.2961 -87.5433 18.35
      vertex 1.26285 -85.0488 18.35
      vertex 1.74171 -87.7416 18.35
    endloop
  endfacet
  facet normal -0 0 1
    outer loop
      vertex 0.957939 -85.1579 18.35
      vertex 1.74171 -87.7416 18.35
      vertex 1.26285 -85.0488 18.35
    endloop
  endfacet
  facet normal 0 0 1
    outer loop
      vertex 1.74171 -87.7416 18.35
      vertex 0.957939 -85.1579 18.35
      vertex 1.17054 -87.8847 18.35
    endloop
  endfacet
  facet normal -0 0 1
    outer loop
      vertex 0.643798 -85.2366 18.35
      vertex 1.17054 -87.8847 18.35
      vertex 0.957939 -85.1579 18.35
    endloop
  endfacet
  facet normal 0 0 1
    outer loop
      vertex 0.643798 -85.2366 18.35
      vertex 0.588102 -87.9711 18.35
      vertex 1.17054 -87.8847 18.35
    endloop
  endfacet
  facet normal -0 0 1
    outer loop
      vertex 0.323456 -85.2841 18.35
      vertex 0.588102 -87.9711 18.35
      vertex 0.643798 -85.2366 18.35
    endloop
  endfacet
  facet normal -0 0 1
    outer loop
      vertex 0 -85.3 18.35
      vertex 0.588102 -87.9711 18.35
      vertex 0.323456 -85.2841 18.35
    endloop
  endfacet
  facet normal 0 0 1
    outer loop
      vertex 0 -85.3 18.35
      vertex 0 -88 18.35
      vertex 0.588102 -87.9711 18.35
    endloop
  endfacet
  facet normal 0 0 1
    outer loop
      vertex -0.323456 -85.2841 18.35
      vertex 0 -88 18.35
      vertex 0 -85.3 18.35
    endloop
  endfacet
  facet normal 0 0 1
    outer loop
      vertex -0.323456 -85.2841 18.35
      vertex -0.588102 -87.9711 18.35
      vertex 0 -88 18.35
    endloop
  endfacet
  facet normal 0 0 1
    outer loop
      vertex -0.643798 -85.2366 18.35
      vertex -0.588102 -87.9711 18.35
      vertex -0.323456 -85.2841 18.35
    endloop
  endfacet
  facet normal 0 0 1
    outer loop
      vertex -1.17054 -87.8847 18.35
      vertex -0.643798 -85.2366 18.35
      vertex -0.957939 -85.1579 18.35
    endloop
  endfacet
  facet normal 0 0 1
    outer loop
      vertex -0.643798 -85.2366 18.35
      vertex -1.17054 -87.8847 18.35
      vertex -0.588102 -87.9711 18.35
    endloop
  endfacet
  facet normal 0 0 1
    outer loop
      vertex -1.74171 -87.7416 18.35
      vertex -0.957939 -85.1579 18.35
      vertex -1.26285 -85.0488 18.35
    endloop
  endfacet
  facet normal 0 0 1
    outer loop
      vertex -2.2961 -87.5433 18.35
      vertex -1.26285 -85.0488 18.35
      vertex -1.55561 -84.9103 18.35
    endloop
  endfacet
  facet normal 0 0 1
    outer loop
      vertex -0.957939 -85.1579 18.35
      vertex -1.74171 -87.7416 18.35
      vertex -1.17054 -87.8847 18.35
    endloop
  endfacet
  facet normal 0 0 1
    outer loop
      vertex -2.82838 -87.2915 18.35
      vertex -1.55561 -84.9103 18.35
      vertex -1.83338 -84.7439 18.35
    endloop
  endfacet
  facet normal 0 0 1
    outer loop
      vertex -3.33342 -86.9888 18.35
      vertex -1.83338 -84.7439 18.35
      vertex -2.0935 -84.5509 18.35
    endloop
  endfacet
  facet normal 0 0 1
    outer loop
      vertex -1.26285 -85.0488 18.35
      vertex -2.2961 -87.5433 18.35
      vertex -1.74171 -87.7416 18.35
    endloop
  endfacet
  facet normal 0 0 1
    outer loop
      vertex -3.80636 -86.6381 18.35
      vertex -2.0935 -84.5509 18.35
      vertex -2.33345 -84.3335 18.35
    endloop
  endfacet
  facet normal 0 0 1
    outer loop
      vertex -3.80636 -86.6381 18.35
      vertex -2.33345 -84.3335 18.35
      vertex -2.55093 -84.0935 18.35
    endloop
  endfacet
  facet normal 0 0 1
    outer loop
      vertex -3.80636 -86.6381 18.35
      vertex -2.55093 -84.0935 18.35
      vertex -2.74385 -83.8334 18.35
    endloop
  endfacet
  facet normal 0 0 1
    outer loop
      vertex -1.55561 -84.9103 18.35
      vertex -2.82838 -87.2915 18.35
      vertex -2.2961 -87.5433 18.35
    endloop
  endfacet
  facet normal 0 0 1
    outer loop
      vertex -3.80636 -86.6381 18.35
      vertex -2.74385 -83.8334 18.35
      vertex -2.91034 -83.5556 18.35
    endloop
  endfacet
  facet normal 0 0 1
    outer loop
      vertex -3.80636 -86.6381 18.35
      vertex -2.91034 -83.5556 18.35
      vertex -3.0488 -83.2629 18.35
    endloop
  endfacet
  facet normal 0 0 1
    outer loop
      vertex -3.80636 -86.6381 18.35
      vertex -3.0488 -83.2629 18.35
      vertex -3.1579 -82.9579 18.35
    endloop
  endfacet
  facet normal 0 0 1
    outer loop
      vertex -3.80636 -86.6381 18.35
      vertex -3.1579 -82.9579 18.35
      vertex -3.23659 -82.6438 18.35
    endloop
  endfacet
  facet normal 0 0 1
    outer loop
      vertex -3.80636 -86.6381 18.35
      vertex -3.23659 -82.6438 18.35
      vertex -3.28411 -82.3235 18.35
    endloop
  endfacet
  facet normal 0 0 1
    outer loop
      vertex -1.83338 -84.7439 18.35
      vertex -3.33342 -86.9888 18.35
      vertex -2.82838 -87.2915 18.35
    endloop
  endfacet
  facet normal 0 0 1
    outer loop
      vertex -5.97111 -82.5881 18.35
      vertex -3.28411 -82.3235 18.35
      vertex -3.3 -82 18.35
    endloop
  endfacet
  facet normal 0.803241 -0.595655 0
    outer loop
      vertex 4.63806 -85.8064 18.35
      vertex 4.98882 -85.3334 16.0901
      vertex 4.98882 -85.3334 18.35
    endloop
  endfacet
  facet normal 0.803241 -0.595655 0
    outer loop
      vertex 4.98882 -85.3334 16.0901
      vertex 4.63806 -85.8064 18.35
      vertex 4.63806 -85.8064 15.779
    endloop
  endfacet
  facet normal 0.803241 -0.595655 0
    outer loop
      vertex 4.63806 -85.8064 10.8053
      vertex 4.98882 -85.3334 6
      vertex 4.98882 -85.3334 11.1164
    endloop
  endfacet
  facet normal 0.803241 -0.595655 0
    outer loop
      vertex 4.98882 -85.3334 6
      vertex 4.63806 -85.8064 10.8053
      vertex 4.63806 -85.8064 6
    endloop
  endfacet
  facet normal -0.85771 -0.514134 -0
    outer loop
      vertex -4.98882 -85.3334 18.35
      vertex -5.29153 -84.8284 16.4224
      vertex -4.98882 -85.3334 16.0901
    endloop
  endfacet
  facet normal -0.85771 -0.514134 0
    outer loop
      vertex -5.29153 -84.8284 16.4224
      vertex -4.98882 -85.3334 18.35
      vertex -5.29153 -84.8284 18.35
    endloop
  endfacet
  facet normal -0.857651 -0.514232 -0
    outer loop
      vertex -5.2486 -84.9 6
      vertex -5.29153 -84.8284 3.35
      vertex -5.2486 -84.9 3.35
    endloop
  endfacet
  facet normal -0.857651 -0.514232 0
    outer loop
      vertex -5.29153 -84.8284 3.35
      vertex -5.2486 -84.9 6
      vertex -5.29153 -84.8284 11.4487
    endloop
  endfacet
  facet normal -0.85772 -0.514117 -0
    outer loop
      vertex -4.98882 -85.3334 11.1164
      vertex -5.2486 -84.9 6
      vertex -4.98882 -85.3334 6
    endloop
  endfacet
  facet normal -0.857711 -0.514133 -1.76523e-06
    outer loop
      vertex -5.2486 -84.9 6
      vertex -4.98882 -85.3334 11.1164
      vertex -5.29153 -84.8284 11.4487
    endloop
  endfacet
  facet normal -0.146736 -0.989176 0
    outer loop
      vertex -1.17054 -87.8847 14.4116
      vertex -0.588102 -87.9711 18.35
      vertex -1.17054 -87.8847 18.35
    endloop
  endfacet
  facet normal -0.146736 -0.989176 -0
    outer loop
      vertex -0.588102 -87.9711 18.35
      vertex -1.17054 -87.8847 14.4116
      vertex -0.588102 -87.9711 14.3548
    endloop
  endfacet
  facet normal 0.671632 -0.740884 0
    outer loop
      vertex 3.80636 -86.6381 18.35
      vertex 4.24264 -86.2426 15.4919
      vertex 4.24264 -86.2426 18.35
    endloop
  endfacet
  facet normal 0.671632 -0.740884 0
    outer loop
      vertex 4.24264 -86.2426 15.4919
      vertex 3.80636 -86.6381 18.35
      vertex 3.80636 -86.6381 15.2318
    endloop
  endfacet
  facet normal 0.671632 -0.740884 0
    outer loop
      vertex 4.24264 -86.2426 6
      vertex 3.80636 -86.6381 10.2581
      vertex 3.80636 -86.6381 6
    endloop
  endfacet
  facet normal 0.671632 -0.740884 0
    outer loop
      vertex 3.80636 -86.6381 10.2581
      vertex 4.24264 -86.2426 6
      vertex 4.24264 -86.2426 10.5183
    endloop
  endfacet
  facet normal -0.85771 0.514134 0
    outer loop
      vertex -5.29153 -79.1716 15.1702
      vertex -4.98882 -78.6666 3.35
      vertex -5.29153 -79.1716 3.35
    endloop
  endfacet
  facet normal -0.85771 0.514134 0
    outer loop
      vertex -4.98882 -78.6666 3.35
      vertex -5.29153 -79.1716 15.1702
      vertex -4.98882 -78.6666 15.5025
    endloop
  endfacet
  facet normal -0.803241 0.595655 0
    outer loop
      vertex -4.98882 -78.6666 15.5025
      vertex -4.63806 -78.1936 3.35
      vertex -4.98882 -78.6666 3.35
    endloop
  endfacet
  facet normal -0.803241 0.595655 0
    outer loop
      vertex -4.63806 -78.1936 3.35
      vertex -4.98882 -78.6666 15.5025
      vertex -4.63806 -78.1936 15.8137
    endloop
  endfacet
  facet normal -0.336794 -0.941578 0
    outer loop
      vertex -1.74171 76.2584 3.35
      vertex -2.2961 76.4567 16.9564
      vertex -2.2961 76.4567 3.35
    endloop
  endfacet
  facet normal -0.336794 -0.941578 0
    outer loop
      vertex -2.2961 76.4567 16.9564
      vertex -1.74171 76.2584 3.35
      vertex -1.74171 76.2584 17.0869
    endloop
  endfacet
  facet normal 0.989174 0.146746 -0
    outer loop
      vertex 5.97111 82.5881 3.35
      vertex 5.88471 83.1705 12.5394
      vertex 5.97111 82.5881 12.9226
    endloop
  endfacet
  facet normal 0.989174 0.146746 0
    outer loop
      vertex 5.88471 83.1705 12.5394
      vertex 5.97111 82.5881 3.35
      vertex 5.88471 83.1705 3.35
    endloop
  endfacet
  facet normal 0.989174 0.146746 -0
    outer loop
      vertex 5.97111 82.5881 17.8962
      vertex 5.88471 83.1705 18.35
      vertex 5.97111 82.5881 18.35
    endloop
  endfacet
  facet normal 0.989174 0.146746 0
    outer loop
      vertex 5.88471 83.1705 18.35
      vertex 5.97111 82.5881 17.8962
      vertex 5.88471 83.1705 17.5131
    endloop
  endfacet
  facet normal 0.998796 0.0490651 -0
    outer loop
      vertex 6 82 3.35
      vertex 5.97111 82.5881 12.9226
      vertex 6 82 13.3095
    endloop
  endfacet
  facet normal 0.998796 0.0490651 0
    outer loop
      vertex 5.97111 82.5881 12.9226
      vertex 6 82 3.35
      vertex 5.97111 82.5881 3.35
    endloop
  endfacet
  facet normal 0.998796 0.0490651 -0
    outer loop
      vertex 6 82 18.2832
      vertex 5.97111 82.5881 18.35
      vertex 6 82 18.35
    endloop
  endfacet
  facet normal 0.998796 0.0490651 0
    outer loop
      vertex 5.97111 82.5881 18.35
      vertex 6 82 18.2832
      vertex 5.97111 82.5881 17.8962
    endloop
  endfacet
  facet normal 0.970035 0.242967 -0
    outer loop
      vertex 5.88471 83.1705 3.35
      vertex 5.74164 83.7417 12.1636
      vertex 5.88471 83.1705 12.5394
    endloop
  endfacet
  facet normal 0.970035 0.242967 0
    outer loop
      vertex 5.74164 83.7417 12.1636
      vertex 5.88471 83.1705 3.35
      vertex 5.74164 83.7417 3.35
    endloop
  endfacet
  facet normal 0.970035 0.242967 -0
    outer loop
      vertex 5.88471 83.1705 17.5131
      vertex 5.74164 83.7417 18.35
      vertex 5.88471 83.1705 18.35
    endloop
  endfacet
  facet normal 0.970035 0.242967 0
    outer loop
      vertex 5.74164 83.7417 18.35
      vertex 5.88471 83.1705 17.5131
      vertex 5.74164 83.7417 17.1373
    endloop
  endfacet
  facet normal -0.989174 0.146746 0
    outer loop
      vertex -5.97111 82.5881 3.35
      vertex -5.88471 83.1705 12.5394
      vertex -5.88471 83.1705 3.35
    endloop
  endfacet
  facet normal -0.989174 0.146746 0
    outer loop
      vertex -5.88471 83.1705 12.5394
      vertex -5.97111 82.5881 3.35
      vertex -5.97111 82.5881 12.9226
    endloop
  endfacet
  facet normal -0.989174 0.146746 0
    outer loop
      vertex -5.97111 82.5881 17.8962
      vertex -5.88471 83.1705 18.35
      vertex -5.88471 83.1705 17.5131
    endloop
  endfacet
  facet normal -0.989174 0.146746 0
    outer loop
      vertex -5.88471 83.1705 18.35
      vertex -5.97111 82.5881 17.8962
      vertex -5.97111 82.5881 18.35
    endloop
  endfacet
  facet normal -0.243027 -0.970019 0
    outer loop
      vertex -1.17054 76.1153 3.35
      vertex -1.74171 76.2584 17.0869
      vertex -1.74171 76.2584 3.35
    endloop
  endfacet
  facet normal -0.243027 -0.970019 0
    outer loop
      vertex -1.74171 76.2584 17.0869
      vertex -1.17054 76.1153 3.35
      vertex -1.17054 76.1153 17.181
    endloop
  endfacet
  facet normal 0.336794 0.941578 -0
    outer loop
      vertex 2.2961 87.5433 14.6363
      vertex 1.74171 87.7416 18.35
      vertex 2.2961 87.5433 18.35
    endloop
  endfacet
  facet normal 0.336794 0.941578 0
    outer loop
      vertex 1.74171 87.7416 18.35
      vertex 2.2961 87.5433 14.6363
      vertex 1.74171 87.7416 14.5058
    endloop
  endfacet
  facet normal -0.514631 0.857412 0
    outer loop
      vertex -3.31476 87 3.35
      vertex -3.33342 86.9888 4
      vertex -3.31476 87 4
    endloop
  endfacet
  facet normal -0.514631 0.857412 0
    outer loop
      vertex -3.33342 86.9888 4
      vertex -3.31476 87 3.35
      vertex -3.33342 86.9888 3.35
    endloop
  endfacet
  facet normal -0.514091 0.857736 0
    outer loop
      vertex -2.82838 87.2915 18.35
      vertex -3.33342 86.9888 15.001
      vertex -3.33342 86.9888 18.35
    endloop
  endfacet
  facet normal -0.514091 0.857736 0
    outer loop
      vertex -3.33342 86.9888 15.001
      vertex -2.82838 87.2915 18.35
      vertex -2.82838 87.2915 14.8019
    endloop
  endfacet
  facet normal -0.514631 0.857412 0
    outer loop
      vertex -3.33342 86.9888 6
      vertex -3.31476 87 10.02
      vertex -3.31476 87 6
    endloop
  endfacet
  facet normal -0.514631 0.857412 0
    outer loop
      vertex -3.31476 87 10.02
      vertex -3.33342 86.9888 6
      vertex -3.33342 86.9888 10.0274
    endloop
  endfacet
  facet normal -0.903995 -0.427542 0
    outer loop
      vertex -5.29153 79.1716 3.35
      vertex -5.54328 79.7039 14.8201
      vertex -5.54328 79.7039 3.35
    endloop
  endfacet
  facet normal -0.903995 -0.427542 0
    outer loop
      vertex -5.54328 79.7039 14.8201
      vertex -5.29153 79.1716 3.35
      vertex -5.29153 79.1716 15.1702
    endloop
  endfacet
  facet normal -0.243027 0.970019 0
    outer loop
      vertex -1.17054 87.8847 18.35
      vertex -1.74171 87.7416 14.5058
      vertex -1.74171 87.7416 18.35
    endloop
  endfacet
  facet normal -0.243027 0.970019 0
    outer loop
      vertex -1.74171 87.7416 14.5058
      vertex -1.17054 87.8847 18.35
      vertex -1.17054 87.8847 14.4116
    endloop
  endfacet
  facet normal -0.85771 -0.514134 0
    outer loop
      vertex -4.98882 78.6666 3.35
      vertex -5.29153 79.1716 15.1702
      vertex -5.29153 79.1716 3.35
    endloop
  endfacet
  facet normal -0.85771 -0.514134 0
    outer loop
      vertex -5.29153 79.1716 15.1702
      vertex -4.98882 78.6666 3.35
      vertex -4.98882 78.6666 15.5025
    endloop
  endfacet
  facet normal 0.243027 -0.970019 0
    outer loop
      vertex 1.17054 76.1153 3.35
      vertex 1.74171 76.2584 17.0869
      vertex 1.17054 76.1153 17.181
    endloop
  endfacet
  facet normal 0.243027 -0.970019 0
    outer loop
      vertex 1.74171 76.2584 17.0869
      vertex 1.17054 76.1153 3.35
      vertex 1.74171 76.2584 3.35
    endloop
  endfacet
  facet normal -0.595638 -0.803253 0
    outer loop
      vertex -3.33342 77.0112 3.35
      vertex -3.80636 77.3619 16.3608
      vertex -3.80636 77.3619 3.35
    endloop
  endfacet
  facet normal -0.595638 -0.803253 0
    outer loop
      vertex -3.80636 77.3619 16.3608
      vertex -3.33342 77.0112 3.35
      vertex -3.33342 77.0112 16.5916
    endloop
  endfacet
  facet normal 0.514091 -0.857736 0
    outer loop
      vertex 2.82838 76.7085 3.35
      vertex 3.33342 77.0112 16.5916
      vertex 2.82838 76.7085 16.7907
    endloop
  endfacet
  facet normal 0.514091 -0.857736 0
    outer loop
      vertex 3.33342 77.0112 16.5916
      vertex 2.82838 76.7085 3.35
      vertex 3.33342 77.0112 3.35
    endloop
  endfacet
  facet normal 0.803241 -0.595655 0
    outer loop
      vertex 4.63806 78.1936 3.35
      vertex 4.98882 78.6666 15.5025
      vertex 4.63806 78.1936 15.8137
    endloop
  endfacet
  facet normal 0.803241 -0.595655 0
    outer loop
      vertex 4.98882 78.6666 15.5025
      vertex 4.63806 78.1936 3.35
      vertex 4.98882 78.6666 3.35
    endloop
  endfacet
  facet normal 0.146736 0.989176 -0
    outer loop
      vertex 1.17054 87.8847 14.4116
      vertex 0.588102 87.9711 18.35
      vertex 1.17054 87.8847 18.35
    endloop
  endfacet
  facet normal 0.146736 0.989176 0
    outer loop
      vertex 0.588102 87.9711 18.35
      vertex 1.17054 87.8847 14.4116
      vertex 0.588102 87.9711 14.3548
    endloop
  endfacet
  facet normal -0.595671 0.803228 0
    outer loop
      vertex -3.33342 86.9888 3.35
      vertex -3.72285 86.7 4
      vertex -3.33342 86.9888 4
    endloop
  endfacet
  facet normal -0.595671 0.803228 0
    outer loop
      vertex -3.72285 86.7 4
      vertex -3.33342 86.9888 3.35
      vertex -3.72285 86.7 3.35
    endloop
  endfacet
  facet normal -0.595638 0.803253 0
    outer loop
      vertex -3.33342 86.9888 18.35
      vertex -3.80636 86.6381 15.2318
      vertex -3.80636 86.6381 18.35
    endloop
  endfacet
  facet normal -0.595638 0.803253 0
    outer loop
      vertex -3.80636 86.6381 15.2318
      vertex -3.33342 86.9888 18.35
      vertex -3.33342 86.9888 15.001
    endloop
  endfacet
  facet normal -0.595638 0.803253 0
    outer loop
      vertex -3.80636 86.6381 6
      vertex -3.33342 86.9888 10.0274
      vertex -3.33342 86.9888 6
    endloop
  endfacet
  facet normal -0.595638 0.803253 0
    outer loop
      vertex -3.33342 86.9888 10.0274
      vertex -3.80636 86.6381 6
      vertex -3.80636 86.6381 10.2581
    endloop
  endfacet
  facet normal 0.427625 -0.903956 0
    outer loop
      vertex 2.2961 76.4567 3.35
      vertex 2.82838 76.7085 16.7907
      vertex 2.2961 76.4567 16.9564
    endloop
  endfacet
  facet normal 0.427625 -0.903956 0
    outer loop
      vertex 2.82838 76.7085 16.7907
      vertex 2.2961 76.4567 3.35
      vertex 2.82838 76.7085 3.35
    endloop
  endfacet
  facet normal -0.803241 0.595655 0
    outer loop
      vertex -4.98882 85.3334 16.0901
      vertex -4.63806 85.8064 18.35
      vertex -4.63806 85.8064 15.779
    endloop
  endfacet
  facet normal -0.803241 0.595655 0
    outer loop
      vertex -4.63806 85.8064 18.35
      vertex -4.98882 85.3334 16.0901
      vertex -4.98882 85.3334 18.35
    endloop
  endfacet
  facet normal -0.803241 0.595655 0
    outer loop
      vertex -4.98882 85.3334 6
      vertex -4.63806 85.8064 10.8053
      vertex -4.63806 85.8064 6
    endloop
  endfacet
  facet normal -0.803241 0.595655 0
    outer loop
      vertex -4.63806 85.8064 10.8053
      vertex -4.98882 85.3334 6
      vertex -4.98882 85.3334 11.1164
    endloop
  endfacet
  facet normal 0.989174 -0.146746 0
    outer loop
      vertex 5.88471 80.8295 3.35
      vertex 5.97111 81.4119 13.6964
      vertex 5.88471 80.8295 14.0796
    endloop
  endfacet
  facet normal 0.989174 -0.146746 0
    outer loop
      vertex 5.97111 81.4119 13.6964
      vertex 5.88471 80.8295 3.35
      vertex 5.97111 81.4119 3.35
    endloop
  endfacet
  facet normal -0.941548 0.336879 0
    outer loop
      vertex -5.74164 83.7417 3.35
      vertex -5.54328 84.2961 11.7989
      vertex -5.54328 84.2961 3.35
    endloop
  endfacet
  facet normal -0.941548 0.336879 0
    outer loop
      vertex -5.54328 84.2961 11.7989
      vertex -5.74164 83.7417 3.35
      vertex -5.74164 83.7417 12.1636
    endloop
  endfacet
  facet normal -0.941548 0.336879 0
    outer loop
      vertex -5.74164 83.7417 17.1373
      vertex -5.54328 84.2961 18.35
      vertex -5.54328 84.2961 16.7726
    endloop
  endfacet
  facet normal -0.941548 0.336879 0
    outer loop
      vertex -5.54328 84.2961 18.35
      vertex -5.74164 83.7417 17.1373
      vertex -5.74164 83.7417 18.35
    endloop
  endfacet
  facet normal 0.427625 0.903956 -0
    outer loop
      vertex 2.82838 87.2915 14.8019
      vertex 2.2961 87.5433 18.35
      vertex 2.82838 87.2915 18.35
    endloop
  endfacet
  facet normal 0.427625 0.903956 0
    outer loop
      vertex 2.2961 87.5433 18.35
      vertex 2.82838 87.2915 14.8019
      vertex 2.2961 87.5433 14.6363
    endloop
  endfacet
  facet normal -0.941548 -0.336879 0
    outer loop
      vertex -5.54328 79.7039 3.35
      vertex -5.74164 80.2583 14.4553
      vertex -5.74164 80.2583 3.35
    endloop
  endfacet
  facet normal -0.941548 -0.336879 0
    outer loop
      vertex -5.74164 80.2583 14.4553
      vertex -5.54328 79.7039 3.35
      vertex -5.54328 79.7039 14.8201
    endloop
  endfacet
  facet normal 0.970035 -0.242967 0
    outer loop
      vertex 5.74164 80.2583 3.35
      vertex 5.88471 80.8295 14.0796
      vertex 5.74164 80.2583 14.4553
    endloop
  endfacet
  facet normal 0.970035 -0.242967 0
    outer loop
      vertex 5.88471 80.8295 14.0796
      vertex 5.74164 80.2583 3.35
      vertex 5.88471 80.8295 3.35
    endloop
  endfacet
  facet normal -0.0490819 0.998795 0
    outer loop
      vertex 0 88 18.35
      vertex -0.588102 87.9711 14.3548
      vertex -0.588102 87.9711 18.35
    endloop
  endfacet
  facet normal -0.0490819 0.998795 0
    outer loop
      vertex -0.588102 87.9711 14.3548
      vertex 0 88 18.35
      vertex 0 88 14.3358
    endloop
  endfacet
  facet normal -0.427625 0.903956 0
    outer loop
      vertex -2.2961 87.5433 18.35
      vertex -2.82838 87.2915 14.8019
      vertex -2.82838 87.2915 18.35
    endloop
  endfacet
  facet normal -0.427625 0.903956 0
    outer loop
      vertex -2.82838 87.2915 14.8019
      vertex -2.2961 87.5433 18.35
      vertex -2.2961 87.5433 14.6363
    endloop
  endfacet
  facet normal -0.671632 0.740884 0
    outer loop
      vertex -3.80636 86.6381 18.35
      vertex -4.24264 86.2426 15.4919
      vertex -4.24264 86.2426 18.35
    endloop
  endfacet
  facet normal -0.671632 0.740884 0
    outer loop
      vertex -4.24264 86.2426 15.4919
      vertex -3.80636 86.6381 18.35
      vertex -3.80636 86.6381 15.2318
    endloop
  endfacet
  facet normal -0.671632 0.740884 0
    outer loop
      vertex -4.24264 86.2426 6
      vertex -3.80636 86.6381 10.2581
      vertex -3.80636 86.6381 6
    endloop
  endfacet
  facet normal -0.671632 0.740884 0
    outer loop
      vertex -3.80636 86.6381 10.2581
      vertex -4.24264 86.2426 6
      vertex -4.24264 86.2426 10.5183
    endloop
  endfacet
  facet normal 0.336794 -0.941578 0
    outer loop
      vertex 1.74171 76.2584 3.35
      vertex 2.2961 76.4567 16.9564
      vertex 1.74171 76.2584 17.0869
    endloop
  endfacet
  facet normal 0.336794 -0.941578 0
    outer loop
      vertex 2.2961 76.4567 16.9564
      vertex 1.74171 76.2584 3.35
      vertex 2.2961 76.4567 3.35
    endloop
  endfacet
  facet normal -0.336794 0.941578 0
    outer loop
      vertex -1.74171 87.7416 18.35
      vertex -2.2961 87.5433 14.6363
      vertex -2.2961 87.5433 18.35
    endloop
  endfacet
  facet normal -0.336794 0.941578 0
    outer loop
      vertex -2.2961 87.5433 14.6363
      vertex -1.74171 87.7416 18.35
      vertex -1.74171 87.7416 14.5058
    endloop
  endfacet
  facet normal 0.803241 0.595655 -0
    outer loop
      vertex 4.98882 85.3334 16.0901
      vertex 4.63806 85.8064 18.35
      vertex 4.98882 85.3334 18.35
    endloop
  endfacet
  facet normal 0.803241 0.595655 0
    outer loop
      vertex 4.63806 85.8064 18.35
      vertex 4.98882 85.3334 16.0901
      vertex 4.63806 85.8064 15.779
    endloop
  endfacet
  facet normal 0.803241 0.595655 -0
    outer loop
      vertex 4.98882 85.3334 6
      vertex 4.63806 85.8064 10.8053
      vertex 4.98882 85.3334 11.1164
    endloop
  endfacet
  facet normal 0.803241 0.595655 0
    outer loop
      vertex 4.63806 85.8064 10.8053
      vertex 4.98882 85.3334 6
      vertex 4.63806 85.8064 6
    endloop
  endfacet
  facet normal -0.85771 0.514134 0
    outer loop
      vertex -5.29153 84.8284 16.4224
      vertex -4.98882 85.3334 18.35
      vertex -4.98882 85.3334 16.0901
    endloop
  endfacet
  facet normal -0.85771 0.514134 0
    outer loop
      vertex -4.98882 85.3334 18.35
      vertex -5.29153 84.8284 16.4224
      vertex -5.29153 84.8284 18.35
    endloop
  endfacet
  facet normal -0.857651 0.514232 0
    outer loop
      vertex -5.2486 84.9 3.35
      vertex -5.29153 84.8284 3.35
      vertex -5.2486 84.9 6
    endloop
  endfacet
  facet normal -0.85772 0.514117 0
    outer loop
      vertex -5.2486 84.9 6
      vertex -4.98882 85.3334 11.1164
      vertex -4.98882 85.3334 6
    endloop
  endfacet
  facet normal -0.857711 0.514133 -1.76523e-06
    outer loop
      vertex -5.2486 84.9 6
      vertex -5.29153 84.8284 11.4487
      vertex -4.98882 85.3334 11.1164
    endloop
  endfacet
  facet normal -0.857651 0.514232 0
    outer loop
      vertex -5.29153 84.8284 11.4487
      vertex -5.2486 84.9 6
      vertex -5.29153 84.8284 3.35
    endloop
  endfacet
  facet normal 0.998796 -0.049055 0
    outer loop
      vertex 6 82 18.35
      vertex 5.99501 81.8984 18.35
      vertex 6 82 18.2832
    endloop
  endfacet
  facet normal 0.998796 -0.0490651 0
    outer loop
      vertex 5.97111 81.4119 3.35
      vertex 6 82 13.3095
      vertex 5.97111 81.4119 13.6964
    endloop
  endfacet
  facet normal 0.998796 -0.0490651 0
    outer loop
      vertex 6 82 13.3095
      vertex 5.97111 81.4119 3.35
      vertex 6 82 3.35
    endloop
  endfacet
  facet normal 0.903995 -0.427542 0
    outer loop
      vertex 5.29153 79.1716 3.35
      vertex 5.54328 79.7039 14.8201
      vertex 5.29153 79.1716 15.1702
    endloop
  endfacet
  facet normal 0.903995 -0.427542 0
    outer loop
      vertex 5.54328 79.7039 14.8201
      vertex 5.29153 79.1716 3.35
      vertex 5.54328 79.7039 3.35
    endloop
  endfacet
  facet normal 0 0 1
    outer loop
      vertex 5.97111 82.5881 18.35
      vertex 3.28411 82.3235 18.35
      vertex 3.3 82 18.35
    endloop
  endfacet
  facet normal 0 0 1
    outer loop
      vertex 3.80636 86.6381 18.35
      vertex 3.23659 82.6438 18.35
      vertex 3.28411 82.3235 18.35
    endloop
  endfacet
  facet normal 0 0 1
    outer loop
      vertex 3.80636 86.6381 18.35
      vertex 3.1579 82.9579 18.35
      vertex 3.23659 82.6438 18.35
    endloop
  endfacet
  facet normal 0 0 1
    outer loop
      vertex 3.80636 86.6381 18.35
      vertex 3.0488 83.2629 18.35
      vertex 3.1579 82.9579 18.35
    endloop
  endfacet
  facet normal 0 0 1
    outer loop
      vertex 3.80636 86.6381 18.35
      vertex 2.91034 83.5556 18.35
      vertex 3.0488 83.2629 18.35
    endloop
  endfacet
  facet normal 0 0 1
    outer loop
      vertex 1.83338 84.7439 18.35
      vertex 3.33342 86.9888 18.35
      vertex 2.82838 87.2915 18.35
    endloop
  endfacet
  facet normal 0 0 1
    outer loop
      vertex 3.80636 86.6381 18.35
      vertex 2.74385 83.8334 18.35
      vertex 2.91034 83.5556 18.35
    endloop
  endfacet
  facet normal 0 0 1
    outer loop
      vertex 3.80636 86.6381 18.35
      vertex 2.55093 84.0935 18.35
      vertex 2.74385 83.8334 18.35
    endloop
  endfacet
  facet normal 0 0 1
    outer loop
      vertex 3.80636 86.6381 18.35
      vertex 2.33345 84.3335 18.35
      vertex 2.55093 84.0935 18.35
    endloop
  endfacet
  facet normal 0 0 1
    outer loop
      vertex 1.55561 84.9103 18.35
      vertex 2.82838 87.2915 18.35
      vertex 2.2961 87.5433 18.35
    endloop
  endfacet
  facet normal 0 0 1
    outer loop
      vertex 3.80636 86.6381 18.35
      vertex 2.0935 84.5509 18.35
      vertex 2.33345 84.3335 18.35
    endloop
  endfacet
  facet normal 0 0 1
    outer loop
      vertex 3.33342 86.9888 18.35
      vertex 1.83338 84.7439 18.35
      vertex 2.0935 84.5509 18.35
    endloop
  endfacet
  facet normal 0 0 1
    outer loop
      vertex 1.26285 85.0488 18.35
      vertex 2.2961 87.5433 18.35
      vertex 1.74171 87.7416 18.35
    endloop
  endfacet
  facet normal 0 0 1
    outer loop
      vertex 2.82838 87.2915 18.35
      vertex 1.55561 84.9103 18.35
      vertex 1.83338 84.7439 18.35
    endloop
  endfacet
  facet normal 0 0 1
    outer loop
      vertex 2.2961 87.5433 18.35
      vertex 1.26285 85.0488 18.35
      vertex 1.55561 84.9103 18.35
    endloop
  endfacet
  facet normal 0 0 1
    outer loop
      vertex 0.957939 85.1579 18.35
      vertex 1.74171 87.7416 18.35
      vertex 1.17054 87.8847 18.35
    endloop
  endfacet
  facet normal 0 0 1
    outer loop
      vertex 1.74171 87.7416 18.35
      vertex 0.957939 85.1579 18.35
      vertex 1.26285 85.0488 18.35
    endloop
  endfacet
  facet normal 0 0 1
    outer loop
      vertex 1.17054 87.8847 18.35
      vertex 0.643798 85.2366 18.35
      vertex 0.957939 85.1579 18.35
    endloop
  endfacet
  facet normal 0 0 1
    outer loop
      vertex 0.588102 87.9711 18.35
      vertex 0.643798 85.2366 18.35
      vertex 1.17054 87.8847 18.35
    endloop
  endfacet
  facet normal 0 0 1
    outer loop
      vertex 0.588102 87.9711 18.35
      vertex 0.323456 85.2841 18.35
      vertex 0.643798 85.2366 18.35
    endloop
  endfacet
  facet normal 0 0 1
    outer loop
      vertex 0 88 18.35
      vertex 0.323456 85.2841 18.35
      vertex 0.588102 87.9711 18.35
    endloop
  endfacet
  facet normal 0 0 1
    outer loop
      vertex 0 88 18.35
      vertex 0 85.3 18.35
      vertex 0.323456 85.2841 18.35
    endloop
  endfacet
  facet normal 0 0 1
    outer loop
      vertex 0 88 18.35
      vertex -0.323456 85.2841 18.35
      vertex 0 85.3 18.35
    endloop
  endfacet
  facet normal -0 0 1
    outer loop
      vertex -0.588102 87.9711 18.35
      vertex -0.323456 85.2841 18.35
      vertex 0 88 18.35
    endloop
  endfacet
  facet normal 0 0 1
    outer loop
      vertex -0.588102 87.9711 18.35
      vertex -0.643798 85.2366 18.35
      vertex -0.323456 85.2841 18.35
    endloop
  endfacet
  facet normal -0 0 1
    outer loop
      vertex -1.17054 87.8847 18.35
      vertex -0.643798 85.2366 18.35
      vertex -0.588102 87.9711 18.35
    endloop
  endfacet
  facet normal 0 0 1
    outer loop
      vertex -0.643798 85.2366 18.35
      vertex -1.17054 87.8847 18.35
      vertex -0.957939 85.1579 18.35
    endloop
  endfacet
  facet normal -0 0 1
    outer loop
      vertex -1.74171 87.7416 18.35
      vertex -0.957939 85.1579 18.35
      vertex -1.17054 87.8847 18.35
    endloop
  endfacet
  facet normal 0 0 1
    outer loop
      vertex -0.957939 85.1579 18.35
      vertex -1.74171 87.7416 18.35
      vertex -1.26285 85.0488 18.35
    endloop
  endfacet
  facet normal -0 0 1
    outer loop
      vertex -2.2961 87.5433 18.35
      vertex -1.26285 85.0488 18.35
      vertex -1.74171 87.7416 18.35
    endloop
  endfacet
  facet normal 0 0 1
    outer loop
      vertex -1.26285 85.0488 18.35
      vertex -2.2961 87.5433 18.35
      vertex -1.55561 84.9103 18.35
    endloop
  endfacet
  facet normal -0 0 1
    outer loop
      vertex -2.82838 87.2915 18.35
      vertex -1.55561 84.9103 18.35
      vertex -2.2961 87.5433 18.35
    endloop
  endfacet
  facet normal 0 0 1
    outer loop
      vertex -1.55561 84.9103 18.35
      vertex -2.82838 87.2915 18.35
      vertex -1.83338 84.7439 18.35
    endloop
  endfacet
  facet normal -0 0 1
    outer loop
      vertex -3.33342 86.9888 18.35
      vertex -1.83338 84.7439 18.35
      vertex -2.82838 87.2915 18.35
    endloop
  endfacet
  facet normal 0 0 1
    outer loop
      vertex -1.83338 84.7439 18.35
      vertex -3.33342 86.9888 18.35
      vertex -2.0935 84.5509 18.35
    endloop
  endfacet
  facet normal -0 0 1
    outer loop
      vertex -3.80636 86.6381 18.35
      vertex -2.0935 84.5509 18.35
      vertex -3.33342 86.9888 18.35
    endloop
  endfacet
  facet normal 0 0 1
    outer loop
      vertex -2.0935 84.5509 18.35
      vertex -3.80636 86.6381 18.35
      vertex -2.33345 84.3335 18.35
    endloop
  endfacet
  facet normal -0 0 1
    outer loop
      vertex -4.24264 86.2426 18.35
      vertex -2.33345 84.3335 18.35
      vertex -3.80636 86.6381 18.35
    endloop
  endfacet
  facet normal 0 0 1
    outer loop
      vertex -2.33345 84.3335 18.35
      vertex -4.24264 86.2426 18.35
      vertex -2.55093 84.0935 18.35
    endloop
  endfacet
  facet normal -0 0 1
    outer loop
      vertex -4.63806 85.8064 18.35
      vertex -2.55093 84.0935 18.35
      vertex -4.24264 86.2426 18.35
    endloop
  endfacet
  facet normal 0 0 1
    outer loop
      vertex -2.55093 84.0935 18.35
      vertex -4.63806 85.8064 18.35
      vertex -2.74385 83.8334 18.35
    endloop
  endfacet
  facet normal -0 0 1
    outer loop
      vertex -4.98882 85.3334 18.35
      vertex -2.74385 83.8334 18.35
      vertex -4.63806 85.8064 18.35
    endloop
  endfacet
  facet normal -0 0 1
    outer loop
      vertex -5.29153 84.8284 18.35
      vertex -2.91034 83.5556 18.35
      vertex -4.98882 85.3334 18.35
    endloop
  endfacet
  facet normal 0 0 1
    outer loop
      vertex -2.74385 83.8334 18.35
      vertex -4.98882 85.3334 18.35
      vertex -2.91034 83.5556 18.35
    endloop
  endfacet
  facet normal 0 0 1
    outer loop
      vertex 3.3 82 18.35
      vertex 6 82 18.35
      vertex 5.97111 82.5881 18.35
    endloop
  endfacet
  facet normal 0 0 1
    outer loop
      vertex 3.28411 82.3235 18.35
      vertex 5.97111 82.5881 18.35
      vertex 5.88471 83.1705 18.35
    endloop
  endfacet
  facet normal 0 0 1
    outer loop
      vertex 3.28411 82.3235 18.35
      vertex 5.88471 83.1705 18.35
      vertex 5.74164 83.7417 18.35
    endloop
  endfacet
  facet normal 0 0 1
    outer loop
      vertex 3.28411 82.3235 18.35
      vertex 5.74164 83.7417 18.35
      vertex 5.54328 84.2961 18.35
    endloop
  endfacet
  facet normal 0 0 1
    outer loop
      vertex 3.28411 82.3235 18.35
      vertex 5.54328 84.2961 18.35
      vertex 5.29153 84.8284 18.35
    endloop
  endfacet
  facet normal 0 0 1
    outer loop
      vertex 3.28411 82.3235 18.35
      vertex 5.29153 84.8284 18.35
      vertex 4.98882 85.3334 18.35
    endloop
  endfacet
  facet normal 0 0 1
    outer loop
      vertex 3.28411 82.3235 18.35
      vertex 4.98882 85.3334 18.35
      vertex 4.63806 85.8064 18.35
    endloop
  endfacet
  facet normal 0 0 1
    outer loop
      vertex 3.28411 82.3235 18.35
      vertex 4.63806 85.8064 18.35
      vertex 4.24264 86.2426 18.35
    endloop
  endfacet
  facet normal 0 0 1
    outer loop
      vertex 3.28411 82.3235 18.35
      vertex 4.24264 86.2426 18.35
      vertex 3.80636 86.6381 18.35
    endloop
  endfacet
  facet normal 0 0 1
    outer loop
      vertex 2.0935 84.5509 18.35
      vertex 3.80636 86.6381 18.35
      vertex 3.33342 86.9888 18.35
    endloop
  endfacet
  facet normal 0 0 1
    outer loop
      vertex 6 82 18.35
      vertex 3.3 82 18.35
      vertex 5.99501 81.8984 18.35
    endloop
  endfacet
  facet normal 0 0 1
    outer loop
      vertex 5.99501 81.8984 18.35
      vertex 3.3 82 18.35
      vertex 3.29501 81.8984 18.35
    endloop
  endfacet
  facet normal 0 0 1
    outer loop
      vertex -2.91034 83.5556 18.35
      vertex -5.29153 84.8284 18.35
      vertex -3.0488 83.2629 18.35
    endloop
  endfacet
  facet normal -0 0 1
    outer loop
      vertex -5.54328 84.2961 18.35
      vertex -3.0488 83.2629 18.35
      vertex -5.29153 84.8284 18.35
    endloop
  endfacet
  facet normal 0 0 1
    outer loop
      vertex -3.0488 83.2629 18.35
      vertex -5.54328 84.2961 18.35
      vertex -3.1579 82.9579 18.35
    endloop
  endfacet
  facet normal -0 0 1
    outer loop
      vertex -5.74164 83.7417 18.35
      vertex -3.1579 82.9579 18.35
      vertex -5.54328 84.2961 18.35
    endloop
  endfacet
  facet normal 0 0 1
    outer loop
      vertex -3.1579 82.9579 18.35
      vertex -5.74164 83.7417 18.35
      vertex -3.23659 82.6438 18.35
    endloop
  endfacet
  facet normal -0 0 1
    outer loop
      vertex -5.88471 83.1705 18.35
      vertex -3.23659 82.6438 18.35
      vertex -5.74164 83.7417 18.35
    endloop
  endfacet
  facet normal 0 0 1
    outer loop
      vertex -3.23659 82.6438 18.35
      vertex -5.88471 83.1705 18.35
      vertex -3.28411 82.3235 18.35
    endloop
  endfacet
  facet normal -0 0 1
    outer loop
      vertex -5.97111 82.5881 18.35
      vertex -3.28411 82.3235 18.35
      vertex -5.88471 83.1705 18.35
    endloop
  endfacet
  facet normal 0 0 1
    outer loop
      vertex -3.28411 82.3235 18.35
      vertex -5.97111 82.5881 18.35
      vertex -3.3 82 18.35
    endloop
  endfacet
  facet normal 0 0 1
    outer loop
      vertex -6 82 18.35
      vertex -3.3 82 18.35
      vertex -5.97111 82.5881 18.35
    endloop
  endfacet
  facet normal 0 -0 1
    outer loop
      vertex -5.99501 81.8984 18.35
      vertex -3.3 82 18.35
      vertex -6 82 18.35
    endloop
  endfacet
  facet normal 0 0 1
    outer loop
      vertex -3.3 82 18.35
      vertex -5.99501 81.8984 18.35
      vertex -3.29501 81.8984 18.35
    endloop
  endfacet
  facet normal 0.595638 0.803253 -0
    outer loop
      vertex 3.80636 86.6381 15.2318
      vertex 3.33342 86.9888 18.35
      vertex 3.80636 86.6381 18.35
    endloop
  endfacet
  facet normal 0.595638 0.803253 0
    outer loop
      vertex 3.33342 86.9888 18.35
      vertex 3.80636 86.6381 15.2318
      vertex 3.33342 86.9888 15.001
    endloop
  endfacet
  facet normal 0.595671 0.803228 -0
    outer loop
      vertex 3.72285 86.7 3.35
      vertex 3.33342 86.9888 4
      vertex 3.72285 86.7 4
    endloop
  endfacet
  facet normal 0.595671 0.803228 0
    outer loop
      vertex 3.33342 86.9888 4
      vertex 3.72285 86.7 3.35
      vertex 3.33342 86.9888 3.35
    endloop
  endfacet
  facet normal 0.595638 0.803253 -0
    outer loop
      vertex 3.80636 86.6381 6
      vertex 3.33342 86.9888 10.0274
      vertex 3.80636 86.6381 10.2581
    endloop
  endfacet
  facet normal 0.595638 0.803253 0
    outer loop
      vertex 3.33342 86.9888 10.0274
      vertex 3.80636 86.6381 6
      vertex 3.33342 86.9888 6
    endloop
  endfacet
  facet normal -0.514091 -0.857736 0
    outer loop
      vertex -2.82838 76.7085 3.35
      vertex -3.33342 77.0112 16.5916
      vertex -3.33342 77.0112 3.35
    endloop
  endfacet
  facet normal -0.514091 -0.857736 0
    outer loop
      vertex -3.33342 77.0112 16.5916
      vertex -2.82838 76.7085 3.35
      vertex -2.82838 76.7085 16.7907
    endloop
  endfacet
  facet normal 0.514091 0.857736 -0
    outer loop
      vertex 3.33342 86.9888 15.001
      vertex 2.82838 87.2915 18.35
      vertex 3.33342 86.9888 18.35
    endloop
  endfacet
  facet normal 0.514091 0.857736 0
    outer loop
      vertex 2.82838 87.2915 18.35
      vertex 3.33342 86.9888 15.001
      vertex 2.82838 87.2915 14.8019
    endloop
  endfacet
  facet normal 0.514631 0.857412 -0
    outer loop
      vertex 3.33342 86.9888 3.35
      vertex 3.31476 87 4
      vertex 3.33342 86.9888 4
    endloop
  endfacet
  facet normal 0.514631 0.857412 0
    outer loop
      vertex 3.31476 87 4
      vertex 3.33342 86.9888 3.35
      vertex 3.31476 87 3.35
    endloop
  endfacet
  facet normal 0.514631 0.857412 -0
    outer loop
      vertex 3.33342 86.9888 6
      vertex 3.31476 87 10.02
      vertex 3.33342 86.9888 10.0274
    endloop
  endfacet
  facet normal 0.514631 0.857412 0
    outer loop
      vertex 3.31476 87 10.02
      vertex 3.33342 86.9888 6
      vertex 3.31476 87 6
    endloop
  endfacet
  facet normal 0.146736 -0.989176 0
    outer loop
      vertex 0.588102 76.0289 3.35
      vertex 1.17054 76.1153 17.181
      vertex 0.588102 76.0289 17.2378
    endloop
  endfacet
  facet normal 0.146736 -0.989176 0
    outer loop
      vertex 1.17054 76.1153 17.181
      vertex 0.588102 76.0289 3.35
      vertex 1.17054 76.1153 3.35
    endloop
  endfacet
  facet normal 0.941548 0.336879 -0
    outer loop
      vertex 5.74164 83.7417 3.35
      vertex 5.54328 84.2961 11.7989
      vertex 5.74164 83.7417 12.1636
    endloop
  endfacet
  facet normal 0.941548 0.336879 0
    outer loop
      vertex 5.54328 84.2961 11.7989
      vertex 5.74164 83.7417 3.35
      vertex 5.54328 84.2961 3.35
    endloop
  endfacet
  facet normal 0.941548 0.336879 -0
    outer loop
      vertex 5.74164 83.7417 17.1373
      vertex 5.54328 84.2961 18.35
      vertex 5.74164 83.7417 18.35
    endloop
  endfacet
  facet normal 0.941548 0.336879 0
    outer loop
      vertex 5.54328 84.2961 18.35
      vertex 5.74164 83.7417 17.1373
      vertex 5.54328 84.2961 16.7726
    endloop
  endfacet
  facet normal 0.85771 -0.514134 0
    outer loop
      vertex 4.98882 78.6666 3.35
      vertex 5.29153 79.1716 15.1702
      vertex 4.98882 78.6666 15.5025
    endloop
  endfacet
  facet normal 0.85771 -0.514134 0
    outer loop
      vertex 5.29153 79.1716 15.1702
      vertex 4.98882 78.6666 3.35
      vertex 5.29153 79.1716 3.35
    endloop
  endfacet
  facet normal -0.998796 -0.049055 -0
    outer loop
      vertex -6 82 18.35
      vertex -6 82 18.2832
      vertex -5.99501 81.8984 18.35
    endloop
  endfacet
  facet normal -0.998796 -0.0490651 0
    outer loop
      vertex -5.97111 81.4119 3.35
      vertex -6 82 13.3095
      vertex -6 82 3.35
    endloop
  endfacet
  facet normal -0.998796 -0.0490651 0
    outer loop
      vertex -6 82 13.3095
      vertex -5.97111 81.4119 3.35
      vertex -5.97111 81.4119 13.6964
    endloop
  endfacet
  facet normal 0.941548 -0.336879 0
    outer loop
      vertex 5.54328 79.7039 3.35
      vertex 5.74164 80.2583 14.4553
      vertex 5.54328 79.7039 14.8201
    endloop
  endfacet
  facet normal 0.941548 -0.336879 0
    outer loop
      vertex 5.74164 80.2583 14.4553
      vertex 5.54328 79.7039 3.35
      vertex 5.74164 80.2583 3.35
    endloop
  endfacet
  facet normal -0.146736 0.989176 0
    outer loop
      vertex -0.588102 87.9711 18.35
      vertex -1.17054 87.8847 14.4116
      vertex -1.17054 87.8847 18.35
    endloop
  endfacet
  facet normal -0.146736 0.989176 0
    outer loop
      vertex -1.17054 87.8847 14.4116
      vertex -0.588102 87.9711 18.35
      vertex -0.588102 87.9711 14.3548
    endloop
  endfacet
  facet normal 0.740891 0.671625 -0
    outer loop
      vertex 4.63806 85.8064 15.779
      vertex 4.24264 86.2426 18.35
      vertex 4.63806 85.8064 18.35
    endloop
  endfacet
  facet normal 0.740891 0.671625 0
    outer loop
      vertex 4.24264 86.2426 18.35
      vertex 4.63806 85.8064 15.779
      vertex 4.24264 86.2426 15.4919
    endloop
  endfacet
  facet normal 0.740891 0.671625 -0
    outer loop
      vertex 4.63806 85.8064 6
      vertex 4.24264 86.2426 10.5183
      vertex 4.63806 85.8064 10.8053
    endloop
  endfacet
  facet normal 0.740891 0.671625 0
    outer loop
      vertex 4.24264 86.2426 10.5183
      vertex 4.63806 85.8064 6
      vertex 4.24264 86.2426 6
    endloop
  endfacet
  facet normal 0.0490819 0.998795 -0
    outer loop
      vertex 0.588102 87.9711 14.3548
      vertex 0 88 18.35
      vertex 0.588102 87.9711 18.35
    endloop
  endfacet
  facet normal 0.0490819 0.998795 0
    outer loop
      vertex 0 88 18.35
      vertex 0.588102 87.9711 14.3548
      vertex 0 88 14.3358
    endloop
  endfacet
  facet normal 0.903995 0.427542 -0
    outer loop
      vertex 5.54328 84.2961 16.7726
      vertex 5.29153 84.8284 18.35
      vertex 5.54328 84.2961 18.35
    endloop
  endfacet
  facet normal 0.903995 0.427542 0
    outer loop
      vertex 5.29153 84.8284 18.35
      vertex 5.54328 84.2961 16.7726
      vertex 5.29153 84.8284 16.4224
    endloop
  endfacet
  facet normal 0.903995 0.427542 -0
    outer loop
      vertex 5.54328 84.2961 3.35
      vertex 5.29153 84.8284 11.4487
      vertex 5.54328 84.2961 11.7989
    endloop
  endfacet
  facet normal 0.903995 0.427542 0
    outer loop
      vertex 5.29153 84.8284 11.4487
      vertex 5.54328 84.2961 3.35
      vertex 5.29153 84.8284 3.35
    endloop
  endfacet
  facet normal -0.146736 -0.989176 0
    outer loop
      vertex -0.588102 76.0289 3.35
      vertex -1.17054 76.1153 17.181
      vertex -1.17054 76.1153 3.35
    endloop
  endfacet
  facet normal -0.146736 -0.989176 0
    outer loop
      vertex -1.17054 76.1153 17.181
      vertex -0.588102 76.0289 3.35
      vertex -0.588102 76.0289 17.2378
    endloop
  endfacet
  facet normal 0.671632 -0.740884 0
    outer loop
      vertex 3.80636 77.3619 3.35
      vertex 4.24264 77.7574 16.1007
      vertex 3.80636 77.3619 16.3608
    endloop
  endfacet
  facet normal 0.671632 -0.740884 0
    outer loop
      vertex 4.24264 77.7574 16.1007
      vertex 3.80636 77.3619 3.35
      vertex 4.24264 77.7574 3.35
    endloop
  endfacet
  facet normal 0.85771 0.514134 -0
    outer loop
      vertex 5.29153 84.8284 16.4224
      vertex 4.98882 85.3334 18.35
      vertex 5.29153 84.8284 18.35
    endloop
  endfacet
  facet normal 0.85771 0.514134 0
    outer loop
      vertex 4.98882 85.3334 18.35
      vertex 5.29153 84.8284 16.4224
      vertex 4.98882 85.3334 16.0901
    endloop
  endfacet
  facet normal 0.85772 0.514117 0
    outer loop
      vertex 4.98882 85.3334 11.1164
      vertex 5.2486 84.9 6
      vertex 4.98882 85.3334 6
    endloop
  endfacet
  facet normal 0.857711 0.514133 -1.76523e-06
    outer loop
      vertex 5.29153 84.8284 11.4487
      vertex 5.2486 84.9 6
      vertex 4.98882 85.3334 11.1164
    endloop
  endfacet
  facet normal 0.857651 0.514232 -0
    outer loop
      vertex 5.29153 84.8284 3.35
      vertex 5.2486 84.9 6
      vertex 5.29153 84.8284 11.4487
    endloop
  endfacet
  facet normal 0.857651 0.514232 0
    outer loop
      vertex 5.2486 84.9 6
      vertex 5.29153 84.8284 3.35
      vertex 5.2486 84.9 3.35
    endloop
  endfacet
  facet normal -0.0490819 -0.998795 0
    outer loop
      vertex 0 76 3.35
      vertex -0.588102 76.0289 17.2378
      vertex -0.588102 76.0289 3.35
    endloop
  endfacet
  facet normal -0.0490819 -0.998795 0
    outer loop
      vertex -0.588102 76.0289 17.2378
      vertex 0 76 3.35
      vertex 0 76 17.2568
    endloop
  endfacet
  facet normal -0.740891 0.671625 0
    outer loop
      vertex -4.63806 85.8064 15.779
      vertex -4.24264 86.2426 18.35
      vertex -4.24264 86.2426 15.4919
    endloop
  endfacet
  facet normal -0.740891 0.671625 0
    outer loop
      vertex -4.24264 86.2426 18.35
      vertex -4.63806 85.8064 15.779
      vertex -4.63806 85.8064 18.35
    endloop
  endfacet
  facet normal -0.740891 0.671625 0
    outer loop
      vertex -4.63806 85.8064 6
      vertex -4.24264 86.2426 10.5183
      vertex -4.24264 86.2426 6
    endloop
  endfacet
  facet normal -0.740891 0.671625 0
    outer loop
      vertex -4.24264 86.2426 10.5183
      vertex -4.63806 85.8064 6
      vertex -4.63806 85.8064 10.8053
    endloop
  endfacet
  facet normal 0.671632 0.740884 -0
    outer loop
      vertex 4.24264 86.2426 15.4919
      vertex 3.80636 86.6381 18.35
      vertex 4.24264 86.2426 18.35
    endloop
  endfacet
  facet normal 0.671632 0.740884 0
    outer loop
      vertex 3.80636 86.6381 18.35
      vertex 4.24264 86.2426 15.4919
      vertex 3.80636 86.6381 15.2318
    endloop
  endfacet
  facet normal 0.671632 0.740884 -0
    outer loop
      vertex 4.24264 86.2426 6
      vertex 3.80636 86.6381 10.2581
      vertex 4.24264 86.2426 10.5183
    endloop
  endfacet
  facet normal 0.671632 0.740884 0
    outer loop
      vertex 3.80636 86.6381 10.2581
      vertex 4.24264 86.2426 6
      vertex 3.80636 86.6381 6
    endloop
  endfacet
  facet normal -0.903995 0.427542 0
    outer loop
      vertex -5.54328 84.2961 3.35
      vertex -5.29153 84.8284 11.4487
      vertex -5.29153 84.8284 3.35
    endloop
  endfacet
  facet normal -0.903995 0.427542 0
    outer loop
      vertex -5.29153 84.8284 11.4487
      vertex -5.54328 84.2961 3.35
      vertex -5.54328 84.2961 11.7989
    endloop
  endfacet
  facet normal -0.903995 0.427542 0
    outer loop
      vertex -5.54328 84.2961 16.7726
      vertex -5.29153 84.8284 18.35
      vertex -5.29153 84.8284 16.4224
    endloop
  endfacet
  facet normal -0.903995 0.427542 0
    outer loop
      vertex -5.29153 84.8284 18.35
      vertex -5.54328 84.2961 16.7726
      vertex -5.54328 84.2961 18.35
    endloop
  endfacet
  facet normal -0.671632 -0.740884 0
    outer loop
      vertex -3.80636 77.3619 3.35
      vertex -4.24264 77.7574 16.1007
      vertex -4.24264 77.7574 3.35
    endloop
  endfacet
  facet normal -0.671632 -0.740884 0
    outer loop
      vertex -4.24264 77.7574 16.1007
      vertex -3.80636 77.3619 3.35
      vertex -3.80636 77.3619 16.3608
    endloop
  endfacet
  facet normal -0.970035 0.242967 0
    outer loop
      vertex -5.88471 83.1705 17.5131
      vertex -5.74164 83.7417 18.35
      vertex -5.74164 83.7417 17.1373
    endloop
  endfacet
  facet normal -0.970035 0.242967 0
    outer loop
      vertex -5.74164 83.7417 18.35
      vertex -5.88471 83.1705 17.5131
      vertex -5.88471 83.1705 18.35
    endloop
  endfacet
  facet normal -0.970035 0.242967 0
    outer loop
      vertex -5.88471 83.1705 3.35
      vertex -5.74164 83.7417 12.1636
      vertex -5.74164 83.7417 3.35
    endloop
  endfacet
  facet normal -0.970035 0.242967 0
    outer loop
      vertex -5.74164 83.7417 12.1636
      vertex -5.88471 83.1705 3.35
      vertex -5.88471 83.1705 12.5394
    endloop
  endfacet
  facet normal 0.243027 0.970019 -0
    outer loop
      vertex 1.74171 87.7416 14.5058
      vertex 1.17054 87.8847 18.35
      vertex 1.74171 87.7416 18.35
    endloop
  endfacet
  facet normal 0.243027 0.970019 0
    outer loop
      vertex 1.17054 87.8847 18.35
      vertex 1.74171 87.7416 14.5058
      vertex 1.17054 87.8847 14.4116
    endloop
  endfacet
  facet normal -0.970035 -0.242967 0
    outer loop
      vertex -5.74164 80.2583 3.35
      vertex -5.88471 80.8295 14.0796
      vertex -5.88471 80.8295 3.35
    endloop
  endfacet
  facet normal -0.970035 -0.242967 0
    outer loop
      vertex -5.88471 80.8295 14.0796
      vertex -5.74164 80.2583 3.35
      vertex -5.74164 80.2583 14.4553
    endloop
  endfacet
  facet normal -0.427625 -0.903956 0
    outer loop
      vertex -2.2961 76.4567 3.35
      vertex -2.82838 76.7085 16.7907
      vertex -2.82838 76.7085 3.35
    endloop
  endfacet
  facet normal -0.427625 -0.903956 0
    outer loop
      vertex -2.82838 76.7085 16.7907
      vertex -2.2961 76.4567 3.35
      vertex -2.2961 76.4567 16.9564
    endloop
  endfacet
  facet normal -0.740891 -0.671625 0
    outer loop
      vertex -4.24264 77.7574 3.35
      vertex -4.63806 78.1936 15.8137
      vertex -4.63806 78.1936 3.35
    endloop
  endfacet
  facet normal -0.740891 -0.671625 0
    outer loop
      vertex -4.63806 78.1936 15.8137
      vertex -4.24264 77.7574 3.35
      vertex -4.24264 77.7574 16.1007
    endloop
  endfacet
  facet normal 0.0490819 -0.998795 0
    outer loop
      vertex 0 76 3.35
      vertex 0.588102 76.0289 17.2378
      vertex 0 76 17.2568
    endloop
  endfacet
  facet normal 0.0490819 -0.998795 0
    outer loop
      vertex 0.588102 76.0289 17.2378
      vertex 0 76 3.35
      vertex 0.588102 76.0289 3.35
    endloop
  endfacet
  facet normal -0.989174 -0.146746 0
    outer loop
      vertex -5.88471 80.8295 3.35
      vertex -5.97111 81.4119 13.6964
      vertex -5.97111 81.4119 3.35
    endloop
  endfacet
  facet normal -0.989174 -0.146746 0
    outer loop
      vertex -5.97111 81.4119 13.6964
      vertex -5.88471 80.8295 3.35
      vertex -5.88471 80.8295 14.0796
    endloop
  endfacet
  facet normal 0.595638 -0.803253 0
    outer loop
      vertex 3.33342 77.0112 3.35
      vertex 3.80636 77.3619 16.3608
      vertex 3.33342 77.0112 16.5916
    endloop
  endfacet
  facet normal 0.595638 -0.803253 0
    outer loop
      vertex 3.80636 77.3619 16.3608
      vertex 3.33342 77.0112 3.35
      vertex 3.80636 77.3619 3.35
    endloop
  endfacet
  facet normal -0.803241 -0.595655 0
    outer loop
      vertex -4.63806 78.1936 3.35
      vertex -4.98882 78.6666 15.5025
      vertex -4.98882 78.6666 3.35
    endloop
  endfacet
  facet normal -0.803241 -0.595655 0
    outer loop
      vertex -4.98882 78.6666 15.5025
      vertex -4.63806 78.1936 3.35
      vertex -4.63806 78.1936 15.8137
    endloop
  endfacet
  facet normal -0.998796 0.0490651 0
    outer loop
      vertex -6 82 3.35
      vertex -5.97111 82.5881 12.9226
      vertex -5.97111 82.5881 3.35
    endloop
  endfacet
  facet normal -0.998796 0.0490651 0
    outer loop
      vertex -5.97111 82.5881 12.9226
      vertex -6 82 3.35
      vertex -6 82 13.3095
    endloop
  endfacet
  facet normal -0.998796 0.0490651 0
    outer loop
      vertex -6 82 18.2832
      vertex -5.97111 82.5881 18.35
      vertex -5.97111 82.5881 17.8962
    endloop
  endfacet
  facet normal -0.998796 0.0490651 0
    outer loop
      vertex -5.97111 82.5881 18.35
      vertex -6 82 18.2832
      vertex -6 82 18.35
    endloop
  endfacet
  facet normal 0.740891 -0.671625 0
    outer loop
      vertex 4.24264 77.7574 3.35
      vertex 4.63806 78.1936 15.8137
      vertex 4.24264 77.7574 16.1007
    endloop
  endfacet
  facet normal 0.740891 -0.671625 0
    outer loop
      vertex 4.63806 78.1936 15.8137
      vertex 4.24264 77.7574 3.35
      vertex 4.63806 78.1936 3.35
    endloop
  endfacet
  facet normal 0 1 0
    outer loop
      vertex 14 7 60
      vertex 9.5 7 56
      vertex -14 7 60
    endloop
  endfacet
  facet normal 0 1 0
    outer loop
      vertex 19 7 55
      vertex 9.5 7 56
      vertex 14 7 60
    endloop
  endfacet
  facet normal 0 1 0
    outer loop
      vertex 19 7 55
      vertex 9.5 7 42
      vertex 9.5 7 56
    endloop
  endfacet
  facet normal 0 1 0
    outer loop
      vertex 9.5 7 42
      vertex 19 7 38.02
      vertex -9.5 7 42
    endloop
  endfacet
  facet normal 0 1 -0
    outer loop
      vertex 19 7 38.02
      vertex 9.5 7 42
      vertex 19 7 55
    endloop
  endfacet
  facet normal 0 1 -0
    outer loop
      vertex -9.5 7 56
      vertex -14 7 60
      vertex 9.5 7 56
    endloop
  endfacet
  facet normal 0 1 0
    outer loop
      vertex -9.5 7 56
      vertex -19 7 55
      vertex -14 7 60
    endloop
  endfacet
  facet normal 0 1 -0
    outer loop
      vertex -9.5 7 42
      vertex -19 7 55
      vertex -9.5 7 56
    endloop
  endfacet
  facet normal 0 1 0
    outer loop
      vertex -9.5 7 42
      vertex -19 7 38.02
      vertex -19 7 55
    endloop
  endfacet
  facet normal 0 1 0
    outer loop
      vertex -19 7 38.02
      vertex -9.5 7 42
      vertex 19 7 38.02
    endloop
  endfacet
  facet normal 0 -1 0
    outer loop
      vertex -14 -7 60
      vertex -9.5 -7 56
      vertex 14 -7 60
    endloop
  endfacet
  facet normal 0 -1 0
    outer loop
      vertex -19 -7 55
      vertex -9.5 -7 56
      vertex -14 -7 60
    endloop
  endfacet
  facet normal 0 -1 0
    outer loop
      vertex -19 -7 55
      vertex -9.5 -7 42
      vertex -9.5 -7 56
    endloop
  endfacet
  facet normal 0 -1 -0
    outer loop
      vertex -9.5 -7 42
      vertex -19 -7 38.02
      vertex 9.5 -7 42
    endloop
  endfacet
  facet normal 0 -1 0
    outer loop
      vertex -19 -7 38.02
      vertex -9.5 -7 42
      vertex -19 -7 55
    endloop
  endfacet
  facet normal 0 -1 0
    outer loop
      vertex 9.5 -7 56
      vertex 14 -7 60
      vertex -9.5 -7 56
    endloop
  endfacet
  facet normal 0 -1 0
    outer loop
      vertex 9.5 -7 56
      vertex 19 -7 55
      vertex 14 -7 60
    endloop
  endfacet
  facet normal 0 -1 0
    outer loop
      vertex 9.5 -7 42
      vertex 19 -7 55
      vertex 9.5 -7 56
    endloop
  endfacet
  facet normal 0 -1 0
    outer loop
      vertex 9.5 -7 42
      vertex 19 -7 38.02
      vertex 19 -7 55
    endloop
  endfacet
  facet normal 0 -1 0
    outer loop
      vertex 19 -7 38.02
      vertex 9.5 -7 42
      vertex -19 -7 38.02
    endloop
  endfacet
  facet normal 0.707107 -0 0.707107
    outer loop
      vertex 14 -7 60
      vertex 19 7 55
      vertex 14 7 60
    endloop
  endfacet
  facet normal 0.707107 0 0.707107
    outer loop
      vertex 19 7 55
      vertex 14 -7 60
      vertex 19 -7 55
    endloop
  endfacet
  facet normal -0 0 1
    outer loop
      vertex -14 7 60
      vertex 14 -7 60
      vertex 14 7 60
    endloop
  endfacet
  facet normal 0 0 1
    outer loop
      vertex 14 -7 60
      vertex -14 7 60
      vertex -14 -7 60
    endloop
  endfacet
  facet normal -0.707107 0 0.707107
    outer loop
      vertex -19 -7 55
      vertex -14 7 60
      vertex -19 7 55
    endloop
  endfacet
  facet normal -0.707107 0 0.707107
    outer loop
      vertex -14 7 60
      vertex -19 -7 55
      vertex -14 -7 60
    endloop
  endfacet
  facet normal -1 0 0
    outer loop
      vertex -19 -7 38.02
      vertex -19 7 55
      vertex -19 7 38.02
    endloop
  endfacet
  facet normal -1 -0 0
    outer loop
      vertex -19 7 55
      vertex -19 -7 38.02
      vertex -19 -7 55
    endloop
  endfacet
  facet normal 1 -0 0
    outer loop
      vertex 19 -7 55
      vertex 19 7 38.02
      vertex 19 7 55
    endloop
  endfacet
  facet normal 1 0 0
    outer loop
      vertex 19 7 38.02
      vertex 19 -7 55
      vertex 19 -7 38.02
    endloop
  endfacet
  facet normal 1 -0 0
    outer loop
      vertex -9.5 -7 56
      vertex -9.5 7 42
      vertex -9.5 7 56
    endloop
  endfacet
  facet normal 1 0 0
    outer loop
      vertex -9.5 7 42
      vertex -9.5 -7 56
      vertex -9.5 -7 42
    endloop
  endfacet
  facet normal 0 0 -1
    outer loop
      vertex -9.5 -7 56
      vertex 9.5 7 56
      vertex 9.5 -7 56
    endloop
  endfacet
  facet normal -0 0 -1
    outer loop
      vertex 9.5 7 56
      vertex -9.5 -7 56
      vertex -9.5 7 56
    endloop
  endfacet
  facet normal -1 0 0
    outer loop
      vertex 9.5 -7 42
      vertex 9.5 7 56
      vertex 9.5 7 42
    endloop
  endfacet
  facet normal -1 -0 0
    outer loop
      vertex 9.5 7 56
      vertex 9.5 -7 42
      vertex 9.5 -7 56
    endloop
  endfacet
  facet normal -0 0 1
    outer loop
      vertex -9.5 7 42
      vertex 9.5 -7 42
      vertex 9.5 7 42
    endloop
  endfacet
  facet normal 0 0 1
    outer loop
      vertex 9.5 -7 42
      vertex -9.5 7 42
      vertex -9.5 -7 42
    endloop
  endfacet
  facet normal 0 0 -1
    outer loop
      vertex -5.5561 -84.9698 -3.8147e-07
      vertex -35.1667 -84.9 -3.8147e-07
      vertex -5.58912 -84.9 -3.8147e-07
    endloop
  endfacet
  facet normal 0 0 -1
    outer loop
      vertex -35.9123 -86.7 -3.8147e-07
      vertex -5.5561 -84.9698 -3.8147e-07
      vertex -5.23826 -85.5001 -3.8147e-07
    endloop
  endfacet
  facet normal 0 0 -1
    outer loop
      vertex -35.9123 -86.7 -3.8147e-07
      vertex -5.23826 -85.5001 -3.8147e-07
      vertex -4.86997 -85.9967 -3.8147e-07
    endloop
  endfacet
  facet normal 0 0 -1
    outer loop
      vertex -35.9123 -86.7 -3.8147e-07
      vertex -4.86997 -85.9967 -3.8147e-07
      vertex -4.45477 -86.4548 -3.8147e-07
    endloop
  endfacet
  facet normal 0 0 -1
    outer loop
      vertex -35.9123 -86.7 -3.8147e-07
      vertex -4.45477 -86.4548 -3.8147e-07
      vertex -4.18421 -86.7 -3.8147e-07
    endloop
  endfacet
  facet normal -0 0 -1
    outer loop
      vertex -5.5561 -84.9698 -3.8147e-07
      vertex -35.9123 -86.7 -3.8147e-07
      vertex -35.1667 -84.9 -3.8147e-07
    endloop
  endfacet
  facet normal 0 0 -1
    outer loop
      vertex -35.9123 -86.7 -3.8147e-07
      vertex -84.9 -35.1667 -3.8147e-07
      vertex -35.1667 -84.9 -3.8147e-07
    endloop
  endfacet
  facet normal -0 0 -1
    outer loop
      vertex -84.9 -35.1667 -3.8147e-07
      vertex -86.7 -35.9123 -3.8147e-07
      vertex -84.9 35.1667 -3.8147e-07
    endloop
  endfacet
  facet normal 0 0 -1
    outer loop
      vertex -86.7 -35.9123 -3.8147e-07
      vertex -84.9 -35.1667 -3.8147e-07
      vertex -35.9123 -86.7 -3.8147e-07
    endloop
  endfacet
  facet normal 0 0 -1
    outer loop
      vertex -35.1667 84.9 -3.8147e-07
      vertex -5.5561 84.9698 -3.8147e-07
      vertex -5.58912 84.9 -3.8147e-07
    endloop
  endfacet
  facet normal 0 0 -1
    outer loop
      vertex -35.9123 86.7 -3.8147e-07
      vertex -5.5561 84.9698 -3.8147e-07
      vertex -35.1667 84.9 -3.8147e-07
    endloop
  endfacet
  facet normal 0 0 -1
    outer loop
      vertex -5.5561 84.9698 -3.8147e-07
      vertex -35.9123 86.7 -3.8147e-07
      vertex -5.23826 85.5001 -3.8147e-07
    endloop
  endfacet
  facet normal 0 0 -1
    outer loop
      vertex -5.23826 85.5001 -3.8147e-07
      vertex -35.9123 86.7 -3.8147e-07
      vertex -4.86997 85.9967 -3.8147e-07
    endloop
  endfacet
  facet normal 0 0 -1
    outer loop
      vertex -4.86997 85.9967 -3.8147e-07
      vertex -35.9123 86.7 -3.8147e-07
      vertex -4.45477 86.4548 -3.8147e-07
    endloop
  endfacet
  facet normal 0 0 -1
    outer loop
      vertex -4.45477 86.4548 -3.8147e-07
      vertex -35.9123 86.7 -3.8147e-07
      vertex -4.18421 86.7 -3.8147e-07
    endloop
  endfacet
  facet normal 0 0 -1
    outer loop
      vertex -84.9 35.1667 -3.8147e-07
      vertex -35.9123 86.7 -3.8147e-07
      vertex -35.1667 84.9 -3.8147e-07
    endloop
  endfacet
  facet normal 0 0 -1
    outer loop
      vertex -84.9 35.1667 -3.8147e-07
      vertex -86.7 35.9123 -3.8147e-07
      vertex -35.9123 86.7 -3.8147e-07
    endloop
  endfacet
  facet normal 0 0 -1
    outer loop
      vertex -86.7 35.9123 -3.8147e-07
      vertex -84.9 35.1667 -3.8147e-07
      vertex -86.7 -35.9123 -3.8147e-07
    endloop
  endfacet
  facet normal 0 0 -1
    outer loop
      vertex 86.7 -35.9123 -3.8147e-07
      vertex 84.9 -35.1667 -3.8147e-07
      vertex 86.7 35.9123 -3.8147e-07
    endloop
  endfacet
  facet normal 0 0 -1
    outer loop
      vertex 35.9123 -86.7 -3.8147e-07
      vertex 84.9 -35.1667 -3.8147e-07
      vertex 86.7 -35.9123 -3.8147e-07
    endloop
  endfacet
  facet normal 0 0 -1
    outer loop
      vertex 35.9123 -86.7 -3.8147e-07
      vertex 35.1667 -84.9 -3.8147e-07
      vertex 84.9 -35.1667 -3.8147e-07
    endloop
  endfacet
  facet normal 0 0 -1
    outer loop
      vertex 35.9123 -86.7 -3.8147e-07
      vertex 5.58912 -84.9 -3.8147e-07
      vertex 35.1667 -84.9 -3.8147e-07
    endloop
  endfacet
  facet normal 0 0 -1
    outer loop
      vertex 35.9123 -86.7 -3.8147e-07
      vertex 5.5561 -84.9698 -3.8147e-07
      vertex 5.58912 -84.9 -3.8147e-07
    endloop
  endfacet
  facet normal 0 0 -1
    outer loop
      vertex 35.9123 -86.7 -3.8147e-07
      vertex 5.23826 -85.5001 -3.8147e-07
      vertex 5.5561 -84.9698 -3.8147e-07
    endloop
  endfacet
  facet normal 0 0 -1
    outer loop
      vertex 35.9123 -86.7 -3.8147e-07
      vertex 4.86997 -85.9967 -3.8147e-07
      vertex 5.23826 -85.5001 -3.8147e-07
    endloop
  endfacet
  facet normal 0 0 -1
    outer loop
      vertex 35.9123 -86.7 -3.8147e-07
      vertex 4.45477 -86.4548 -3.8147e-07
      vertex 4.86997 -85.9967 -3.8147e-07
    endloop
  endfacet
  facet normal 0 -0 -1
    outer loop
      vertex 4.45477 -86.4548 -3.8147e-07
      vertex 35.9123 -86.7 -3.8147e-07
      vertex 4.18421 -86.7 -3.8147e-07
    endloop
  endfacet
  facet normal 0 0 -1
    outer loop
      vertex 84.9 35.1667 -3.8147e-07
      vertex 86.7 35.9123 -3.8147e-07
      vertex 84.9 -35.1667 -3.8147e-07
    endloop
  endfacet
  facet normal 0 0 -1
    outer loop
      vertex 84.9 35.1667 -3.8147e-07
      vertex 35.9123 86.7 -3.8147e-07
      vertex 86.7 35.9123 -3.8147e-07
    endloop
  endfacet
  facet normal 0 0 -1
    outer loop
      vertex 35.1667 84.9 -3.8147e-07
      vertex 35.9123 86.7 -3.8147e-07
      vertex 84.9 35.1667 -3.8147e-07
    endloop
  endfacet
  facet normal 0 0 -1
    outer loop
      vertex 5.58912 84.9 -3.8147e-07
      vertex 35.9123 86.7 -3.8147e-07
      vertex 35.1667 84.9 -3.8147e-07
    endloop
  endfacet
  facet normal 0 0 -1
    outer loop
      vertex 5.5561 84.9698 -3.8147e-07
      vertex 35.9123 86.7 -3.8147e-07
      vertex 5.58912 84.9 -3.8147e-07
    endloop
  endfacet
  facet normal 0 0 -1
    outer loop
      vertex 5.23826 85.5001 -3.8147e-07
      vertex 35.9123 86.7 -3.8147e-07
      vertex 5.5561 84.9698 -3.8147e-07
    endloop
  endfacet
  facet normal 0 0 -1
    outer loop
      vertex 4.86997 85.9967 -3.8147e-07
      vertex 35.9123 86.7 -3.8147e-07
      vertex 5.23826 85.5001 -3.8147e-07
    endloop
  endfacet
  facet normal 0 0 -1
    outer loop
      vertex 4.45477 86.4548 -3.8147e-07
      vertex 35.9123 86.7 -3.8147e-07
      vertex 4.86997 85.9967 -3.8147e-07
    endloop
  endfacet
  facet normal -0 0 -1
    outer loop
      vertex 35.9123 86.7 -3.8147e-07
      vertex 4.45477 86.4548 -3.8147e-07
      vertex 4.18421 86.7 -3.8147e-07
    endloop
  endfacet
  facet normal 0 0 1
    outer loop
      vertex -36.0366 87 6
      vertex -5.2486 84.9 6
      vertex -4.98882 85.3334 6
    endloop
  endfacet
  facet normal 0 0 1
    outer loop
      vertex -36.0366 87 6
      vertex -4.98882 85.3334 6
      vertex -4.63806 85.8064 6
    endloop
  endfacet
  facet normal 0 0 1
    outer loop
      vertex -36.0366 87 6
      vertex -4.63806 85.8064 6
      vertex -4.24264 86.2426 6
    endloop
  endfacet
  facet normal 0 0 1
    outer loop
      vertex -36.0366 87 6
      vertex -4.24264 86.2426 6
      vertex -3.80636 86.6381 6
    endloop
  endfacet
  facet normal 0 0 1
    outer loop
      vertex -36.0366 87 6
      vertex -3.80636 86.6381 6
      vertex -3.33342 86.9888 6
    endloop
  endfacet
  facet normal -0 0 1
    outer loop
      vertex -36.0366 87 6
      vertex -3.33342 86.9888 6
      vertex -3.31476 87 6
    endloop
  endfacet
  facet normal 0 0 1
    outer loop
      vertex -5.2486 84.9 6
      vertex -36.0366 87 6
      vertex -35.1667 84.9 6
    endloop
  endfacet
  facet normal 0 0 1
    outer loop
      vertex -36.0366 87 6
      vertex -84.9 35.1667 6
      vertex -35.1667 84.9 6
    endloop
  endfacet
  facet normal 0 0 1
    outer loop
      vertex -84.9 35.1667 6
      vertex -87 36.0366 6
      vertex -84.9 -35.1667 6
    endloop
  endfacet
  facet normal -0 0 1
    outer loop
      vertex -87 36.0366 6
      vertex -84.9 35.1667 6
      vertex -36.0366 87 6
    endloop
  endfacet
  facet normal 0 0 1
    outer loop
      vertex -36.0366 -87 6
      vertex -5.2486 -84.9 6
      vertex -35.1667 -84.9 6
    endloop
  endfacet
  facet normal 0 0 1
    outer loop
      vertex -5.2486 -84.9 6
      vertex -36.0366 -87 6
      vertex -4.98882 -85.3334 6
    endloop
  endfacet
  facet normal 0 0 1
    outer loop
      vertex -4.98882 -85.3334 6
      vertex -36.0366 -87 6
      vertex -4.63806 -85.8064 6
    endloop
  endfacet
  facet normal 0 0 1
    outer loop
      vertex -4.63806 -85.8064 6
      vertex -36.0366 -87 6
      vertex -4.24264 -86.2426 6
    endloop
  endfacet
  facet normal 0 0 1
    outer loop
      vertex -4.24264 -86.2426 6
      vertex -36.0366 -87 6
      vertex -3.80636 -86.6381 6
    endloop
  endfacet
  facet normal 0 0 1
    outer loop
      vertex -3.80636 -86.6381 6
      vertex -36.0366 -87 6
      vertex -3.33342 -86.9888 6
    endloop
  endfacet
  facet normal 0 0 1
    outer loop
      vertex -3.33342 -86.9888 6
      vertex -36.0366 -87 6
      vertex -3.31476 -87 6
    endloop
  endfacet
  facet normal 0 0 1
    outer loop
      vertex -84.9 -35.1667 6
      vertex -36.0366 -87 6
      vertex -35.1667 -84.9 6
    endloop
  endfacet
  facet normal 0 0 1
    outer loop
      vertex -84.9 -35.1667 6
      vertex -87 -36.0366 6
      vertex -36.0366 -87 6
    endloop
  endfacet
  facet normal 0 0 1
    outer loop
      vertex -87 -36.0366 6
      vertex -84.9 -35.1667 6
      vertex -87 36.0366 6
    endloop
  endfacet
  facet normal 0 0 1
    outer loop
      vertex 87 36.0366 6
      vertex 84.9 35.1667 6
      vertex 87 -36.0366 6
    endloop
  endfacet
  facet normal 0 0 1
    outer loop
      vertex 36.0366 87 6
      vertex 84.9 35.1667 6
      vertex 87 36.0366 6
    endloop
  endfacet
  facet normal 0 0 1
    outer loop
      vertex 36.0366 87 6
      vertex 35.1667 84.9 6
      vertex 84.9 35.1667 6
    endloop
  endfacet
  facet normal 0 0 1
    outer loop
      vertex 36.0366 87 6
      vertex 5.2486 84.9 6
      vertex 35.1667 84.9 6
    endloop
  endfacet
  facet normal 0 0 1
    outer loop
      vertex 36.0366 87 6
      vertex 4.98882 85.3334 6
      vertex 5.2486 84.9 6
    endloop
  endfacet
  facet normal 0 0 1
    outer loop
      vertex 36.0366 87 6
      vertex 4.63806 85.8064 6
      vertex 4.98882 85.3334 6
    endloop
  endfacet
  facet normal 0 0 1
    outer loop
      vertex 36.0366 87 6
      vertex 4.24264 86.2426 6
      vertex 4.63806 85.8064 6
    endloop
  endfacet
  facet normal 0 0 1
    outer loop
      vertex 36.0366 87 6
      vertex 3.80636 86.6381 6
      vertex 4.24264 86.2426 6
    endloop
  endfacet
  facet normal 0 0 1
    outer loop
      vertex 36.0366 87 6
      vertex 3.33342 86.9888 6
      vertex 3.80636 86.6381 6
    endloop
  endfacet
  facet normal 0 -0 1
    outer loop
      vertex 3.33342 86.9888 6
      vertex 36.0366 87 6
      vertex 3.31476 87 6
    endloop
  endfacet
  facet normal -0 0 1
    outer loop
      vertex 84.9 -35.1667 6
      vertex 87 -36.0366 6
      vertex 84.9 35.1667 6
    endloop
  endfacet
  facet normal 0 0 1
    outer loop
      vertex 84.9 -35.1667 6
      vertex 36.0366 -87 6
      vertex 87 -36.0366 6
    endloop
  endfacet
  facet normal -0 0 1
    outer loop
      vertex 35.1667 -84.9 6
      vertex 36.0366 -87 6
      vertex 84.9 -35.1667 6
    endloop
  endfacet
  facet normal -0 0 1
    outer loop
      vertex 5.2486 -84.9 6
      vertex 36.0366 -87 6
      vertex 35.1667 -84.9 6
    endloop
  endfacet
  facet normal -0 0 1
    outer loop
      vertex 4.98882 -85.3334 6
      vertex 36.0366 -87 6
      vertex 5.2486 -84.9 6
    endloop
  endfacet
  facet normal -0 0 1
    outer loop
      vertex 4.63806 -85.8064 6
      vertex 36.0366 -87 6
      vertex 4.98882 -85.3334 6
    endloop
  endfacet
  facet normal -0 0 1
    outer loop
      vertex 4.24264 -86.2426 6
      vertex 36.0366 -87 6
      vertex 4.63806 -85.8064 6
    endloop
  endfacet
  facet normal -0 0 1
    outer loop
      vertex 3.80636 -86.6381 6
      vertex 36.0366 -87 6
      vertex 4.24264 -86.2426 6
    endloop
  endfacet
  facet normal -0 0 1
    outer loop
      vertex 3.33342 -86.9888 6
      vertex 36.0366 -87 6
      vertex 3.80636 -86.6381 6
    endloop
  endfacet
  facet normal 0 0 1
    outer loop
      vertex 36.0366 -87 6
      vertex 3.33342 -86.9888 6
      vertex 3.31476 -87 6
    endloop
  endfacet
  facet normal 1 -0 0
    outer loop
      vertex 86.7 -35.9123 4
      vertex 86.7 35.9123 -3.8147e-07
      vertex 86.7 35.9123 4
    endloop
  endfacet
  facet normal 1 0 0
    outer loop
      vertex 86.7 35.9123 -3.8147e-07
      vertex 86.7 -35.9123 4
      vertex 86.7 -35.9123 -3.8147e-07
    endloop
  endfacet
  facet normal 0.707107 0.707107 0
    outer loop
      vertex 86.7 35.9123 4
      vertex 35.9123 86.7 -3.8147e-07
      vertex 35.9123 86.7 4
    endloop
  endfacet
  facet normal 0.707107 0.707107 0
    outer loop
      vertex 35.9123 86.7 -3.8147e-07
      vertex 86.7 35.9123 4
      vertex 86.7 35.9123 -3.8147e-07
    endloop
  endfacet
  facet normal 0 1 0
    outer loop
      vertex -4.18421 86.7 3.35
      vertex -3.72285 86.7 4
      vertex -3.72285 86.7 3.35
    endloop
  endfacet
  facet normal 0 1 0
    outer loop
      vertex -3.72285 86.7 4
      vertex -4.18421 86.7 3.35
      vertex -35.9123 86.7 4
    endloop
  endfacet
  facet normal 0 1 0
    outer loop
      vertex -35.9123 86.7 -3.8147e-07
      vertex -4.18421 86.7 3.35
      vertex -4.18421 86.7 -3.8147e-07
    endloop
  endfacet
  facet normal 0 1 0
    outer loop
      vertex -4.18421 86.7 3.35
      vertex -35.9123 86.7 -3.8147e-07
      vertex -35.9123 86.7 4
    endloop
  endfacet
  facet normal 0 1 0
    outer loop
      vertex 35.9123 86.7 4
      vertex 4.18421 86.7 3.35
      vertex 3.72285 86.7 4
    endloop
  endfacet
  facet normal 0 1 -0
    outer loop
      vertex 35.9123 86.7 -3.8147e-07
      vertex 4.18421 86.7 3.35
      vertex 35.9123 86.7 4
    endloop
  endfacet
  facet normal 0 1 0
    outer loop
      vertex 4.18421 86.7 3.35
      vertex 35.9123 86.7 -3.8147e-07
      vertex 4.18421 86.7 -3.8147e-07
    endloop
  endfacet
  facet normal 0 1 0
    outer loop
      vertex 3.72285 86.7 4
      vertex 4.18421 86.7 3.35
      vertex 3.72285 86.7 3.35
    endloop
  endfacet
  facet normal -0.707107 0.707107 0
    outer loop
      vertex -86.7 35.9123 -3.8147e-07
      vertex -35.9123 86.7 4
      vertex -35.9123 86.7 -3.8147e-07
    endloop
  endfacet
  facet normal -0.707107 0.707107 0
    outer loop
      vertex -35.9123 86.7 4
      vertex -86.7 35.9123 -3.8147e-07
      vertex -86.7 35.9123 4
    endloop
  endfacet
  facet normal -1 0 0
    outer loop
      vertex -86.7 -35.9123 -3.8147e-07
      vertex -86.7 35.9123 4
      vertex -86.7 35.9123 -3.8147e-07
    endloop
  endfacet
  facet normal -1 -0 0
    outer loop
      vertex -86.7 35.9123 4
      vertex -86.7 -35.9123 -3.8147e-07
      vertex -86.7 -35.9123 4
    endloop
  endfacet
  facet normal -0.707107 -0.707107 0
    outer loop
      vertex -35.9123 -86.7 -3.8147e-07
      vertex -86.7 -35.9123 4
      vertex -86.7 -35.9123 -3.8147e-07
    endloop
  endfacet
  facet normal -0.707107 -0.707107 0
    outer loop
      vertex -86.7 -35.9123 4
      vertex -35.9123 -86.7 -3.8147e-07
      vertex -35.9123 -86.7 4
    endloop
  endfacet
  facet normal 0 -1 0
    outer loop
      vertex -35.9123 -86.7 4
      vertex -4.18421 -86.7 3.35
      vertex -3.72285 -86.7 4
    endloop
  endfacet
  facet normal 0 -1 0
    outer loop
      vertex -35.9123 -86.7 -3.8147e-07
      vertex -4.18421 -86.7 3.35
      vertex -35.9123 -86.7 4
    endloop
  endfacet
  facet normal 0 -1 -0
    outer loop
      vertex -4.18421 -86.7 3.35
      vertex -35.9123 -86.7 -3.8147e-07
      vertex -4.18421 -86.7 -3.8147e-07
    endloop
  endfacet
  facet normal 0 -1 -0
    outer loop
      vertex -3.72285 -86.7 4
      vertex -4.18421 -86.7 3.35
      vertex -3.72285 -86.7 3.35
    endloop
  endfacet
  facet normal 0 -1 0
    outer loop
      vertex 4.18421 -86.7 3.35
      vertex 3.72285 -86.7 4
      vertex 3.72285 -86.7 3.35
    endloop
  endfacet
  facet normal 0 -1 0
    outer loop
      vertex 3.72285 -86.7 4
      vertex 4.18421 -86.7 3.35
      vertex 35.9123 -86.7 4
    endloop
  endfacet
  facet normal 0 -1 0
    outer loop
      vertex 35.9123 -86.7 -3.8147e-07
      vertex 4.18421 -86.7 3.35
      vertex 4.18421 -86.7 -3.8147e-07
    endloop
  endfacet
  facet normal 0 -1 0
    outer loop
      vertex 4.18421 -86.7 3.35
      vertex 35.9123 -86.7 -3.8147e-07
      vertex 35.9123 -86.7 4
    endloop
  endfacet
  facet normal 0.707107 -0.707107 0
    outer loop
      vertex 35.9123 -86.7 4
      vertex 86.7 -35.9123 -3.8147e-07
      vertex 86.7 -35.9123 4
    endloop
  endfacet
  facet normal 0.707107 -0.707107 0
    outer loop
      vertex 86.7 -35.9123 -3.8147e-07
      vertex 35.9123 -86.7 4
      vertex 35.9123 -86.7 -3.8147e-07
    endloop
  endfacet
  facet normal 0.707107 0.707107 0
    outer loop
      vertex -35.1667 -84.9 6
      vertex -84.9 -35.1667 -3.8147e-07
      vertex -84.9 -35.1667 6
    endloop
  endfacet
  facet normal 0.707107 0.707107 0
    outer loop
      vertex -84.9 -35.1667 -3.8147e-07
      vertex -35.1667 -84.9 6
      vertex -35.1667 -84.9 -3.8147e-07
    endloop
  endfacet
  facet normal 1 -0 0
    outer loop
      vertex -84.9 -35.1667 6
      vertex -84.9 35.1667 -3.8147e-07
      vertex -84.9 35.1667 6
    endloop
  endfacet
  facet normal 1 0 0
    outer loop
      vertex -84.9 35.1667 -3.8147e-07
      vertex -84.9 -35.1667 6
      vertex -84.9 -35.1667 -3.8147e-07
    endloop
  endfacet
  facet normal 0.707107 -0.707107 0
    outer loop
      vertex -84.9 35.1667 6
      vertex -35.1667 84.9 -3.8147e-07
      vertex -35.1667 84.9 6
    endloop
  endfacet
  facet normal 0.707107 -0.707107 0
    outer loop
      vertex -35.1667 84.9 -3.8147e-07
      vertex -84.9 35.1667 6
      vertex -84.9 35.1667 -3.8147e-07
    endloop
  endfacet
  facet normal 0 -1 0
    outer loop
      vertex -35.1667 84.9 6
      vertex -5.58912 84.9 3.35
      vertex -5.2486 84.9 6
    endloop
  endfacet
  facet normal 0 -1 0
    outer loop
      vertex -35.1667 84.9 -3.8147e-07
      vertex -5.58912 84.9 3.35
      vertex -35.1667 84.9 6
    endloop
  endfacet
  facet normal 0 -1 -0
    outer loop
      vertex -5.58912 84.9 3.35
      vertex -35.1667 84.9 -3.8147e-07
      vertex -5.58912 84.9 -3.8147e-07
    endloop
  endfacet
  facet normal 0 -1 -0
    outer loop
      vertex -5.2486 84.9 6
      vertex -5.58912 84.9 3.35
      vertex -5.2486 84.9 3.35
    endloop
  endfacet
  facet normal 0 -1 0
    outer loop
      vertex 5.58912 84.9 3.35
      vertex 5.2486 84.9 6
      vertex 5.2486 84.9 3.35
    endloop
  endfacet
  facet normal 0 -1 0
    outer loop
      vertex 5.2486 84.9 6
      vertex 5.58912 84.9 3.35
      vertex 35.1667 84.9 6
    endloop
  endfacet
  facet normal 0 -1 0
    outer loop
      vertex 35.1667 84.9 -3.8147e-07
      vertex 5.58912 84.9 3.35
      vertex 5.58912 84.9 -3.8147e-07
    endloop
  endfacet
  facet normal 0 -1 0
    outer loop
      vertex 5.58912 84.9 3.35
      vertex 35.1667 84.9 -3.8147e-07
      vertex 35.1667 84.9 6
    endloop
  endfacet
  facet normal -0.707107 -0.707107 0
    outer loop
      vertex 84.9 35.1667 -3.8147e-07
      vertex 35.1667 84.9 6
      vertex 35.1667 84.9 -3.8147e-07
    endloop
  endfacet
  facet normal -0.707107 -0.707107 0
    outer loop
      vertex 35.1667 84.9 6
      vertex 84.9 35.1667 -3.8147e-07
      vertex 84.9 35.1667 6
    endloop
  endfacet
  facet normal -1 0 0
    outer loop
      vertex 84.9 -35.1667 -3.8147e-07
      vertex 84.9 35.1667 6
      vertex 84.9 35.1667 -3.8147e-07
    endloop
  endfacet
  facet normal -1 -0 0
    outer loop
      vertex 84.9 35.1667 6
      vertex 84.9 -35.1667 -3.8147e-07
      vertex 84.9 -35.1667 6
    endloop
  endfacet
  facet normal -0.707107 0.707107 0
    outer loop
      vertex 35.1667 -84.9 -3.8147e-07
      vertex 84.9 -35.1667 6
      vertex 84.9 -35.1667 -3.8147e-07
    endloop
  endfacet
  facet normal -0.707107 0.707107 0
    outer loop
      vertex 84.9 -35.1667 6
      vertex 35.1667 -84.9 -3.8147e-07
      vertex 35.1667 -84.9 6
    endloop
  endfacet
  facet normal 0 1 0
    outer loop
      vertex -5.58912 -84.9 3.35
      vertex -5.2486 -84.9 6
      vertex -5.2486 -84.9 3.35
    endloop
  endfacet
  facet normal 0 1 0
    outer loop
      vertex -5.2486 -84.9 6
      vertex -5.58912 -84.9 3.35
      vertex -35.1667 -84.9 6
    endloop
  endfacet
  facet normal 0 1 0
    outer loop
      vertex -35.1667 -84.9 -3.8147e-07
      vertex -5.58912 -84.9 3.35
      vertex -5.58912 -84.9 -3.8147e-07
    endloop
  endfacet
  facet normal 0 1 0
    outer loop
      vertex -5.58912 -84.9 3.35
      vertex -35.1667 -84.9 -3.8147e-07
      vertex -35.1667 -84.9 6
    endloop
  endfacet
  facet normal 0 1 0
    outer loop
      vertex 35.1667 -84.9 6
      vertex 5.58912 -84.9 3.35
      vertex 5.2486 -84.9 6
    endloop
  endfacet
  facet normal 0 1 -0
    outer loop
      vertex 35.1667 -84.9 -3.8147e-07
      vertex 5.58912 -84.9 3.35
      vertex 35.1667 -84.9 6
    endloop
  endfacet
  facet normal 0 1 0
    outer loop
      vertex 5.58912 -84.9 3.35
      vertex 35.1667 -84.9 -3.8147e-07
      vertex 5.58912 -84.9 -3.8147e-07
    endloop
  endfacet
  facet normal 0 1 0
    outer loop
      vertex 5.2486 -84.9 6
      vertex 5.58912 -84.9 3.35
      vertex 5.2486 -84.9 3.35
    endloop
  endfacet
  facet normal 0 0 -1
    outer loop
      vertex -36.0366 -87 4
      vertex -3.72285 -86.7 4
      vertex -3.33342 -86.9888 4
    endloop
  endfacet
  facet normal 0 0 -1
    outer loop
      vertex -36.0366 -87 4
      vertex -3.33342 -86.9888 4
      vertex -3.31476 -87 4
    endloop
  endfacet
  facet normal -0 0 -1
    outer loop
      vertex -3.72285 -86.7 4
      vertex -36.0366 -87 4
      vertex -35.9123 -86.7 4
    endloop
  endfacet
  facet normal 0 0 -1
    outer loop
      vertex -36.0366 -87 4
      vertex -86.7 -35.9123 4
      vertex -35.9123 -86.7 4
    endloop
  endfacet
  facet normal -0 0 -1
    outer loop
      vertex -86.7 -35.9123 4
      vertex -87 -36.0366 4
      vertex -86.7 35.9123 4
    endloop
  endfacet
  facet normal 0 0 -1
    outer loop
      vertex -87 -36.0366 4
      vertex -86.7 -35.9123 4
      vertex -36.0366 -87 4
    endloop
  endfacet
  facet normal 0 0 -1
    outer loop
      vertex -36.0366 87 4
      vertex -3.72285 86.7 4
      vertex -35.9123 86.7 4
    endloop
  endfacet
  facet normal 0 0 -1
    outer loop
      vertex -3.72285 86.7 4
      vertex -36.0366 87 4
      vertex -3.33342 86.9888 4
    endloop
  endfacet
  facet normal 0 0 -1
    outer loop
      vertex -3.33342 86.9888 4
      vertex -36.0366 87 4
      vertex -3.31476 87 4
    endloop
  endfacet
  facet normal 0 0 -1
    outer loop
      vertex -86.7 35.9123 4
      vertex -36.0366 87 4
      vertex -35.9123 86.7 4
    endloop
  endfacet
  facet normal 0 0 -1
    outer loop
      vertex -86.7 35.9123 4
      vertex -87 36.0366 4
      vertex -36.0366 87 4
    endloop
  endfacet
  facet normal 0 0 -1
    outer loop
      vertex -87 36.0366 4
      vertex -86.7 35.9123 4
      vertex -87 -36.0366 4
    endloop
  endfacet
  facet normal 0 0 -1
    outer loop
      vertex 87 -36.0366 4
      vertex 86.7 -35.9123 4
      vertex 87 36.0366 4
    endloop
  endfacet
  facet normal 0 0 -1
    outer loop
      vertex 36.0366 -87 4
      vertex 86.7 -35.9123 4
      vertex 87 -36.0366 4
    endloop
  endfacet
  facet normal 0 0 -1
    outer loop
      vertex 36.0366 -87 4
      vertex 35.9123 -86.7 4
      vertex 86.7 -35.9123 4
    endloop
  endfacet
  facet normal 0 0 -1
    outer loop
      vertex 36.0366 -87 4
      vertex 3.72285 -86.7 4
      vertex 35.9123 -86.7 4
    endloop
  endfacet
  facet normal 0 0 -1
    outer loop
      vertex 36.0366 -87 4
      vertex 3.33342 -86.9888 4
      vertex 3.72285 -86.7 4
    endloop
  endfacet
  facet normal 0 -0 -1
    outer loop
      vertex 3.33342 -86.9888 4
      vertex 36.0366 -87 4
      vertex 3.31476 -87 4
    endloop
  endfacet
  facet normal 0 0 -1
    outer loop
      vertex 86.7 35.9123 4
      vertex 87 36.0366 4
      vertex 86.7 -35.9123 4
    endloop
  endfacet
  facet normal 0 0 -1
    outer loop
      vertex 86.7 35.9123 4
      vertex 36.0366 87 4
      vertex 87 36.0366 4
    endloop
  endfacet
  facet normal 0 0 -1
    outer loop
      vertex 35.9123 86.7 4
      vertex 36.0366 87 4
      vertex 86.7 35.9123 4
    endloop
  endfacet
  facet normal 0 0 -1
    outer loop
      vertex 3.72285 86.7 4
      vertex 36.0366 87 4
      vertex 35.9123 86.7 4
    endloop
  endfacet
  facet normal 0 0 -1
    outer loop
      vertex 3.33342 86.9888 4
      vertex 36.0366 87 4
      vertex 3.72285 86.7 4
    endloop
  endfacet
  facet normal -0 0 -1
    outer loop
      vertex 36.0366 87 4
      vertex 3.33342 86.9888 4
      vertex 3.31476 87 4
    endloop
  endfacet
  facet normal -0.671448 0.741051 0
    outer loop
      vertex 1.20208 -83.2021 3.35
      vertex 1.07847 -83.3141 15
      vertex 1.20208 -83.2021 15
    endloop
  endfacet
  facet normal -0.671448 0.741051 0
    outer loop
      vertex 1.07847 -83.3141 15
      vertex 1.20208 -83.2021 3.35
      vertex 1.07847 -83.3141 3.35
    endloop
  endfacet
  facet normal -0.989173 -0.146757 0
    outer loop
      vertex 1.69181 -81.8334 3.35
      vertex 1.66733 -81.6684 15
      vertex 1.66733 -81.6684 3.35
    endloop
  endfacet
  facet normal -0.989173 -0.146757 0
    outer loop
      vertex 1.66733 -81.6684 15
      vertex 1.69181 -81.8334 3.35
      vertex 1.69181 -81.8334 15
    endloop
  endfacet
  facet normal -0.998794 -0.0491004 0
    outer loop
      vertex 1.7 -82 3.35
      vertex 1.69181 -81.8334 15
      vertex 1.69181 -81.8334 3.35
    endloop
  endfacet
  facet normal -0.998794 -0.0491004 0
    outer loop
      vertex 1.69181 -81.8334 15
      vertex 1.7 -82 3.35
      vertex 1.7 -82 15
    endloop
  endfacet
  facet normal -0.970065 -0.242846 0
    outer loop
      vertex 1.66733 -81.6684 3.35
      vertex 1.6268 -81.5065 15
      vertex 1.6268 -81.5065 3.35
    endloop
  endfacet
  facet normal -0.970065 -0.242846 0
    outer loop
      vertex 1.6268 -81.5065 15
      vertex 1.66733 -81.6684 3.35
      vertex 1.66733 -81.6684 15
    endloop
  endfacet
  facet normal -0.427412 0.904057 0
    outer loop
      vertex 0.801374 -83.4993 3.35
      vertex 0.650561 -83.5706 15
      vertex 0.801374 -83.4993 15
    endloop
  endfacet
  facet normal -0.427412 0.904057 0
    outer loop
      vertex 0.650561 -83.5706 15
      vertex 0.801374 -83.4993 3.35
      vertex 0.650561 -83.5706 3.35
    endloop
  endfacet
  facet normal 0.0491516 -0.998791 0
    outer loop
      vertex -0.166629 -80.3082 3.35
      vertex 0 -80.3 15
      vertex -0.166629 -80.3082 15
    endloop
  endfacet
  facet normal 0.0491516 -0.998791 0
    outer loop
      vertex 0 -80.3 15
      vertex -0.166629 -80.3082 3.35
      vertex 0 -80.3 3.35
    endloop
  endfacet
  facet normal 0.427412 -0.904057 0
    outer loop
      vertex -0.801374 -80.5007 3.35
      vertex -0.650561 -80.4294 15
      vertex -0.801374 -80.5007 15
    endloop
  endfacet
  facet normal 0.427412 -0.904057 0
    outer loop
      vertex -0.650561 -80.4294 15
      vertex -0.801374 -80.5007 3.35
      vertex -0.650561 -80.4294 3.35
    endloop
  endfacet
  facet normal -0.740905 -0.67161 0
    outer loop
      vertex 1.31412 -80.9215 3.35
      vertex 1.20208 -80.7979 15
      vertex 1.20208 -80.7979 3.35
    endloop
  endfacet
  facet normal -0.740905 -0.67161 0
    outer loop
      vertex 1.20208 -80.7979 15
      vertex 1.31412 -80.9215 3.35
      vertex 1.31412 -80.9215 15
    endloop
  endfacet
  facet normal 0.146854 0.989158 -0
    outer loop
      vertex -0.166629 -83.6918 3.35
      vertex -0.331653 -83.6673 15
      vertex -0.166629 -83.6918 15
    endloop
  endfacet
  facet normal 0.146854 0.989158 0
    outer loop
      vertex -0.331653 -83.6673 15
      vertex -0.166629 -83.6918 3.35
      vertex -0.331653 -83.6673 3.35
    endloop
  endfacet
  facet normal -0.427412 -0.904057 0
    outer loop
      vertex 0.650561 -80.4294 3.35
      vertex 0.801374 -80.5007 15
      vertex 0.650561 -80.4294 15
    endloop
  endfacet
  facet normal -0.427412 -0.904057 -0
    outer loop
      vertex 0.801374 -80.5007 15
      vertex 0.650561 -80.4294 3.35
      vertex 0.801374 -80.5007 3.35
    endloop
  endfacet
  facet normal 0.146854 -0.989158 0
    outer loop
      vertex -0.331653 -80.3327 3.35
      vertex -0.166629 -80.3082 15
      vertex -0.331653 -80.3327 15
    endloop
  endfacet
  facet normal 0.146854 -0.989158 0
    outer loop
      vertex -0.166629 -80.3082 15
      vertex -0.331653 -80.3327 3.35
      vertex -0.166629 -80.3082 3.35
    endloop
  endfacet
  facet normal -0.242774 0.970083 0
    outer loop
      vertex 0.493484 -83.6268 3.35
      vertex 0.331653 -83.6673 15
      vertex 0.493484 -83.6268 15
    endloop
  endfacet
  facet normal -0.242774 0.970083 0
    outer loop
      vertex 0.331653 -83.6673 15
      vertex 0.493484 -83.6268 3.35
      vertex 0.331653 -83.6673 3.35
    endloop
  endfacet
  facet normal 0.595766 -0.803158 0
    outer loop
      vertex -1.07847 -80.6859 3.35
      vertex -0.944468 -80.5865 15
      vertex -1.07847 -80.6859 15
    endloop
  endfacet
  facet normal 0.595766 -0.803158 0
    outer loop
      vertex -0.944468 -80.5865 15
      vertex -1.07847 -80.6859 3.35
      vertex -0.944468 -80.5865 3.35
    endloop
  endfacet
  facet normal 0.903996 -0.42754 0
    outer loop
      vertex -1.57059 -81.3494 15
      vertex -1.49927 -81.1986 3.35
      vertex -1.49927 -81.1986 15
    endloop
  endfacet
  facet normal 0.903996 -0.42754 0
    outer loop
      vertex -1.49927 -81.1986 3.35
      vertex -1.57059 -81.3494 15
      vertex -1.57059 -81.3494 3.35
    endloop
  endfacet
  facet normal 0.427412 0.904057 -0
    outer loop
      vertex -0.650561 -83.5706 3.35
      vertex -0.801374 -83.4993 15
      vertex -0.650561 -83.5706 15
    endloop
  endfacet
  facet normal 0.427412 0.904057 0
    outer loop
      vertex -0.801374 -83.4993 15
      vertex -0.650561 -83.5706 3.35
      vertex -0.801374 -83.4993 3.35
    endloop
  endfacet
  facet normal -0.336874 0.94155 0
    outer loop
      vertex 0.650561 -83.5706 3.35
      vertex 0.493484 -83.6268 15
      vertex 0.650561 -83.5706 15
    endloop
  endfacet
  facet normal -0.336874 0.94155 0
    outer loop
      vertex 0.493484 -83.6268 15
      vertex 0.650561 -83.5706 3.35
      vertex 0.493484 -83.6268 3.35
    endloop
  endfacet
  facet normal 0.595766 0.803158 -0
    outer loop
      vertex -0.944468 -83.4135 3.35
      vertex -1.07847 -83.3141 15
      vertex -0.944468 -83.4135 15
    endloop
  endfacet
  facet normal 0.595766 0.803158 0
    outer loop
      vertex -1.07847 -83.3141 15
      vertex -0.944468 -83.4135 3.35
      vertex -1.07847 -83.3141 3.35
    endloop
  endfacet
  facet normal 0.903996 0.42754 0
    outer loop
      vertex -1.49927 -82.8014 15
      vertex -1.57059 -82.6506 3.35
      vertex -1.57059 -82.6506 15
    endloop
  endfacet
  facet normal 0.903996 0.42754 0
    outer loop
      vertex -1.57059 -82.6506 3.35
      vertex -1.49927 -82.8014 15
      vertex -1.49927 -82.8014 3.35
    endloop
  endfacet
  facet normal -0.514247 -0.857642 0
    outer loop
      vertex 0.801374 -80.5007 3.35
      vertex 0.944468 -80.5865 15
      vertex 0.801374 -80.5007 15
    endloop
  endfacet
  facet normal -0.514247 -0.857642 -0
    outer loop
      vertex 0.944468 -80.5865 15
      vertex 0.801374 -80.5007 3.35
      vertex 0.944468 -80.5865 3.35
    endloop
  endfacet
  facet normal -0.595766 0.803158 0
    outer loop
      vertex 1.07847 -83.3141 3.35
      vertex 0.944468 -83.4135 15
      vertex 1.07847 -83.3141 15
    endloop
  endfacet
  facet normal -0.595766 0.803158 0
    outer loop
      vertex 0.944468 -83.4135 15
      vertex 1.07847 -83.3141 3.35
      vertex 0.944468 -83.4135 3.35
    endloop
  endfacet
  facet normal 0.998794 0.0491004 0
    outer loop
      vertex -1.69181 -82.1666 15
      vertex -1.7 -82 3.35
      vertex -1.7 -82 15
    endloop
  endfacet
  facet normal 0.998794 0.0491004 0
    outer loop
      vertex -1.7 -82 3.35
      vertex -1.69181 -82.1666 15
      vertex -1.69181 -82.1666 3.35
    endloop
  endfacet
  facet normal -0.595766 -0.803158 0
    outer loop
      vertex 0.944468 -80.5865 3.35
      vertex 1.07847 -80.6859 15
      vertex 0.944468 -80.5865 15
    endloop
  endfacet
  facet normal -0.595766 -0.803158 -0
    outer loop
      vertex 1.07847 -80.6859 15
      vertex 0.944468 -80.5865 3.35
      vertex 1.07847 -80.6859 3.35
    endloop
  endfacet
  facet normal -0.970065 0.242846 0
    outer loop
      vertex 1.6268 -82.4935 3.35
      vertex 1.66733 -82.3316 15
      vertex 1.66733 -82.3316 3.35
    endloop
  endfacet
  facet normal -0.970065 0.242846 0
    outer loop
      vertex 1.66733 -82.3316 15
      vertex 1.6268 -82.4935 3.35
      vertex 1.6268 -82.4935 15
    endloop
  endfacet
  facet normal 0.514247 -0.857642 0
    outer loop
      vertex -0.944468 -80.5865 3.35
      vertex -0.801374 -80.5007 15
      vertex -0.944468 -80.5865 15
    endloop
  endfacet
  facet normal 0.514247 -0.857642 0
    outer loop
      vertex -0.801374 -80.5007 15
      vertex -0.944468 -80.5865 3.35
      vertex -0.801374 -80.5007 3.35
    endloop
  endfacet
  facet normal 0.941546 0.336883 0
    outer loop
      vertex -1.57059 -82.6506 15
      vertex -1.6268 -82.4935 3.35
      vertex -1.6268 -82.4935 15
    endloop
  endfacet
  facet normal 0.941546 0.336883 0
    outer loop
      vertex -1.6268 -82.4935 3.35
      vertex -1.57059 -82.6506 15
      vertex -1.57059 -82.6506 3.35
    endloop
  endfacet
  facet normal -0.242774 -0.970083 0
    outer loop
      vertex 0.331653 -80.3327 3.35
      vertex 0.493484 -80.3732 15
      vertex 0.331653 -80.3327 15
    endloop
  endfacet
  facet normal -0.242774 -0.970083 -0
    outer loop
      vertex 0.493484 -80.3732 15
      vertex 0.331653 -80.3327 3.35
      vertex 0.493484 -80.3732 3.35
    endloop
  endfacet
  facet normal 0.740905 -0.67161 0
    outer loop
      vertex -1.31412 -80.9215 15
      vertex -1.20208 -80.7979 3.35
      vertex -1.20208 -80.7979 15
    endloop
  endfacet
  facet normal 0.740905 -0.67161 0
    outer loop
      vertex -1.20208 -80.7979 3.35
      vertex -1.31412 -80.9215 15
      vertex -1.31412 -80.9215 3.35
    endloop
  endfacet
  facet normal -0.0491516 0.998791 0
    outer loop
      vertex 0.166629 -83.6918 3.35
      vertex 0 -83.7 15
      vertex 0.166629 -83.6918 15
    endloop
  endfacet
  facet normal -0.0491516 0.998791 0
    outer loop
      vertex 0 -83.7 15
      vertex 0.166629 -83.6918 3.35
      vertex 0 -83.7 3.35
    endloop
  endfacet
  facet normal -0.803211 -0.595695 0
    outer loop
      vertex 1.4135 -81.0555 3.35
      vertex 1.31412 -80.9215 15
      vertex 1.31412 -80.9215 3.35
    endloop
  endfacet
  facet normal -0.803211 -0.595695 0
    outer loop
      vertex 1.31412 -80.9215 15
      vertex 1.4135 -81.0555 3.35
      vertex 1.4135 -81.0555 15
    endloop
  endfacet
  facet normal 0.970065 0.242846 0
    outer loop
      vertex -1.6268 -82.4935 15
      vertex -1.66733 -82.3316 3.35
      vertex -1.66733 -82.3316 15
    endloop
  endfacet
  facet normal 0.970065 0.242846 0
    outer loop
      vertex -1.66733 -82.3316 3.35
      vertex -1.6268 -82.4935 15
      vertex -1.6268 -82.4935 3.35
    endloop
  endfacet
  facet normal -0.989173 0.146757 0
    outer loop
      vertex 1.66733 -82.3316 3.35
      vertex 1.69181 -82.1666 15
      vertex 1.69181 -82.1666 3.35
    endloop
  endfacet
  facet normal -0.989173 0.146757 0
    outer loop
      vertex 1.69181 -82.1666 15
      vertex 1.66733 -82.3316 3.35
      vertex 1.66733 -82.3316 15
    endloop
  endfacet
  facet normal -0.514247 0.857642 0
    outer loop
      vertex 0.944468 -83.4135 3.35
      vertex 0.801374 -83.4993 15
      vertex 0.944468 -83.4135 15
    endloop
  endfacet
  facet normal -0.514247 0.857642 0
    outer loop
      vertex 0.801374 -83.4993 15
      vertex 0.944468 -83.4135 3.35
      vertex 0.801374 -83.4993 3.35
    endloop
  endfacet
  facet normal 0.941546 -0.336883 0
    outer loop
      vertex -1.6268 -81.5065 15
      vertex -1.57059 -81.3494 3.35
      vertex -1.57059 -81.3494 15
    endloop
  endfacet
  facet normal 0.941546 -0.336883 0
    outer loop
      vertex -1.57059 -81.3494 3.35
      vertex -1.6268 -81.5065 15
      vertex -1.6268 -81.5065 3.35
    endloop
  endfacet
  facet normal -0.671448 -0.741051 0
    outer loop
      vertex 1.07847 -80.6859 3.35
      vertex 1.20208 -80.7979 15
      vertex 1.07847 -80.6859 15
    endloop
  endfacet
  facet normal -0.671448 -0.741051 -0
    outer loop
      vertex 1.20208 -80.7979 15
      vertex 1.07847 -80.6859 3.35
      vertex 1.20208 -80.7979 3.35
    endloop
  endfacet
  facet normal 0.989173 -0.146757 0
    outer loop
      vertex -1.69181 -81.8334 15
      vertex -1.66733 -81.6684 3.35
      vertex -1.66733 -81.6684 15
    endloop
  endfacet
  facet normal 0.989173 -0.146757 0
    outer loop
      vertex -1.66733 -81.6684 3.35
      vertex -1.69181 -81.8334 15
      vertex -1.69181 -81.8334 3.35
    endloop
  endfacet
  facet normal -0.903996 0.42754 0
    outer loop
      vertex 1.49927 -82.8014 3.35
      vertex 1.57059 -82.6506 15
      vertex 1.57059 -82.6506 3.35
    endloop
  endfacet
  facet normal -0.903996 0.42754 0
    outer loop
      vertex 1.57059 -82.6506 15
      vertex 1.49927 -82.8014 3.35
      vertex 1.49927 -82.8014 15
    endloop
  endfacet
  facet normal -0.998794 0.0491004 0
    outer loop
      vertex 1.69181 -82.1666 3.35
      vertex 1.7 -82 15
      vertex 1.7 -82 3.35
    endloop
  endfacet
  facet normal -0.998794 0.0491004 0
    outer loop
      vertex 1.7 -82 15
      vertex 1.69181 -82.1666 3.35
      vertex 1.69181 -82.1666 15
    endloop
  endfacet
  facet normal -0.146854 0.989158 0
    outer loop
      vertex 0.331653 -83.6673 3.35
      vertex 0.166629 -83.6918 15
      vertex 0.331653 -83.6673 15
    endloop
  endfacet
  facet normal -0.146854 0.989158 0
    outer loop
      vertex 0.166629 -83.6918 15
      vertex 0.331653 -83.6673 3.35
      vertex 0.166629 -83.6918 3.35
    endloop
  endfacet
  facet normal -0.941546 -0.336883 0
    outer loop
      vertex 1.6268 -81.5065 3.35
      vertex 1.57059 -81.3494 15
      vertex 1.57059 -81.3494 3.35
    endloop
  endfacet
  facet normal -0.941546 -0.336883 0
    outer loop
      vertex 1.57059 -81.3494 15
      vertex 1.6268 -81.5065 3.35
      vertex 1.6268 -81.5065 15
    endloop
  endfacet
  facet normal -0.803211 0.595695 0
    outer loop
      vertex 1.31412 -83.0785 3.35
      vertex 1.4135 -82.9445 15
      vertex 1.4135 -82.9445 3.35
    endloop
  endfacet
  facet normal -0.803211 0.595695 0
    outer loop
      vertex 1.4135 -82.9445 15
      vertex 1.31412 -83.0785 3.35
      vertex 1.31412 -83.0785 15
    endloop
  endfacet
  facet normal -0.857731 0.514099 0
    outer loop
      vertex 1.4135 -82.9445 3.35
      vertex 1.49927 -82.8014 15
      vertex 1.49927 -82.8014 3.35
    endloop
  endfacet
  facet normal -0.857731 0.514099 0
    outer loop
      vertex 1.49927 -82.8014 15
      vertex 1.4135 -82.9445 3.35
      vertex 1.4135 -82.9445 15
    endloop
  endfacet
  facet normal 0.242774 -0.970083 0
    outer loop
      vertex -0.493484 -80.3732 3.35
      vertex -0.331653 -80.3327 15
      vertex -0.493484 -80.3732 15
    endloop
  endfacet
  facet normal 0.242774 -0.970083 0
    outer loop
      vertex -0.331653 -80.3327 15
      vertex -0.493484 -80.3732 3.35
      vertex -0.331653 -80.3327 3.35
    endloop
  endfacet
  facet normal -0.941546 0.336883 0
    outer loop
      vertex 1.57059 -82.6506 3.35
      vertex 1.6268 -82.4935 15
      vertex 1.6268 -82.4935 3.35
    endloop
  endfacet
  facet normal -0.941546 0.336883 0
    outer loop
      vertex 1.6268 -82.4935 15
      vertex 1.57059 -82.6506 3.35
      vertex 1.57059 -82.6506 15
    endloop
  endfacet
  facet normal -0.0491516 -0.998791 0
    outer loop
      vertex 0 -80.3 3.35
      vertex 0.166629 -80.3082 15
      vertex 0 -80.3 15
    endloop
  endfacet
  facet normal -0.0491516 -0.998791 -0
    outer loop
      vertex 0.166629 -80.3082 15
      vertex 0 -80.3 3.35
      vertex 0.166629 -80.3082 3.35
    endloop
  endfacet
  facet normal -0.903996 -0.42754 0
    outer loop
      vertex 1.57059 -81.3494 3.35
      vertex 1.49927 -81.1986 15
      vertex 1.49927 -81.1986 3.35
    endloop
  endfacet
  facet normal -0.903996 -0.42754 0
    outer loop
      vertex 1.49927 -81.1986 15
      vertex 1.57059 -81.3494 3.35
      vertex 1.57059 -81.3494 15
    endloop
  endfacet
  facet normal -0.146854 -0.989158 0
    outer loop
      vertex 0.166629 -80.3082 3.35
      vertex 0.331653 -80.3327 15
      vertex 0.166629 -80.3082 15
    endloop
  endfacet
  facet normal -0.146854 -0.989158 -0
    outer loop
      vertex 0.331653 -80.3327 15
      vertex 0.166629 -80.3082 3.35
      vertex 0.331653 -80.3327 3.35
    endloop
  endfacet
  facet normal 0.242774 0.970083 -0
    outer loop
      vertex -0.331653 -83.6673 3.35
      vertex -0.493484 -83.6268 15
      vertex -0.331653 -83.6673 15
    endloop
  endfacet
  facet normal 0.242774 0.970083 0
    outer loop
      vertex -0.493484 -83.6268 15
      vertex -0.331653 -83.6673 3.35
      vertex -0.493484 -83.6268 3.35
    endloop
  endfacet
  facet normal 0.857731 0.514099 0
    outer loop
      vertex -1.4135 -82.9445 15
      vertex -1.49927 -82.8014 3.35
      vertex -1.49927 -82.8014 15
    endloop
  endfacet
  facet normal 0.857731 0.514099 0
    outer loop
      vertex -1.49927 -82.8014 3.35
      vertex -1.4135 -82.9445 15
      vertex -1.4135 -82.9445 3.35
    endloop
  endfacet
  facet normal -0.857731 -0.514099 0
    outer loop
      vertex 1.49927 -81.1986 3.35
      vertex 1.4135 -81.0555 15
      vertex 1.4135 -81.0555 3.35
    endloop
  endfacet
  facet normal -0.857731 -0.514099 0
    outer loop
      vertex 1.4135 -81.0555 15
      vertex 1.49927 -81.1986 3.35
      vertex 1.49927 -81.1986 15
    endloop
  endfacet
  facet normal 0.336874 -0.94155 0
    outer loop
      vertex -0.650561 -80.4294 3.35
      vertex -0.493484 -80.3732 15
      vertex -0.650561 -80.4294 15
    endloop
  endfacet
  facet normal 0.336874 -0.94155 0
    outer loop
      vertex -0.493484 -80.3732 15
      vertex -0.650561 -80.4294 3.35
      vertex -0.493484 -80.3732 3.35
    endloop
  endfacet
  facet normal 0.740905 0.67161 0
    outer loop
      vertex -1.20208 -83.2021 15
      vertex -1.31412 -83.0785 3.35
      vertex -1.31412 -83.0785 15
    endloop
  endfacet
  facet normal 0.740905 0.67161 0
    outer loop
      vertex -1.31412 -83.0785 3.35
      vertex -1.20208 -83.2021 15
      vertex -1.20208 -83.2021 3.35
    endloop
  endfacet
  facet normal 0.671448 -0.741051 0
    outer loop
      vertex -1.20208 -80.7979 3.35
      vertex -1.07847 -80.6859 15
      vertex -1.20208 -80.7979 15
    endloop
  endfacet
  facet normal 0.671448 -0.741051 0
    outer loop
      vertex -1.07847 -80.6859 15
      vertex -1.20208 -80.7979 3.35
      vertex -1.07847 -80.6859 3.35
    endloop
  endfacet
  facet normal -0.336874 -0.94155 0
    outer loop
      vertex 0.493484 -80.3732 3.35
      vertex 0.650561 -80.4294 15
      vertex 0.493484 -80.3732 15
    endloop
  endfacet
  facet normal -0.336874 -0.94155 -0
    outer loop
      vertex 0.650561 -80.4294 15
      vertex 0.493484 -80.3732 3.35
      vertex 0.650561 -80.4294 3.35
    endloop
  endfacet
  facet normal 0.514247 0.857642 -0
    outer loop
      vertex -0.801374 -83.4993 3.35
      vertex -0.944468 -83.4135 15
      vertex -0.801374 -83.4993 15
    endloop
  endfacet
  facet normal 0.514247 0.857642 0
    outer loop
      vertex -0.944468 -83.4135 15
      vertex -0.801374 -83.4993 3.35
      vertex -0.944468 -83.4135 3.35
    endloop
  endfacet
  facet normal 0.970065 -0.242846 0
    outer loop
      vertex -1.66733 -81.6684 15
      vertex -1.6268 -81.5065 3.35
      vertex -1.6268 -81.5065 15
    endloop
  endfacet
  facet normal 0.970065 -0.242846 0
    outer loop
      vertex -1.6268 -81.5065 3.35
      vertex -1.66733 -81.6684 15
      vertex -1.66733 -81.6684 3.35
    endloop
  endfacet
  facet normal 0.803211 0.595695 0
    outer loop
      vertex -1.31412 -83.0785 15
      vertex -1.4135 -82.9445 3.35
      vertex -1.4135 -82.9445 15
    endloop
  endfacet
  facet normal 0.803211 0.595695 0
    outer loop
      vertex -1.4135 -82.9445 3.35
      vertex -1.31412 -83.0785 15
      vertex -1.31412 -83.0785 3.35
    endloop
  endfacet
  facet normal 0.989173 0.146757 0
    outer loop
      vertex -1.66733 -82.3316 15
      vertex -1.69181 -82.1666 3.35
      vertex -1.69181 -82.1666 15
    endloop
  endfacet
  facet normal 0.989173 0.146757 0
    outer loop
      vertex -1.69181 -82.1666 3.35
      vertex -1.66733 -82.3316 15
      vertex -1.66733 -82.3316 3.35
    endloop
  endfacet
  facet normal 0.671448 0.741051 -0
    outer loop
      vertex -1.07847 -83.3141 3.35
      vertex -1.20208 -83.2021 15
      vertex -1.07847 -83.3141 15
    endloop
  endfacet
  facet normal 0.671448 0.741051 0
    outer loop
      vertex -1.20208 -83.2021 15
      vertex -1.07847 -83.3141 3.35
      vertex -1.20208 -83.2021 3.35
    endloop
  endfacet
  facet normal 0.803211 -0.595695 0
    outer loop
      vertex -1.4135 -81.0555 15
      vertex -1.31412 -80.9215 3.35
      vertex -1.31412 -80.9215 15
    endloop
  endfacet
  facet normal 0.803211 -0.595695 0
    outer loop
      vertex -1.31412 -80.9215 3.35
      vertex -1.4135 -81.0555 15
      vertex -1.4135 -81.0555 3.35
    endloop
  endfacet
  facet normal 0.857731 -0.514099 0
    outer loop
      vertex -1.49927 -81.1986 15
      vertex -1.4135 -81.0555 3.35
      vertex -1.4135 -81.0555 15
    endloop
  endfacet
  facet normal 0.857731 -0.514099 0
    outer loop
      vertex -1.4135 -81.0555 3.35
      vertex -1.49927 -81.1986 15
      vertex -1.49927 -81.1986 3.35
    endloop
  endfacet
  facet normal 0.0491516 0.998791 -0
    outer loop
      vertex 0 -83.7 3.35
      vertex -0.166629 -83.6918 15
      vertex 0 -83.7 15
    endloop
  endfacet
  facet normal 0.0491516 0.998791 0
    outer loop
      vertex -0.166629 -83.6918 15
      vertex 0 -83.7 3.35
      vertex -0.166629 -83.6918 3.35
    endloop
  endfacet
  facet normal 0.998794 -0.0491004 0
    outer loop
      vertex -1.7 -82 15
      vertex -1.69181 -81.8334 3.35
      vertex -1.69181 -81.8334 15
    endloop
  endfacet
  facet normal 0.998794 -0.0491004 0
    outer loop
      vertex -1.69181 -81.8334 3.35
      vertex -1.7 -82 15
      vertex -1.7 -82 3.35
    endloop
  endfacet
  facet normal 0.336874 0.94155 -0
    outer loop
      vertex -0.493484 -83.6268 3.35
      vertex -0.650561 -83.5706 15
      vertex -0.493484 -83.6268 15
    endloop
  endfacet
  facet normal 0.336874 0.94155 0
    outer loop
      vertex -0.650561 -83.5706 15
      vertex -0.493484 -83.6268 3.35
      vertex -0.650561 -83.5706 3.35
    endloop
  endfacet
  facet normal -0.740905 0.67161 0
    outer loop
      vertex 1.20208 -83.2021 3.35
      vertex 1.31412 -83.0785 15
      vertex 1.31412 -83.0785 3.35
    endloop
  endfacet
  facet normal -0.740905 0.67161 0
    outer loop
      vertex 1.31412 -83.0785 15
      vertex 1.20208 -83.2021 3.35
      vertex 1.20208 -83.2021 15
    endloop
  endfacet
  facet normal -0.989173 -0.146755 -0
    outer loop
      vertex 3.28411 -81.6765 18.496
      vertex 3.23659 -81.3562 15
      vertex 3.28411 -81.6765 15
    endloop
  endfacet
  facet normal -0.989173 -0.146755 0
    outer loop
      vertex 3.23659 -81.3562 15
      vertex 3.28411 -81.6765 18.496
      vertex 3.23659 -81.3562 18.7067
    endloop
  endfacet
  facet normal -0.998796 -0.0490621 0
    outer loop
      vertex 3.28411 -81.6765 15
      vertex 3.29501 -81.8984 18.35
      vertex 3.28411 -81.6765 18.496
    endloop
  endfacet
  facet normal -0.998796 -0.0490599 1.4654e-07
    outer loop
      vertex 3.3 -82 15
      vertex 3.29501 -81.8984 18.35
      vertex 3.28411 -81.6765 15
    endloop
  endfacet
  facet normal -0.998796 -0.049055 0
    outer loop
      vertex 3.29501 -81.8984 18.35
      vertex 3.3 -82 15
      vertex 3.3 -82 18.35
    endloop
  endfacet
  facet normal -0.970022 -0.243015 -0
    outer loop
      vertex 3.23659 -81.3562 18.7067
      vertex 3.1579 -81.0421 15
      vertex 3.23659 -81.3562 15
    endloop
  endfacet
  facet normal -0.970022 -0.243015 0
    outer loop
      vertex 3.1579 -81.0421 15
      vertex 3.23659 -81.3562 18.7067
      vertex 3.1579 -81.0421 18.9134
    endloop
  endfacet
  facet normal 0.970022 0.243015 0
    outer loop
      vertex -3.1579 -82.9579 18.35
      vertex -3.23659 -82.6438 15
      vertex -3.23659 -82.6438 18.35
    endloop
  endfacet
  facet normal 0.970022 0.243015 0
    outer loop
      vertex -3.23659 -82.6438 15
      vertex -3.1579 -82.9579 18.35
      vertex -3.1579 -82.9579 15
    endloop
  endfacet
  facet normal -0.513901 0.85785 0
    outer loop
      vertex 1.83338 -84.7439 15
      vertex 1.55561 -84.9103 18.35
      vertex 1.83338 -84.7439 18.35
    endloop
  endfacet
  facet normal -0.513901 0.85785 0
    outer loop
      vertex 1.55561 -84.9103 18.35
      vertex 1.83338 -84.7439 15
      vertex 1.55561 -84.9103 15
    endloop
  endfacet
  facet normal -0.741018 0.671486 0
    outer loop
      vertex 2.33345 -84.3335 15
      vertex 2.55093 -84.0935 18.35
      vertex 2.55093 -84.0935 15
    endloop
  endfacet
  facet normal -0.741018 0.671486 0
    outer loop
      vertex 2.55093 -84.0935 18.35
      vertex 2.33345 -84.3335 15
      vertex 2.33345 -84.3335 18.35
    endloop
  endfacet
  facet normal -0.803183 0.595733 0
    outer loop
      vertex 2.55093 -84.0935 15
      vertex 2.74385 -83.8334 18.35
      vertex 2.74385 -83.8334 15
    endloop
  endfacet
  facet normal -0.803183 0.595733 0
    outer loop
      vertex 2.74385 -83.8334 18.35
      vertex 2.55093 -84.0935 15
      vertex 2.55093 -84.0935 18.35
    endloop
  endfacet
  facet normal -0.671427 -0.741071 0
    outer loop
      vertex 2.0935 -79.4491 15
      vertex 2.33345 -79.6665 19.8183
      vertex 2.0935 -79.4491 19.9614
    endloop
  endfacet
  facet normal -0.671427 -0.741071 -0
    outer loop
      vertex 2.33345 -79.6665 19.8183
      vertex 2.0935 -79.4491 15
      vertex 2.33345 -79.6665 15
    endloop
  endfacet
  facet normal -0.513901 -0.85785 0
    outer loop
      vertex 1.55561 -79.0897 15
      vertex 1.83338 -79.2561 20.0883
      vertex 1.55561 -79.0897 20.1979
    endloop
  endfacet
  facet normal -0.513901 -0.85785 -0
    outer loop
      vertex 1.83338 -79.2561 20.0883
      vertex 1.55561 -79.0897 15
      vertex 1.83338 -79.2561 15
    endloop
  endfacet
  facet normal 0.741018 0.671486 0
    outer loop
      vertex -2.33345 -84.3335 18.35
      vertex -2.55093 -84.0935 15
      vertex -2.55093 -84.0935 18.35
    endloop
  endfacet
  facet normal 0.741018 0.671486 0
    outer loop
      vertex -2.55093 -84.0935 15
      vertex -2.33345 -84.3335 18.35
      vertex -2.33345 -84.3335 15
    endloop
  endfacet
  facet normal 0.146675 -0.989185 0
    outer loop
      vertex -0.323456 -78.7159 15
      vertex -0.643798 -78.7634 20.4125
      vertex -0.643798 -78.7634 15
    endloop
  endfacet
  facet normal 0.146675 -0.989185 0
    outer loop
      vertex -0.643798 -78.7634 20.4125
      vertex -0.323456 -78.7159 15
      vertex -0.323456 -78.7159 20.4438
    endloop
  endfacet
  facet normal 0.671427 0.741071 -0
    outer loop
      vertex -2.0935 -84.5509 15
      vertex -2.33345 -84.3335 18.35
      vertex -2.0935 -84.5509 18.35
    endloop
  endfacet
  facet normal 0.671427 0.741071 0
    outer loop
      vertex -2.33345 -84.3335 18.35
      vertex -2.0935 -84.5509 15
      vertex -2.33345 -84.3335 15
    endloop
  endfacet
  facet normal -0.941574 -0.336806 -0
    outer loop
      vertex 3.1579 -81.0421 18.9134
      vertex 3.0488 -80.7371 15
      vertex 3.1579 -81.0421 15
    endloop
  endfacet
  facet normal -0.941574 -0.336806 0
    outer loop
      vertex 3.0488 -80.7371 15
      vertex 3.1579 -81.0421 18.9134
      vertex 3.0488 -80.7371 19.114
    endloop
  endfacet
  facet normal 0.0490973 -0.998794 0
    outer loop
      vertex 0 -78.7 15
      vertex -0.323456 -78.7159 20.4438
      vertex -0.323456 -78.7159 15
    endloop
  endfacet
  facet normal 0.0490973 -0.998794 0
    outer loop
      vertex -0.323456 -78.7159 20.4438
      vertex 0 -78.7 15
      vertex 0 -78.7 20.4542
    endloop
  endfacet
  facet normal -0.427643 0.903948 0
    outer loop
      vertex 1.55561 -84.9103 15
      vertex 1.26285 -85.0488 18.35
      vertex 1.55561 -84.9103 18.35
    endloop
  endfacet
  facet normal -0.427643 0.903948 0
    outer loop
      vertex 1.26285 -85.0488 18.35
      vertex 1.55561 -84.9103 15
      vertex 1.26285 -85.0488 15
    endloop
  endfacet
  facet normal -0.427643 -0.903948 0
    outer loop
      vertex 1.26285 -78.9512 15
      vertex 1.55561 -79.0897 20.1979
      vertex 1.26285 -78.9512 20.2889
    endloop
  endfacet
  facet normal -0.427643 -0.903948 -0
    outer loop
      vertex 1.55561 -79.0897 20.1979
      vertex 1.26285 -78.9512 15
      vertex 1.55561 -79.0897 15
    endloop
  endfacet
  facet normal 0.671427 -0.741071 0
    outer loop
      vertex -2.0935 -79.4491 15
      vertex -2.33345 -79.6665 19.8183
      vertex -2.33345 -79.6665 15
    endloop
  endfacet
  facet normal 0.671427 -0.741071 0
    outer loop
      vertex -2.33345 -79.6665 19.8183
      vertex -2.0935 -79.4491 15
      vertex -2.0935 -79.4491 19.9614
    endloop
  endfacet
  facet normal -0.0490973 0.998794 0
    outer loop
      vertex 0.323456 -85.2841 15
      vertex 0 -85.3 18.35
      vertex 0.323456 -85.2841 18.35
    endloop
  endfacet
  facet normal -0.0490973 0.998794 0
    outer loop
      vertex 0 -85.3 18.35
      vertex 0.323456 -85.2841 15
      vertex 0 -85.3 15
    endloop
  endfacet
  facet normal -0.595862 0.803087 0
    outer loop
      vertex 2.0935 -84.5509 15
      vertex 1.83338 -84.7439 18.35
      vertex 2.0935 -84.5509 18.35
    endloop
  endfacet
  facet normal -0.595862 0.803087 0
    outer loop
      vertex 1.83338 -84.7439 18.35
      vertex 2.0935 -84.5509 15
      vertex 1.83338 -84.7439 15
    endloop
  endfacet
  facet normal -0.998796 0.0490599 0
    outer loop
      vertex 3.28411 -82.3235 15
      vertex 3.3 -82 18.35
      vertex 3.3 -82 15
    endloop
  endfacet
  facet normal -0.998796 0.0490599 0
    outer loop
      vertex 3.3 -82 18.35
      vertex 3.28411 -82.3235 15
      vertex 3.28411 -82.3235 18.35
    endloop
  endfacet
  facet normal 0.595862 -0.803087 0
    outer loop
      vertex -1.83338 -79.2561 15
      vertex -2.0935 -79.4491 19.9614
      vertex -2.0935 -79.4491 15
    endloop
  endfacet
  facet normal 0.595862 -0.803087 0
    outer loop
      vertex -2.0935 -79.4491 19.9614
      vertex -1.83338 -79.2561 15
      vertex -1.83338 -79.2561 20.0883
    endloop
  endfacet
  facet normal -0.595862 -0.803087 0
    outer loop
      vertex 1.83338 -79.2561 15
      vertex 2.0935 -79.4491 19.9614
      vertex 1.83338 -79.2561 20.0883
    endloop
  endfacet
  facet normal -0.595862 -0.803087 -0
    outer loop
      vertex 2.0935 -79.4491 19.9614
      vertex 1.83338 -79.2561 15
      vertex 2.0935 -79.4491 15
    endloop
  endfacet
  facet normal -0.941574 0.336806 0
    outer loop
      vertex 3.0488 -83.2629 15
      vertex 3.1579 -82.9579 18.35
      vertex 3.1579 -82.9579 15
    endloop
  endfacet
  facet normal -0.941574 0.336806 0
    outer loop
      vertex 3.1579 -82.9579 18.35
      vertex 3.0488 -83.2629 15
      vertex 3.0488 -83.2629 18.35
    endloop
  endfacet
  facet normal -0.243014 0.970023 0
    outer loop
      vertex 0.957939 -85.1579 15
      vertex 0.643798 -85.2366 18.35
      vertex 0.957939 -85.1579 18.35
    endloop
  endfacet
  facet normal -0.243014 0.970023 0
    outer loop
      vertex 0.643798 -85.2366 18.35
      vertex 0.957939 -85.1579 15
      vertex 0.643798 -85.2366 15
    endloop
  endfacet
  facet normal -0.989173 0.146755 0
    outer loop
      vertex 3.23659 -82.6438 15
      vertex 3.28411 -82.3235 18.35
      vertex 3.28411 -82.3235 15
    endloop
  endfacet
  facet normal -0.989173 0.146755 0
    outer loop
      vertex 3.28411 -82.3235 18.35
      vertex 3.23659 -82.6438 15
      vertex 3.23659 -82.6438 18.35
    endloop
  endfacet
  facet normal 0.857752 -0.514064 0
    outer loop
      vertex -2.91034 -80.4444 19.3066
      vertex -2.74385 -80.1666 15
      vertex -2.74385 -80.1666 19.4893
    endloop
  endfacet
  facet normal 0.857752 -0.514064 0
    outer loop
      vertex -2.74385 -80.1666 15
      vertex -2.91034 -80.4444 19.3066
      vertex -2.91034 -80.4444 15
    endloop
  endfacet
  facet normal 0.513901 -0.85785 0
    outer loop
      vertex -1.55561 -79.0897 15
      vertex -1.83338 -79.2561 20.0883
      vertex -1.83338 -79.2561 15
    endloop
  endfacet
  facet normal 0.513901 -0.85785 0
    outer loop
      vertex -1.83338 -79.2561 20.0883
      vertex -1.55561 -79.0897 15
      vertex -1.55561 -79.0897 20.1979
    endloop
  endfacet
  facet normal 0.998796 0.0490599 0
    outer loop
      vertex -3.28411 -82.3235 18.35
      vertex -3.3 -82 15
      vertex -3.3 -82 18.35
    endloop
  endfacet
  facet normal 0.998796 0.0490599 0
    outer loop
      vertex -3.3 -82 15
      vertex -3.28411 -82.3235 18.35
      vertex -3.28411 -82.3235 15
    endloop
  endfacet
  facet normal 0.941574 -0.336806 0
    outer loop
      vertex -3.1579 -81.0421 18.9134
      vertex -3.0488 -80.7371 15
      vertex -3.0488 -80.7371 19.114
    endloop
  endfacet
  facet normal 0.941574 -0.336806 0
    outer loop
      vertex -3.0488 -80.7371 15
      vertex -3.1579 -81.0421 18.9134
      vertex -3.1579 -81.0421 15
    endloop
  endfacet
  facet normal 0.857752 0.514064 0
    outer loop
      vertex -2.74385 -83.8334 18.35
      vertex -2.91034 -83.5556 15
      vertex -2.91034 -83.5556 18.35
    endloop
  endfacet
  facet normal 0.857752 0.514064 0
    outer loop
      vertex -2.91034 -83.5556 15
      vertex -2.74385 -83.8334 18.35
      vertex -2.74385 -83.8334 15
    endloop
  endfacet
  facet normal -0.0490973 -0.998794 0
    outer loop
      vertex 0 -78.7 15
      vertex 0.323456 -78.7159 20.4438
      vertex 0 -78.7 20.4542
    endloop
  endfacet
  facet normal -0.0490973 -0.998794 -0
    outer loop
      vertex 0.323456 -78.7159 20.4438
      vertex 0 -78.7 15
      vertex 0.323456 -78.7159 15
    endloop
  endfacet
  facet normal -0.970022 0.243015 0
    outer loop
      vertex 3.1579 -82.9579 15
      vertex 3.23659 -82.6438 18.35
      vertex 3.23659 -82.6438 15
    endloop
  endfacet
  facet normal -0.970022 0.243015 0
    outer loop
      vertex 3.23659 -82.6438 18.35
      vertex 3.1579 -82.9579 15
      vertex 3.1579 -82.9579 18.35
    endloop
  endfacet
  facet normal 0.970022 -0.243015 0
    outer loop
      vertex -3.23659 -81.3562 18.7067
      vertex -3.1579 -81.0421 15
      vertex -3.1579 -81.0421 18.9134
    endloop
  endfacet
  facet normal 0.970022 -0.243015 0
    outer loop
      vertex -3.1579 -81.0421 15
      vertex -3.23659 -81.3562 18.7067
      vertex -3.23659 -81.3562 15
    endloop
  endfacet
  facet normal 0.989173 0.146755 0
    outer loop
      vertex -3.23659 -82.6438 18.35
      vertex -3.28411 -82.3235 15
      vertex -3.28411 -82.3235 18.35
    endloop
  endfacet
  facet normal 0.989173 0.146755 0
    outer loop
      vertex -3.28411 -82.3235 15
      vertex -3.23659 -82.6438 18.35
      vertex -3.23659 -82.6438 15
    endloop
  endfacet
  facet normal -0.903962 0.427614 0
    outer loop
      vertex 2.91034 -83.5556 15
      vertex 3.0488 -83.2629 18.35
      vertex 3.0488 -83.2629 15
    endloop
  endfacet
  facet normal -0.903962 0.427614 0
    outer loop
      vertex 3.0488 -83.2629 18.35
      vertex 2.91034 -83.5556 15
      vertex 2.91034 -83.5556 18.35
    endloop
  endfacet
  facet normal 0.941574 0.336806 0
    outer loop
      vertex -3.0488 -83.2629 18.35
      vertex -3.1579 -82.9579 15
      vertex -3.1579 -82.9579 18.35
    endloop
  endfacet
  facet normal 0.941574 0.336806 0
    outer loop
      vertex -3.1579 -82.9579 15
      vertex -3.0488 -83.2629 18.35
      vertex -3.0488 -83.2629 15
    endloop
  endfacet
  facet normal -0.336893 0.941543 0
    outer loop
      vertex 1.26285 -85.0488 15
      vertex 0.957939 -85.1579 18.35
      vertex 1.26285 -85.0488 18.35
    endloop
  endfacet
  facet normal -0.336893 0.941543 0
    outer loop
      vertex 0.957939 -85.1579 18.35
      vertex 1.26285 -85.0488 15
      vertex 0.957939 -85.1579 15
    endloop
  endfacet
  facet normal 0.336893 -0.941543 0
    outer loop
      vertex -0.957939 -78.8421 15
      vertex -1.26285 -78.9512 20.2889
      vertex -1.26285 -78.9512 15
    endloop
  endfacet
  facet normal 0.336893 -0.941543 0
    outer loop
      vertex -1.26285 -78.9512 20.2889
      vertex -0.957939 -78.8421 15
      vertex -0.957939 -78.8421 20.3607
    endloop
  endfacet
  facet normal 0.243014 0.970023 -0
    outer loop
      vertex -0.643798 -85.2366 15
      vertex -0.957939 -85.1579 18.35
      vertex -0.643798 -85.2366 18.35
    endloop
  endfacet
  facet normal 0.243014 0.970023 0
    outer loop
      vertex -0.957939 -85.1579 18.35
      vertex -0.643798 -85.2366 15
      vertex -0.957939 -85.1579 15
    endloop
  endfacet
  facet normal -0.146675 0.989185 0
    outer loop
      vertex 0.643798 -85.2366 15
      vertex 0.323456 -85.2841 18.35
      vertex 0.643798 -85.2366 18.35
    endloop
  endfacet
  facet normal -0.146675 0.989185 0
    outer loop
      vertex 0.323456 -85.2841 18.35
      vertex 0.643798 -85.2366 15
      vertex 0.323456 -85.2841 15
    endloop
  endfacet
  facet normal -0.803183 -0.595733 -0
    outer loop
      vertex 2.74385 -80.1666 19.4893
      vertex 2.55093 -79.9065 15
      vertex 2.74385 -80.1666 15
    endloop
  endfacet
  facet normal -0.803183 -0.595733 0
    outer loop
      vertex 2.55093 -79.9065 15
      vertex 2.74385 -80.1666 19.4893
      vertex 2.55093 -79.9065 19.6605
    endloop
  endfacet
  facet normal 0.803183 0.595733 0
    outer loop
      vertex -2.55093 -84.0935 18.35
      vertex -2.74385 -83.8334 15
      vertex -2.74385 -83.8334 18.35
    endloop
  endfacet
  facet normal 0.803183 0.595733 0
    outer loop
      vertex -2.74385 -83.8334 15
      vertex -2.55093 -84.0935 18.35
      vertex -2.55093 -84.0935 15
    endloop
  endfacet
  facet normal 0.741018 -0.671486 0
    outer loop
      vertex -2.55093 -79.9065 19.6605
      vertex -2.33345 -79.6665 15
      vertex -2.33345 -79.6665 19.8183
    endloop
  endfacet
  facet normal 0.741018 -0.671486 0
    outer loop
      vertex -2.33345 -79.6665 15
      vertex -2.55093 -79.9065 19.6605
      vertex -2.55093 -79.9065 15
    endloop
  endfacet
  facet normal 0.146675 0.989185 -0
    outer loop
      vertex -0.323456 -85.2841 15
      vertex -0.643798 -85.2366 18.35
      vertex -0.323456 -85.2841 18.35
    endloop
  endfacet
  facet normal 0.146675 0.989185 0
    outer loop
      vertex -0.643798 -85.2366 18.35
      vertex -0.323456 -85.2841 15
      vertex -0.643798 -85.2366 15
    endloop
  endfacet
  facet normal -0.903962 -0.427614 -0
    outer loop
      vertex 3.0488 -80.7371 19.114
      vertex 2.91034 -80.4444 15
      vertex 3.0488 -80.7371 15
    endloop
  endfacet
  facet normal -0.903962 -0.427614 0
    outer loop
      vertex 2.91034 -80.4444 15
      vertex 3.0488 -80.7371 19.114
      vertex 2.91034 -80.4444 19.3066
    endloop
  endfacet
  facet normal -0.857752 0.514064 0
    outer loop
      vertex 2.74385 -83.8334 15
      vertex 2.91034 -83.5556 18.35
      vertex 2.91034 -83.5556 15
    endloop
  endfacet
  facet normal -0.857752 0.514064 0
    outer loop
      vertex 2.91034 -83.5556 18.35
      vertex 2.74385 -83.8334 15
      vertex 2.74385 -83.8334 18.35
    endloop
  endfacet
  facet normal -0.146675 -0.989185 0
    outer loop
      vertex 0.323456 -78.7159 15
      vertex 0.643798 -78.7634 20.4125
      vertex 0.323456 -78.7159 20.4438
    endloop
  endfacet
  facet normal -0.146675 -0.989185 -0
    outer loop
      vertex 0.643798 -78.7634 20.4125
      vertex 0.323456 -78.7159 15
      vertex 0.643798 -78.7634 15
    endloop
  endfacet
  facet normal -0.336893 -0.941543 0
    outer loop
      vertex 0.957939 -78.8421 15
      vertex 1.26285 -78.9512 20.2889
      vertex 0.957939 -78.8421 20.3607
    endloop
  endfacet
  facet normal -0.336893 -0.941543 -0
    outer loop
      vertex 1.26285 -78.9512 20.2889
      vertex 0.957939 -78.8421 15
      vertex 1.26285 -78.9512 15
    endloop
  endfacet
  facet normal 0.427643 -0.903948 0
    outer loop
      vertex -1.26285 -78.9512 15
      vertex -1.55561 -79.0897 20.1979
      vertex -1.55561 -79.0897 15
    endloop
  endfacet
  facet normal 0.427643 -0.903948 0
    outer loop
      vertex -1.55561 -79.0897 20.1979
      vertex -1.26285 -78.9512 15
      vertex -1.26285 -78.9512 20.2889
    endloop
  endfacet
  facet normal 0.336893 0.941543 -0
    outer loop
      vertex -0.957939 -85.1579 15
      vertex -1.26285 -85.0488 18.35
      vertex -0.957939 -85.1579 18.35
    endloop
  endfacet
  facet normal 0.336893 0.941543 0
    outer loop
      vertex -1.26285 -85.0488 18.35
      vertex -0.957939 -85.1579 15
      vertex -1.26285 -85.0488 15
    endloop
  endfacet
  facet normal -0.857752 -0.514064 -0
    outer loop
      vertex 2.91034 -80.4444 19.3066
      vertex 2.74385 -80.1666 15
      vertex 2.91034 -80.4444 15
    endloop
  endfacet
  facet normal -0.857752 -0.514064 0
    outer loop
      vertex 2.74385 -80.1666 15
      vertex 2.91034 -80.4444 19.3066
      vertex 2.74385 -80.1666 19.4893
    endloop
  endfacet
  facet normal 0.903962 0.427614 0
    outer loop
      vertex -2.91034 -83.5556 18.35
      vertex -3.0488 -83.2629 15
      vertex -3.0488 -83.2629 18.35
    endloop
  endfacet
  facet normal 0.903962 0.427614 0
    outer loop
      vertex -3.0488 -83.2629 15
      vertex -2.91034 -83.5556 18.35
      vertex -2.91034 -83.5556 15
    endloop
  endfacet
  facet normal 0.243014 -0.970023 0
    outer loop
      vertex -0.643798 -78.7634 15
      vertex -0.957939 -78.8421 20.3607
      vertex -0.957939 -78.8421 15
    endloop
  endfacet
  facet normal 0.243014 -0.970023 0
    outer loop
      vertex -0.957939 -78.8421 20.3607
      vertex -0.643798 -78.7634 15
      vertex -0.643798 -78.7634 20.4125
    endloop
  endfacet
  facet normal 0.903962 -0.427614 0
    outer loop
      vertex -3.0488 -80.7371 19.114
      vertex -2.91034 -80.4444 15
      vertex -2.91034 -80.4444 19.3066
    endloop
  endfacet
  facet normal 0.903962 -0.427614 0
    outer loop
      vertex -2.91034 -80.4444 15
      vertex -3.0488 -80.7371 19.114
      vertex -3.0488 -80.7371 15
    endloop
  endfacet
  facet normal -0.741018 -0.671486 -0
    outer loop
      vertex 2.55093 -79.9065 19.6605
      vertex 2.33345 -79.6665 15
      vertex 2.55093 -79.9065 15
    endloop
  endfacet
  facet normal -0.741018 -0.671486 0
    outer loop
      vertex 2.33345 -79.6665 15
      vertex 2.55093 -79.9065 19.6605
      vertex 2.33345 -79.6665 19.8183
    endloop
  endfacet
  facet normal 0.989173 -0.146755 0
    outer loop
      vertex -3.28411 -81.6765 18.496
      vertex -3.23659 -81.3562 15
      vertex -3.23659 -81.3562 18.7067
    endloop
  endfacet
  facet normal 0.989173 -0.146755 0
    outer loop
      vertex -3.23659 -81.3562 15
      vertex -3.28411 -81.6765 18.496
      vertex -3.28411 -81.6765 15
    endloop
  endfacet
  facet normal 0.803183 -0.595733 0
    outer loop
      vertex -2.74385 -80.1666 19.4893
      vertex -2.55093 -79.9065 15
      vertex -2.55093 -79.9065 19.6605
    endloop
  endfacet
  facet normal 0.803183 -0.595733 0
    outer loop
      vertex -2.55093 -79.9065 15
      vertex -2.74385 -80.1666 19.4893
      vertex -2.74385 -80.1666 15
    endloop
  endfacet
  facet normal -0.243014 -0.970023 0
    outer loop
      vertex 0.643798 -78.7634 15
      vertex 0.957939 -78.8421 20.3607
      vertex 0.643798 -78.7634 20.4125
    endloop
  endfacet
  facet normal -0.243014 -0.970023 -0
    outer loop
      vertex 0.957939 -78.8421 20.3607
      vertex 0.643798 -78.7634 15
      vertex 0.957939 -78.8421 15
    endloop
  endfacet
  facet normal -0.671427 0.741071 0
    outer loop
      vertex 2.33345 -84.3335 15
      vertex 2.0935 -84.5509 18.35
      vertex 2.33345 -84.3335 18.35
    endloop
  endfacet
  facet normal -0.671427 0.741071 0
    outer loop
      vertex 2.0935 -84.5509 18.35
      vertex 2.33345 -84.3335 15
      vertex 2.0935 -84.5509 15
    endloop
  endfacet
  facet normal 0.513901 0.85785 -0
    outer loop
      vertex -1.55561 -84.9103 15
      vertex -1.83338 -84.7439 18.35
      vertex -1.55561 -84.9103 18.35
    endloop
  endfacet
  facet normal 0.513901 0.85785 0
    outer loop
      vertex -1.83338 -84.7439 18.35
      vertex -1.55561 -84.9103 15
      vertex -1.83338 -84.7439 15
    endloop
  endfacet
  facet normal 0.0490973 0.998794 -0
    outer loop
      vertex 0 -85.3 15
      vertex -0.323456 -85.2841 18.35
      vertex 0 -85.3 18.35
    endloop
  endfacet
  facet normal 0.0490973 0.998794 0
    outer loop
      vertex -0.323456 -85.2841 18.35
      vertex 0 -85.3 15
      vertex -0.323456 -85.2841 15
    endloop
  endfacet
  facet normal 0.998796 -0.0490621 0
    outer loop
      vertex -3.29501 -81.8984 18.35
      vertex -3.28411 -81.6765 15
      vertex -3.28411 -81.6765 18.496
    endloop
  endfacet
  facet normal 0.998796 -0.049055 0
    outer loop
      vertex -3.3 -82 15
      vertex -3.29501 -81.8984 18.35
      vertex -3.3 -82 18.35
    endloop
  endfacet
  facet normal 0.998796 -0.0490599 1.4654e-07
    outer loop
      vertex -3.29501 -81.8984 18.35
      vertex -3.3 -82 15
      vertex -3.28411 -81.6765 15
    endloop
  endfacet
  facet normal 0.595862 0.803087 -0
    outer loop
      vertex -1.83338 -84.7439 15
      vertex -2.0935 -84.5509 18.35
      vertex -1.83338 -84.7439 18.35
    endloop
  endfacet
  facet normal 0.595862 0.803087 0
    outer loop
      vertex -2.0935 -84.5509 18.35
      vertex -1.83338 -84.7439 15
      vertex -2.0935 -84.5509 15
    endloop
  endfacet
  facet normal 0 0 1
    outer loop
      vertex 1.7 -82 15
      vertex 3.3 -82 15
      vertex 3.28411 -81.6765 15
    endloop
  endfacet
  facet normal 0 0 1
    outer loop
      vertex 1.69181 -81.8334 15
      vertex 3.28411 -81.6765 15
      vertex 3.23659 -81.3562 15
    endloop
  endfacet
  facet normal 0 0 1
    outer loop
      vertex 3.3 -82 15
      vertex 1.7 -82 15
      vertex 3.28411 -82.3235 15
    endloop
  endfacet
  facet normal 0 0 1
    outer loop
      vertex 1.66733 -81.6684 15
      vertex 3.23659 -81.3562 15
      vertex 3.1579 -81.0421 15
    endloop
  endfacet
  facet normal -0 0 1
    outer loop
      vertex 1.69181 -82.1666 15
      vertex 3.28411 -82.3235 15
      vertex 1.7 -82 15
    endloop
  endfacet
  facet normal 0 0 1
    outer loop
      vertex 1.6268 -81.5065 15
      vertex 3.1579 -81.0421 15
      vertex 3.0488 -80.7371 15
    endloop
  endfacet
  facet normal 0 0 1
    outer loop
      vertex 3.28411 -82.3235 15
      vertex 1.69181 -82.1666 15
      vertex 3.23659 -82.6438 15
    endloop
  endfacet
  facet normal 0 0 1
    outer loop
      vertex 1.57059 -81.3494 15
      vertex 3.0488 -80.7371 15
      vertex 2.91034 -80.4444 15
    endloop
  endfacet
  facet normal -0 0 1
    outer loop
      vertex 1.66733 -82.3316 15
      vertex 3.23659 -82.6438 15
      vertex 1.69181 -82.1666 15
    endloop
  endfacet
  facet normal 0 0 1
    outer loop
      vertex 1.49927 -81.1986 15
      vertex 2.91034 -80.4444 15
      vertex 2.74385 -80.1666 15
    endloop
  endfacet
  facet normal 0 0 1
    outer loop
      vertex 3.23659 -82.6438 15
      vertex 1.66733 -82.3316 15
      vertex 3.1579 -82.9579 15
    endloop
  endfacet
  facet normal 0 0 1
    outer loop
      vertex 1.4135 -81.0555 15
      vertex 2.74385 -80.1666 15
      vertex 2.55093 -79.9065 15
    endloop
  endfacet
  facet normal -0 0 1
    outer loop
      vertex 1.6268 -82.4935 15
      vertex 3.1579 -82.9579 15
      vertex 1.66733 -82.3316 15
    endloop
  endfacet
  facet normal 0 0 1
    outer loop
      vertex 1.31412 -80.9215 15
      vertex 2.55093 -79.9065 15
      vertex 2.33345 -79.6665 15
    endloop
  endfacet
  facet normal 0 0 1
    outer loop
      vertex 3.1579 -82.9579 15
      vertex 1.6268 -82.4935 15
      vertex 3.0488 -83.2629 15
    endloop
  endfacet
  facet normal 0 0 1
    outer loop
      vertex 1.20208 -80.7979 15
      vertex 2.33345 -79.6665 15
      vertex 2.0935 -79.4491 15
    endloop
  endfacet
  facet normal -0 0 1
    outer loop
      vertex 1.57059 -82.6506 15
      vertex 3.0488 -83.2629 15
      vertex 1.6268 -82.4935 15
    endloop
  endfacet
  facet normal 0 0 1
    outer loop
      vertex 1.07847 -80.6859 15
      vertex 2.0935 -79.4491 15
      vertex 1.83338 -79.2561 15
    endloop
  endfacet
  facet normal 0 0 1
    outer loop
      vertex 3.0488 -83.2629 15
      vertex 1.57059 -82.6506 15
      vertex 2.91034 -83.5556 15
    endloop
  endfacet
  facet normal -0 0 1
    outer loop
      vertex 1.49927 -82.8014 15
      vertex 2.91034 -83.5556 15
      vertex 1.57059 -82.6506 15
    endloop
  endfacet
  facet normal 0 0 1
    outer loop
      vertex 3.28411 -81.6765 15
      vertex 1.69181 -81.8334 15
      vertex 1.7 -82 15
    endloop
  endfacet
  facet normal 0 0 1
    outer loop
      vertex 3.23659 -81.3562 15
      vertex 1.66733 -81.6684 15
      vertex 1.69181 -81.8334 15
    endloop
  endfacet
  facet normal 0 0 1
    outer loop
      vertex 3.1579 -81.0421 15
      vertex 1.6268 -81.5065 15
      vertex 1.66733 -81.6684 15
    endloop
  endfacet
  facet normal 0 0 1
    outer loop
      vertex 3.0488 -80.7371 15
      vertex 1.57059 -81.3494 15
      vertex 1.6268 -81.5065 15
    endloop
  endfacet
  facet normal 0 0 1
    outer loop
      vertex 0.944468 -80.5865 15
      vertex 1.83338 -79.2561 15
      vertex 1.55561 -79.0897 15
    endloop
  endfacet
  facet normal 0 0 1
    outer loop
      vertex 2.91034 -80.4444 15
      vertex 1.49927 -81.1986 15
      vertex 1.57059 -81.3494 15
    endloop
  endfacet
  facet normal 0 0 1
    outer loop
      vertex 2.74385 -80.1666 15
      vertex 1.4135 -81.0555 15
      vertex 1.49927 -81.1986 15
    endloop
  endfacet
  facet normal 0 0 1
    outer loop
      vertex 2.55093 -79.9065 15
      vertex 1.31412 -80.9215 15
      vertex 1.4135 -81.0555 15
    endloop
  endfacet
  facet normal 0 0 1
    outer loop
      vertex 0.801374 -80.5007 15
      vertex 1.55561 -79.0897 15
      vertex 1.26285 -78.9512 15
    endloop
  endfacet
  facet normal 0 0 1
    outer loop
      vertex 2.33345 -79.6665 15
      vertex 1.20208 -80.7979 15
      vertex 1.31412 -80.9215 15
    endloop
  endfacet
  facet normal 0 0 1
    outer loop
      vertex 2.0935 -79.4491 15
      vertex 1.07847 -80.6859 15
      vertex 1.20208 -80.7979 15
    endloop
  endfacet
  facet normal 0 0 1
    outer loop
      vertex 0.650561 -80.4294 15
      vertex 1.26285 -78.9512 15
      vertex 0.957939 -78.8421 15
    endloop
  endfacet
  facet normal 0 0 1
    outer loop
      vertex 1.83338 -79.2561 15
      vertex 0.944468 -80.5865 15
      vertex 1.07847 -80.6859 15
    endloop
  endfacet
  facet normal 0 0 1
    outer loop
      vertex 1.55561 -79.0897 15
      vertex 0.801374 -80.5007 15
      vertex 0.944468 -80.5865 15
    endloop
  endfacet
  facet normal 0 0 1
    outer loop
      vertex 1.26285 -78.9512 15
      vertex 0.650561 -80.4294 15
      vertex 0.801374 -80.5007 15
    endloop
  endfacet
  facet normal 0 0 1
    outer loop
      vertex 0.493484 -80.3732 15
      vertex 0.957939 -78.8421 15
      vertex 0.643798 -78.7634 15
    endloop
  endfacet
  facet normal 0 0 1
    outer loop
      vertex 0.957939 -78.8421 15
      vertex 0.493484 -80.3732 15
      vertex 0.650561 -80.4294 15
    endloop
  endfacet
  facet normal 0 0 1
    outer loop
      vertex 0.643798 -78.7634 15
      vertex 0.331653 -80.3327 15
      vertex 0.493484 -80.3732 15
    endloop
  endfacet
  facet normal 0 0 1
    outer loop
      vertex 0.323456 -78.7159 15
      vertex 0.331653 -80.3327 15
      vertex 0.643798 -78.7634 15
    endloop
  endfacet
  facet normal 0 0 1
    outer loop
      vertex 0.323456 -78.7159 15
      vertex 0.166629 -80.3082 15
      vertex 0.331653 -80.3327 15
    endloop
  endfacet
  facet normal 0 0 1
    outer loop
      vertex 0 -78.7 15
      vertex 0.166629 -80.3082 15
      vertex 0.323456 -78.7159 15
    endloop
  endfacet
  facet normal 0 0 1
    outer loop
      vertex 0 -78.7 15
      vertex 0 -80.3 15
      vertex 0.166629 -80.3082 15
    endloop
  endfacet
  facet normal 0 0 1
    outer loop
      vertex 0 -78.7 15
      vertex -0.166629 -80.3082 15
      vertex 0 -80.3 15
    endloop
  endfacet
  facet normal -0 0 1
    outer loop
      vertex -0.323456 -78.7159 15
      vertex -0.166629 -80.3082 15
      vertex 0 -78.7 15
    endloop
  endfacet
  facet normal 0 0 1
    outer loop
      vertex -0.323456 -78.7159 15
      vertex -0.331653 -80.3327 15
      vertex -0.166629 -80.3082 15
    endloop
  endfacet
  facet normal -0 0 1
    outer loop
      vertex -0.643798 -78.7634 15
      vertex -0.331653 -80.3327 15
      vertex -0.323456 -78.7159 15
    endloop
  endfacet
  facet normal 0 0 1
    outer loop
      vertex -0.331653 -80.3327 15
      vertex -0.643798 -78.7634 15
      vertex -0.493484 -80.3732 15
    endloop
  endfacet
  facet normal -0 0 1
    outer loop
      vertex -0.957939 -78.8421 15
      vertex -0.493484 -80.3732 15
      vertex -0.643798 -78.7634 15
    endloop
  endfacet
  facet normal 0 0 1
    outer loop
      vertex -0.493484 -80.3732 15
      vertex -0.957939 -78.8421 15
      vertex -0.650561 -80.4294 15
    endloop
  endfacet
  facet normal -0 0 1
    outer loop
      vertex -1.26285 -78.9512 15
      vertex -0.650561 -80.4294 15
      vertex -0.957939 -78.8421 15
    endloop
  endfacet
  facet normal 0 0 1
    outer loop
      vertex -0.650561 -80.4294 15
      vertex -1.26285 -78.9512 15
      vertex -0.801374 -80.5007 15
    endloop
  endfacet
  facet normal -0 0 1
    outer loop
      vertex -1.55561 -79.0897 15
      vertex -0.801374 -80.5007 15
      vertex -1.26285 -78.9512 15
    endloop
  endfacet
  facet normal 0 0 1
    outer loop
      vertex -0.801374 -80.5007 15
      vertex -1.55561 -79.0897 15
      vertex -0.944468 -80.5865 15
    endloop
  endfacet
  facet normal -0 0 1
    outer loop
      vertex -1.83338 -79.2561 15
      vertex -0.944468 -80.5865 15
      vertex -1.55561 -79.0897 15
    endloop
  endfacet
  facet normal 0 0 1
    outer loop
      vertex -0.944468 -80.5865 15
      vertex -1.83338 -79.2561 15
      vertex -1.07847 -80.6859 15
    endloop
  endfacet
  facet normal -0 0 1
    outer loop
      vertex -2.0935 -79.4491 15
      vertex -1.07847 -80.6859 15
      vertex -1.83338 -79.2561 15
    endloop
  endfacet
  facet normal 0 0 1
    outer loop
      vertex -1.07847 -80.6859 15
      vertex -2.0935 -79.4491 15
      vertex -1.20208 -80.7979 15
    endloop
  endfacet
  facet normal -0 0 1
    outer loop
      vertex -2.33345 -79.6665 15
      vertex -1.20208 -80.7979 15
      vertex -2.0935 -79.4491 15
    endloop
  endfacet
  facet normal 0 0 1
    outer loop
      vertex -1.20208 -80.7979 15
      vertex -2.33345 -79.6665 15
      vertex -1.31412 -80.9215 15
    endloop
  endfacet
  facet normal -0 0 1
    outer loop
      vertex -2.55093 -79.9065 15
      vertex -1.31412 -80.9215 15
      vertex -2.33345 -79.6665 15
    endloop
  endfacet
  facet normal 0 0 1
    outer loop
      vertex -1.31412 -80.9215 15
      vertex -2.55093 -79.9065 15
      vertex -1.4135 -81.0555 15
    endloop
  endfacet
  facet normal -0 0 1
    outer loop
      vertex -2.74385 -80.1666 15
      vertex -1.4135 -81.0555 15
      vertex -2.55093 -79.9065 15
    endloop
  endfacet
  facet normal -0 0 1
    outer loop
      vertex -2.91034 -80.4444 15
      vertex -1.49927 -81.1986 15
      vertex -2.74385 -80.1666 15
    endloop
  endfacet
  facet normal 0 0 1
    outer loop
      vertex -1.4135 -81.0555 15
      vertex -2.74385 -80.1666 15
      vertex -1.49927 -81.1986 15
    endloop
  endfacet
  facet normal 0 0 1
    outer loop
      vertex 2.91034 -83.5556 15
      vertex 1.49927 -82.8014 15
      vertex 2.74385 -83.8334 15
    endloop
  endfacet
  facet normal -0 0 1
    outer loop
      vertex 1.4135 -82.9445 15
      vertex 2.74385 -83.8334 15
      vertex 1.49927 -82.8014 15
    endloop
  endfacet
  facet normal 0 0 1
    outer loop
      vertex 2.74385 -83.8334 15
      vertex 1.4135 -82.9445 15
      vertex 2.55093 -84.0935 15
    endloop
  endfacet
  facet normal -0 0 1
    outer loop
      vertex 1.31412 -83.0785 15
      vertex 2.55093 -84.0935 15
      vertex 1.4135 -82.9445 15
    endloop
  endfacet
  facet normal 0 0 1
    outer loop
      vertex 2.55093 -84.0935 15
      vertex 1.31412 -83.0785 15
      vertex 2.33345 -84.3335 15
    endloop
  endfacet
  facet normal -0 0 1
    outer loop
      vertex 1.20208 -83.2021 15
      vertex 2.33345 -84.3335 15
      vertex 1.31412 -83.0785 15
    endloop
  endfacet
  facet normal 0 0 1
    outer loop
      vertex 2.33345 -84.3335 15
      vertex 1.20208 -83.2021 15
      vertex 2.0935 -84.5509 15
    endloop
  endfacet
  facet normal -0 0 1
    outer loop
      vertex 1.07847 -83.3141 15
      vertex 2.0935 -84.5509 15
      vertex 1.20208 -83.2021 15
    endloop
  endfacet
  facet normal 0 0 1
    outer loop
      vertex 2.0935 -84.5509 15
      vertex 1.07847 -83.3141 15
      vertex 1.83338 -84.7439 15
    endloop
  endfacet
  facet normal -0 0 1
    outer loop
      vertex 0.944468 -83.4135 15
      vertex 1.83338 -84.7439 15
      vertex 1.07847 -83.3141 15
    endloop
  endfacet
  facet normal 0 0 1
    outer loop
      vertex 1.83338 -84.7439 15
      vertex 0.944468 -83.4135 15
      vertex 1.55561 -84.9103 15
    endloop
  endfacet
  facet normal -0 0 1
    outer loop
      vertex 0.801374 -83.4993 15
      vertex 1.55561 -84.9103 15
      vertex 0.944468 -83.4135 15
    endloop
  endfacet
  facet normal 0 0 1
    outer loop
      vertex 1.55561 -84.9103 15
      vertex 0.801374 -83.4993 15
      vertex 1.26285 -85.0488 15
    endloop
  endfacet
  facet normal -0 0 1
    outer loop
      vertex 0.650561 -83.5706 15
      vertex 1.26285 -85.0488 15
      vertex 0.801374 -83.4993 15
    endloop
  endfacet
  facet normal 0 0 1
    outer loop
      vertex 1.26285 -85.0488 15
      vertex 0.650561 -83.5706 15
      vertex 0.957939 -85.1579 15
    endloop
  endfacet
  facet normal -0 0 1
    outer loop
      vertex 0.493484 -83.6268 15
      vertex 0.957939 -85.1579 15
      vertex 0.650561 -83.5706 15
    endloop
  endfacet
  facet normal 0 0 1
    outer loop
      vertex 0.957939 -85.1579 15
      vertex 0.493484 -83.6268 15
      vertex 0.643798 -85.2366 15
    endloop
  endfacet
  facet normal -0 0 1
    outer loop
      vertex 0.331653 -83.6673 15
      vertex 0.643798 -85.2366 15
      vertex 0.493484 -83.6268 15
    endloop
  endfacet
  facet normal 0 0 1
    outer loop
      vertex 0.331653 -83.6673 15
      vertex 0.323456 -85.2841 15
      vertex 0.643798 -85.2366 15
    endloop
  endfacet
  facet normal -0 0 1
    outer loop
      vertex 0.166629 -83.6918 15
      vertex 0.323456 -85.2841 15
      vertex 0.331653 -83.6673 15
    endloop
  endfacet
  facet normal -0 0 1
    outer loop
      vertex 0 -83.7 15
      vertex 0.323456 -85.2841 15
      vertex 0.166629 -83.6918 15
    endloop
  endfacet
  facet normal 0 0 1
    outer loop
      vertex 0 -83.7 15
      vertex 0 -85.3 15
      vertex 0.323456 -85.2841 15
    endloop
  endfacet
  facet normal 0 0 1
    outer loop
      vertex -0.166629 -83.6918 15
      vertex 0 -85.3 15
      vertex 0 -83.7 15
    endloop
  endfacet
  facet normal 0 0 1
    outer loop
      vertex -0.166629 -83.6918 15
      vertex -0.323456 -85.2841 15
      vertex 0 -85.3 15
    endloop
  endfacet
  facet normal 0 0 1
    outer loop
      vertex -0.331653 -83.6673 15
      vertex -0.323456 -85.2841 15
      vertex -0.166629 -83.6918 15
    endloop
  endfacet
  facet normal 0 0 1
    outer loop
      vertex -0.643798 -85.2366 15
      vertex -0.331653 -83.6673 15
      vertex -0.493484 -83.6268 15
    endloop
  endfacet
  facet normal 0 0 1
    outer loop
      vertex -0.331653 -83.6673 15
      vertex -0.643798 -85.2366 15
      vertex -0.323456 -85.2841 15
    endloop
  endfacet
  facet normal 0 0 1
    outer loop
      vertex -0.957939 -85.1579 15
      vertex -0.493484 -83.6268 15
      vertex -0.650561 -83.5706 15
    endloop
  endfacet
  facet normal 0 0 1
    outer loop
      vertex -1.26285 -85.0488 15
      vertex -0.650561 -83.5706 15
      vertex -0.801374 -83.4993 15
    endloop
  endfacet
  facet normal 0 0 1
    outer loop
      vertex -1.55561 -84.9103 15
      vertex -0.801374 -83.4993 15
      vertex -0.944468 -83.4135 15
    endloop
  endfacet
  facet normal 0 0 1
    outer loop
      vertex -0.493484 -83.6268 15
      vertex -0.957939 -85.1579 15
      vertex -0.643798 -85.2366 15
    endloop
  endfacet
  facet normal 0 0 1
    outer loop
      vertex -1.83338 -84.7439 15
      vertex -0.944468 -83.4135 15
      vertex -1.07847 -83.3141 15
    endloop
  endfacet
  facet normal 0 0 1
    outer loop
      vertex -2.0935 -84.5509 15
      vertex -1.07847 -83.3141 15
      vertex -1.20208 -83.2021 15
    endloop
  endfacet
  facet normal 0 0 1
    outer loop
      vertex -0.650561 -83.5706 15
      vertex -1.26285 -85.0488 15
      vertex -0.957939 -85.1579 15
    endloop
  endfacet
  facet normal 0 0 1
    outer loop
      vertex -2.33345 -84.3335 15
      vertex -1.20208 -83.2021 15
      vertex -1.31412 -83.0785 15
    endloop
  endfacet
  facet normal 0 0 1
    outer loop
      vertex -2.55093 -84.0935 15
      vertex -1.31412 -83.0785 15
      vertex -1.4135 -82.9445 15
    endloop
  endfacet
  facet normal 0 0 1
    outer loop
      vertex -2.74385 -83.8334 15
      vertex -1.4135 -82.9445 15
      vertex -1.49927 -82.8014 15
    endloop
  endfacet
  facet normal 0 0 1
    outer loop
      vertex -0.801374 -83.4993 15
      vertex -1.55561 -84.9103 15
      vertex -1.26285 -85.0488 15
    endloop
  endfacet
  facet normal 0 0 1
    outer loop
      vertex -2.91034 -83.5556 15
      vertex -1.49927 -82.8014 15
      vertex -1.57059 -82.6506 15
    endloop
  endfacet
  facet normal 0 0 1
    outer loop
      vertex -3.0488 -83.2629 15
      vertex -1.57059 -82.6506 15
      vertex -1.6268 -82.4935 15
    endloop
  endfacet
  facet normal 0 0 1
    outer loop
      vertex -3.1579 -82.9579 15
      vertex -1.6268 -82.4935 15
      vertex -1.66733 -82.3316 15
    endloop
  endfacet
  facet normal 0 0 1
    outer loop
      vertex -3.23659 -82.6438 15
      vertex -1.66733 -82.3316 15
      vertex -1.69181 -82.1666 15
    endloop
  endfacet
  facet normal 0 0 1
    outer loop
      vertex -0.944468 -83.4135 15
      vertex -1.83338 -84.7439 15
      vertex -1.55561 -84.9103 15
    endloop
  endfacet
  facet normal 0 0 1
    outer loop
      vertex -3.28411 -82.3235 15
      vertex -1.69181 -82.1666 15
      vertex -1.7 -82 15
    endloop
  endfacet
  facet normal 0 0 1
    outer loop
      vertex -1.49927 -81.1986 15
      vertex -2.91034 -80.4444 15
      vertex -1.57059 -81.3494 15
    endloop
  endfacet
  facet normal -0 0 1
    outer loop
      vertex -3.0488 -80.7371 15
      vertex -1.57059 -81.3494 15
      vertex -2.91034 -80.4444 15
    endloop
  endfacet
  facet normal 0 0 1
    outer loop
      vertex -1.07847 -83.3141 15
      vertex -2.0935 -84.5509 15
      vertex -1.83338 -84.7439 15
    endloop
  endfacet
  facet normal 0 0 1
    outer loop
      vertex -1.57059 -81.3494 15
      vertex -3.0488 -80.7371 15
      vertex -1.6268 -81.5065 15
    endloop
  endfacet
  facet normal 0 0 1
    outer loop
      vertex -1.20208 -83.2021 15
      vertex -2.33345 -84.3335 15
      vertex -2.0935 -84.5509 15
    endloop
  endfacet
  facet normal -0 0 1
    outer loop
      vertex -3.1579 -81.0421 15
      vertex -1.6268 -81.5065 15
      vertex -3.0488 -80.7371 15
    endloop
  endfacet
  facet normal 0 0 1
    outer loop
      vertex -1.31412 -83.0785 15
      vertex -2.55093 -84.0935 15
      vertex -2.33345 -84.3335 15
    endloop
  endfacet
  facet normal 0 0 1
    outer loop
      vertex -1.6268 -81.5065 15
      vertex -3.1579 -81.0421 15
      vertex -1.66733 -81.6684 15
    endloop
  endfacet
  facet normal 0 0 1
    outer loop
      vertex -1.4135 -82.9445 15
      vertex -2.74385 -83.8334 15
      vertex -2.55093 -84.0935 15
    endloop
  endfacet
  facet normal -0 0 1
    outer loop
      vertex -3.23659 -81.3562 15
      vertex -1.66733 -81.6684 15
      vertex -3.1579 -81.0421 15
    endloop
  endfacet
  facet normal 0 0 1
    outer loop
      vertex -1.49927 -82.8014 15
      vertex -2.91034 -83.5556 15
      vertex -2.74385 -83.8334 15
    endloop
  endfacet
  facet normal 0 0 1
    outer loop
      vertex -1.66733 -81.6684 15
      vertex -3.23659 -81.3562 15
      vertex -1.69181 -81.8334 15
    endloop
  endfacet
  facet normal 0 0 1
    outer loop
      vertex -1.57059 -82.6506 15
      vertex -3.0488 -83.2629 15
      vertex -2.91034 -83.5556 15
    endloop
  endfacet
  facet normal -0 0 1
    outer loop
      vertex -3.28411 -81.6765 15
      vertex -1.69181 -81.8334 15
      vertex -3.23659 -81.3562 15
    endloop
  endfacet
  facet normal 0 0 1
    outer loop
      vertex -1.6268 -82.4935 15
      vertex -3.1579 -82.9579 15
      vertex -3.0488 -83.2629 15
    endloop
  endfacet
  facet normal 0 0 1
    outer loop
      vertex -1.69181 -81.8334 15
      vertex -3.28411 -81.6765 15
      vertex -1.7 -82 15
    endloop
  endfacet
  facet normal 0 0 1
    outer loop
      vertex -1.66733 -82.3316 15
      vertex -3.23659 -82.6438 15
      vertex -3.1579 -82.9579 15
    endloop
  endfacet
  facet normal 0 0 1
    outer loop
      vertex -3.3 -82 15
      vertex -1.7 -82 15
      vertex -3.28411 -81.6765 15
    endloop
  endfacet
  facet normal 0 0 1
    outer loop
      vertex -1.69181 -82.1666 15
      vertex -3.28411 -82.3235 15
      vertex -3.23659 -82.6438 15
    endloop
  endfacet
  facet normal 0 0 1
    outer loop
      vertex -1.7 -82 15
      vertex -3.3 -82 15
      vertex -3.28411 -82.3235 15
    endloop
  endfacet
  facet normal 0.427643 0.903948 -0
    outer loop
      vertex -1.26285 -85.0488 15
      vertex -1.55561 -84.9103 18.35
      vertex -1.26285 -85.0488 18.35
    endloop
  endfacet
  facet normal 0.427643 0.903948 0
    outer loop
      vertex -1.55561 -84.9103 18.35
      vertex -1.26285 -85.0488 15
      vertex -1.55561 -84.9103 15
    endloop
  endfacet
  facet normal -0.803218 0.595685 0
    outer loop
      vertex 4.86997 -85.9967 -3.8147e-07
      vertex 5.23826 -85.5001 3.35
      vertex 5.23826 -85.5001 -3.8147e-07
    endloop
  endfacet
  facet normal -0.803218 0.595685 0
    outer loop
      vertex 5.23826 -85.5001 3.35
      vertex 4.86997 -85.9967 -3.8147e-07
      vertex 4.86997 -85.9967 3.35
    endloop
  endfacet
  facet normal -0.857735 0.514091 0
    outer loop
      vertex 5.23826 -85.5001 -3.8147e-07
      vertex 5.5561 -84.9698 3.35
      vertex 5.5561 -84.9698 -3.8147e-07
    endloop
  endfacet
  facet normal -0.857735 0.514091 0
    outer loop
      vertex 5.5561 -84.9698 3.35
      vertex 5.23826 -85.5001 -3.8147e-07
      vertex 5.23826 -85.5001 3.35
    endloop
  endfacet
  facet normal 0.857735 0.514091 0
    outer loop
      vertex -5.23826 -85.5001 3.35
      vertex -5.5561 -84.9698 -3.8147e-07
      vertex -5.5561 -84.9698 3.35
    endloop
  endfacet
  facet normal 0.857735 0.514091 0
    outer loop
      vertex -5.5561 -84.9698 -3.8147e-07
      vertex -5.23826 -85.5001 3.35
      vertex -5.23826 -85.5001 -3.8147e-07
    endloop
  endfacet
  facet normal -0.903954 0.42763 0
    outer loop
      vertex 5.5561 -84.9698 -3.8147e-07
      vertex 5.58912 -84.9 3.35
      vertex 5.58912 -84.9 -3.8147e-07
    endloop
  endfacet
  facet normal -0.903954 0.42763 0
    outer loop
      vertex 5.58912 -84.9 3.35
      vertex 5.5561 -84.9698 -3.8147e-07
      vertex 5.5561 -84.9698 3.35
    endloop
  endfacet
  facet normal 0.671527 0.74098 -0
    outer loop
      vertex -4.18421 -86.7 -3.8147e-07
      vertex -4.45477 -86.4548 3.35
      vertex -4.18421 -86.7 3.35
    endloop
  endfacet
  facet normal 0.671527 0.74098 0
    outer loop
      vertex -4.45477 -86.4548 3.35
      vertex -4.18421 -86.7 -3.8147e-07
      vertex -4.45477 -86.4548 -3.8147e-07
    endloop
  endfacet
  facet normal 0.803218 0.595685 0
    outer loop
      vertex -4.86997 -85.9967 3.35
      vertex -5.23826 -85.5001 -3.8147e-07
      vertex -5.23826 -85.5001 3.35
    endloop
  endfacet
  facet normal 0.803218 0.595685 0
    outer loop
      vertex -5.23826 -85.5001 -3.8147e-07
      vertex -4.86997 -85.9967 3.35
      vertex -4.86997 -85.9967 -3.8147e-07
    endloop
  endfacet
  facet normal 0.740949 0.671561 0
    outer loop
      vertex -4.45477 -86.4548 3.35
      vertex -4.86997 -85.9967 -3.8147e-07
      vertex -4.86997 -85.9967 3.35
    endloop
  endfacet
  facet normal 0.740949 0.671561 0
    outer loop
      vertex -4.86997 -85.9967 -3.8147e-07
      vertex -4.45477 -86.4548 3.35
      vertex -4.45477 -86.4548 -3.8147e-07
    endloop
  endfacet
  facet normal 0.903954 0.42763 0
    outer loop
      vertex -5.5561 -84.9698 3.35
      vertex -5.58912 -84.9 -3.8147e-07
      vertex -5.58912 -84.9 3.35
    endloop
  endfacet
  facet normal 0.903954 0.42763 0
    outer loop
      vertex -5.58912 -84.9 -3.8147e-07
      vertex -5.5561 -84.9698 3.35
      vertex -5.5561 -84.9698 -3.8147e-07
    endloop
  endfacet
  facet normal -0.740949 0.671561 0
    outer loop
      vertex 4.45477 -86.4548 -3.8147e-07
      vertex 4.86997 -85.9967 3.35
      vertex 4.86997 -85.9967 -3.8147e-07
    endloop
  endfacet
  facet normal -0.740949 0.671561 0
    outer loop
      vertex 4.86997 -85.9967 3.35
      vertex 4.45477 -86.4548 -3.8147e-07
      vertex 4.45477 -86.4548 3.35
    endloop
  endfacet
  facet normal -0.671527 0.74098 0
    outer loop
      vertex 4.45477 -86.4548 -3.8147e-07
      vertex 4.18421 -86.7 3.35
      vertex 4.45477 -86.4548 3.35
    endloop
  endfacet
  facet normal -0.671527 0.74098 0
    outer loop
      vertex 4.18421 -86.7 3.35
      vertex 4.45477 -86.4548 -3.8147e-07
      vertex 4.18421 -86.7 -3.8147e-07
    endloop
  endfacet
  facet normal -0.671448 0.741051 0
    outer loop
      vertex 1.20208 80.7979 3.35
      vertex 1.07847 80.6859 15
      vertex 1.20208 80.7979 15
    endloop
  endfacet
  facet normal -0.671448 0.741051 0
    outer loop
      vertex 1.07847 80.6859 15
      vertex 1.20208 80.7979 3.35
      vertex 1.07847 80.6859 3.35
    endloop
  endfacet
  facet normal -0.989173 -0.146757 0
    outer loop
      vertex 1.69181 82.1666 3.35
      vertex 1.66733 82.3316 15
      vertex 1.66733 82.3316 3.35
    endloop
  endfacet
  facet normal -0.989173 -0.146757 0
    outer loop
      vertex 1.66733 82.3316 15
      vertex 1.69181 82.1666 3.35
      vertex 1.69181 82.1666 15
    endloop
  endfacet
  facet normal -0.998794 -0.0491004 0
    outer loop
      vertex 1.7 82 3.35
      vertex 1.69181 82.1666 15
      vertex 1.69181 82.1666 3.35
    endloop
  endfacet
  facet normal -0.998794 -0.0491004 0
    outer loop
      vertex 1.69181 82.1666 15
      vertex 1.7 82 3.35
      vertex 1.7 82 15
    endloop
  endfacet
  facet normal -0.970065 -0.242846 0
    outer loop
      vertex 1.66733 82.3316 3.35
      vertex 1.6268 82.4935 15
      vertex 1.6268 82.4935 3.35
    endloop
  endfacet
  facet normal -0.970065 -0.242846 0
    outer loop
      vertex 1.6268 82.4935 15
      vertex 1.66733 82.3316 3.35
      vertex 1.66733 82.3316 15
    endloop
  endfacet
  facet normal -0.427412 0.904057 0
    outer loop
      vertex 0.801374 80.5007 3.35
      vertex 0.650561 80.4294 15
      vertex 0.801374 80.5007 15
    endloop
  endfacet
  facet normal -0.427412 0.904057 0
    outer loop
      vertex 0.650561 80.4294 15
      vertex 0.801374 80.5007 3.35
      vertex 0.650561 80.4294 3.35
    endloop
  endfacet
  facet normal 0.0491516 -0.998791 0
    outer loop
      vertex -0.166629 83.6918 3.35
      vertex 0 83.7 15
      vertex -0.166629 83.6918 15
    endloop
  endfacet
  facet normal 0.0491516 -0.998791 0
    outer loop
      vertex 0 83.7 15
      vertex -0.166629 83.6918 3.35
      vertex 0 83.7 3.35
    endloop
  endfacet
  facet normal 0.427412 -0.904057 0
    outer loop
      vertex -0.801374 83.4993 3.35
      vertex -0.650561 83.5706 15
      vertex -0.801374 83.4993 15
    endloop
  endfacet
  facet normal 0.427412 -0.904057 0
    outer loop
      vertex -0.650561 83.5706 15
      vertex -0.801374 83.4993 3.35
      vertex -0.650561 83.5706 3.35
    endloop
  endfacet
  facet normal -0.740905 -0.67161 0
    outer loop
      vertex 1.31412 83.0785 3.35
      vertex 1.20208 83.2021 15
      vertex 1.20208 83.2021 3.35
    endloop
  endfacet
  facet normal -0.740905 -0.67161 0
    outer loop
      vertex 1.20208 83.2021 15
      vertex 1.31412 83.0785 3.35
      vertex 1.31412 83.0785 15
    endloop
  endfacet
  facet normal 0.146854 0.989158 -0
    outer loop
      vertex -0.166629 80.3082 3.35
      vertex -0.331653 80.3327 15
      vertex -0.166629 80.3082 15
    endloop
  endfacet
  facet normal 0.146854 0.989158 0
    outer loop
      vertex -0.331653 80.3327 15
      vertex -0.166629 80.3082 3.35
      vertex -0.331653 80.3327 3.35
    endloop
  endfacet
  facet normal -0.427412 -0.904057 0
    outer loop
      vertex 0.650561 83.5706 3.35
      vertex 0.801374 83.4993 15
      vertex 0.650561 83.5706 15
    endloop
  endfacet
  facet normal -0.427412 -0.904057 -0
    outer loop
      vertex 0.801374 83.4993 15
      vertex 0.650561 83.5706 3.35
      vertex 0.801374 83.4993 3.35
    endloop
  endfacet
  facet normal 0.146854 -0.989158 0
    outer loop
      vertex -0.331653 83.6673 3.35
      vertex -0.166629 83.6918 15
      vertex -0.331653 83.6673 15
    endloop
  endfacet
  facet normal 0.146854 -0.989158 0
    outer loop
      vertex -0.166629 83.6918 15
      vertex -0.331653 83.6673 3.35
      vertex -0.166629 83.6918 3.35
    endloop
  endfacet
  facet normal -0.242774 0.970083 0
    outer loop
      vertex 0.493484 80.3732 3.35
      vertex 0.331653 80.3327 15
      vertex 0.493484 80.3732 15
    endloop
  endfacet
  facet normal -0.242774 0.970083 0
    outer loop
      vertex 0.331653 80.3327 15
      vertex 0.493484 80.3732 3.35
      vertex 0.331653 80.3327 3.35
    endloop
  endfacet
  facet normal 0.595766 -0.803158 0
    outer loop
      vertex -1.07847 83.3141 3.35
      vertex -0.944468 83.4135 15
      vertex -1.07847 83.3141 15
    endloop
  endfacet
  facet normal 0.595766 -0.803158 0
    outer loop
      vertex -0.944468 83.4135 15
      vertex -1.07847 83.3141 3.35
      vertex -0.944468 83.4135 3.35
    endloop
  endfacet
  facet normal 0.903996 -0.42754 0
    outer loop
      vertex -1.57059 82.6506 15
      vertex -1.49927 82.8014 3.35
      vertex -1.49927 82.8014 15
    endloop
  endfacet
  facet normal 0.903996 -0.42754 0
    outer loop
      vertex -1.49927 82.8014 3.35
      vertex -1.57059 82.6506 15
      vertex -1.57059 82.6506 3.35
    endloop
  endfacet
  facet normal 0.427412 0.904057 -0
    outer loop
      vertex -0.650561 80.4294 3.35
      vertex -0.801374 80.5007 15
      vertex -0.650561 80.4294 15
    endloop
  endfacet
  facet normal 0.427412 0.904057 0
    outer loop
      vertex -0.801374 80.5007 15
      vertex -0.650561 80.4294 3.35
      vertex -0.801374 80.5007 3.35
    endloop
  endfacet
  facet normal -0.336874 0.94155 0
    outer loop
      vertex 0.650561 80.4294 3.35
      vertex 0.493484 80.3732 15
      vertex 0.650561 80.4294 15
    endloop
  endfacet
  facet normal -0.336874 0.94155 0
    outer loop
      vertex 0.493484 80.3732 15
      vertex 0.650561 80.4294 3.35
      vertex 0.493484 80.3732 3.35
    endloop
  endfacet
  facet normal 0.595766 0.803158 -0
    outer loop
      vertex -0.944468 80.5865 3.35
      vertex -1.07847 80.6859 15
      vertex -0.944468 80.5865 15
    endloop
  endfacet
  facet normal 0.595766 0.803158 0
    outer loop
      vertex -1.07847 80.6859 15
      vertex -0.944468 80.5865 3.35
      vertex -1.07847 80.6859 3.35
    endloop
  endfacet
  facet normal 0.903996 0.42754 0
    outer loop
      vertex -1.49927 81.1986 15
      vertex -1.57059 81.3494 3.35
      vertex -1.57059 81.3494 15
    endloop
  endfacet
  facet normal 0.903996 0.42754 0
    outer loop
      vertex -1.57059 81.3494 3.35
      vertex -1.49927 81.1986 15
      vertex -1.49927 81.1986 3.35
    endloop
  endfacet
  facet normal -0.514247 -0.857642 0
    outer loop
      vertex 0.801374 83.4993 3.35
      vertex 0.944468 83.4135 15
      vertex 0.801374 83.4993 15
    endloop
  endfacet
  facet normal -0.514247 -0.857642 -0
    outer loop
      vertex 0.944468 83.4135 15
      vertex 0.801374 83.4993 3.35
      vertex 0.944468 83.4135 3.35
    endloop
  endfacet
  facet normal -0.595766 0.803158 0
    outer loop
      vertex 1.07847 80.6859 3.35
      vertex 0.944468 80.5865 15
      vertex 1.07847 80.6859 15
    endloop
  endfacet
  facet normal -0.595766 0.803158 0
    outer loop
      vertex 0.944468 80.5865 15
      vertex 1.07847 80.6859 3.35
      vertex 0.944468 80.5865 3.35
    endloop
  endfacet
  facet normal 0.998794 0.0491004 0
    outer loop
      vertex -1.69181 81.8334 15
      vertex -1.7 82 3.35
      vertex -1.7 82 15
    endloop
  endfacet
  facet normal 0.998794 0.0491004 0
    outer loop
      vertex -1.7 82 3.35
      vertex -1.69181 81.8334 15
      vertex -1.69181 81.8334 3.35
    endloop
  endfacet
  facet normal -0.595766 -0.803158 0
    outer loop
      vertex 0.944468 83.4135 3.35
      vertex 1.07847 83.3141 15
      vertex 0.944468 83.4135 15
    endloop
  endfacet
  facet normal -0.595766 -0.803158 -0
    outer loop
      vertex 1.07847 83.3141 15
      vertex 0.944468 83.4135 3.35
      vertex 1.07847 83.3141 3.35
    endloop
  endfacet
  facet normal -0.970065 0.242846 0
    outer loop
      vertex 1.6268 81.5065 3.35
      vertex 1.66733 81.6684 15
      vertex 1.66733 81.6684 3.35
    endloop
  endfacet
  facet normal -0.970065 0.242846 0
    outer loop
      vertex 1.66733 81.6684 15
      vertex 1.6268 81.5065 3.35
      vertex 1.6268 81.5065 15
    endloop
  endfacet
  facet normal 0.514247 -0.857642 0
    outer loop
      vertex -0.944468 83.4135 3.35
      vertex -0.801374 83.4993 15
      vertex -0.944468 83.4135 15
    endloop
  endfacet
  facet normal 0.514247 -0.857642 0
    outer loop
      vertex -0.801374 83.4993 15
      vertex -0.944468 83.4135 3.35
      vertex -0.801374 83.4993 3.35
    endloop
  endfacet
  facet normal 0.941546 0.336883 0
    outer loop
      vertex -1.57059 81.3494 15
      vertex -1.6268 81.5065 3.35
      vertex -1.6268 81.5065 15
    endloop
  endfacet
  facet normal 0.941546 0.336883 0
    outer loop
      vertex -1.6268 81.5065 3.35
      vertex -1.57059 81.3494 15
      vertex -1.57059 81.3494 3.35
    endloop
  endfacet
  facet normal -0.242774 -0.970083 0
    outer loop
      vertex 0.331653 83.6673 3.35
      vertex 0.493484 83.6268 15
      vertex 0.331653 83.6673 15
    endloop
  endfacet
  facet normal -0.242774 -0.970083 -0
    outer loop
      vertex 0.493484 83.6268 15
      vertex 0.331653 83.6673 3.35
      vertex 0.493484 83.6268 3.35
    endloop
  endfacet
  facet normal 0.740905 -0.67161 0
    outer loop
      vertex -1.31412 83.0785 15
      vertex -1.20208 83.2021 3.35
      vertex -1.20208 83.2021 15
    endloop
  endfacet
  facet normal 0.740905 -0.67161 0
    outer loop
      vertex -1.20208 83.2021 3.35
      vertex -1.31412 83.0785 15
      vertex -1.31412 83.0785 3.35
    endloop
  endfacet
  facet normal -0.0491516 0.998791 0
    outer loop
      vertex 0.166629 80.3082 3.35
      vertex 0 80.3 15
      vertex 0.166629 80.3082 15
    endloop
  endfacet
  facet normal -0.0491516 0.998791 0
    outer loop
      vertex 0 80.3 15
      vertex 0.166629 80.3082 3.35
      vertex 0 80.3 3.35
    endloop
  endfacet
  facet normal -0.803211 -0.595695 0
    outer loop
      vertex 1.4135 82.9445 3.35
      vertex 1.31412 83.0785 15
      vertex 1.31412 83.0785 3.35
    endloop
  endfacet
  facet normal -0.803211 -0.595695 0
    outer loop
      vertex 1.31412 83.0785 15
      vertex 1.4135 82.9445 3.35
      vertex 1.4135 82.9445 15
    endloop
  endfacet
  facet normal 0.970065 0.242846 0
    outer loop
      vertex -1.6268 81.5065 15
      vertex -1.66733 81.6684 3.35
      vertex -1.66733 81.6684 15
    endloop
  endfacet
  facet normal 0.970065 0.242846 0
    outer loop
      vertex -1.66733 81.6684 3.35
      vertex -1.6268 81.5065 15
      vertex -1.6268 81.5065 3.35
    endloop
  endfacet
  facet normal -0.989173 0.146757 0
    outer loop
      vertex 1.66733 81.6684 3.35
      vertex 1.69181 81.8334 15
      vertex 1.69181 81.8334 3.35
    endloop
  endfacet
  facet normal -0.989173 0.146757 0
    outer loop
      vertex 1.69181 81.8334 15
      vertex 1.66733 81.6684 3.35
      vertex 1.66733 81.6684 15
    endloop
  endfacet
  facet normal -0.514247 0.857642 0
    outer loop
      vertex 0.944468 80.5865 3.35
      vertex 0.801374 80.5007 15
      vertex 0.944468 80.5865 15
    endloop
  endfacet
  facet normal -0.514247 0.857642 0
    outer loop
      vertex 0.801374 80.5007 15
      vertex 0.944468 80.5865 3.35
      vertex 0.801374 80.5007 3.35
    endloop
  endfacet
  facet normal 0.941546 -0.336883 0
    outer loop
      vertex -1.6268 82.4935 15
      vertex -1.57059 82.6506 3.35
      vertex -1.57059 82.6506 15
    endloop
  endfacet
  facet normal 0.941546 -0.336883 0
    outer loop
      vertex -1.57059 82.6506 3.35
      vertex -1.6268 82.4935 15
      vertex -1.6268 82.4935 3.35
    endloop
  endfacet
  facet normal -0.671448 -0.741051 0
    outer loop
      vertex 1.07847 83.3141 3.35
      vertex 1.20208 83.2021 15
      vertex 1.07847 83.3141 15
    endloop
  endfacet
  facet normal -0.671448 -0.741051 -0
    outer loop
      vertex 1.20208 83.2021 15
      vertex 1.07847 83.3141 3.35
      vertex 1.20208 83.2021 3.35
    endloop
  endfacet
  facet normal 0.989173 -0.146757 0
    outer loop
      vertex -1.69181 82.1666 15
      vertex -1.66733 82.3316 3.35
      vertex -1.66733 82.3316 15
    endloop
  endfacet
  facet normal 0.989173 -0.146757 0
    outer loop
      vertex -1.66733 82.3316 3.35
      vertex -1.69181 82.1666 15
      vertex -1.69181 82.1666 3.35
    endloop
  endfacet
  facet normal -0.903996 0.42754 0
    outer loop
      vertex 1.49927 81.1986 3.35
      vertex 1.57059 81.3494 15
      vertex 1.57059 81.3494 3.35
    endloop
  endfacet
  facet normal -0.903996 0.42754 0
    outer loop
      vertex 1.57059 81.3494 15
      vertex 1.49927 81.1986 3.35
      vertex 1.49927 81.1986 15
    endloop
  endfacet
  facet normal -0.998794 0.0491004 0
    outer loop
      vertex 1.69181 81.8334 3.35
      vertex 1.7 82 15
      vertex 1.7 82 3.35
    endloop
  endfacet
  facet normal -0.998794 0.0491004 0
    outer loop
      vertex 1.7 82 15
      vertex 1.69181 81.8334 3.35
      vertex 1.69181 81.8334 15
    endloop
  endfacet
  facet normal -0.146854 0.989158 0
    outer loop
      vertex 0.331653 80.3327 3.35
      vertex 0.166629 80.3082 15
      vertex 0.331653 80.3327 15
    endloop
  endfacet
  facet normal -0.146854 0.989158 0
    outer loop
      vertex 0.166629 80.3082 15
      vertex 0.331653 80.3327 3.35
      vertex 0.166629 80.3082 3.35
    endloop
  endfacet
  facet normal -0.941546 -0.336883 0
    outer loop
      vertex 1.6268 82.4935 3.35
      vertex 1.57059 82.6506 15
      vertex 1.57059 82.6506 3.35
    endloop
  endfacet
  facet normal -0.941546 -0.336883 0
    outer loop
      vertex 1.57059 82.6506 15
      vertex 1.6268 82.4935 3.35
      vertex 1.6268 82.4935 15
    endloop
  endfacet
  facet normal -0.803211 0.595695 0
    outer loop
      vertex 1.31412 80.9215 3.35
      vertex 1.4135 81.0555 15
      vertex 1.4135 81.0555 3.35
    endloop
  endfacet
  facet normal -0.803211 0.595695 0
    outer loop
      vertex 1.4135 81.0555 15
      vertex 1.31412 80.9215 3.35
      vertex 1.31412 80.9215 15
    endloop
  endfacet
  facet normal -0.857731 0.514099 0
    outer loop
      vertex 1.4135 81.0555 3.35
      vertex 1.49927 81.1986 15
      vertex 1.49927 81.1986 3.35
    endloop
  endfacet
  facet normal -0.857731 0.514099 0
    outer loop
      vertex 1.49927 81.1986 15
      vertex 1.4135 81.0555 3.35
      vertex 1.4135 81.0555 15
    endloop
  endfacet
  facet normal 0.242774 -0.970083 0
    outer loop
      vertex -0.493484 83.6268 3.35
      vertex -0.331653 83.6673 15
      vertex -0.493484 83.6268 15
    endloop
  endfacet
  facet normal 0.242774 -0.970083 0
    outer loop
      vertex -0.331653 83.6673 15
      vertex -0.493484 83.6268 3.35
      vertex -0.331653 83.6673 3.35
    endloop
  endfacet
  facet normal -0.941546 0.336883 0
    outer loop
      vertex 1.57059 81.3494 3.35
      vertex 1.6268 81.5065 15
      vertex 1.6268 81.5065 3.35
    endloop
  endfacet
  facet normal -0.941546 0.336883 0
    outer loop
      vertex 1.6268 81.5065 15
      vertex 1.57059 81.3494 3.35
      vertex 1.57059 81.3494 15
    endloop
  endfacet
  facet normal -0.0491516 -0.998791 0
    outer loop
      vertex 0 83.7 3.35
      vertex 0.166629 83.6918 15
      vertex 0 83.7 15
    endloop
  endfacet
  facet normal -0.0491516 -0.998791 -0
    outer loop
      vertex 0.166629 83.6918 15
      vertex 0 83.7 3.35
      vertex 0.166629 83.6918 3.35
    endloop
  endfacet
  facet normal -0.903996 -0.42754 0
    outer loop
      vertex 1.57059 82.6506 3.35
      vertex 1.49927 82.8014 15
      vertex 1.49927 82.8014 3.35
    endloop
  endfacet
  facet normal -0.903996 -0.42754 0
    outer loop
      vertex 1.49927 82.8014 15
      vertex 1.57059 82.6506 3.35
      vertex 1.57059 82.6506 15
    endloop
  endfacet
  facet normal -0.146854 -0.989158 0
    outer loop
      vertex 0.166629 83.6918 3.35
      vertex 0.331653 83.6673 15
      vertex 0.166629 83.6918 15
    endloop
  endfacet
  facet normal -0.146854 -0.989158 -0
    outer loop
      vertex 0.331653 83.6673 15
      vertex 0.166629 83.6918 3.35
      vertex 0.331653 83.6673 3.35
    endloop
  endfacet
  facet normal 0.242774 0.970083 -0
    outer loop
      vertex -0.331653 80.3327 3.35
      vertex -0.493484 80.3732 15
      vertex -0.331653 80.3327 15
    endloop
  endfacet
  facet normal 0.242774 0.970083 0
    outer loop
      vertex -0.493484 80.3732 15
      vertex -0.331653 80.3327 3.35
      vertex -0.493484 80.3732 3.35
    endloop
  endfacet
  facet normal 0.857731 0.514099 0
    outer loop
      vertex -1.4135 81.0555 15
      vertex -1.49927 81.1986 3.35
      vertex -1.49927 81.1986 15
    endloop
  endfacet
  facet normal 0.857731 0.514099 0
    outer loop
      vertex -1.49927 81.1986 3.35
      vertex -1.4135 81.0555 15
      vertex -1.4135 81.0555 3.35
    endloop
  endfacet
  facet normal -0.857731 -0.514099 0
    outer loop
      vertex 1.49927 82.8014 3.35
      vertex 1.4135 82.9445 15
      vertex 1.4135 82.9445 3.35
    endloop
  endfacet
  facet normal -0.857731 -0.514099 0
    outer loop
      vertex 1.4135 82.9445 15
      vertex 1.49927 82.8014 3.35
      vertex 1.49927 82.8014 15
    endloop
  endfacet
  facet normal 0.336874 -0.94155 0
    outer loop
      vertex -0.650561 83.5706 3.35
      vertex -0.493484 83.6268 15
      vertex -0.650561 83.5706 15
    endloop
  endfacet
  facet normal 0.336874 -0.94155 0
    outer loop
      vertex -0.493484 83.6268 15
      vertex -0.650561 83.5706 3.35
      vertex -0.493484 83.6268 3.35
    endloop
  endfacet
  facet normal 0.740905 0.67161 0
    outer loop
      vertex -1.20208 80.7979 15
      vertex -1.31412 80.9215 3.35
      vertex -1.31412 80.9215 15
    endloop
  endfacet
  facet normal 0.740905 0.67161 0
    outer loop
      vertex -1.31412 80.9215 3.35
      vertex -1.20208 80.7979 15
      vertex -1.20208 80.7979 3.35
    endloop
  endfacet
  facet normal 0.671448 -0.741051 0
    outer loop
      vertex -1.20208 83.2021 3.35
      vertex -1.07847 83.3141 15
      vertex -1.20208 83.2021 15
    endloop
  endfacet
  facet normal 0.671448 -0.741051 0
    outer loop
      vertex -1.07847 83.3141 15
      vertex -1.20208 83.2021 3.35
      vertex -1.07847 83.3141 3.35
    endloop
  endfacet
  facet normal -0.336874 -0.94155 0
    outer loop
      vertex 0.493484 83.6268 3.35
      vertex 0.650561 83.5706 15
      vertex 0.493484 83.6268 15
    endloop
  endfacet
  facet normal -0.336874 -0.94155 -0
    outer loop
      vertex 0.650561 83.5706 15
      vertex 0.493484 83.6268 3.35
      vertex 0.650561 83.5706 3.35
    endloop
  endfacet
  facet normal 0.514247 0.857642 -0
    outer loop
      vertex -0.801374 80.5007 3.35
      vertex -0.944468 80.5865 15
      vertex -0.801374 80.5007 15
    endloop
  endfacet
  facet normal 0.514247 0.857642 0
    outer loop
      vertex -0.944468 80.5865 15
      vertex -0.801374 80.5007 3.35
      vertex -0.944468 80.5865 3.35
    endloop
  endfacet
  facet normal 0.970065 -0.242846 0
    outer loop
      vertex -1.66733 82.3316 15
      vertex -1.6268 82.4935 3.35
      vertex -1.6268 82.4935 15
    endloop
  endfacet
  facet normal 0.970065 -0.242846 0
    outer loop
      vertex -1.6268 82.4935 3.35
      vertex -1.66733 82.3316 15
      vertex -1.66733 82.3316 3.35
    endloop
  endfacet
  facet normal 0.803211 0.595695 0
    outer loop
      vertex -1.31412 80.9215 15
      vertex -1.4135 81.0555 3.35
      vertex -1.4135 81.0555 15
    endloop
  endfacet
  facet normal 0.803211 0.595695 0
    outer loop
      vertex -1.4135 81.0555 3.35
      vertex -1.31412 80.9215 15
      vertex -1.31412 80.9215 3.35
    endloop
  endfacet
  facet normal 0.989173 0.146757 0
    outer loop
      vertex -1.66733 81.6684 15
      vertex -1.69181 81.8334 3.35
      vertex -1.69181 81.8334 15
    endloop
  endfacet
  facet normal 0.989173 0.146757 0
    outer loop
      vertex -1.69181 81.8334 3.35
      vertex -1.66733 81.6684 15
      vertex -1.66733 81.6684 3.35
    endloop
  endfacet
  facet normal 0.671448 0.741051 -0
    outer loop
      vertex -1.07847 80.6859 3.35
      vertex -1.20208 80.7979 15
      vertex -1.07847 80.6859 15
    endloop
  endfacet
  facet normal 0.671448 0.741051 0
    outer loop
      vertex -1.20208 80.7979 15
      vertex -1.07847 80.6859 3.35
      vertex -1.20208 80.7979 3.35
    endloop
  endfacet
  facet normal 0.803211 -0.595695 0
    outer loop
      vertex -1.4135 82.9445 15
      vertex -1.31412 83.0785 3.35
      vertex -1.31412 83.0785 15
    endloop
  endfacet
  facet normal 0.803211 -0.595695 0
    outer loop
      vertex -1.31412 83.0785 3.35
      vertex -1.4135 82.9445 15
      vertex -1.4135 82.9445 3.35
    endloop
  endfacet
  facet normal 0.857731 -0.514099 0
    outer loop
      vertex -1.49927 82.8014 15
      vertex -1.4135 82.9445 3.35
      vertex -1.4135 82.9445 15
    endloop
  endfacet
  facet normal 0.857731 -0.514099 0
    outer loop
      vertex -1.4135 82.9445 3.35
      vertex -1.49927 82.8014 15
      vertex -1.49927 82.8014 3.35
    endloop
  endfacet
  facet normal 0.0491516 0.998791 -0
    outer loop
      vertex 0 80.3 3.35
      vertex -0.166629 80.3082 15
      vertex 0 80.3 15
    endloop
  endfacet
  facet normal 0.0491516 0.998791 0
    outer loop
      vertex -0.166629 80.3082 15
      vertex 0 80.3 3.35
      vertex -0.166629 80.3082 3.35
    endloop
  endfacet
  facet normal 0.998794 -0.0491004 0
    outer loop
      vertex -1.7 82 15
      vertex -1.69181 82.1666 3.35
      vertex -1.69181 82.1666 15
    endloop
  endfacet
  facet normal 0.998794 -0.0491004 0
    outer loop
      vertex -1.69181 82.1666 3.35
      vertex -1.7 82 15
      vertex -1.7 82 3.35
    endloop
  endfacet
  facet normal 0.336874 0.94155 -0
    outer loop
      vertex -0.493484 80.3732 3.35
      vertex -0.650561 80.4294 15
      vertex -0.493484 80.3732 15
    endloop
  endfacet
  facet normal 0.336874 0.94155 0
    outer loop
      vertex -0.650561 80.4294 15
      vertex -0.493484 80.3732 3.35
      vertex -0.650561 80.4294 3.35
    endloop
  endfacet
  facet normal -0.740905 0.67161 0
    outer loop
      vertex 1.20208 80.7979 3.35
      vertex 1.31412 80.9215 15
      vertex 1.31412 80.9215 3.35
    endloop
  endfacet
  facet normal -0.740905 0.67161 0
    outer loop
      vertex 1.31412 80.9215 15
      vertex 1.20208 80.7979 3.35
      vertex 1.20208 80.7979 15
    endloop
  endfacet
  facet normal -0.989173 -0.146755 0
    outer loop
      vertex 3.28411 82.3235 15
      vertex 3.23659 82.6438 18.35
      vertex 3.23659 82.6438 15
    endloop
  endfacet
  facet normal -0.989173 -0.146755 0
    outer loop
      vertex 3.23659 82.6438 18.35
      vertex 3.28411 82.3235 15
      vertex 3.28411 82.3235 18.35
    endloop
  endfacet
  facet normal -0.998796 -0.0490599 0
    outer loop
      vertex 3.3 82 15
      vertex 3.28411 82.3235 18.35
      vertex 3.28411 82.3235 15
    endloop
  endfacet
  facet normal -0.998796 -0.0490599 0
    outer loop
      vertex 3.28411 82.3235 18.35
      vertex 3.3 82 15
      vertex 3.3 82 18.35
    endloop
  endfacet
  facet normal -0.970022 -0.243015 0
    outer loop
      vertex 3.23659 82.6438 15
      vertex 3.1579 82.9579 18.35
      vertex 3.1579 82.9579 15
    endloop
  endfacet
  facet normal -0.970022 -0.243015 0
    outer loop
      vertex 3.1579 82.9579 18.35
      vertex 3.23659 82.6438 15
      vertex 3.23659 82.6438 18.35
    endloop
  endfacet
  facet normal 0.970022 0.243015 -0
    outer loop
      vertex -3.1579 81.0421 15
      vertex -3.23659 81.3562 18.7067
      vertex -3.1579 81.0421 18.9134
    endloop
  endfacet
  facet normal 0.970022 0.243015 0
    outer loop
      vertex -3.23659 81.3562 18.7067
      vertex -3.1579 81.0421 15
      vertex -3.23659 81.3562 15
    endloop
  endfacet
  facet normal -0.513901 0.85785 0
    outer loop
      vertex 1.55561 79.0897 15
      vertex 1.83338 79.2561 20.0883
      vertex 1.83338 79.2561 15
    endloop
  endfacet
  facet normal -0.513901 0.85785 0
    outer loop
      vertex 1.83338 79.2561 20.0883
      vertex 1.55561 79.0897 15
      vertex 1.55561 79.0897 20.1979
    endloop
  endfacet
  facet normal -0.741018 0.671486 0
    outer loop
      vertex 2.33345 79.6665 15
      vertex 2.55093 79.9065 19.6605
      vertex 2.55093 79.9065 15
    endloop
  endfacet
  facet normal -0.741018 0.671486 0
    outer loop
      vertex 2.55093 79.9065 19.6605
      vertex 2.33345 79.6665 15
      vertex 2.33345 79.6665 19.8183
    endloop
  endfacet
  facet normal -0.803183 0.595733 0
    outer loop
      vertex 2.55093 79.9065 15
      vertex 2.74385 80.1666 19.4893
      vertex 2.74385 80.1666 15
    endloop
  endfacet
  facet normal -0.803183 0.595733 0
    outer loop
      vertex 2.74385 80.1666 19.4893
      vertex 2.55093 79.9065 15
      vertex 2.55093 79.9065 19.6605
    endloop
  endfacet
  facet normal -0.671427 -0.741071 0
    outer loop
      vertex 2.0935 84.5509 15
      vertex 2.33345 84.3335 18.35
      vertex 2.0935 84.5509 18.35
    endloop
  endfacet
  facet normal -0.671427 -0.741071 -0
    outer loop
      vertex 2.33345 84.3335 18.35
      vertex 2.0935 84.5509 15
      vertex 2.33345 84.3335 15
    endloop
  endfacet
  facet normal -0.513901 -0.85785 0
    outer loop
      vertex 1.55561 84.9103 15
      vertex 1.83338 84.7439 18.35
      vertex 1.55561 84.9103 18.35
    endloop
  endfacet
  facet normal -0.513901 -0.85785 -0
    outer loop
      vertex 1.83338 84.7439 18.35
      vertex 1.55561 84.9103 15
      vertex 1.83338 84.7439 15
    endloop
  endfacet
  facet normal 0.741018 0.671486 -0
    outer loop
      vertex -2.33345 79.6665 15
      vertex -2.55093 79.9065 19.6605
      vertex -2.33345 79.6665 19.8183
    endloop
  endfacet
  facet normal 0.741018 0.671486 0
    outer loop
      vertex -2.55093 79.9065 19.6605
      vertex -2.33345 79.6665 15
      vertex -2.55093 79.9065 15
    endloop
  endfacet
  facet normal 0.146675 -0.989185 0
    outer loop
      vertex -0.643798 85.2366 15
      vertex -0.323456 85.2841 18.35
      vertex -0.643798 85.2366 18.35
    endloop
  endfacet
  facet normal 0.146675 -0.989185 0
    outer loop
      vertex -0.323456 85.2841 18.35
      vertex -0.643798 85.2366 15
      vertex -0.323456 85.2841 15
    endloop
  endfacet
  facet normal 0.671427 0.741071 -0
    outer loop
      vertex -2.0935 79.4491 15
      vertex -2.33345 79.6665 19.8183
      vertex -2.0935 79.4491 19.9614
    endloop
  endfacet
  facet normal 0.671427 0.741071 0
    outer loop
      vertex -2.33345 79.6665 19.8183
      vertex -2.0935 79.4491 15
      vertex -2.33345 79.6665 15
    endloop
  endfacet
  facet normal -0.941574 -0.336806 0
    outer loop
      vertex 3.1579 82.9579 15
      vertex 3.0488 83.2629 18.35
      vertex 3.0488 83.2629 15
    endloop
  endfacet
  facet normal -0.941574 -0.336806 0
    outer loop
      vertex 3.0488 83.2629 18.35
      vertex 3.1579 82.9579 15
      vertex 3.1579 82.9579 18.35
    endloop
  endfacet
  facet normal 0.0490973 -0.998794 0
    outer loop
      vertex -0.323456 85.2841 15
      vertex 0 85.3 18.35
      vertex -0.323456 85.2841 18.35
    endloop
  endfacet
  facet normal 0.0490973 -0.998794 0
    outer loop
      vertex 0 85.3 18.35
      vertex -0.323456 85.2841 15
      vertex 0 85.3 15
    endloop
  endfacet
  facet normal -0.427643 0.903948 0
    outer loop
      vertex 1.26285 78.9512 15
      vertex 1.55561 79.0897 20.1979
      vertex 1.55561 79.0897 15
    endloop
  endfacet
  facet normal -0.427643 0.903948 0
    outer loop
      vertex 1.55561 79.0897 20.1979
      vertex 1.26285 78.9512 15
      vertex 1.26285 78.9512 20.2889
    endloop
  endfacet
  facet normal -0.427643 -0.903948 0
    outer loop
      vertex 1.26285 85.0488 15
      vertex 1.55561 84.9103 18.35
      vertex 1.26285 85.0488 18.35
    endloop
  endfacet
  facet normal -0.427643 -0.903948 -0
    outer loop
      vertex 1.55561 84.9103 18.35
      vertex 1.26285 85.0488 15
      vertex 1.55561 84.9103 15
    endloop
  endfacet
  facet normal 0.671427 -0.741071 0
    outer loop
      vertex -2.33345 84.3335 15
      vertex -2.0935 84.5509 18.35
      vertex -2.33345 84.3335 18.35
    endloop
  endfacet
  facet normal 0.671427 -0.741071 0
    outer loop
      vertex -2.0935 84.5509 18.35
      vertex -2.33345 84.3335 15
      vertex -2.0935 84.5509 15
    endloop
  endfacet
  facet normal -0.0490973 0.998794 0
    outer loop
      vertex 0 78.7 15
      vertex 0.323456 78.7159 20.4438
      vertex 0.323456 78.7159 15
    endloop
  endfacet
  facet normal -0.0490973 0.998794 0
    outer loop
      vertex 0.323456 78.7159 20.4438
      vertex 0 78.7 15
      vertex 0 78.7 20.4542
    endloop
  endfacet
  facet normal -0.595862 0.803087 0
    outer loop
      vertex 1.83338 79.2561 15
      vertex 2.0935 79.4491 19.9614
      vertex 2.0935 79.4491 15
    endloop
  endfacet
  facet normal -0.595862 0.803087 0
    outer loop
      vertex 2.0935 79.4491 19.9614
      vertex 1.83338 79.2561 15
      vertex 1.83338 79.2561 20.0883
    endloop
  endfacet
  facet normal -0.998796 0.049055 0
    outer loop
      vertex 3.3 82 15
      vertex 3.29501 81.8984 18.35
      vertex 3.3 82 18.35
    endloop
  endfacet
  facet normal -0.998796 0.0490599 1.4654e-07
    outer loop
      vertex 3.28411 81.6765 15
      vertex 3.29501 81.8984 18.35
      vertex 3.3 82 15
    endloop
  endfacet
  facet normal -0.998796 0.0490621 0
    outer loop
      vertex 3.29501 81.8984 18.35
      vertex 3.28411 81.6765 15
      vertex 3.28411 81.6765 18.496
    endloop
  endfacet
  facet normal 0.595862 -0.803087 0
    outer loop
      vertex -2.0935 84.5509 15
      vertex -1.83338 84.7439 18.35
      vertex -2.0935 84.5509 18.35
    endloop
  endfacet
  facet normal 0.595862 -0.803087 0
    outer loop
      vertex -1.83338 84.7439 18.35
      vertex -2.0935 84.5509 15
      vertex -1.83338 84.7439 15
    endloop
  endfacet
  facet normal -0.595862 -0.803087 0
    outer loop
      vertex 1.83338 84.7439 15
      vertex 2.0935 84.5509 18.35
      vertex 1.83338 84.7439 18.35
    endloop
  endfacet
  facet normal -0.595862 -0.803087 -0
    outer loop
      vertex 2.0935 84.5509 18.35
      vertex 1.83338 84.7439 15
      vertex 2.0935 84.5509 15
    endloop
  endfacet
  facet normal -0.941574 0.336806 0
    outer loop
      vertex 3.0488 80.7371 15
      vertex 3.1579 81.0421 18.9134
      vertex 3.1579 81.0421 15
    endloop
  endfacet
  facet normal -0.941574 0.336806 0
    outer loop
      vertex 3.1579 81.0421 18.9134
      vertex 3.0488 80.7371 15
      vertex 3.0488 80.7371 19.114
    endloop
  endfacet
  facet normal -0.243014 0.970023 0
    outer loop
      vertex 0.643798 78.7634 15
      vertex 0.957939 78.8421 20.3607
      vertex 0.957939 78.8421 15
    endloop
  endfacet
  facet normal -0.243014 0.970023 0
    outer loop
      vertex 0.957939 78.8421 20.3607
      vertex 0.643798 78.7634 15
      vertex 0.643798 78.7634 20.4125
    endloop
  endfacet
  facet normal -0.989173 0.146755 0
    outer loop
      vertex 3.23659 81.3562 15
      vertex 3.28411 81.6765 18.496
      vertex 3.28411 81.6765 15
    endloop
  endfacet
  facet normal -0.989173 0.146755 0
    outer loop
      vertex 3.28411 81.6765 18.496
      vertex 3.23659 81.3562 15
      vertex 3.23659 81.3562 18.7067
    endloop
  endfacet
  facet normal 0.857752 -0.514064 0
    outer loop
      vertex -2.91034 83.5556 18.35
      vertex -2.74385 83.8334 15
      vertex -2.74385 83.8334 18.35
    endloop
  endfacet
  facet normal 0.857752 -0.514064 0
    outer loop
      vertex -2.74385 83.8334 15
      vertex -2.91034 83.5556 18.35
      vertex -2.91034 83.5556 15
    endloop
  endfacet
  facet normal 0.513901 -0.85785 0
    outer loop
      vertex -1.83338 84.7439 15
      vertex -1.55561 84.9103 18.35
      vertex -1.83338 84.7439 18.35
    endloop
  endfacet
  facet normal 0.513901 -0.85785 0
    outer loop
      vertex -1.55561 84.9103 18.35
      vertex -1.83338 84.7439 15
      vertex -1.55561 84.9103 15
    endloop
  endfacet
  facet normal 0.998796 0.049055 0
    outer loop
      vertex -3.29501 81.8984 18.35
      vertex -3.3 82 15
      vertex -3.3 82 18.35
    endloop
  endfacet
  facet normal 0.998796 0.0490621 -0
    outer loop
      vertex -3.28411 81.6765 15
      vertex -3.29501 81.8984 18.35
      vertex -3.28411 81.6765 18.496
    endloop
  endfacet
  facet normal 0.998796 0.0490599 1.4654e-07
    outer loop
      vertex -3.29501 81.8984 18.35
      vertex -3.28411 81.6765 15
      vertex -3.3 82 15
    endloop
  endfacet
  facet normal 0.941574 -0.336806 0
    outer loop
      vertex -3.1579 82.9579 18.35
      vertex -3.0488 83.2629 15
      vertex -3.0488 83.2629 18.35
    endloop
  endfacet
  facet normal 0.941574 -0.336806 0
    outer loop
      vertex -3.0488 83.2629 15
      vertex -3.1579 82.9579 18.35
      vertex -3.1579 82.9579 15
    endloop
  endfacet
  facet normal 0.857752 0.514064 -0
    outer loop
      vertex -2.74385 80.1666 15
      vertex -2.91034 80.4444 19.3066
      vertex -2.74385 80.1666 19.4893
    endloop
  endfacet
  facet normal 0.857752 0.514064 0
    outer loop
      vertex -2.91034 80.4444 19.3066
      vertex -2.74385 80.1666 15
      vertex -2.91034 80.4444 15
    endloop
  endfacet
  facet normal -0.0490973 -0.998794 0
    outer loop
      vertex 0 85.3 15
      vertex 0.323456 85.2841 18.35
      vertex 0 85.3 18.35
    endloop
  endfacet
  facet normal -0.0490973 -0.998794 -0
    outer loop
      vertex 0.323456 85.2841 18.35
      vertex 0 85.3 15
      vertex 0.323456 85.2841 15
    endloop
  endfacet
  facet normal -0.970022 0.243015 0
    outer loop
      vertex 3.1579 81.0421 15
      vertex 3.23659 81.3562 18.7067
      vertex 3.23659 81.3562 15
    endloop
  endfacet
  facet normal -0.970022 0.243015 0
    outer loop
      vertex 3.23659 81.3562 18.7067
      vertex 3.1579 81.0421 15
      vertex 3.1579 81.0421 18.9134
    endloop
  endfacet
  facet normal 0.970022 -0.243015 0
    outer loop
      vertex -3.23659 82.6438 18.35
      vertex -3.1579 82.9579 15
      vertex -3.1579 82.9579 18.35
    endloop
  endfacet
  facet normal 0.970022 -0.243015 0
    outer loop
      vertex -3.1579 82.9579 15
      vertex -3.23659 82.6438 18.35
      vertex -3.23659 82.6438 15
    endloop
  endfacet
  facet normal 0.989173 0.146755 -0
    outer loop
      vertex -3.23659 81.3562 15
      vertex -3.28411 81.6765 18.496
      vertex -3.23659 81.3562 18.7067
    endloop
  endfacet
  facet normal 0.989173 0.146755 0
    outer loop
      vertex -3.28411 81.6765 18.496
      vertex -3.23659 81.3562 15
      vertex -3.28411 81.6765 15
    endloop
  endfacet
  facet normal -0.903962 0.427614 0
    outer loop
      vertex 2.91034 80.4444 15
      vertex 3.0488 80.7371 19.114
      vertex 3.0488 80.7371 15
    endloop
  endfacet
  facet normal -0.903962 0.427614 0
    outer loop
      vertex 3.0488 80.7371 19.114
      vertex 2.91034 80.4444 15
      vertex 2.91034 80.4444 19.3066
    endloop
  endfacet
  facet normal 0.941574 0.336806 -0
    outer loop
      vertex -3.0488 80.7371 15
      vertex -3.1579 81.0421 18.9134
      vertex -3.0488 80.7371 19.114
    endloop
  endfacet
  facet normal 0.941574 0.336806 0
    outer loop
      vertex -3.1579 81.0421 18.9134
      vertex -3.0488 80.7371 15
      vertex -3.1579 81.0421 15
    endloop
  endfacet
  facet normal -0.336893 0.941543 0
    outer loop
      vertex 0.957939 78.8421 15
      vertex 1.26285 78.9512 20.2889
      vertex 1.26285 78.9512 15
    endloop
  endfacet
  facet normal -0.336893 0.941543 0
    outer loop
      vertex 1.26285 78.9512 20.2889
      vertex 0.957939 78.8421 15
      vertex 0.957939 78.8421 20.3607
    endloop
  endfacet
  facet normal 0.336893 -0.941543 0
    outer loop
      vertex -1.26285 85.0488 15
      vertex -0.957939 85.1579 18.35
      vertex -1.26285 85.0488 18.35
    endloop
  endfacet
  facet normal 0.336893 -0.941543 0
    outer loop
      vertex -0.957939 85.1579 18.35
      vertex -1.26285 85.0488 15
      vertex -0.957939 85.1579 15
    endloop
  endfacet
  facet normal 0.243014 0.970023 -0
    outer loop
      vertex -0.643798 78.7634 15
      vertex -0.957939 78.8421 20.3607
      vertex -0.643798 78.7634 20.4125
    endloop
  endfacet
  facet normal 0.243014 0.970023 0
    outer loop
      vertex -0.957939 78.8421 20.3607
      vertex -0.643798 78.7634 15
      vertex -0.957939 78.8421 15
    endloop
  endfacet
  facet normal -0.146675 0.989185 0
    outer loop
      vertex 0.323456 78.7159 15
      vertex 0.643798 78.7634 20.4125
      vertex 0.643798 78.7634 15
    endloop
  endfacet
  facet normal -0.146675 0.989185 0
    outer loop
      vertex 0.643798 78.7634 20.4125
      vertex 0.323456 78.7159 15
      vertex 0.323456 78.7159 20.4438
    endloop
  endfacet
  facet normal -0.803183 -0.595733 0
    outer loop
      vertex 2.74385 83.8334 15
      vertex 2.55093 84.0935 18.35
      vertex 2.55093 84.0935 15
    endloop
  endfacet
  facet normal -0.803183 -0.595733 0
    outer loop
      vertex 2.55093 84.0935 18.35
      vertex 2.74385 83.8334 15
      vertex 2.74385 83.8334 18.35
    endloop
  endfacet
  facet normal 0.803183 0.595733 -0
    outer loop
      vertex -2.55093 79.9065 15
      vertex -2.74385 80.1666 19.4893
      vertex -2.55093 79.9065 19.6605
    endloop
  endfacet
  facet normal 0.803183 0.595733 0
    outer loop
      vertex -2.74385 80.1666 19.4893
      vertex -2.55093 79.9065 15
      vertex -2.74385 80.1666 15
    endloop
  endfacet
  facet normal 0.741018 -0.671486 0
    outer loop
      vertex -2.55093 84.0935 18.35
      vertex -2.33345 84.3335 15
      vertex -2.33345 84.3335 18.35
    endloop
  endfacet
  facet normal 0.741018 -0.671486 0
    outer loop
      vertex -2.33345 84.3335 15
      vertex -2.55093 84.0935 18.35
      vertex -2.55093 84.0935 15
    endloop
  endfacet
  facet normal 0.146675 0.989185 -0
    outer loop
      vertex -0.323456 78.7159 15
      vertex -0.643798 78.7634 20.4125
      vertex -0.323456 78.7159 20.4438
    endloop
  endfacet
  facet normal 0.146675 0.989185 0
    outer loop
      vertex -0.643798 78.7634 20.4125
      vertex -0.323456 78.7159 15
      vertex -0.643798 78.7634 15
    endloop
  endfacet
  facet normal -0.903962 -0.427614 0
    outer loop
      vertex 3.0488 83.2629 15
      vertex 2.91034 83.5556 18.35
      vertex 2.91034 83.5556 15
    endloop
  endfacet
  facet normal -0.903962 -0.427614 0
    outer loop
      vertex 2.91034 83.5556 18.35
      vertex 3.0488 83.2629 15
      vertex 3.0488 83.2629 18.35
    endloop
  endfacet
  facet normal -0.857752 0.514064 0
    outer loop
      vertex 2.74385 80.1666 15
      vertex 2.91034 80.4444 19.3066
      vertex 2.91034 80.4444 15
    endloop
  endfacet
  facet normal -0.857752 0.514064 0
    outer loop
      vertex 2.91034 80.4444 19.3066
      vertex 2.74385 80.1666 15
      vertex 2.74385 80.1666 19.4893
    endloop
  endfacet
  facet normal -0.146675 -0.989185 0
    outer loop
      vertex 0.323456 85.2841 15
      vertex 0.643798 85.2366 18.35
      vertex 0.323456 85.2841 18.35
    endloop
  endfacet
  facet normal -0.146675 -0.989185 -0
    outer loop
      vertex 0.643798 85.2366 18.35
      vertex 0.323456 85.2841 15
      vertex 0.643798 85.2366 15
    endloop
  endfacet
  facet normal -0.336893 -0.941543 0
    outer loop
      vertex 0.957939 85.1579 15
      vertex 1.26285 85.0488 18.35
      vertex 0.957939 85.1579 18.35
    endloop
  endfacet
  facet normal -0.336893 -0.941543 -0
    outer loop
      vertex 1.26285 85.0488 18.35
      vertex 0.957939 85.1579 15
      vertex 1.26285 85.0488 15
    endloop
  endfacet
  facet normal 0.427643 -0.903948 0
    outer loop
      vertex -1.55561 84.9103 15
      vertex -1.26285 85.0488 18.35
      vertex -1.55561 84.9103 18.35
    endloop
  endfacet
  facet normal 0.427643 -0.903948 0
    outer loop
      vertex -1.26285 85.0488 18.35
      vertex -1.55561 84.9103 15
      vertex -1.26285 85.0488 15
    endloop
  endfacet
  facet normal 0.336893 0.941543 -0
    outer loop
      vertex -0.957939 78.8421 15
      vertex -1.26285 78.9512 20.2889
      vertex -0.957939 78.8421 20.3607
    endloop
  endfacet
  facet normal 0.336893 0.941543 0
    outer loop
      vertex -1.26285 78.9512 20.2889
      vertex -0.957939 78.8421 15
      vertex -1.26285 78.9512 15
    endloop
  endfacet
  facet normal -0.857752 -0.514064 0
    outer loop
      vertex 2.91034 83.5556 15
      vertex 2.74385 83.8334 18.35
      vertex 2.74385 83.8334 15
    endloop
  endfacet
  facet normal -0.857752 -0.514064 0
    outer loop
      vertex 2.74385 83.8334 18.35
      vertex 2.91034 83.5556 15
      vertex 2.91034 83.5556 18.35
    endloop
  endfacet
  facet normal 0.903962 0.427614 -0
    outer loop
      vertex -2.91034 80.4444 15
      vertex -3.0488 80.7371 19.114
      vertex -2.91034 80.4444 19.3066
    endloop
  endfacet
  facet normal 0.903962 0.427614 0
    outer loop
      vertex -3.0488 80.7371 19.114
      vertex -2.91034 80.4444 15
      vertex -3.0488 80.7371 15
    endloop
  endfacet
  facet normal 0.243014 -0.970023 0
    outer loop
      vertex -0.957939 85.1579 15
      vertex -0.643798 85.2366 18.35
      vertex -0.957939 85.1579 18.35
    endloop
  endfacet
  facet normal 0.243014 -0.970023 0
    outer loop
      vertex -0.643798 85.2366 18.35
      vertex -0.957939 85.1579 15
      vertex -0.643798 85.2366 15
    endloop
  endfacet
  facet normal 0.903962 -0.427614 0
    outer loop
      vertex -3.0488 83.2629 18.35
      vertex -2.91034 83.5556 15
      vertex -2.91034 83.5556 18.35
    endloop
  endfacet
  facet normal 0.903962 -0.427614 0
    outer loop
      vertex -2.91034 83.5556 15
      vertex -3.0488 83.2629 18.35
      vertex -3.0488 83.2629 15
    endloop
  endfacet
  facet normal -0.741018 -0.671486 0
    outer loop
      vertex 2.55093 84.0935 15
      vertex 2.33345 84.3335 18.35
      vertex 2.33345 84.3335 15
    endloop
  endfacet
  facet normal -0.741018 -0.671486 0
    outer loop
      vertex 2.33345 84.3335 18.35
      vertex 2.55093 84.0935 15
      vertex 2.55093 84.0935 18.35
    endloop
  endfacet
  facet normal 0.989173 -0.146755 0
    outer loop
      vertex -3.28411 82.3235 18.35
      vertex -3.23659 82.6438 15
      vertex -3.23659 82.6438 18.35
    endloop
  endfacet
  facet normal 0.989173 -0.146755 0
    outer loop
      vertex -3.23659 82.6438 15
      vertex -3.28411 82.3235 18.35
      vertex -3.28411 82.3235 15
    endloop
  endfacet
  facet normal 0.803183 -0.595733 0
    outer loop
      vertex -2.74385 83.8334 18.35
      vertex -2.55093 84.0935 15
      vertex -2.55093 84.0935 18.35
    endloop
  endfacet
  facet normal 0.803183 -0.595733 0
    outer loop
      vertex -2.55093 84.0935 15
      vertex -2.74385 83.8334 18.35
      vertex -2.74385 83.8334 15
    endloop
  endfacet
  facet normal -0.243014 -0.970023 0
    outer loop
      vertex 0.643798 85.2366 15
      vertex 0.957939 85.1579 18.35
      vertex 0.643798 85.2366 18.35
    endloop
  endfacet
  facet normal -0.243014 -0.970023 -0
    outer loop
      vertex 0.957939 85.1579 18.35
      vertex 0.643798 85.2366 15
      vertex 0.957939 85.1579 15
    endloop
  endfacet
  facet normal -0.671427 0.741071 0
    outer loop
      vertex 2.0935 79.4491 15
      vertex 2.33345 79.6665 19.8183
      vertex 2.33345 79.6665 15
    endloop
  endfacet
  facet normal -0.671427 0.741071 0
    outer loop
      vertex 2.33345 79.6665 19.8183
      vertex 2.0935 79.4491 15
      vertex 2.0935 79.4491 19.9614
    endloop
  endfacet
  facet normal 0.513901 0.85785 -0
    outer loop
      vertex -1.55561 79.0897 15
      vertex -1.83338 79.2561 20.0883
      vertex -1.55561 79.0897 20.1979
    endloop
  endfacet
  facet normal 0.513901 0.85785 0
    outer loop
      vertex -1.83338 79.2561 20.0883
      vertex -1.55561 79.0897 15
      vertex -1.83338 79.2561 15
    endloop
  endfacet
  facet normal 0.0490973 0.998794 -0
    outer loop
      vertex 0 78.7 15
      vertex -0.323456 78.7159 20.4438
      vertex 0 78.7 20.4542
    endloop
  endfacet
  facet normal 0.0490973 0.998794 0
    outer loop
      vertex -0.323456 78.7159 20.4438
      vertex 0 78.7 15
      vertex -0.323456 78.7159 15
    endloop
  endfacet
  facet normal 0.998796 -0.0490599 0
    outer loop
      vertex -3.3 82 18.35
      vertex -3.28411 82.3235 15
      vertex -3.28411 82.3235 18.35
    endloop
  endfacet
  facet normal 0.998796 -0.0490599 0
    outer loop
      vertex -3.28411 82.3235 15
      vertex -3.3 82 18.35
      vertex -3.3 82 15
    endloop
  endfacet
  facet normal 0.595862 0.803087 -0
    outer loop
      vertex -1.83338 79.2561 15
      vertex -2.0935 79.4491 19.9614
      vertex -1.83338 79.2561 20.0883
    endloop
  endfacet
  facet normal 0.595862 0.803087 0
    outer loop
      vertex -2.0935 79.4491 19.9614
      vertex -1.83338 79.2561 15
      vertex -2.0935 79.4491 15
    endloop
  endfacet
  facet normal 0 0 1
    outer loop
      vertex 1.7 82 15
      vertex 3.3 82 15
      vertex 3.28411 82.3235 15
    endloop
  endfacet
  facet normal 0 0 1
    outer loop
      vertex 1.69181 82.1666 15
      vertex 3.28411 82.3235 15
      vertex 3.23659 82.6438 15
    endloop
  endfacet
  facet normal 0 0 1
    outer loop
      vertex 3.3 82 15
      vertex 1.7 82 15
      vertex 3.28411 81.6765 15
    endloop
  endfacet
  facet normal 0 0 1
    outer loop
      vertex 1.66733 82.3316 15
      vertex 3.23659 82.6438 15
      vertex 3.1579 82.9579 15
    endloop
  endfacet
  facet normal -0 0 1
    outer loop
      vertex 1.69181 81.8334 15
      vertex 3.28411 81.6765 15
      vertex 1.7 82 15
    endloop
  endfacet
  facet normal 0 0 1
    outer loop
      vertex 1.6268 82.4935 15
      vertex 3.1579 82.9579 15
      vertex 3.0488 83.2629 15
    endloop
  endfacet
  facet normal 0 0 1
    outer loop
      vertex 3.28411 81.6765 15
      vertex 1.69181 81.8334 15
      vertex 3.23659 81.3562 15
    endloop
  endfacet
  facet normal 0 0 1
    outer loop
      vertex 1.57059 82.6506 15
      vertex 3.0488 83.2629 15
      vertex 2.91034 83.5556 15
    endloop
  endfacet
  facet normal -0 0 1
    outer loop
      vertex 1.66733 81.6684 15
      vertex 3.23659 81.3562 15
      vertex 1.69181 81.8334 15
    endloop
  endfacet
  facet normal 0 0 1
    outer loop
      vertex 1.49927 82.8014 15
      vertex 2.91034 83.5556 15
      vertex 2.74385 83.8334 15
    endloop
  endfacet
  facet normal 0 0 1
    outer loop
      vertex 3.23659 81.3562 15
      vertex 1.66733 81.6684 15
      vertex 3.1579 81.0421 15
    endloop
  endfacet
  facet normal 0 0 1
    outer loop
      vertex 1.4135 82.9445 15
      vertex 2.74385 83.8334 15
      vertex 2.55093 84.0935 15
    endloop
  endfacet
  facet normal -0 0 1
    outer loop
      vertex 1.6268 81.5065 15
      vertex 3.1579 81.0421 15
      vertex 1.66733 81.6684 15
    endloop
  endfacet
  facet normal 0 0 1
    outer loop
      vertex 1.31412 83.0785 15
      vertex 2.55093 84.0935 15
      vertex 2.33345 84.3335 15
    endloop
  endfacet
  facet normal 0 0 1
    outer loop
      vertex 3.1579 81.0421 15
      vertex 1.6268 81.5065 15
      vertex 3.0488 80.7371 15
    endloop
  endfacet
  facet normal 0 0 1
    outer loop
      vertex 1.20208 83.2021 15
      vertex 2.33345 84.3335 15
      vertex 2.0935 84.5509 15
    endloop
  endfacet
  facet normal -0 0 1
    outer loop
      vertex 1.57059 81.3494 15
      vertex 3.0488 80.7371 15
      vertex 1.6268 81.5065 15
    endloop
  endfacet
  facet normal 0 0 1
    outer loop
      vertex 1.07847 83.3141 15
      vertex 2.0935 84.5509 15
      vertex 1.83338 84.7439 15
    endloop
  endfacet
  facet normal 0 0 1
    outer loop
      vertex 3.0488 80.7371 15
      vertex 1.57059 81.3494 15
      vertex 2.91034 80.4444 15
    endloop
  endfacet
  facet normal -0 0 1
    outer loop
      vertex 1.49927 81.1986 15
      vertex 2.91034 80.4444 15
      vertex 1.57059 81.3494 15
    endloop
  endfacet
  facet normal 0 0 1
    outer loop
      vertex 3.28411 82.3235 15
      vertex 1.69181 82.1666 15
      vertex 1.7 82 15
    endloop
  endfacet
  facet normal 0 0 1
    outer loop
      vertex 3.23659 82.6438 15
      vertex 1.66733 82.3316 15
      vertex 1.69181 82.1666 15
    endloop
  endfacet
  facet normal 0 0 1
    outer loop
      vertex 3.1579 82.9579 15
      vertex 1.6268 82.4935 15
      vertex 1.66733 82.3316 15
    endloop
  endfacet
  facet normal 0 0 1
    outer loop
      vertex 3.0488 83.2629 15
      vertex 1.57059 82.6506 15
      vertex 1.6268 82.4935 15
    endloop
  endfacet
  facet normal 0 0 1
    outer loop
      vertex 0.944468 83.4135 15
      vertex 1.83338 84.7439 15
      vertex 1.55561 84.9103 15
    endloop
  endfacet
  facet normal 0 0 1
    outer loop
      vertex 2.91034 83.5556 15
      vertex 1.49927 82.8014 15
      vertex 1.57059 82.6506 15
    endloop
  endfacet
  facet normal 0 0 1
    outer loop
      vertex 2.74385 83.8334 15
      vertex 1.4135 82.9445 15
      vertex 1.49927 82.8014 15
    endloop
  endfacet
  facet normal 0 0 1
    outer loop
      vertex 2.55093 84.0935 15
      vertex 1.31412 83.0785 15
      vertex 1.4135 82.9445 15
    endloop
  endfacet
  facet normal 0 0 1
    outer loop
      vertex 0.801374 83.4993 15
      vertex 1.55561 84.9103 15
      vertex 1.26285 85.0488 15
    endloop
  endfacet
  facet normal 0 0 1
    outer loop
      vertex 2.33345 84.3335 15
      vertex 1.20208 83.2021 15
      vertex 1.31412 83.0785 15
    endloop
  endfacet
  facet normal 0 0 1
    outer loop
      vertex 2.0935 84.5509 15
      vertex 1.07847 83.3141 15
      vertex 1.20208 83.2021 15
    endloop
  endfacet
  facet normal 0 0 1
    outer loop
      vertex 0.650561 83.5706 15
      vertex 1.26285 85.0488 15
      vertex 0.957939 85.1579 15
    endloop
  endfacet
  facet normal 0 0 1
    outer loop
      vertex 1.83338 84.7439 15
      vertex 0.944468 83.4135 15
      vertex 1.07847 83.3141 15
    endloop
  endfacet
  facet normal 0 0 1
    outer loop
      vertex 1.55561 84.9103 15
      vertex 0.801374 83.4993 15
      vertex 0.944468 83.4135 15
    endloop
  endfacet
  facet normal 0 0 1
    outer loop
      vertex 1.26285 85.0488 15
      vertex 0.650561 83.5706 15
      vertex 0.801374 83.4993 15
    endloop
  endfacet
  facet normal 0 0 1
    outer loop
      vertex 0.493484 83.6268 15
      vertex 0.957939 85.1579 15
      vertex 0.643798 85.2366 15
    endloop
  endfacet
  facet normal 0 0 1
    outer loop
      vertex 0.957939 85.1579 15
      vertex 0.493484 83.6268 15
      vertex 0.650561 83.5706 15
    endloop
  endfacet
  facet normal 0 0 1
    outer loop
      vertex 0.643798 85.2366 15
      vertex 0.331653 83.6673 15
      vertex 0.493484 83.6268 15
    endloop
  endfacet
  facet normal 0 0 1
    outer loop
      vertex 0.323456 85.2841 15
      vertex 0.331653 83.6673 15
      vertex 0.643798 85.2366 15
    endloop
  endfacet
  facet normal 0 0 1
    outer loop
      vertex 0.323456 85.2841 15
      vertex 0.166629 83.6918 15
      vertex 0.331653 83.6673 15
    endloop
  endfacet
  facet normal 0 0 1
    outer loop
      vertex 0 85.3 15
      vertex 0.166629 83.6918 15
      vertex 0.323456 85.2841 15
    endloop
  endfacet
  facet normal 0 0 1
    outer loop
      vertex 0 85.3 15
      vertex 0 83.7 15
      vertex 0.166629 83.6918 15
    endloop
  endfacet
  facet normal 0 0 1
    outer loop
      vertex 0 85.3 15
      vertex -0.166629 83.6918 15
      vertex 0 83.7 15
    endloop
  endfacet
  facet normal -0 0 1
    outer loop
      vertex -0.323456 85.2841 15
      vertex -0.166629 83.6918 15
      vertex 0 85.3 15
    endloop
  endfacet
  facet normal 0 0 1
    outer loop
      vertex -0.323456 85.2841 15
      vertex -0.331653 83.6673 15
      vertex -0.166629 83.6918 15
    endloop
  endfacet
  facet normal -0 0 1
    outer loop
      vertex -0.643798 85.2366 15
      vertex -0.331653 83.6673 15
      vertex -0.323456 85.2841 15
    endloop
  endfacet
  facet normal 0 0 1
    outer loop
      vertex -0.331653 83.6673 15
      vertex -0.643798 85.2366 15
      vertex -0.493484 83.6268 15
    endloop
  endfacet
  facet normal -0 0 1
    outer loop
      vertex -0.957939 85.1579 15
      vertex -0.493484 83.6268 15
      vertex -0.643798 85.2366 15
    endloop
  endfacet
  facet normal 0 0 1
    outer loop
      vertex -0.493484 83.6268 15
      vertex -0.957939 85.1579 15
      vertex -0.650561 83.5706 15
    endloop
  endfacet
  facet normal -0 0 1
    outer loop
      vertex -1.26285 85.0488 15
      vertex -0.650561 83.5706 15
      vertex -0.957939 85.1579 15
    endloop
  endfacet
  facet normal 0 0 1
    outer loop
      vertex -0.650561 83.5706 15
      vertex -1.26285 85.0488 15
      vertex -0.801374 83.4993 15
    endloop
  endfacet
  facet normal -0 0 1
    outer loop
      vertex -1.55561 84.9103 15
      vertex -0.801374 83.4993 15
      vertex -1.26285 85.0488 15
    endloop
  endfacet
  facet normal 0 0 1
    outer loop
      vertex -0.801374 83.4993 15
      vertex -1.55561 84.9103 15
      vertex -0.944468 83.4135 15
    endloop
  endfacet
  facet normal -0 0 1
    outer loop
      vertex -1.83338 84.7439 15
      vertex -0.944468 83.4135 15
      vertex -1.55561 84.9103 15
    endloop
  endfacet
  facet normal 0 0 1
    outer loop
      vertex -0.944468 83.4135 15
      vertex -1.83338 84.7439 15
      vertex -1.07847 83.3141 15
    endloop
  endfacet
  facet normal -0 0 1
    outer loop
      vertex -2.0935 84.5509 15
      vertex -1.07847 83.3141 15
      vertex -1.83338 84.7439 15
    endloop
  endfacet
  facet normal 0 0 1
    outer loop
      vertex -1.07847 83.3141 15
      vertex -2.0935 84.5509 15
      vertex -1.20208 83.2021 15
    endloop
  endfacet
  facet normal -0 0 1
    outer loop
      vertex -2.33345 84.3335 15
      vertex -1.20208 83.2021 15
      vertex -2.0935 84.5509 15
    endloop
  endfacet
  facet normal 0 0 1
    outer loop
      vertex -1.20208 83.2021 15
      vertex -2.33345 84.3335 15
      vertex -1.31412 83.0785 15
    endloop
  endfacet
  facet normal -0 0 1
    outer loop
      vertex -2.55093 84.0935 15
      vertex -1.31412 83.0785 15
      vertex -2.33345 84.3335 15
    endloop
  endfacet
  facet normal 0 0 1
    outer loop
      vertex -1.31412 83.0785 15
      vertex -2.55093 84.0935 15
      vertex -1.4135 82.9445 15
    endloop
  endfacet
  facet normal -0 0 1
    outer loop
      vertex -2.74385 83.8334 15
      vertex -1.4135 82.9445 15
      vertex -2.55093 84.0935 15
    endloop
  endfacet
  facet normal -0 0 1
    outer loop
      vertex -2.91034 83.5556 15
      vertex -1.49927 82.8014 15
      vertex -2.74385 83.8334 15
    endloop
  endfacet
  facet normal 0 0 1
    outer loop
      vertex -1.4135 82.9445 15
      vertex -2.74385 83.8334 15
      vertex -1.49927 82.8014 15
    endloop
  endfacet
  facet normal 0 0 1
    outer loop
      vertex 2.91034 80.4444 15
      vertex 1.49927 81.1986 15
      vertex 2.74385 80.1666 15
    endloop
  endfacet
  facet normal -0 0 1
    outer loop
      vertex 1.4135 81.0555 15
      vertex 2.74385 80.1666 15
      vertex 1.49927 81.1986 15
    endloop
  endfacet
  facet normal 0 0 1
    outer loop
      vertex 2.74385 80.1666 15
      vertex 1.4135 81.0555 15
      vertex 2.55093 79.9065 15
    endloop
  endfacet
  facet normal -0 0 1
    outer loop
      vertex 1.31412 80.9215 15
      vertex 2.55093 79.9065 15
      vertex 1.4135 81.0555 15
    endloop
  endfacet
  facet normal 0 0 1
    outer loop
      vertex 2.55093 79.9065 15
      vertex 1.31412 80.9215 15
      vertex 2.33345 79.6665 15
    endloop
  endfacet
  facet normal -0 0 1
    outer loop
      vertex 1.20208 80.7979 15
      vertex 2.33345 79.6665 15
      vertex 1.31412 80.9215 15
    endloop
  endfacet
  facet normal 0 0 1
    outer loop
      vertex 2.33345 79.6665 15
      vertex 1.20208 80.7979 15
      vertex 2.0935 79.4491 15
    endloop
  endfacet
  facet normal -0 0 1
    outer loop
      vertex 1.07847 80.6859 15
      vertex 2.0935 79.4491 15
      vertex 1.20208 80.7979 15
    endloop
  endfacet
  facet normal 0 0 1
    outer loop
      vertex 2.0935 79.4491 15
      vertex 1.07847 80.6859 15
      vertex 1.83338 79.2561 15
    endloop
  endfacet
  facet normal -0 0 1
    outer loop
      vertex 0.944468 80.5865 15
      vertex 1.83338 79.2561 15
      vertex 1.07847 80.6859 15
    endloop
  endfacet
  facet normal 0 0 1
    outer loop
      vertex 1.83338 79.2561 15
      vertex 0.944468 80.5865 15
      vertex 1.55561 79.0897 15
    endloop
  endfacet
  facet normal -0 0 1
    outer loop
      vertex 0.801374 80.5007 15
      vertex 1.55561 79.0897 15
      vertex 0.944468 80.5865 15
    endloop
  endfacet
  facet normal 0 0 1
    outer loop
      vertex 1.55561 79.0897 15
      vertex 0.801374 80.5007 15
      vertex 1.26285 78.9512 15
    endloop
  endfacet
  facet normal -0 0 1
    outer loop
      vertex 0.650561 80.4294 15
      vertex 1.26285 78.9512 15
      vertex 0.801374 80.5007 15
    endloop
  endfacet
  facet normal 0 0 1
    outer loop
      vertex 1.26285 78.9512 15
      vertex 0.650561 80.4294 15
      vertex 0.957939 78.8421 15
    endloop
  endfacet
  facet normal -0 0 1
    outer loop
      vertex 0.493484 80.3732 15
      vertex 0.957939 78.8421 15
      vertex 0.650561 80.4294 15
    endloop
  endfacet
  facet normal 0 0 1
    outer loop
      vertex 0.957939 78.8421 15
      vertex 0.493484 80.3732 15
      vertex 0.643798 78.7634 15
    endloop
  endfacet
  facet normal -0 0 1
    outer loop
      vertex 0.331653 80.3327 15
      vertex 0.643798 78.7634 15
      vertex 0.493484 80.3732 15
    endloop
  endfacet
  facet normal 0 0 1
    outer loop
      vertex 0.331653 80.3327 15
      vertex 0.323456 78.7159 15
      vertex 0.643798 78.7634 15
    endloop
  endfacet
  facet normal -0 0 1
    outer loop
      vertex 0.166629 80.3082 15
      vertex 0.323456 78.7159 15
      vertex 0.331653 80.3327 15
    endloop
  endfacet
  facet normal -0 0 1
    outer loop
      vertex 0 80.3 15
      vertex 0.323456 78.7159 15
      vertex 0.166629 80.3082 15
    endloop
  endfacet
  facet normal 0 0 1
    outer loop
      vertex 0 80.3 15
      vertex 0 78.7 15
      vertex 0.323456 78.7159 15
    endloop
  endfacet
  facet normal 0 0 1
    outer loop
      vertex -0.166629 80.3082 15
      vertex 0 78.7 15
      vertex 0 80.3 15
    endloop
  endfacet
  facet normal 0 0 1
    outer loop
      vertex -0.166629 80.3082 15
      vertex -0.323456 78.7159 15
      vertex 0 78.7 15
    endloop
  endfacet
  facet normal 0 0 1
    outer loop
      vertex -0.331653 80.3327 15
      vertex -0.323456 78.7159 15
      vertex -0.166629 80.3082 15
    endloop
  endfacet
  facet normal 0 0 1
    outer loop
      vertex -0.643798 78.7634 15
      vertex -0.331653 80.3327 15
      vertex -0.493484 80.3732 15
    endloop
  endfacet
  facet normal 0 0 1
    outer loop
      vertex -0.331653 80.3327 15
      vertex -0.643798 78.7634 15
      vertex -0.323456 78.7159 15
    endloop
  endfacet
  facet normal 0 0 1
    outer loop
      vertex -0.957939 78.8421 15
      vertex -0.493484 80.3732 15
      vertex -0.650561 80.4294 15
    endloop
  endfacet
  facet normal 0 0 1
    outer loop
      vertex -1.26285 78.9512 15
      vertex -0.650561 80.4294 15
      vertex -0.801374 80.5007 15
    endloop
  endfacet
  facet normal 0 0 1
    outer loop
      vertex -1.55561 79.0897 15
      vertex -0.801374 80.5007 15
      vertex -0.944468 80.5865 15
    endloop
  endfacet
  facet normal 0 0 1
    outer loop
      vertex -0.493484 80.3732 15
      vertex -0.957939 78.8421 15
      vertex -0.643798 78.7634 15
    endloop
  endfacet
  facet normal 0 0 1
    outer loop
      vertex -1.83338 79.2561 15
      vertex -0.944468 80.5865 15
      vertex -1.07847 80.6859 15
    endloop
  endfacet
  facet normal 0 0 1
    outer loop
      vertex -2.0935 79.4491 15
      vertex -1.07847 80.6859 15
      vertex -1.20208 80.7979 15
    endloop
  endfacet
  facet normal 0 0 1
    outer loop
      vertex -0.650561 80.4294 15
      vertex -1.26285 78.9512 15
      vertex -0.957939 78.8421 15
    endloop
  endfacet
  facet normal 0 0 1
    outer loop
      vertex -2.33345 79.6665 15
      vertex -1.20208 80.7979 15
      vertex -1.31412 80.9215 15
    endloop
  endfacet
  facet normal 0 0 1
    outer loop
      vertex -2.55093 79.9065 15
      vertex -1.31412 80.9215 15
      vertex -1.4135 81.0555 15
    endloop
  endfacet
  facet normal 0 0 1
    outer loop
      vertex -2.74385 80.1666 15
      vertex -1.4135 81.0555 15
      vertex -1.49927 81.1986 15
    endloop
  endfacet
  facet normal 0 0 1
    outer loop
      vertex -0.801374 80.5007 15
      vertex -1.55561 79.0897 15
      vertex -1.26285 78.9512 15
    endloop
  endfacet
  facet normal 0 0 1
    outer loop
      vertex -2.91034 80.4444 15
      vertex -1.49927 81.1986 15
      vertex -1.57059 81.3494 15
    endloop
  endfacet
  facet normal 0 0 1
    outer loop
      vertex -3.0488 80.7371 15
      vertex -1.57059 81.3494 15
      vertex -1.6268 81.5065 15
    endloop
  endfacet
  facet normal 0 0 1
    outer loop
      vertex -3.1579 81.0421 15
      vertex -1.6268 81.5065 15
      vertex -1.66733 81.6684 15
    endloop
  endfacet
  facet normal 0 0 1
    outer loop
      vertex -3.23659 81.3562 15
      vertex -1.66733 81.6684 15
      vertex -1.69181 81.8334 15
    endloop
  endfacet
  facet normal 0 0 1
    outer loop
      vertex -0.944468 80.5865 15
      vertex -1.83338 79.2561 15
      vertex -1.55561 79.0897 15
    endloop
  endfacet
  facet normal 0 0 1
    outer loop
      vertex -3.28411 81.6765 15
      vertex -1.69181 81.8334 15
      vertex -1.7 82 15
    endloop
  endfacet
  facet normal 0 0 1
    outer loop
      vertex -1.49927 82.8014 15
      vertex -2.91034 83.5556 15
      vertex -1.57059 82.6506 15
    endloop
  endfacet
  facet normal -0 0 1
    outer loop
      vertex -3.0488 83.2629 15
      vertex -1.57059 82.6506 15
      vertex -2.91034 83.5556 15
    endloop
  endfacet
  facet normal 0 0 1
    outer loop
      vertex -1.07847 80.6859 15
      vertex -2.0935 79.4491 15
      vertex -1.83338 79.2561 15
    endloop
  endfacet
  facet normal 0 0 1
    outer loop
      vertex -1.57059 82.6506 15
      vertex -3.0488 83.2629 15
      vertex -1.6268 82.4935 15
    endloop
  endfacet
  facet normal 0 0 1
    outer loop
      vertex -1.20208 80.7979 15
      vertex -2.33345 79.6665 15
      vertex -2.0935 79.4491 15
    endloop
  endfacet
  facet normal -0 0 1
    outer loop
      vertex -3.1579 82.9579 15
      vertex -1.6268 82.4935 15
      vertex -3.0488 83.2629 15
    endloop
  endfacet
  facet normal 0 0 1
    outer loop
      vertex -1.31412 80.9215 15
      vertex -2.55093 79.9065 15
      vertex -2.33345 79.6665 15
    endloop
  endfacet
  facet normal 0 0 1
    outer loop
      vertex -1.6268 82.4935 15
      vertex -3.1579 82.9579 15
      vertex -1.66733 82.3316 15
    endloop
  endfacet
  facet normal 0 0 1
    outer loop
      vertex -1.4135 81.0555 15
      vertex -2.74385 80.1666 15
      vertex -2.55093 79.9065 15
    endloop
  endfacet
  facet normal -0 0 1
    outer loop
      vertex -3.23659 82.6438 15
      vertex -1.66733 82.3316 15
      vertex -3.1579 82.9579 15
    endloop
  endfacet
  facet normal 0 0 1
    outer loop
      vertex -1.49927 81.1986 15
      vertex -2.91034 80.4444 15
      vertex -2.74385 80.1666 15
    endloop
  endfacet
  facet normal 0 0 1
    outer loop
      vertex -1.66733 82.3316 15
      vertex -3.23659 82.6438 15
      vertex -1.69181 82.1666 15
    endloop
  endfacet
  facet normal 0 0 1
    outer loop
      vertex -1.57059 81.3494 15
      vertex -3.0488 80.7371 15
      vertex -2.91034 80.4444 15
    endloop
  endfacet
  facet normal -0 0 1
    outer loop
      vertex -3.28411 82.3235 15
      vertex -1.69181 82.1666 15
      vertex -3.23659 82.6438 15
    endloop
  endfacet
  facet normal 0 0 1
    outer loop
      vertex -1.6268 81.5065 15
      vertex -3.1579 81.0421 15
      vertex -3.0488 80.7371 15
    endloop
  endfacet
  facet normal 0 0 1
    outer loop
      vertex -1.69181 82.1666 15
      vertex -3.28411 82.3235 15
      vertex -1.7 82 15
    endloop
  endfacet
  facet normal 0 0 1
    outer loop
      vertex -1.66733 81.6684 15
      vertex -3.23659 81.3562 15
      vertex -3.1579 81.0421 15
    endloop
  endfacet
  facet normal 0 0 1
    outer loop
      vertex -3.3 82 15
      vertex -1.7 82 15
      vertex -3.28411 82.3235 15
    endloop
  endfacet
  facet normal 0 0 1
    outer loop
      vertex -1.69181 81.8334 15
      vertex -3.28411 81.6765 15
      vertex -3.23659 81.3562 15
    endloop
  endfacet
  facet normal 0 0 1
    outer loop
      vertex -1.7 82 15
      vertex -3.3 82 15
      vertex -3.28411 81.6765 15
    endloop
  endfacet
  facet normal 0.427643 0.903948 -0
    outer loop
      vertex -1.26285 78.9512 15
      vertex -1.55561 79.0897 20.1979
      vertex -1.26285 78.9512 20.2889
    endloop
  endfacet
  facet normal 0.427643 0.903948 0
    outer loop
      vertex -1.55561 79.0897 20.1979
      vertex -1.26285 78.9512 15
      vertex -1.55561 79.0897 15
    endloop
  endfacet
  facet normal 0.857735 -0.514091 0
    outer loop
      vertex -5.5561 84.9698 3.35
      vertex -5.23826 85.5001 -3.8147e-07
      vertex -5.23826 85.5001 3.35
    endloop
  endfacet
  facet normal 0.857735 -0.514091 0
    outer loop
      vertex -5.23826 85.5001 -3.8147e-07
      vertex -5.5561 84.9698 3.35
      vertex -5.5561 84.9698 -3.8147e-07
    endloop
  endfacet
  facet normal 0.740949 -0.671561 0
    outer loop
      vertex -4.86997 85.9967 3.35
      vertex -4.45477 86.4548 -3.8147e-07
      vertex -4.45477 86.4548 3.35
    endloop
  endfacet
  facet normal 0.740949 -0.671561 0
    outer loop
      vertex -4.45477 86.4548 -3.8147e-07
      vertex -4.86997 85.9967 3.35
      vertex -4.86997 85.9967 -3.8147e-07
    endloop
  endfacet
  facet normal 0.803218 -0.595685 0
    outer loop
      vertex -5.23826 85.5001 3.35
      vertex -4.86997 85.9967 -3.8147e-07
      vertex -4.86997 85.9967 3.35
    endloop
  endfacet
  facet normal 0.803218 -0.595685 0
    outer loop
      vertex -4.86997 85.9967 -3.8147e-07
      vertex -5.23826 85.5001 3.35
      vertex -5.23826 85.5001 -3.8147e-07
    endloop
  endfacet
  facet normal -0.671527 -0.74098 0
    outer loop
      vertex 4.18421 86.7 -3.8147e-07
      vertex 4.45477 86.4548 3.35
      vertex 4.18421 86.7 3.35
    endloop
  endfacet
  facet normal -0.671527 -0.74098 -0
    outer loop
      vertex 4.45477 86.4548 3.35
      vertex 4.18421 86.7 -3.8147e-07
      vertex 4.45477 86.4548 -3.8147e-07
    endloop
  endfacet
  facet normal -0.857735 -0.514091 0
    outer loop
      vertex 5.5561 84.9698 -3.8147e-07
      vertex 5.23826 85.5001 3.35
      vertex 5.23826 85.5001 -3.8147e-07
    endloop
  endfacet
  facet normal -0.857735 -0.514091 0
    outer loop
      vertex 5.23826 85.5001 3.35
      vertex 5.5561 84.9698 -3.8147e-07
      vertex 5.5561 84.9698 3.35
    endloop
  endfacet
  facet normal 0.903954 -0.42763 0
    outer loop
      vertex -5.58912 84.9 3.35
      vertex -5.5561 84.9698 -3.8147e-07
      vertex -5.5561 84.9698 3.35
    endloop
  endfacet
  facet normal 0.903954 -0.42763 0
    outer loop
      vertex -5.5561 84.9698 -3.8147e-07
      vertex -5.58912 84.9 3.35
      vertex -5.58912 84.9 -3.8147e-07
    endloop
  endfacet
  facet normal -0.903954 -0.42763 0
    outer loop
      vertex 5.58912 84.9 -3.8147e-07
      vertex 5.5561 84.9698 3.35
      vertex 5.5561 84.9698 -3.8147e-07
    endloop
  endfacet
  facet normal -0.903954 -0.42763 0
    outer loop
      vertex 5.5561 84.9698 3.35
      vertex 5.58912 84.9 -3.8147e-07
      vertex 5.58912 84.9 3.35
    endloop
  endfacet
  facet normal -0.803218 -0.595685 0
    outer loop
      vertex 5.23826 85.5001 -3.8147e-07
      vertex 4.86997 85.9967 3.35
      vertex 4.86997 85.9967 -3.8147e-07
    endloop
  endfacet
  facet normal -0.803218 -0.595685 0
    outer loop
      vertex 4.86997 85.9967 3.35
      vertex 5.23826 85.5001 -3.8147e-07
      vertex 5.23826 85.5001 3.35
    endloop
  endfacet
  facet normal 0.671527 -0.74098 0
    outer loop
      vertex -4.45477 86.4548 -3.8147e-07
      vertex -4.18421 86.7 3.35
      vertex -4.45477 86.4548 3.35
    endloop
  endfacet
  facet normal 0.671527 -0.74098 0
    outer loop
      vertex -4.18421 86.7 3.35
      vertex -4.45477 86.4548 -3.8147e-07
      vertex -4.18421 86.7 -3.8147e-07
    endloop
  endfacet
  facet normal -0.740949 -0.671561 0
    outer loop
      vertex 4.86997 85.9967 -3.8147e-07
      vertex 4.45477 86.4548 3.35
      vertex 4.45477 86.4548 -3.8147e-07
    endloop
  endfacet
  facet normal -0.740949 -0.671561 0
    outer loop
      vertex 4.45477 86.4548 3.35
      vertex 4.86997 85.9967 -3.8147e-07
      vertex 4.86997 85.9967 3.35
    endloop
  endfacet
endsolid OpenSCAD_Model
