solid OpenSCAD_Model
  facet normal 0.989174 0.146746 0
    outer loop
      vertex -43.5217 -43.5589 32.4
      vertex -43.5865 -43.1221 2.4
      vertex -43.5865 -43.1221 32.4
    endloop
  endfacet
  facet normal 0.989174 0.146746 0
    outer loop
      vertex -43.5865 -43.1221 2.4
      vertex -43.5217 -43.5589 32.4
      vertex -43.5217 -43.5589 2.4
    endloop
  endfacet
  facet normal 0.998792 0.0491358 0
    outer loop
      vertex -43.5 -44 32.4
      vertex -43.5217 -43.5589 2.4
      vertex -43.5217 -43.5589 32.4
    endloop
  endfacet
  facet normal 0.998792 0.0491358 0
    outer loop
      vertex -43.5217 -43.5589 2.4
      vertex -43.5 -44 32.4
      vertex -43.5 -44 2.4
    endloop
  endfacet
  facet normal 0.970036 0.242962 0
    outer loop
      vertex -43.5865 -43.1221 32.4
      vertex -43.6938 -42.6937 2.4
      vertex -43.6938 -42.6937 32.4
    endloop
  endfacet
  facet normal 0.970036 0.242962 0
    outer loop
      vertex -43.6938 -42.6937 2.4
      vertex -43.5865 -43.1221 32.4
      vertex -43.5865 -43.1221 2.4
    endloop
  endfacet
  facet normal 0.242962 0.970036 -0
    outer loop
      vertex -46.6937 -39.6938 2.4
      vertex -47.1221 -39.5865 32.4
      vertex -46.6937 -39.6938 32.4
    endloop
  endfacet
  facet normal 0.242962 0.970036 0
    outer loop
      vertex -47.1221 -39.5865 32.4
      vertex -46.6937 -39.6938 2.4
      vertex -47.1221 -39.5865 2.4
    endloop
  endfacet
  facet normal -0.903908 -0.427726 0
    outer loop
      vertex -51.9686 -46.1213 2.4
      vertex -52.1575 -45.7221 32.4
      vertex -52.1575 -45.7221 2.4
    endloop
  endfacet
  facet normal -0.903908 -0.427726 0
    outer loop
      vertex -52.1575 -45.7221 32.4
      vertex -51.9686 -46.1213 2.4
      vertex -51.9686 -46.1213 32.4
    endloop
  endfacet
  facet normal 0.941598 -0.336738 0
    outer loop
      vertex -43.8425 -45.7221 32.4
      vertex -43.6938 -45.3063 2.4
      vertex -43.6938 -45.3063 32.4
    endloop
  endfacet
  facet normal 0.941598 -0.336738 0
    outer loop
      vertex -43.6938 -45.3063 2.4
      vertex -43.8425 -45.7221 32.4
      vertex -43.8425 -45.7221 2.4
    endloop
  endfacet
  facet normal 0.146746 0.989174 -0
    outer loop
      vertex -47.1221 -39.5865 2.4
      vertex -47.5589 -39.5217 32.4
      vertex -47.1221 -39.5865 32.4
    endloop
  endfacet
  facet normal 0.146746 0.989174 0
    outer loop
      vertex -47.5589 -39.5217 32.4
      vertex -47.1221 -39.5865 2.4
      vertex -47.5589 -39.5217 2.4
    endloop
  endfacet
  facet normal 0.427726 -0.903908 0
    outer loop
      vertex -46.2779 -48.1575 2.4
      vertex -45.8787 -47.9686 32.4
      vertex -46.2779 -48.1575 32.4
    endloop
  endfacet
  facet normal 0.427726 -0.903908 0
    outer loop
      vertex -45.8787 -47.9686 32.4
      vertex -46.2779 -48.1575 2.4
      vertex -45.8787 -47.9686 2.4
    endloop
  endfacet
  facet normal -0.336738 0.941598 0
    outer loop
      vertex -49.3063 -39.6938 2.4
      vertex -49.7221 -39.8425 32.4
      vertex -49.3063 -39.6938 32.4
    endloop
  endfacet
  facet normal -0.336738 0.941598 0
    outer loop
      vertex -49.7221 -39.8425 32.4
      vertex -49.3063 -39.6938 2.4
      vertex -49.7221 -39.8425 2.4
    endloop
  endfacet
  facet normal -0.857773 -0.514029 0
    outer loop
      vertex -51.7416 -46.5001 2.4
      vertex -51.9686 -46.1213 32.4
      vertex -51.9686 -46.1213 2.4
    endloop
  endfacet
  facet normal -0.857773 -0.514029 0
    outer loop
      vertex -51.9686 -46.1213 32.4
      vertex -51.7416 -46.5001 2.4
      vertex -51.7416 -46.5001 32.4
    endloop
  endfacet
  facet normal -0.595753 0.803168 0
    outer loop
      vertex -50.5001 -40.2584 2.4
      vertex -50.8548 -40.5215 32.4
      vertex -50.5001 -40.2584 32.4
    endloop
  endfacet
  facet normal -0.595753 0.803168 0
    outer loop
      vertex -50.8548 -40.5215 32.4
      vertex -50.5001 -40.2584 2.4
      vertex -50.8548 -40.5215 2.4
    endloop
  endfacet
  facet normal 0.941598 0.336738 0
    outer loop
      vertex -43.6938 -42.6937 32.4
      vertex -43.8425 -42.2779 2.4
      vertex -43.8425 -42.2779 32.4
    endloop
  endfacet
  facet normal 0.941598 0.336738 0
    outer loop
      vertex -43.8425 -42.2779 2.4
      vertex -43.6938 -42.6937 32.4
      vertex -43.6938 -42.6937 2.4
    endloop
  endfacet
  facet normal -0.427726 -0.903908 0
    outer loop
      vertex -50.1213 -47.9686 2.4
      vertex -49.7221 -48.1575 32.4
      vertex -50.1213 -47.9686 32.4
    endloop
  endfacet
  facet normal -0.427726 -0.903908 -0
    outer loop
      vertex -49.7221 -48.1575 32.4
      vertex -50.1213 -47.9686 2.4
      vertex -49.7221 -48.1575 2.4
    endloop
  endfacet
  facet normal 0.0491358 0.998792 -0
    outer loop
      vertex -47.5589 -39.5217 2.4
      vertex -48 -39.5 32.4
      vertex -47.5589 -39.5217 32.4
    endloop
  endfacet
  facet normal 0.0491358 0.998792 0
    outer loop
      vertex -48 -39.5 32.4
      vertex -47.5589 -39.5217 2.4
      vertex -48 -39.5 2.4
    endloop
  endfacet
  facet normal 0.514029 -0.857773 0
    outer loop
      vertex -45.8787 -47.9686 2.4
      vertex -45.4999 -47.7416 32.4
      vertex -45.8787 -47.9686 32.4
    endloop
  endfacet
  facet normal 0.514029 -0.857773 0
    outer loop
      vertex -45.4999 -47.7416 32.4
      vertex -45.8787 -47.9686 2.4
      vertex -45.4999 -47.7416 2.4
    endloop
  endfacet
  facet normal -0.146746 0.989174 0
    outer loop
      vertex -48.4411 -39.5217 2.4
      vertex -48.8779 -39.5865 32.4
      vertex -48.4411 -39.5217 32.4
    endloop
  endfacet
  facet normal -0.146746 0.989174 0
    outer loop
      vertex -48.8779 -39.5865 32.4
      vertex -48.4411 -39.5217 2.4
      vertex -48.8779 -39.5865 2.4
    endloop
  endfacet
  facet normal 0.903908 0.427726 0
    outer loop
      vertex -43.8425 -42.2779 32.4
      vertex -44.0314 -41.8787 2.4
      vertex -44.0314 -41.8787 32.4
    endloop
  endfacet
  facet normal 0.903908 0.427726 0
    outer loop
      vertex -44.0314 -41.8787 2.4
      vertex -43.8425 -42.2779 32.4
      vertex -43.8425 -42.2779 2.4
    endloop
  endfacet
  facet normal 0.970036 -0.242962 0
    outer loop
      vertex -43.6938 -45.3063 32.4
      vertex -43.5865 -44.8779 2.4
      vertex -43.5865 -44.8779 32.4
    endloop
  endfacet
  facet normal 0.970036 -0.242962 0
    outer loop
      vertex -43.5865 -44.8779 2.4
      vertex -43.6938 -45.3063 32.4
      vertex -43.6938 -45.3063 2.4
    endloop
  endfacet
  facet normal -0.0491358 0.998792 0
    outer loop
      vertex -48 -39.5 2.4
      vertex -48.4411 -39.5217 32.4
      vertex -48 -39.5 32.4
    endloop
  endfacet
  facet normal -0.0491358 0.998792 0
    outer loop
      vertex -48.4411 -39.5217 32.4
      vertex -48 -39.5 2.4
      vertex -48.4411 -39.5217 2.4
    endloop
  endfacet
  facet normal 0.595753 0.803168 -0
    outer loop
      vertex -45.1452 -40.5215 2.4
      vertex -45.4999 -40.2584 32.4
      vertex -45.1452 -40.5215 32.4
    endloop
  endfacet
  facet normal 0.595753 0.803168 0
    outer loop
      vertex -45.4999 -40.2584 32.4
      vertex -45.1452 -40.5215 2.4
      vertex -45.4999 -40.2584 2.4
    endloop
  endfacet
  facet normal 0.336738 -0.941598 0
    outer loop
      vertex -46.6937 -48.3062 2.4
      vertex -46.2779 -48.1575 32.4
      vertex -46.6937 -48.3062 32.4
    endloop
  endfacet
  facet normal 0.336738 -0.941598 0
    outer loop
      vertex -46.2779 -48.1575 32.4
      vertex -46.6937 -48.3062 2.4
      vertex -46.2779 -48.1575 2.4
    endloop
  endfacet
  facet normal 0.989174 -0.146746 0
    outer loop
      vertex -43.5865 -44.8779 32.4
      vertex -43.5217 -44.4411 2.4
      vertex -43.5217 -44.4411 32.4
    endloop
  endfacet
  facet normal 0.989174 -0.146746 0
    outer loop
      vertex -43.5217 -44.4411 2.4
      vertex -43.5865 -44.8779 32.4
      vertex -43.5865 -44.8779 2.4
    endloop
  endfacet
  facet normal -0.242962 -0.970036 0
    outer loop
      vertex -49.3063 -48.3062 2.4
      vertex -48.8779 -48.4135 32.4
      vertex -49.3063 -48.3062 32.4
    endloop
  endfacet
  facet normal -0.242962 -0.970036 -0
    outer loop
      vertex -48.8779 -48.4135 32.4
      vertex -49.3063 -48.3062 2.4
      vertex -48.8779 -48.4135 2.4
    endloop
  endfacet
  facet normal -0.671488 -0.741015 0
    outer loop
      vertex -51.182 -47.182 2.4
      vertex -50.8548 -47.4785 32.4
      vertex -51.182 -47.182 32.4
    endloop
  endfacet
  facet normal -0.671488 -0.741015 -0
    outer loop
      vertex -50.8548 -47.4785 32.4
      vertex -51.182 -47.182 2.4
      vertex -50.8548 -47.4785 2.4
    endloop
  endfacet
  facet normal -0.970036 -0.242962 0
    outer loop
      vertex -52.3062 -45.3063 2.4
      vertex -52.4135 -44.8779 32.4
      vertex -52.4135 -44.8779 2.4
    endloop
  endfacet
  facet normal -0.970036 -0.242962 0
    outer loop
      vertex -52.4135 -44.8779 32.4
      vertex -52.3062 -45.3063 2.4
      vertex -52.3062 -45.3063 32.4
    endloop
  endfacet
  facet normal 0.803168 0.595753 0
    outer loop
      vertex -44.2584 -41.4999 32.4
      vertex -44.5215 -41.1452 2.4
      vertex -44.5215 -41.1452 32.4
    endloop
  endfacet
  facet normal 0.803168 0.595753 0
    outer loop
      vertex -44.5215 -41.1452 2.4
      vertex -44.2584 -41.4999 32.4
      vertex -44.2584 -41.4999 2.4
    endloop
  endfacet
  facet normal 0.514029 0.857773 -0
    outer loop
      vertex -45.4999 -40.2584 2.4
      vertex -45.8787 -40.0314 32.4
      vertex -45.4999 -40.2584 32.4
    endloop
  endfacet
  facet normal 0.514029 0.857773 0
    outer loop
      vertex -45.8787 -40.0314 32.4
      vertex -45.4999 -40.2584 2.4
      vertex -45.8787 -40.0314 2.4
    endloop
  endfacet
  facet normal -0.146746 -0.989174 0
    outer loop
      vertex -48.8779 -48.4135 2.4
      vertex -48.4411 -48.4783 32.4
      vertex -48.8779 -48.4135 32.4
    endloop
  endfacet
  facet normal -0.146746 -0.989174 -0
    outer loop
      vertex -48.4411 -48.4783 32.4
      vertex -48.8779 -48.4135 2.4
      vertex -48.4411 -48.4783 2.4
    endloop
  endfacet
  facet normal 0.998792 -0.0491358 0
    outer loop
      vertex -43.5217 -44.4411 32.4
      vertex -43.5 -44 2.4
      vertex -43.5 -44 32.4
    endloop
  endfacet
  facet normal 0.998792 -0.0491358 0
    outer loop
      vertex -43.5 -44 2.4
      vertex -43.5217 -44.4411 32.4
      vertex -43.5217 -44.4411 2.4
    endloop
  endfacet
  facet normal -0.741015 -0.671488 0
    outer loop
      vertex -51.182 -47.182 2.4
      vertex -51.4785 -46.8548 32.4
      vertex -51.4785 -46.8548 2.4
    endloop
  endfacet
  facet normal -0.741015 -0.671488 0
    outer loop
      vertex -51.4785 -46.8548 32.4
      vertex -51.182 -47.182 2.4
      vertex -51.182 -47.182 32.4
    endloop
  endfacet
  facet normal 0.857773 -0.514029 0
    outer loop
      vertex -44.2584 -46.5001 32.4
      vertex -44.0314 -46.1213 2.4
      vertex -44.0314 -46.1213 32.4
    endloop
  endfacet
  facet normal 0.857773 -0.514029 0
    outer loop
      vertex -44.0314 -46.1213 2.4
      vertex -44.2584 -46.5001 32.4
      vertex -44.2584 -46.5001 2.4
    endloop
  endfacet
  facet normal 0.903908 -0.427726 0
    outer loop
      vertex -44.0314 -46.1213 32.4
      vertex -43.8425 -45.7221 2.4
      vertex -43.8425 -45.7221 32.4
    endloop
  endfacet
  facet normal 0.903908 -0.427726 0
    outer loop
      vertex -43.8425 -45.7221 2.4
      vertex -44.0314 -46.1213 32.4
      vertex -44.0314 -46.1213 2.4
    endloop
  endfacet
  facet normal -0.998792 -0.0491358 0
    outer loop
      vertex -52.4783 -44.4411 2.4
      vertex -52.5 -44 32.4
      vertex -52.5 -44 2.4
    endloop
  endfacet
  facet normal -0.998792 -0.0491358 0
    outer loop
      vertex -52.5 -44 32.4
      vertex -52.4783 -44.4411 2.4
      vertex -52.4783 -44.4411 32.4
    endloop
  endfacet
  facet normal -0.941598 0.336738 0
    outer loop
      vertex -52.3062 -42.6937 2.4
      vertex -52.1575 -42.2779 32.4
      vertex -52.1575 -42.2779 2.4
    endloop
  endfacet
  facet normal -0.941598 0.336738 0
    outer loop
      vertex -52.1575 -42.2779 32.4
      vertex -52.3062 -42.6937 2.4
      vertex -52.3062 -42.6937 32.4
    endloop
  endfacet
  facet normal 0.0491358 -0.998792 0
    outer loop
      vertex -48 -48.5 2.4
      vertex -47.5589 -48.4783 32.4
      vertex -48 -48.5 32.4
    endloop
  endfacet
  facet normal 0.0491358 -0.998792 0
    outer loop
      vertex -47.5589 -48.4783 32.4
      vertex -48 -48.5 2.4
      vertex -47.5589 -48.4783 2.4
    endloop
  endfacet
  facet normal -0.514029 0.857773 0
    outer loop
      vertex -50.1213 -40.0314 2.4
      vertex -50.5001 -40.2584 32.4
      vertex -50.1213 -40.0314 32.4
    endloop
  endfacet
  facet normal -0.514029 0.857773 0
    outer loop
      vertex -50.5001 -40.2584 32.4
      vertex -50.1213 -40.0314 2.4
      vertex -50.5001 -40.2584 2.4
    endloop
  endfacet
  facet normal -0.595753 -0.803168 0
    outer loop
      vertex -50.8548 -47.4785 2.4
      vertex -50.5001 -47.7416 32.4
      vertex -50.8548 -47.4785 32.4
    endloop
  endfacet
  facet normal -0.595753 -0.803168 -0
    outer loop
      vertex -50.5001 -47.7416 32.4
      vertex -50.8548 -47.4785 2.4
      vertex -50.5001 -47.7416 2.4
    endloop
  endfacet
  facet normal 0.741015 0.671488 0
    outer loop
      vertex -44.5215 -41.1452 32.4
      vertex -44.818 -40.818 2.4
      vertex -44.818 -40.818 32.4
    endloop
  endfacet
  facet normal 0.741015 0.671488 0
    outer loop
      vertex -44.818 -40.818 2.4
      vertex -44.5215 -41.1452 32.4
      vertex -44.5215 -41.1452 2.4
    endloop
  endfacet
  facet normal 0.336738 0.941598 -0
    outer loop
      vertex -46.2779 -39.8425 2.4
      vertex -46.6937 -39.6938 32.4
      vertex -46.2779 -39.8425 32.4
    endloop
  endfacet
  facet normal 0.336738 0.941598 0
    outer loop
      vertex -46.6937 -39.6938 32.4
      vertex -46.2779 -39.8425 2.4
      vertex -46.6937 -39.6938 2.4
    endloop
  endfacet
  facet normal 0.146746 -0.989174 0
    outer loop
      vertex -47.5589 -48.4783 2.4
      vertex -47.1221 -48.4135 32.4
      vertex -47.5589 -48.4783 32.4
    endloop
  endfacet
  facet normal 0.146746 -0.989174 0
    outer loop
      vertex -47.1221 -48.4135 32.4
      vertex -47.5589 -48.4783 2.4
      vertex -47.1221 -48.4135 2.4
    endloop
  endfacet
  facet normal 0.741015 -0.671488 0
    outer loop
      vertex -44.818 -47.182 32.4
      vertex -44.5215 -46.8548 2.4
      vertex -44.5215 -46.8548 32.4
    endloop
  endfacet
  facet normal 0.741015 -0.671488 0
    outer loop
      vertex -44.5215 -46.8548 2.4
      vertex -44.818 -47.182 32.4
      vertex -44.818 -47.182 2.4
    endloop
  endfacet
  facet normal 0.803168 -0.595753 0
    outer loop
      vertex -44.5215 -46.8548 32.4
      vertex -44.2584 -46.5001 2.4
      vertex -44.2584 -46.5001 32.4
    endloop
  endfacet
  facet normal 0.803168 -0.595753 0
    outer loop
      vertex -44.2584 -46.5001 2.4
      vertex -44.5215 -46.8548 32.4
      vertex -44.5215 -46.8548 2.4
    endloop
  endfacet
  facet normal 0.427726 0.903908 -0
    outer loop
      vertex -45.8787 -40.0314 2.4
      vertex -46.2779 -39.8425 32.4
      vertex -45.8787 -40.0314 32.4
    endloop
  endfacet
  facet normal 0.427726 0.903908 0
    outer loop
      vertex -46.2779 -39.8425 32.4
      vertex -45.8787 -40.0314 2.4
      vertex -46.2779 -39.8425 2.4
    endloop
  endfacet
  facet normal 0.857773 0.514029 0
    outer loop
      vertex -44.0314 -41.8787 32.4
      vertex -44.2584 -41.4999 2.4
      vertex -44.2584 -41.4999 32.4
    endloop
  endfacet
  facet normal 0.857773 0.514029 0
    outer loop
      vertex -44.2584 -41.4999 2.4
      vertex -44.0314 -41.8787 32.4
      vertex -44.0314 -41.8787 2.4
    endloop
  endfacet
  facet normal -0.857773 0.514029 0
    outer loop
      vertex -51.9686 -41.8787 2.4
      vertex -51.7416 -41.4999 32.4
      vertex -51.7416 -41.4999 2.4
    endloop
  endfacet
  facet normal -0.857773 0.514029 0
    outer loop
      vertex -51.7416 -41.4999 32.4
      vertex -51.9686 -41.8787 2.4
      vertex -51.9686 -41.8787 32.4
    endloop
  endfacet
  facet normal -0.427726 0.903908 0
    outer loop
      vertex -49.7221 -39.8425 2.4
      vertex -50.1213 -40.0314 32.4
      vertex -49.7221 -39.8425 32.4
    endloop
  endfacet
  facet normal -0.427726 0.903908 0
    outer loop
      vertex -50.1213 -40.0314 32.4
      vertex -49.7221 -39.8425 2.4
      vertex -50.1213 -40.0314 2.4
    endloop
  endfacet
  facet normal -0.671488 0.741015 0
    outer loop
      vertex -50.8548 -40.5215 2.4
      vertex -51.182 -40.818 32.4
      vertex -50.8548 -40.5215 32.4
    endloop
  endfacet
  facet normal -0.671488 0.741015 0
    outer loop
      vertex -51.182 -40.818 32.4
      vertex -50.8548 -40.5215 2.4
      vertex -51.182 -40.818 2.4
    endloop
  endfacet
  facet normal -0.941598 -0.336738 0
    outer loop
      vertex -52.1575 -45.7221 2.4
      vertex -52.3062 -45.3063 32.4
      vertex -52.3062 -45.3063 2.4
    endloop
  endfacet
  facet normal -0.941598 -0.336738 0
    outer loop
      vertex -52.3062 -45.3063 32.4
      vertex -52.1575 -45.7221 2.4
      vertex -52.1575 -45.7221 32.4
    endloop
  endfacet
  facet normal 0.671488 0.741015 -0
    outer loop
      vertex -44.818 -40.818 2.4
      vertex -45.1452 -40.5215 32.4
      vertex -44.818 -40.818 32.4
    endloop
  endfacet
  facet normal 0.671488 0.741015 0
    outer loop
      vertex -45.1452 -40.5215 32.4
      vertex -44.818 -40.818 2.4
      vertex -45.1452 -40.5215 2.4
    endloop
  endfacet
  facet normal 0.242962 -0.970036 0
    outer loop
      vertex -47.1221 -48.4135 2.4
      vertex -46.6937 -48.3062 32.4
      vertex -47.1221 -48.4135 32.4
    endloop
  endfacet
  facet normal 0.242962 -0.970036 0
    outer loop
      vertex -46.6937 -48.3062 32.4
      vertex -47.1221 -48.4135 2.4
      vertex -46.6937 -48.3062 2.4
    endloop
  endfacet
  facet normal -0.242962 0.970036 0
    outer loop
      vertex -48.8779 -39.5865 2.4
      vertex -49.3063 -39.6938 32.4
      vertex -48.8779 -39.5865 32.4
    endloop
  endfacet
  facet normal -0.242962 0.970036 0
    outer loop
      vertex -49.3063 -39.6938 32.4
      vertex -48.8779 -39.5865 2.4
      vertex -49.3063 -39.6938 2.4
    endloop
  endfacet
  facet normal 0.595753 -0.803168 0
    outer loop
      vertex -45.4999 -47.7416 2.4
      vertex -45.1452 -47.4785 32.4
      vertex -45.4999 -47.7416 32.4
    endloop
  endfacet
  facet normal 0.595753 -0.803168 0
    outer loop
      vertex -45.1452 -47.4785 32.4
      vertex -45.4999 -47.7416 2.4
      vertex -45.1452 -47.4785 2.4
    endloop
  endfacet
  facet normal -0.970036 0.242962 0
    outer loop
      vertex -52.4135 -43.1221 2.4
      vertex -52.3062 -42.6937 32.4
      vertex -52.3062 -42.6937 2.4
    endloop
  endfacet
  facet normal -0.970036 0.242962 0
    outer loop
      vertex -52.3062 -42.6937 32.4
      vertex -52.4135 -43.1221 2.4
      vertex -52.4135 -43.1221 32.4
    endloop
  endfacet
  facet normal -0.741015 0.671488 0
    outer loop
      vertex -51.4785 -41.1452 2.4
      vertex -51.182 -40.818 32.4
      vertex -51.182 -40.818 2.4
    endloop
  endfacet
  facet normal -0.741015 0.671488 0
    outer loop
      vertex -51.182 -40.818 32.4
      vertex -51.4785 -41.1452 2.4
      vertex -51.4785 -41.1452 32.4
    endloop
  endfacet
  facet normal -0.803168 -0.595753 0
    outer loop
      vertex -51.4785 -46.8548 2.4
      vertex -51.7416 -46.5001 32.4
      vertex -51.7416 -46.5001 2.4
    endloop
  endfacet
  facet normal -0.803168 -0.595753 0
    outer loop
      vertex -51.7416 -46.5001 32.4
      vertex -51.4785 -46.8548 2.4
      vertex -51.4785 -46.8548 32.4
    endloop
  endfacet
  facet normal -0.989174 -0.146746 0
    outer loop
      vertex -52.4135 -44.8779 2.4
      vertex -52.4783 -44.4411 32.4
      vertex -52.4783 -44.4411 2.4
    endloop
  endfacet
  facet normal -0.989174 -0.146746 0
    outer loop
      vertex -52.4783 -44.4411 32.4
      vertex -52.4135 -44.8779 2.4
      vertex -52.4135 -44.8779 32.4
    endloop
  endfacet
  facet normal -0.903908 0.427726 0
    outer loop
      vertex -52.1575 -42.2779 2.4
      vertex -51.9686 -41.8787 32.4
      vertex -51.9686 -41.8787 2.4
    endloop
  endfacet
  facet normal -0.903908 0.427726 0
    outer loop
      vertex -51.9686 -41.8787 32.4
      vertex -52.1575 -42.2779 2.4
      vertex -52.1575 -42.2779 32.4
    endloop
  endfacet
  facet normal -0.803168 0.595753 0
    outer loop
      vertex -51.7416 -41.4999 2.4
      vertex -51.4785 -41.1452 32.4
      vertex -51.4785 -41.1452 2.4
    endloop
  endfacet
  facet normal -0.803168 0.595753 0
    outer loop
      vertex -51.4785 -41.1452 32.4
      vertex -51.7416 -41.4999 2.4
      vertex -51.7416 -41.4999 32.4
    endloop
  endfacet
  facet normal -0.514029 -0.857773 0
    outer loop
      vertex -50.5001 -47.7416 2.4
      vertex -50.1213 -47.9686 32.4
      vertex -50.5001 -47.7416 32.4
    endloop
  endfacet
  facet normal -0.514029 -0.857773 -0
    outer loop
      vertex -50.1213 -47.9686 32.4
      vertex -50.5001 -47.7416 2.4
      vertex -50.1213 -47.9686 2.4
    endloop
  endfacet
  facet normal -0.0491358 -0.998792 0
    outer loop
      vertex -48.4411 -48.4783 2.4
      vertex -48 -48.5 32.4
      vertex -48.4411 -48.4783 32.4
    endloop
  endfacet
  facet normal -0.0491358 -0.998792 -0
    outer loop
      vertex -48 -48.5 32.4
      vertex -48.4411 -48.4783 2.4
      vertex -48 -48.5 2.4
    endloop
  endfacet
  facet normal -0.989174 0.146746 0
    outer loop
      vertex -52.4783 -43.5589 2.4
      vertex -52.4135 -43.1221 32.4
      vertex -52.4135 -43.1221 2.4
    endloop
  endfacet
  facet normal -0.989174 0.146746 0
    outer loop
      vertex -52.4135 -43.1221 32.4
      vertex -52.4783 -43.5589 2.4
      vertex -52.4783 -43.5589 32.4
    endloop
  endfacet
  facet normal -0.998792 0.0491358 0
    outer loop
      vertex -52.5 -44 2.4
      vertex -52.4783 -43.5589 32.4
      vertex -52.4783 -43.5589 2.4
    endloop
  endfacet
  facet normal -0.998792 0.0491358 0
    outer loop
      vertex -52.4783 -43.5589 32.4
      vertex -52.5 -44 2.4
      vertex -52.5 -44 32.4
    endloop
  endfacet
  facet normal -0.336738 -0.941598 0
    outer loop
      vertex -49.7221 -48.1575 2.4
      vertex -49.3063 -48.3062 32.4
      vertex -49.7221 -48.1575 32.4
    endloop
  endfacet
  facet normal -0.336738 -0.941598 -0
    outer loop
      vertex -49.3063 -48.3062 32.4
      vertex -49.7221 -48.1575 2.4
      vertex -49.3063 -48.3062 2.4
    endloop
  endfacet
  facet normal 0.671488 -0.741015 0
    outer loop
      vertex -45.1452 -47.4785 2.4
      vertex -44.818 -47.182 32.4
      vertex -45.1452 -47.4785 32.4
    endloop
  endfacet
  facet normal 0.671488 -0.741015 0
    outer loop
      vertex -44.818 -47.182 32.4
      vertex -45.1452 -47.4785 2.4
      vertex -44.818 -47.182 2.4
    endloop
  endfacet
  facet normal 0 0 -1
    outer loop
      vertex -35.9123 -86.7 0
      vertex -6.29999 -82 0
      vertex -6.26965 -82.6175 0
    endloop
  endfacet
  facet normal 0 0 -1
    outer loop
      vertex -46 -18 0
      vertex -10 -18 0
      vertex -10 -20 0
    endloop
  endfacet
  facet normal 0 0 -1
    outer loop
      vertex -10 -18 0
      vertex -46 -18 0
      vertex -10 18 0
    endloop
  endfacet
  facet normal 0 0 -1
    outer loop
      vertex -6.29999 -82 0
      vertex -44.5359 -44 0
      vertex -10 -20 0
    endloop
  endfacet
  facet normal 0 0 -1
    outer loop
      vertex -46.2679 -47 0
      vertex -6.29999 -82 0
      vertex -35.9123 -86.7 0
    endloop
  endfacet
  facet normal -0 0 -1
    outer loop
      vertex -6.17894 -83.2291 0
      vertex -35.9123 -86.7 0
      vertex -6.26965 -82.6175 0
    endloop
  endfacet
  facet normal -0 0 -1
    outer loop
      vertex -6.02872 -83.8288 0
      vertex -35.9123 -86.7 0
      vertex -6.17894 -83.2291 0
    endloop
  endfacet
  facet normal -0 0 -1
    outer loop
      vertex -5.82043 -84.4109 0
      vertex -35.9123 -86.7 0
      vertex -6.02872 -83.8288 0
    endloop
  endfacet
  facet normal -0 0 -1
    outer loop
      vertex -5.55609 -84.9698 0
      vertex -35.9123 -86.7 0
      vertex -5.82043 -84.4109 0
    endloop
  endfacet
  facet normal -0 0 -1
    outer loop
      vertex -5.23825 -85.5001 0
      vertex -35.9123 -86.7 0
      vertex -5.55609 -84.9698 0
    endloop
  endfacet
  facet normal -0 0 -1
    outer loop
      vertex -4.86996 -85.9967 0
      vertex -35.9123 -86.7 0
      vertex -5.23825 -85.5001 0
    endloop
  endfacet
  facet normal -0 0 -1
    outer loop
      vertex -4.45476 -86.4548 0
      vertex -35.9123 -86.7 0
      vertex -4.86996 -85.9967 0
    endloop
  endfacet
  facet normal 0 0 -1
    outer loop
      vertex -35.9123 -86.7 0
      vertex -4.45476 -86.4548 0
      vertex -4.18419 -86.7 0
    endloop
  endfacet
  facet normal 0 0 -1
    outer loop
      vertex -10 -18 0
      vertex -6 18 0
      vertex -6 -18 0
    endloop
  endfacet
  facet normal -0 0 -1
    outer loop
      vertex -6 18 0
      vertex -10 -18 0
      vertex -10 18 0
    endloop
  endfacet
  facet normal 0 0 -1
    outer loop
      vertex 35.9123 -86.7 0
      vertex 5.23825 -78.4999 0
      vertex 46.2679 -47 0
    endloop
  endfacet
  facet normal 0 0 -1
    outer loop
      vertex 14 18 0
      vertex 6.26965 81.3825 0
      vertex 6.29999 82 0
    endloop
  endfacet
  facet normal 0 0 -1
    outer loop
      vertex 4.86996 -78.0033 0
      vertex 46.2679 -47 0
      vertex 5.23825 -78.4999 0
    endloop
  endfacet
  facet normal 0 0 -1
    outer loop
      vertex 14 18 0
      vertex 6.17894 80.7709 0
      vertex 6.26965 81.3825 0
    endloop
  endfacet
  facet normal 0 0 -1
    outer loop
      vertex 4.45476 -77.5452 0
      vertex 46.2679 -47 0
      vertex 4.86996 -78.0033 0
    endloop
  endfacet
  facet normal 0 0 -1
    outer loop
      vertex 14 18 0
      vertex 6.02872 80.1712 0
      vertex 6.17894 80.7709 0
    endloop
  endfacet
  facet normal -0 0 -1
    outer loop
      vertex 46.2679 -47 0
      vertex 4.45476 -77.5452 0
      vertex 44.5359 -44 0
    endloop
  endfacet
  facet normal 0 0 -1
    outer loop
      vertex -6 18 0
      vertex 14 18 0
      vertex -6 -18 0
    endloop
  endfacet
  facet normal 0 0 -1
    outer loop
      vertex 3.99667 -77.13 0
      vertex 44.5359 -44 0
      vertex 4.45476 -77.5452 0
    endloop
  endfacet
  facet normal 0 0 -1
    outer loop
      vertex -6 20 0
      vertex 14 18 0
      vertex -6 18 0
    endloop
  endfacet
  facet normal 0 0 -1
    outer loop
      vertex -6 -18 0
      vertex 14 -18 0
      vertex -6 -20 0
    endloop
  endfacet
  facet normal 0 0 -1
    outer loop
      vertex 14 18 0
      vertex 5.82043 79.5891 0
      vertex 6.02872 80.1712 0
    endloop
  endfacet
  facet normal 0 0 -1
    outer loop
      vertex 3.50009 -76.7617 0
      vertex 44.5359 -44 0
      vertex 3.99667 -77.13 0
    endloop
  endfacet
  facet normal 0 -0 -1
    outer loop
      vertex 1.22906 75.821 0
      vertex 14 18 0
      vertex -6 20 0
    endloop
  endfacet
  facet normal 0 0 -1
    outer loop
      vertex 2.96979 -76.4439 0
      vertex 44.5359 -44 0
      vertex 3.50009 -76.7617 0
    endloop
  endfacet
  facet normal 0 0 -1
    outer loop
      vertex 14 18 0
      vertex 5.55609 79.0302 0
      vertex 5.82043 79.5891 0
    endloop
  endfacet
  facet normal -0 0 -1
    outer loop
      vertex 44.5359 -44 0
      vertex 2.96979 -76.4439 0
      vertex 14 -20 0
    endloop
  endfacet
  facet normal 0 0 -1
    outer loop
      vertex 14 18 0
      vertex 5.23825 78.4999 0
      vertex 5.55609 79.0302 0
    endloop
  endfacet
  facet normal 0 0 -1
    outer loop
      vertex 2.4109 -76.1796 0
      vertex 14 -20 0
      vertex 2.96979 -76.4439 0
    endloop
  endfacet
  facet normal 0 0 -1
    outer loop
      vertex 14 18 0
      vertex 4.86996 78.0033 0
      vertex 5.23825 78.4999 0
    endloop
  endfacet
  facet normal 0 0 -1
    outer loop
      vertex 1.82878 -75.9713 0
      vertex 14 -20 0
      vertex 2.4109 -76.1796 0
    endloop
  endfacet
  facet normal 0 0 -1
    outer loop
      vertex 14 18 0
      vertex 4.45476 77.5452 0
      vertex 4.86996 78.0033 0
    endloop
  endfacet
  facet normal 0 0 -1
    outer loop
      vertex 1.22906 -75.821 0
      vertex 14 -20 0
      vertex 1.82878 -75.9713 0
    endloop
  endfacet
  facet normal 0 0 -1
    outer loop
      vertex 14 18 0
      vertex 3.99667 77.13 0
      vertex 4.45476 77.5452 0
    endloop
  endfacet
  facet normal 0 0 -1
    outer loop
      vertex 0.617508 -75.7303 0
      vertex 14 -20 0
      vertex 1.22906 -75.821 0
    endloop
  endfacet
  facet normal 0 0 -1
    outer loop
      vertex 14 18 0
      vertex 3.50009 76.7617 0
      vertex 3.99667 77.13 0
    endloop
  endfacet
  facet normal 0 0 -1
    outer loop
      vertex 14 -20 0
      vertex -6 -20 0
      vertex 14 -18 0
    endloop
  endfacet
  facet normal 0 0 -1
    outer loop
      vertex 14 18 0
      vertex 2.96979 76.4439 0
      vertex 3.50009 76.7617 0
    endloop
  endfacet
  facet normal -0 0 -1
    outer loop
      vertex 14 -20 0
      vertex 0.617508 -75.7303 0
      vertex -6 -20 0
    endloop
  endfacet
  facet normal 0 0 -1
    outer loop
      vertex 14 18 0
      vertex 2.4109 76.1796 0
      vertex 2.96979 76.4439 0
    endloop
  endfacet
  facet normal 0 0 -1
    outer loop
      vertex -6 -20 0
      vertex 0.617508 -75.7303 0
      vertex 0 -75.7 0
    endloop
  endfacet
  facet normal 0 0 -1
    outer loop
      vertex 14 18 0
      vertex 1.82878 75.9713 0
      vertex 2.4109 76.1796 0
    endloop
  endfacet
  facet normal 0 0 -1
    outer loop
      vertex -6 -20 0
      vertex 0 -75.7 0
      vertex -0.617508 -75.7303 0
    endloop
  endfacet
  facet normal 0 0 -1
    outer loop
      vertex 14 18 0
      vertex 1.22906 75.821 0
      vertex 1.82878 75.9713 0
    endloop
  endfacet
  facet normal 0 0 -1
    outer loop
      vertex -6 -20 0
      vertex -0.617508 -75.7303 0
      vertex -1.22906 -75.821 0
    endloop
  endfacet
  facet normal 0 0 -1
    outer loop
      vertex 1.22906 75.821 0
      vertex -6 20 0
      vertex 0.617508 75.7303 0
    endloop
  endfacet
  facet normal 0 0 -1
    outer loop
      vertex -10 -20 0
      vertex -1.22906 -75.821 0
      vertex -1.82878 -75.9713 0
    endloop
  endfacet
  facet normal 0 0 -1
    outer loop
      vertex 0.617508 75.7303 0
      vertex -6 20 0
      vertex 0 75.7 0
    endloop
  endfacet
  facet normal 0 0 -1
    outer loop
      vertex -10 -20 0
      vertex -1.82878 -75.9713 0
      vertex -2.4109 -76.1796 0
    endloop
  endfacet
  facet normal -0 0 -1
    outer loop
      vertex 0 75.7 0
      vertex -6 20 0
      vertex -0.617508 75.7303 0
    endloop
  endfacet
  facet normal 0 0 -1
    outer loop
      vertex -10 -20 0
      vertex -2.4109 -76.1796 0
      vertex -2.96979 -76.4439 0
    endloop
  endfacet
  facet normal -0 0 -1
    outer loop
      vertex -0.617508 75.7303 0
      vertex -6 20 0
      vertex -1.22906 75.821 0
    endloop
  endfacet
  facet normal 0 0 -1
    outer loop
      vertex -10 -20 0
      vertex -2.96979 -76.4439 0
      vertex -3.50009 -76.7617 0
    endloop
  endfacet
  facet normal 0 0 -1
    outer loop
      vertex -10 20 0
      vertex -1.22906 75.821 0
      vertex -6 20 0
    endloop
  endfacet
  facet normal 0 0 -1
    outer loop
      vertex -10 -20 0
      vertex -3.50009 -76.7617 0
      vertex -3.99667 -77.13 0
    endloop
  endfacet
  facet normal -0 0 -1
    outer loop
      vertex -1.22906 75.821 0
      vertex -10 20 0
      vertex -1.82878 75.9713 0
    endloop
  endfacet
  facet normal 0 0 -1
    outer loop
      vertex -10 -20 0
      vertex -3.99667 -77.13 0
      vertex -4.45476 -77.5452 0
    endloop
  endfacet
  facet normal -0 0 -1
    outer loop
      vertex -1.82878 75.9713 0
      vertex -10 20 0
      vertex -2.4109 76.1796 0
    endloop
  endfacet
  facet normal 0 0 -1
    outer loop
      vertex -10 -20 0
      vertex -4.45476 -77.5452 0
      vertex -4.86996 -78.0033 0
    endloop
  endfacet
  facet normal 0 0 -1
    outer loop
      vertex 14 -18 0
      vertex -6 -18 0
      vertex 14 18 0
    endloop
  endfacet
  facet normal 0 0 -1
    outer loop
      vertex -10 -20 0
      vertex -4.86996 -78.0033 0
      vertex -5.23825 -78.4999 0
    endloop
  endfacet
  facet normal -0 0 -1
    outer loop
      vertex -2.4109 76.1796 0
      vertex -10 20 0
      vertex -2.96979 76.4439 0
    endloop
  endfacet
  facet normal 0 0 -1
    outer loop
      vertex -10 -20 0
      vertex -5.23825 -78.4999 0
      vertex -5.55609 -79.0302 0
    endloop
  endfacet
  facet normal 0 0 -1
    outer loop
      vertex -44.5359 44 0
      vertex -2.96979 76.4439 0
      vertex -10 20 0
    endloop
  endfacet
  facet normal 0 0 -1
    outer loop
      vertex -10 -20 0
      vertex -5.55609 -79.0302 0
      vertex -5.82043 -79.5891 0
    endloop
  endfacet
  facet normal -0 0 -1
    outer loop
      vertex -2.96979 76.4439 0
      vertex -44.5359 44 0
      vertex -3.50009 76.7617 0
    endloop
  endfacet
  facet normal -0 0 -1
    outer loop
      vertex -3.50009 76.7617 0
      vertex -44.5359 44 0
      vertex -3.99667 77.13 0
    endloop
  endfacet
  facet normal 0 0 -1
    outer loop
      vertex -10 -20 0
      vertex -5.82043 -79.5891 0
      vertex -6.02872 -80.1712 0
    endloop
  endfacet
  facet normal 0 0 -1
    outer loop
      vertex -10 -20 0
      vertex -6.02872 -80.1712 0
      vertex -6.17894 -80.7709 0
    endloop
  endfacet
  facet normal 0 0 -1
    outer loop
      vertex -10 -20 0
      vertex -6.17894 -80.7709 0
      vertex -6.26965 -81.3825 0
    endloop
  endfacet
  facet normal 0 0 -1
    outer loop
      vertex -10 -20 0
      vertex -6.26965 -81.3825 0
      vertex -6.29999 -82 0
    endloop
  endfacet
  facet normal 0 0 -1
    outer loop
      vertex -1.22906 -75.821 0
      vertex -10 -20 0
      vertex -6 -20 0
    endloop
  endfacet
  facet normal 0 0 -1
    outer loop
      vertex 14 -18 0
      vertex 18 18 0
      vertex 18 -18 0
    endloop
  endfacet
  facet normal -0 0 -1
    outer loop
      vertex 18 18 0
      vertex 14 -18 0
      vertex 14 18 0
    endloop
  endfacet
  facet normal 0 0 -1
    outer loop
      vertex 34 -18 0
      vertex 38 18 0
      vertex 38 -18 0
    endloop
  endfacet
  facet normal -0 0 -1
    outer loop
      vertex 38 18 0
      vertex 34 -18 0
      vertex 34 18 0
    endloop
  endfacet
  facet normal 0 0 -1
    outer loop
      vertex 86.7 -35.9123 0
      vertex 38 -18 0
      vertex 86.7 35.9123 0
    endloop
  endfacet
  facet normal 0 0 -1
    outer loop
      vertex 86.7 35.9123 0
      vertex 49.732 41 0
      vertex 51.4641 44 0
    endloop
  endfacet
  facet normal 0 0 -1
    outer loop
      vertex 38 -20 0
      vertex 49.732 -41 0
      vertex 46.2679 -41 0
    endloop
  endfacet
  facet normal 0 0 -1
    outer loop
      vertex 38 18 0
      vertex 86.7 35.9123 0
      vertex 38 -18 0
    endloop
  endfacet
  facet normal 0 0 -1
    outer loop
      vertex 34 -20 0
      vertex 46.2679 -41 0
      vertex 44.5359 -44 0
    endloop
  endfacet
  facet normal -0 0 -1
    outer loop
      vertex 86.7 35.9123 0
      vertex 38 18 0
      vertex 49.732 41 0
    endloop
  endfacet
  facet normal 0 0 -1
    outer loop
      vertex 49.732 -41 0
      vertex 86.7 -35.9123 0
      vertex 51.4641 -44 0
    endloop
  endfacet
  facet normal 0 0 -1
    outer loop
      vertex 86.7 -35.9123 0
      vertex 49.732 -47 0
      vertex 51.4641 -44 0
    endloop
  endfacet
  facet normal 0 0 -1
    outer loop
      vertex 49.732 -41 0
      vertex 38 -20 0
      vertex 38 -18 0
    endloop
  endfacet
  facet normal 0 0 -1
    outer loop
      vertex 35.9123 -86.7 0
      vertex 49.732 -47 0
      vertex 86.7 -35.9123 0
    endloop
  endfacet
  facet normal 0 0 -1
    outer loop
      vertex 35.9123 -86.7 0
      vertex 46.2679 -47 0
      vertex 49.732 -47 0
    endloop
  endfacet
  facet normal 0 0 -1
    outer loop
      vertex 6.26965 -81.3825 0
      vertex 35.9123 -86.7 0
      vertex 6.29999 -82 0
    endloop
  endfacet
  facet normal 0 0 -1
    outer loop
      vertex 6.17894 -80.7709 0
      vertex 35.9123 -86.7 0
      vertex 6.26965 -81.3825 0
    endloop
  endfacet
  facet normal 0 0 -1
    outer loop
      vertex 46.2679 -41 0
      vertex 34 -20 0
      vertex 38 -20 0
    endloop
  endfacet
  facet normal 0 0 -1
    outer loop
      vertex 18 -18 0
      vertex 34 -18 0
      vertex 34 -20 0
    endloop
  endfacet
  facet normal 0 0 -1
    outer loop
      vertex 34 -18 0
      vertex 18 -18 0
      vertex 34 18 0
    endloop
  endfacet
  facet normal 0 0 -1
    outer loop
      vertex 18 -18 0
      vertex 34 -20 0
      vertex 18 -20 0
    endloop
  endfacet
  facet normal 0 0 -1
    outer loop
      vertex 44.5359 -44 0
      vertex 18 -20 0
      vertex 34 -20 0
    endloop
  endfacet
  facet normal 0 0 -1
    outer loop
      vertex 6.02872 -80.1712 0
      vertex 35.9123 -86.7 0
      vertex 6.17894 -80.7709 0
    endloop
  endfacet
  facet normal 0 0 -1
    outer loop
      vertex 5.82043 -79.5891 0
      vertex 35.9123 -86.7 0
      vertex 6.02872 -80.1712 0
    endloop
  endfacet
  facet normal 0 0 -1
    outer loop
      vertex 5.55609 -79.0302 0
      vertex 35.9123 -86.7 0
      vertex 5.82043 -79.5891 0
    endloop
  endfacet
  facet normal 0 0 -1
    outer loop
      vertex 5.23825 -78.4999 0
      vertex 35.9123 -86.7 0
      vertex 5.55609 -79.0302 0
    endloop
  endfacet
  facet normal 0 0 -1
    outer loop
      vertex 44.5359 -44 0
      vertex 14 -20 0
      vertex 18 -20 0
    endloop
  endfacet
  facet normal 0 0 -1
    outer loop
      vertex 35.9123 -86.7 0
      vertex 6.26965 -82.6175 0
      vertex 6.29999 -82 0
    endloop
  endfacet
  facet normal 0 0 -1
    outer loop
      vertex 35.9123 -86.7 0
      vertex 6.17894 -83.2291 0
      vertex 6.26965 -82.6175 0
    endloop
  endfacet
  facet normal 0 0 -1
    outer loop
      vertex 35.9123 -86.7 0
      vertex 6.02872 -83.8288 0
      vertex 6.17894 -83.2291 0
    endloop
  endfacet
  facet normal 0 0 -1
    outer loop
      vertex 35.9123 -86.7 0
      vertex 5.82043 -84.4109 0
      vertex 6.02872 -83.8288 0
    endloop
  endfacet
  facet normal 0 0 -1
    outer loop
      vertex 35.9123 -86.7 0
      vertex 5.55609 -84.9698 0
      vertex 5.82043 -84.4109 0
    endloop
  endfacet
  facet normal 0 0 -1
    outer loop
      vertex 35.9123 -86.7 0
      vertex 5.23825 -85.5001 0
      vertex 5.55609 -84.9698 0
    endloop
  endfacet
  facet normal 0 0 -1
    outer loop
      vertex 35.9123 -86.7 0
      vertex 4.86996 -85.9967 0
      vertex 5.23825 -85.5001 0
    endloop
  endfacet
  facet normal 0 0 -1
    outer loop
      vertex 35.9123 -86.7 0
      vertex 4.45476 -86.4548 0
      vertex 4.86996 -85.9967 0
    endloop
  endfacet
  facet normal 0 -0 -1
    outer loop
      vertex 4.45476 -86.4548 0
      vertex 35.9123 -86.7 0
      vertex 4.18419 -86.7 0
    endloop
  endfacet
  facet normal 0 0 -1
    outer loop
      vertex 38 -18 0
      vertex 86.7 -35.9123 0
      vertex 49.732 -41 0
    endloop
  endfacet
  facet normal 0 0 -1
    outer loop
      vertex 49.732 47 0
      vertex 86.7 35.9123 0
      vertex 51.4641 44 0
    endloop
  endfacet
  facet normal 0 0 -1
    outer loop
      vertex 38 20 0
      vertex 49.732 41 0
      vertex 38 18 0
    endloop
  endfacet
  facet normal -0 0 -1
    outer loop
      vertex 49.732 41 0
      vertex 38 20 0
      vertex 46.2679 41 0
    endloop
  endfacet
  facet normal 0 0 -1
    outer loop
      vertex 34 20 0
      vertex 46.2679 41 0
      vertex 38 20 0
    endloop
  endfacet
  facet normal 0 0 -1
    outer loop
      vertex 49.732 47 0
      vertex 35.9123 86.7 0
      vertex 86.7 35.9123 0
    endloop
  endfacet
  facet normal 0 0 -1
    outer loop
      vertex 46.2679 47 0
      vertex 35.9123 86.7 0
      vertex 49.732 47 0
    endloop
  endfacet
  facet normal 0 0 -1
    outer loop
      vertex 6.29999 82 0
      vertex 46.2679 47 0
      vertex 44.5359 44 0
    endloop
  endfacet
  facet normal -0 0 -1
    outer loop
      vertex 46.2679 41 0
      vertex 34 20 0
      vertex 44.5359 44 0
    endloop
  endfacet
  facet normal 0 0 -1
    outer loop
      vertex 18 20 0
      vertex 44.5359 44 0
      vertex 34 20 0
    endloop
  endfacet
  facet normal 0 0 -1
    outer loop
      vertex 18 18 0
      vertex 34 18 0
      vertex 18 -18 0
    endloop
  endfacet
  facet normal 0 0 -1
    outer loop
      vertex 34 18 0
      vertex 18 18 0
      vertex 34 20 0
    endloop
  endfacet
  facet normal 0 0 -1
    outer loop
      vertex 18 20 0
      vertex 34 20 0
      vertex 18 18 0
    endloop
  endfacet
  facet normal 0 0 -1
    outer loop
      vertex 14 20 0
      vertex 44.5359 44 0
      vertex 18 20 0
    endloop
  endfacet
  facet normal -0 0 -1
    outer loop
      vertex 44.5359 44 0
      vertex 14 20 0
      vertex 6.29999 82 0
    endloop
  endfacet
  facet normal 0 0 -1
    outer loop
      vertex 14 18 0
      vertex 6.29999 82 0
      vertex 14 20 0
    endloop
  endfacet
  facet normal 0 0 -1
    outer loop
      vertex 46.2679 47 0
      vertex 6.29999 82 0
      vertex 35.9123 86.7 0
    endloop
  endfacet
  facet normal 0 0 -1
    outer loop
      vertex 6.26965 82.6175 0
      vertex 35.9123 86.7 0
      vertex 6.29999 82 0
    endloop
  endfacet
  facet normal 0 0 -1
    outer loop
      vertex 6.17894 83.2291 0
      vertex 35.9123 86.7 0
      vertex 6.26965 82.6175 0
    endloop
  endfacet
  facet normal 0 0 -1
    outer loop
      vertex 6.02872 83.8288 0
      vertex 35.9123 86.7 0
      vertex 6.17894 83.2291 0
    endloop
  endfacet
  facet normal 0 0 -1
    outer loop
      vertex 5.82043 84.4109 0
      vertex 35.9123 86.7 0
      vertex 6.02872 83.8288 0
    endloop
  endfacet
  facet normal 0 0 -1
    outer loop
      vertex 5.55609 84.9698 0
      vertex 35.9123 86.7 0
      vertex 5.82043 84.4109 0
    endloop
  endfacet
  facet normal 0 0 -1
    outer loop
      vertex 5.23825 85.5001 0
      vertex 35.9123 86.7 0
      vertex 5.55609 84.9698 0
    endloop
  endfacet
  facet normal 0 0 -1
    outer loop
      vertex 4.86996 85.9967 0
      vertex 35.9123 86.7 0
      vertex 5.23825 85.5001 0
    endloop
  endfacet
  facet normal 0 0 -1
    outer loop
      vertex 4.45476 86.4548 0
      vertex 35.9123 86.7 0
      vertex 4.86996 85.9967 0
    endloop
  endfacet
  facet normal -0 0 -1
    outer loop
      vertex 35.9123 86.7 0
      vertex 4.45476 86.4548 0
      vertex 4.18419 86.7 0
    endloop
  endfacet
  facet normal -0 0 -1
    outer loop
      vertex -3.99667 77.13 0
      vertex -44.5359 44 0
      vertex -4.45476 77.5452 0
    endloop
  endfacet
  facet normal 0 0 -1
    outer loop
      vertex -46.2679 47 0
      vertex -4.45476 77.5452 0
      vertex -44.5359 44 0
    endloop
  endfacet
  facet normal -0 0 -1
    outer loop
      vertex -4.45476 77.5452 0
      vertex -46.2679 47 0
      vertex -4.86996 78.0033 0
    endloop
  endfacet
  facet normal -0 0 -1
    outer loop
      vertex -4.86996 78.0033 0
      vertex -46.2679 47 0
      vertex -5.23825 78.4999 0
    endloop
  endfacet
  facet normal 0 -0 -1
    outer loop
      vertex -35.9123 86.7 0
      vertex -5.23825 78.4999 0
      vertex -46.2679 47 0
    endloop
  endfacet
  facet normal 0 0 -1
    outer loop
      vertex -5.23825 78.4999 0
      vertex -35.9123 86.7 0
      vertex -5.55609 79.0302 0
    endloop
  endfacet
  facet normal 0 0 -1
    outer loop
      vertex -5.55609 79.0302 0
      vertex -35.9123 86.7 0
      vertex -5.82043 79.5891 0
    endloop
  endfacet
  facet normal 0 0 -1
    outer loop
      vertex -5.82043 79.5891 0
      vertex -35.9123 86.7 0
      vertex -6.02872 80.1712 0
    endloop
  endfacet
  facet normal 0 0 -1
    outer loop
      vertex -6.02872 80.1712 0
      vertex -35.9123 86.7 0
      vertex -6.17894 80.7709 0
    endloop
  endfacet
  facet normal 0 0 -1
    outer loop
      vertex -46.2679 -41 0
      vertex -10 -20 0
      vertex -44.5359 -44 0
    endloop
  endfacet
  facet normal 0 0 -1
    outer loop
      vertex -46 -18 0
      vertex -10 -20 0
      vertex -46 -20 0
    endloop
  endfacet
  facet normal 0 0 -1
    outer loop
      vertex -4.45476 86.4548 0
      vertex -35.9123 86.7 0
      vertex -4.18419 86.7 0
    endloop
  endfacet
  facet normal 0 0 -1
    outer loop
      vertex -4.86996 85.9967 0
      vertex -35.9123 86.7 0
      vertex -4.45476 86.4548 0
    endloop
  endfacet
  facet normal 0 0 -1
    outer loop
      vertex -5.23825 85.5001 0
      vertex -35.9123 86.7 0
      vertex -4.86996 85.9967 0
    endloop
  endfacet
  facet normal 0 0 -1
    outer loop
      vertex -5.55609 84.9698 0
      vertex -35.9123 86.7 0
      vertex -5.23825 85.5001 0
    endloop
  endfacet
  facet normal 0 0 -1
    outer loop
      vertex -5.82043 84.4109 0
      vertex -35.9123 86.7 0
      vertex -5.55609 84.9698 0
    endloop
  endfacet
  facet normal 0 0 -1
    outer loop
      vertex -6.02872 83.8288 0
      vertex -35.9123 86.7 0
      vertex -5.82043 84.4109 0
    endloop
  endfacet
  facet normal 0 0 -1
    outer loop
      vertex -6.17894 83.2291 0
      vertex -35.9123 86.7 0
      vertex -6.02872 83.8288 0
    endloop
  endfacet
  facet normal 0 0 -1
    outer loop
      vertex -46 18 0
      vertex -10 18 0
      vertex -46 -18 0
    endloop
  endfacet
  facet normal 0 0 -1
    outer loop
      vertex -10 18 0
      vertex -46 18 0
      vertex -10 20 0
    endloop
  endfacet
  facet normal 0 0 -1
    outer loop
      vertex -6.29999 -82 0
      vertex -46.2679 -47 0
      vertex -44.5359 -44 0
    endloop
  endfacet
  facet normal 0 0 -1
    outer loop
      vertex -35.9123 -86.7 0
      vertex -49.732 -47 0
      vertex -46.2679 -47 0
    endloop
  endfacet
  facet normal 0 0 -1
    outer loop
      vertex -86.7 -35.9123 0
      vertex -49.732 -47 0
      vertex -35.9123 -86.7 0
    endloop
  endfacet
  facet normal 0 0 -1
    outer loop
      vertex -50 18 0
      vertex -86.7 35.9123 0
      vertex -50 20 0
    endloop
  endfacet
  facet normal 0 0 -1
    outer loop
      vertex -49.732 -47 0
      vertex -86.7 -35.9123 0
      vertex -51.4641 -44 0
    endloop
  endfacet
  facet normal 0 0 -1
    outer loop
      vertex -50 -18 0
      vertex -46 18 0
      vertex -46 -18 0
    endloop
  endfacet
  facet normal -0 0 -1
    outer loop
      vertex -46 18 0
      vertex -50 -18 0
      vertex -50 18 0
    endloop
  endfacet
  facet normal 0 0 -1
    outer loop
      vertex -46.2679 41 0
      vertex -10 20 0
      vertex -46 20 0
    endloop
  endfacet
  facet normal -0 0 -1
    outer loop
      vertex -10 -20 0
      vertex -46.2679 -41 0
      vertex -46 -20 0
    endloop
  endfacet
  facet normal 0 0 -1
    outer loop
      vertex -49.732 -41 0
      vertex -46 -20 0
      vertex -46.2679 -41 0
    endloop
  endfacet
  facet normal 0 0 -1
    outer loop
      vertex -49.732 -41 0
      vertex -50 -20 0
      vertex -46 -20 0
    endloop
  endfacet
  facet normal 0 0 -1
    outer loop
      vertex -49.732 -41 0
      vertex -86.7 -35.9123 0
      vertex -50 -20 0
    endloop
  endfacet
  facet normal -0 0 -1
    outer loop
      vertex -50 -20 0
      vertex -86.7 -35.9123 0
      vertex -50 -18 0
    endloop
  endfacet
  facet normal -0 0 -1
    outer loop
      vertex -50 -18 0
      vertex -86.7 -35.9123 0
      vertex -50 18 0
    endloop
  endfacet
  facet normal 0 0 -1
    outer loop
      vertex -86.7 -35.9123 0
      vertex -49.732 -41 0
      vertex -51.4641 -44 0
    endloop
  endfacet
  facet normal 0 0 -1
    outer loop
      vertex -46 20 0
      vertex -10 20 0
      vertex -46 18 0
    endloop
  endfacet
  facet normal 0 0 -1
    outer loop
      vertex -6.26965 82.6175 0
      vertex -35.9123 86.7 0
      vertex -6.17894 83.2291 0
    endloop
  endfacet
  facet normal 0 0 -1
    outer loop
      vertex -49.732 47 0
      vertex -35.9123 86.7 0
      vertex -46.2679 47 0
    endloop
  endfacet
  facet normal 0 0 -1
    outer loop
      vertex -86.7 35.9123 0
      vertex -49.732 47 0
      vertex -51.4641 44 0
    endloop
  endfacet
  facet normal 0 0 -1
    outer loop
      vertex -50 20 0
      vertex -86.7 35.9123 0
      vertex -51.4641 44 0
    endloop
  endfacet
  facet normal -0 0 -1
    outer loop
      vertex -49.732 47 0
      vertex -86.7 35.9123 0
      vertex -35.9123 86.7 0
    endloop
  endfacet
  facet normal 0 0 -1
    outer loop
      vertex -6.17894 80.7709 0
      vertex -35.9123 86.7 0
      vertex -6.26965 81.3825 0
    endloop
  endfacet
  facet normal 0 0 -1
    outer loop
      vertex -6.29999 82 0
      vertex -35.9123 86.7 0
      vertex -6.26965 82.6175 0
    endloop
  endfacet
  facet normal 0 0 -1
    outer loop
      vertex -6.26965 81.3825 0
      vertex -35.9123 86.7 0
      vertex -6.29999 82 0
    endloop
  endfacet
  facet normal 0 0 -1
    outer loop
      vertex -10 20 0
      vertex -46.2679 41 0
      vertex -44.5359 44 0
    endloop
  endfacet
  facet normal 0 0 -1
    outer loop
      vertex -46 20 0
      vertex -49.732 41 0
      vertex -46.2679 41 0
    endloop
  endfacet
  facet normal 0 0 -1
    outer loop
      vertex -50 20 0
      vertex -49.732 41 0
      vertex -46 20 0
    endloop
  endfacet
  facet normal 0 0 -1
    outer loop
      vertex -86.7 35.9123 0
      vertex -50 18 0
      vertex -86.7 -35.9123 0
    endloop
  endfacet
  facet normal 0 0 -1
    outer loop
      vertex -50 20 0
      vertex -51.4641 44 0
      vertex -49.732 41 0
    endloop
  endfacet
  facet normal 0 0 1
    outer loop
      vertex -46.3 -44 32.4
      vertex -43.5 -44 32.4
      vertex -43.5217 -43.5589 32.4
    endloop
  endfacet
  facet normal 0 0 1
    outer loop
      vertex -46.3082 -43.8334 32.4
      vertex -43.5217 -43.5589 32.4
      vertex -43.5865 -43.1221 32.4
    endloop
  endfacet
  facet normal 0 0 1
    outer loop
      vertex -43.5 -44 32.4
      vertex -46.3 -44 32.4
      vertex -43.5217 -44.4411 32.4
    endloop
  endfacet
  facet normal 0 0 1
    outer loop
      vertex -46.3327 -43.6683 32.4
      vertex -43.5865 -43.1221 32.4
      vertex -43.6938 -42.6937 32.4
    endloop
  endfacet
  facet normal -0 0 1
    outer loop
      vertex -46.3082 -44.1666 32.4
      vertex -43.5217 -44.4411 32.4
      vertex -46.3 -44 32.4
    endloop
  endfacet
  facet normal 0 0 1
    outer loop
      vertex -46.3732 -43.5065 32.4
      vertex -43.6938 -42.6937 32.4
      vertex -43.8425 -42.2779 32.4
    endloop
  endfacet
  facet normal 0 0 1
    outer loop
      vertex -43.5217 -44.4411 32.4
      vertex -46.3082 -44.1666 32.4
      vertex -43.5865 -44.8779 32.4
    endloop
  endfacet
  facet normal 0 0 1
    outer loop
      vertex -46.4294 -43.3494 32.4
      vertex -43.8425 -42.2779 32.4
      vertex -44.0314 -41.8787 32.4
    endloop
  endfacet
  facet normal -0 0 1
    outer loop
      vertex -46.3327 -44.3317 32.4
      vertex -43.5865 -44.8779 32.4
      vertex -46.3082 -44.1666 32.4
    endloop
  endfacet
  facet normal 0 0 1
    outer loop
      vertex -46.5007 -43.1986 32.4
      vertex -44.0314 -41.8787 32.4
      vertex -44.2584 -41.4999 32.4
    endloop
  endfacet
  facet normal 0 0 1
    outer loop
      vertex -43.5865 -44.8779 32.4
      vertex -46.3327 -44.3317 32.4
      vertex -43.6938 -45.3063 32.4
    endloop
  endfacet
  facet normal 0 0 1
    outer loop
      vertex -46.5865 -43.0555 32.4
      vertex -44.2584 -41.4999 32.4
      vertex -44.5215 -41.1452 32.4
    endloop
  endfacet
  facet normal -0 0 1
    outer loop
      vertex -46.3732 -44.4935 32.4
      vertex -43.6938 -45.3063 32.4
      vertex -46.3327 -44.3317 32.4
    endloop
  endfacet
  facet normal 0 0 1
    outer loop
      vertex -46.6859 -42.9215 32.4
      vertex -44.5215 -41.1452 32.4
      vertex -44.818 -40.818 32.4
    endloop
  endfacet
  facet normal 0 0 1
    outer loop
      vertex -43.6938 -45.3063 32.4
      vertex -46.3732 -44.4935 32.4
      vertex -43.8425 -45.7221 32.4
    endloop
  endfacet
  facet normal 0 0 1
    outer loop
      vertex -46.7979 -42.7979 32.4
      vertex -44.818 -40.818 32.4
      vertex -45.1452 -40.5215 32.4
    endloop
  endfacet
  facet normal -0 0 1
    outer loop
      vertex -46.4294 -44.6506 32.4
      vertex -43.8425 -45.7221 32.4
      vertex -46.3732 -44.4935 32.4
    endloop
  endfacet
  facet normal 0 0 1
    outer loop
      vertex -46.9215 -42.6859 32.4
      vertex -45.1452 -40.5215 32.4
      vertex -45.4999 -40.2584 32.4
    endloop
  endfacet
  facet normal 0 0 1
    outer loop
      vertex -43.8425 -45.7221 32.4
      vertex -46.4294 -44.6506 32.4
      vertex -44.0314 -46.1213 32.4
    endloop
  endfacet
  facet normal 0 0 1
    outer loop
      vertex -47.0555 -42.5865 32.4
      vertex -45.4999 -40.2584 32.4
      vertex -45.8787 -40.0314 32.4
    endloop
  endfacet
  facet normal -0 0 1
    outer loop
      vertex -46.5007 -44.8014 32.4
      vertex -44.0314 -46.1213 32.4
      vertex -46.4294 -44.6506 32.4
    endloop
  endfacet
  facet normal 0 0 1
    outer loop
      vertex -47.1986 -42.5007 32.4
      vertex -45.8787 -40.0314 32.4
      vertex -46.2779 -39.8425 32.4
    endloop
  endfacet
  facet normal 0 0 1
    outer loop
      vertex -44.0314 -46.1213 32.4
      vertex -46.5007 -44.8014 32.4
      vertex -44.2584 -46.5001 32.4
    endloop
  endfacet
  facet normal -0 0 1
    outer loop
      vertex -46.5865 -44.9445 32.4
      vertex -44.2584 -46.5001 32.4
      vertex -46.5007 -44.8014 32.4
    endloop
  endfacet
  facet normal 0 0 1
    outer loop
      vertex -43.5217 -43.5589 32.4
      vertex -46.3082 -43.8334 32.4
      vertex -46.3 -44 32.4
    endloop
  endfacet
  facet normal 0 0 1
    outer loop
      vertex -43.5865 -43.1221 32.4
      vertex -46.3327 -43.6683 32.4
      vertex -46.3082 -43.8334 32.4
    endloop
  endfacet
  facet normal 0 0 1
    outer loop
      vertex -43.6938 -42.6937 32.4
      vertex -46.3732 -43.5065 32.4
      vertex -46.3327 -43.6683 32.4
    endloop
  endfacet
  facet normal 0 0 1
    outer loop
      vertex -43.8425 -42.2779 32.4
      vertex -46.4294 -43.3494 32.4
      vertex -46.3732 -43.5065 32.4
    endloop
  endfacet
  facet normal 0 0 1
    outer loop
      vertex -44.0314 -41.8787 32.4
      vertex -46.5007 -43.1986 32.4
      vertex -46.4294 -43.3494 32.4
    endloop
  endfacet
  facet normal 0 0 1
    outer loop
      vertex -44.2584 -41.4999 32.4
      vertex -46.5865 -43.0555 32.4
      vertex -46.5007 -43.1986 32.4
    endloop
  endfacet
  facet normal 0 0 1
    outer loop
      vertex -44.5215 -41.1452 32.4
      vertex -46.6859 -42.9215 32.4
      vertex -46.5865 -43.0555 32.4
    endloop
  endfacet
  facet normal 0 0 1
    outer loop
      vertex -47.3494 -42.4294 32.4
      vertex -46.2779 -39.8425 32.4
      vertex -46.6937 -39.6938 32.4
    endloop
  endfacet
  facet normal 0 0 1
    outer loop
      vertex -44.818 -40.818 32.4
      vertex -46.7979 -42.7979 32.4
      vertex -46.6859 -42.9215 32.4
    endloop
  endfacet
  facet normal 0 0 1
    outer loop
      vertex -45.1452 -40.5215 32.4
      vertex -46.9215 -42.6859 32.4
      vertex -46.7979 -42.7979 32.4
    endloop
  endfacet
  facet normal 0 0 1
    outer loop
      vertex -45.4999 -40.2584 32.4
      vertex -47.0555 -42.5865 32.4
      vertex -46.9215 -42.6859 32.4
    endloop
  endfacet
  facet normal 0 0 1
    outer loop
      vertex -47.5065 -42.3732 32.4
      vertex -46.6937 -39.6938 32.4
      vertex -47.1221 -39.5865 32.4
    endloop
  endfacet
  facet normal 0 0 1
    outer loop
      vertex -45.8787 -40.0314 32.4
      vertex -47.1986 -42.5007 32.4
      vertex -47.0555 -42.5865 32.4
    endloop
  endfacet
  facet normal 0 0 1
    outer loop
      vertex -46.2779 -39.8425 32.4
      vertex -47.3494 -42.4294 32.4
      vertex -47.1986 -42.5007 32.4
    endloop
  endfacet
  facet normal 0 0 1
    outer loop
      vertex -46.6937 -39.6938 32.4
      vertex -47.5065 -42.3732 32.4
      vertex -47.3494 -42.4294 32.4
    endloop
  endfacet
  facet normal 0 0 1
    outer loop
      vertex -47.6683 -42.3327 32.4
      vertex -47.1221 -39.5865 32.4
      vertex -47.5589 -39.5217 32.4
    endloop
  endfacet
  facet normal 0 0 1
    outer loop
      vertex -47.1221 -39.5865 32.4
      vertex -47.6683 -42.3327 32.4
      vertex -47.5065 -42.3732 32.4
    endloop
  endfacet
  facet normal 0 0 1
    outer loop
      vertex -47.5589 -39.5217 32.4
      vertex -47.8334 -42.3082 32.4
      vertex -47.6683 -42.3327 32.4
    endloop
  endfacet
  facet normal 0 0 1
    outer loop
      vertex -48 -39.5 32.4
      vertex -47.8334 -42.3082 32.4
      vertex -47.5589 -39.5217 32.4
    endloop
  endfacet
  facet normal 0 0 1
    outer loop
      vertex -48 -39.5 32.4
      vertex -48 -42.3 32.4
      vertex -47.8334 -42.3082 32.4
    endloop
  endfacet
  facet normal 0 0 1
    outer loop
      vertex -48 -39.5 32.4
      vertex -48.1666 -42.3082 32.4
      vertex -48 -42.3 32.4
    endloop
  endfacet
  facet normal -0 0 1
    outer loop
      vertex -48.4411 -39.5217 32.4
      vertex -48.1666 -42.3082 32.4
      vertex -48 -39.5 32.4
    endloop
  endfacet
  facet normal 0 0 1
    outer loop
      vertex -48.1666 -42.3082 32.4
      vertex -48.4411 -39.5217 32.4
      vertex -48.3317 -42.3327 32.4
    endloop
  endfacet
  facet normal -0 0 1
    outer loop
      vertex -48.8779 -39.5865 32.4
      vertex -48.3317 -42.3327 32.4
      vertex -48.4411 -39.5217 32.4
    endloop
  endfacet
  facet normal 0 0 1
    outer loop
      vertex -48.3317 -42.3327 32.4
      vertex -48.8779 -39.5865 32.4
      vertex -48.4935 -42.3732 32.4
    endloop
  endfacet
  facet normal -0 0 1
    outer loop
      vertex -49.3063 -39.6938 32.4
      vertex -48.4935 -42.3732 32.4
      vertex -48.8779 -39.5865 32.4
    endloop
  endfacet
  facet normal 0 0 1
    outer loop
      vertex -48.4935 -42.3732 32.4
      vertex -49.3063 -39.6938 32.4
      vertex -48.6506 -42.4294 32.4
    endloop
  endfacet
  facet normal -0 0 1
    outer loop
      vertex -49.7221 -39.8425 32.4
      vertex -48.6506 -42.4294 32.4
      vertex -49.3063 -39.6938 32.4
    endloop
  endfacet
  facet normal 0 0 1
    outer loop
      vertex -48.6506 -42.4294 32.4
      vertex -49.7221 -39.8425 32.4
      vertex -48.8014 -42.5007 32.4
    endloop
  endfacet
  facet normal -0 0 1
    outer loop
      vertex -50.1213 -40.0314 32.4
      vertex -48.8014 -42.5007 32.4
      vertex -49.7221 -39.8425 32.4
    endloop
  endfacet
  facet normal 0 0 1
    outer loop
      vertex -48.8014 -42.5007 32.4
      vertex -50.1213 -40.0314 32.4
      vertex -48.9445 -42.5865 32.4
    endloop
  endfacet
  facet normal -0 0 1
    outer loop
      vertex -50.5001 -40.2584 32.4
      vertex -48.9445 -42.5865 32.4
      vertex -50.1213 -40.0314 32.4
    endloop
  endfacet
  facet normal 0 0 1
    outer loop
      vertex -48.9445 -42.5865 32.4
      vertex -50.5001 -40.2584 32.4
      vertex -49.0785 -42.6859 32.4
    endloop
  endfacet
  facet normal -0 0 1
    outer loop
      vertex -50.8548 -40.5215 32.4
      vertex -49.0785 -42.6859 32.4
      vertex -50.5001 -40.2584 32.4
    endloop
  endfacet
  facet normal 0 0 1
    outer loop
      vertex -49.0785 -42.6859 32.4
      vertex -50.8548 -40.5215 32.4
      vertex -49.2021 -42.7979 32.4
    endloop
  endfacet
  facet normal -0 0 1
    outer loop
      vertex -51.182 -40.818 32.4
      vertex -49.2021 -42.7979 32.4
      vertex -50.8548 -40.5215 32.4
    endloop
  endfacet
  facet normal 0 0 1
    outer loop
      vertex -49.2021 -42.7979 32.4
      vertex -51.182 -40.818 32.4
      vertex -49.3141 -42.9215 32.4
    endloop
  endfacet
  facet normal -0 0 1
    outer loop
      vertex -51.4785 -41.1452 32.4
      vertex -49.3141 -42.9215 32.4
      vertex -51.182 -40.818 32.4
    endloop
  endfacet
  facet normal -0 0 1
    outer loop
      vertex -51.7416 -41.4999 32.4
      vertex -49.4135 -43.0555 32.4
      vertex -51.4785 -41.1452 32.4
    endloop
  endfacet
  facet normal 0 0 1
    outer loop
      vertex -49.3141 -42.9215 32.4
      vertex -51.4785 -41.1452 32.4
      vertex -49.4135 -43.0555 32.4
    endloop
  endfacet
  facet normal 0 0 1
    outer loop
      vertex -44.2584 -46.5001 32.4
      vertex -46.5865 -44.9445 32.4
      vertex -44.5215 -46.8548 32.4
    endloop
  endfacet
  facet normal -0 0 1
    outer loop
      vertex -46.6859 -45.0785 32.4
      vertex -44.5215 -46.8548 32.4
      vertex -46.5865 -44.9445 32.4
    endloop
  endfacet
  facet normal 0 0 1
    outer loop
      vertex -44.5215 -46.8548 32.4
      vertex -46.6859 -45.0785 32.4
      vertex -44.818 -47.182 32.4
    endloop
  endfacet
  facet normal -0 0 1
    outer loop
      vertex -46.7979 -45.2021 32.4
      vertex -44.818 -47.182 32.4
      vertex -46.6859 -45.0785 32.4
    endloop
  endfacet
  facet normal 0 0 1
    outer loop
      vertex -44.818 -47.182 32.4
      vertex -46.7979 -45.2021 32.4
      vertex -45.1452 -47.4785 32.4
    endloop
  endfacet
  facet normal -0 0 1
    outer loop
      vertex -46.9215 -45.3141 32.4
      vertex -45.1452 -47.4785 32.4
      vertex -46.7979 -45.2021 32.4
    endloop
  endfacet
  facet normal 0 0 1
    outer loop
      vertex -45.1452 -47.4785 32.4
      vertex -46.9215 -45.3141 32.4
      vertex -45.4999 -47.7416 32.4
    endloop
  endfacet
  facet normal -0 0 1
    outer loop
      vertex -47.0555 -45.4135 32.4
      vertex -45.4999 -47.7416 32.4
      vertex -46.9215 -45.3141 32.4
    endloop
  endfacet
  facet normal 0 0 1
    outer loop
      vertex -45.4999 -47.7416 32.4
      vertex -47.0555 -45.4135 32.4
      vertex -45.8787 -47.9686 32.4
    endloop
  endfacet
  facet normal -0 0 1
    outer loop
      vertex -47.1986 -45.4993 32.4
      vertex -45.8787 -47.9686 32.4
      vertex -47.0555 -45.4135 32.4
    endloop
  endfacet
  facet normal 0 0 1
    outer loop
      vertex -45.8787 -47.9686 32.4
      vertex -47.1986 -45.4993 32.4
      vertex -46.2779 -48.1575 32.4
    endloop
  endfacet
  facet normal -0 0 1
    outer loop
      vertex -47.3494 -45.5706 32.4
      vertex -46.2779 -48.1575 32.4
      vertex -47.1986 -45.4993 32.4
    endloop
  endfacet
  facet normal 0 0 1
    outer loop
      vertex -46.2779 -48.1575 32.4
      vertex -47.3494 -45.5706 32.4
      vertex -46.6937 -48.3062 32.4
    endloop
  endfacet
  facet normal -0 0 1
    outer loop
      vertex -47.5065 -45.6268 32.4
      vertex -46.6937 -48.3062 32.4
      vertex -47.3494 -45.5706 32.4
    endloop
  endfacet
  facet normal 0 0 1
    outer loop
      vertex -46.6937 -48.3062 32.4
      vertex -47.5065 -45.6268 32.4
      vertex -47.1221 -48.4135 32.4
    endloop
  endfacet
  facet normal -0 0 1
    outer loop
      vertex -47.6683 -45.6673 32.4
      vertex -47.1221 -48.4135 32.4
      vertex -47.5065 -45.6268 32.4
    endloop
  endfacet
  facet normal 0 0 1
    outer loop
      vertex -47.1221 -48.4135 32.4
      vertex -47.6683 -45.6673 32.4
      vertex -47.5589 -48.4783 32.4
    endloop
  endfacet
  facet normal -0 0 1
    outer loop
      vertex -47.8334 -45.6918 32.4
      vertex -47.5589 -48.4783 32.4
      vertex -47.6683 -45.6673 32.4
    endloop
  endfacet
  facet normal -0 0 1
    outer loop
      vertex -48 -45.7 32.4
      vertex -47.5589 -48.4783 32.4
      vertex -47.8334 -45.6918 32.4
    endloop
  endfacet
  facet normal 0 0 1
    outer loop
      vertex -48 -45.7 32.4
      vertex -48 -48.5 32.4
      vertex -47.5589 -48.4783 32.4
    endloop
  endfacet
  facet normal 0 0 1
    outer loop
      vertex -48.1666 -45.6918 32.4
      vertex -48 -48.5 32.4
      vertex -48 -45.7 32.4
    endloop
  endfacet
  facet normal 0 0 1
    outer loop
      vertex -48.4411 -48.4783 32.4
      vertex -48.1666 -45.6918 32.4
      vertex -48.3317 -45.6673 32.4
    endloop
  endfacet
  facet normal 0 0 1
    outer loop
      vertex -48.1666 -45.6918 32.4
      vertex -48.4411 -48.4783 32.4
      vertex -48 -48.5 32.4
    endloop
  endfacet
  facet normal 0 0 1
    outer loop
      vertex -48.8779 -48.4135 32.4
      vertex -48.3317 -45.6673 32.4
      vertex -48.4935 -45.6268 32.4
    endloop
  endfacet
  facet normal 0 0 1
    outer loop
      vertex -49.3063 -48.3062 32.4
      vertex -48.4935 -45.6268 32.4
      vertex -48.6506 -45.5706 32.4
    endloop
  endfacet
  facet normal 0 0 1
    outer loop
      vertex -49.7221 -48.1575 32.4
      vertex -48.6506 -45.5706 32.4
      vertex -48.8014 -45.4993 32.4
    endloop
  endfacet
  facet normal 0 0 1
    outer loop
      vertex -48.3317 -45.6673 32.4
      vertex -48.8779 -48.4135 32.4
      vertex -48.4411 -48.4783 32.4
    endloop
  endfacet
  facet normal 0 0 1
    outer loop
      vertex -50.1213 -47.9686 32.4
      vertex -48.8014 -45.4993 32.4
      vertex -48.9445 -45.4135 32.4
    endloop
  endfacet
  facet normal 0 0 1
    outer loop
      vertex -50.5001 -47.7416 32.4
      vertex -48.9445 -45.4135 32.4
      vertex -49.0785 -45.3141 32.4
    endloop
  endfacet
  facet normal 0 0 1
    outer loop
      vertex -50.8548 -47.4785 32.4
      vertex -49.0785 -45.3141 32.4
      vertex -49.2021 -45.2021 32.4
    endloop
  endfacet
  facet normal 0 0 1
    outer loop
      vertex -48.4935 -45.6268 32.4
      vertex -49.3063 -48.3062 32.4
      vertex -48.8779 -48.4135 32.4
    endloop
  endfacet
  facet normal 0 0 1
    outer loop
      vertex -51.182 -47.182 32.4
      vertex -49.2021 -45.2021 32.4
      vertex -49.3141 -45.0785 32.4
    endloop
  endfacet
  facet normal 0 0 1
    outer loop
      vertex -51.4785 -46.8548 32.4
      vertex -49.3141 -45.0785 32.4
      vertex -49.4135 -44.9445 32.4
    endloop
  endfacet
  facet normal 0 0 1
    outer loop
      vertex -51.7416 -46.5001 32.4
      vertex -49.4135 -44.9445 32.4
      vertex -49.4993 -44.8014 32.4
    endloop
  endfacet
  facet normal 0 0 1
    outer loop
      vertex -51.9686 -46.1213 32.4
      vertex -49.4993 -44.8014 32.4
      vertex -49.5706 -44.6506 32.4
    endloop
  endfacet
  facet normal 0 0 1
    outer loop
      vertex -52.1575 -45.7221 32.4
      vertex -49.5706 -44.6506 32.4
      vertex -49.6268 -44.4935 32.4
    endloop
  endfacet
  facet normal 0 0 1
    outer loop
      vertex -52.3062 -45.3063 32.4
      vertex -49.6268 -44.4935 32.4
      vertex -49.6673 -44.3317 32.4
    endloop
  endfacet
  facet normal 0 0 1
    outer loop
      vertex -52.4135 -44.8779 32.4
      vertex -49.6673 -44.3317 32.4
      vertex -49.6918 -44.1666 32.4
    endloop
  endfacet
  facet normal 0 0 1
    outer loop
      vertex -48.6506 -45.5706 32.4
      vertex -49.7221 -48.1575 32.4
      vertex -49.3063 -48.3062 32.4
    endloop
  endfacet
  facet normal 0 0 1
    outer loop
      vertex -52.4783 -44.4411 32.4
      vertex -49.6918 -44.1666 32.4
      vertex -49.7 -44 32.4
    endloop
  endfacet
  facet normal 0 0 1
    outer loop
      vertex -49.4135 -43.0555 32.4
      vertex -51.7416 -41.4999 32.4
      vertex -49.4993 -43.1986 32.4
    endloop
  endfacet
  facet normal -0 0 1
    outer loop
      vertex -51.9686 -41.8787 32.4
      vertex -49.4993 -43.1986 32.4
      vertex -51.7416 -41.4999 32.4
    endloop
  endfacet
  facet normal 0 0 1
    outer loop
      vertex -48.8014 -45.4993 32.4
      vertex -50.1213 -47.9686 32.4
      vertex -49.7221 -48.1575 32.4
    endloop
  endfacet
  facet normal 0 0 1
    outer loop
      vertex -49.4993 -43.1986 32.4
      vertex -51.9686 -41.8787 32.4
      vertex -49.5706 -43.3494 32.4
    endloop
  endfacet
  facet normal 0 0 1
    outer loop
      vertex -48.9445 -45.4135 32.4
      vertex -50.5001 -47.7416 32.4
      vertex -50.1213 -47.9686 32.4
    endloop
  endfacet
  facet normal -0 0 1
    outer loop
      vertex -52.1575 -42.2779 32.4
      vertex -49.5706 -43.3494 32.4
      vertex -51.9686 -41.8787 32.4
    endloop
  endfacet
  facet normal 0 0 1
    outer loop
      vertex -49.0785 -45.3141 32.4
      vertex -50.8548 -47.4785 32.4
      vertex -50.5001 -47.7416 32.4
    endloop
  endfacet
  facet normal 0 0 1
    outer loop
      vertex -49.5706 -43.3494 32.4
      vertex -52.1575 -42.2779 32.4
      vertex -49.6268 -43.5065 32.4
    endloop
  endfacet
  facet normal 0 0 1
    outer loop
      vertex -49.2021 -45.2021 32.4
      vertex -51.182 -47.182 32.4
      vertex -50.8548 -47.4785 32.4
    endloop
  endfacet
  facet normal -0 0 1
    outer loop
      vertex -52.3062 -42.6937 32.4
      vertex -49.6268 -43.5065 32.4
      vertex -52.1575 -42.2779 32.4
    endloop
  endfacet
  facet normal 0 0 1
    outer loop
      vertex -49.3141 -45.0785 32.4
      vertex -51.4785 -46.8548 32.4
      vertex -51.182 -47.182 32.4
    endloop
  endfacet
  facet normal 0 0 1
    outer loop
      vertex -49.6268 -43.5065 32.4
      vertex -52.3062 -42.6937 32.4
      vertex -49.6673 -43.6683 32.4
    endloop
  endfacet
  facet normal 0 0 1
    outer loop
      vertex -49.4135 -44.9445 32.4
      vertex -51.7416 -46.5001 32.4
      vertex -51.4785 -46.8548 32.4
    endloop
  endfacet
  facet normal -0 0 1
    outer loop
      vertex -52.4135 -43.1221 32.4
      vertex -49.6673 -43.6683 32.4
      vertex -52.3062 -42.6937 32.4
    endloop
  endfacet
  facet normal 0 0 1
    outer loop
      vertex -49.4993 -44.8014 32.4
      vertex -51.9686 -46.1213 32.4
      vertex -51.7416 -46.5001 32.4
    endloop
  endfacet
  facet normal 0 0 1
    outer loop
      vertex -49.6673 -43.6683 32.4
      vertex -52.4135 -43.1221 32.4
      vertex -49.6918 -43.8334 32.4
    endloop
  endfacet
  facet normal 0 0 1
    outer loop
      vertex -49.5706 -44.6506 32.4
      vertex -52.1575 -45.7221 32.4
      vertex -51.9686 -46.1213 32.4
    endloop
  endfacet
  facet normal -0 0 1
    outer loop
      vertex -52.4783 -43.5589 32.4
      vertex -49.6918 -43.8334 32.4
      vertex -52.4135 -43.1221 32.4
    endloop
  endfacet
  facet normal 0 0 1
    outer loop
      vertex -49.6268 -44.4935 32.4
      vertex -52.3062 -45.3063 32.4
      vertex -52.1575 -45.7221 32.4
    endloop
  endfacet
  facet normal 0 0 1
    outer loop
      vertex -49.6918 -43.8334 32.4
      vertex -52.4783 -43.5589 32.4
      vertex -49.7 -44 32.4
    endloop
  endfacet
  facet normal 0 0 1
    outer loop
      vertex -49.6673 -44.3317 32.4
      vertex -52.4135 -44.8779 32.4
      vertex -52.3062 -45.3063 32.4
    endloop
  endfacet
  facet normal 0 0 1
    outer loop
      vertex -52.5 -44 32.4
      vertex -49.7 -44 32.4
      vertex -52.4783 -43.5589 32.4
    endloop
  endfacet
  facet normal 0 0 1
    outer loop
      vertex -49.6918 -44.1666 32.4
      vertex -52.4783 -44.4411 32.4
      vertex -52.4135 -44.8779 32.4
    endloop
  endfacet
  facet normal 0 0 1
    outer loop
      vertex -49.7 -44 32.4
      vertex -52.5 -44 32.4
      vertex -52.4783 -44.4411 32.4
    endloop
  endfacet
  facet normal 0.989174 0.146746 0
    outer loop
      vertex -43.5217 44.4411 32.4
      vertex -43.5865 44.8779 2.4
      vertex -43.5865 44.8779 32.4
    endloop
  endfacet
  facet normal 0.989174 0.146746 0
    outer loop
      vertex -43.5865 44.8779 2.4
      vertex -43.5217 44.4411 32.4
      vertex -43.5217 44.4411 2.4
    endloop
  endfacet
  facet normal 0.998792 0.0491358 0
    outer loop
      vertex -43.5 44 32.4
      vertex -43.5217 44.4411 2.4
      vertex -43.5217 44.4411 32.4
    endloop
  endfacet
  facet normal 0.998792 0.0491358 0
    outer loop
      vertex -43.5217 44.4411 2.4
      vertex -43.5 44 32.4
      vertex -43.5 44 2.4
    endloop
  endfacet
  facet normal 0.970036 0.242962 0
    outer loop
      vertex -43.5865 44.8779 32.4
      vertex -43.6938 45.3063 2.4
      vertex -43.6938 45.3063 32.4
    endloop
  endfacet
  facet normal 0.970036 0.242962 0
    outer loop
      vertex -43.6938 45.3063 2.4
      vertex -43.5865 44.8779 32.4
      vertex -43.5865 44.8779 2.4
    endloop
  endfacet
  facet normal 0.0491358 -0.998792 0
    outer loop
      vertex -48 39.5 2.4
      vertex -47.5589 39.5217 32.4
      vertex -48 39.5 32.4
    endloop
  endfacet
  facet normal 0.0491358 -0.998792 0
    outer loop
      vertex -47.5589 39.5217 32.4
      vertex -48 39.5 2.4
      vertex -47.5589 39.5217 2.4
    endloop
  endfacet
  facet normal -0.146746 0.989174 0
    outer loop
      vertex -48.4411 48.4783 2.4
      vertex -48.8779 48.4135 32.4
      vertex -48.4411 48.4783 32.4
    endloop
  endfacet
  facet normal -0.146746 0.989174 0
    outer loop
      vertex -48.8779 48.4135 32.4
      vertex -48.4411 48.4783 2.4
      vertex -48.8779 48.4135 2.4
    endloop
  endfacet
  facet normal -0.671488 0.741015 0
    outer loop
      vertex -50.8548 47.4785 2.4
      vertex -51.182 47.182 32.4
      vertex -50.8548 47.4785 32.4
    endloop
  endfacet
  facet normal -0.671488 0.741015 0
    outer loop
      vertex -51.182 47.182 32.4
      vertex -50.8548 47.4785 2.4
      vertex -51.182 47.182 2.4
    endloop
  endfacet
  facet normal 0.941598 0.336738 0
    outer loop
      vertex -43.6938 45.3063 32.4
      vertex -43.8425 45.7221 2.4
      vertex -43.8425 45.7221 32.4
    endloop
  endfacet
  facet normal 0.941598 0.336738 0
    outer loop
      vertex -43.8425 45.7221 2.4
      vertex -43.6938 45.3063 32.4
      vertex -43.6938 45.3063 2.4
    endloop
  endfacet
  facet normal -0.803168 -0.595753 0
    outer loop
      vertex -51.4785 41.1452 2.4
      vertex -51.7416 41.4999 32.4
      vertex -51.7416 41.4999 2.4
    endloop
  endfacet
  facet normal -0.803168 -0.595753 0
    outer loop
      vertex -51.7416 41.4999 32.4
      vertex -51.4785 41.1452 2.4
      vertex -51.4785 41.1452 32.4
    endloop
  endfacet
  facet normal 0.671488 0.741015 -0
    outer loop
      vertex -44.818 47.182 2.4
      vertex -45.1452 47.4785 32.4
      vertex -44.818 47.182 32.4
    endloop
  endfacet
  facet normal 0.671488 0.741015 0
    outer loop
      vertex -45.1452 47.4785 32.4
      vertex -44.818 47.182 2.4
      vertex -45.1452 47.4785 2.4
    endloop
  endfacet
  facet normal 0.941598 -0.336738 0
    outer loop
      vertex -43.8425 42.2779 32.4
      vertex -43.6938 42.6937 2.4
      vertex -43.6938 42.6937 32.4
    endloop
  endfacet
  facet normal 0.941598 -0.336738 0
    outer loop
      vertex -43.6938 42.6937 2.4
      vertex -43.8425 42.2779 32.4
      vertex -43.8425 42.2779 2.4
    endloop
  endfacet
  facet normal 0.514029 0.857773 -0
    outer loop
      vertex -45.4999 47.7416 2.4
      vertex -45.8787 47.9686 32.4
      vertex -45.4999 47.7416 32.4
    endloop
  endfacet
  facet normal 0.514029 0.857773 0
    outer loop
      vertex -45.8787 47.9686 32.4
      vertex -45.4999 47.7416 2.4
      vertex -45.8787 47.9686 2.4
    endloop
  endfacet
  facet normal 0.998792 -0.0491358 0
    outer loop
      vertex -43.5217 43.5589 32.4
      vertex -43.5 44 2.4
      vertex -43.5 44 32.4
    endloop
  endfacet
  facet normal 0.998792 -0.0491358 0
    outer loop
      vertex -43.5 44 2.4
      vertex -43.5217 43.5589 32.4
      vertex -43.5217 43.5589 2.4
    endloop
  endfacet
  facet normal -0.741015 0.671488 0
    outer loop
      vertex -51.4785 46.8548 2.4
      vertex -51.182 47.182 32.4
      vertex -51.182 47.182 2.4
    endloop
  endfacet
  facet normal -0.741015 0.671488 0
    outer loop
      vertex -51.182 47.182 32.4
      vertex -51.4785 46.8548 2.4
      vertex -51.4785 46.8548 32.4
    endloop
  endfacet
  facet normal 0.336738 0.941598 -0
    outer loop
      vertex -46.2779 48.1575 2.4
      vertex -46.6937 48.3062 32.4
      vertex -46.2779 48.1575 32.4
    endloop
  endfacet
  facet normal 0.336738 0.941598 0
    outer loop
      vertex -46.6937 48.3062 32.4
      vertex -46.2779 48.1575 2.4
      vertex -46.6937 48.3062 2.4
    endloop
  endfacet
  facet normal 0.595753 0.803168 -0
    outer loop
      vertex -45.1452 47.4785 2.4
      vertex -45.4999 47.7416 32.4
      vertex -45.1452 47.4785 32.4
    endloop
  endfacet
  facet normal 0.595753 0.803168 0
    outer loop
      vertex -45.4999 47.7416 32.4
      vertex -45.1452 47.4785 2.4
      vertex -45.4999 47.7416 2.4
    endloop
  endfacet
  facet normal -0.514029 -0.857773 0
    outer loop
      vertex -50.5001 40.2584 2.4
      vertex -50.1213 40.0314 32.4
      vertex -50.5001 40.2584 32.4
    endloop
  endfacet
  facet normal -0.514029 -0.857773 -0
    outer loop
      vertex -50.1213 40.0314 32.4
      vertex -50.5001 40.2584 2.4
      vertex -50.1213 40.0314 2.4
    endloop
  endfacet
  facet normal 0.989174 -0.146746 0
    outer loop
      vertex -43.5865 43.1221 32.4
      vertex -43.5217 43.5589 2.4
      vertex -43.5217 43.5589 32.4
    endloop
  endfacet
  facet normal 0.989174 -0.146746 0
    outer loop
      vertex -43.5217 43.5589 2.4
      vertex -43.5865 43.1221 32.4
      vertex -43.5865 43.1221 2.4
    endloop
  endfacet
  facet normal -0.336738 0.941598 0
    outer loop
      vertex -49.3063 48.3062 2.4
      vertex -49.7221 48.1575 32.4
      vertex -49.3063 48.3062 32.4
    endloop
  endfacet
  facet normal -0.336738 0.941598 0
    outer loop
      vertex -49.7221 48.1575 32.4
      vertex -49.3063 48.3062 2.4
      vertex -49.7221 48.1575 2.4
    endloop
  endfacet
  facet normal -0.242962 0.970036 0
    outer loop
      vertex -48.8779 48.4135 2.4
      vertex -49.3063 48.3062 32.4
      vertex -48.8779 48.4135 32.4
    endloop
  endfacet
  facet normal -0.242962 0.970036 0
    outer loop
      vertex -49.3063 48.3062 32.4
      vertex -48.8779 48.4135 2.4
      vertex -49.3063 48.3062 2.4
    endloop
  endfacet
  facet normal 0.903908 -0.427726 0
    outer loop
      vertex -44.0314 41.8787 32.4
      vertex -43.8425 42.2779 2.4
      vertex -43.8425 42.2779 32.4
    endloop
  endfacet
  facet normal 0.903908 -0.427726 0
    outer loop
      vertex -43.8425 42.2779 2.4
      vertex -44.0314 41.8787 32.4
      vertex -44.0314 41.8787 2.4
    endloop
  endfacet
  facet normal 0.970036 -0.242962 0
    outer loop
      vertex -43.6938 42.6937 32.4
      vertex -43.5865 43.1221 2.4
      vertex -43.5865 43.1221 32.4
    endloop
  endfacet
  facet normal 0.970036 -0.242962 0
    outer loop
      vertex -43.5865 43.1221 2.4
      vertex -43.6938 42.6937 32.4
      vertex -43.6938 42.6937 2.4
    endloop
  endfacet
  facet normal 0.803168 0.595753 0
    outer loop
      vertex -44.2584 46.5001 32.4
      vertex -44.5215 46.8548 2.4
      vertex -44.5215 46.8548 32.4
    endloop
  endfacet
  facet normal 0.803168 0.595753 0
    outer loop
      vertex -44.5215 46.8548 2.4
      vertex -44.2584 46.5001 32.4
      vertex -44.2584 46.5001 2.4
    endloop
  endfacet
  facet normal 0.242962 0.970036 -0
    outer loop
      vertex -46.6937 48.3062 2.4
      vertex -47.1221 48.4135 32.4
      vertex -46.6937 48.3062 32.4
    endloop
  endfacet
  facet normal 0.242962 0.970036 0
    outer loop
      vertex -47.1221 48.4135 32.4
      vertex -46.6937 48.3062 2.4
      vertex -47.1221 48.4135 2.4
    endloop
  endfacet
  facet normal -0.941598 -0.336738 0
    outer loop
      vertex -52.1575 42.2779 2.4
      vertex -52.3062 42.6937 32.4
      vertex -52.3062 42.6937 2.4
    endloop
  endfacet
  facet normal -0.941598 -0.336738 0
    outer loop
      vertex -52.3062 42.6937 32.4
      vertex -52.1575 42.2779 2.4
      vertex -52.1575 42.2779 32.4
    endloop
  endfacet
  facet normal -0.242962 -0.970036 0
    outer loop
      vertex -49.3063 39.6938 2.4
      vertex -48.8779 39.5865 32.4
      vertex -49.3063 39.6938 32.4
    endloop
  endfacet
  facet normal -0.242962 -0.970036 -0
    outer loop
      vertex -48.8779 39.5865 32.4
      vertex -49.3063 39.6938 2.4
      vertex -48.8779 39.5865 2.4
    endloop
  endfacet
  facet normal -0.857773 0.514029 0
    outer loop
      vertex -51.9686 46.1213 2.4
      vertex -51.7416 46.5001 32.4
      vertex -51.7416 46.5001 2.4
    endloop
  endfacet
  facet normal -0.857773 0.514029 0
    outer loop
      vertex -51.7416 46.5001 32.4
      vertex -51.9686 46.1213 2.4
      vertex -51.9686 46.1213 32.4
    endloop
  endfacet
  facet normal 0.514029 -0.857773 0
    outer loop
      vertex -45.8787 40.0314 2.4
      vertex -45.4999 40.2584 32.4
      vertex -45.8787 40.0314 32.4
    endloop
  endfacet
  facet normal 0.514029 -0.857773 0
    outer loop
      vertex -45.4999 40.2584 32.4
      vertex -45.8787 40.0314 2.4
      vertex -45.4999 40.2584 2.4
    endloop
  endfacet
  facet normal -0.595753 0.803168 0
    outer loop
      vertex -50.5001 47.7416 2.4
      vertex -50.8548 47.4785 32.4
      vertex -50.5001 47.7416 32.4
    endloop
  endfacet
  facet normal -0.595753 0.803168 0
    outer loop
      vertex -50.8548 47.4785 32.4
      vertex -50.5001 47.7416 2.4
      vertex -50.8548 47.4785 2.4
    endloop
  endfacet
  facet normal 0.903908 0.427726 0
    outer loop
      vertex -43.8425 45.7221 32.4
      vertex -44.0314 46.1213 2.4
      vertex -44.0314 46.1213 32.4
    endloop
  endfacet
  facet normal 0.903908 0.427726 0
    outer loop
      vertex -44.0314 46.1213 2.4
      vertex -43.8425 45.7221 32.4
      vertex -43.8425 45.7221 2.4
    endloop
  endfacet
  facet normal -0.903908 -0.427726 0
    outer loop
      vertex -51.9686 41.8787 2.4
      vertex -52.1575 42.2779 32.4
      vertex -52.1575 42.2779 2.4
    endloop
  endfacet
  facet normal -0.903908 -0.427726 0
    outer loop
      vertex -52.1575 42.2779 32.4
      vertex -51.9686 41.8787 2.4
      vertex -51.9686 41.8787 32.4
    endloop
  endfacet
  facet normal 0 0 1
    outer loop
      vertex -46.3 44 32.4
      vertex -43.5 44 32.4
      vertex -43.5217 44.4411 32.4
    endloop
  endfacet
  facet normal 0 0 1
    outer loop
      vertex -46.3082 44.1666 32.4
      vertex -43.5217 44.4411 32.4
      vertex -43.5865 44.8779 32.4
    endloop
  endfacet
  facet normal 0 0 1
    outer loop
      vertex -43.5 44 32.4
      vertex -46.3 44 32.4
      vertex -43.5217 43.5589 32.4
    endloop
  endfacet
  facet normal 0 0 1
    outer loop
      vertex -46.3327 44.3317 32.4
      vertex -43.5865 44.8779 32.4
      vertex -43.6938 45.3063 32.4
    endloop
  endfacet
  facet normal -0 0 1
    outer loop
      vertex -46.3082 43.8334 32.4
      vertex -43.5217 43.5589 32.4
      vertex -46.3 44 32.4
    endloop
  endfacet
  facet normal 0 0 1
    outer loop
      vertex -46.3732 44.4935 32.4
      vertex -43.6938 45.3063 32.4
      vertex -43.8425 45.7221 32.4
    endloop
  endfacet
  facet normal 0 0 1
    outer loop
      vertex -43.5217 43.5589 32.4
      vertex -46.3082 43.8334 32.4
      vertex -43.5865 43.1221 32.4
    endloop
  endfacet
  facet normal 0 0 1
    outer loop
      vertex -46.4294 44.6506 32.4
      vertex -43.8425 45.7221 32.4
      vertex -44.0314 46.1213 32.4
    endloop
  endfacet
  facet normal -0 0 1
    outer loop
      vertex -46.3327 43.6683 32.4
      vertex -43.5865 43.1221 32.4
      vertex -46.3082 43.8334 32.4
    endloop
  endfacet
  facet normal 0 0 1
    outer loop
      vertex -46.5007 44.8014 32.4
      vertex -44.0314 46.1213 32.4
      vertex -44.2584 46.5001 32.4
    endloop
  endfacet
  facet normal 0 0 1
    outer loop
      vertex -43.5865 43.1221 32.4
      vertex -46.3327 43.6683 32.4
      vertex -43.6938 42.6937 32.4
    endloop
  endfacet
  facet normal 0 0 1
    outer loop
      vertex -46.5865 44.9445 32.4
      vertex -44.2584 46.5001 32.4
      vertex -44.5215 46.8548 32.4
    endloop
  endfacet
  facet normal -0 0 1
    outer loop
      vertex -46.3732 43.5065 32.4
      vertex -43.6938 42.6937 32.4
      vertex -46.3327 43.6683 32.4
    endloop
  endfacet
  facet normal 0 0 1
    outer loop
      vertex -46.6859 45.0785 32.4
      vertex -44.5215 46.8548 32.4
      vertex -44.818 47.182 32.4
    endloop
  endfacet
  facet normal 0 0 1
    outer loop
      vertex -43.6938 42.6937 32.4
      vertex -46.3732 43.5065 32.4
      vertex -43.8425 42.2779 32.4
    endloop
  endfacet
  facet normal 0 0 1
    outer loop
      vertex -46.7979 45.2021 32.4
      vertex -44.818 47.182 32.4
      vertex -45.1452 47.4785 32.4
    endloop
  endfacet
  facet normal -0 0 1
    outer loop
      vertex -46.4294 43.3494 32.4
      vertex -43.8425 42.2779 32.4
      vertex -46.3732 43.5065 32.4
    endloop
  endfacet
  facet normal 0 0 1
    outer loop
      vertex -46.9215 45.3141 32.4
      vertex -45.1452 47.4785 32.4
      vertex -45.4999 47.7416 32.4
    endloop
  endfacet
  facet normal 0 0 1
    outer loop
      vertex -43.8425 42.2779 32.4
      vertex -46.4294 43.3494 32.4
      vertex -44.0314 41.8787 32.4
    endloop
  endfacet
  facet normal 0 0 1
    outer loop
      vertex -47.0555 45.4135 32.4
      vertex -45.4999 47.7416 32.4
      vertex -45.8787 47.9686 32.4
    endloop
  endfacet
  facet normal -0 0 1
    outer loop
      vertex -46.5007 43.1986 32.4
      vertex -44.0314 41.8787 32.4
      vertex -46.4294 43.3494 32.4
    endloop
  endfacet
  facet normal 0 0 1
    outer loop
      vertex -47.1986 45.4993 32.4
      vertex -45.8787 47.9686 32.4
      vertex -46.2779 48.1575 32.4
    endloop
  endfacet
  facet normal 0 0 1
    outer loop
      vertex -44.0314 41.8787 32.4
      vertex -46.5007 43.1986 32.4
      vertex -44.2584 41.4999 32.4
    endloop
  endfacet
  facet normal -0 0 1
    outer loop
      vertex -46.5865 43.0555 32.4
      vertex -44.2584 41.4999 32.4
      vertex -46.5007 43.1986 32.4
    endloop
  endfacet
  facet normal 0 0 1
    outer loop
      vertex -43.5217 44.4411 32.4
      vertex -46.3082 44.1666 32.4
      vertex -46.3 44 32.4
    endloop
  endfacet
  facet normal 0 0 1
    outer loop
      vertex -43.5865 44.8779 32.4
      vertex -46.3327 44.3317 32.4
      vertex -46.3082 44.1666 32.4
    endloop
  endfacet
  facet normal 0 0 1
    outer loop
      vertex -43.6938 45.3063 32.4
      vertex -46.3732 44.4935 32.4
      vertex -46.3327 44.3317 32.4
    endloop
  endfacet
  facet normal 0 0 1
    outer loop
      vertex -43.8425 45.7221 32.4
      vertex -46.4294 44.6506 32.4
      vertex -46.3732 44.4935 32.4
    endloop
  endfacet
  facet normal 0 0 1
    outer loop
      vertex -44.0314 46.1213 32.4
      vertex -46.5007 44.8014 32.4
      vertex -46.4294 44.6506 32.4
    endloop
  endfacet
  facet normal 0 0 1
    outer loop
      vertex -44.2584 46.5001 32.4
      vertex -46.5865 44.9445 32.4
      vertex -46.5007 44.8014 32.4
    endloop
  endfacet
  facet normal 0 0 1
    outer loop
      vertex -44.5215 46.8548 32.4
      vertex -46.6859 45.0785 32.4
      vertex -46.5865 44.9445 32.4
    endloop
  endfacet
  facet normal 0 0 1
    outer loop
      vertex -47.3494 45.5706 32.4
      vertex -46.2779 48.1575 32.4
      vertex -46.6937 48.3062 32.4
    endloop
  endfacet
  facet normal 0 0 1
    outer loop
      vertex -44.818 47.182 32.4
      vertex -46.7979 45.2021 32.4
      vertex -46.6859 45.0785 32.4
    endloop
  endfacet
  facet normal 0 0 1
    outer loop
      vertex -45.1452 47.4785 32.4
      vertex -46.9215 45.3141 32.4
      vertex -46.7979 45.2021 32.4
    endloop
  endfacet
  facet normal 0 0 1
    outer loop
      vertex -45.4999 47.7416 32.4
      vertex -47.0555 45.4135 32.4
      vertex -46.9215 45.3141 32.4
    endloop
  endfacet
  facet normal 0 0 1
    outer loop
      vertex -47.5065 45.6268 32.4
      vertex -46.6937 48.3062 32.4
      vertex -47.1221 48.4135 32.4
    endloop
  endfacet
  facet normal 0 0 1
    outer loop
      vertex -45.8787 47.9686 32.4
      vertex -47.1986 45.4993 32.4
      vertex -47.0555 45.4135 32.4
    endloop
  endfacet
  facet normal 0 0 1
    outer loop
      vertex -46.2779 48.1575 32.4
      vertex -47.3494 45.5706 32.4
      vertex -47.1986 45.4993 32.4
    endloop
  endfacet
  facet normal 0 0 1
    outer loop
      vertex -46.6937 48.3062 32.4
      vertex -47.5065 45.6268 32.4
      vertex -47.3494 45.5706 32.4
    endloop
  endfacet
  facet normal 0 0 1
    outer loop
      vertex -47.6683 45.6673 32.4
      vertex -47.1221 48.4135 32.4
      vertex -47.5589 48.4783 32.4
    endloop
  endfacet
  facet normal 0 0 1
    outer loop
      vertex -47.1221 48.4135 32.4
      vertex -47.6683 45.6673 32.4
      vertex -47.5065 45.6268 32.4
    endloop
  endfacet
  facet normal 0 0 1
    outer loop
      vertex -47.5589 48.4783 32.4
      vertex -47.8334 45.6918 32.4
      vertex -47.6683 45.6673 32.4
    endloop
  endfacet
  facet normal 0 0 1
    outer loop
      vertex -48 48.5 32.4
      vertex -47.8334 45.6918 32.4
      vertex -47.5589 48.4783 32.4
    endloop
  endfacet
  facet normal 0 0 1
    outer loop
      vertex -48 48.5 32.4
      vertex -48 45.7 32.4
      vertex -47.8334 45.6918 32.4
    endloop
  endfacet
  facet normal 0 0 1
    outer loop
      vertex -48 48.5 32.4
      vertex -48.1666 45.6918 32.4
      vertex -48 45.7 32.4
    endloop
  endfacet
  facet normal -0 0 1
    outer loop
      vertex -48.4411 48.4783 32.4
      vertex -48.1666 45.6918 32.4
      vertex -48 48.5 32.4
    endloop
  endfacet
  facet normal 0 0 1
    outer loop
      vertex -48.1666 45.6918 32.4
      vertex -48.4411 48.4783 32.4
      vertex -48.3317 45.6673 32.4
    endloop
  endfacet
  facet normal -0 0 1
    outer loop
      vertex -48.8779 48.4135 32.4
      vertex -48.3317 45.6673 32.4
      vertex -48.4411 48.4783 32.4
    endloop
  endfacet
  facet normal 0 0 1
    outer loop
      vertex -48.3317 45.6673 32.4
      vertex -48.8779 48.4135 32.4
      vertex -48.4935 45.6268 32.4
    endloop
  endfacet
  facet normal -0 0 1
    outer loop
      vertex -49.3063 48.3062 32.4
      vertex -48.4935 45.6268 32.4
      vertex -48.8779 48.4135 32.4
    endloop
  endfacet
  facet normal 0 0 1
    outer loop
      vertex -48.4935 45.6268 32.4
      vertex -49.3063 48.3062 32.4
      vertex -48.6506 45.5706 32.4
    endloop
  endfacet
  facet normal -0 0 1
    outer loop
      vertex -49.7221 48.1575 32.4
      vertex -48.6506 45.5706 32.4
      vertex -49.3063 48.3062 32.4
    endloop
  endfacet
  facet normal 0 0 1
    outer loop
      vertex -48.6506 45.5706 32.4
      vertex -49.7221 48.1575 32.4
      vertex -48.8014 45.4993 32.4
    endloop
  endfacet
  facet normal -0 0 1
    outer loop
      vertex -50.1213 47.9686 32.4
      vertex -48.8014 45.4993 32.4
      vertex -49.7221 48.1575 32.4
    endloop
  endfacet
  facet normal 0 0 1
    outer loop
      vertex -48.8014 45.4993 32.4
      vertex -50.1213 47.9686 32.4
      vertex -48.9445 45.4135 32.4
    endloop
  endfacet
  facet normal -0 0 1
    outer loop
      vertex -50.5001 47.7416 32.4
      vertex -48.9445 45.4135 32.4
      vertex -50.1213 47.9686 32.4
    endloop
  endfacet
  facet normal 0 0 1
    outer loop
      vertex -48.9445 45.4135 32.4
      vertex -50.5001 47.7416 32.4
      vertex -49.0785 45.3141 32.4
    endloop
  endfacet
  facet normal -0 0 1
    outer loop
      vertex -50.8548 47.4785 32.4
      vertex -49.0785 45.3141 32.4
      vertex -50.5001 47.7416 32.4
    endloop
  endfacet
  facet normal 0 0 1
    outer loop
      vertex -49.0785 45.3141 32.4
      vertex -50.8548 47.4785 32.4
      vertex -49.2021 45.2021 32.4
    endloop
  endfacet
  facet normal -0 0 1
    outer loop
      vertex -51.182 47.182 32.4
      vertex -49.2021 45.2021 32.4
      vertex -50.8548 47.4785 32.4
    endloop
  endfacet
  facet normal 0 0 1
    outer loop
      vertex -49.2021 45.2021 32.4
      vertex -51.182 47.182 32.4
      vertex -49.3141 45.0785 32.4
    endloop
  endfacet
  facet normal -0 0 1
    outer loop
      vertex -51.4785 46.8548 32.4
      vertex -49.3141 45.0785 32.4
      vertex -51.182 47.182 32.4
    endloop
  endfacet
  facet normal -0 0 1
    outer loop
      vertex -51.7416 46.5001 32.4
      vertex -49.4135 44.9445 32.4
      vertex -51.4785 46.8548 32.4
    endloop
  endfacet
  facet normal 0 0 1
    outer loop
      vertex -49.3141 45.0785 32.4
      vertex -51.4785 46.8548 32.4
      vertex -49.4135 44.9445 32.4
    endloop
  endfacet
  facet normal 0 0 1
    outer loop
      vertex -44.2584 41.4999 32.4
      vertex -46.5865 43.0555 32.4
      vertex -44.5215 41.1452 32.4
    endloop
  endfacet
  facet normal -0 0 1
    outer loop
      vertex -46.6859 42.9215 32.4
      vertex -44.5215 41.1452 32.4
      vertex -46.5865 43.0555 32.4
    endloop
  endfacet
  facet normal 0 0 1
    outer loop
      vertex -44.5215 41.1452 32.4
      vertex -46.6859 42.9215 32.4
      vertex -44.818 40.818 32.4
    endloop
  endfacet
  facet normal -0 0 1
    outer loop
      vertex -46.7979 42.7979 32.4
      vertex -44.818 40.818 32.4
      vertex -46.6859 42.9215 32.4
    endloop
  endfacet
  facet normal 0 0 1
    outer loop
      vertex -44.818 40.818 32.4
      vertex -46.7979 42.7979 32.4
      vertex -45.1452 40.5215 32.4
    endloop
  endfacet
  facet normal -0 0 1
    outer loop
      vertex -46.9215 42.6859 32.4
      vertex -45.1452 40.5215 32.4
      vertex -46.7979 42.7979 32.4
    endloop
  endfacet
  facet normal 0 0 1
    outer loop
      vertex -45.1452 40.5215 32.4
      vertex -46.9215 42.6859 32.4
      vertex -45.4999 40.2584 32.4
    endloop
  endfacet
  facet normal -0 0 1
    outer loop
      vertex -47.0555 42.5865 32.4
      vertex -45.4999 40.2584 32.4
      vertex -46.9215 42.6859 32.4
    endloop
  endfacet
  facet normal 0 0 1
    outer loop
      vertex -45.4999 40.2584 32.4
      vertex -47.0555 42.5865 32.4
      vertex -45.8787 40.0314 32.4
    endloop
  endfacet
  facet normal -0 0 1
    outer loop
      vertex -47.1986 42.5007 32.4
      vertex -45.8787 40.0314 32.4
      vertex -47.0555 42.5865 32.4
    endloop
  endfacet
  facet normal 0 0 1
    outer loop
      vertex -45.8787 40.0314 32.4
      vertex -47.1986 42.5007 32.4
      vertex -46.2779 39.8425 32.4
    endloop
  endfacet
  facet normal -0 0 1
    outer loop
      vertex -47.3494 42.4294 32.4
      vertex -46.2779 39.8425 32.4
      vertex -47.1986 42.5007 32.4
    endloop
  endfacet
  facet normal 0 0 1
    outer loop
      vertex -46.2779 39.8425 32.4
      vertex -47.3494 42.4294 32.4
      vertex -46.6937 39.6938 32.4
    endloop
  endfacet
  facet normal -0 0 1
    outer loop
      vertex -47.5065 42.3732 32.4
      vertex -46.6937 39.6938 32.4
      vertex -47.3494 42.4294 32.4
    endloop
  endfacet
  facet normal 0 0 1
    outer loop
      vertex -46.6937 39.6938 32.4
      vertex -47.5065 42.3732 32.4
      vertex -47.1221 39.5865 32.4
    endloop
  endfacet
  facet normal -0 0 1
    outer loop
      vertex -47.6683 42.3327 32.4
      vertex -47.1221 39.5865 32.4
      vertex -47.5065 42.3732 32.4
    endloop
  endfacet
  facet normal 0 0 1
    outer loop
      vertex -47.1221 39.5865 32.4
      vertex -47.6683 42.3327 32.4
      vertex -47.5589 39.5217 32.4
    endloop
  endfacet
  facet normal -0 0 1
    outer loop
      vertex -47.8334 42.3082 32.4
      vertex -47.5589 39.5217 32.4
      vertex -47.6683 42.3327 32.4
    endloop
  endfacet
  facet normal -0 0 1
    outer loop
      vertex -48 42.3 32.4
      vertex -47.5589 39.5217 32.4
      vertex -47.8334 42.3082 32.4
    endloop
  endfacet
  facet normal 0 0 1
    outer loop
      vertex -48 42.3 32.4
      vertex -48 39.5 32.4
      vertex -47.5589 39.5217 32.4
    endloop
  endfacet
  facet normal 0 0 1
    outer loop
      vertex -48.1666 42.3082 32.4
      vertex -48 39.5 32.4
      vertex -48 42.3 32.4
    endloop
  endfacet
  facet normal 0 0 1
    outer loop
      vertex -48.4411 39.5217 32.4
      vertex -48.1666 42.3082 32.4
      vertex -48.3317 42.3327 32.4
    endloop
  endfacet
  facet normal 0 0 1
    outer loop
      vertex -48.1666 42.3082 32.4
      vertex -48.4411 39.5217 32.4
      vertex -48 39.5 32.4
    endloop
  endfacet
  facet normal 0 0 1
    outer loop
      vertex -48.8779 39.5865 32.4
      vertex -48.3317 42.3327 32.4
      vertex -48.4935 42.3732 32.4
    endloop
  endfacet
  facet normal 0 0 1
    outer loop
      vertex -49.3063 39.6938 32.4
      vertex -48.4935 42.3732 32.4
      vertex -48.6506 42.4294 32.4
    endloop
  endfacet
  facet normal 0 0 1
    outer loop
      vertex -49.7221 39.8425 32.4
      vertex -48.6506 42.4294 32.4
      vertex -48.8014 42.5007 32.4
    endloop
  endfacet
  facet normal 0 0 1
    outer loop
      vertex -48.3317 42.3327 32.4
      vertex -48.8779 39.5865 32.4
      vertex -48.4411 39.5217 32.4
    endloop
  endfacet
  facet normal 0 0 1
    outer loop
      vertex -50.1213 40.0314 32.4
      vertex -48.8014 42.5007 32.4
      vertex -48.9445 42.5865 32.4
    endloop
  endfacet
  facet normal 0 0 1
    outer loop
      vertex -50.5001 40.2584 32.4
      vertex -48.9445 42.5865 32.4
      vertex -49.0785 42.6859 32.4
    endloop
  endfacet
  facet normal 0 0 1
    outer loop
      vertex -50.8548 40.5215 32.4
      vertex -49.0785 42.6859 32.4
      vertex -49.2021 42.7979 32.4
    endloop
  endfacet
  facet normal 0 0 1
    outer loop
      vertex -48.4935 42.3732 32.4
      vertex -49.3063 39.6938 32.4
      vertex -48.8779 39.5865 32.4
    endloop
  endfacet
  facet normal 0 0 1
    outer loop
      vertex -51.182 40.818 32.4
      vertex -49.2021 42.7979 32.4
      vertex -49.3141 42.9215 32.4
    endloop
  endfacet
  facet normal 0 0 1
    outer loop
      vertex -51.4785 41.1452 32.4
      vertex -49.3141 42.9215 32.4
      vertex -49.4135 43.0555 32.4
    endloop
  endfacet
  facet normal 0 0 1
    outer loop
      vertex -51.7416 41.4999 32.4
      vertex -49.4135 43.0555 32.4
      vertex -49.4993 43.1986 32.4
    endloop
  endfacet
  facet normal 0 0 1
    outer loop
      vertex -51.9686 41.8787 32.4
      vertex -49.4993 43.1986 32.4
      vertex -49.5706 43.3494 32.4
    endloop
  endfacet
  facet normal 0 0 1
    outer loop
      vertex -52.1575 42.2779 32.4
      vertex -49.5706 43.3494 32.4
      vertex -49.6268 43.5065 32.4
    endloop
  endfacet
  facet normal 0 0 1
    outer loop
      vertex -52.3062 42.6937 32.4
      vertex -49.6268 43.5065 32.4
      vertex -49.6673 43.6683 32.4
    endloop
  endfacet
  facet normal 0 0 1
    outer loop
      vertex -52.4135 43.1221 32.4
      vertex -49.6673 43.6683 32.4
      vertex -49.6918 43.8334 32.4
    endloop
  endfacet
  facet normal 0 0 1
    outer loop
      vertex -48.6506 42.4294 32.4
      vertex -49.7221 39.8425 32.4
      vertex -49.3063 39.6938 32.4
    endloop
  endfacet
  facet normal 0 0 1
    outer loop
      vertex -52.4783 43.5589 32.4
      vertex -49.6918 43.8334 32.4
      vertex -49.7 44 32.4
    endloop
  endfacet
  facet normal 0 0 1
    outer loop
      vertex -49.4135 44.9445 32.4
      vertex -51.7416 46.5001 32.4
      vertex -49.4993 44.8014 32.4
    endloop
  endfacet
  facet normal -0 0 1
    outer loop
      vertex -51.9686 46.1213 32.4
      vertex -49.4993 44.8014 32.4
      vertex -51.7416 46.5001 32.4
    endloop
  endfacet
  facet normal 0 0 1
    outer loop
      vertex -48.8014 42.5007 32.4
      vertex -50.1213 40.0314 32.4
      vertex -49.7221 39.8425 32.4
    endloop
  endfacet
  facet normal 0 0 1
    outer loop
      vertex -49.4993 44.8014 32.4
      vertex -51.9686 46.1213 32.4
      vertex -49.5706 44.6506 32.4
    endloop
  endfacet
  facet normal 0 0 1
    outer loop
      vertex -48.9445 42.5865 32.4
      vertex -50.5001 40.2584 32.4
      vertex -50.1213 40.0314 32.4
    endloop
  endfacet
  facet normal -0 0 1
    outer loop
      vertex -52.1575 45.7221 32.4
      vertex -49.5706 44.6506 32.4
      vertex -51.9686 46.1213 32.4
    endloop
  endfacet
  facet normal 0 0 1
    outer loop
      vertex -49.0785 42.6859 32.4
      vertex -50.8548 40.5215 32.4
      vertex -50.5001 40.2584 32.4
    endloop
  endfacet
  facet normal 0 0 1
    outer loop
      vertex -49.5706 44.6506 32.4
      vertex -52.1575 45.7221 32.4
      vertex -49.6268 44.4935 32.4
    endloop
  endfacet
  facet normal 0 0 1
    outer loop
      vertex -49.2021 42.7979 32.4
      vertex -51.182 40.818 32.4
      vertex -50.8548 40.5215 32.4
    endloop
  endfacet
  facet normal -0 0 1
    outer loop
      vertex -52.3062 45.3063 32.4
      vertex -49.6268 44.4935 32.4
      vertex -52.1575 45.7221 32.4
    endloop
  endfacet
  facet normal 0 0 1
    outer loop
      vertex -49.3141 42.9215 32.4
      vertex -51.4785 41.1452 32.4
      vertex -51.182 40.818 32.4
    endloop
  endfacet
  facet normal 0 0 1
    outer loop
      vertex -49.6268 44.4935 32.4
      vertex -52.3062 45.3063 32.4
      vertex -49.6673 44.3317 32.4
    endloop
  endfacet
  facet normal 0 0 1
    outer loop
      vertex -49.4135 43.0555 32.4
      vertex -51.7416 41.4999 32.4
      vertex -51.4785 41.1452 32.4
    endloop
  endfacet
  facet normal -0 0 1
    outer loop
      vertex -52.4135 44.8779 32.4
      vertex -49.6673 44.3317 32.4
      vertex -52.3062 45.3063 32.4
    endloop
  endfacet
  facet normal 0 0 1
    outer loop
      vertex -49.4993 43.1986 32.4
      vertex -51.9686 41.8787 32.4
      vertex -51.7416 41.4999 32.4
    endloop
  endfacet
  facet normal 0 0 1
    outer loop
      vertex -49.6673 44.3317 32.4
      vertex -52.4135 44.8779 32.4
      vertex -49.6918 44.1666 32.4
    endloop
  endfacet
  facet normal 0 0 1
    outer loop
      vertex -49.5706 43.3494 32.4
      vertex -52.1575 42.2779 32.4
      vertex -51.9686 41.8787 32.4
    endloop
  endfacet
  facet normal -0 0 1
    outer loop
      vertex -52.4783 44.4411 32.4
      vertex -49.6918 44.1666 32.4
      vertex -52.4135 44.8779 32.4
    endloop
  endfacet
  facet normal 0 0 1
    outer loop
      vertex -49.6268 43.5065 32.4
      vertex -52.3062 42.6937 32.4
      vertex -52.1575 42.2779 32.4
    endloop
  endfacet
  facet normal 0 0 1
    outer loop
      vertex -49.6918 44.1666 32.4
      vertex -52.4783 44.4411 32.4
      vertex -49.7 44 32.4
    endloop
  endfacet
  facet normal 0 0 1
    outer loop
      vertex -49.6673 43.6683 32.4
      vertex -52.4135 43.1221 32.4
      vertex -52.3062 42.6937 32.4
    endloop
  endfacet
  facet normal 0 0 1
    outer loop
      vertex -52.5 44 32.4
      vertex -49.7 44 32.4
      vertex -52.4783 44.4411 32.4
    endloop
  endfacet
  facet normal 0 0 1
    outer loop
      vertex -49.6918 43.8334 32.4
      vertex -52.4783 43.5589 32.4
      vertex -52.4135 43.1221 32.4
    endloop
  endfacet
  facet normal 0 0 1
    outer loop
      vertex -49.7 44 32.4
      vertex -52.5 44 32.4
      vertex -52.4783 43.5589 32.4
    endloop
  endfacet
  facet normal -0.970036 -0.242962 0
    outer loop
      vertex -52.3062 42.6937 2.4
      vertex -52.4135 43.1221 32.4
      vertex -52.4135 43.1221 2.4
    endloop
  endfacet
  facet normal -0.970036 -0.242962 0
    outer loop
      vertex -52.4135 43.1221 32.4
      vertex -52.3062 42.6937 2.4
      vertex -52.3062 42.6937 32.4
    endloop
  endfacet
  facet normal -0.998792 0.0491358 0
    outer loop
      vertex -52.5 44 2.4
      vertex -52.4783 44.4411 32.4
      vertex -52.4783 44.4411 2.4
    endloop
  endfacet
  facet normal -0.998792 0.0491358 0
    outer loop
      vertex -52.4783 44.4411 32.4
      vertex -52.5 44 2.4
      vertex -52.5 44 32.4
    endloop
  endfacet
  facet normal 0.741015 -0.671488 0
    outer loop
      vertex -44.818 40.818 32.4
      vertex -44.5215 41.1452 2.4
      vertex -44.5215 41.1452 32.4
    endloop
  endfacet
  facet normal 0.741015 -0.671488 0
    outer loop
      vertex -44.5215 41.1452 2.4
      vertex -44.818 40.818 32.4
      vertex -44.818 40.818 2.4
    endloop
  endfacet
  facet normal 0.0491358 0.998792 -0
    outer loop
      vertex -47.5589 48.4783 2.4
      vertex -48 48.5 32.4
      vertex -47.5589 48.4783 32.4
    endloop
  endfacet
  facet normal 0.0491358 0.998792 0
    outer loop
      vertex -48 48.5 32.4
      vertex -47.5589 48.4783 2.4
      vertex -48 48.5 2.4
    endloop
  endfacet
  facet normal -0.989174 0.146746 0
    outer loop
      vertex -52.4783 44.4411 2.4
      vertex -52.4135 44.8779 32.4
      vertex -52.4135 44.8779 2.4
    endloop
  endfacet
  facet normal -0.989174 0.146746 0
    outer loop
      vertex -52.4135 44.8779 32.4
      vertex -52.4783 44.4411 2.4
      vertex -52.4783 44.4411 32.4
    endloop
  endfacet
  facet normal 0.857773 -0.514029 0
    outer loop
      vertex -44.2584 41.4999 32.4
      vertex -44.0314 41.8787 2.4
      vertex -44.0314 41.8787 32.4
    endloop
  endfacet
  facet normal 0.857773 -0.514029 0
    outer loop
      vertex -44.0314 41.8787 2.4
      vertex -44.2584 41.4999 32.4
      vertex -44.2584 41.4999 2.4
    endloop
  endfacet
  facet normal 0.427726 -0.903908 0
    outer loop
      vertex -46.2779 39.8425 2.4
      vertex -45.8787 40.0314 32.4
      vertex -46.2779 39.8425 32.4
    endloop
  endfacet
  facet normal 0.427726 -0.903908 0
    outer loop
      vertex -45.8787 40.0314 32.4
      vertex -46.2779 39.8425 2.4
      vertex -45.8787 40.0314 2.4
    endloop
  endfacet
  facet normal 0.857773 0.514029 0
    outer loop
      vertex -44.0314 46.1213 32.4
      vertex -44.2584 46.5001 2.4
      vertex -44.2584 46.5001 32.4
    endloop
  endfacet
  facet normal 0.857773 0.514029 0
    outer loop
      vertex -44.2584 46.5001 2.4
      vertex -44.0314 46.1213 32.4
      vertex -44.0314 46.1213 2.4
    endloop
  endfacet
  facet normal -0.514029 0.857773 0
    outer loop
      vertex -50.1213 47.9686 2.4
      vertex -50.5001 47.7416 32.4
      vertex -50.1213 47.9686 32.4
    endloop
  endfacet
  facet normal -0.514029 0.857773 0
    outer loop
      vertex -50.5001 47.7416 32.4
      vertex -50.1213 47.9686 2.4
      vertex -50.5001 47.7416 2.4
    endloop
  endfacet
  facet normal 0.336738 -0.941598 0
    outer loop
      vertex -46.6937 39.6938 2.4
      vertex -46.2779 39.8425 32.4
      vertex -46.6937 39.6938 32.4
    endloop
  endfacet
  facet normal 0.336738 -0.941598 0
    outer loop
      vertex -46.2779 39.8425 32.4
      vertex -46.6937 39.6938 2.4
      vertex -46.2779 39.8425 2.4
    endloop
  endfacet
  facet normal -0.970036 0.242962 0
    outer loop
      vertex -52.4135 44.8779 2.4
      vertex -52.3062 45.3063 32.4
      vertex -52.3062 45.3063 2.4
    endloop
  endfacet
  facet normal -0.970036 0.242962 0
    outer loop
      vertex -52.3062 45.3063 32.4
      vertex -52.4135 44.8779 2.4
      vertex -52.4135 44.8779 32.4
    endloop
  endfacet
  facet normal -0.903908 0.427726 0
    outer loop
      vertex -52.1575 45.7221 2.4
      vertex -51.9686 46.1213 32.4
      vertex -51.9686 46.1213 2.4
    endloop
  endfacet
  facet normal -0.903908 0.427726 0
    outer loop
      vertex -51.9686 46.1213 32.4
      vertex -52.1575 45.7221 2.4
      vertex -52.1575 45.7221 32.4
    endloop
  endfacet
  facet normal 0.146746 0.989174 -0
    outer loop
      vertex -47.1221 48.4135 2.4
      vertex -47.5589 48.4783 32.4
      vertex -47.1221 48.4135 32.4
    endloop
  endfacet
  facet normal 0.146746 0.989174 0
    outer loop
      vertex -47.5589 48.4783 32.4
      vertex -47.1221 48.4135 2.4
      vertex -47.5589 48.4783 2.4
    endloop
  endfacet
  facet normal 0.427726 0.903908 -0
    outer loop
      vertex -45.8787 47.9686 2.4
      vertex -46.2779 48.1575 32.4
      vertex -45.8787 47.9686 32.4
    endloop
  endfacet
  facet normal 0.427726 0.903908 0
    outer loop
      vertex -46.2779 48.1575 32.4
      vertex -45.8787 47.9686 2.4
      vertex -46.2779 48.1575 2.4
    endloop
  endfacet
  facet normal -0.857773 -0.514029 0
    outer loop
      vertex -51.7416 41.4999 2.4
      vertex -51.9686 41.8787 32.4
      vertex -51.9686 41.8787 2.4
    endloop
  endfacet
  facet normal -0.857773 -0.514029 0
    outer loop
      vertex -51.9686 41.8787 32.4
      vertex -51.7416 41.4999 2.4
      vertex -51.7416 41.4999 32.4
    endloop
  endfacet
  facet normal -0.595753 -0.803168 0
    outer loop
      vertex -50.8548 40.5215 2.4
      vertex -50.5001 40.2584 32.4
      vertex -50.8548 40.5215 32.4
    endloop
  endfacet
  facet normal -0.595753 -0.803168 -0
    outer loop
      vertex -50.5001 40.2584 32.4
      vertex -50.8548 40.5215 2.4
      vertex -50.5001 40.2584 2.4
    endloop
  endfacet
  facet normal 0.741015 0.671488 0
    outer loop
      vertex -44.5215 46.8548 32.4
      vertex -44.818 47.182 2.4
      vertex -44.818 47.182 32.4
    endloop
  endfacet
  facet normal 0.741015 0.671488 0
    outer loop
      vertex -44.818 47.182 2.4
      vertex -44.5215 46.8548 32.4
      vertex -44.5215 46.8548 2.4
    endloop
  endfacet
  facet normal -0.427726 0.903908 0
    outer loop
      vertex -49.7221 48.1575 2.4
      vertex -50.1213 47.9686 32.4
      vertex -49.7221 48.1575 32.4
    endloop
  endfacet
  facet normal -0.427726 0.903908 0
    outer loop
      vertex -50.1213 47.9686 32.4
      vertex -49.7221 48.1575 2.4
      vertex -50.1213 47.9686 2.4
    endloop
  endfacet
  facet normal 0.803168 -0.595753 0
    outer loop
      vertex -44.5215 41.1452 32.4
      vertex -44.2584 41.4999 2.4
      vertex -44.2584 41.4999 32.4
    endloop
  endfacet
  facet normal 0.803168 -0.595753 0
    outer loop
      vertex -44.2584 41.4999 2.4
      vertex -44.5215 41.1452 32.4
      vertex -44.5215 41.1452 2.4
    endloop
  endfacet
  facet normal -0.146746 -0.989174 0
    outer loop
      vertex -48.8779 39.5865 2.4
      vertex -48.4411 39.5217 32.4
      vertex -48.8779 39.5865 32.4
    endloop
  endfacet
  facet normal -0.146746 -0.989174 -0
    outer loop
      vertex -48.4411 39.5217 32.4
      vertex -48.8779 39.5865 2.4
      vertex -48.4411 39.5217 2.4
    endloop
  endfacet
  facet normal -0.0491358 0.998792 0
    outer loop
      vertex -48 48.5 2.4
      vertex -48.4411 48.4783 32.4
      vertex -48 48.5 32.4
    endloop
  endfacet
  facet normal -0.0491358 0.998792 0
    outer loop
      vertex -48.4411 48.4783 32.4
      vertex -48 48.5 2.4
      vertex -48.4411 48.4783 2.4
    endloop
  endfacet
  facet normal -0.803168 0.595753 0
    outer loop
      vertex -51.7416 46.5001 2.4
      vertex -51.4785 46.8548 32.4
      vertex -51.4785 46.8548 2.4
    endloop
  endfacet
  facet normal -0.803168 0.595753 0
    outer loop
      vertex -51.4785 46.8548 32.4
      vertex -51.7416 46.5001 2.4
      vertex -51.7416 46.5001 32.4
    endloop
  endfacet
  facet normal -0.989174 -0.146746 0
    outer loop
      vertex -52.4135 43.1221 2.4
      vertex -52.4783 43.5589 32.4
      vertex -52.4783 43.5589 2.4
    endloop
  endfacet
  facet normal -0.989174 -0.146746 0
    outer loop
      vertex -52.4783 43.5589 32.4
      vertex -52.4135 43.1221 2.4
      vertex -52.4135 43.1221 32.4
    endloop
  endfacet
  facet normal 0.146746 -0.989174 0
    outer loop
      vertex -47.5589 39.5217 2.4
      vertex -47.1221 39.5865 32.4
      vertex -47.5589 39.5217 32.4
    endloop
  endfacet
  facet normal 0.146746 -0.989174 0
    outer loop
      vertex -47.1221 39.5865 32.4
      vertex -47.5589 39.5217 2.4
      vertex -47.1221 39.5865 2.4
    endloop
  endfacet
  facet normal 0.242962 -0.970036 0
    outer loop
      vertex -47.1221 39.5865 2.4
      vertex -46.6937 39.6938 32.4
      vertex -47.1221 39.5865 32.4
    endloop
  endfacet
  facet normal 0.242962 -0.970036 0
    outer loop
      vertex -46.6937 39.6938 32.4
      vertex -47.1221 39.5865 2.4
      vertex -46.6937 39.6938 2.4
    endloop
  endfacet
  facet normal -0.741015 -0.671488 0
    outer loop
      vertex -51.182 40.818 2.4
      vertex -51.4785 41.1452 32.4
      vertex -51.4785 41.1452 2.4
    endloop
  endfacet
  facet normal -0.741015 -0.671488 0
    outer loop
      vertex -51.4785 41.1452 32.4
      vertex -51.182 40.818 2.4
      vertex -51.182 40.818 32.4
    endloop
  endfacet
  facet normal -0.941598 0.336738 0
    outer loop
      vertex -52.3062 45.3063 2.4
      vertex -52.1575 45.7221 32.4
      vertex -52.1575 45.7221 2.4
    endloop
  endfacet
  facet normal -0.941598 0.336738 0
    outer loop
      vertex -52.1575 45.7221 32.4
      vertex -52.3062 45.3063 2.4
      vertex -52.3062 45.3063 32.4
    endloop
  endfacet
  facet normal -0.671488 -0.741015 0
    outer loop
      vertex -51.182 40.818 2.4
      vertex -50.8548 40.5215 32.4
      vertex -51.182 40.818 32.4
    endloop
  endfacet
  facet normal -0.671488 -0.741015 -0
    outer loop
      vertex -50.8548 40.5215 32.4
      vertex -51.182 40.818 2.4
      vertex -50.8548 40.5215 2.4
    endloop
  endfacet
  facet normal -0.998792 -0.0491358 0
    outer loop
      vertex -52.4783 43.5589 2.4
      vertex -52.5 44 32.4
      vertex -52.5 44 2.4
    endloop
  endfacet
  facet normal -0.998792 -0.0491358 0
    outer loop
      vertex -52.5 44 32.4
      vertex -52.4783 43.5589 2.4
      vertex -52.4783 43.5589 32.4
    endloop
  endfacet
  facet normal 0.595753 -0.803168 0
    outer loop
      vertex -45.4999 40.2584 2.4
      vertex -45.1452 40.5215 32.4
      vertex -45.4999 40.2584 32.4
    endloop
  endfacet
  facet normal 0.595753 -0.803168 0
    outer loop
      vertex -45.1452 40.5215 32.4
      vertex -45.4999 40.2584 2.4
      vertex -45.1452 40.5215 2.4
    endloop
  endfacet
  facet normal -0.0491358 -0.998792 0
    outer loop
      vertex -48.4411 39.5217 2.4
      vertex -48 39.5 32.4
      vertex -48.4411 39.5217 32.4
    endloop
  endfacet
  facet normal -0.0491358 -0.998792 -0
    outer loop
      vertex -48 39.5 32.4
      vertex -48.4411 39.5217 2.4
      vertex -48 39.5 2.4
    endloop
  endfacet
  facet normal -0.427726 -0.903908 0
    outer loop
      vertex -50.1213 40.0314 2.4
      vertex -49.7221 39.8425 32.4
      vertex -50.1213 40.0314 32.4
    endloop
  endfacet
  facet normal -0.427726 -0.903908 -0
    outer loop
      vertex -49.7221 39.8425 32.4
      vertex -50.1213 40.0314 2.4
      vertex -49.7221 39.8425 2.4
    endloop
  endfacet
  facet normal 0.671488 -0.741015 0
    outer loop
      vertex -45.1452 40.5215 2.4
      vertex -44.818 40.818 32.4
      vertex -45.1452 40.5215 32.4
    endloop
  endfacet
  facet normal 0.671488 -0.741015 0
    outer loop
      vertex -44.818 40.818 32.4
      vertex -45.1452 40.5215 2.4
      vertex -44.818 40.818 2.4
    endloop
  endfacet
  facet normal -0.336738 -0.941598 0
    outer loop
      vertex -49.7221 39.8425 2.4
      vertex -49.3063 39.6938 32.4
      vertex -49.7221 39.8425 32.4
    endloop
  endfacet
  facet normal -0.336738 -0.941598 -0
    outer loop
      vertex -49.3063 39.6938 32.4
      vertex -49.7221 39.8425 2.4
      vertex -49.3063 39.6938 2.4
    endloop
  endfacet
  facet normal 0.146746 0.989174 -0
    outer loop
      vertex 48.8779 -39.5865 2.4
      vertex 48.4411 -39.5217 32.4
      vertex 48.8779 -39.5865 32.4
    endloop
  endfacet
  facet normal 0.146746 0.989174 0
    outer loop
      vertex 48.4411 -39.5217 32.4
      vertex 48.8779 -39.5865 2.4
      vertex 48.4411 -39.5217 2.4
    endloop
  endfacet
  facet normal 0.336738 0.941598 -0
    outer loop
      vertex 49.7221 -39.8425 2.4
      vertex 49.3063 -39.6938 32.4
      vertex 49.7221 -39.8425 32.4
    endloop
  endfacet
  facet normal 0.336738 0.941598 0
    outer loop
      vertex 49.3063 -39.6938 32.4
      vertex 49.7221 -39.8425 2.4
      vertex 49.3063 -39.6938 2.4
    endloop
  endfacet
  facet normal 0.989174 0.146746 0
    outer loop
      vertex 52.4783 -43.5589 32.4
      vertex 52.4135 -43.1221 2.4
      vertex 52.4135 -43.1221 32.4
    endloop
  endfacet
  facet normal 0.989174 0.146746 0
    outer loop
      vertex 52.4135 -43.1221 2.4
      vertex 52.4783 -43.5589 32.4
      vertex 52.4783 -43.5589 2.4
    endloop
  endfacet
  facet normal 0.998792 0.0491358 0
    outer loop
      vertex 52.5 -44 32.4
      vertex 52.4783 -43.5589 2.4
      vertex 52.4783 -43.5589 32.4
    endloop
  endfacet
  facet normal 0.998792 0.0491358 0
    outer loop
      vertex 52.4783 -43.5589 2.4
      vertex 52.5 -44 32.4
      vertex 52.5 -44 2.4
    endloop
  endfacet
  facet normal 0.970036 0.242962 0
    outer loop
      vertex 52.4135 -43.1221 32.4
      vertex 52.3062 -42.6937 2.4
      vertex 52.3062 -42.6937 32.4
    endloop
  endfacet
  facet normal 0.970036 0.242962 0
    outer loop
      vertex 52.3062 -42.6937 2.4
      vertex 52.4135 -43.1221 32.4
      vertex 52.4135 -43.1221 2.4
    endloop
  endfacet
  facet normal -0.595753 0.803168 0
    outer loop
      vertex 45.4999 -40.2584 2.4
      vertex 45.1452 -40.5215 32.4
      vertex 45.4999 -40.2584 32.4
    endloop
  endfacet
  facet normal -0.595753 0.803168 0
    outer loop
      vertex 45.1452 -40.5215 32.4
      vertex 45.4999 -40.2584 2.4
      vertex 45.1452 -40.5215 2.4
    endloop
  endfacet
  facet normal 0.741015 0.671488 0
    outer loop
      vertex 51.4785 -41.1452 32.4
      vertex 51.182 -40.818 2.4
      vertex 51.182 -40.818 32.4
    endloop
  endfacet
  facet normal 0.741015 0.671488 0
    outer loop
      vertex 51.182 -40.818 2.4
      vertex 51.4785 -41.1452 32.4
      vertex 51.4785 -41.1452 2.4
    endloop
  endfacet
  facet normal 0.803168 0.595753 0
    outer loop
      vertex 51.7416 -41.4999 32.4
      vertex 51.4785 -41.1452 2.4
      vertex 51.4785 -41.1452 32.4
    endloop
  endfacet
  facet normal 0.803168 0.595753 0
    outer loop
      vertex 51.4785 -41.1452 2.4
      vertex 51.7416 -41.4999 32.4
      vertex 51.7416 -41.4999 2.4
    endloop
  endfacet
  facet normal -0.941598 0.336738 0
    outer loop
      vertex 43.6938 -42.6937 2.4
      vertex 43.8425 -42.2779 32.4
      vertex 43.8425 -42.2779 2.4
    endloop
  endfacet
  facet normal -0.941598 0.336738 0
    outer loop
      vertex 43.8425 -42.2779 32.4
      vertex 43.6938 -42.6937 2.4
      vertex 43.6938 -42.6937 32.4
    endloop
  endfacet
  facet normal 0.998792 -0.0491358 0
    outer loop
      vertex 52.4783 -44.4411 32.4
      vertex 52.5 -44 2.4
      vertex 52.5 -44 32.4
    endloop
  endfacet
  facet normal 0.998792 -0.0491358 0
    outer loop
      vertex 52.5 -44 2.4
      vertex 52.4783 -44.4411 32.4
      vertex 52.4783 -44.4411 2.4
    endloop
  endfacet
  facet normal 0.242962 0.970036 -0
    outer loop
      vertex 49.3063 -39.6938 2.4
      vertex 48.8779 -39.5865 32.4
      vertex 49.3063 -39.6938 32.4
    endloop
  endfacet
  facet normal 0.242962 0.970036 0
    outer loop
      vertex 48.8779 -39.5865 32.4
      vertex 49.3063 -39.6938 2.4
      vertex 48.8779 -39.5865 2.4
    endloop
  endfacet
  facet normal 0.514029 -0.857773 0
    outer loop
      vertex 50.1213 -47.9686 2.4
      vertex 50.5001 -47.7416 32.4
      vertex 50.1213 -47.9686 32.4
    endloop
  endfacet
  facet normal 0.514029 -0.857773 0
    outer loop
      vertex 50.5001 -47.7416 32.4
      vertex 50.1213 -47.9686 2.4
      vertex 50.5001 -47.7416 2.4
    endloop
  endfacet
  facet normal 0.941598 0.336738 0
    outer loop
      vertex 52.3062 -42.6937 32.4
      vertex 52.1575 -42.2779 2.4
      vertex 52.1575 -42.2779 32.4
    endloop
  endfacet
  facet normal 0.941598 0.336738 0
    outer loop
      vertex 52.1575 -42.2779 2.4
      vertex 52.3062 -42.6937 32.4
      vertex 52.3062 -42.6937 2.4
    endloop
  endfacet
  facet normal 0.803168 -0.595753 0
    outer loop
      vertex 51.4785 -46.8548 32.4
      vertex 51.7416 -46.5001 2.4
      vertex 51.7416 -46.5001 32.4
    endloop
  endfacet
  facet normal 0.803168 -0.595753 0
    outer loop
      vertex 51.7416 -46.5001 2.4
      vertex 51.4785 -46.8548 32.4
      vertex 51.4785 -46.8548 2.4
    endloop
  endfacet
  facet normal -0.242962 0.970036 0
    outer loop
      vertex 47.1221 -39.5865 2.4
      vertex 46.6937 -39.6938 32.4
      vertex 47.1221 -39.5865 32.4
    endloop
  endfacet
  facet normal -0.242962 0.970036 0
    outer loop
      vertex 46.6937 -39.6938 32.4
      vertex 47.1221 -39.5865 2.4
      vertex 46.6937 -39.6938 2.4
    endloop
  endfacet
  facet normal 0.514029 0.857773 -0
    outer loop
      vertex 50.5001 -40.2584 2.4
      vertex 50.1213 -40.0314 32.4
      vertex 50.5001 -40.2584 32.4
    endloop
  endfacet
  facet normal 0.514029 0.857773 0
    outer loop
      vertex 50.1213 -40.0314 32.4
      vertex 50.5001 -40.2584 2.4
      vertex 50.1213 -40.0314 2.4
    endloop
  endfacet
  facet normal -0.514029 -0.857773 0
    outer loop
      vertex 45.4999 -47.7416 2.4
      vertex 45.8787 -47.9686 32.4
      vertex 45.4999 -47.7416 32.4
    endloop
  endfacet
  facet normal -0.514029 -0.857773 -0
    outer loop
      vertex 45.8787 -47.9686 32.4
      vertex 45.4999 -47.7416 2.4
      vertex 45.8787 -47.9686 2.4
    endloop
  endfacet
  facet normal 0.595753 0.803168 -0
    outer loop
      vertex 50.8548 -40.5215 2.4
      vertex 50.5001 -40.2584 32.4
      vertex 50.8548 -40.5215 32.4
    endloop
  endfacet
  facet normal 0.595753 0.803168 0
    outer loop
      vertex 50.5001 -40.2584 32.4
      vertex 50.8548 -40.5215 2.4
      vertex 50.5001 -40.2584 2.4
    endloop
  endfacet
  facet normal 0.970036 -0.242962 0
    outer loop
      vertex 52.3062 -45.3063 32.4
      vertex 52.4135 -44.8779 2.4
      vertex 52.4135 -44.8779 32.4
    endloop
  endfacet
  facet normal 0.970036 -0.242962 0
    outer loop
      vertex 52.4135 -44.8779 2.4
      vertex 52.3062 -45.3063 32.4
      vertex 52.3062 -45.3063 2.4
    endloop
  endfacet
  facet normal 0.146746 -0.989174 0
    outer loop
      vertex 48.4411 -48.4783 2.4
      vertex 48.8779 -48.4135 32.4
      vertex 48.4411 -48.4783 32.4
    endloop
  endfacet
  facet normal 0.146746 -0.989174 0
    outer loop
      vertex 48.8779 -48.4135 32.4
      vertex 48.4411 -48.4783 2.4
      vertex 48.8779 -48.4135 2.4
    endloop
  endfacet
  facet normal -0.903908 0.427726 0
    outer loop
      vertex 43.8425 -42.2779 2.4
      vertex 44.0314 -41.8787 32.4
      vertex 44.0314 -41.8787 2.4
    endloop
  endfacet
  facet normal -0.903908 0.427726 0
    outer loop
      vertex 44.0314 -41.8787 32.4
      vertex 43.8425 -42.2779 2.4
      vertex 43.8425 -42.2779 32.4
    endloop
  endfacet
  facet normal -0.146746 -0.989174 0
    outer loop
      vertex 47.1221 -48.4135 2.4
      vertex 47.5589 -48.4783 32.4
      vertex 47.1221 -48.4135 32.4
    endloop
  endfacet
  facet normal -0.146746 -0.989174 -0
    outer loop
      vertex 47.5589 -48.4783 32.4
      vertex 47.1221 -48.4135 2.4
      vertex 47.5589 -48.4783 2.4
    endloop
  endfacet
  facet normal -0.514029 0.857773 0
    outer loop
      vertex 45.8787 -40.0314 2.4
      vertex 45.4999 -40.2584 32.4
      vertex 45.8787 -40.0314 32.4
    endloop
  endfacet
  facet normal -0.514029 0.857773 0
    outer loop
      vertex 45.4999 -40.2584 32.4
      vertex 45.8787 -40.0314 2.4
      vertex 45.4999 -40.2584 2.4
    endloop
  endfacet
  facet normal 0.903908 -0.427726 0
    outer loop
      vertex 51.9686 -46.1213 32.4
      vertex 52.1575 -45.7221 2.4
      vertex 52.1575 -45.7221 32.4
    endloop
  endfacet
  facet normal 0.903908 -0.427726 0
    outer loop
      vertex 52.1575 -45.7221 2.4
      vertex 51.9686 -46.1213 32.4
      vertex 51.9686 -46.1213 2.4
    endloop
  endfacet
  facet normal -0.671488 0.741015 0
    outer loop
      vertex 45.1452 -40.5215 2.4
      vertex 44.818 -40.818 32.4
      vertex 45.1452 -40.5215 32.4
    endloop
  endfacet
  facet normal -0.671488 0.741015 0
    outer loop
      vertex 44.818 -40.818 32.4
      vertex 45.1452 -40.5215 2.4
      vertex 44.818 -40.818 2.4
    endloop
  endfacet
  facet normal 0.903908 0.427726 0
    outer loop
      vertex 52.1575 -42.2779 32.4
      vertex 51.9686 -41.8787 2.4
      vertex 51.9686 -41.8787 32.4
    endloop
  endfacet
  facet normal 0.903908 0.427726 0
    outer loop
      vertex 51.9686 -41.8787 2.4
      vertex 52.1575 -42.2779 32.4
      vertex 52.1575 -42.2779 2.4
    endloop
  endfacet
  facet normal -0.970036 -0.242962 0
    outer loop
      vertex 43.6938 -45.3063 2.4
      vertex 43.5865 -44.8779 32.4
      vertex 43.5865 -44.8779 2.4
    endloop
  endfacet
  facet normal -0.970036 -0.242962 0
    outer loop
      vertex 43.5865 -44.8779 32.4
      vertex 43.6938 -45.3063 2.4
      vertex 43.6938 -45.3063 32.4
    endloop
  endfacet
  facet normal 0.0491358 -0.998792 0
    outer loop
      vertex 48 -48.5 2.4
      vertex 48.4411 -48.4783 32.4
      vertex 48 -48.5 32.4
    endloop
  endfacet
  facet normal 0.0491358 -0.998792 0
    outer loop
      vertex 48.4411 -48.4783 32.4
      vertex 48 -48.5 2.4
      vertex 48.4411 -48.4783 2.4
    endloop
  endfacet
  facet normal 0.427726 -0.903908 0
    outer loop
      vertex 49.7221 -48.1575 2.4
      vertex 50.1213 -47.9686 32.4
      vertex 49.7221 -48.1575 32.4
    endloop
  endfacet
  facet normal 0.427726 -0.903908 0
    outer loop
      vertex 50.1213 -47.9686 32.4
      vertex 49.7221 -48.1575 2.4
      vertex 50.1213 -47.9686 2.4
    endloop
  endfacet
  facet normal 0.427726 0.903908 -0
    outer loop
      vertex 50.1213 -40.0314 2.4
      vertex 49.7221 -39.8425 32.4
      vertex 50.1213 -40.0314 32.4
    endloop
  endfacet
  facet normal 0.427726 0.903908 0
    outer loop
      vertex 49.7221 -39.8425 32.4
      vertex 50.1213 -40.0314 2.4
      vertex 49.7221 -39.8425 2.4
    endloop
  endfacet
  facet normal 0.857773 -0.514029 0
    outer loop
      vertex 51.7416 -46.5001 32.4
      vertex 51.9686 -46.1213 2.4
      vertex 51.9686 -46.1213 32.4
    endloop
  endfacet
  facet normal 0.857773 -0.514029 0
    outer loop
      vertex 51.9686 -46.1213 2.4
      vertex 51.7416 -46.5001 32.4
      vertex 51.7416 -46.5001 2.4
    endloop
  endfacet
  facet normal 0.671488 -0.741015 0
    outer loop
      vertex 50.8548 -47.4785 2.4
      vertex 51.182 -47.182 32.4
      vertex 50.8548 -47.4785 32.4
    endloop
  endfacet
  facet normal 0.671488 -0.741015 0
    outer loop
      vertex 51.182 -47.182 32.4
      vertex 50.8548 -47.4785 2.4
      vertex 51.182 -47.182 2.4
    endloop
  endfacet
  facet normal -0.941598 -0.336738 0
    outer loop
      vertex 43.8425 -45.7221 2.4
      vertex 43.6938 -45.3063 32.4
      vertex 43.6938 -45.3063 2.4
    endloop
  endfacet
  facet normal -0.941598 -0.336738 0
    outer loop
      vertex 43.6938 -45.3063 32.4
      vertex 43.8425 -45.7221 2.4
      vertex 43.8425 -45.7221 32.4
    endloop
  endfacet
  facet normal 0.336738 -0.941598 0
    outer loop
      vertex 49.3063 -48.3062 2.4
      vertex 49.7221 -48.1575 32.4
      vertex 49.3063 -48.3062 32.4
    endloop
  endfacet
  facet normal 0.336738 -0.941598 0
    outer loop
      vertex 49.7221 -48.1575 32.4
      vertex 49.3063 -48.3062 2.4
      vertex 49.7221 -48.1575 2.4
    endloop
  endfacet
  facet normal -0.989174 0.146746 0
    outer loop
      vertex 43.5217 -43.5589 2.4
      vertex 43.5865 -43.1221 32.4
      vertex 43.5865 -43.1221 2.4
    endloop
  endfacet
  facet normal -0.989174 0.146746 0
    outer loop
      vertex 43.5865 -43.1221 32.4
      vertex 43.5217 -43.5589 2.4
      vertex 43.5217 -43.5589 32.4
    endloop
  endfacet
  facet normal 0.989174 -0.146746 0
    outer loop
      vertex 52.4135 -44.8779 32.4
      vertex 52.4783 -44.4411 2.4
      vertex 52.4783 -44.4411 32.4
    endloop
  endfacet
  facet normal 0.989174 -0.146746 0
    outer loop
      vertex 52.4783 -44.4411 2.4
      vertex 52.4135 -44.8779 32.4
      vertex 52.4135 -44.8779 2.4
    endloop
  endfacet
  facet normal -0.336738 0.941598 0
    outer loop
      vertex 46.6937 -39.6938 2.4
      vertex 46.2779 -39.8425 32.4
      vertex 46.6937 -39.6938 32.4
    endloop
  endfacet
  facet normal -0.336738 0.941598 0
    outer loop
      vertex 46.2779 -39.8425 32.4
      vertex 46.6937 -39.6938 2.4
      vertex 46.2779 -39.8425 2.4
    endloop
  endfacet
  facet normal -0.903908 -0.427726 0
    outer loop
      vertex 44.0314 -46.1213 2.4
      vertex 43.8425 -45.7221 32.4
      vertex 43.8425 -45.7221 2.4
    endloop
  endfacet
  facet normal -0.903908 -0.427726 0
    outer loop
      vertex 43.8425 -45.7221 32.4
      vertex 44.0314 -46.1213 2.4
      vertex 44.0314 -46.1213 32.4
    endloop
  endfacet
  facet normal 0.671488 0.741015 -0
    outer loop
      vertex 51.182 -40.818 2.4
      vertex 50.8548 -40.5215 32.4
      vertex 51.182 -40.818 32.4
    endloop
  endfacet
  facet normal 0.671488 0.741015 0
    outer loop
      vertex 50.8548 -40.5215 32.4
      vertex 51.182 -40.818 2.4
      vertex 50.8548 -40.5215 2.4
    endloop
  endfacet
  facet normal -0.671488 -0.741015 0
    outer loop
      vertex 44.818 -47.182 2.4
      vertex 45.1452 -47.4785 32.4
      vertex 44.818 -47.182 32.4
    endloop
  endfacet
  facet normal -0.671488 -0.741015 -0
    outer loop
      vertex 45.1452 -47.4785 32.4
      vertex 44.818 -47.182 2.4
      vertex 45.1452 -47.4785 2.4
    endloop
  endfacet
  facet normal -0.146746 0.989174 0
    outer loop
      vertex 47.5589 -39.5217 2.4
      vertex 47.1221 -39.5865 32.4
      vertex 47.5589 -39.5217 32.4
    endloop
  endfacet
  facet normal -0.146746 0.989174 0
    outer loop
      vertex 47.1221 -39.5865 32.4
      vertex 47.5589 -39.5217 2.4
      vertex 47.1221 -39.5865 2.4
    endloop
  endfacet
  facet normal -0.427726 0.903908 0
    outer loop
      vertex 46.2779 -39.8425 2.4
      vertex 45.8787 -40.0314 32.4
      vertex 46.2779 -39.8425 32.4
    endloop
  endfacet
  facet normal -0.427726 0.903908 0
    outer loop
      vertex 45.8787 -40.0314 32.4
      vertex 46.2779 -39.8425 2.4
      vertex 45.8787 -40.0314 2.4
    endloop
  endfacet
  facet normal 0.857773 0.514029 0
    outer loop
      vertex 51.9686 -41.8787 32.4
      vertex 51.7416 -41.4999 2.4
      vertex 51.7416 -41.4999 32.4
    endloop
  endfacet
  facet normal 0.857773 0.514029 0
    outer loop
      vertex 51.7416 -41.4999 2.4
      vertex 51.9686 -41.8787 32.4
      vertex 51.9686 -41.8787 2.4
    endloop
  endfacet
  facet normal 0.741015 -0.671488 0
    outer loop
      vertex 51.182 -47.182 32.4
      vertex 51.4785 -46.8548 2.4
      vertex 51.4785 -46.8548 32.4
    endloop
  endfacet
  facet normal 0.741015 -0.671488 0
    outer loop
      vertex 51.4785 -46.8548 2.4
      vertex 51.182 -47.182 32.4
      vertex 51.182 -47.182 2.4
    endloop
  endfacet
  facet normal -0.857773 0.514029 0
    outer loop
      vertex 44.0314 -41.8787 2.4
      vertex 44.2584 -41.4999 32.4
      vertex 44.2584 -41.4999 2.4
    endloop
  endfacet
  facet normal -0.857773 0.514029 0
    outer loop
      vertex 44.2584 -41.4999 32.4
      vertex 44.0314 -41.8787 2.4
      vertex 44.0314 -41.8787 32.4
    endloop
  endfacet
  facet normal 0.941598 -0.336738 0
    outer loop
      vertex 52.1575 -45.7221 32.4
      vertex 52.3062 -45.3063 2.4
      vertex 52.3062 -45.3063 32.4
    endloop
  endfacet
  facet normal 0.941598 -0.336738 0
    outer loop
      vertex 52.3062 -45.3063 2.4
      vertex 52.1575 -45.7221 32.4
      vertex 52.1575 -45.7221 2.4
    endloop
  endfacet
  facet normal -0.970036 0.242962 0
    outer loop
      vertex 43.5865 -43.1221 2.4
      vertex 43.6938 -42.6937 32.4
      vertex 43.6938 -42.6937 2.4
    endloop
  endfacet
  facet normal -0.970036 0.242962 0
    outer loop
      vertex 43.6938 -42.6937 32.4
      vertex 43.5865 -43.1221 2.4
      vertex 43.5865 -43.1221 32.4
    endloop
  endfacet
  facet normal -0.0491358 0.998792 0
    outer loop
      vertex 48 -39.5 2.4
      vertex 47.5589 -39.5217 32.4
      vertex 48 -39.5 32.4
    endloop
  endfacet
  facet normal -0.0491358 0.998792 0
    outer loop
      vertex 47.5589 -39.5217 32.4
      vertex 48 -39.5 2.4
      vertex 47.5589 -39.5217 2.4
    endloop
  endfacet
  facet normal -0.803168 -0.595753 0
    outer loop
      vertex 44.5215 -46.8548 2.4
      vertex 44.2584 -46.5001 32.4
      vertex 44.2584 -46.5001 2.4
    endloop
  endfacet
  facet normal -0.803168 -0.595753 0
    outer loop
      vertex 44.2584 -46.5001 32.4
      vertex 44.5215 -46.8548 2.4
      vertex 44.5215 -46.8548 32.4
    endloop
  endfacet
  facet normal -0.989174 -0.146746 0
    outer loop
      vertex 43.5865 -44.8779 2.4
      vertex 43.5217 -44.4411 32.4
      vertex 43.5217 -44.4411 2.4
    endloop
  endfacet
  facet normal -0.989174 -0.146746 0
    outer loop
      vertex 43.5217 -44.4411 32.4
      vertex 43.5865 -44.8779 2.4
      vertex 43.5865 -44.8779 32.4
    endloop
  endfacet
  facet normal -0.857773 -0.514029 0
    outer loop
      vertex 44.2584 -46.5001 2.4
      vertex 44.0314 -46.1213 32.4
      vertex 44.0314 -46.1213 2.4
    endloop
  endfacet
  facet normal -0.857773 -0.514029 0
    outer loop
      vertex 44.0314 -46.1213 32.4
      vertex 44.2584 -46.5001 2.4
      vertex 44.2584 -46.5001 32.4
    endloop
  endfacet
  facet normal -0.741015 0.671488 0
    outer loop
      vertex 44.5215 -41.1452 2.4
      vertex 44.818 -40.818 32.4
      vertex 44.818 -40.818 2.4
    endloop
  endfacet
  facet normal -0.741015 0.671488 0
    outer loop
      vertex 44.818 -40.818 32.4
      vertex 44.5215 -41.1452 2.4
      vertex 44.5215 -41.1452 32.4
    endloop
  endfacet
  facet normal -0.0491358 -0.998792 0
    outer loop
      vertex 47.5589 -48.4783 2.4
      vertex 48 -48.5 32.4
      vertex 47.5589 -48.4783 32.4
    endloop
  endfacet
  facet normal -0.0491358 -0.998792 -0
    outer loop
      vertex 48 -48.5 32.4
      vertex 47.5589 -48.4783 2.4
      vertex 48 -48.5 2.4
    endloop
  endfacet
  facet normal 0.595753 -0.803168 0
    outer loop
      vertex 50.5001 -47.7416 2.4
      vertex 50.8548 -47.4785 32.4
      vertex 50.5001 -47.7416 32.4
    endloop
  endfacet
  facet normal 0.595753 -0.803168 0
    outer loop
      vertex 50.8548 -47.4785 32.4
      vertex 50.5001 -47.7416 2.4
      vertex 50.8548 -47.4785 2.4
    endloop
  endfacet
  facet normal 0.0491358 0.998792 -0
    outer loop
      vertex 48.4411 -39.5217 2.4
      vertex 48 -39.5 32.4
      vertex 48.4411 -39.5217 32.4
    endloop
  endfacet
  facet normal 0.0491358 0.998792 0
    outer loop
      vertex 48 -39.5 32.4
      vertex 48.4411 -39.5217 2.4
      vertex 48 -39.5 2.4
    endloop
  endfacet
  facet normal -0.803168 0.595753 0
    outer loop
      vertex 44.2584 -41.4999 2.4
      vertex 44.5215 -41.1452 32.4
      vertex 44.5215 -41.1452 2.4
    endloop
  endfacet
  facet normal -0.803168 0.595753 0
    outer loop
      vertex 44.5215 -41.1452 32.4
      vertex 44.2584 -41.4999 2.4
      vertex 44.2584 -41.4999 32.4
    endloop
  endfacet
  facet normal 0.242962 -0.970036 0
    outer loop
      vertex 48.8779 -48.4135 2.4
      vertex 49.3063 -48.3062 32.4
      vertex 48.8779 -48.4135 32.4
    endloop
  endfacet
  facet normal 0.242962 -0.970036 0
    outer loop
      vertex 49.3063 -48.3062 32.4
      vertex 48.8779 -48.4135 2.4
      vertex 49.3063 -48.3062 2.4
    endloop
  endfacet
  facet normal -0.336738 -0.941598 0
    outer loop
      vertex 46.2779 -48.1575 2.4
      vertex 46.6937 -48.3062 32.4
      vertex 46.2779 -48.1575 32.4
    endloop
  endfacet
  facet normal -0.336738 -0.941598 -0
    outer loop
      vertex 46.6937 -48.3062 32.4
      vertex 46.2779 -48.1575 2.4
      vertex 46.6937 -48.3062 2.4
    endloop
  endfacet
  facet normal 0 0 1
    outer loop
      vertex 49.7 -44 32.4
      vertex 52.5 -44 32.4
      vertex 52.4783 -43.5589 32.4
    endloop
  endfacet
  facet normal 0 0 1
    outer loop
      vertex 49.6918 -43.8334 32.4
      vertex 52.4783 -43.5589 32.4
      vertex 52.4135 -43.1221 32.4
    endloop
  endfacet
  facet normal 0 0 1
    outer loop
      vertex 52.5 -44 32.4
      vertex 49.7 -44 32.4
      vertex 52.4783 -44.4411 32.4
    endloop
  endfacet
  facet normal 0 0 1
    outer loop
      vertex 49.6673 -43.6683 32.4
      vertex 52.4135 -43.1221 32.4
      vertex 52.3062 -42.6937 32.4
    endloop
  endfacet
  facet normal -0 0 1
    outer loop
      vertex 49.6918 -44.1666 32.4
      vertex 52.4783 -44.4411 32.4
      vertex 49.7 -44 32.4
    endloop
  endfacet
  facet normal 0 0 1
    outer loop
      vertex 49.6268 -43.5065 32.4
      vertex 52.3062 -42.6937 32.4
      vertex 52.1575 -42.2779 32.4
    endloop
  endfacet
  facet normal 0 0 1
    outer loop
      vertex 52.4783 -44.4411 32.4
      vertex 49.6918 -44.1666 32.4
      vertex 52.4135 -44.8779 32.4
    endloop
  endfacet
  facet normal 0 0 1
    outer loop
      vertex 49.5706 -43.3494 32.4
      vertex 52.1575 -42.2779 32.4
      vertex 51.9686 -41.8787 32.4
    endloop
  endfacet
  facet normal -0 0 1
    outer loop
      vertex 49.6673 -44.3317 32.4
      vertex 52.4135 -44.8779 32.4
      vertex 49.6918 -44.1666 32.4
    endloop
  endfacet
  facet normal 0 0 1
    outer loop
      vertex 49.4993 -43.1986 32.4
      vertex 51.9686 -41.8787 32.4
      vertex 51.7416 -41.4999 32.4
    endloop
  endfacet
  facet normal 0 0 1
    outer loop
      vertex 52.4135 -44.8779 32.4
      vertex 49.6673 -44.3317 32.4
      vertex 52.3062 -45.3063 32.4
    endloop
  endfacet
  facet normal 0 0 1
    outer loop
      vertex 49.4135 -43.0555 32.4
      vertex 51.7416 -41.4999 32.4
      vertex 51.4785 -41.1452 32.4
    endloop
  endfacet
  facet normal -0 0 1
    outer loop
      vertex 49.6268 -44.4935 32.4
      vertex 52.3062 -45.3063 32.4
      vertex 49.6673 -44.3317 32.4
    endloop
  endfacet
  facet normal 0 0 1
    outer loop
      vertex 49.3141 -42.9215 32.4
      vertex 51.4785 -41.1452 32.4
      vertex 51.182 -40.818 32.4
    endloop
  endfacet
  facet normal 0 0 1
    outer loop
      vertex 52.3062 -45.3063 32.4
      vertex 49.6268 -44.4935 32.4
      vertex 52.1575 -45.7221 32.4
    endloop
  endfacet
  facet normal 0 0 1
    outer loop
      vertex 49.2021 -42.7979 32.4
      vertex 51.182 -40.818 32.4
      vertex 50.8548 -40.5215 32.4
    endloop
  endfacet
  facet normal -0 0 1
    outer loop
      vertex 49.5706 -44.6506 32.4
      vertex 52.1575 -45.7221 32.4
      vertex 49.6268 -44.4935 32.4
    endloop
  endfacet
  facet normal 0 0 1
    outer loop
      vertex 49.0785 -42.6859 32.4
      vertex 50.8548 -40.5215 32.4
      vertex 50.5001 -40.2584 32.4
    endloop
  endfacet
  facet normal 0 0 1
    outer loop
      vertex 52.1575 -45.7221 32.4
      vertex 49.5706 -44.6506 32.4
      vertex 51.9686 -46.1213 32.4
    endloop
  endfacet
  facet normal 0 0 1
    outer loop
      vertex 48.9445 -42.5865 32.4
      vertex 50.5001 -40.2584 32.4
      vertex 50.1213 -40.0314 32.4
    endloop
  endfacet
  facet normal -0 0 1
    outer loop
      vertex 49.4993 -44.8014 32.4
      vertex 51.9686 -46.1213 32.4
      vertex 49.5706 -44.6506 32.4
    endloop
  endfacet
  facet normal 0 0 1
    outer loop
      vertex 48.8014 -42.5007 32.4
      vertex 50.1213 -40.0314 32.4
      vertex 49.7221 -39.8425 32.4
    endloop
  endfacet
  facet normal 0 0 1
    outer loop
      vertex 51.9686 -46.1213 32.4
      vertex 49.4993 -44.8014 32.4
      vertex 51.7416 -46.5001 32.4
    endloop
  endfacet
  facet normal -0 0 1
    outer loop
      vertex 49.4135 -44.9445 32.4
      vertex 51.7416 -46.5001 32.4
      vertex 49.4993 -44.8014 32.4
    endloop
  endfacet
  facet normal 0 0 1
    outer loop
      vertex 52.4783 -43.5589 32.4
      vertex 49.6918 -43.8334 32.4
      vertex 49.7 -44 32.4
    endloop
  endfacet
  facet normal 0 0 1
    outer loop
      vertex 52.4135 -43.1221 32.4
      vertex 49.6673 -43.6683 32.4
      vertex 49.6918 -43.8334 32.4
    endloop
  endfacet
  facet normal 0 0 1
    outer loop
      vertex 52.3062 -42.6937 32.4
      vertex 49.6268 -43.5065 32.4
      vertex 49.6673 -43.6683 32.4
    endloop
  endfacet
  facet normal 0 0 1
    outer loop
      vertex 52.1575 -42.2779 32.4
      vertex 49.5706 -43.3494 32.4
      vertex 49.6268 -43.5065 32.4
    endloop
  endfacet
  facet normal 0 0 1
    outer loop
      vertex 51.9686 -41.8787 32.4
      vertex 49.4993 -43.1986 32.4
      vertex 49.5706 -43.3494 32.4
    endloop
  endfacet
  facet normal 0 0 1
    outer loop
      vertex 51.7416 -41.4999 32.4
      vertex 49.4135 -43.0555 32.4
      vertex 49.4993 -43.1986 32.4
    endloop
  endfacet
  facet normal 0 0 1
    outer loop
      vertex 51.4785 -41.1452 32.4
      vertex 49.3141 -42.9215 32.4
      vertex 49.4135 -43.0555 32.4
    endloop
  endfacet
  facet normal 0 0 1
    outer loop
      vertex 48.6506 -42.4294 32.4
      vertex 49.7221 -39.8425 32.4
      vertex 49.3063 -39.6938 32.4
    endloop
  endfacet
  facet normal 0 0 1
    outer loop
      vertex 51.182 -40.818 32.4
      vertex 49.2021 -42.7979 32.4
      vertex 49.3141 -42.9215 32.4
    endloop
  endfacet
  facet normal 0 0 1
    outer loop
      vertex 50.8548 -40.5215 32.4
      vertex 49.0785 -42.6859 32.4
      vertex 49.2021 -42.7979 32.4
    endloop
  endfacet
  facet normal 0 0 1
    outer loop
      vertex 50.5001 -40.2584 32.4
      vertex 48.9445 -42.5865 32.4
      vertex 49.0785 -42.6859 32.4
    endloop
  endfacet
  facet normal 0 0 1
    outer loop
      vertex 48.4935 -42.3732 32.4
      vertex 49.3063 -39.6938 32.4
      vertex 48.8779 -39.5865 32.4
    endloop
  endfacet
  facet normal 0 0 1
    outer loop
      vertex 50.1213 -40.0314 32.4
      vertex 48.8014 -42.5007 32.4
      vertex 48.9445 -42.5865 32.4
    endloop
  endfacet
  facet normal 0 0 1
    outer loop
      vertex 49.7221 -39.8425 32.4
      vertex 48.6506 -42.4294 32.4
      vertex 48.8014 -42.5007 32.4
    endloop
  endfacet
  facet normal 0 0 1
    outer loop
      vertex 49.3063 -39.6938 32.4
      vertex 48.4935 -42.3732 32.4
      vertex 48.6506 -42.4294 32.4
    endloop
  endfacet
  facet normal 0 0 1
    outer loop
      vertex 48.3317 -42.3327 32.4
      vertex 48.8779 -39.5865 32.4
      vertex 48.4411 -39.5217 32.4
    endloop
  endfacet
  facet normal 0 0 1
    outer loop
      vertex 48.8779 -39.5865 32.4
      vertex 48.3317 -42.3327 32.4
      vertex 48.4935 -42.3732 32.4
    endloop
  endfacet
  facet normal 0 0 1
    outer loop
      vertex 48.4411 -39.5217 32.4
      vertex 48.1666 -42.3082 32.4
      vertex 48.3317 -42.3327 32.4
    endloop
  endfacet
  facet normal 0 0 1
    outer loop
      vertex 48 -39.5 32.4
      vertex 48.1666 -42.3082 32.4
      vertex 48.4411 -39.5217 32.4
    endloop
  endfacet
  facet normal 0 0 1
    outer loop
      vertex 48 -39.5 32.4
      vertex 48 -42.3 32.4
      vertex 48.1666 -42.3082 32.4
    endloop
  endfacet
  facet normal 0 0 1
    outer loop
      vertex 48 -39.5 32.4
      vertex 47.8334 -42.3082 32.4
      vertex 48 -42.3 32.4
    endloop
  endfacet
  facet normal -0 0 1
    outer loop
      vertex 47.5589 -39.5217 32.4
      vertex 47.8334 -42.3082 32.4
      vertex 48 -39.5 32.4
    endloop
  endfacet
  facet normal 0 0 1
    outer loop
      vertex 47.8334 -42.3082 32.4
      vertex 47.5589 -39.5217 32.4
      vertex 47.6683 -42.3327 32.4
    endloop
  endfacet
  facet normal -0 0 1
    outer loop
      vertex 47.1221 -39.5865 32.4
      vertex 47.6683 -42.3327 32.4
      vertex 47.5589 -39.5217 32.4
    endloop
  endfacet
  facet normal 0 0 1
    outer loop
      vertex 47.6683 -42.3327 32.4
      vertex 47.1221 -39.5865 32.4
      vertex 47.5065 -42.3732 32.4
    endloop
  endfacet
  facet normal -0 0 1
    outer loop
      vertex 46.6937 -39.6938 32.4
      vertex 47.5065 -42.3732 32.4
      vertex 47.1221 -39.5865 32.4
    endloop
  endfacet
  facet normal 0 0 1
    outer loop
      vertex 47.5065 -42.3732 32.4
      vertex 46.6937 -39.6938 32.4
      vertex 47.3494 -42.4294 32.4
    endloop
  endfacet
  facet normal -0 0 1
    outer loop
      vertex 46.2779 -39.8425 32.4
      vertex 47.3494 -42.4294 32.4
      vertex 46.6937 -39.6938 32.4
    endloop
  endfacet
  facet normal 0 0 1
    outer loop
      vertex 47.3494 -42.4294 32.4
      vertex 46.2779 -39.8425 32.4
      vertex 47.1986 -42.5007 32.4
    endloop
  endfacet
  facet normal -0 0 1
    outer loop
      vertex 45.8787 -40.0314 32.4
      vertex 47.1986 -42.5007 32.4
      vertex 46.2779 -39.8425 32.4
    endloop
  endfacet
  facet normal 0 0 1
    outer loop
      vertex 47.1986 -42.5007 32.4
      vertex 45.8787 -40.0314 32.4
      vertex 47.0555 -42.5865 32.4
    endloop
  endfacet
  facet normal -0 0 1
    outer loop
      vertex 45.4999 -40.2584 32.4
      vertex 47.0555 -42.5865 32.4
      vertex 45.8787 -40.0314 32.4
    endloop
  endfacet
  facet normal 0 0 1
    outer loop
      vertex 47.0555 -42.5865 32.4
      vertex 45.4999 -40.2584 32.4
      vertex 46.9215 -42.6859 32.4
    endloop
  endfacet
  facet normal -0 0 1
    outer loop
      vertex 45.1452 -40.5215 32.4
      vertex 46.9215 -42.6859 32.4
      vertex 45.4999 -40.2584 32.4
    endloop
  endfacet
  facet normal 0 0 1
    outer loop
      vertex 46.9215 -42.6859 32.4
      vertex 45.1452 -40.5215 32.4
      vertex 46.7979 -42.7979 32.4
    endloop
  endfacet
  facet normal -0 0 1
    outer loop
      vertex 44.818 -40.818 32.4
      vertex 46.7979 -42.7979 32.4
      vertex 45.1452 -40.5215 32.4
    endloop
  endfacet
  facet normal 0 0 1
    outer loop
      vertex 46.7979 -42.7979 32.4
      vertex 44.818 -40.818 32.4
      vertex 46.6859 -42.9215 32.4
    endloop
  endfacet
  facet normal -0 0 1
    outer loop
      vertex 44.5215 -41.1452 32.4
      vertex 46.6859 -42.9215 32.4
      vertex 44.818 -40.818 32.4
    endloop
  endfacet
  facet normal -0 0 1
    outer loop
      vertex 44.2584 -41.4999 32.4
      vertex 46.5865 -43.0555 32.4
      vertex 44.5215 -41.1452 32.4
    endloop
  endfacet
  facet normal 0 0 1
    outer loop
      vertex 46.6859 -42.9215 32.4
      vertex 44.5215 -41.1452 32.4
      vertex 46.5865 -43.0555 32.4
    endloop
  endfacet
  facet normal 0 0 1
    outer loop
      vertex 51.7416 -46.5001 32.4
      vertex 49.4135 -44.9445 32.4
      vertex 51.4785 -46.8548 32.4
    endloop
  endfacet
  facet normal -0 0 1
    outer loop
      vertex 49.3141 -45.0785 32.4
      vertex 51.4785 -46.8548 32.4
      vertex 49.4135 -44.9445 32.4
    endloop
  endfacet
  facet normal 0 0 1
    outer loop
      vertex 51.4785 -46.8548 32.4
      vertex 49.3141 -45.0785 32.4
      vertex 51.182 -47.182 32.4
    endloop
  endfacet
  facet normal -0 0 1
    outer loop
      vertex 49.2021 -45.2021 32.4
      vertex 51.182 -47.182 32.4
      vertex 49.3141 -45.0785 32.4
    endloop
  endfacet
  facet normal 0 0 1
    outer loop
      vertex 51.182 -47.182 32.4
      vertex 49.2021 -45.2021 32.4
      vertex 50.8548 -47.4785 32.4
    endloop
  endfacet
  facet normal -0 0 1
    outer loop
      vertex 49.0785 -45.3141 32.4
      vertex 50.8548 -47.4785 32.4
      vertex 49.2021 -45.2021 32.4
    endloop
  endfacet
  facet normal 0 0 1
    outer loop
      vertex 50.8548 -47.4785 32.4
      vertex 49.0785 -45.3141 32.4
      vertex 50.5001 -47.7416 32.4
    endloop
  endfacet
  facet normal -0 0 1
    outer loop
      vertex 48.9445 -45.4135 32.4
      vertex 50.5001 -47.7416 32.4
      vertex 49.0785 -45.3141 32.4
    endloop
  endfacet
  facet normal 0 0 1
    outer loop
      vertex 50.5001 -47.7416 32.4
      vertex 48.9445 -45.4135 32.4
      vertex 50.1213 -47.9686 32.4
    endloop
  endfacet
  facet normal -0 0 1
    outer loop
      vertex 48.8014 -45.4993 32.4
      vertex 50.1213 -47.9686 32.4
      vertex 48.9445 -45.4135 32.4
    endloop
  endfacet
  facet normal 0 0 1
    outer loop
      vertex 50.1213 -47.9686 32.4
      vertex 48.8014 -45.4993 32.4
      vertex 49.7221 -48.1575 32.4
    endloop
  endfacet
  facet normal -0 0 1
    outer loop
      vertex 48.6506 -45.5706 32.4
      vertex 49.7221 -48.1575 32.4
      vertex 48.8014 -45.4993 32.4
    endloop
  endfacet
  facet normal 0 0 1
    outer loop
      vertex 49.7221 -48.1575 32.4
      vertex 48.6506 -45.5706 32.4
      vertex 49.3063 -48.3062 32.4
    endloop
  endfacet
  facet normal -0 0 1
    outer loop
      vertex 48.4935 -45.6268 32.4
      vertex 49.3063 -48.3062 32.4
      vertex 48.6506 -45.5706 32.4
    endloop
  endfacet
  facet normal 0 0 1
    outer loop
      vertex 49.3063 -48.3062 32.4
      vertex 48.4935 -45.6268 32.4
      vertex 48.8779 -48.4135 32.4
    endloop
  endfacet
  facet normal -0 0 1
    outer loop
      vertex 48.3317 -45.6673 32.4
      vertex 48.8779 -48.4135 32.4
      vertex 48.4935 -45.6268 32.4
    endloop
  endfacet
  facet normal 0 0 1
    outer loop
      vertex 48.8779 -48.4135 32.4
      vertex 48.3317 -45.6673 32.4
      vertex 48.4411 -48.4783 32.4
    endloop
  endfacet
  facet normal -0 0 1
    outer loop
      vertex 48.1666 -45.6918 32.4
      vertex 48.4411 -48.4783 32.4
      vertex 48.3317 -45.6673 32.4
    endloop
  endfacet
  facet normal -0 0 1
    outer loop
      vertex 48 -45.7 32.4
      vertex 48.4411 -48.4783 32.4
      vertex 48.1666 -45.6918 32.4
    endloop
  endfacet
  facet normal 0 0 1
    outer loop
      vertex 48 -45.7 32.4
      vertex 48 -48.5 32.4
      vertex 48.4411 -48.4783 32.4
    endloop
  endfacet
  facet normal 0 0 1
    outer loop
      vertex 47.8334 -45.6918 32.4
      vertex 48 -48.5 32.4
      vertex 48 -45.7 32.4
    endloop
  endfacet
  facet normal 0 0 1
    outer loop
      vertex 47.5589 -48.4783 32.4
      vertex 47.8334 -45.6918 32.4
      vertex 47.6683 -45.6673 32.4
    endloop
  endfacet
  facet normal 0 0 1
    outer loop
      vertex 47.8334 -45.6918 32.4
      vertex 47.5589 -48.4783 32.4
      vertex 48 -48.5 32.4
    endloop
  endfacet
  facet normal 0 0 1
    outer loop
      vertex 47.1221 -48.4135 32.4
      vertex 47.6683 -45.6673 32.4
      vertex 47.5065 -45.6268 32.4
    endloop
  endfacet
  facet normal 0 0 1
    outer loop
      vertex 46.6937 -48.3062 32.4
      vertex 47.5065 -45.6268 32.4
      vertex 47.3494 -45.5706 32.4
    endloop
  endfacet
  facet normal 0 0 1
    outer loop
      vertex 46.2779 -48.1575 32.4
      vertex 47.3494 -45.5706 32.4
      vertex 47.1986 -45.4993 32.4
    endloop
  endfacet
  facet normal 0 0 1
    outer loop
      vertex 47.6683 -45.6673 32.4
      vertex 47.1221 -48.4135 32.4
      vertex 47.5589 -48.4783 32.4
    endloop
  endfacet
  facet normal 0 0 1
    outer loop
      vertex 45.8787 -47.9686 32.4
      vertex 47.1986 -45.4993 32.4
      vertex 47.0555 -45.4135 32.4
    endloop
  endfacet
  facet normal 0 0 1
    outer loop
      vertex 45.4999 -47.7416 32.4
      vertex 47.0555 -45.4135 32.4
      vertex 46.9215 -45.3141 32.4
    endloop
  endfacet
  facet normal 0 0 1
    outer loop
      vertex 45.1452 -47.4785 32.4
      vertex 46.9215 -45.3141 32.4
      vertex 46.7979 -45.2021 32.4
    endloop
  endfacet
  facet normal 0 0 1
    outer loop
      vertex 47.5065 -45.6268 32.4
      vertex 46.6937 -48.3062 32.4
      vertex 47.1221 -48.4135 32.4
    endloop
  endfacet
  facet normal 0 0 1
    outer loop
      vertex 44.818 -47.182 32.4
      vertex 46.7979 -45.2021 32.4
      vertex 46.6859 -45.0785 32.4
    endloop
  endfacet
  facet normal 0 0 1
    outer loop
      vertex 44.5215 -46.8548 32.4
      vertex 46.6859 -45.0785 32.4
      vertex 46.5865 -44.9445 32.4
    endloop
  endfacet
  facet normal 0 0 1
    outer loop
      vertex 44.2584 -46.5001 32.4
      vertex 46.5865 -44.9445 32.4
      vertex 46.5007 -44.8014 32.4
    endloop
  endfacet
  facet normal 0 0 1
    outer loop
      vertex 44.0314 -46.1213 32.4
      vertex 46.5007 -44.8014 32.4
      vertex 46.4294 -44.6506 32.4
    endloop
  endfacet
  facet normal 0 0 1
    outer loop
      vertex 43.8425 -45.7221 32.4
      vertex 46.4294 -44.6506 32.4
      vertex 46.3732 -44.4935 32.4
    endloop
  endfacet
  facet normal 0 0 1
    outer loop
      vertex 43.6938 -45.3063 32.4
      vertex 46.3732 -44.4935 32.4
      vertex 46.3327 -44.3317 32.4
    endloop
  endfacet
  facet normal 0 0 1
    outer loop
      vertex 43.5865 -44.8779 32.4
      vertex 46.3327 -44.3317 32.4
      vertex 46.3082 -44.1666 32.4
    endloop
  endfacet
  facet normal 0 0 1
    outer loop
      vertex 47.3494 -45.5706 32.4
      vertex 46.2779 -48.1575 32.4
      vertex 46.6937 -48.3062 32.4
    endloop
  endfacet
  facet normal 0 0 1
    outer loop
      vertex 43.5217 -44.4411 32.4
      vertex 46.3082 -44.1666 32.4
      vertex 46.3 -44 32.4
    endloop
  endfacet
  facet normal 0 0 1
    outer loop
      vertex 46.5865 -43.0555 32.4
      vertex 44.2584 -41.4999 32.4
      vertex 46.5007 -43.1986 32.4
    endloop
  endfacet
  facet normal -0 0 1
    outer loop
      vertex 44.0314 -41.8787 32.4
      vertex 46.5007 -43.1986 32.4
      vertex 44.2584 -41.4999 32.4
    endloop
  endfacet
  facet normal 0 0 1
    outer loop
      vertex 47.1986 -45.4993 32.4
      vertex 45.8787 -47.9686 32.4
      vertex 46.2779 -48.1575 32.4
    endloop
  endfacet
  facet normal 0 0 1
    outer loop
      vertex 46.5007 -43.1986 32.4
      vertex 44.0314 -41.8787 32.4
      vertex 46.4294 -43.3494 32.4
    endloop
  endfacet
  facet normal 0 0 1
    outer loop
      vertex 47.0555 -45.4135 32.4
      vertex 45.4999 -47.7416 32.4
      vertex 45.8787 -47.9686 32.4
    endloop
  endfacet
  facet normal -0 0 1
    outer loop
      vertex 43.8425 -42.2779 32.4
      vertex 46.4294 -43.3494 32.4
      vertex 44.0314 -41.8787 32.4
    endloop
  endfacet
  facet normal 0 0 1
    outer loop
      vertex 46.9215 -45.3141 32.4
      vertex 45.1452 -47.4785 32.4
      vertex 45.4999 -47.7416 32.4
    endloop
  endfacet
  facet normal 0 0 1
    outer loop
      vertex 46.4294 -43.3494 32.4
      vertex 43.8425 -42.2779 32.4
      vertex 46.3732 -43.5065 32.4
    endloop
  endfacet
  facet normal 0 0 1
    outer loop
      vertex 46.7979 -45.2021 32.4
      vertex 44.818 -47.182 32.4
      vertex 45.1452 -47.4785 32.4
    endloop
  endfacet
  facet normal -0 0 1
    outer loop
      vertex 43.6938 -42.6937 32.4
      vertex 46.3732 -43.5065 32.4
      vertex 43.8425 -42.2779 32.4
    endloop
  endfacet
  facet normal 0 0 1
    outer loop
      vertex 46.6859 -45.0785 32.4
      vertex 44.5215 -46.8548 32.4
      vertex 44.818 -47.182 32.4
    endloop
  endfacet
  facet normal 0 0 1
    outer loop
      vertex 46.3732 -43.5065 32.4
      vertex 43.6938 -42.6937 32.4
      vertex 46.3327 -43.6683 32.4
    endloop
  endfacet
  facet normal 0 0 1
    outer loop
      vertex 46.5865 -44.9445 32.4
      vertex 44.2584 -46.5001 32.4
      vertex 44.5215 -46.8548 32.4
    endloop
  endfacet
  facet normal -0 0 1
    outer loop
      vertex 43.5865 -43.1221 32.4
      vertex 46.3327 -43.6683 32.4
      vertex 43.6938 -42.6937 32.4
    endloop
  endfacet
  facet normal 0 0 1
    outer loop
      vertex 46.5007 -44.8014 32.4
      vertex 44.0314 -46.1213 32.4
      vertex 44.2584 -46.5001 32.4
    endloop
  endfacet
  facet normal 0 0 1
    outer loop
      vertex 46.3327 -43.6683 32.4
      vertex 43.5865 -43.1221 32.4
      vertex 46.3082 -43.8334 32.4
    endloop
  endfacet
  facet normal 0 0 1
    outer loop
      vertex 46.4294 -44.6506 32.4
      vertex 43.8425 -45.7221 32.4
      vertex 44.0314 -46.1213 32.4
    endloop
  endfacet
  facet normal -0 0 1
    outer loop
      vertex 43.5217 -43.5589 32.4
      vertex 46.3082 -43.8334 32.4
      vertex 43.5865 -43.1221 32.4
    endloop
  endfacet
  facet normal 0 0 1
    outer loop
      vertex 46.3732 -44.4935 32.4
      vertex 43.6938 -45.3063 32.4
      vertex 43.8425 -45.7221 32.4
    endloop
  endfacet
  facet normal 0 0 1
    outer loop
      vertex 46.3082 -43.8334 32.4
      vertex 43.5217 -43.5589 32.4
      vertex 46.3 -44 32.4
    endloop
  endfacet
  facet normal 0 0 1
    outer loop
      vertex 46.3327 -44.3317 32.4
      vertex 43.5865 -44.8779 32.4
      vertex 43.6938 -45.3063 32.4
    endloop
  endfacet
  facet normal 0 0 1
    outer loop
      vertex 43.5 -44 32.4
      vertex 46.3 -44 32.4
      vertex 43.5217 -43.5589 32.4
    endloop
  endfacet
  facet normal 0 0 1
    outer loop
      vertex 46.3082 -44.1666 32.4
      vertex 43.5217 -44.4411 32.4
      vertex 43.5865 -44.8779 32.4
    endloop
  endfacet
  facet normal 0 0 1
    outer loop
      vertex 46.3 -44 32.4
      vertex 43.5 -44 32.4
      vertex 43.5217 -44.4411 32.4
    endloop
  endfacet
  facet normal -0.242962 -0.970036 0
    outer loop
      vertex 46.6937 -48.3062 2.4
      vertex 47.1221 -48.4135 32.4
      vertex 46.6937 -48.3062 32.4
    endloop
  endfacet
  facet normal -0.242962 -0.970036 -0
    outer loop
      vertex 47.1221 -48.4135 32.4
      vertex 46.6937 -48.3062 2.4
      vertex 47.1221 -48.4135 2.4
    endloop
  endfacet
  facet normal -0.595753 -0.803168 0
    outer loop
      vertex 45.1452 -47.4785 2.4
      vertex 45.4999 -47.7416 32.4
      vertex 45.1452 -47.4785 32.4
    endloop
  endfacet
  facet normal -0.595753 -0.803168 -0
    outer loop
      vertex 45.4999 -47.7416 32.4
      vertex 45.1452 -47.4785 2.4
      vertex 45.4999 -47.7416 2.4
    endloop
  endfacet
  facet normal -0.427726 -0.903908 0
    outer loop
      vertex 45.8787 -47.9686 2.4
      vertex 46.2779 -48.1575 32.4
      vertex 45.8787 -47.9686 32.4
    endloop
  endfacet
  facet normal -0.427726 -0.903908 -0
    outer loop
      vertex 46.2779 -48.1575 32.4
      vertex 45.8787 -47.9686 2.4
      vertex 46.2779 -48.1575 2.4
    endloop
  endfacet
  facet normal -0.998792 0.0491358 0
    outer loop
      vertex 43.5 -44 2.4
      vertex 43.5217 -43.5589 32.4
      vertex 43.5217 -43.5589 2.4
    endloop
  endfacet
  facet normal -0.998792 0.0491358 0
    outer loop
      vertex 43.5217 -43.5589 32.4
      vertex 43.5 -44 2.4
      vertex 43.5 -44 32.4
    endloop
  endfacet
  facet normal -0.998792 -0.0491358 0
    outer loop
      vertex 43.5217 -44.4411 2.4
      vertex 43.5 -44 32.4
      vertex 43.5 -44 2.4
    endloop
  endfacet
  facet normal -0.998792 -0.0491358 0
    outer loop
      vertex 43.5 -44 32.4
      vertex 43.5217 -44.4411 2.4
      vertex 43.5217 -44.4411 32.4
    endloop
  endfacet
  facet normal -0.741015 -0.671488 0
    outer loop
      vertex 44.818 -47.182 2.4
      vertex 44.5215 -46.8548 32.4
      vertex 44.5215 -46.8548 2.4
    endloop
  endfacet
  facet normal -0.741015 -0.671488 0
    outer loop
      vertex 44.5215 -46.8548 32.4
      vertex 44.818 -47.182 2.4
      vertex 44.818 -47.182 32.4
    endloop
  endfacet
  facet normal 0.989174 0.146746 0
    outer loop
      vertex 52.4783 44.4411 32.4
      vertex 52.4135 44.8779 2.4
      vertex 52.4135 44.8779 32.4
    endloop
  endfacet
  facet normal 0.989174 0.146746 0
    outer loop
      vertex 52.4135 44.8779 2.4
      vertex 52.4783 44.4411 32.4
      vertex 52.4783 44.4411 2.4
    endloop
  endfacet
  facet normal -0.0491358 -0.998792 0
    outer loop
      vertex 47.5589 39.5217 2.4
      vertex 48 39.5 32.4
      vertex 47.5589 39.5217 32.4
    endloop
  endfacet
  facet normal -0.0491358 -0.998792 -0
    outer loop
      vertex 48 39.5 32.4
      vertex 47.5589 39.5217 2.4
      vertex 48 39.5 2.4
    endloop
  endfacet
  facet normal 0.741015 0.671488 0
    outer loop
      vertex 51.4785 46.8548 32.4
      vertex 51.182 47.182 2.4
      vertex 51.182 47.182 32.4
    endloop
  endfacet
  facet normal 0.741015 0.671488 0
    outer loop
      vertex 51.182 47.182 2.4
      vertex 51.4785 46.8548 32.4
      vertex 51.4785 46.8548 2.4
    endloop
  endfacet
  facet normal 0.242962 -0.970036 0
    outer loop
      vertex 48.8779 39.5865 2.4
      vertex 49.3063 39.6938 32.4
      vertex 48.8779 39.5865 32.4
    endloop
  endfacet
  facet normal 0.242962 -0.970036 0
    outer loop
      vertex 49.3063 39.6938 32.4
      vertex 48.8779 39.5865 2.4
      vertex 49.3063 39.6938 2.4
    endloop
  endfacet
  facet normal 0.803168 -0.595753 0
    outer loop
      vertex 51.4785 41.1452 32.4
      vertex 51.7416 41.4999 2.4
      vertex 51.7416 41.4999 32.4
    endloop
  endfacet
  facet normal 0.803168 -0.595753 0
    outer loop
      vertex 51.7416 41.4999 2.4
      vertex 51.4785 41.1452 32.4
      vertex 51.4785 41.1452 2.4
    endloop
  endfacet
  facet normal 0.595753 -0.803168 0
    outer loop
      vertex 50.5001 40.2584 2.4
      vertex 50.8548 40.5215 32.4
      vertex 50.5001 40.2584 32.4
    endloop
  endfacet
  facet normal 0.595753 -0.803168 0
    outer loop
      vertex 50.8548 40.5215 32.4
      vertex 50.5001 40.2584 2.4
      vertex 50.8548 40.5215 2.4
    endloop
  endfacet
  facet normal -0.903908 -0.427726 0
    outer loop
      vertex 44.0314 41.8787 2.4
      vertex 43.8425 42.2779 32.4
      vertex 43.8425 42.2779 2.4
    endloop
  endfacet
  facet normal -0.903908 -0.427726 0
    outer loop
      vertex 43.8425 42.2779 32.4
      vertex 44.0314 41.8787 2.4
      vertex 44.0314 41.8787 32.4
    endloop
  endfacet
  facet normal -0.803168 0.595753 0
    outer loop
      vertex 44.2584 46.5001 2.4
      vertex 44.5215 46.8548 32.4
      vertex 44.5215 46.8548 2.4
    endloop
  endfacet
  facet normal -0.803168 0.595753 0
    outer loop
      vertex 44.5215 46.8548 32.4
      vertex 44.2584 46.5001 2.4
      vertex 44.2584 46.5001 32.4
    endloop
  endfacet
  facet normal 0.941598 0.336738 0
    outer loop
      vertex 52.3062 45.3063 32.4
      vertex 52.1575 45.7221 2.4
      vertex 52.1575 45.7221 32.4
    endloop
  endfacet
  facet normal 0.941598 0.336738 0
    outer loop
      vertex 52.1575 45.7221 2.4
      vertex 52.3062 45.3063 32.4
      vertex 52.3062 45.3063 2.4
    endloop
  endfacet
  facet normal -0.941598 -0.336738 0
    outer loop
      vertex 43.8425 42.2779 2.4
      vertex 43.6938 42.6937 32.4
      vertex 43.6938 42.6937 2.4
    endloop
  endfacet
  facet normal -0.941598 -0.336738 0
    outer loop
      vertex 43.6938 42.6937 32.4
      vertex 43.8425 42.2779 2.4
      vertex 43.8425 42.2779 32.4
    endloop
  endfacet
  facet normal 0.336738 0.941598 -0
    outer loop
      vertex 49.7221 48.1575 2.4
      vertex 49.3063 48.3062 32.4
      vertex 49.7221 48.1575 32.4
    endloop
  endfacet
  facet normal 0.336738 0.941598 0
    outer loop
      vertex 49.3063 48.3062 32.4
      vertex 49.7221 48.1575 2.4
      vertex 49.3063 48.3062 2.4
    endloop
  endfacet
  facet normal 0.671488 -0.741015 0
    outer loop
      vertex 50.8548 40.5215 2.4
      vertex 51.182 40.818 32.4
      vertex 50.8548 40.5215 32.4
    endloop
  endfacet
  facet normal 0.671488 -0.741015 0
    outer loop
      vertex 51.182 40.818 32.4
      vertex 50.8548 40.5215 2.4
      vertex 51.182 40.818 2.4
    endloop
  endfacet
  facet normal 0.989174 -0.146746 0
    outer loop
      vertex 52.4135 43.1221 32.4
      vertex 52.4783 43.5589 2.4
      vertex 52.4783 43.5589 32.4
    endloop
  endfacet
  facet normal 0.989174 -0.146746 0
    outer loop
      vertex 52.4783 43.5589 2.4
      vertex 52.4135 43.1221 32.4
      vertex 52.4135 43.1221 2.4
    endloop
  endfacet
  facet normal -0.741015 -0.671488 0
    outer loop
      vertex 44.818 40.818 2.4
      vertex 44.5215 41.1452 32.4
      vertex 44.5215 41.1452 2.4
    endloop
  endfacet
  facet normal -0.741015 -0.671488 0
    outer loop
      vertex 44.5215 41.1452 32.4
      vertex 44.818 40.818 2.4
      vertex 44.818 40.818 32.4
    endloop
  endfacet
  facet normal 0.903908 -0.427726 0
    outer loop
      vertex 51.9686 41.8787 32.4
      vertex 52.1575 42.2779 2.4
      vertex 52.1575 42.2779 32.4
    endloop
  endfacet
  facet normal 0.903908 -0.427726 0
    outer loop
      vertex 52.1575 42.2779 2.4
      vertex 51.9686 41.8787 32.4
      vertex 51.9686 41.8787 2.4
    endloop
  endfacet
  facet normal -0.0491358 0.998792 0
    outer loop
      vertex 48 48.5 2.4
      vertex 47.5589 48.4783 32.4
      vertex 48 48.5 32.4
    endloop
  endfacet
  facet normal -0.0491358 0.998792 0
    outer loop
      vertex 47.5589 48.4783 32.4
      vertex 48 48.5 2.4
      vertex 47.5589 48.4783 2.4
    endloop
  endfacet
  facet normal -0.857773 -0.514029 0
    outer loop
      vertex 44.2584 41.4999 2.4
      vertex 44.0314 41.8787 32.4
      vertex 44.0314 41.8787 2.4
    endloop
  endfacet
  facet normal -0.857773 -0.514029 0
    outer loop
      vertex 44.0314 41.8787 32.4
      vertex 44.2584 41.4999 2.4
      vertex 44.2584 41.4999 32.4
    endloop
  endfacet
  facet normal 0.998792 0.0491358 0
    outer loop
      vertex 52.5 44 32.4
      vertex 52.4783 44.4411 2.4
      vertex 52.4783 44.4411 32.4
    endloop
  endfacet
  facet normal 0.998792 0.0491358 0
    outer loop
      vertex 52.4783 44.4411 2.4
      vertex 52.5 44 32.4
      vertex 52.5 44 2.4
    endloop
  endfacet
  facet normal 0.970036 0.242962 0
    outer loop
      vertex 52.4135 44.8779 32.4
      vertex 52.3062 45.3063 2.4
      vertex 52.3062 45.3063 32.4
    endloop
  endfacet
  facet normal 0.970036 0.242962 0
    outer loop
      vertex 52.3062 45.3063 2.4
      vertex 52.4135 44.8779 32.4
      vertex 52.4135 44.8779 2.4
    endloop
  endfacet
  facet normal -0.146746 0.989174 0
    outer loop
      vertex 47.5589 48.4783 2.4
      vertex 47.1221 48.4135 32.4
      vertex 47.5589 48.4783 32.4
    endloop
  endfacet
  facet normal -0.146746 0.989174 0
    outer loop
      vertex 47.1221 48.4135 32.4
      vertex 47.5589 48.4783 2.4
      vertex 47.1221 48.4135 2.4
    endloop
  endfacet
  facet normal -0.242962 0.970036 0
    outer loop
      vertex 47.1221 48.4135 2.4
      vertex 46.6937 48.3062 32.4
      vertex 47.1221 48.4135 32.4
    endloop
  endfacet
  facet normal -0.242962 0.970036 0
    outer loop
      vertex 46.6937 48.3062 32.4
      vertex 47.1221 48.4135 2.4
      vertex 46.6937 48.3062 2.4
    endloop
  endfacet
  facet normal 0.0491358 -0.998792 0
    outer loop
      vertex 48 39.5 2.4
      vertex 48.4411 39.5217 32.4
      vertex 48 39.5 32.4
    endloop
  endfacet
  facet normal 0.0491358 -0.998792 0
    outer loop
      vertex 48.4411 39.5217 32.4
      vertex 48 39.5 2.4
      vertex 48.4411 39.5217 2.4
    endloop
  endfacet
  facet normal -0.336738 -0.941598 0
    outer loop
      vertex 46.2779 39.8425 2.4
      vertex 46.6937 39.6938 32.4
      vertex 46.2779 39.8425 32.4
    endloop
  endfacet
  facet normal -0.336738 -0.941598 -0
    outer loop
      vertex 46.6937 39.6938 32.4
      vertex 46.2779 39.8425 2.4
      vertex 46.6937 39.6938 2.4
    endloop
  endfacet
  facet normal 0.671488 0.741015 -0
    outer loop
      vertex 51.182 47.182 2.4
      vertex 50.8548 47.4785 32.4
      vertex 51.182 47.182 32.4
    endloop
  endfacet
  facet normal 0.671488 0.741015 0
    outer loop
      vertex 50.8548 47.4785 32.4
      vertex 51.182 47.182 2.4
      vertex 50.8548 47.4785 2.4
    endloop
  endfacet
  facet normal 0.514029 0.857773 -0
    outer loop
      vertex 50.5001 47.7416 2.4
      vertex 50.1213 47.9686 32.4
      vertex 50.5001 47.7416 32.4
    endloop
  endfacet
  facet normal 0.514029 0.857773 0
    outer loop
      vertex 50.1213 47.9686 32.4
      vertex 50.5001 47.7416 2.4
      vertex 50.1213 47.9686 2.4
    endloop
  endfacet
  facet normal 0.903908 0.427726 0
    outer loop
      vertex 52.1575 45.7221 32.4
      vertex 51.9686 46.1213 2.4
      vertex 51.9686 46.1213 32.4
    endloop
  endfacet
  facet normal 0.903908 0.427726 0
    outer loop
      vertex 51.9686 46.1213 2.4
      vertex 52.1575 45.7221 32.4
      vertex 52.1575 45.7221 2.4
    endloop
  endfacet
  facet normal -0.336738 0.941598 0
    outer loop
      vertex 46.6937 48.3062 2.4
      vertex 46.2779 48.1575 32.4
      vertex 46.6937 48.3062 32.4
    endloop
  endfacet
  facet normal -0.336738 0.941598 0
    outer loop
      vertex 46.2779 48.1575 32.4
      vertex 46.6937 48.3062 2.4
      vertex 46.2779 48.1575 2.4
    endloop
  endfacet
  facet normal -0.671488 -0.741015 0
    outer loop
      vertex 44.818 40.818 2.4
      vertex 45.1452 40.5215 32.4
      vertex 44.818 40.818 32.4
    endloop
  endfacet
  facet normal -0.671488 -0.741015 -0
    outer loop
      vertex 45.1452 40.5215 32.4
      vertex 44.818 40.818 2.4
      vertex 45.1452 40.5215 2.4
    endloop
  endfacet
  facet normal -0.998792 0.0491358 0
    outer loop
      vertex 43.5 44 2.4
      vertex 43.5217 44.4411 32.4
      vertex 43.5217 44.4411 2.4
    endloop
  endfacet
  facet normal -0.998792 0.0491358 0
    outer loop
      vertex 43.5217 44.4411 32.4
      vertex 43.5 44 2.4
      vertex 43.5 44 32.4
    endloop
  endfacet
  facet normal -0.741015 0.671488 0
    outer loop
      vertex 44.5215 46.8548 2.4
      vertex 44.818 47.182 32.4
      vertex 44.818 47.182 2.4
    endloop
  endfacet
  facet normal -0.741015 0.671488 0
    outer loop
      vertex 44.818 47.182 32.4
      vertex 44.5215 46.8548 2.4
      vertex 44.5215 46.8548 32.4
    endloop
  endfacet
  facet normal 0.0491358 0.998792 -0
    outer loop
      vertex 48.4411 48.4783 2.4
      vertex 48 48.5 32.4
      vertex 48.4411 48.4783 32.4
    endloop
  endfacet
  facet normal 0.0491358 0.998792 0
    outer loop
      vertex 48 48.5 32.4
      vertex 48.4411 48.4783 2.4
      vertex 48 48.5 2.4
    endloop
  endfacet
  facet normal 0.998792 -0.0491358 0
    outer loop
      vertex 52.4783 43.5589 32.4
      vertex 52.5 44 2.4
      vertex 52.5 44 32.4
    endloop
  endfacet
  facet normal 0.998792 -0.0491358 0
    outer loop
      vertex 52.5 44 2.4
      vertex 52.4783 43.5589 32.4
      vertex 52.4783 43.5589 2.4
    endloop
  endfacet
  facet normal 0.336738 -0.941598 0
    outer loop
      vertex 49.3063 39.6938 2.4
      vertex 49.7221 39.8425 32.4
      vertex 49.3063 39.6938 32.4
    endloop
  endfacet
  facet normal 0.336738 -0.941598 0
    outer loop
      vertex 49.7221 39.8425 32.4
      vertex 49.3063 39.6938 2.4
      vertex 49.7221 39.8425 2.4
    endloop
  endfacet
  facet normal -0.803168 -0.595753 0
    outer loop
      vertex 44.5215 41.1452 2.4
      vertex 44.2584 41.4999 32.4
      vertex 44.2584 41.4999 2.4
    endloop
  endfacet
  facet normal -0.803168 -0.595753 0
    outer loop
      vertex 44.2584 41.4999 32.4
      vertex 44.5215 41.1452 2.4
      vertex 44.5215 41.1452 32.4
    endloop
  endfacet
  facet normal 0.427726 0.903908 -0
    outer loop
      vertex 50.1213 47.9686 2.4
      vertex 49.7221 48.1575 32.4
      vertex 50.1213 47.9686 32.4
    endloop
  endfacet
  facet normal 0.427726 0.903908 0
    outer loop
      vertex 49.7221 48.1575 32.4
      vertex 50.1213 47.9686 2.4
      vertex 49.7221 48.1575 2.4
    endloop
  endfacet
  facet normal 0.595753 0.803168 -0
    outer loop
      vertex 50.8548 47.4785 2.4
      vertex 50.5001 47.7416 32.4
      vertex 50.8548 47.4785 32.4
    endloop
  endfacet
  facet normal 0.595753 0.803168 0
    outer loop
      vertex 50.5001 47.7416 32.4
      vertex 50.8548 47.4785 2.4
      vertex 50.5001 47.7416 2.4
    endloop
  endfacet
  facet normal 0.857773 -0.514029 0
    outer loop
      vertex 51.7416 41.4999 32.4
      vertex 51.9686 41.8787 2.4
      vertex 51.9686 41.8787 32.4
    endloop
  endfacet
  facet normal 0.857773 -0.514029 0
    outer loop
      vertex 51.9686 41.8787 2.4
      vertex 51.7416 41.4999 32.4
      vertex 51.7416 41.4999 2.4
    endloop
  endfacet
  facet normal -0.595753 0.803168 0
    outer loop
      vertex 45.4999 47.7416 2.4
      vertex 45.1452 47.4785 32.4
      vertex 45.4999 47.7416 32.4
    endloop
  endfacet
  facet normal -0.595753 0.803168 0
    outer loop
      vertex 45.1452 47.4785 32.4
      vertex 45.4999 47.7416 2.4
      vertex 45.1452 47.4785 2.4
    endloop
  endfacet
  facet normal -0.998792 -0.0491358 0
    outer loop
      vertex 43.5217 43.5589 2.4
      vertex 43.5 44 32.4
      vertex 43.5 44 2.4
    endloop
  endfacet
  facet normal -0.998792 -0.0491358 0
    outer loop
      vertex 43.5 44 32.4
      vertex 43.5217 43.5589 2.4
      vertex 43.5217 43.5589 32.4
    endloop
  endfacet
  facet normal -0.989174 -0.146746 0
    outer loop
      vertex 43.5865 43.1221 2.4
      vertex 43.5217 43.5589 32.4
      vertex 43.5217 43.5589 2.4
    endloop
  endfacet
  facet normal -0.989174 -0.146746 0
    outer loop
      vertex 43.5217 43.5589 32.4
      vertex 43.5865 43.1221 2.4
      vertex 43.5865 43.1221 32.4
    endloop
  endfacet
  facet normal 0.146746 -0.989174 0
    outer loop
      vertex 48.4411 39.5217 2.4
      vertex 48.8779 39.5865 32.4
      vertex 48.4411 39.5217 32.4
    endloop
  endfacet
  facet normal 0.146746 -0.989174 0
    outer loop
      vertex 48.8779 39.5865 32.4
      vertex 48.4411 39.5217 2.4
      vertex 48.8779 39.5865 2.4
    endloop
  endfacet
  facet normal -0.427726 -0.903908 0
    outer loop
      vertex 45.8787 40.0314 2.4
      vertex 46.2779 39.8425 32.4
      vertex 45.8787 40.0314 32.4
    endloop
  endfacet
  facet normal -0.427726 -0.903908 -0
    outer loop
      vertex 46.2779 39.8425 32.4
      vertex 45.8787 40.0314 2.4
      vertex 46.2779 39.8425 2.4
    endloop
  endfacet
  facet normal 0.803168 0.595753 0
    outer loop
      vertex 51.7416 46.5001 32.4
      vertex 51.4785 46.8548 2.4
      vertex 51.4785 46.8548 32.4
    endloop
  endfacet
  facet normal 0.803168 0.595753 0
    outer loop
      vertex 51.4785 46.8548 2.4
      vertex 51.7416 46.5001 32.4
      vertex 51.7416 46.5001 2.4
    endloop
  endfacet
  facet normal 0.970036 -0.242962 0
    outer loop
      vertex 52.3062 42.6937 32.4
      vertex 52.4135 43.1221 2.4
      vertex 52.4135 43.1221 32.4
    endloop
  endfacet
  facet normal 0.970036 -0.242962 0
    outer loop
      vertex 52.4135 43.1221 2.4
      vertex 52.3062 42.6937 32.4
      vertex 52.3062 42.6937 2.4
    endloop
  endfacet
  facet normal 0.941598 -0.336738 0
    outer loop
      vertex 52.1575 42.2779 32.4
      vertex 52.3062 42.6937 2.4
      vertex 52.3062 42.6937 32.4
    endloop
  endfacet
  facet normal 0.941598 -0.336738 0
    outer loop
      vertex 52.3062 42.6937 2.4
      vertex 52.1575 42.2779 32.4
      vertex 52.1575 42.2779 2.4
    endloop
  endfacet
  facet normal -0.595753 -0.803168 0
    outer loop
      vertex 45.1452 40.5215 2.4
      vertex 45.4999 40.2584 32.4
      vertex 45.1452 40.5215 32.4
    endloop
  endfacet
  facet normal -0.595753 -0.803168 -0
    outer loop
      vertex 45.4999 40.2584 32.4
      vertex 45.1452 40.5215 2.4
      vertex 45.4999 40.2584 2.4
    endloop
  endfacet
  facet normal 0.857773 0.514029 0
    outer loop
      vertex 51.9686 46.1213 32.4
      vertex 51.7416 46.5001 2.4
      vertex 51.7416 46.5001 32.4
    endloop
  endfacet
  facet normal 0.857773 0.514029 0
    outer loop
      vertex 51.7416 46.5001 2.4
      vertex 51.9686 46.1213 32.4
      vertex 51.9686 46.1213 2.4
    endloop
  endfacet
  facet normal -0.242962 -0.970036 0
    outer loop
      vertex 46.6937 39.6938 2.4
      vertex 47.1221 39.5865 32.4
      vertex 46.6937 39.6938 32.4
    endloop
  endfacet
  facet normal -0.242962 -0.970036 -0
    outer loop
      vertex 47.1221 39.5865 32.4
      vertex 46.6937 39.6938 2.4
      vertex 47.1221 39.5865 2.4
    endloop
  endfacet
  facet normal -0.671488 0.741015 0
    outer loop
      vertex 45.1452 47.4785 2.4
      vertex 44.818 47.182 32.4
      vertex 45.1452 47.4785 32.4
    endloop
  endfacet
  facet normal -0.671488 0.741015 0
    outer loop
      vertex 44.818 47.182 32.4
      vertex 45.1452 47.4785 2.4
      vertex 44.818 47.182 2.4
    endloop
  endfacet
  facet normal 0.146746 0.989174 -0
    outer loop
      vertex 48.8779 48.4135 2.4
      vertex 48.4411 48.4783 32.4
      vertex 48.8779 48.4135 32.4
    endloop
  endfacet
  facet normal 0.146746 0.989174 0
    outer loop
      vertex 48.4411 48.4783 32.4
      vertex 48.8779 48.4135 2.4
      vertex 48.4411 48.4783 2.4
    endloop
  endfacet
  facet normal -0.857773 0.514029 0
    outer loop
      vertex 44.0314 46.1213 2.4
      vertex 44.2584 46.5001 32.4
      vertex 44.2584 46.5001 2.4
    endloop
  endfacet
  facet normal -0.857773 0.514029 0
    outer loop
      vertex 44.2584 46.5001 32.4
      vertex 44.0314 46.1213 2.4
      vertex 44.0314 46.1213 32.4
    endloop
  endfacet
  facet normal -0.989174 0.146746 0
    outer loop
      vertex 43.5217 44.4411 2.4
      vertex 43.5865 44.8779 32.4
      vertex 43.5865 44.8779 2.4
    endloop
  endfacet
  facet normal -0.989174 0.146746 0
    outer loop
      vertex 43.5865 44.8779 32.4
      vertex 43.5217 44.4411 2.4
      vertex 43.5217 44.4411 32.4
    endloop
  endfacet
  facet normal -0.970036 0.242962 0
    outer loop
      vertex 43.5865 44.8779 2.4
      vertex 43.6938 45.3063 32.4
      vertex 43.6938 45.3063 2.4
    endloop
  endfacet
  facet normal -0.970036 0.242962 0
    outer loop
      vertex 43.6938 45.3063 32.4
      vertex 43.5865 44.8779 2.4
      vertex 43.5865 44.8779 32.4
    endloop
  endfacet
  facet normal -0.146746 -0.989174 0
    outer loop
      vertex 47.1221 39.5865 2.4
      vertex 47.5589 39.5217 32.4
      vertex 47.1221 39.5865 32.4
    endloop
  endfacet
  facet normal -0.146746 -0.989174 -0
    outer loop
      vertex 47.5589 39.5217 32.4
      vertex 47.1221 39.5865 2.4
      vertex 47.5589 39.5217 2.4
    endloop
  endfacet
  facet normal -0.427726 0.903908 0
    outer loop
      vertex 46.2779 48.1575 2.4
      vertex 45.8787 47.9686 32.4
      vertex 46.2779 48.1575 32.4
    endloop
  endfacet
  facet normal -0.427726 0.903908 0
    outer loop
      vertex 45.8787 47.9686 32.4
      vertex 46.2779 48.1575 2.4
      vertex 45.8787 47.9686 2.4
    endloop
  endfacet
  facet normal 0.741015 -0.671488 0
    outer loop
      vertex 51.182 40.818 32.4
      vertex 51.4785 41.1452 2.4
      vertex 51.4785 41.1452 32.4
    endloop
  endfacet
  facet normal 0.741015 -0.671488 0
    outer loop
      vertex 51.4785 41.1452 2.4
      vertex 51.182 40.818 32.4
      vertex 51.182 40.818 2.4
    endloop
  endfacet
  facet normal -0.941598 0.336738 0
    outer loop
      vertex 43.6938 45.3063 2.4
      vertex 43.8425 45.7221 32.4
      vertex 43.8425 45.7221 2.4
    endloop
  endfacet
  facet normal -0.941598 0.336738 0
    outer loop
      vertex 43.8425 45.7221 32.4
      vertex 43.6938 45.3063 2.4
      vertex 43.6938 45.3063 32.4
    endloop
  endfacet
  facet normal -0.970036 -0.242962 0
    outer loop
      vertex 43.6938 42.6937 2.4
      vertex 43.5865 43.1221 32.4
      vertex 43.5865 43.1221 2.4
    endloop
  endfacet
  facet normal -0.970036 -0.242962 0
    outer loop
      vertex 43.5865 43.1221 32.4
      vertex 43.6938 42.6937 2.4
      vertex 43.6938 42.6937 32.4
    endloop
  endfacet
  facet normal 0.242962 0.970036 -0
    outer loop
      vertex 49.3063 48.3062 2.4
      vertex 48.8779 48.4135 32.4
      vertex 49.3063 48.3062 32.4
    endloop
  endfacet
  facet normal 0.242962 0.970036 0
    outer loop
      vertex 48.8779 48.4135 32.4
      vertex 49.3063 48.3062 2.4
      vertex 48.8779 48.4135 2.4
    endloop
  endfacet
  facet normal 0.427726 -0.903908 0
    outer loop
      vertex 49.7221 39.8425 2.4
      vertex 50.1213 40.0314 32.4
      vertex 49.7221 39.8425 32.4
    endloop
  endfacet
  facet normal 0.427726 -0.903908 0
    outer loop
      vertex 50.1213 40.0314 32.4
      vertex 49.7221 39.8425 2.4
      vertex 50.1213 40.0314 2.4
    endloop
  endfacet
  facet normal 0.514029 -0.857773 0
    outer loop
      vertex 50.1213 40.0314 2.4
      vertex 50.5001 40.2584 32.4
      vertex 50.1213 40.0314 32.4
    endloop
  endfacet
  facet normal 0.514029 -0.857773 0
    outer loop
      vertex 50.5001 40.2584 32.4
      vertex 50.1213 40.0314 2.4
      vertex 50.5001 40.2584 2.4
    endloop
  endfacet
  facet normal 0 0 1
    outer loop
      vertex 49.7 44 32.4
      vertex 52.5 44 32.4
      vertex 52.4783 44.4411 32.4
    endloop
  endfacet
  facet normal 0 0 1
    outer loop
      vertex 49.6918 44.1666 32.4
      vertex 52.4783 44.4411 32.4
      vertex 52.4135 44.8779 32.4
    endloop
  endfacet
  facet normal 0 0 1
    outer loop
      vertex 52.5 44 32.4
      vertex 49.7 44 32.4
      vertex 52.4783 43.5589 32.4
    endloop
  endfacet
  facet normal 0 0 1
    outer loop
      vertex 49.6673 44.3317 32.4
      vertex 52.4135 44.8779 32.4
      vertex 52.3062 45.3063 32.4
    endloop
  endfacet
  facet normal -0 0 1
    outer loop
      vertex 49.6918 43.8334 32.4
      vertex 52.4783 43.5589 32.4
      vertex 49.7 44 32.4
    endloop
  endfacet
  facet normal 0 0 1
    outer loop
      vertex 49.6268 44.4935 32.4
      vertex 52.3062 45.3063 32.4
      vertex 52.1575 45.7221 32.4
    endloop
  endfacet
  facet normal 0 0 1
    outer loop
      vertex 52.4783 43.5589 32.4
      vertex 49.6918 43.8334 32.4
      vertex 52.4135 43.1221 32.4
    endloop
  endfacet
  facet normal 0 0 1
    outer loop
      vertex 49.5706 44.6506 32.4
      vertex 52.1575 45.7221 32.4
      vertex 51.9686 46.1213 32.4
    endloop
  endfacet
  facet normal -0 0 1
    outer loop
      vertex 49.6673 43.6683 32.4
      vertex 52.4135 43.1221 32.4
      vertex 49.6918 43.8334 32.4
    endloop
  endfacet
  facet normal 0 0 1
    outer loop
      vertex 49.4993 44.8014 32.4
      vertex 51.9686 46.1213 32.4
      vertex 51.7416 46.5001 32.4
    endloop
  endfacet
  facet normal 0 0 1
    outer loop
      vertex 52.4135 43.1221 32.4
      vertex 49.6673 43.6683 32.4
      vertex 52.3062 42.6937 32.4
    endloop
  endfacet
  facet normal 0 0 1
    outer loop
      vertex 49.4135 44.9445 32.4
      vertex 51.7416 46.5001 32.4
      vertex 51.4785 46.8548 32.4
    endloop
  endfacet
  facet normal -0 0 1
    outer loop
      vertex 49.6268 43.5065 32.4
      vertex 52.3062 42.6937 32.4
      vertex 49.6673 43.6683 32.4
    endloop
  endfacet
  facet normal 0 0 1
    outer loop
      vertex 49.3141 45.0785 32.4
      vertex 51.4785 46.8548 32.4
      vertex 51.182 47.182 32.4
    endloop
  endfacet
  facet normal 0 0 1
    outer loop
      vertex 52.3062 42.6937 32.4
      vertex 49.6268 43.5065 32.4
      vertex 52.1575 42.2779 32.4
    endloop
  endfacet
  facet normal 0 0 1
    outer loop
      vertex 49.2021 45.2021 32.4
      vertex 51.182 47.182 32.4
      vertex 50.8548 47.4785 32.4
    endloop
  endfacet
  facet normal -0 0 1
    outer loop
      vertex 49.5706 43.3494 32.4
      vertex 52.1575 42.2779 32.4
      vertex 49.6268 43.5065 32.4
    endloop
  endfacet
  facet normal 0 0 1
    outer loop
      vertex 49.0785 45.3141 32.4
      vertex 50.8548 47.4785 32.4
      vertex 50.5001 47.7416 32.4
    endloop
  endfacet
  facet normal 0 0 1
    outer loop
      vertex 52.1575 42.2779 32.4
      vertex 49.5706 43.3494 32.4
      vertex 51.9686 41.8787 32.4
    endloop
  endfacet
  facet normal 0 0 1
    outer loop
      vertex 48.9445 45.4135 32.4
      vertex 50.5001 47.7416 32.4
      vertex 50.1213 47.9686 32.4
    endloop
  endfacet
  facet normal -0 0 1
    outer loop
      vertex 49.4993 43.1986 32.4
      vertex 51.9686 41.8787 32.4
      vertex 49.5706 43.3494 32.4
    endloop
  endfacet
  facet normal 0 0 1
    outer loop
      vertex 48.8014 45.4993 32.4
      vertex 50.1213 47.9686 32.4
      vertex 49.7221 48.1575 32.4
    endloop
  endfacet
  facet normal 0 0 1
    outer loop
      vertex 51.9686 41.8787 32.4
      vertex 49.4993 43.1986 32.4
      vertex 51.7416 41.4999 32.4
    endloop
  endfacet
  facet normal -0 0 1
    outer loop
      vertex 49.4135 43.0555 32.4
      vertex 51.7416 41.4999 32.4
      vertex 49.4993 43.1986 32.4
    endloop
  endfacet
  facet normal 0 0 1
    outer loop
      vertex 52.4783 44.4411 32.4
      vertex 49.6918 44.1666 32.4
      vertex 49.7 44 32.4
    endloop
  endfacet
  facet normal 0 0 1
    outer loop
      vertex 52.4135 44.8779 32.4
      vertex 49.6673 44.3317 32.4
      vertex 49.6918 44.1666 32.4
    endloop
  endfacet
  facet normal 0 0 1
    outer loop
      vertex 52.3062 45.3063 32.4
      vertex 49.6268 44.4935 32.4
      vertex 49.6673 44.3317 32.4
    endloop
  endfacet
  facet normal 0 0 1
    outer loop
      vertex 52.1575 45.7221 32.4
      vertex 49.5706 44.6506 32.4
      vertex 49.6268 44.4935 32.4
    endloop
  endfacet
  facet normal 0 0 1
    outer loop
      vertex 51.9686 46.1213 32.4
      vertex 49.4993 44.8014 32.4
      vertex 49.5706 44.6506 32.4
    endloop
  endfacet
  facet normal 0 0 1
    outer loop
      vertex 51.7416 46.5001 32.4
      vertex 49.4135 44.9445 32.4
      vertex 49.4993 44.8014 32.4
    endloop
  endfacet
  facet normal 0 0 1
    outer loop
      vertex 51.4785 46.8548 32.4
      vertex 49.3141 45.0785 32.4
      vertex 49.4135 44.9445 32.4
    endloop
  endfacet
  facet normal 0 0 1
    outer loop
      vertex 48.6506 45.5706 32.4
      vertex 49.7221 48.1575 32.4
      vertex 49.3063 48.3062 32.4
    endloop
  endfacet
  facet normal 0 0 1
    outer loop
      vertex 51.182 47.182 32.4
      vertex 49.2021 45.2021 32.4
      vertex 49.3141 45.0785 32.4
    endloop
  endfacet
  facet normal 0 0 1
    outer loop
      vertex 50.8548 47.4785 32.4
      vertex 49.0785 45.3141 32.4
      vertex 49.2021 45.2021 32.4
    endloop
  endfacet
  facet normal 0 0 1
    outer loop
      vertex 50.5001 47.7416 32.4
      vertex 48.9445 45.4135 32.4
      vertex 49.0785 45.3141 32.4
    endloop
  endfacet
  facet normal 0 0 1
    outer loop
      vertex 48.4935 45.6268 32.4
      vertex 49.3063 48.3062 32.4
      vertex 48.8779 48.4135 32.4
    endloop
  endfacet
  facet normal 0 0 1
    outer loop
      vertex 50.1213 47.9686 32.4
      vertex 48.8014 45.4993 32.4
      vertex 48.9445 45.4135 32.4
    endloop
  endfacet
  facet normal 0 0 1
    outer loop
      vertex 49.7221 48.1575 32.4
      vertex 48.6506 45.5706 32.4
      vertex 48.8014 45.4993 32.4
    endloop
  endfacet
  facet normal 0 0 1
    outer loop
      vertex 49.3063 48.3062 32.4
      vertex 48.4935 45.6268 32.4
      vertex 48.6506 45.5706 32.4
    endloop
  endfacet
  facet normal 0 0 1
    outer loop
      vertex 48.3317 45.6673 32.4
      vertex 48.8779 48.4135 32.4
      vertex 48.4411 48.4783 32.4
    endloop
  endfacet
  facet normal 0 0 1
    outer loop
      vertex 48.8779 48.4135 32.4
      vertex 48.3317 45.6673 32.4
      vertex 48.4935 45.6268 32.4
    endloop
  endfacet
  facet normal 0 0 1
    outer loop
      vertex 48.4411 48.4783 32.4
      vertex 48.1666 45.6918 32.4
      vertex 48.3317 45.6673 32.4
    endloop
  endfacet
  facet normal 0 0 1
    outer loop
      vertex 48 48.5 32.4
      vertex 48.1666 45.6918 32.4
      vertex 48.4411 48.4783 32.4
    endloop
  endfacet
  facet normal 0 0 1
    outer loop
      vertex 48 48.5 32.4
      vertex 48 45.7 32.4
      vertex 48.1666 45.6918 32.4
    endloop
  endfacet
  facet normal 0 0 1
    outer loop
      vertex 48 48.5 32.4
      vertex 47.8334 45.6918 32.4
      vertex 48 45.7 32.4
    endloop
  endfacet
  facet normal -0 0 1
    outer loop
      vertex 47.5589 48.4783 32.4
      vertex 47.8334 45.6918 32.4
      vertex 48 48.5 32.4
    endloop
  endfacet
  facet normal 0 0 1
    outer loop
      vertex 47.8334 45.6918 32.4
      vertex 47.5589 48.4783 32.4
      vertex 47.6683 45.6673 32.4
    endloop
  endfacet
  facet normal -0 0 1
    outer loop
      vertex 47.1221 48.4135 32.4
      vertex 47.6683 45.6673 32.4
      vertex 47.5589 48.4783 32.4
    endloop
  endfacet
  facet normal 0 0 1
    outer loop
      vertex 47.6683 45.6673 32.4
      vertex 47.1221 48.4135 32.4
      vertex 47.5065 45.6268 32.4
    endloop
  endfacet
  facet normal -0 0 1
    outer loop
      vertex 46.6937 48.3062 32.4
      vertex 47.5065 45.6268 32.4
      vertex 47.1221 48.4135 32.4
    endloop
  endfacet
  facet normal 0 0 1
    outer loop
      vertex 47.5065 45.6268 32.4
      vertex 46.6937 48.3062 32.4
      vertex 47.3494 45.5706 32.4
    endloop
  endfacet
  facet normal -0 0 1
    outer loop
      vertex 46.2779 48.1575 32.4
      vertex 47.3494 45.5706 32.4
      vertex 46.6937 48.3062 32.4
    endloop
  endfacet
  facet normal 0 0 1
    outer loop
      vertex 47.3494 45.5706 32.4
      vertex 46.2779 48.1575 32.4
      vertex 47.1986 45.4993 32.4
    endloop
  endfacet
  facet normal -0 0 1
    outer loop
      vertex 45.8787 47.9686 32.4
      vertex 47.1986 45.4993 32.4
      vertex 46.2779 48.1575 32.4
    endloop
  endfacet
  facet normal 0 0 1
    outer loop
      vertex 47.1986 45.4993 32.4
      vertex 45.8787 47.9686 32.4
      vertex 47.0555 45.4135 32.4
    endloop
  endfacet
  facet normal -0 0 1
    outer loop
      vertex 45.4999 47.7416 32.4
      vertex 47.0555 45.4135 32.4
      vertex 45.8787 47.9686 32.4
    endloop
  endfacet
  facet normal 0 0 1
    outer loop
      vertex 47.0555 45.4135 32.4
      vertex 45.4999 47.7416 32.4
      vertex 46.9215 45.3141 32.4
    endloop
  endfacet
  facet normal -0 0 1
    outer loop
      vertex 45.1452 47.4785 32.4
      vertex 46.9215 45.3141 32.4
      vertex 45.4999 47.7416 32.4
    endloop
  endfacet
  facet normal 0 0 1
    outer loop
      vertex 46.9215 45.3141 32.4
      vertex 45.1452 47.4785 32.4
      vertex 46.7979 45.2021 32.4
    endloop
  endfacet
  facet normal -0 0 1
    outer loop
      vertex 44.818 47.182 32.4
      vertex 46.7979 45.2021 32.4
      vertex 45.1452 47.4785 32.4
    endloop
  endfacet
  facet normal 0 0 1
    outer loop
      vertex 46.7979 45.2021 32.4
      vertex 44.818 47.182 32.4
      vertex 46.6859 45.0785 32.4
    endloop
  endfacet
  facet normal -0 0 1
    outer loop
      vertex 44.5215 46.8548 32.4
      vertex 46.6859 45.0785 32.4
      vertex 44.818 47.182 32.4
    endloop
  endfacet
  facet normal -0 0 1
    outer loop
      vertex 44.2584 46.5001 32.4
      vertex 46.5865 44.9445 32.4
      vertex 44.5215 46.8548 32.4
    endloop
  endfacet
  facet normal 0 0 1
    outer loop
      vertex 46.6859 45.0785 32.4
      vertex 44.5215 46.8548 32.4
      vertex 46.5865 44.9445 32.4
    endloop
  endfacet
  facet normal 0 0 1
    outer loop
      vertex 51.7416 41.4999 32.4
      vertex 49.4135 43.0555 32.4
      vertex 51.4785 41.1452 32.4
    endloop
  endfacet
  facet normal -0 0 1
    outer loop
      vertex 49.3141 42.9215 32.4
      vertex 51.4785 41.1452 32.4
      vertex 49.4135 43.0555 32.4
    endloop
  endfacet
  facet normal 0 0 1
    outer loop
      vertex 51.4785 41.1452 32.4
      vertex 49.3141 42.9215 32.4
      vertex 51.182 40.818 32.4
    endloop
  endfacet
  facet normal -0 0 1
    outer loop
      vertex 49.2021 42.7979 32.4
      vertex 51.182 40.818 32.4
      vertex 49.3141 42.9215 32.4
    endloop
  endfacet
  facet normal 0 0 1
    outer loop
      vertex 51.182 40.818 32.4
      vertex 49.2021 42.7979 32.4
      vertex 50.8548 40.5215 32.4
    endloop
  endfacet
  facet normal -0 0 1
    outer loop
      vertex 49.0785 42.6859 32.4
      vertex 50.8548 40.5215 32.4
      vertex 49.2021 42.7979 32.4
    endloop
  endfacet
  facet normal 0 0 1
    outer loop
      vertex 50.8548 40.5215 32.4
      vertex 49.0785 42.6859 32.4
      vertex 50.5001 40.2584 32.4
    endloop
  endfacet
  facet normal -0 0 1
    outer loop
      vertex 48.9445 42.5865 32.4
      vertex 50.5001 40.2584 32.4
      vertex 49.0785 42.6859 32.4
    endloop
  endfacet
  facet normal 0 0 1
    outer loop
      vertex 50.5001 40.2584 32.4
      vertex 48.9445 42.5865 32.4
      vertex 50.1213 40.0314 32.4
    endloop
  endfacet
  facet normal -0 0 1
    outer loop
      vertex 48.8014 42.5007 32.4
      vertex 50.1213 40.0314 32.4
      vertex 48.9445 42.5865 32.4
    endloop
  endfacet
  facet normal 0 0 1
    outer loop
      vertex 50.1213 40.0314 32.4
      vertex 48.8014 42.5007 32.4
      vertex 49.7221 39.8425 32.4
    endloop
  endfacet
  facet normal -0 0 1
    outer loop
      vertex 48.6506 42.4294 32.4
      vertex 49.7221 39.8425 32.4
      vertex 48.8014 42.5007 32.4
    endloop
  endfacet
  facet normal 0 0 1
    outer loop
      vertex 49.7221 39.8425 32.4
      vertex 48.6506 42.4294 32.4
      vertex 49.3063 39.6938 32.4
    endloop
  endfacet
  facet normal -0 0 1
    outer loop
      vertex 48.4935 42.3732 32.4
      vertex 49.3063 39.6938 32.4
      vertex 48.6506 42.4294 32.4
    endloop
  endfacet
  facet normal 0 0 1
    outer loop
      vertex 49.3063 39.6938 32.4
      vertex 48.4935 42.3732 32.4
      vertex 48.8779 39.5865 32.4
    endloop
  endfacet
  facet normal -0 0 1
    outer loop
      vertex 48.3317 42.3327 32.4
      vertex 48.8779 39.5865 32.4
      vertex 48.4935 42.3732 32.4
    endloop
  endfacet
  facet normal 0 0 1
    outer loop
      vertex 48.8779 39.5865 32.4
      vertex 48.3317 42.3327 32.4
      vertex 48.4411 39.5217 32.4
    endloop
  endfacet
  facet normal -0 0 1
    outer loop
      vertex 48.1666 42.3082 32.4
      vertex 48.4411 39.5217 32.4
      vertex 48.3317 42.3327 32.4
    endloop
  endfacet
  facet normal -0 0 1
    outer loop
      vertex 48 42.3 32.4
      vertex 48.4411 39.5217 32.4
      vertex 48.1666 42.3082 32.4
    endloop
  endfacet
  facet normal 0 0 1
    outer loop
      vertex 48 42.3 32.4
      vertex 48 39.5 32.4
      vertex 48.4411 39.5217 32.4
    endloop
  endfacet
  facet normal 0 0 1
    outer loop
      vertex 47.8334 42.3082 32.4
      vertex 48 39.5 32.4
      vertex 48 42.3 32.4
    endloop
  endfacet
  facet normal 0 0 1
    outer loop
      vertex 47.5589 39.5217 32.4
      vertex 47.8334 42.3082 32.4
      vertex 47.6683 42.3327 32.4
    endloop
  endfacet
  facet normal 0 0 1
    outer loop
      vertex 47.8334 42.3082 32.4
      vertex 47.5589 39.5217 32.4
      vertex 48 39.5 32.4
    endloop
  endfacet
  facet normal 0 0 1
    outer loop
      vertex 47.1221 39.5865 32.4
      vertex 47.6683 42.3327 32.4
      vertex 47.5065 42.3732 32.4
    endloop
  endfacet
  facet normal 0 0 1
    outer loop
      vertex 46.6937 39.6938 32.4
      vertex 47.5065 42.3732 32.4
      vertex 47.3494 42.4294 32.4
    endloop
  endfacet
  facet normal 0 0 1
    outer loop
      vertex 46.2779 39.8425 32.4
      vertex 47.3494 42.4294 32.4
      vertex 47.1986 42.5007 32.4
    endloop
  endfacet
  facet normal 0 0 1
    outer loop
      vertex 47.6683 42.3327 32.4
      vertex 47.1221 39.5865 32.4
      vertex 47.5589 39.5217 32.4
    endloop
  endfacet
  facet normal 0 0 1
    outer loop
      vertex 45.8787 40.0314 32.4
      vertex 47.1986 42.5007 32.4
      vertex 47.0555 42.5865 32.4
    endloop
  endfacet
  facet normal 0 0 1
    outer loop
      vertex 45.4999 40.2584 32.4
      vertex 47.0555 42.5865 32.4
      vertex 46.9215 42.6859 32.4
    endloop
  endfacet
  facet normal 0 0 1
    outer loop
      vertex 45.1452 40.5215 32.4
      vertex 46.9215 42.6859 32.4
      vertex 46.7979 42.7979 32.4
    endloop
  endfacet
  facet normal 0 0 1
    outer loop
      vertex 47.5065 42.3732 32.4
      vertex 46.6937 39.6938 32.4
      vertex 47.1221 39.5865 32.4
    endloop
  endfacet
  facet normal 0 0 1
    outer loop
      vertex 44.818 40.818 32.4
      vertex 46.7979 42.7979 32.4
      vertex 46.6859 42.9215 32.4
    endloop
  endfacet
  facet normal 0 0 1
    outer loop
      vertex 44.5215 41.1452 32.4
      vertex 46.6859 42.9215 32.4
      vertex 46.5865 43.0555 32.4
    endloop
  endfacet
  facet normal 0 0 1
    outer loop
      vertex 44.2584 41.4999 32.4
      vertex 46.5865 43.0555 32.4
      vertex 46.5007 43.1986 32.4
    endloop
  endfacet
  facet normal 0 0 1
    outer loop
      vertex 44.0314 41.8787 32.4
      vertex 46.5007 43.1986 32.4
      vertex 46.4294 43.3494 32.4
    endloop
  endfacet
  facet normal 0 0 1
    outer loop
      vertex 43.8425 42.2779 32.4
      vertex 46.4294 43.3494 32.4
      vertex 46.3732 43.5065 32.4
    endloop
  endfacet
  facet normal 0 0 1
    outer loop
      vertex 43.6938 42.6937 32.4
      vertex 46.3732 43.5065 32.4
      vertex 46.3327 43.6683 32.4
    endloop
  endfacet
  facet normal 0 0 1
    outer loop
      vertex 43.5865 43.1221 32.4
      vertex 46.3327 43.6683 32.4
      vertex 46.3082 43.8334 32.4
    endloop
  endfacet
  facet normal 0 0 1
    outer loop
      vertex 47.3494 42.4294 32.4
      vertex 46.2779 39.8425 32.4
      vertex 46.6937 39.6938 32.4
    endloop
  endfacet
  facet normal 0 0 1
    outer loop
      vertex 43.5217 43.5589 32.4
      vertex 46.3082 43.8334 32.4
      vertex 46.3 44 32.4
    endloop
  endfacet
  facet normal 0 0 1
    outer loop
      vertex 46.5865 44.9445 32.4
      vertex 44.2584 46.5001 32.4
      vertex 46.5007 44.8014 32.4
    endloop
  endfacet
  facet normal -0 0 1
    outer loop
      vertex 44.0314 46.1213 32.4
      vertex 46.5007 44.8014 32.4
      vertex 44.2584 46.5001 32.4
    endloop
  endfacet
  facet normal 0 0 1
    outer loop
      vertex 47.1986 42.5007 32.4
      vertex 45.8787 40.0314 32.4
      vertex 46.2779 39.8425 32.4
    endloop
  endfacet
  facet normal 0 0 1
    outer loop
      vertex 46.5007 44.8014 32.4
      vertex 44.0314 46.1213 32.4
      vertex 46.4294 44.6506 32.4
    endloop
  endfacet
  facet normal 0 0 1
    outer loop
      vertex 47.0555 42.5865 32.4
      vertex 45.4999 40.2584 32.4
      vertex 45.8787 40.0314 32.4
    endloop
  endfacet
  facet normal -0 0 1
    outer loop
      vertex 43.8425 45.7221 32.4
      vertex 46.4294 44.6506 32.4
      vertex 44.0314 46.1213 32.4
    endloop
  endfacet
  facet normal 0 0 1
    outer loop
      vertex 46.9215 42.6859 32.4
      vertex 45.1452 40.5215 32.4
      vertex 45.4999 40.2584 32.4
    endloop
  endfacet
  facet normal 0 0 1
    outer loop
      vertex 46.4294 44.6506 32.4
      vertex 43.8425 45.7221 32.4
      vertex 46.3732 44.4935 32.4
    endloop
  endfacet
  facet normal 0 0 1
    outer loop
      vertex 46.7979 42.7979 32.4
      vertex 44.818 40.818 32.4
      vertex 45.1452 40.5215 32.4
    endloop
  endfacet
  facet normal -0 0 1
    outer loop
      vertex 43.6938 45.3063 32.4
      vertex 46.3732 44.4935 32.4
      vertex 43.8425 45.7221 32.4
    endloop
  endfacet
  facet normal 0 0 1
    outer loop
      vertex 46.6859 42.9215 32.4
      vertex 44.5215 41.1452 32.4
      vertex 44.818 40.818 32.4
    endloop
  endfacet
  facet normal 0 0 1
    outer loop
      vertex 46.3732 44.4935 32.4
      vertex 43.6938 45.3063 32.4
      vertex 46.3327 44.3317 32.4
    endloop
  endfacet
  facet normal 0 0 1
    outer loop
      vertex 46.5865 43.0555 32.4
      vertex 44.2584 41.4999 32.4
      vertex 44.5215 41.1452 32.4
    endloop
  endfacet
  facet normal -0 0 1
    outer loop
      vertex 43.5865 44.8779 32.4
      vertex 46.3327 44.3317 32.4
      vertex 43.6938 45.3063 32.4
    endloop
  endfacet
  facet normal 0 0 1
    outer loop
      vertex 46.5007 43.1986 32.4
      vertex 44.0314 41.8787 32.4
      vertex 44.2584 41.4999 32.4
    endloop
  endfacet
  facet normal 0 0 1
    outer loop
      vertex 46.3327 44.3317 32.4
      vertex 43.5865 44.8779 32.4
      vertex 46.3082 44.1666 32.4
    endloop
  endfacet
  facet normal 0 0 1
    outer loop
      vertex 46.4294 43.3494 32.4
      vertex 43.8425 42.2779 32.4
      vertex 44.0314 41.8787 32.4
    endloop
  endfacet
  facet normal -0 0 1
    outer loop
      vertex 43.5217 44.4411 32.4
      vertex 46.3082 44.1666 32.4
      vertex 43.5865 44.8779 32.4
    endloop
  endfacet
  facet normal 0 0 1
    outer loop
      vertex 46.3732 43.5065 32.4
      vertex 43.6938 42.6937 32.4
      vertex 43.8425 42.2779 32.4
    endloop
  endfacet
  facet normal 0 0 1
    outer loop
      vertex 46.3082 44.1666 32.4
      vertex 43.5217 44.4411 32.4
      vertex 46.3 44 32.4
    endloop
  endfacet
  facet normal 0 0 1
    outer loop
      vertex 46.3327 43.6683 32.4
      vertex 43.5865 43.1221 32.4
      vertex 43.6938 42.6937 32.4
    endloop
  endfacet
  facet normal 0 0 1
    outer loop
      vertex 43.5 44 32.4
      vertex 46.3 44 32.4
      vertex 43.5217 44.4411 32.4
    endloop
  endfacet
  facet normal 0 0 1
    outer loop
      vertex 46.3082 43.8334 32.4
      vertex 43.5217 43.5589 32.4
      vertex 43.5865 43.1221 32.4
    endloop
  endfacet
  facet normal 0 0 1
    outer loop
      vertex 46.3 44 32.4
      vertex 43.5 44 32.4
      vertex 43.5217 43.5589 32.4
    endloop
  endfacet
  facet normal -0.514029 0.857773 0
    outer loop
      vertex 45.8787 47.9686 2.4
      vertex 45.4999 47.7416 32.4
      vertex 45.8787 47.9686 32.4
    endloop
  endfacet
  facet normal -0.514029 0.857773 0
    outer loop
      vertex 45.4999 47.7416 32.4
      vertex 45.8787 47.9686 2.4
      vertex 45.4999 47.7416 2.4
    endloop
  endfacet
  facet normal -0.903908 0.427726 0
    outer loop
      vertex 43.8425 45.7221 2.4
      vertex 44.0314 46.1213 32.4
      vertex 44.0314 46.1213 2.4
    endloop
  endfacet
  facet normal -0.903908 0.427726 0
    outer loop
      vertex 44.0314 46.1213 32.4
      vertex 43.8425 45.7221 2.4
      vertex 43.8425 45.7221 32.4
    endloop
  endfacet
  facet normal -0.514029 -0.857773 0
    outer loop
      vertex 45.4999 40.2584 2.4
      vertex 45.8787 40.0314 32.4
      vertex 45.4999 40.2584 32.4
    endloop
  endfacet
  facet normal -0.514029 -0.857773 -0
    outer loop
      vertex 45.8787 40.0314 32.4
      vertex 45.4999 40.2584 2.4
      vertex 45.8787 40.0314 2.4
    endloop
  endfacet
  facet normal 0 0 1
    outer loop
      vertex -35.9123 86.7 2.4
      vertex -6.29999 82 2.4
      vertex -6.26965 82.6175 2.4
    endloop
  endfacet
  facet normal 0 0 1
    outer loop
      vertex -46 18 2.4
      vertex -10 18 2.4
      vertex -10 20 2.4
    endloop
  endfacet
  facet normal 0 0 1
    outer loop
      vertex -10 18 2.4
      vertex -46 18 2.4
      vertex -10 -18 2.4
    endloop
  endfacet
  facet normal 0 0 1
    outer loop
      vertex -6.29999 82 2.4
      vertex -43.8425 45.7221 2.4
      vertex -43.6938 45.3063 2.4
    endloop
  endfacet
  facet normal 0 0 1
    outer loop
      vertex -44.5215 46.8548 2.4
      vertex -6.29999 82 2.4
      vertex -35.9123 86.7 2.4
    endloop
  endfacet
  facet normal 0 0 1
    outer loop
      vertex -6.17894 83.2291 2.4
      vertex -35.9123 86.7 2.4
      vertex -6.26965 82.6175 2.4
    endloop
  endfacet
  facet normal 0 0 1
    outer loop
      vertex -6.02872 83.8288 2.4
      vertex -35.9123 86.7 2.4
      vertex -6.17894 83.2291 2.4
    endloop
  endfacet
  facet normal 0 0 1
    outer loop
      vertex -5.82043 84.4109 2.4
      vertex -35.9123 86.7 2.4
      vertex -6.02872 83.8288 2.4
    endloop
  endfacet
  facet normal 0 0 1
    outer loop
      vertex -5.55609 84.9698 2.4
      vertex -35.9123 86.7 2.4
      vertex -5.82043 84.4109 2.4
    endloop
  endfacet
  facet normal 0 0 1
    outer loop
      vertex -5.23825 85.5001 2.4
      vertex -35.9123 86.7 2.4
      vertex -5.55609 84.9698 2.4
    endloop
  endfacet
  facet normal 0 0 1
    outer loop
      vertex -4.86996 85.9967 2.4
      vertex -35.9123 86.7 2.4
      vertex -5.23825 85.5001 2.4
    endloop
  endfacet
  facet normal 0 0 1
    outer loop
      vertex -4.45476 86.4548 2.4
      vertex -35.9123 86.7 2.4
      vertex -4.86996 85.9967 2.4
    endloop
  endfacet
  facet normal -0 0 1
    outer loop
      vertex -35.9123 86.7 2.4
      vertex -4.45476 86.4548 2.4
      vertex -4.18419 86.7 2.4
    endloop
  endfacet
  facet normal -0 0 1
    outer loop
      vertex -10 18 2.4
      vertex -6 -18 2.4
      vertex -6 18 2.4
    endloop
  endfacet
  facet normal 0 0 1
    outer loop
      vertex -6 -18 2.4
      vertex -10 18 2.4
      vertex -10 -18 2.4
    endloop
  endfacet
  facet normal 0 0 1
    outer loop
      vertex 44.2584 46.5001 2.4
      vertex 4.45476 77.5452 2.4
      vertex 44.0314 46.1213 2.4
    endloop
  endfacet
  facet normal 0 0 1
    outer loop
      vertex 14 -18 2.4
      vertex 6.26965 -81.3825 2.4
      vertex 6.29999 -82 2.4
    endloop
  endfacet
  facet normal -0 0 1
    outer loop
      vertex 3.99667 77.13 2.4
      vertex 44.0314 46.1213 2.4
      vertex 4.45476 77.5452 2.4
    endloop
  endfacet
  facet normal 0 0 1
    outer loop
      vertex 14 -18 2.4
      vertex 6.17894 -80.7709 2.4
      vertex 6.26965 -81.3825 2.4
    endloop
  endfacet
  facet normal 0 0 1
    outer loop
      vertex 44.0314 46.1213 2.4
      vertex 3.99667 77.13 2.4
      vertex 43.8425 45.7221 2.4
    endloop
  endfacet
  facet normal 0 0 1
    outer loop
      vertex 14 -18 2.4
      vertex 6.02872 -80.1712 2.4
      vertex 6.17894 -80.7709 2.4
    endloop
  endfacet
  facet normal -0 0 1
    outer loop
      vertex 3.50009 76.7617 2.4
      vertex 43.8425 45.7221 2.4
      vertex 3.99667 77.13 2.4
    endloop
  endfacet
  facet normal 0 0 1
    outer loop
      vertex -6 -18 2.4
      vertex 14 -18 2.4
      vertex -6 18 2.4
    endloop
  endfacet
  facet normal 0 0 1
    outer loop
      vertex 43.8425 45.7221 2.4
      vertex 3.50009 76.7617 2.4
      vertex 43.6938 45.3063 2.4
    endloop
  endfacet
  facet normal 0 0 1
    outer loop
      vertex -6 -20 2.4
      vertex 14 -18 2.4
      vertex -6 -18 2.4
    endloop
  endfacet
  facet normal 0 0 1
    outer loop
      vertex -6 18 2.4
      vertex 14 18 2.4
      vertex -6 20 2.4
    endloop
  endfacet
  facet normal 0 0 1
    outer loop
      vertex 14 -18 2.4
      vertex 5.82043 -79.5891 2.4
      vertex 6.02872 -80.1712 2.4
    endloop
  endfacet
  facet normal -0 0 1
    outer loop
      vertex 2.96979 76.4439 2.4
      vertex 43.6938 45.3063 2.4
      vertex 3.50009 76.7617 2.4
    endloop
  endfacet
  facet normal 0 -0 1
    outer loop
      vertex 1.22906 -75.821 2.4
      vertex 14 -18 2.4
      vertex -6 -20 2.4
    endloop
  endfacet
  facet normal 0 0 1
    outer loop
      vertex 43.6938 45.3063 2.4
      vertex 2.96979 76.4439 2.4
      vertex 43.5865 44.8779 2.4
    endloop
  endfacet
  facet normal 0 0 1
    outer loop
      vertex 14 -18 2.4
      vertex 5.55609 -79.0302 2.4
      vertex 5.82043 -79.5891 2.4
    endloop
  endfacet
  facet normal -0 0 1
    outer loop
      vertex 2.4109 76.1796 2.4
      vertex 43.5865 44.8779 2.4
      vertex 2.96979 76.4439 2.4
    endloop
  endfacet
  facet normal 0 0 1
    outer loop
      vertex 14 -18 2.4
      vertex 5.23825 -78.4999 2.4
      vertex 5.55609 -79.0302 2.4
    endloop
  endfacet
  facet normal 0 0 1
    outer loop
      vertex 43.5865 44.8779 2.4
      vertex 2.4109 76.1796 2.4
      vertex 14 20 2.4
    endloop
  endfacet
  facet normal 0 0 1
    outer loop
      vertex 14 -18 2.4
      vertex 4.86996 -78.0033 2.4
      vertex 5.23825 -78.4999 2.4
    endloop
  endfacet
  facet normal -0 0 1
    outer loop
      vertex 1.82878 75.9713 2.4
      vertex 14 20 2.4
      vertex 2.4109 76.1796 2.4
    endloop
  endfacet
  facet normal 0 0 1
    outer loop
      vertex 14 -18 2.4
      vertex 4.45476 -77.5452 2.4
      vertex 4.86996 -78.0033 2.4
    endloop
  endfacet
  facet normal -0 0 1
    outer loop
      vertex 1.22906 75.821 2.4
      vertex 14 20 2.4
      vertex 1.82878 75.9713 2.4
    endloop
  endfacet
  facet normal 0 0 1
    outer loop
      vertex 14 -18 2.4
      vertex 3.99667 -77.13 2.4
      vertex 4.45476 -77.5452 2.4
    endloop
  endfacet
  facet normal -0 0 1
    outer loop
      vertex 0.617508 75.7303 2.4
      vertex 14 20 2.4
      vertex 1.22906 75.821 2.4
    endloop
  endfacet
  facet normal 0 0 1
    outer loop
      vertex 14 -18 2.4
      vertex 3.50009 -76.7617 2.4
      vertex 3.99667 -77.13 2.4
    endloop
  endfacet
  facet normal 0 0 1
    outer loop
      vertex 14 20 2.4
      vertex -6 20 2.4
      vertex 14 18 2.4
    endloop
  endfacet
  facet normal 0 0 1
    outer loop
      vertex 14 -18 2.4
      vertex 2.96979 -76.4439 2.4
      vertex 3.50009 -76.7617 2.4
    endloop
  endfacet
  facet normal 0 0 1
    outer loop
      vertex 14 20 2.4
      vertex 0.617508 75.7303 2.4
      vertex -6 20 2.4
    endloop
  endfacet
  facet normal 0 0 1
    outer loop
      vertex 14 -18 2.4
      vertex 2.4109 -76.1796 2.4
      vertex 2.96979 -76.4439 2.4
    endloop
  endfacet
  facet normal 0 0 1
    outer loop
      vertex -6 20 2.4
      vertex 0.617508 75.7303 2.4
      vertex 0 75.7 2.4
    endloop
  endfacet
  facet normal 0 0 1
    outer loop
      vertex 14 -18 2.4
      vertex 1.82878 -75.9713 2.4
      vertex 2.4109 -76.1796 2.4
    endloop
  endfacet
  facet normal 0 0 1
    outer loop
      vertex -6 20 2.4
      vertex 0 75.7 2.4
      vertex -0.617508 75.7303 2.4
    endloop
  endfacet
  facet normal 0 0 1
    outer loop
      vertex 14 -18 2.4
      vertex 1.22906 -75.821 2.4
      vertex 1.82878 -75.9713 2.4
    endloop
  endfacet
  facet normal 0 0 1
    outer loop
      vertex -6 20 2.4
      vertex -0.617508 75.7303 2.4
      vertex -1.22906 75.821 2.4
    endloop
  endfacet
  facet normal 0 0 1
    outer loop
      vertex 1.22906 -75.821 2.4
      vertex -6 -20 2.4
      vertex 0.617508 -75.7303 2.4
    endloop
  endfacet
  facet normal 0 0 1
    outer loop
      vertex -10 20 2.4
      vertex -1.22906 75.821 2.4
      vertex -1.82878 75.9713 2.4
    endloop
  endfacet
  facet normal 0 0 1
    outer loop
      vertex 0.617508 -75.7303 2.4
      vertex -6 -20 2.4
      vertex 0 -75.7 2.4
    endloop
  endfacet
  facet normal 0 0 1
    outer loop
      vertex -10 20 2.4
      vertex -1.82878 75.9713 2.4
      vertex -2.4109 76.1796 2.4
    endloop
  endfacet
  facet normal 0 0 1
    outer loop
      vertex 0 -75.7 2.4
      vertex -6 -20 2.4
      vertex -0.617508 -75.7303 2.4
    endloop
  endfacet
  facet normal 0 0 1
    outer loop
      vertex -10 20 2.4
      vertex -2.4109 76.1796 2.4
      vertex -2.96979 76.4439 2.4
    endloop
  endfacet
  facet normal 0 0 1
    outer loop
      vertex -0.617508 -75.7303 2.4
      vertex -6 -20 2.4
      vertex -1.22906 -75.821 2.4
    endloop
  endfacet
  facet normal 0 0 1
    outer loop
      vertex -10 20 2.4
      vertex -2.96979 76.4439 2.4
      vertex -3.50009 76.7617 2.4
    endloop
  endfacet
  facet normal -0 0 1
    outer loop
      vertex -10 -20 2.4
      vertex -1.22906 -75.821 2.4
      vertex -6 -20 2.4
    endloop
  endfacet
  facet normal 0 0 1
    outer loop
      vertex -10 20 2.4
      vertex -3.50009 76.7617 2.4
      vertex -3.99667 77.13 2.4
    endloop
  endfacet
  facet normal 0 0 1
    outer loop
      vertex -1.22906 -75.821 2.4
      vertex -10 -20 2.4
      vertex -1.82878 -75.9713 2.4
    endloop
  endfacet
  facet normal 0 0 1
    outer loop
      vertex -10 20 2.4
      vertex -3.99667 77.13 2.4
      vertex -4.45476 77.5452 2.4
    endloop
  endfacet
  facet normal 0 0 1
    outer loop
      vertex -1.82878 -75.9713 2.4
      vertex -10 -20 2.4
      vertex -2.4109 -76.1796 2.4
    endloop
  endfacet
  facet normal 0 0 1
    outer loop
      vertex -10 20 2.4
      vertex -4.45476 77.5452 2.4
      vertex -4.86996 78.0033 2.4
    endloop
  endfacet
  facet normal 0 0 1
    outer loop
      vertex 14 18 2.4
      vertex -6 18 2.4
      vertex 14 -18 2.4
    endloop
  endfacet
  facet normal 0 0 1
    outer loop
      vertex -10 20 2.4
      vertex -4.86996 78.0033 2.4
      vertex -5.23825 78.4999 2.4
    endloop
  endfacet
  facet normal -0 0 1
    outer loop
      vertex -43.5865 -44.8779 2.4
      vertex -2.4109 -76.1796 2.4
      vertex -10 -20 2.4
    endloop
  endfacet
  facet normal 0 0 1
    outer loop
      vertex -10 20 2.4
      vertex -5.23825 78.4999 2.4
      vertex -5.55609 79.0302 2.4
    endloop
  endfacet
  facet normal 0 0 1
    outer loop
      vertex -2.4109 -76.1796 2.4
      vertex -43.5865 -44.8779 2.4
      vertex -2.96979 -76.4439 2.4
    endloop
  endfacet
  facet normal 0 0 1
    outer loop
      vertex -10 20 2.4
      vertex -5.55609 79.0302 2.4
      vertex -5.82043 79.5891 2.4
    endloop
  endfacet
  facet normal -0 0 1
    outer loop
      vertex -43.6938 -45.3063 2.4
      vertex -2.96979 -76.4439 2.4
      vertex -43.5865 -44.8779 2.4
    endloop
  endfacet
  facet normal 0 0 1
    outer loop
      vertex -2.96979 -76.4439 2.4
      vertex -43.6938 -45.3063 2.4
      vertex -3.50009 -76.7617 2.4
    endloop
  endfacet
  facet normal 0 0 1
    outer loop
      vertex -10 20 2.4
      vertex -5.82043 79.5891 2.4
      vertex -6.02872 80.1712 2.4
    endloop
  endfacet
  facet normal 0 0 1
    outer loop
      vertex -10 20 2.4
      vertex -6.02872 80.1712 2.4
      vertex -6.17894 80.7709 2.4
    endloop
  endfacet
  facet normal 0 0 1
    outer loop
      vertex -10 20 2.4
      vertex -6.17894 80.7709 2.4
      vertex -6.26965 81.3825 2.4
    endloop
  endfacet
  facet normal 0 0 1
    outer loop
      vertex -10 20 2.4
      vertex -6.26965 81.3825 2.4
      vertex -6.29999 82 2.4
    endloop
  endfacet
  facet normal 0 0 1
    outer loop
      vertex -1.22906 75.821 2.4
      vertex -10 20 2.4
      vertex -6 20 2.4
    endloop
  endfacet
  facet normal -0 0 1
    outer loop
      vertex 14 18 2.4
      vertex 18 -18 2.4
      vertex 18 18 2.4
    endloop
  endfacet
  facet normal 0 0 1
    outer loop
      vertex 18 -18 2.4
      vertex 14 18 2.4
      vertex 14 -18 2.4
    endloop
  endfacet
  facet normal -0 0 1
    outer loop
      vertex 34 18 2.4
      vertex 38 -18 2.4
      vertex 38 18 2.4
    endloop
  endfacet
  facet normal 0 0 1
    outer loop
      vertex 38 -18 2.4
      vertex 34 18 2.4
      vertex 34 -18 2.4
    endloop
  endfacet
  facet normal -0 0 1
    outer loop
      vertex 52.3062 42.6937 2.4
      vertex 86.7 35.9123 2.4
      vertex 52.4135 43.1221 2.4
    endloop
  endfacet
  facet normal 0 0 1
    outer loop
      vertex 86.7 -35.9123 2.4
      vertex 52.4783 -43.5589 2.4
      vertex 52.5 -44 2.4
    endloop
  endfacet
  facet normal -0 0 1
    outer loop
      vertex 52.1575 42.2779 2.4
      vertex 86.7 35.9123 2.4
      vertex 52.3062 42.6937 2.4
    endloop
  endfacet
  facet normal 0 0 1
    outer loop
      vertex 86.7 -35.9123 2.4
      vertex 52.4135 -43.1221 2.4
      vertex 52.4783 -43.5589 2.4
    endloop
  endfacet
  facet normal -0 0 1
    outer loop
      vertex 51.9686 41.8787 2.4
      vertex 86.7 35.9123 2.4
      vertex 52.1575 42.2779 2.4
    endloop
  endfacet
  facet normal 0 0 1
    outer loop
      vertex 86.7 -35.9123 2.4
      vertex 52.3062 -42.6937 2.4
      vertex 52.4135 -43.1221 2.4
    endloop
  endfacet
  facet normal -0 0 1
    outer loop
      vertex 51.7416 41.4999 2.4
      vertex 86.7 35.9123 2.4
      vertex 51.9686 41.8787 2.4
    endloop
  endfacet
  facet normal 0 0 1
    outer loop
      vertex 86.7 -35.9123 2.4
      vertex 52.1575 -42.2779 2.4
      vertex 52.3062 -42.6937 2.4
    endloop
  endfacet
  facet normal -0 0 1
    outer loop
      vertex 51.4785 41.1452 2.4
      vertex 86.7 35.9123 2.4
      vertex 51.7416 41.4999 2.4
    endloop
  endfacet
  facet normal 0 0 1
    outer loop
      vertex 86.7 -35.9123 2.4
      vertex 51.9686 -41.8787 2.4
      vertex 52.1575 -42.2779 2.4
    endloop
  endfacet
  facet normal -0 0 1
    outer loop
      vertex 51.182 40.818 2.4
      vertex 86.7 35.9123 2.4
      vertex 51.4785 41.1452 2.4
    endloop
  endfacet
  facet normal 0 0 1
    outer loop
      vertex 86.7 -35.9123 2.4
      vertex 51.7416 -41.4999 2.4
      vertex 51.9686 -41.8787 2.4
    endloop
  endfacet
  facet normal -0 0 1
    outer loop
      vertex 50.8548 40.5215 2.4
      vertex 86.7 35.9123 2.4
      vertex 51.182 40.818 2.4
    endloop
  endfacet
  facet normal 0 0 1
    outer loop
      vertex 86.7 -35.9123 2.4
      vertex 51.4785 -41.1452 2.4
      vertex 51.7416 -41.4999 2.4
    endloop
  endfacet
  facet normal 0 0 1
    outer loop
      vertex 86.7 35.9123 2.4
      vertex 38 18 2.4
      vertex 86.7 -35.9123 2.4
    endloop
  endfacet
  facet normal 0 0 1
    outer loop
      vertex 86.7 -35.9123 2.4
      vertex 51.182 -40.818 2.4
      vertex 51.4785 -41.1452 2.4
    endloop
  endfacet
  facet normal -0 0 1
    outer loop
      vertex 50.5001 40.2584 2.4
      vertex 86.7 35.9123 2.4
      vertex 50.8548 40.5215 2.4
    endloop
  endfacet
  facet normal -0 0 1
    outer loop
      vertex 38 -18 2.4
      vertex 86.7 -35.9123 2.4
      vertex 38 18 2.4
    endloop
  endfacet
  facet normal 0 0 1
    outer loop
      vertex 86.7 35.9123 2.4
      vertex 50.5001 40.2584 2.4
      vertex 38 18 2.4
    endloop
  endfacet
  facet normal 0 -0 1
    outer loop
      vertex 50.5001 -40.2584 2.4
      vertex 86.7 -35.9123 2.4
      vertex 38 -18 2.4
    endloop
  endfacet
  facet normal 0 0 1
    outer loop
      vertex 38 18 2.4
      vertex 50.5001 40.2584 2.4
      vertex 50.1213 40.0314 2.4
    endloop
  endfacet
  facet normal 0 0 1
    outer loop
      vertex 86.7 -35.9123 2.4
      vertex 50.8548 -40.5215 2.4
      vertex 51.182 -40.818 2.4
    endloop
  endfacet
  facet normal 0 0 1
    outer loop
      vertex 38 20 2.4
      vertex 50.1213 40.0314 2.4
      vertex 49.7221 39.8425 2.4
    endloop
  endfacet
  facet normal 0 0 1
    outer loop
      vertex 86.7 -35.9123 2.4
      vertex 50.5001 -40.2584 2.4
      vertex 50.8548 -40.5215 2.4
    endloop
  endfacet
  facet normal 0 0 1
    outer loop
      vertex 38 20 2.4
      vertex 49.7221 39.8425 2.4
      vertex 49.3063 39.6938 2.4
    endloop
  endfacet
  facet normal 0 0 1
    outer loop
      vertex 50.5001 -40.2584 2.4
      vertex 38 -18 2.4
      vertex 50.1213 -40.0314 2.4
    endloop
  endfacet
  facet normal 0 0 1
    outer loop
      vertex 38 20 2.4
      vertex 49.3063 39.6938 2.4
      vertex 48.8779 39.5865 2.4
    endloop
  endfacet
  facet normal -0 0 1
    outer loop
      vertex 38 -20 2.4
      vertex 50.1213 -40.0314 2.4
      vertex 38 -18 2.4
    endloop
  endfacet
  facet normal 0 0 1
    outer loop
      vertex 38 20 2.4
      vertex 48.8779 39.5865 2.4
      vertex 48.4411 39.5217 2.4
    endloop
  endfacet
  facet normal 0 0 1
    outer loop
      vertex 50.1213 -40.0314 2.4
      vertex 38 -20 2.4
      vertex 49.7221 -39.8425 2.4
    endloop
  endfacet
  facet normal 0 0 1
    outer loop
      vertex 38 20 2.4
      vertex 48.4411 39.5217 2.4
      vertex 48 39.5 2.4
    endloop
  endfacet
  facet normal 0 0 1
    outer loop
      vertex 49.7221 -39.8425 2.4
      vertex 38 -20 2.4
      vertex 49.3063 -39.6938 2.4
    endloop
  endfacet
  facet normal 0 0 1
    outer loop
      vertex 38 20 2.4
      vertex 48 39.5 2.4
      vertex 47.5589 39.5217 2.4
    endloop
  endfacet
  facet normal 0 0 1
    outer loop
      vertex 49.3063 -39.6938 2.4
      vertex 38 -20 2.4
      vertex 48.8779 -39.5865 2.4
    endloop
  endfacet
  facet normal 0 0 1
    outer loop
      vertex 38 20 2.4
      vertex 47.5589 39.5217 2.4
      vertex 47.1221 39.5865 2.4
    endloop
  endfacet
  facet normal 0 0 1
    outer loop
      vertex 48.8779 -39.5865 2.4
      vertex 38 -20 2.4
      vertex 48.4411 -39.5217 2.4
    endloop
  endfacet
  facet normal 0 0 1
    outer loop
      vertex 38 20 2.4
      vertex 47.1221 39.5865 2.4
      vertex 46.6937 39.6938 2.4
    endloop
  endfacet
  facet normal 0 0 1
    outer loop
      vertex 48.4411 -39.5217 2.4
      vertex 38 -20 2.4
      vertex 48 -39.5 2.4
    endloop
  endfacet
  facet normal 0 0 1
    outer loop
      vertex 38 20 2.4
      vertex 46.6937 39.6938 2.4
      vertex 46.2779 39.8425 2.4
    endloop
  endfacet
  facet normal 0 0 1
    outer loop
      vertex 48 -39.5 2.4
      vertex 38 -20 2.4
      vertex 47.5589 -39.5217 2.4
    endloop
  endfacet
  facet normal 0 0 1
    outer loop
      vertex 38 20 2.4
      vertex 46.2779 39.8425 2.4
      vertex 45.8787 40.0314 2.4
    endloop
  endfacet
  facet normal 0 0 1
    outer loop
      vertex 47.5589 -39.5217 2.4
      vertex 38 -20 2.4
      vertex 47.1221 -39.5865 2.4
    endloop
  endfacet
  facet normal 0 0 1
    outer loop
      vertex 38 20 2.4
      vertex 45.8787 40.0314 2.4
      vertex 45.4999 40.2584 2.4
    endloop
  endfacet
  facet normal 0 0 1
    outer loop
      vertex 47.1221 -39.5865 2.4
      vertex 38 -20 2.4
      vertex 46.6937 -39.6938 2.4
    endloop
  endfacet
  facet normal 0 0 1
    outer loop
      vertex 38 20 2.4
      vertex 45.4999 40.2584 2.4
      vertex 45.1452 40.5215 2.4
    endloop
  endfacet
  facet normal 0 0 1
    outer loop
      vertex 46.6937 -39.6938 2.4
      vertex 38 -20 2.4
      vertex 46.2779 -39.8425 2.4
    endloop
  endfacet
  facet normal 0 0 1
    outer loop
      vertex 38 20 2.4
      vertex 45.1452 40.5215 2.4
      vertex 44.818 40.818 2.4
    endloop
  endfacet
  facet normal 0 0 1
    outer loop
      vertex 46.2779 -39.8425 2.4
      vertex 38 -20 2.4
      vertex 45.8787 -40.0314 2.4
    endloop
  endfacet
  facet normal 0 0 1
    outer loop
      vertex 34 20 2.4
      vertex 44.818 40.818 2.4
      vertex 44.5215 41.1452 2.4
    endloop
  endfacet
  facet normal 0 0 1
    outer loop
      vertex 45.8787 -40.0314 2.4
      vertex 38 -20 2.4
      vertex 45.4999 -40.2584 2.4
    endloop
  endfacet
  facet normal 0 0 1
    outer loop
      vertex 34 20 2.4
      vertex 44.5215 41.1452 2.4
      vertex 44.2584 41.4999 2.4
    endloop
  endfacet
  facet normal 0 0 1
    outer loop
      vertex 45.4999 -40.2584 2.4
      vertex 38 -20 2.4
      vertex 45.1452 -40.5215 2.4
    endloop
  endfacet
  facet normal 0 0 1
    outer loop
      vertex 34 20 2.4
      vertex 44.2584 41.4999 2.4
      vertex 44.0314 41.8787 2.4
    endloop
  endfacet
  facet normal 0 0 1
    outer loop
      vertex 45.1452 -40.5215 2.4
      vertex 38 -20 2.4
      vertex 44.818 -40.818 2.4
    endloop
  endfacet
  facet normal 0 0 1
    outer loop
      vertex 34 20 2.4
      vertex 44.0314 41.8787 2.4
      vertex 43.8425 42.2779 2.4
    endloop
  endfacet
  facet normal -0 0 1
    outer loop
      vertex 34 -20 2.4
      vertex 44.818 -40.818 2.4
      vertex 38 -20 2.4
    endloop
  endfacet
  facet normal 0 0 1
    outer loop
      vertex 34 20 2.4
      vertex 43.8425 42.2779 2.4
      vertex 43.6938 42.6937 2.4
    endloop
  endfacet
  facet normal 0 0 1
    outer loop
      vertex 44.818 -40.818 2.4
      vertex 34 -20 2.4
      vertex 44.5215 -41.1452 2.4
    endloop
  endfacet
  facet normal 0 0 1
    outer loop
      vertex 18 20 2.4
      vertex 43.6938 42.6937 2.4
      vertex 43.5865 43.1221 2.4
    endloop
  endfacet
  facet normal 0 0 1
    outer loop
      vertex 44.5215 -41.1452 2.4
      vertex 34 -20 2.4
      vertex 44.2584 -41.4999 2.4
    endloop
  endfacet
  facet normal 0 0 1
    outer loop
      vertex 18 20 2.4
      vertex 43.5865 43.1221 2.4
      vertex 43.5217 43.5589 2.4
    endloop
  endfacet
  facet normal 0 0 1
    outer loop
      vertex 44.2584 -41.4999 2.4
      vertex 34 -20 2.4
      vertex 44.0314 -41.8787 2.4
    endloop
  endfacet
  facet normal 0 0 1
    outer loop
      vertex 18 20 2.4
      vertex 43.5217 43.5589 2.4
      vertex 43.5 44 2.4
    endloop
  endfacet
  facet normal 0 0 1
    outer loop
      vertex 44.0314 -41.8787 2.4
      vertex 34 -20 2.4
      vertex 43.8425 -42.2779 2.4
    endloop
  endfacet
  facet normal -0 0 1
    outer loop
      vertex 52.4783 43.5589 2.4
      vertex 86.7 35.9123 2.4
      vertex 52.5 44 2.4
    endloop
  endfacet
  facet normal 0 0 1
    outer loop
      vertex 86.7 35.9123 2.4
      vertex 52.4783 44.4411 2.4
      vertex 52.5 44 2.4
    endloop
  endfacet
  facet normal 0 0 1
    outer loop
      vertex 86.7 35.9123 2.4
      vertex 52.4135 44.8779 2.4
      vertex 52.4783 44.4411 2.4
    endloop
  endfacet
  facet normal 0 0 1
    outer loop
      vertex 86.7 35.9123 2.4
      vertex 52.3062 45.3063 2.4
      vertex 52.4135 44.8779 2.4
    endloop
  endfacet
  facet normal 0 0 1
    outer loop
      vertex 86.7 35.9123 2.4
      vertex 52.1575 45.7221 2.4
      vertex 52.3062 45.3063 2.4
    endloop
  endfacet
  facet normal 0 0 1
    outer loop
      vertex 86.7 35.9123 2.4
      vertex 51.9686 46.1213 2.4
      vertex 52.1575 45.7221 2.4
    endloop
  endfacet
  facet normal 0 0 1
    outer loop
      vertex 86.7 35.9123 2.4
      vertex 51.7416 46.5001 2.4
      vertex 51.9686 46.1213 2.4
    endloop
  endfacet
  facet normal 0 0 1
    outer loop
      vertex 86.7 35.9123 2.4
      vertex 51.4785 46.8548 2.4
      vertex 51.7416 46.5001 2.4
    endloop
  endfacet
  facet normal 0 0 1
    outer loop
      vertex 86.7 35.9123 2.4
      vertex 51.182 47.182 2.4
      vertex 51.4785 46.8548 2.4
    endloop
  endfacet
  facet normal 0 0 1
    outer loop
      vertex 86.7 35.9123 2.4
      vertex 50.8548 47.4785 2.4
      vertex 51.182 47.182 2.4
    endloop
  endfacet
  facet normal 0 0 1
    outer loop
      vertex 35.9123 86.7 2.4
      vertex 50.8548 47.4785 2.4
      vertex 86.7 35.9123 2.4
    endloop
  endfacet
  facet normal 0 0 1
    outer loop
      vertex 50.8548 47.4785 2.4
      vertex 35.9123 86.7 2.4
      vertex 50.5001 47.7416 2.4
    endloop
  endfacet
  facet normal 0 0 1
    outer loop
      vertex 50.5001 47.7416 2.4
      vertex 35.9123 86.7 2.4
      vertex 50.1213 47.9686 2.4
    endloop
  endfacet
  facet normal 0 0 1
    outer loop
      vertex 50.1213 47.9686 2.4
      vertex 35.9123 86.7 2.4
      vertex 49.7221 48.1575 2.4
    endloop
  endfacet
  facet normal 0 0 1
    outer loop
      vertex 50.1213 40.0314 2.4
      vertex 38 20 2.4
      vertex 38 18 2.4
    endloop
  endfacet
  facet normal 0 0 1
    outer loop
      vertex 18 20 2.4
      vertex 43.5 44 2.4
      vertex 43.5217 44.4411 2.4
    endloop
  endfacet
  facet normal 0 0 1
    outer loop
      vertex 14 20 2.4
      vertex 43.5217 44.4411 2.4
      vertex 43.5865 44.8779 2.4
    endloop
  endfacet
  facet normal 0 0 1
    outer loop
      vertex 49.7221 48.1575 2.4
      vertex 35.9123 86.7 2.4
      vertex 49.3063 48.3062 2.4
    endloop
  endfacet
  facet normal 0 0 1
    outer loop
      vertex 35.9123 86.7 2.4
      vertex 48.8779 48.4135 2.4
      vertex 49.3063 48.3062 2.4
    endloop
  endfacet
  facet normal 0 0 1
    outer loop
      vertex 35.9123 86.7 2.4
      vertex 48.4411 48.4783 2.4
      vertex 48.8779 48.4135 2.4
    endloop
  endfacet
  facet normal 0 0 1
    outer loop
      vertex 35.9123 86.7 2.4
      vertex 48 48.5 2.4
      vertex 48.4411 48.4783 2.4
    endloop
  endfacet
  facet normal 0 0 1
    outer loop
      vertex 35.9123 86.7 2.4
      vertex 47.5589 48.4783 2.4
      vertex 48 48.5 2.4
    endloop
  endfacet
  facet normal 0 0 1
    outer loop
      vertex 35.9123 86.7 2.4
      vertex 47.1221 48.4135 2.4
      vertex 47.5589 48.4783 2.4
    endloop
  endfacet
  facet normal 0 0 1
    outer loop
      vertex 35.9123 86.7 2.4
      vertex 46.6937 48.3062 2.4
      vertex 47.1221 48.4135 2.4
    endloop
  endfacet
  facet normal 0 0 1
    outer loop
      vertex 35.9123 86.7 2.4
      vertex 46.2779 48.1575 2.4
      vertex 46.6937 48.3062 2.4
    endloop
  endfacet
  facet normal 0 0 1
    outer loop
      vertex 35.9123 86.7 2.4
      vertex 45.8787 47.9686 2.4
      vertex 46.2779 48.1575 2.4
    endloop
  endfacet
  facet normal 0 0 1
    outer loop
      vertex 35.9123 86.7 2.4
      vertex 45.4999 47.7416 2.4
      vertex 45.8787 47.9686 2.4
    endloop
  endfacet
  facet normal 0 0 1
    outer loop
      vertex 35.9123 86.7 2.4
      vertex 45.1452 47.4785 2.4
      vertex 45.4999 47.7416 2.4
    endloop
  endfacet
  facet normal 0 0 1
    outer loop
      vertex 35.9123 86.7 2.4
      vertex 44.818 47.182 2.4
      vertex 45.1452 47.4785 2.4
    endloop
  endfacet
  facet normal 0 0 1
    outer loop
      vertex 35.9123 86.7 2.4
      vertex 44.5215 46.8548 2.4
      vertex 44.818 47.182 2.4
    endloop
  endfacet
  facet normal 0 0 1
    outer loop
      vertex 6.26965 81.3825 2.4
      vertex 35.9123 86.7 2.4
      vertex 6.29999 82 2.4
    endloop
  endfacet
  facet normal 0 0 1
    outer loop
      vertex 6.17894 80.7709 2.4
      vertex 35.9123 86.7 2.4
      vertex 6.26965 81.3825 2.4
    endloop
  endfacet
  facet normal 0 0 1
    outer loop
      vertex 6.02872 80.1712 2.4
      vertex 35.9123 86.7 2.4
      vertex 6.17894 80.7709 2.4
    endloop
  endfacet
  facet normal 0 0 1
    outer loop
      vertex 5.82043 79.5891 2.4
      vertex 35.9123 86.7 2.4
      vertex 6.02872 80.1712 2.4
    endloop
  endfacet
  facet normal 0 0 1
    outer loop
      vertex 5.55609 79.0302 2.4
      vertex 35.9123 86.7 2.4
      vertex 5.82043 79.5891 2.4
    endloop
  endfacet
  facet normal 0 0 1
    outer loop
      vertex 5.23825 78.4999 2.4
      vertex 35.9123 86.7 2.4
      vertex 5.55609 79.0302 2.4
    endloop
  endfacet
  facet normal 0 0 1
    outer loop
      vertex 44.818 40.818 2.4
      vertex 34 20 2.4
      vertex 38 20 2.4
    endloop
  endfacet
  facet normal 0 0 1
    outer loop
      vertex 18 18 2.4
      vertex 34 18 2.4
      vertex 34 20 2.4
    endloop
  endfacet
  facet normal 0 0 1
    outer loop
      vertex 34 18 2.4
      vertex 18 18 2.4
      vertex 34 -18 2.4
    endloop
  endfacet
  facet normal 0 0 1
    outer loop
      vertex 18 18 2.4
      vertex 34 20 2.4
      vertex 18 20 2.4
    endloop
  endfacet
  facet normal 0 0 1
    outer loop
      vertex 43.6938 42.6937 2.4
      vertex 18 20 2.4
      vertex 34 20 2.4
    endloop
  endfacet
  facet normal 0 0 1
    outer loop
      vertex 35.9123 86.7 2.4
      vertex 5.23825 78.4999 2.4
      vertex 44.5215 46.8548 2.4
    endloop
  endfacet
  facet normal -0 0 1
    outer loop
      vertex 4.86996 78.0033 2.4
      vertex 44.5215 46.8548 2.4
      vertex 5.23825 78.4999 2.4
    endloop
  endfacet
  facet normal 0 0 1
    outer loop
      vertex 44.5215 46.8548 2.4
      vertex 4.86996 78.0033 2.4
      vertex 44.2584 46.5001 2.4
    endloop
  endfacet
  facet normal -0 0 1
    outer loop
      vertex 4.45476 77.5452 2.4
      vertex 44.2584 46.5001 2.4
      vertex 4.86996 78.0033 2.4
    endloop
  endfacet
  facet normal 0 0 1
    outer loop
      vertex 43.5217 44.4411 2.4
      vertex 14 20 2.4
      vertex 18 20 2.4
    endloop
  endfacet
  facet normal 0 0 1
    outer loop
      vertex 35.9123 86.7 2.4
      vertex 6.26965 82.6175 2.4
      vertex 6.29999 82 2.4
    endloop
  endfacet
  facet normal 0 0 1
    outer loop
      vertex 35.9123 86.7 2.4
      vertex 6.17894 83.2291 2.4
      vertex 6.26965 82.6175 2.4
    endloop
  endfacet
  facet normal 0 0 1
    outer loop
      vertex 35.9123 86.7 2.4
      vertex 6.02872 83.8288 2.4
      vertex 6.17894 83.2291 2.4
    endloop
  endfacet
  facet normal 0 0 1
    outer loop
      vertex 35.9123 86.7 2.4
      vertex 5.82043 84.4109 2.4
      vertex 6.02872 83.8288 2.4
    endloop
  endfacet
  facet normal 0 0 1
    outer loop
      vertex 35.9123 86.7 2.4
      vertex 5.55609 84.9698 2.4
      vertex 5.82043 84.4109 2.4
    endloop
  endfacet
  facet normal 0 0 1
    outer loop
      vertex 35.9123 86.7 2.4
      vertex 5.23825 85.5001 2.4
      vertex 5.55609 84.9698 2.4
    endloop
  endfacet
  facet normal 0 0 1
    outer loop
      vertex 35.9123 86.7 2.4
      vertex 4.86996 85.9967 2.4
      vertex 5.23825 85.5001 2.4
    endloop
  endfacet
  facet normal 0 0 1
    outer loop
      vertex 35.9123 86.7 2.4
      vertex 4.45476 86.4548 2.4
      vertex 4.86996 85.9967 2.4
    endloop
  endfacet
  facet normal 0 -0 1
    outer loop
      vertex 4.45476 86.4548 2.4
      vertex 35.9123 86.7 2.4
      vertex 4.18419 86.7 2.4
    endloop
  endfacet
  facet normal -0 0 1
    outer loop
      vertex 52.4135 43.1221 2.4
      vertex 86.7 35.9123 2.4
      vertex 52.4783 43.5589 2.4
    endloop
  endfacet
  facet normal 0 0 1
    outer loop
      vertex 52.4783 -44.4411 2.4
      vertex 86.7 -35.9123 2.4
      vertex 52.5 -44 2.4
    endloop
  endfacet
  facet normal 0 0 1
    outer loop
      vertex 52.4135 -44.8779 2.4
      vertex 86.7 -35.9123 2.4
      vertex 52.4783 -44.4411 2.4
    endloop
  endfacet
  facet normal 0 0 1
    outer loop
      vertex 52.3062 -45.3063 2.4
      vertex 86.7 -35.9123 2.4
      vertex 52.4135 -44.8779 2.4
    endloop
  endfacet
  facet normal 0 0 1
    outer loop
      vertex 52.1575 -45.7221 2.4
      vertex 86.7 -35.9123 2.4
      vertex 52.3062 -45.3063 2.4
    endloop
  endfacet
  facet normal 0 0 1
    outer loop
      vertex 51.9686 -46.1213 2.4
      vertex 86.7 -35.9123 2.4
      vertex 52.1575 -45.7221 2.4
    endloop
  endfacet
  facet normal 0 0 1
    outer loop
      vertex 51.7416 -46.5001 2.4
      vertex 86.7 -35.9123 2.4
      vertex 51.9686 -46.1213 2.4
    endloop
  endfacet
  facet normal 0 0 1
    outer loop
      vertex 51.4785 -46.8548 2.4
      vertex 86.7 -35.9123 2.4
      vertex 51.7416 -46.5001 2.4
    endloop
  endfacet
  facet normal 0 0 1
    outer loop
      vertex 51.182 -47.182 2.4
      vertex 86.7 -35.9123 2.4
      vertex 51.4785 -46.8548 2.4
    endloop
  endfacet
  facet normal 0 0 1
    outer loop
      vertex 50.8548 -47.4785 2.4
      vertex 86.7 -35.9123 2.4
      vertex 51.182 -47.182 2.4
    endloop
  endfacet
  facet normal 0 0 1
    outer loop
      vertex 35.9123 -86.7 2.4
      vertex 50.8548 -47.4785 2.4
      vertex 50.5001 -47.7416 2.4
    endloop
  endfacet
  facet normal 0 0 1
    outer loop
      vertex 35.9123 -86.7 2.4
      vertex 50.5001 -47.7416 2.4
      vertex 50.1213 -47.9686 2.4
    endloop
  endfacet
  facet normal 0 0 1
    outer loop
      vertex 35.9123 -86.7 2.4
      vertex 50.1213 -47.9686 2.4
      vertex 49.7221 -48.1575 2.4
    endloop
  endfacet
  facet normal 0 0 1
    outer loop
      vertex 35.9123 -86.7 2.4
      vertex 49.7221 -48.1575 2.4
      vertex 49.3063 -48.3062 2.4
    endloop
  endfacet
  facet normal 0 0 1
    outer loop
      vertex 43.8425 -42.2779 2.4
      vertex 34 -20 2.4
      vertex 43.6938 -42.6937 2.4
    endloop
  endfacet
  facet normal -0 0 1
    outer loop
      vertex 18 -20 2.4
      vertex 43.6938 -42.6937 2.4
      vertex 34 -20 2.4
    endloop
  endfacet
  facet normal 0 0 1
    outer loop
      vertex 43.6938 -42.6937 2.4
      vertex 18 -20 2.4
      vertex 43.5865 -43.1221 2.4
    endloop
  endfacet
  facet normal 0 0 1
    outer loop
      vertex 43.5865 -43.1221 2.4
      vertex 18 -20 2.4
      vertex 43.5217 -43.5589 2.4
    endloop
  endfacet
  facet normal 0 0 1
    outer loop
      vertex 43.5217 -43.5589 2.4
      vertex 18 -20 2.4
      vertex 43.5 -44 2.4
    endloop
  endfacet
  facet normal -0 0 1
    outer loop
      vertex 50.8548 -47.4785 2.4
      vertex 35.9123 -86.7 2.4
      vertex 86.7 -35.9123 2.4
    endloop
  endfacet
  facet normal -0 0 1
    outer loop
      vertex 48.8779 -48.4135 2.4
      vertex 35.9123 -86.7 2.4
      vertex 49.3063 -48.3062 2.4
    endloop
  endfacet
  facet normal -0 0 1
    outer loop
      vertex 48.4411 -48.4783 2.4
      vertex 35.9123 -86.7 2.4
      vertex 48.8779 -48.4135 2.4
    endloop
  endfacet
  facet normal -0 0 1
    outer loop
      vertex 48 -48.5 2.4
      vertex 35.9123 -86.7 2.4
      vertex 48.4411 -48.4783 2.4
    endloop
  endfacet
  facet normal 0 0 1
    outer loop
      vertex 47.5589 -48.4783 2.4
      vertex 35.9123 -86.7 2.4
      vertex 48 -48.5 2.4
    endloop
  endfacet
  facet normal 0 0 1
    outer loop
      vertex 47.1221 -48.4135 2.4
      vertex 35.9123 -86.7 2.4
      vertex 47.5589 -48.4783 2.4
    endloop
  endfacet
  facet normal 0 0 1
    outer loop
      vertex 46.6937 -48.3062 2.4
      vertex 35.9123 -86.7 2.4
      vertex 47.1221 -48.4135 2.4
    endloop
  endfacet
  facet normal 0 0 1
    outer loop
      vertex 46.2779 -48.1575 2.4
      vertex 35.9123 -86.7 2.4
      vertex 46.6937 -48.3062 2.4
    endloop
  endfacet
  facet normal 0 0 1
    outer loop
      vertex 45.8787 -47.9686 2.4
      vertex 35.9123 -86.7 2.4
      vertex 46.2779 -48.1575 2.4
    endloop
  endfacet
  facet normal 0 0 1
    outer loop
      vertex 45.4999 -47.7416 2.4
      vertex 35.9123 -86.7 2.4
      vertex 45.8787 -47.9686 2.4
    endloop
  endfacet
  facet normal 0 0 1
    outer loop
      vertex 45.1452 -47.4785 2.4
      vertex 35.9123 -86.7 2.4
      vertex 45.4999 -47.7416 2.4
    endloop
  endfacet
  facet normal 0 0 1
    outer loop
      vertex 44.818 -47.182 2.4
      vertex 35.9123 -86.7 2.4
      vertex 45.1452 -47.4785 2.4
    endloop
  endfacet
  facet normal 0 0 1
    outer loop
      vertex 44.5215 -46.8548 2.4
      vertex 35.9123 -86.7 2.4
      vertex 44.818 -47.182 2.4
    endloop
  endfacet
  facet normal 0 0 1
    outer loop
      vertex 6.29999 -82 2.4
      vertex 44.5215 -46.8548 2.4
      vertex 44.2584 -46.5001 2.4
    endloop
  endfacet
  facet normal 0 0 1
    outer loop
      vertex 6.29999 -82 2.4
      vertex 44.2584 -46.5001 2.4
      vertex 44.0314 -46.1213 2.4
    endloop
  endfacet
  facet normal 0 0 1
    outer loop
      vertex 6.29999 -82 2.4
      vertex 44.0314 -46.1213 2.4
      vertex 43.8425 -45.7221 2.4
    endloop
  endfacet
  facet normal 0 0 1
    outer loop
      vertex 6.29999 -82 2.4
      vertex 43.8425 -45.7221 2.4
      vertex 43.6938 -45.3063 2.4
    endloop
  endfacet
  facet normal 0 0 1
    outer loop
      vertex 6.29999 -82 2.4
      vertex 43.6938 -45.3063 2.4
      vertex 43.5865 -44.8779 2.4
    endloop
  endfacet
  facet normal 0 0 1
    outer loop
      vertex 43.5 -44 2.4
      vertex 18 -20 2.4
      vertex 43.5217 -44.4411 2.4
    endloop
  endfacet
  facet normal -0 0 1
    outer loop
      vertex 14 -20 2.4
      vertex 43.5217 -44.4411 2.4
      vertex 18 -20 2.4
    endloop
  endfacet
  facet normal 0 0 1
    outer loop
      vertex 18 -18 2.4
      vertex 34 -18 2.4
      vertex 18 18 2.4
    endloop
  endfacet
  facet normal 0 0 1
    outer loop
      vertex 34 -18 2.4
      vertex 18 -18 2.4
      vertex 34 -20 2.4
    endloop
  endfacet
  facet normal 0 0 1
    outer loop
      vertex 18 -20 2.4
      vertex 34 -20 2.4
      vertex 18 -18 2.4
    endloop
  endfacet
  facet normal 0 0 1
    outer loop
      vertex 43.5217 -44.4411 2.4
      vertex 14 -20 2.4
      vertex 43.5865 -44.8779 2.4
    endloop
  endfacet
  facet normal 0 0 1
    outer loop
      vertex 43.5865 -44.8779 2.4
      vertex 14 -20 2.4
      vertex 6.29999 -82 2.4
    endloop
  endfacet
  facet normal 0 0 1
    outer loop
      vertex 14 -18 2.4
      vertex 6.29999 -82 2.4
      vertex 14 -20 2.4
    endloop
  endfacet
  facet normal 0 0 1
    outer loop
      vertex 44.5215 -46.8548 2.4
      vertex 6.29999 -82 2.4
      vertex 35.9123 -86.7 2.4
    endloop
  endfacet
  facet normal -0 0 1
    outer loop
      vertex 6.26965 -82.6175 2.4
      vertex 35.9123 -86.7 2.4
      vertex 6.29999 -82 2.4
    endloop
  endfacet
  facet normal -0 0 1
    outer loop
      vertex 6.17894 -83.2291 2.4
      vertex 35.9123 -86.7 2.4
      vertex 6.26965 -82.6175 2.4
    endloop
  endfacet
  facet normal -0 0 1
    outer loop
      vertex 6.02872 -83.8288 2.4
      vertex 35.9123 -86.7 2.4
      vertex 6.17894 -83.2291 2.4
    endloop
  endfacet
  facet normal -0 0 1
    outer loop
      vertex 5.82043 -84.4109 2.4
      vertex 35.9123 -86.7 2.4
      vertex 6.02872 -83.8288 2.4
    endloop
  endfacet
  facet normal -0 0 1
    outer loop
      vertex 5.55609 -84.9698 2.4
      vertex 35.9123 -86.7 2.4
      vertex 5.82043 -84.4109 2.4
    endloop
  endfacet
  facet normal -0 0 1
    outer loop
      vertex 5.23825 -85.5001 2.4
      vertex 35.9123 -86.7 2.4
      vertex 5.55609 -84.9698 2.4
    endloop
  endfacet
  facet normal -0 0 1
    outer loop
      vertex 4.86996 -85.9967 2.4
      vertex 35.9123 -86.7 2.4
      vertex 5.23825 -85.5001 2.4
    endloop
  endfacet
  facet normal -0 0 1
    outer loop
      vertex 4.45476 -86.4548 2.4
      vertex 35.9123 -86.7 2.4
      vertex 4.86996 -85.9967 2.4
    endloop
  endfacet
  facet normal 0 0 1
    outer loop
      vertex 35.9123 -86.7 2.4
      vertex 4.45476 -86.4548 2.4
      vertex 4.18419 -86.7 2.4
    endloop
  endfacet
  facet normal -0 0 1
    outer loop
      vertex -43.8425 -45.7221 2.4
      vertex -3.50009 -76.7617 2.4
      vertex -43.6938 -45.3063 2.4
    endloop
  endfacet
  facet normal 0 0 1
    outer loop
      vertex -3.50009 -76.7617 2.4
      vertex -43.8425 -45.7221 2.4
      vertex -3.99667 -77.13 2.4
    endloop
  endfacet
  facet normal -0 0 1
    outer loop
      vertex -44.0314 -46.1213 2.4
      vertex -3.99667 -77.13 2.4
      vertex -43.8425 -45.7221 2.4
    endloop
  endfacet
  facet normal 0 0 1
    outer loop
      vertex -3.99667 -77.13 2.4
      vertex -44.0314 -46.1213 2.4
      vertex -4.45476 -77.5452 2.4
    endloop
  endfacet
  facet normal -0 0 1
    outer loop
      vertex -44.2584 -46.5001 2.4
      vertex -4.45476 -77.5452 2.4
      vertex -44.0314 -46.1213 2.4
    endloop
  endfacet
  facet normal 0 0 1
    outer loop
      vertex -4.45476 -77.5452 2.4
      vertex -44.2584 -46.5001 2.4
      vertex -4.86996 -78.0033 2.4
    endloop
  endfacet
  facet normal -0 0 1
    outer loop
      vertex -44.5215 -46.8548 2.4
      vertex -4.86996 -78.0033 2.4
      vertex -44.2584 -46.5001 2.4
    endloop
  endfacet
  facet normal 0 0 1
    outer loop
      vertex -4.86996 -78.0033 2.4
      vertex -44.5215 -46.8548 2.4
      vertex -5.23825 -78.4999 2.4
    endloop
  endfacet
  facet normal 0 -0 1
    outer loop
      vertex -35.9123 -86.7 2.4
      vertex -5.23825 -78.4999 2.4
      vertex -44.5215 -46.8548 2.4
    endloop
  endfacet
  facet normal -0 -0 1
    outer loop
      vertex -43.5 44 2.4
      vertex -10 20 2.4
      vertex -43.5217 44.4411 2.4
    endloop
  endfacet
  facet normal -0 0 1
    outer loop
      vertex -43.6938 42.6937 2.4
      vertex -10 20 2.4
      vertex -43.5865 43.1221 2.4
    endloop
  endfacet
  facet normal 0 0 1
    outer loop
      vertex -4.45476 -86.4548 2.4
      vertex -35.9123 -86.7 2.4
      vertex -4.18419 -86.7 2.4
    endloop
  endfacet
  facet normal 0 0 1
    outer loop
      vertex -4.86996 -85.9967 2.4
      vertex -35.9123 -86.7 2.4
      vertex -4.45476 -86.4548 2.4
    endloop
  endfacet
  facet normal 0 0 1
    outer loop
      vertex -5.23825 -85.5001 2.4
      vertex -35.9123 -86.7 2.4
      vertex -4.86996 -85.9967 2.4
    endloop
  endfacet
  facet normal 0 0 1
    outer loop
      vertex -5.55609 -84.9698 2.4
      vertex -35.9123 -86.7 2.4
      vertex -5.23825 -85.5001 2.4
    endloop
  endfacet
  facet normal 0 0 1
    outer loop
      vertex -5.82043 -84.4109 2.4
      vertex -35.9123 -86.7 2.4
      vertex -5.55609 -84.9698 2.4
    endloop
  endfacet
  facet normal 0 0 1
    outer loop
      vertex -6.02872 -83.8288 2.4
      vertex -35.9123 -86.7 2.4
      vertex -5.82043 -84.4109 2.4
    endloop
  endfacet
  facet normal 0 0 1
    outer loop
      vertex -6.17894 -83.2291 2.4
      vertex -35.9123 -86.7 2.4
      vertex -6.02872 -83.8288 2.4
    endloop
  endfacet
  facet normal -0 0 1
    outer loop
      vertex -43.8425 42.2779 2.4
      vertex -10 20 2.4
      vertex -43.6938 42.6937 2.4
    endloop
  endfacet
  facet normal -0 0 1
    outer loop
      vertex -43.5865 43.1221 2.4
      vertex -10 20 2.4
      vertex -43.5217 43.5589 2.4
    endloop
  endfacet
  facet normal -0 0 1
    outer loop
      vertex -43.5217 43.5589 2.4
      vertex -10 20 2.4
      vertex -43.5 44 2.4
    endloop
  endfacet
  facet normal 0 0 1
    outer loop
      vertex -10 20 2.4
      vertex -43.5865 44.8779 2.4
      vertex -43.5217 44.4411 2.4
    endloop
  endfacet
  facet normal 0 0 1
    outer loop
      vertex -6.29999 82 2.4
      vertex -43.5865 44.8779 2.4
      vertex -10 20 2.4
    endloop
  endfacet
  facet normal 0 0 1
    outer loop
      vertex -6.29999 82 2.4
      vertex -43.6938 45.3063 2.4
      vertex -43.5865 44.8779 2.4
    endloop
  endfacet
  facet normal 0 0 1
    outer loop
      vertex -6.29999 82 2.4
      vertex -44.0314 46.1213 2.4
      vertex -43.8425 45.7221 2.4
    endloop
  endfacet
  facet normal 0 0 1
    outer loop
      vertex -6.29999 82 2.4
      vertex -44.2584 46.5001 2.4
      vertex -44.0314 46.1213 2.4
    endloop
  endfacet
  facet normal 0 0 1
    outer loop
      vertex -6.29999 82 2.4
      vertex -44.5215 46.8548 2.4
      vertex -44.2584 46.5001 2.4
    endloop
  endfacet
  facet normal 0 0 1
    outer loop
      vertex -35.9123 86.7 2.4
      vertex -44.818 47.182 2.4
      vertex -44.5215 46.8548 2.4
    endloop
  endfacet
  facet normal 0 0 1
    outer loop
      vertex -35.9123 86.7 2.4
      vertex -45.1452 47.4785 2.4
      vertex -44.818 47.182 2.4
    endloop
  endfacet
  facet normal 0 0 1
    outer loop
      vertex -35.9123 86.7 2.4
      vertex -45.4999 47.7416 2.4
      vertex -45.1452 47.4785 2.4
    endloop
  endfacet
  facet normal 0 0 1
    outer loop
      vertex -35.9123 86.7 2.4
      vertex -45.8787 47.9686 2.4
      vertex -45.4999 47.7416 2.4
    endloop
  endfacet
  facet normal 0 0 1
    outer loop
      vertex -35.9123 86.7 2.4
      vertex -46.2779 48.1575 2.4
      vertex -45.8787 47.9686 2.4
    endloop
  endfacet
  facet normal 0 0 1
    outer loop
      vertex -35.9123 86.7 2.4
      vertex -46.6937 48.3062 2.4
      vertex -46.2779 48.1575 2.4
    endloop
  endfacet
  facet normal 0 0 1
    outer loop
      vertex -35.9123 86.7 2.4
      vertex -47.1221 48.4135 2.4
      vertex -46.6937 48.3062 2.4
    endloop
  endfacet
  facet normal 0 0 1
    outer loop
      vertex -35.9123 86.7 2.4
      vertex -47.5589 48.4783 2.4
      vertex -47.1221 48.4135 2.4
    endloop
  endfacet
  facet normal 0 0 1
    outer loop
      vertex -35.9123 86.7 2.4
      vertex -48 48.5 2.4
      vertex -47.5589 48.4783 2.4
    endloop
  endfacet
  facet normal 0 0 1
    outer loop
      vertex -35.9123 86.7 2.4
      vertex -48.4411 48.4783 2.4
      vertex -48 48.5 2.4
    endloop
  endfacet
  facet normal 0 0 1
    outer loop
      vertex -35.9123 86.7 2.4
      vertex -48.8779 48.4135 2.4
      vertex -48.4411 48.4783 2.4
    endloop
  endfacet
  facet normal 0 0 1
    outer loop
      vertex -35.9123 86.7 2.4
      vertex -49.3063 48.3062 2.4
      vertex -48.8779 48.4135 2.4
    endloop
  endfacet
  facet normal 0 0 1
    outer loop
      vertex -35.9123 86.7 2.4
      vertex -49.7221 48.1575 2.4
      vertex -49.3063 48.3062 2.4
    endloop
  endfacet
  facet normal 0 0 1
    outer loop
      vertex -35.9123 86.7 2.4
      vertex -50.1213 47.9686 2.4
      vertex -49.7221 48.1575 2.4
    endloop
  endfacet
  facet normal 0 0 1
    outer loop
      vertex -35.9123 86.7 2.4
      vertex -50.5001 47.7416 2.4
      vertex -50.1213 47.9686 2.4
    endloop
  endfacet
  facet normal 0 0 1
    outer loop
      vertex -35.9123 86.7 2.4
      vertex -50.8548 47.4785 2.4
      vertex -50.5001 47.7416 2.4
    endloop
  endfacet
  facet normal 0 0 1
    outer loop
      vertex -35.9123 86.7 2.4
      vertex -51.182 47.182 2.4
      vertex -50.8548 47.4785 2.4
    endloop
  endfacet
  facet normal 0 0 1
    outer loop
      vertex -86.7 35.9123 2.4
      vertex -51.182 47.182 2.4
      vertex -35.9123 86.7 2.4
    endloop
  endfacet
  facet normal 0 0 1
    outer loop
      vertex -51.182 47.182 2.4
      vertex -86.7 35.9123 2.4
      vertex -51.4785 46.8548 2.4
    endloop
  endfacet
  facet normal 0 0 1
    outer loop
      vertex -51.4785 46.8548 2.4
      vertex -86.7 35.9123 2.4
      vertex -51.7416 46.5001 2.4
    endloop
  endfacet
  facet normal 0 0 1
    outer loop
      vertex -51.7416 46.5001 2.4
      vertex -86.7 35.9123 2.4
      vertex -51.9686 46.1213 2.4
    endloop
  endfacet
  facet normal 0 0 1
    outer loop
      vertex -52.4135 -43.1221 2.4
      vertex -86.7 -35.9123 2.4
      vertex -52.4783 -43.5589 2.4
    endloop
  endfacet
  facet normal 0 0 1
    outer loop
      vertex -52.4783 44.4411 2.4
      vertex -86.7 35.9123 2.4
      vertex -52.5 44 2.4
    endloop
  endfacet
  facet normal 0 0 1
    outer loop
      vertex -52.4135 44.8779 2.4
      vertex -86.7 35.9123 2.4
      vertex -52.4783 44.4411 2.4
    endloop
  endfacet
  facet normal 0 0 1
    outer loop
      vertex -52.3062 45.3063 2.4
      vertex -86.7 35.9123 2.4
      vertex -52.4135 44.8779 2.4
    endloop
  endfacet
  facet normal 0 0 1
    outer loop
      vertex -52.1575 45.7221 2.4
      vertex -86.7 35.9123 2.4
      vertex -52.3062 45.3063 2.4
    endloop
  endfacet
  facet normal 0 0 1
    outer loop
      vertex -51.9686 46.1213 2.4
      vertex -86.7 35.9123 2.4
      vertex -52.1575 45.7221 2.4
    endloop
  endfacet
  facet normal -0 0 1
    outer loop
      vertex -50 18 2.4
      vertex -46 -18 2.4
      vertex -46 18 2.4
    endloop
  endfacet
  facet normal 0 0 1
    outer loop
      vertex -46 -18 2.4
      vertex -50 18 2.4
      vertex -50 -18 2.4
    endloop
  endfacet
  facet normal 0 0 1
    outer loop
      vertex -43.5865 -44.8779 2.4
      vertex -10 -20 2.4
      vertex -43.5217 -44.4411 2.4
    endloop
  endfacet
  facet normal 0 0 1
    outer loop
      vertex -5.23825 -78.4999 2.4
      vertex -35.9123 -86.7 2.4
      vertex -5.55609 -79.0302 2.4
    endloop
  endfacet
  facet normal 0 0 1
    outer loop
      vertex -46 -20 2.4
      vertex -10 -20 2.4
      vertex -46 -18 2.4
    endloop
  endfacet
  facet normal 0 -0 1
    outer loop
      vertex -44.2584 -41.4999 2.4
      vertex -10 -20 2.4
      vertex -46 -20 2.4
    endloop
  endfacet
  facet normal 0 0 1
    outer loop
      vertex -46 18 2.4
      vertex -10 20 2.4
      vertex -46 20 2.4
    endloop
  endfacet
  facet normal 0 -0 1
    outer loop
      vertex -43.5865 -43.1221 2.4
      vertex -10 -20 2.4
      vertex -43.6938 -42.6937 2.4
    endloop
  endfacet
  facet normal -0 0 1
    outer loop
      vertex -44.0314 41.8787 2.4
      vertex -10 20 2.4
      vertex -43.8425 42.2779 2.4
    endloop
  endfacet
  facet normal 0 0 1
    outer loop
      vertex -43.5217 -44.4411 2.4
      vertex -10 -20 2.4
      vertex -43.5 -44 2.4
    endloop
  endfacet
  facet normal -0 0 1
    outer loop
      vertex -44.2584 41.4999 2.4
      vertex -10 20 2.4
      vertex -44.0314 41.8787 2.4
    endloop
  endfacet
  facet normal 0 -0 1
    outer loop
      vertex -43.5217 -43.5589 2.4
      vertex -10 -20 2.4
      vertex -43.5865 -43.1221 2.4
    endloop
  endfacet
  facet normal 0 0 1
    outer loop
      vertex -10 20 2.4
      vertex -44.2584 41.4999 2.4
      vertex -46 20 2.4
    endloop
  endfacet
  facet normal 0 -0 1
    outer loop
      vertex -43.5 -44 2.4
      vertex -10 -20 2.4
      vertex -43.5217 -43.5589 2.4
    endloop
  endfacet
  facet normal 0 0 1
    outer loop
      vertex -46 20 2.4
      vertex -44.2584 41.4999 2.4
      vertex -44.5215 41.1452 2.4
    endloop
  endfacet
  facet normal 0 0 1
    outer loop
      vertex -10 -20 2.4
      vertex -43.8425 -42.2779 2.4
      vertex -43.6938 -42.6937 2.4
    endloop
  endfacet
  facet normal 0 0 1
    outer loop
      vertex -46 20 2.4
      vertex -44.5215 41.1452 2.4
      vertex -44.818 40.818 2.4
    endloop
  endfacet
  facet normal 0 0 1
    outer loop
      vertex -10 -20 2.4
      vertex -44.0314 -41.8787 2.4
      vertex -43.8425 -42.2779 2.4
    endloop
  endfacet
  facet normal 0 0 1
    outer loop
      vertex -46 20 2.4
      vertex -44.818 40.818 2.4
      vertex -45.1452 40.5215 2.4
    endloop
  endfacet
  facet normal 0 0 1
    outer loop
      vertex -10 -20 2.4
      vertex -44.2584 -41.4999 2.4
      vertex -44.0314 -41.8787 2.4
    endloop
  endfacet
  facet normal 0 0 1
    outer loop
      vertex -46 20 2.4
      vertex -45.1452 40.5215 2.4
      vertex -45.4999 40.2584 2.4
    endloop
  endfacet
  facet normal 0 0 1
    outer loop
      vertex -44.2584 -41.4999 2.4
      vertex -46 -20 2.4
      vertex -44.5215 -41.1452 2.4
    endloop
  endfacet
  facet normal 0 0 1
    outer loop
      vertex -46 20 2.4
      vertex -45.4999 40.2584 2.4
      vertex -45.8787 40.0314 2.4
    endloop
  endfacet
  facet normal 0 0 1
    outer loop
      vertex -46 -18 2.4
      vertex -10 -18 2.4
      vertex -46 18 2.4
    endloop
  endfacet
  facet normal 0 0 1
    outer loop
      vertex -44.5215 -41.1452 2.4
      vertex -46 -20 2.4
      vertex -44.818 -40.818 2.4
    endloop
  endfacet
  facet normal -0 0 1
    outer loop
      vertex -46.2779 39.8425 2.4
      vertex -46 20 2.4
      vertex -45.8787 40.0314 2.4
    endloop
  endfacet
  facet normal -0 0 1
    outer loop
      vertex -46.6937 39.6938 2.4
      vertex -46 20 2.4
      vertex -46.2779 39.8425 2.4
    endloop
  endfacet
  facet normal -0 0 1
    outer loop
      vertex -47.1221 39.5865 2.4
      vertex -46 20 2.4
      vertex -46.6937 39.6938 2.4
    endloop
  endfacet
  facet normal -0 0 1
    outer loop
      vertex -47.5589 39.5217 2.4
      vertex -46 20 2.4
      vertex -47.1221 39.5865 2.4
    endloop
  endfacet
  facet normal -0 0 1
    outer loop
      vertex -48 39.5 2.4
      vertex -46 20 2.4
      vertex -47.5589 39.5217 2.4
    endloop
  endfacet
  facet normal 0 0 1
    outer loop
      vertex -50 20 2.4
      vertex -48 39.5 2.4
      vertex -48.4411 39.5217 2.4
    endloop
  endfacet
  facet normal 0 0 1
    outer loop
      vertex -50 20 2.4
      vertex -48.4411 39.5217 2.4
      vertex -48.8779 39.5865 2.4
    endloop
  endfacet
  facet normal 0 0 1
    outer loop
      vertex -50 20 2.4
      vertex -48.8779 39.5865 2.4
      vertex -49.3063 39.6938 2.4
    endloop
  endfacet
  facet normal 0 0 1
    outer loop
      vertex -50 20 2.4
      vertex -49.3063 39.6938 2.4
      vertex -49.7221 39.8425 2.4
    endloop
  endfacet
  facet normal 0 0 1
    outer loop
      vertex -48 39.5 2.4
      vertex -50 20 2.4
      vertex -46 20 2.4
    endloop
  endfacet
  facet normal 0 0 1
    outer loop
      vertex -51.7416 41.4999 2.4
      vertex -86.7 35.9123 2.4
      vertex -50 20 2.4
    endloop
  endfacet
  facet normal 0 0 1
    outer loop
      vertex -86.7 35.9123 2.4
      vertex -52.4135 43.1221 2.4
      vertex -52.4783 43.5589 2.4
    endloop
  endfacet
  facet normal 0 0 1
    outer loop
      vertex -50.5001 40.2584 2.4
      vertex -50 20 2.4
      vertex -50.1213 40.0314 2.4
    endloop
  endfacet
  facet normal 0 0 1
    outer loop
      vertex -50.1213 40.0314 2.4
      vertex -50 20 2.4
      vertex -49.7221 39.8425 2.4
    endloop
  endfacet
  facet normal 0 0 1
    outer loop
      vertex -10 -18 2.4
      vertex -46 -18 2.4
      vertex -10 -20 2.4
    endloop
  endfacet
  facet normal 0 0 1
    outer loop
      vertex -5.55609 -79.0302 2.4
      vertex -35.9123 -86.7 2.4
      vertex -5.82043 -79.5891 2.4
    endloop
  endfacet
  facet normal 0 0 1
    outer loop
      vertex -5.82043 -79.5891 2.4
      vertex -35.9123 -86.7 2.4
      vertex -6.02872 -80.1712 2.4
    endloop
  endfacet
  facet normal 0 0 1
    outer loop
      vertex -6.02872 -80.1712 2.4
      vertex -35.9123 -86.7 2.4
      vertex -6.17894 -80.7709 2.4
    endloop
  endfacet
  facet normal 0 0 1
    outer loop
      vertex -6.17894 -80.7709 2.4
      vertex -35.9123 -86.7 2.4
      vertex -6.26965 -81.3825 2.4
    endloop
  endfacet
  facet normal 0 0 1
    outer loop
      vertex -6.26965 -81.3825 2.4
      vertex -35.9123 -86.7 2.4
      vertex -6.29999 -82 2.4
    endloop
  endfacet
  facet normal 0 0 1
    outer loop
      vertex -6.29999 -82 2.4
      vertex -35.9123 -86.7 2.4
      vertex -6.26965 -82.6175 2.4
    endloop
  endfacet
  facet normal 0 0 1
    outer loop
      vertex -6.26965 -82.6175 2.4
      vertex -35.9123 -86.7 2.4
      vertex -6.17894 -83.2291 2.4
    endloop
  endfacet
  facet normal -0 0 1
    outer loop
      vertex -44.818 -47.182 2.4
      vertex -35.9123 -86.7 2.4
      vertex -44.5215 -46.8548 2.4
    endloop
  endfacet
  facet normal -0 0 1
    outer loop
      vertex -45.1452 -47.4785 2.4
      vertex -35.9123 -86.7 2.4
      vertex -44.818 -47.182 2.4
    endloop
  endfacet
  facet normal -0 0 1
    outer loop
      vertex -45.4999 -47.7416 2.4
      vertex -35.9123 -86.7 2.4
      vertex -45.1452 -47.4785 2.4
    endloop
  endfacet
  facet normal -0 0 1
    outer loop
      vertex -45.8787 -47.9686 2.4
      vertex -35.9123 -86.7 2.4
      vertex -45.4999 -47.7416 2.4
    endloop
  endfacet
  facet normal -0 0 1
    outer loop
      vertex -46.2779 -48.1575 2.4
      vertex -35.9123 -86.7 2.4
      vertex -45.8787 -47.9686 2.4
    endloop
  endfacet
  facet normal -0 0 1
    outer loop
      vertex -46.6937 -48.3062 2.4
      vertex -35.9123 -86.7 2.4
      vertex -46.2779 -48.1575 2.4
    endloop
  endfacet
  facet normal -0 0 1
    outer loop
      vertex -47.1221 -48.4135 2.4
      vertex -35.9123 -86.7 2.4
      vertex -46.6937 -48.3062 2.4
    endloop
  endfacet
  facet normal -0 0 1
    outer loop
      vertex -47.5589 -48.4783 2.4
      vertex -35.9123 -86.7 2.4
      vertex -47.1221 -48.4135 2.4
    endloop
  endfacet
  facet normal -0 0 1
    outer loop
      vertex -48 -48.5 2.4
      vertex -35.9123 -86.7 2.4
      vertex -47.5589 -48.4783 2.4
    endloop
  endfacet
  facet normal 0 0 1
    outer loop
      vertex -48.4411 -48.4783 2.4
      vertex -35.9123 -86.7 2.4
      vertex -48 -48.5 2.4
    endloop
  endfacet
  facet normal 0 0 1
    outer loop
      vertex -48.8779 -48.4135 2.4
      vertex -35.9123 -86.7 2.4
      vertex -48.4411 -48.4783 2.4
    endloop
  endfacet
  facet normal 0 0 1
    outer loop
      vertex -49.3063 -48.3062 2.4
      vertex -35.9123 -86.7 2.4
      vertex -48.8779 -48.4135 2.4
    endloop
  endfacet
  facet normal 0 0 1
    outer loop
      vertex -49.7221 -48.1575 2.4
      vertex -35.9123 -86.7 2.4
      vertex -49.3063 -48.3062 2.4
    endloop
  endfacet
  facet normal 0 0 1
    outer loop
      vertex -50.1213 -47.9686 2.4
      vertex -35.9123 -86.7 2.4
      vertex -49.7221 -48.1575 2.4
    endloop
  endfacet
  facet normal 0 0 1
    outer loop
      vertex -50.5001 -47.7416 2.4
      vertex -35.9123 -86.7 2.4
      vertex -50.1213 -47.9686 2.4
    endloop
  endfacet
  facet normal 0 0 1
    outer loop
      vertex -50.8548 -47.4785 2.4
      vertex -35.9123 -86.7 2.4
      vertex -50.5001 -47.7416 2.4
    endloop
  endfacet
  facet normal 0 0 1
    outer loop
      vertex -51.182 -47.182 2.4
      vertex -35.9123 -86.7 2.4
      vertex -50.8548 -47.4785 2.4
    endloop
  endfacet
  facet normal 0 0 1
    outer loop
      vertex -86.7 -35.9123 2.4
      vertex -51.182 -47.182 2.4
      vertex -51.4785 -46.8548 2.4
    endloop
  endfacet
  facet normal 0 0 1
    outer loop
      vertex -86.7 -35.9123 2.4
      vertex -51.4785 -46.8548 2.4
      vertex -51.7416 -46.5001 2.4
    endloop
  endfacet
  facet normal 0 0 1
    outer loop
      vertex -86.7 -35.9123 2.4
      vertex -51.7416 -46.5001 2.4
      vertex -51.9686 -46.1213 2.4
    endloop
  endfacet
  facet normal 0 0 1
    outer loop
      vertex -86.7 -35.9123 2.4
      vertex -51.9686 -46.1213 2.4
      vertex -52.1575 -45.7221 2.4
    endloop
  endfacet
  facet normal 0 0 1
    outer loop
      vertex -52.4783 -43.5589 2.4
      vertex -86.7 -35.9123 2.4
      vertex -52.5 -44 2.4
    endloop
  endfacet
  facet normal 0 0 1
    outer loop
      vertex -52.5 -44 2.4
      vertex -86.7 -35.9123 2.4
      vertex -52.4783 -44.4411 2.4
    endloop
  endfacet
  facet normal 0 0 1
    outer loop
      vertex -52.4783 -44.4411 2.4
      vertex -86.7 -35.9123 2.4
      vertex -52.4135 -44.8779 2.4
    endloop
  endfacet
  facet normal 0 0 1
    outer loop
      vertex -52.4135 -44.8779 2.4
      vertex -86.7 -35.9123 2.4
      vertex -52.3062 -45.3063 2.4
    endloop
  endfacet
  facet normal 0 0 1
    outer loop
      vertex -52.3062 -45.3063 2.4
      vertex -86.7 -35.9123 2.4
      vertex -52.1575 -45.7221 2.4
    endloop
  endfacet
  facet normal 0 0 1
    outer loop
      vertex -51.182 -47.182 2.4
      vertex -86.7 -35.9123 2.4
      vertex -35.9123 -86.7 2.4
    endloop
  endfacet
  facet normal 0 0 1
    outer loop
      vertex -44.818 -40.818 2.4
      vertex -46 -20 2.4
      vertex -45.1452 -40.5215 2.4
    endloop
  endfacet
  facet normal 0 0 1
    outer loop
      vertex -45.1452 -40.5215 2.4
      vertex -46 -20 2.4
      vertex -45.4999 -40.2584 2.4
    endloop
  endfacet
  facet normal 0 0 1
    outer loop
      vertex -45.4999 -40.2584 2.4
      vertex -46 -20 2.4
      vertex -45.8787 -40.0314 2.4
    endloop
  endfacet
  facet normal 0 0 1
    outer loop
      vertex -46 -20 2.4
      vertex -46.2779 -39.8425 2.4
      vertex -45.8787 -40.0314 2.4
    endloop
  endfacet
  facet normal 0 0 1
    outer loop
      vertex -46 -20 2.4
      vertex -46.6937 -39.6938 2.4
      vertex -46.2779 -39.8425 2.4
    endloop
  endfacet
  facet normal 0 0 1
    outer loop
      vertex -46 -20 2.4
      vertex -47.1221 -39.5865 2.4
      vertex -46.6937 -39.6938 2.4
    endloop
  endfacet
  facet normal 0 0 1
    outer loop
      vertex -46 -20 2.4
      vertex -47.5589 -39.5217 2.4
      vertex -47.1221 -39.5865 2.4
    endloop
  endfacet
  facet normal 0 0 1
    outer loop
      vertex -46 -20 2.4
      vertex -48 -39.5 2.4
      vertex -47.5589 -39.5217 2.4
    endloop
  endfacet
  facet normal -0 0 1
    outer loop
      vertex -50 -20 2.4
      vertex -48 -39.5 2.4
      vertex -46 -20 2.4
    endloop
  endfacet
  facet normal 0 0 1
    outer loop
      vertex -48 -39.5 2.4
      vertex -50 -20 2.4
      vertex -48.4411 -39.5217 2.4
    endloop
  endfacet
  facet normal 0 0 1
    outer loop
      vertex -48.4411 -39.5217 2.4
      vertex -50 -20 2.4
      vertex -48.8779 -39.5865 2.4
    endloop
  endfacet
  facet normal 0 0 1
    outer loop
      vertex -48.8779 -39.5865 2.4
      vertex -50 -20 2.4
      vertex -49.3063 -39.6938 2.4
    endloop
  endfacet
  facet normal 0 0 1
    outer loop
      vertex -49.3063 -39.6938 2.4
      vertex -50 -20 2.4
      vertex -49.7221 -39.8425 2.4
    endloop
  endfacet
  facet normal 0 0 1
    outer loop
      vertex -50 -20 2.4
      vertex -50.1213 -40.0314 2.4
      vertex -49.7221 -39.8425 2.4
    endloop
  endfacet
  facet normal 0 0 1
    outer loop
      vertex -50.8548 40.5215 2.4
      vertex -50 20 2.4
      vertex -50.5001 40.2584 2.4
    endloop
  endfacet
  facet normal 0 0 1
    outer loop
      vertex -51.182 40.818 2.4
      vertex -50 20 2.4
      vertex -50.8548 40.5215 2.4
    endloop
  endfacet
  facet normal 0 0 1
    outer loop
      vertex -50 -20 2.4
      vertex -50.5001 -40.2584 2.4
      vertex -50.1213 -40.0314 2.4
    endloop
  endfacet
  facet normal 0 0 1
    outer loop
      vertex -51.4785 41.1452 2.4
      vertex -50 20 2.4
      vertex -51.182 40.818 2.4
    endloop
  endfacet
  facet normal 0 0 1
    outer loop
      vertex -50 -20 2.4
      vertex -50.8548 -40.5215 2.4
      vertex -50.5001 -40.2584 2.4
    endloop
  endfacet
  facet normal 0 0 1
    outer loop
      vertex -51.7416 41.4999 2.4
      vertex -50 20 2.4
      vertex -51.4785 41.1452 2.4
    endloop
  endfacet
  facet normal 0 0 1
    outer loop
      vertex -50 -20 2.4
      vertex -51.182 -40.818 2.4
      vertex -50.8548 -40.5215 2.4
    endloop
  endfacet
  facet normal 0 0 1
    outer loop
      vertex -86.7 35.9123 2.4
      vertex -51.7416 41.4999 2.4
      vertex -51.9686 41.8787 2.4
    endloop
  endfacet
  facet normal 0 0 1
    outer loop
      vertex -50 -20 2.4
      vertex -51.4785 -41.1452 2.4
      vertex -51.182 -40.818 2.4
    endloop
  endfacet
  facet normal 0 0 1
    outer loop
      vertex -86.7 35.9123 2.4
      vertex -51.9686 41.8787 2.4
      vertex -52.1575 42.2779 2.4
    endloop
  endfacet
  facet normal 0 0 1
    outer loop
      vertex -50 -20 2.4
      vertex -51.7416 -41.4999 2.4
      vertex -51.4785 -41.1452 2.4
    endloop
  endfacet
  facet normal 0 0 1
    outer loop
      vertex -86.7 35.9123 2.4
      vertex -52.1575 42.2779 2.4
      vertex -52.3062 42.6937 2.4
    endloop
  endfacet
  facet normal -0 0 1
    outer loop
      vertex -86.7 -35.9123 2.4
      vertex -51.7416 -41.4999 2.4
      vertex -50 -20 2.4
    endloop
  endfacet
  facet normal 0 0 1
    outer loop
      vertex -86.7 35.9123 2.4
      vertex -52.3062 42.6937 2.4
      vertex -52.4135 43.1221 2.4
    endloop
  endfacet
  facet normal 0 0 1
    outer loop
      vertex -51.7416 -41.4999 2.4
      vertex -86.7 -35.9123 2.4
      vertex -51.9686 -41.8787 2.4
    endloop
  endfacet
  facet normal 0 0 1
    outer loop
      vertex -50 20 2.4
      vertex -86.7 35.9123 2.4
      vertex -50 18 2.4
    endloop
  endfacet
  facet normal 0 0 1
    outer loop
      vertex -51.9686 -41.8787 2.4
      vertex -86.7 -35.9123 2.4
      vertex -52.1575 -42.2779 2.4
    endloop
  endfacet
  facet normal 0 0 1
    outer loop
      vertex -86.7 -35.9123 2.4
      vertex -50 -18 2.4
      vertex -86.7 35.9123 2.4
    endloop
  endfacet
  facet normal 0 0 1
    outer loop
      vertex -50 -18 2.4
      vertex -86.7 -35.9123 2.4
      vertex -50 -20 2.4
    endloop
  endfacet
  facet normal 0 0 1
    outer loop
      vertex -50 18 2.4
      vertex -86.7 35.9123 2.4
      vertex -50 -18 2.4
    endloop
  endfacet
  facet normal 0 0 1
    outer loop
      vertex -52.1575 -42.2779 2.4
      vertex -86.7 -35.9123 2.4
      vertex -52.3062 -42.6937 2.4
    endloop
  endfacet
  facet normal 0 0 1
    outer loop
      vertex -86.7 35.9123 2.4
      vertex -52.4783 43.5589 2.4
      vertex -52.5 44 2.4
    endloop
  endfacet
  facet normal 0 0 1
    outer loop
      vertex -52.3062 -42.6937 2.4
      vertex -86.7 -35.9123 2.4
      vertex -52.4135 -43.1221 2.4
    endloop
  endfacet
  facet normal 1 -0 0
    outer loop
      vertex 86.7 -35.9123 2.4
      vertex 86.7 35.9123 0
      vertex 86.7 35.9123 2.4
    endloop
  endfacet
  facet normal 1 0 0
    outer loop
      vertex 86.7 35.9123 0
      vertex 86.7 -35.9123 2.4
      vertex 86.7 -35.9123 0
    endloop
  endfacet
  facet normal 0.707107 0.707107 0
    outer loop
      vertex 86.7 35.9123 2.4
      vertex 35.9123 86.7 0
      vertex 35.9123 86.7 2.4
    endloop
  endfacet
  facet normal 0.707107 0.707107 0
    outer loop
      vertex 35.9123 86.7 0
      vertex 86.7 35.9123 2.4
      vertex 86.7 35.9123 0
    endloop
  endfacet
  facet normal 0 1 -0
    outer loop
      vertex 35.9123 86.7 0
      vertex 4.18419 86.7 2.4
      vertex 35.9123 86.7 2.4
    endloop
  endfacet
  facet normal 0 1 0
    outer loop
      vertex 4.18419 86.7 2.4
      vertex 35.9123 86.7 0
      vertex 4.18419 86.7 0
    endloop
  endfacet
  facet normal -0.671513 -0.740992 0
    outer loop
      vertex 4.18419 86.7 0
      vertex 4.45476 86.4548 2.4
      vertex 4.18419 86.7 2.4
    endloop
  endfacet
  facet normal -0.671513 -0.740992 -0
    outer loop
      vertex 4.45476 86.4548 2.4
      vertex 4.18419 86.7 0
      vertex 4.45476 86.4548 0
    endloop
  endfacet
  facet normal -0.740949 -0.671561 0
    outer loop
      vertex 4.86996 85.9967 0
      vertex 4.45476 86.4548 2.4
      vertex 4.45476 86.4548 0
    endloop
  endfacet
  facet normal -0.740949 -0.671561 0
    outer loop
      vertex 4.45476 86.4548 2.4
      vertex 4.86996 85.9967 0
      vertex 4.86996 85.9967 2.4
    endloop
  endfacet
  facet normal -0.803218 -0.595685 0
    outer loop
      vertex 5.23825 85.5001 0
      vertex 4.86996 85.9967 2.4
      vertex 4.86996 85.9967 0
    endloop
  endfacet
  facet normal -0.803218 -0.595685 0
    outer loop
      vertex 4.86996 85.9967 2.4
      vertex 5.23825 85.5001 0
      vertex 5.23825 85.5001 2.4
    endloop
  endfacet
  facet normal -0.857735 -0.514091 0
    outer loop
      vertex 5.55609 84.9698 0
      vertex 5.23825 85.5001 2.4
      vertex 5.23825 85.5001 0
    endloop
  endfacet
  facet normal -0.857735 -0.514091 0
    outer loop
      vertex 5.23825 85.5001 2.4
      vertex 5.55609 84.9698 0
      vertex 5.55609 84.9698 2.4
    endloop
  endfacet
  facet normal -0.903989 -0.427555 0
    outer loop
      vertex 5.82043 84.4109 0
      vertex 5.55609 84.9698 2.4
      vertex 5.55609 84.9698 0
    endloop
  endfacet
  facet normal -0.903989 -0.427555 0
    outer loop
      vertex 5.55609 84.9698 2.4
      vertex 5.82043 84.4109 0
      vertex 5.82043 84.4109 2.4
    endloop
  endfacet
  facet normal -0.941538 -0.336906 0
    outer loop
      vertex 6.02872 83.8288 0
      vertex 5.82043 84.4109 2.4
      vertex 5.82043 84.4109 0
    endloop
  endfacet
  facet normal -0.941538 -0.336906 0
    outer loop
      vertex 5.82043 84.4109 2.4
      vertex 6.02872 83.8288 0
      vertex 6.02872 83.8288 2.4
    endloop
  endfacet
  facet normal -0.97003 -0.242985 0
    outer loop
      vertex 6.17894 83.2291 0
      vertex 6.02872 83.8288 2.4
      vertex 6.02872 83.8288 0
    endloop
  endfacet
  facet normal -0.97003 -0.242985 0
    outer loop
      vertex 6.02872 83.8288 2.4
      vertex 6.17894 83.2291 0
      vertex 6.17894 83.2291 2.4
    endloop
  endfacet
  facet normal -0.989179 -0.146711 0
    outer loop
      vertex 6.26965 82.6175 0
      vertex 6.17894 83.2291 2.4
      vertex 6.17894 83.2291 0
    endloop
  endfacet
  facet normal -0.989179 -0.146711 0
    outer loop
      vertex 6.17894 83.2291 2.4
      vertex 6.26965 82.6175 0
      vertex 6.26965 82.6175 2.4
    endloop
  endfacet
  facet normal -0.998795 -0.0490744 0
    outer loop
      vertex 6.29999 82 0
      vertex 6.26965 82.6175 2.4
      vertex 6.26965 82.6175 0
    endloop
  endfacet
  facet normal -0.998795 -0.0490744 0
    outer loop
      vertex 6.26965 82.6175 2.4
      vertex 6.29999 82 0
      vertex 6.29999 82 2.4
    endloop
  endfacet
  facet normal -0.998795 0.0490744 0
    outer loop
      vertex 6.26965 81.3825 0
      vertex 6.29999 82 2.4
      vertex 6.29999 82 0
    endloop
  endfacet
  facet normal -0.998795 0.0490744 0
    outer loop
      vertex 6.29999 82 2.4
      vertex 6.26965 81.3825 0
      vertex 6.26965 81.3825 2.4
    endloop
  endfacet
  facet normal -0.989179 0.146711 0
    outer loop
      vertex 6.17894 80.7709 0
      vertex 6.26965 81.3825 2.4
      vertex 6.26965 81.3825 0
    endloop
  endfacet
  facet normal -0.989179 0.146711 0
    outer loop
      vertex 6.26965 81.3825 2.4
      vertex 6.17894 80.7709 0
      vertex 6.17894 80.7709 2.4
    endloop
  endfacet
  facet normal -0.97003 0.242985 0
    outer loop
      vertex 6.02872 80.1712 0
      vertex 6.17894 80.7709 2.4
      vertex 6.17894 80.7709 0
    endloop
  endfacet
  facet normal -0.97003 0.242985 0
    outer loop
      vertex 6.17894 80.7709 2.4
      vertex 6.02872 80.1712 0
      vertex 6.02872 80.1712 2.4
    endloop
  endfacet
  facet normal -0.941538 0.336906 0
    outer loop
      vertex 5.82043 79.5891 0
      vertex 6.02872 80.1712 2.4
      vertex 6.02872 80.1712 0
    endloop
  endfacet
  facet normal -0.941538 0.336906 0
    outer loop
      vertex 6.02872 80.1712 2.4
      vertex 5.82043 79.5891 0
      vertex 5.82043 79.5891 2.4
    endloop
  endfacet
  facet normal -0.903989 0.427555 0
    outer loop
      vertex 5.55609 79.0302 0
      vertex 5.82043 79.5891 2.4
      vertex 5.82043 79.5891 0
    endloop
  endfacet
  facet normal -0.903989 0.427555 0
    outer loop
      vertex 5.82043 79.5891 2.4
      vertex 5.55609 79.0302 0
      vertex 5.55609 79.0302 2.4
    endloop
  endfacet
  facet normal -0.857735 0.514091 0
    outer loop
      vertex 5.23825 78.4999 0
      vertex 5.55609 79.0302 2.4
      vertex 5.55609 79.0302 0
    endloop
  endfacet
  facet normal -0.857735 0.514091 0
    outer loop
      vertex 5.55609 79.0302 2.4
      vertex 5.23825 78.4999 0
      vertex 5.23825 78.4999 2.4
    endloop
  endfacet
  facet normal -0.803218 0.595685 0
    outer loop
      vertex 4.86996 78.0033 0
      vertex 5.23825 78.4999 2.4
      vertex 5.23825 78.4999 0
    endloop
  endfacet
  facet normal -0.803218 0.595685 0
    outer loop
      vertex 5.23825 78.4999 2.4
      vertex 4.86996 78.0033 0
      vertex 4.86996 78.0033 2.4
    endloop
  endfacet
  facet normal -0.740949 0.671561 0
    outer loop
      vertex 4.45476 77.5452 0
      vertex 4.86996 78.0033 2.4
      vertex 4.86996 78.0033 0
    endloop
  endfacet
  facet normal -0.740949 0.671561 0
    outer loop
      vertex 4.86996 78.0033 2.4
      vertex 4.45476 77.5452 0
      vertex 4.45476 77.5452 2.4
    endloop
  endfacet
  facet normal -0.671569 0.740942 0
    outer loop
      vertex 4.45476 77.5452 0
      vertex 3.99667 77.13 2.4
      vertex 4.45476 77.5452 2.4
    endloop
  endfacet
  facet normal -0.671569 0.740942 0
    outer loop
      vertex 3.99667 77.13 2.4
      vertex 4.45476 77.5452 0
      vertex 3.99667 77.13 0
    endloop
  endfacet
  facet normal -0.595711 0.803199 0
    outer loop
      vertex 3.99667 77.13 0
      vertex 3.50009 76.7617 2.4
      vertex 3.99667 77.13 2.4
    endloop
  endfacet
  facet normal -0.595711 0.803199 0
    outer loop
      vertex 3.50009 76.7617 2.4
      vertex 3.99667 77.13 0
      vertex 3.50009 76.7617 0
    endloop
  endfacet
  facet normal -0.514044 0.857764 0
    outer loop
      vertex 3.50009 76.7617 0
      vertex 2.96979 76.4439 2.4
      vertex 3.50009 76.7617 2.4
    endloop
  endfacet
  facet normal -0.514044 0.857764 0
    outer loop
      vertex 2.96979 76.4439 2.4
      vertex 3.50009 76.7617 0
      vertex 2.96979 76.4439 0
    endloop
  endfacet
  facet normal -0.427508 0.904011 0
    outer loop
      vertex 2.96979 76.4439 0
      vertex 2.4109 76.1796 2.4
      vertex 2.96979 76.4439 2.4
    endloop
  endfacet
  facet normal -0.427508 0.904011 0
    outer loop
      vertex 2.4109 76.1796 2.4
      vertex 2.96979 76.4439 0
      vertex 2.4109 76.1796 0
    endloop
  endfacet
  facet normal -0.33691 0.941537 0
    outer loop
      vertex 2.4109 76.1796 0
      vertex 1.82878 75.9713 2.4
      vertex 2.4109 76.1796 2.4
    endloop
  endfacet
  facet normal -0.33691 0.941537 0
    outer loop
      vertex 1.82878 75.9713 2.4
      vertex 2.4109 76.1796 0
      vertex 1.82878 75.9713 0
    endloop
  endfacet
  facet normal -0.243099 0.970002 0
    outer loop
      vertex 1.82878 75.9713 0
      vertex 1.22906 75.821 2.4
      vertex 1.82878 75.9713 2.4
    endloop
  endfacet
  facet normal -0.243099 0.970002 0
    outer loop
      vertex 1.22906 75.821 2.4
      vertex 1.82878 75.9713 0
      vertex 1.22906 75.821 0
    endloop
  endfacet
  facet normal -0.146706 0.98918 0
    outer loop
      vertex 1.22906 75.821 0
      vertex 0.617508 75.7303 2.4
      vertex 1.22906 75.821 2.4
    endloop
  endfacet
  facet normal -0.146706 0.98918 0
    outer loop
      vertex 0.617508 75.7303 2.4
      vertex 1.22906 75.821 0
      vertex 0.617508 75.7303 0
    endloop
  endfacet
  facet normal -0.0490092 0.998798 0
    outer loop
      vertex 0.617508 75.7303 0
      vertex 0 75.7 2.4
      vertex 0.617508 75.7303 2.4
    endloop
  endfacet
  facet normal -0.0490092 0.998798 0
    outer loop
      vertex 0 75.7 2.4
      vertex 0.617508 75.7303 0
      vertex 0 75.7 0
    endloop
  endfacet
  facet normal 0.0490092 0.998798 -0
    outer loop
      vertex 0 75.7 0
      vertex -0.617508 75.7303 2.4
      vertex 0 75.7 2.4
    endloop
  endfacet
  facet normal 0.0490092 0.998798 0
    outer loop
      vertex -0.617508 75.7303 2.4
      vertex 0 75.7 0
      vertex -0.617508 75.7303 0
    endloop
  endfacet
  facet normal 0.146706 0.98918 -0
    outer loop
      vertex -0.617508 75.7303 0
      vertex -1.22906 75.821 2.4
      vertex -0.617508 75.7303 2.4
    endloop
  endfacet
  facet normal 0.146706 0.98918 0
    outer loop
      vertex -1.22906 75.821 2.4
      vertex -0.617508 75.7303 0
      vertex -1.22906 75.821 0
    endloop
  endfacet
  facet normal 0.243099 0.970002 -0
    outer loop
      vertex -1.22906 75.821 0
      vertex -1.82878 75.9713 2.4
      vertex -1.22906 75.821 2.4
    endloop
  endfacet
  facet normal 0.243099 0.970002 0
    outer loop
      vertex -1.82878 75.9713 2.4
      vertex -1.22906 75.821 0
      vertex -1.82878 75.9713 0
    endloop
  endfacet
  facet normal 0.33691 0.941537 -0
    outer loop
      vertex -1.82878 75.9713 0
      vertex -2.4109 76.1796 2.4
      vertex -1.82878 75.9713 2.4
    endloop
  endfacet
  facet normal 0.33691 0.941537 0
    outer loop
      vertex -2.4109 76.1796 2.4
      vertex -1.82878 75.9713 0
      vertex -2.4109 76.1796 0
    endloop
  endfacet
  facet normal 0.427508 0.904011 -0
    outer loop
      vertex -2.4109 76.1796 0
      vertex -2.96979 76.4439 2.4
      vertex -2.4109 76.1796 2.4
    endloop
  endfacet
  facet normal 0.427508 0.904011 0
    outer loop
      vertex -2.96979 76.4439 2.4
      vertex -2.4109 76.1796 0
      vertex -2.96979 76.4439 0
    endloop
  endfacet
  facet normal 0.514044 0.857764 -0
    outer loop
      vertex -2.96979 76.4439 0
      vertex -3.50009 76.7617 2.4
      vertex -2.96979 76.4439 2.4
    endloop
  endfacet
  facet normal 0.514044 0.857764 0
    outer loop
      vertex -3.50009 76.7617 2.4
      vertex -2.96979 76.4439 0
      vertex -3.50009 76.7617 0
    endloop
  endfacet
  facet normal 0.595711 0.803199 -0
    outer loop
      vertex -3.50009 76.7617 0
      vertex -3.99667 77.13 2.4
      vertex -3.50009 76.7617 2.4
    endloop
  endfacet
  facet normal 0.595711 0.803199 0
    outer loop
      vertex -3.99667 77.13 2.4
      vertex -3.50009 76.7617 0
      vertex -3.99667 77.13 0
    endloop
  endfacet
  facet normal 0.671569 0.740942 -0
    outer loop
      vertex -3.99667 77.13 0
      vertex -4.45476 77.5452 2.4
      vertex -3.99667 77.13 2.4
    endloop
  endfacet
  facet normal 0.671569 0.740942 0
    outer loop
      vertex -4.45476 77.5452 2.4
      vertex -3.99667 77.13 0
      vertex -4.45476 77.5452 0
    endloop
  endfacet
  facet normal 0.740949 0.671561 0
    outer loop
      vertex -4.45476 77.5452 2.4
      vertex -4.86996 78.0033 0
      vertex -4.86996 78.0033 2.4
    endloop
  endfacet
  facet normal 0.740949 0.671561 0
    outer loop
      vertex -4.86996 78.0033 0
      vertex -4.45476 77.5452 2.4
      vertex -4.45476 77.5452 0
    endloop
  endfacet
  facet normal 0.803218 0.595685 0
    outer loop
      vertex -4.86996 78.0033 2.4
      vertex -5.23825 78.4999 0
      vertex -5.23825 78.4999 2.4
    endloop
  endfacet
  facet normal 0.803218 0.595685 0
    outer loop
      vertex -5.23825 78.4999 0
      vertex -4.86996 78.0033 2.4
      vertex -4.86996 78.0033 0
    endloop
  endfacet
  facet normal 0.857735 0.514091 0
    outer loop
      vertex -5.23825 78.4999 2.4
      vertex -5.55609 79.0302 0
      vertex -5.55609 79.0302 2.4
    endloop
  endfacet
  facet normal 0.857735 0.514091 0
    outer loop
      vertex -5.55609 79.0302 0
      vertex -5.23825 78.4999 2.4
      vertex -5.23825 78.4999 0
    endloop
  endfacet
  facet normal 0.903989 0.427555 0
    outer loop
      vertex -5.55609 79.0302 2.4
      vertex -5.82043 79.5891 0
      vertex -5.82043 79.5891 2.4
    endloop
  endfacet
  facet normal 0.903989 0.427555 0
    outer loop
      vertex -5.82043 79.5891 0
      vertex -5.55609 79.0302 2.4
      vertex -5.55609 79.0302 0
    endloop
  endfacet
  facet normal 0.941538 0.336906 0
    outer loop
      vertex -5.82043 79.5891 2.4
      vertex -6.02872 80.1712 0
      vertex -6.02872 80.1712 2.4
    endloop
  endfacet
  facet normal 0.941538 0.336906 0
    outer loop
      vertex -6.02872 80.1712 0
      vertex -5.82043 79.5891 2.4
      vertex -5.82043 79.5891 0
    endloop
  endfacet
  facet normal 0.97003 0.242985 0
    outer loop
      vertex -6.02872 80.1712 2.4
      vertex -6.17894 80.7709 0
      vertex -6.17894 80.7709 2.4
    endloop
  endfacet
  facet normal 0.97003 0.242985 0
    outer loop
      vertex -6.17894 80.7709 0
      vertex -6.02872 80.1712 2.4
      vertex -6.02872 80.1712 0
    endloop
  endfacet
  facet normal 0.989179 0.146711 0
    outer loop
      vertex -6.17894 80.7709 2.4
      vertex -6.26965 81.3825 0
      vertex -6.26965 81.3825 2.4
    endloop
  endfacet
  facet normal 0.989179 0.146711 0
    outer loop
      vertex -6.26965 81.3825 0
      vertex -6.17894 80.7709 2.4
      vertex -6.17894 80.7709 0
    endloop
  endfacet
  facet normal 0.998795 0.0490744 0
    outer loop
      vertex -6.26965 81.3825 2.4
      vertex -6.29999 82 0
      vertex -6.29999 82 2.4
    endloop
  endfacet
  facet normal 0.998795 0.0490744 0
    outer loop
      vertex -6.29999 82 0
      vertex -6.26965 81.3825 2.4
      vertex -6.26965 81.3825 0
    endloop
  endfacet
  facet normal 0.998795 -0.0490744 0
    outer loop
      vertex -6.29999 82 2.4
      vertex -6.26965 82.6175 0
      vertex -6.26965 82.6175 2.4
    endloop
  endfacet
  facet normal 0.998795 -0.0490744 0
    outer loop
      vertex -6.26965 82.6175 0
      vertex -6.29999 82 2.4
      vertex -6.29999 82 0
    endloop
  endfacet
  facet normal 0.989179 -0.146711 0
    outer loop
      vertex -6.26965 82.6175 2.4
      vertex -6.17894 83.2291 0
      vertex -6.17894 83.2291 2.4
    endloop
  endfacet
  facet normal 0.989179 -0.146711 0
    outer loop
      vertex -6.17894 83.2291 0
      vertex -6.26965 82.6175 2.4
      vertex -6.26965 82.6175 0
    endloop
  endfacet
  facet normal 0.97003 -0.242985 0
    outer loop
      vertex -6.17894 83.2291 2.4
      vertex -6.02872 83.8288 0
      vertex -6.02872 83.8288 2.4
    endloop
  endfacet
  facet normal 0.97003 -0.242985 0
    outer loop
      vertex -6.02872 83.8288 0
      vertex -6.17894 83.2291 2.4
      vertex -6.17894 83.2291 0
    endloop
  endfacet
  facet normal 0.941538 -0.336906 0
    outer loop
      vertex -6.02872 83.8288 2.4
      vertex -5.82043 84.4109 0
      vertex -5.82043 84.4109 2.4
    endloop
  endfacet
  facet normal 0.941538 -0.336906 0
    outer loop
      vertex -5.82043 84.4109 0
      vertex -6.02872 83.8288 2.4
      vertex -6.02872 83.8288 0
    endloop
  endfacet
  facet normal 0.903989 -0.427555 0
    outer loop
      vertex -5.82043 84.4109 2.4
      vertex -5.55609 84.9698 0
      vertex -5.55609 84.9698 2.4
    endloop
  endfacet
  facet normal 0.903989 -0.427555 0
    outer loop
      vertex -5.55609 84.9698 0
      vertex -5.82043 84.4109 2.4
      vertex -5.82043 84.4109 0
    endloop
  endfacet
  facet normal 0.857735 -0.514091 0
    outer loop
      vertex -5.55609 84.9698 2.4
      vertex -5.23825 85.5001 0
      vertex -5.23825 85.5001 2.4
    endloop
  endfacet
  facet normal 0.857735 -0.514091 0
    outer loop
      vertex -5.23825 85.5001 0
      vertex -5.55609 84.9698 2.4
      vertex -5.55609 84.9698 0
    endloop
  endfacet
  facet normal 0.803218 -0.595685 0
    outer loop
      vertex -5.23825 85.5001 2.4
      vertex -4.86996 85.9967 0
      vertex -4.86996 85.9967 2.4
    endloop
  endfacet
  facet normal 0.803218 -0.595685 0
    outer loop
      vertex -4.86996 85.9967 0
      vertex -5.23825 85.5001 2.4
      vertex -5.23825 85.5001 0
    endloop
  endfacet
  facet normal 0.740949 -0.671561 0
    outer loop
      vertex -4.86996 85.9967 2.4
      vertex -4.45476 86.4548 0
      vertex -4.45476 86.4548 2.4
    endloop
  endfacet
  facet normal 0.740949 -0.671561 0
    outer loop
      vertex -4.45476 86.4548 0
      vertex -4.86996 85.9967 2.4
      vertex -4.86996 85.9967 0
    endloop
  endfacet
  facet normal 0.671513 -0.740992 0
    outer loop
      vertex -4.45476 86.4548 0
      vertex -4.18419 86.7 2.4
      vertex -4.45476 86.4548 2.4
    endloop
  endfacet
  facet normal 0.671513 -0.740992 0
    outer loop
      vertex -4.18419 86.7 2.4
      vertex -4.45476 86.4548 0
      vertex -4.18419 86.7 0
    endloop
  endfacet
  facet normal 0 1 -0
    outer loop
      vertex -4.18419 86.7 0
      vertex -35.9123 86.7 2.4
      vertex -4.18419 86.7 2.4
    endloop
  endfacet
  facet normal 0 1 0
    outer loop
      vertex -35.9123 86.7 2.4
      vertex -4.18419 86.7 0
      vertex -35.9123 86.7 0
    endloop
  endfacet
  facet normal -0.707107 0.707107 0
    outer loop
      vertex -86.7 35.9123 0
      vertex -35.9123 86.7 2.4
      vertex -35.9123 86.7 0
    endloop
  endfacet
  facet normal -0.707107 0.707107 0
    outer loop
      vertex -35.9123 86.7 2.4
      vertex -86.7 35.9123 0
      vertex -86.7 35.9123 2.4
    endloop
  endfacet
  facet normal -1 0 0
    outer loop
      vertex -86.7 -35.9123 0
      vertex -86.7 35.9123 2.4
      vertex -86.7 35.9123 0
    endloop
  endfacet
  facet normal -1 -0 0
    outer loop
      vertex -86.7 35.9123 2.4
      vertex -86.7 -35.9123 0
      vertex -86.7 -35.9123 2.4
    endloop
  endfacet
  facet normal -0.707107 -0.707107 0
    outer loop
      vertex -35.9123 -86.7 0
      vertex -86.7 -35.9123 2.4
      vertex -86.7 -35.9123 0
    endloop
  endfacet
  facet normal -0.707107 -0.707107 0
    outer loop
      vertex -86.7 -35.9123 2.4
      vertex -35.9123 -86.7 0
      vertex -35.9123 -86.7 2.4
    endloop
  endfacet
  facet normal 0 -1 0
    outer loop
      vertex -35.9123 -86.7 0
      vertex -4.18419 -86.7 2.4
      vertex -35.9123 -86.7 2.4
    endloop
  endfacet
  facet normal 0 -1 -0
    outer loop
      vertex -4.18419 -86.7 2.4
      vertex -35.9123 -86.7 0
      vertex -4.18419 -86.7 0
    endloop
  endfacet
  facet normal 0.671513 0.740992 -0
    outer loop
      vertex -4.18419 -86.7 0
      vertex -4.45476 -86.4548 2.4
      vertex -4.18419 -86.7 2.4
    endloop
  endfacet
  facet normal 0.671513 0.740992 0
    outer loop
      vertex -4.45476 -86.4548 2.4
      vertex -4.18419 -86.7 0
      vertex -4.45476 -86.4548 0
    endloop
  endfacet
  facet normal 0.740949 0.671561 0
    outer loop
      vertex -4.45476 -86.4548 2.4
      vertex -4.86996 -85.9967 0
      vertex -4.86996 -85.9967 2.4
    endloop
  endfacet
  facet normal 0.740949 0.671561 0
    outer loop
      vertex -4.86996 -85.9967 0
      vertex -4.45476 -86.4548 2.4
      vertex -4.45476 -86.4548 0
    endloop
  endfacet
  facet normal 0.803218 0.595685 0
    outer loop
      vertex -4.86996 -85.9967 2.4
      vertex -5.23825 -85.5001 0
      vertex -5.23825 -85.5001 2.4
    endloop
  endfacet
  facet normal 0.803218 0.595685 0
    outer loop
      vertex -5.23825 -85.5001 0
      vertex -4.86996 -85.9967 2.4
      vertex -4.86996 -85.9967 0
    endloop
  endfacet
  facet normal 0.857735 0.514091 0
    outer loop
      vertex -5.23825 -85.5001 2.4
      vertex -5.55609 -84.9698 0
      vertex -5.55609 -84.9698 2.4
    endloop
  endfacet
  facet normal 0.857735 0.514091 0
    outer loop
      vertex -5.55609 -84.9698 0
      vertex -5.23825 -85.5001 2.4
      vertex -5.23825 -85.5001 0
    endloop
  endfacet
  facet normal 0.903989 0.427555 0
    outer loop
      vertex -5.55609 -84.9698 2.4
      vertex -5.82043 -84.4109 0
      vertex -5.82043 -84.4109 2.4
    endloop
  endfacet
  facet normal 0.903989 0.427555 0
    outer loop
      vertex -5.82043 -84.4109 0
      vertex -5.55609 -84.9698 2.4
      vertex -5.55609 -84.9698 0
    endloop
  endfacet
  facet normal 0.941538 0.336906 0
    outer loop
      vertex -5.82043 -84.4109 2.4
      vertex -6.02872 -83.8288 0
      vertex -6.02872 -83.8288 2.4
    endloop
  endfacet
  facet normal 0.941538 0.336906 0
    outer loop
      vertex -6.02872 -83.8288 0
      vertex -5.82043 -84.4109 2.4
      vertex -5.82043 -84.4109 0
    endloop
  endfacet
  facet normal 0.97003 0.242985 0
    outer loop
      vertex -6.02872 -83.8288 2.4
      vertex -6.17894 -83.2291 0
      vertex -6.17894 -83.2291 2.4
    endloop
  endfacet
  facet normal 0.97003 0.242985 0
    outer loop
      vertex -6.17894 -83.2291 0
      vertex -6.02872 -83.8288 2.4
      vertex -6.02872 -83.8288 0
    endloop
  endfacet
  facet normal 0.989179 0.146711 0
    outer loop
      vertex -6.17894 -83.2291 2.4
      vertex -6.26965 -82.6175 0
      vertex -6.26965 -82.6175 2.4
    endloop
  endfacet
  facet normal 0.989179 0.146711 0
    outer loop
      vertex -6.26965 -82.6175 0
      vertex -6.17894 -83.2291 2.4
      vertex -6.17894 -83.2291 0
    endloop
  endfacet
  facet normal 0.998795 0.0490744 0
    outer loop
      vertex -6.26965 -82.6175 2.4
      vertex -6.29999 -82 0
      vertex -6.29999 -82 2.4
    endloop
  endfacet
  facet normal 0.998795 0.0490744 0
    outer loop
      vertex -6.29999 -82 0
      vertex -6.26965 -82.6175 2.4
      vertex -6.26965 -82.6175 0
    endloop
  endfacet
  facet normal 0.998795 -0.0490744 0
    outer loop
      vertex -6.29999 -82 2.4
      vertex -6.26965 -81.3825 0
      vertex -6.26965 -81.3825 2.4
    endloop
  endfacet
  facet normal 0.998795 -0.0490744 0
    outer loop
      vertex -6.26965 -81.3825 0
      vertex -6.29999 -82 2.4
      vertex -6.29999 -82 0
    endloop
  endfacet
  facet normal 0.989179 -0.146711 0
    outer loop
      vertex -6.26965 -81.3825 2.4
      vertex -6.17894 -80.7709 0
      vertex -6.17894 -80.7709 2.4
    endloop
  endfacet
  facet normal 0.989179 -0.146711 0
    outer loop
      vertex -6.17894 -80.7709 0
      vertex -6.26965 -81.3825 2.4
      vertex -6.26965 -81.3825 0
    endloop
  endfacet
  facet normal 0.97003 -0.242985 0
    outer loop
      vertex -6.17894 -80.7709 2.4
      vertex -6.02872 -80.1712 0
      vertex -6.02872 -80.1712 2.4
    endloop
  endfacet
  facet normal 0.97003 -0.242985 0
    outer loop
      vertex -6.02872 -80.1712 0
      vertex -6.17894 -80.7709 2.4
      vertex -6.17894 -80.7709 0
    endloop
  endfacet
  facet normal 0.941538 -0.336906 0
    outer loop
      vertex -6.02872 -80.1712 2.4
      vertex -5.82043 -79.5891 0
      vertex -5.82043 -79.5891 2.4
    endloop
  endfacet
  facet normal 0.941538 -0.336906 0
    outer loop
      vertex -5.82043 -79.5891 0
      vertex -6.02872 -80.1712 2.4
      vertex -6.02872 -80.1712 0
    endloop
  endfacet
  facet normal 0.903989 -0.427555 0
    outer loop
      vertex -5.82043 -79.5891 2.4
      vertex -5.55609 -79.0302 0
      vertex -5.55609 -79.0302 2.4
    endloop
  endfacet
  facet normal 0.903989 -0.427555 0
    outer loop
      vertex -5.55609 -79.0302 0
      vertex -5.82043 -79.5891 2.4
      vertex -5.82043 -79.5891 0
    endloop
  endfacet
  facet normal 0.857735 -0.514091 0
    outer loop
      vertex -5.55609 -79.0302 2.4
      vertex -5.23825 -78.4999 0
      vertex -5.23825 -78.4999 2.4
    endloop
  endfacet
  facet normal 0.857735 -0.514091 0
    outer loop
      vertex -5.23825 -78.4999 0
      vertex -5.55609 -79.0302 2.4
      vertex -5.55609 -79.0302 0
    endloop
  endfacet
  facet normal 0.803218 -0.595685 0
    outer loop
      vertex -5.23825 -78.4999 2.4
      vertex -4.86996 -78.0033 0
      vertex -4.86996 -78.0033 2.4
    endloop
  endfacet
  facet normal 0.803218 -0.595685 0
    outer loop
      vertex -4.86996 -78.0033 0
      vertex -5.23825 -78.4999 2.4
      vertex -5.23825 -78.4999 0
    endloop
  endfacet
  facet normal 0.740949 -0.671561 0
    outer loop
      vertex -4.86996 -78.0033 2.4
      vertex -4.45476 -77.5452 0
      vertex -4.45476 -77.5452 2.4
    endloop
  endfacet
  facet normal 0.740949 -0.671561 0
    outer loop
      vertex -4.45476 -77.5452 0
      vertex -4.86996 -78.0033 2.4
      vertex -4.86996 -78.0033 0
    endloop
  endfacet
  facet normal 0.671569 -0.740942 0
    outer loop
      vertex -4.45476 -77.5452 0
      vertex -3.99667 -77.13 2.4
      vertex -4.45476 -77.5452 2.4
    endloop
  endfacet
  facet normal 0.671569 -0.740942 0
    outer loop
      vertex -3.99667 -77.13 2.4
      vertex -4.45476 -77.5452 0
      vertex -3.99667 -77.13 0
    endloop
  endfacet
  facet normal 0.595711 -0.803199 0
    outer loop
      vertex -3.99667 -77.13 0
      vertex -3.50009 -76.7617 2.4
      vertex -3.99667 -77.13 2.4
    endloop
  endfacet
  facet normal 0.595711 -0.803199 0
    outer loop
      vertex -3.50009 -76.7617 2.4
      vertex -3.99667 -77.13 0
      vertex -3.50009 -76.7617 0
    endloop
  endfacet
  facet normal 0.514044 -0.857764 0
    outer loop
      vertex -3.50009 -76.7617 0
      vertex -2.96979 -76.4439 2.4
      vertex -3.50009 -76.7617 2.4
    endloop
  endfacet
  facet normal 0.514044 -0.857764 0
    outer loop
      vertex -2.96979 -76.4439 2.4
      vertex -3.50009 -76.7617 0
      vertex -2.96979 -76.4439 0
    endloop
  endfacet
  facet normal 0.427508 -0.904011 0
    outer loop
      vertex -2.96979 -76.4439 0
      vertex -2.4109 -76.1796 2.4
      vertex -2.96979 -76.4439 2.4
    endloop
  endfacet
  facet normal 0.427508 -0.904011 0
    outer loop
      vertex -2.4109 -76.1796 2.4
      vertex -2.96979 -76.4439 0
      vertex -2.4109 -76.1796 0
    endloop
  endfacet
  facet normal 0.33691 -0.941537 0
    outer loop
      vertex -2.4109 -76.1796 0
      vertex -1.82878 -75.9713 2.4
      vertex -2.4109 -76.1796 2.4
    endloop
  endfacet
  facet normal 0.33691 -0.941537 0
    outer loop
      vertex -1.82878 -75.9713 2.4
      vertex -2.4109 -76.1796 0
      vertex -1.82878 -75.9713 0
    endloop
  endfacet
  facet normal 0.243099 -0.970002 0
    outer loop
      vertex -1.82878 -75.9713 0
      vertex -1.22906 -75.821 2.4
      vertex -1.82878 -75.9713 2.4
    endloop
  endfacet
  facet normal 0.243099 -0.970002 0
    outer loop
      vertex -1.22906 -75.821 2.4
      vertex -1.82878 -75.9713 0
      vertex -1.22906 -75.821 0
    endloop
  endfacet
  facet normal 0.146706 -0.98918 0
    outer loop
      vertex -1.22906 -75.821 0
      vertex -0.617508 -75.7303 2.4
      vertex -1.22906 -75.821 2.4
    endloop
  endfacet
  facet normal 0.146706 -0.98918 0
    outer loop
      vertex -0.617508 -75.7303 2.4
      vertex -1.22906 -75.821 0
      vertex -0.617508 -75.7303 0
    endloop
  endfacet
  facet normal 0.0490092 -0.998798 0
    outer loop
      vertex -0.617508 -75.7303 0
      vertex 0 -75.7 2.4
      vertex -0.617508 -75.7303 2.4
    endloop
  endfacet
  facet normal 0.0490092 -0.998798 0
    outer loop
      vertex 0 -75.7 2.4
      vertex -0.617508 -75.7303 0
      vertex 0 -75.7 0
    endloop
  endfacet
  facet normal -0.0490092 -0.998798 0
    outer loop
      vertex 0 -75.7 0
      vertex 0.617508 -75.7303 2.4
      vertex 0 -75.7 2.4
    endloop
  endfacet
  facet normal -0.0490092 -0.998798 -0
    outer loop
      vertex 0.617508 -75.7303 2.4
      vertex 0 -75.7 0
      vertex 0.617508 -75.7303 0
    endloop
  endfacet
  facet normal -0.146706 -0.98918 0
    outer loop
      vertex 0.617508 -75.7303 0
      vertex 1.22906 -75.821 2.4
      vertex 0.617508 -75.7303 2.4
    endloop
  endfacet
  facet normal -0.146706 -0.98918 -0
    outer loop
      vertex 1.22906 -75.821 2.4
      vertex 0.617508 -75.7303 0
      vertex 1.22906 -75.821 0
    endloop
  endfacet
  facet normal -0.243099 -0.970002 0
    outer loop
      vertex 1.22906 -75.821 0
      vertex 1.82878 -75.9713 2.4
      vertex 1.22906 -75.821 2.4
    endloop
  endfacet
  facet normal -0.243099 -0.970002 -0
    outer loop
      vertex 1.82878 -75.9713 2.4
      vertex 1.22906 -75.821 0
      vertex 1.82878 -75.9713 0
    endloop
  endfacet
  facet normal -0.33691 -0.941537 0
    outer loop
      vertex 1.82878 -75.9713 0
      vertex 2.4109 -76.1796 2.4
      vertex 1.82878 -75.9713 2.4
    endloop
  endfacet
  facet normal -0.33691 -0.941537 -0
    outer loop
      vertex 2.4109 -76.1796 2.4
      vertex 1.82878 -75.9713 0
      vertex 2.4109 -76.1796 0
    endloop
  endfacet
  facet normal -0.427508 -0.904011 0
    outer loop
      vertex 2.4109 -76.1796 0
      vertex 2.96979 -76.4439 2.4
      vertex 2.4109 -76.1796 2.4
    endloop
  endfacet
  facet normal -0.427508 -0.904011 -0
    outer loop
      vertex 2.96979 -76.4439 2.4
      vertex 2.4109 -76.1796 0
      vertex 2.96979 -76.4439 0
    endloop
  endfacet
  facet normal -0.514044 -0.857764 0
    outer loop
      vertex 2.96979 -76.4439 0
      vertex 3.50009 -76.7617 2.4
      vertex 2.96979 -76.4439 2.4
    endloop
  endfacet
  facet normal -0.514044 -0.857764 -0
    outer loop
      vertex 3.50009 -76.7617 2.4
      vertex 2.96979 -76.4439 0
      vertex 3.50009 -76.7617 0
    endloop
  endfacet
  facet normal -0.595711 -0.803199 0
    outer loop
      vertex 3.50009 -76.7617 0
      vertex 3.99667 -77.13 2.4
      vertex 3.50009 -76.7617 2.4
    endloop
  endfacet
  facet normal -0.595711 -0.803199 -0
    outer loop
      vertex 3.99667 -77.13 2.4
      vertex 3.50009 -76.7617 0
      vertex 3.99667 -77.13 0
    endloop
  endfacet
  facet normal -0.671569 -0.740942 0
    outer loop
      vertex 3.99667 -77.13 0
      vertex 4.45476 -77.5452 2.4
      vertex 3.99667 -77.13 2.4
    endloop
  endfacet
  facet normal -0.671569 -0.740942 -0
    outer loop
      vertex 4.45476 -77.5452 2.4
      vertex 3.99667 -77.13 0
      vertex 4.45476 -77.5452 0
    endloop
  endfacet
  facet normal -0.740949 -0.671561 0
    outer loop
      vertex 4.86996 -78.0033 0
      vertex 4.45476 -77.5452 2.4
      vertex 4.45476 -77.5452 0
    endloop
  endfacet
  facet normal -0.740949 -0.671561 0
    outer loop
      vertex 4.45476 -77.5452 2.4
      vertex 4.86996 -78.0033 0
      vertex 4.86996 -78.0033 2.4
    endloop
  endfacet
  facet normal -0.803218 -0.595685 0
    outer loop
      vertex 5.23825 -78.4999 0
      vertex 4.86996 -78.0033 2.4
      vertex 4.86996 -78.0033 0
    endloop
  endfacet
  facet normal -0.803218 -0.595685 0
    outer loop
      vertex 4.86996 -78.0033 2.4
      vertex 5.23825 -78.4999 0
      vertex 5.23825 -78.4999 2.4
    endloop
  endfacet
  facet normal -0.857735 -0.514091 0
    outer loop
      vertex 5.55609 -79.0302 0
      vertex 5.23825 -78.4999 2.4
      vertex 5.23825 -78.4999 0
    endloop
  endfacet
  facet normal -0.857735 -0.514091 0
    outer loop
      vertex 5.23825 -78.4999 2.4
      vertex 5.55609 -79.0302 0
      vertex 5.55609 -79.0302 2.4
    endloop
  endfacet
  facet normal -0.903989 -0.427555 0
    outer loop
      vertex 5.82043 -79.5891 0
      vertex 5.55609 -79.0302 2.4
      vertex 5.55609 -79.0302 0
    endloop
  endfacet
  facet normal -0.903989 -0.427555 0
    outer loop
      vertex 5.55609 -79.0302 2.4
      vertex 5.82043 -79.5891 0
      vertex 5.82043 -79.5891 2.4
    endloop
  endfacet
  facet normal -0.941538 -0.336906 0
    outer loop
      vertex 6.02872 -80.1712 0
      vertex 5.82043 -79.5891 2.4
      vertex 5.82043 -79.5891 0
    endloop
  endfacet
  facet normal -0.941538 -0.336906 0
    outer loop
      vertex 5.82043 -79.5891 2.4
      vertex 6.02872 -80.1712 0
      vertex 6.02872 -80.1712 2.4
    endloop
  endfacet
  facet normal -0.97003 -0.242985 0
    outer loop
      vertex 6.17894 -80.7709 0
      vertex 6.02872 -80.1712 2.4
      vertex 6.02872 -80.1712 0
    endloop
  endfacet
  facet normal -0.97003 -0.242985 0
    outer loop
      vertex 6.02872 -80.1712 2.4
      vertex 6.17894 -80.7709 0
      vertex 6.17894 -80.7709 2.4
    endloop
  endfacet
  facet normal -0.989179 -0.146711 0
    outer loop
      vertex 6.26965 -81.3825 0
      vertex 6.17894 -80.7709 2.4
      vertex 6.17894 -80.7709 0
    endloop
  endfacet
  facet normal -0.989179 -0.146711 0
    outer loop
      vertex 6.17894 -80.7709 2.4
      vertex 6.26965 -81.3825 0
      vertex 6.26965 -81.3825 2.4
    endloop
  endfacet
  facet normal -0.998795 -0.0490744 0
    outer loop
      vertex 6.29999 -82 0
      vertex 6.26965 -81.3825 2.4
      vertex 6.26965 -81.3825 0
    endloop
  endfacet
  facet normal -0.998795 -0.0490744 0
    outer loop
      vertex 6.26965 -81.3825 2.4
      vertex 6.29999 -82 0
      vertex 6.29999 -82 2.4
    endloop
  endfacet
  facet normal -0.998795 0.0490744 0
    outer loop
      vertex 6.26965 -82.6175 0
      vertex 6.29999 -82 2.4
      vertex 6.29999 -82 0
    endloop
  endfacet
  facet normal -0.998795 0.0490744 0
    outer loop
      vertex 6.29999 -82 2.4
      vertex 6.26965 -82.6175 0
      vertex 6.26965 -82.6175 2.4
    endloop
  endfacet
  facet normal -0.989179 0.146711 0
    outer loop
      vertex 6.17894 -83.2291 0
      vertex 6.26965 -82.6175 2.4
      vertex 6.26965 -82.6175 0
    endloop
  endfacet
  facet normal -0.989179 0.146711 0
    outer loop
      vertex 6.26965 -82.6175 2.4
      vertex 6.17894 -83.2291 0
      vertex 6.17894 -83.2291 2.4
    endloop
  endfacet
  facet normal -0.97003 0.242985 0
    outer loop
      vertex 6.02872 -83.8288 0
      vertex 6.17894 -83.2291 2.4
      vertex 6.17894 -83.2291 0
    endloop
  endfacet
  facet normal -0.97003 0.242985 0
    outer loop
      vertex 6.17894 -83.2291 2.4
      vertex 6.02872 -83.8288 0
      vertex 6.02872 -83.8288 2.4
    endloop
  endfacet
  facet normal -0.941538 0.336906 0
    outer loop
      vertex 5.82043 -84.4109 0
      vertex 6.02872 -83.8288 2.4
      vertex 6.02872 -83.8288 0
    endloop
  endfacet
  facet normal -0.941538 0.336906 0
    outer loop
      vertex 6.02872 -83.8288 2.4
      vertex 5.82043 -84.4109 0
      vertex 5.82043 -84.4109 2.4
    endloop
  endfacet
  facet normal -0.903989 0.427555 0
    outer loop
      vertex 5.55609 -84.9698 0
      vertex 5.82043 -84.4109 2.4
      vertex 5.82043 -84.4109 0
    endloop
  endfacet
  facet normal -0.903989 0.427555 0
    outer loop
      vertex 5.82043 -84.4109 2.4
      vertex 5.55609 -84.9698 0
      vertex 5.55609 -84.9698 2.4
    endloop
  endfacet
  facet normal -0.857735 0.514091 0
    outer loop
      vertex 5.23825 -85.5001 0
      vertex 5.55609 -84.9698 2.4
      vertex 5.55609 -84.9698 0
    endloop
  endfacet
  facet normal -0.857735 0.514091 0
    outer loop
      vertex 5.55609 -84.9698 2.4
      vertex 5.23825 -85.5001 0
      vertex 5.23825 -85.5001 2.4
    endloop
  endfacet
  facet normal -0.803218 0.595685 0
    outer loop
      vertex 4.86996 -85.9967 0
      vertex 5.23825 -85.5001 2.4
      vertex 5.23825 -85.5001 0
    endloop
  endfacet
  facet normal -0.803218 0.595685 0
    outer loop
      vertex 5.23825 -85.5001 2.4
      vertex 4.86996 -85.9967 0
      vertex 4.86996 -85.9967 2.4
    endloop
  endfacet
  facet normal -0.740949 0.671561 0
    outer loop
      vertex 4.45476 -86.4548 0
      vertex 4.86996 -85.9967 2.4
      vertex 4.86996 -85.9967 0
    endloop
  endfacet
  facet normal -0.740949 0.671561 0
    outer loop
      vertex 4.86996 -85.9967 2.4
      vertex 4.45476 -86.4548 0
      vertex 4.45476 -86.4548 2.4
    endloop
  endfacet
  facet normal -0.671513 0.740992 0
    outer loop
      vertex 4.45476 -86.4548 0
      vertex 4.18419 -86.7 2.4
      vertex 4.45476 -86.4548 2.4
    endloop
  endfacet
  facet normal -0.671513 0.740992 0
    outer loop
      vertex 4.18419 -86.7 2.4
      vertex 4.45476 -86.4548 0
      vertex 4.18419 -86.7 0
    endloop
  endfacet
  facet normal 0 -1 0
    outer loop
      vertex 4.18419 -86.7 0
      vertex 35.9123 -86.7 2.4
      vertex 4.18419 -86.7 2.4
    endloop
  endfacet
  facet normal 0 -1 -0
    outer loop
      vertex 35.9123 -86.7 2.4
      vertex 4.18419 -86.7 0
      vertex 35.9123 -86.7 0
    endloop
  endfacet
  facet normal 0.707107 -0.707107 0
    outer loop
      vertex 35.9123 -86.7 2.4
      vertex 86.7 -35.9123 0
      vertex 86.7 -35.9123 2.4
    endloop
  endfacet
  facet normal 0.707107 -0.707107 0
    outer loop
      vertex 86.7 -35.9123 0
      vertex 35.9123 -86.7 2.4
      vertex 35.9123 -86.7 0
    endloop
  endfacet
  facet normal -0.989168 0.146788 0
    outer loop
      vertex -46.3327 -44.3317 2.6
      vertex -46.3082 -44.1666 32.4
      vertex -46.3082 -44.1666 2.6
    endloop
  endfacet
  facet normal -0.989168 0.146788 0
    outer loop
      vertex -46.3082 -44.1666 32.4
      vertex -46.3327 -44.3317 2.6
      vertex -46.3327 -44.3317 32.4
    endloop
  endfacet
  facet normal 0.514231 -0.857652 0
    outer loop
      vertex -48.9445 -42.5865 2.6
      vertex -48.8014 -42.5007 32.4
      vertex -48.9445 -42.5865 32.4
    endloop
  endfacet
  facet normal 0.514231 -0.857652 0
    outer loop
      vertex -48.8014 -42.5007 32.4
      vertex -48.9445 -42.5865 2.6
      vertex -48.8014 -42.5007 2.6
    endloop
  endfacet
  facet normal 0.857652 0.514231 0
    outer loop
      vertex -49.4135 -44.9445 32.4
      vertex -49.4993 -44.8014 2.6
      vertex -49.4993 -44.8014 32.4
    endloop
  endfacet
  facet normal 0.857652 0.514231 0
    outer loop
      vertex -49.4993 -44.8014 2.6
      vertex -49.4135 -44.9445 32.4
      vertex -49.4135 -44.9445 2.6
    endloop
  endfacet
  facet normal -0.514231 0.857652 0
    outer loop
      vertex -47.0555 -45.4135 2.6
      vertex -47.1986 -45.4993 32.4
      vertex -47.0555 -45.4135 32.4
    endloop
  endfacet
  facet normal -0.514231 0.857652 0
    outer loop
      vertex -47.1986 -45.4993 32.4
      vertex -47.0555 -45.4135 2.6
      vertex -47.1986 -45.4993 2.6
    endloop
  endfacet
  facet normal 0.0491602 -0.998791 0
    outer loop
      vertex -48.1666 -42.3082 2.6
      vertex -48 -42.3 32.4
      vertex -48.1666 -42.3082 32.4
    endloop
  endfacet
  facet normal 0.0491602 -0.998791 0
    outer loop
      vertex -48 -42.3 32.4
      vertex -48.1666 -42.3082 2.6
      vertex -48 -42.3 2.6
    endloop
  endfacet
  facet normal -0.146788 0.989168 0
    outer loop
      vertex -47.6683 -45.6673 2.6
      vertex -47.8334 -45.6918 32.4
      vertex -47.6683 -45.6673 32.4
    endloop
  endfacet
  facet normal -0.146788 0.989168 0
    outer loop
      vertex -47.8334 -45.6918 32.4
      vertex -47.6683 -45.6673 2.6
      vertex -47.8334 -45.6918 2.6
    endloop
  endfacet
  facet normal -0.595772 -0.803154 0
    outer loop
      vertex -47.0555 -42.5865 2.6
      vertex -46.9215 -42.6859 32.4
      vertex -47.0555 -42.5865 32.4
    endloop
  endfacet
  facet normal -0.595772 -0.803154 -0
    outer loop
      vertex -46.9215 -42.6859 32.4
      vertex -47.0555 -42.5865 2.6
      vertex -46.9215 -42.6859 2.6
    endloop
  endfacet
  facet normal -0.941566 -0.33683 0
    outer loop
      vertex -46.3732 -43.5065 2.6
      vertex -46.4294 -43.3494 32.4
      vertex -46.4294 -43.3494 2.6
    endloop
  endfacet
  facet normal -0.941566 -0.33683 0
    outer loop
      vertex -46.4294 -43.3494 32.4
      vertex -46.3732 -43.5065 2.6
      vertex -46.3732 -43.5065 32.4
    endloop
  endfacet
  facet normal 0.33683 -0.941566 0
    outer loop
      vertex -48.6506 -42.4294 2.6
      vertex -48.4935 -42.3732 32.4
      vertex -48.6506 -42.4294 32.4
    endloop
  endfacet
  facet normal 0.33683 -0.941566 0
    outer loop
      vertex -48.4935 -42.3732 32.4
      vertex -48.6506 -42.4294 2.6
      vertex -48.4935 -42.3732 2.6
    endloop
  endfacet
  facet normal -0.33683 -0.941566 0
    outer loop
      vertex -47.5065 -42.3732 2.6
      vertex -47.3494 -42.4294 32.4
      vertex -47.5065 -42.3732 32.4
    endloop
  endfacet
  facet normal -0.33683 -0.941566 -0
    outer loop
      vertex -47.3494 -42.4294 32.4
      vertex -47.5065 -42.3732 2.6
      vertex -47.3494 -42.4294 2.6
    endloop
  endfacet
  facet normal 0.998791 -0.0491602 0
    outer loop
      vertex -49.7 -44 32.4
      vertex -49.6918 -43.8334 2.6
      vertex -49.6918 -43.8334 32.4
    endloop
  endfacet
  facet normal 0.998791 -0.0491602 0
    outer loop
      vertex -49.6918 -43.8334 2.6
      vertex -49.7 -44 32.4
      vertex -49.7 -44 2.6
    endloop
  endfacet
  facet normal 0.989168 0.146788 0
    outer loop
      vertex -49.6673 -44.3317 32.4
      vertex -49.6918 -44.1666 2.6
      vertex -49.6918 -44.1666 32.4
    endloop
  endfacet
  facet normal 0.989168 0.146788 0
    outer loop
      vertex -49.6918 -44.1666 2.6
      vertex -49.6673 -44.3317 32.4
      vertex -49.6673 -44.3317 2.6
    endloop
  endfacet
  facet normal 0.242818 -0.970072 0
    outer loop
      vertex -48.4935 -42.3732 2.6
      vertex -48.3317 -42.3327 32.4
      vertex -48.4935 -42.3732 32.4
    endloop
  endfacet
  facet normal 0.242818 -0.970072 0
    outer loop
      vertex -48.3317 -42.3327 32.4
      vertex -48.4935 -42.3732 2.6
      vertex -48.3317 -42.3327 2.6
    endloop
  endfacet
  facet normal 0.998791 0.0491602 0
    outer loop
      vertex -49.6918 -44.1666 32.4
      vertex -49.7 -44 2.6
      vertex -49.7 -44 32.4
    endloop
  endfacet
  facet normal 0.998791 0.0491602 0
    outer loop
      vertex -49.7 -44 2.6
      vertex -49.6918 -44.1666 32.4
      vertex -49.6918 -44.1666 2.6
    endloop
  endfacet
  facet normal -0.989168 -0.146788 0
    outer loop
      vertex -46.3082 -43.8334 2.6
      vertex -46.3327 -43.6683 32.4
      vertex -46.3327 -43.6683 2.6
    endloop
  endfacet
  facet normal -0.989168 -0.146788 0
    outer loop
      vertex -46.3327 -43.6683 32.4
      vertex -46.3082 -43.8334 2.6
      vertex -46.3082 -43.8334 32.4
    endloop
  endfacet
  facet normal -0.998791 -0.0491602 0
    outer loop
      vertex -46.3 -44 2.6
      vertex -46.3082 -43.8334 32.4
      vertex -46.3082 -43.8334 2.6
    endloop
  endfacet
  facet normal -0.998791 -0.0491602 0
    outer loop
      vertex -46.3082 -43.8334 32.4
      vertex -46.3 -44 2.6
      vertex -46.3 -44 32.4
    endloop
  endfacet
  facet normal -0.595772 0.803154 0
    outer loop
      vertex -46.9215 -45.3141 2.6
      vertex -47.0555 -45.4135 32.4
      vertex -46.9215 -45.3141 32.4
    endloop
  endfacet
  facet normal -0.595772 0.803154 0
    outer loop
      vertex -47.0555 -45.4135 32.4
      vertex -46.9215 -45.3141 2.6
      vertex -47.0555 -45.4135 2.6
    endloop
  endfacet
  facet normal -0.0491602 0.998791 0
    outer loop
      vertex -47.8334 -45.6918 2.6
      vertex -48 -45.7 32.4
      vertex -47.8334 -45.6918 32.4
    endloop
  endfacet
  facet normal -0.0491602 0.998791 0
    outer loop
      vertex -48 -45.7 32.4
      vertex -47.8334 -45.6918 2.6
      vertex -48 -45.7 2.6
    endloop
  endfacet
  facet normal -0.427442 -0.904043 0
    outer loop
      vertex -47.3494 -42.4294 2.6
      vertex -47.1986 -42.5007 32.4
      vertex -47.3494 -42.4294 32.4
    endloop
  endfacet
  facet normal -0.427442 -0.904043 -0
    outer loop
      vertex -47.1986 -42.5007 32.4
      vertex -47.3494 -42.4294 2.6
      vertex -47.1986 -42.5007 2.6
    endloop
  endfacet
  facet normal -0.671478 0.741024 0
    outer loop
      vertex -46.7979 -45.2021 2.6
      vertex -46.9215 -45.3141 32.4
      vertex -46.7979 -45.2021 32.4
    endloop
  endfacet
  facet normal -0.671478 0.741024 0
    outer loop
      vertex -46.9215 -45.3141 32.4
      vertex -46.7979 -45.2021 2.6
      vertex -46.9215 -45.3141 2.6
    endloop
  endfacet
  facet normal -0.803154 0.595772 0
    outer loop
      vertex -46.6859 -45.0785 2.6
      vertex -46.5865 -44.9445 32.4
      vertex -46.5865 -44.9445 2.6
    endloop
  endfacet
  facet normal -0.803154 0.595772 0
    outer loop
      vertex -46.5865 -44.9445 32.4
      vertex -46.6859 -45.0785 2.6
      vertex -46.6859 -45.0785 32.4
    endloop
  endfacet
  facet normal 0.857652 -0.514231 0
    outer loop
      vertex -49.4993 -43.1986 32.4
      vertex -49.4135 -43.0555 2.6
      vertex -49.4135 -43.0555 32.4
    endloop
  endfacet
  facet normal 0.857652 -0.514231 0
    outer loop
      vertex -49.4135 -43.0555 2.6
      vertex -49.4993 -43.1986 32.4
      vertex -49.4993 -43.1986 2.6
    endloop
  endfacet
  facet normal 0.941566 0.33683 0
    outer loop
      vertex -49.5706 -44.6506 32.4
      vertex -49.6268 -44.4935 2.6
      vertex -49.6268 -44.4935 32.4
    endloop
  endfacet
  facet normal 0.941566 0.33683 0
    outer loop
      vertex -49.6268 -44.4935 2.6
      vertex -49.5706 -44.6506 32.4
      vertex -49.5706 -44.6506 2.6
    endloop
  endfacet
  facet normal -0.514231 -0.857652 0
    outer loop
      vertex -47.1986 -42.5007 2.6
      vertex -47.0555 -42.5865 32.4
      vertex -47.1986 -42.5007 32.4
    endloop
  endfacet
  facet normal -0.514231 -0.857652 -0
    outer loop
      vertex -47.0555 -42.5865 32.4
      vertex -47.1986 -42.5007 2.6
      vertex -47.0555 -42.5865 2.6
    endloop
  endfacet
  facet normal 0.146788 -0.989168 0
    outer loop
      vertex -48.3317 -42.3327 2.6
      vertex -48.1666 -42.3082 32.4
      vertex -48.3317 -42.3327 32.4
    endloop
  endfacet
  facet normal 0.146788 -0.989168 0
    outer loop
      vertex -48.1666 -42.3082 32.4
      vertex -48.3317 -42.3327 2.6
      vertex -48.1666 -42.3082 2.6
    endloop
  endfacet
  facet normal 0.242818 0.970072 -0
    outer loop
      vertex -48.3317 -45.6673 2.6
      vertex -48.4935 -45.6268 32.4
      vertex -48.3317 -45.6673 32.4
    endloop
  endfacet
  facet normal 0.242818 0.970072 0
    outer loop
      vertex -48.4935 -45.6268 32.4
      vertex -48.3317 -45.6673 2.6
      vertex -48.4935 -45.6268 2.6
    endloop
  endfacet
  facet normal -0.857652 0.514231 0
    outer loop
      vertex -46.5865 -44.9445 2.6
      vertex -46.5007 -44.8014 32.4
      vertex -46.5007 -44.8014 2.6
    endloop
  endfacet
  facet normal -0.857652 0.514231 0
    outer loop
      vertex -46.5007 -44.8014 32.4
      vertex -46.5865 -44.9445 2.6
      vertex -46.5865 -44.9445 32.4
    endloop
  endfacet
  facet normal -0.970072 -0.242818 0
    outer loop
      vertex -46.3327 -43.6683 2.6
      vertex -46.3732 -43.5065 32.4
      vertex -46.3732 -43.5065 2.6
    endloop
  endfacet
  facet normal -0.970072 -0.242818 0
    outer loop
      vertex -46.3732 -43.5065 32.4
      vertex -46.3327 -43.6683 2.6
      vertex -46.3327 -43.6683 32.4
    endloop
  endfacet
  facet normal -0.671478 -0.741024 0
    outer loop
      vertex -46.9215 -42.6859 2.6
      vertex -46.7979 -42.7979 32.4
      vertex -46.9215 -42.6859 32.4
    endloop
  endfacet
  facet normal -0.671478 -0.741024 -0
    outer loop
      vertex -46.7979 -42.7979 32.4
      vertex -46.9215 -42.6859 2.6
      vertex -46.7979 -42.7979 2.6
    endloop
  endfacet
  facet normal -0.427442 0.904043 0
    outer loop
      vertex -47.1986 -45.4993 2.6
      vertex -47.3494 -45.5706 32.4
      vertex -47.1986 -45.4993 32.4
    endloop
  endfacet
  facet normal -0.427442 0.904043 0
    outer loop
      vertex -47.3494 -45.5706 32.4
      vertex -47.1986 -45.4993 2.6
      vertex -47.3494 -45.5706 2.6
    endloop
  endfacet
  facet normal -0.146788 -0.989168 0
    outer loop
      vertex -47.8334 -42.3082 2.6
      vertex -47.6683 -42.3327 32.4
      vertex -47.8334 -42.3082 32.4
    endloop
  endfacet
  facet normal -0.146788 -0.989168 -0
    outer loop
      vertex -47.6683 -42.3327 32.4
      vertex -47.8334 -42.3082 2.6
      vertex -47.6683 -42.3327 2.6
    endloop
  endfacet
  facet normal -0.0491602 -0.998791 0
    outer loop
      vertex -48 -42.3 2.6
      vertex -47.8334 -42.3082 32.4
      vertex -48 -42.3 32.4
    endloop
  endfacet
  facet normal -0.0491602 -0.998791 -0
    outer loop
      vertex -47.8334 -42.3082 32.4
      vertex -48 -42.3 2.6
      vertex -47.8334 -42.3082 2.6
    endloop
  endfacet
  facet normal 0.595772 -0.803154 0
    outer loop
      vertex -49.0785 -42.6859 2.6
      vertex -48.9445 -42.5865 32.4
      vertex -49.0785 -42.6859 32.4
    endloop
  endfacet
  facet normal 0.595772 -0.803154 0
    outer loop
      vertex -48.9445 -42.5865 32.4
      vertex -49.0785 -42.6859 2.6
      vertex -48.9445 -42.5865 2.6
    endloop
  endfacet
  facet normal -0.33683 0.941566 0
    outer loop
      vertex -47.3494 -45.5706 2.6
      vertex -47.5065 -45.6268 32.4
      vertex -47.3494 -45.5706 32.4
    endloop
  endfacet
  facet normal -0.33683 0.941566 0
    outer loop
      vertex -47.5065 -45.6268 32.4
      vertex -47.3494 -45.5706 2.6
      vertex -47.5065 -45.6268 2.6
    endloop
  endfacet
  facet normal -0.741024 -0.671478 0
    outer loop
      vertex -46.6859 -42.9215 2.6
      vertex -46.7979 -42.7979 32.4
      vertex -46.7979 -42.7979 2.6
    endloop
  endfacet
  facet normal -0.741024 -0.671478 0
    outer loop
      vertex -46.7979 -42.7979 32.4
      vertex -46.6859 -42.9215 2.6
      vertex -46.6859 -42.9215 32.4
    endloop
  endfacet
  facet normal 0.595772 0.803154 -0
    outer loop
      vertex -48.9445 -45.4135 2.6
      vertex -49.0785 -45.3141 32.4
      vertex -48.9445 -45.4135 32.4
    endloop
  endfacet
  facet normal 0.595772 0.803154 0
    outer loop
      vertex -49.0785 -45.3141 32.4
      vertex -48.9445 -45.4135 2.6
      vertex -49.0785 -45.3141 2.6
    endloop
  endfacet
  facet normal 0.904043 -0.427442 0
    outer loop
      vertex -49.5706 -43.3494 32.4
      vertex -49.4993 -43.1986 2.6
      vertex -49.4993 -43.1986 32.4
    endloop
  endfacet
  facet normal 0.904043 -0.427442 0
    outer loop
      vertex -49.4993 -43.1986 2.6
      vertex -49.5706 -43.3494 32.4
      vertex -49.5706 -43.3494 2.6
    endloop
  endfacet
  facet normal -0.857652 -0.514231 0
    outer loop
      vertex -46.5007 -43.1986 2.6
      vertex -46.5865 -43.0555 32.4
      vertex -46.5865 -43.0555 2.6
    endloop
  endfacet
  facet normal -0.857652 -0.514231 0
    outer loop
      vertex -46.5865 -43.0555 32.4
      vertex -46.5007 -43.1986 2.6
      vertex -46.5007 -43.1986 32.4
    endloop
  endfacet
  facet normal 0.989168 -0.146788 0
    outer loop
      vertex -49.6918 -43.8334 32.4
      vertex -49.6673 -43.6683 2.6
      vertex -49.6673 -43.6683 32.4
    endloop
  endfacet
  facet normal 0.989168 -0.146788 0
    outer loop
      vertex -49.6673 -43.6683 2.6
      vertex -49.6918 -43.8334 32.4
      vertex -49.6918 -43.8334 2.6
    endloop
  endfacet
  facet normal -0.998791 0.0491602 0
    outer loop
      vertex -46.3082 -44.1666 2.6
      vertex -46.3 -44 32.4
      vertex -46.3 -44 2.6
    endloop
  endfacet
  facet normal -0.998791 0.0491602 0
    outer loop
      vertex -46.3 -44 32.4
      vertex -46.3082 -44.1666 2.6
      vertex -46.3082 -44.1666 32.4
    endloop
  endfacet
  facet normal -0.970072 0.242818 0
    outer loop
      vertex -46.3732 -44.4935 2.6
      vertex -46.3327 -44.3317 32.4
      vertex -46.3327 -44.3317 2.6
    endloop
  endfacet
  facet normal -0.970072 0.242818 0
    outer loop
      vertex -46.3327 -44.3317 32.4
      vertex -46.3732 -44.4935 2.6
      vertex -46.3732 -44.4935 32.4
    endloop
  endfacet
  facet normal -0.904043 0.427442 0
    outer loop
      vertex -46.5007 -44.8014 2.6
      vertex -46.4294 -44.6506 32.4
      vertex -46.4294 -44.6506 2.6
    endloop
  endfacet
  facet normal -0.904043 0.427442 0
    outer loop
      vertex -46.4294 -44.6506 32.4
      vertex -46.5007 -44.8014 2.6
      vertex -46.5007 -44.8014 32.4
    endloop
  endfacet
  facet normal 0.146788 0.989168 -0
    outer loop
      vertex -48.1666 -45.6918 2.6
      vertex -48.3317 -45.6673 32.4
      vertex -48.1666 -45.6918 32.4
    endloop
  endfacet
  facet normal 0.146788 0.989168 0
    outer loop
      vertex -48.3317 -45.6673 32.4
      vertex -48.1666 -45.6918 2.6
      vertex -48.3317 -45.6673 2.6
    endloop
  endfacet
  facet normal -0.904043 -0.427442 0
    outer loop
      vertex -46.4294 -43.3494 2.6
      vertex -46.5007 -43.1986 32.4
      vertex -46.5007 -43.1986 2.6
    endloop
  endfacet
  facet normal -0.904043 -0.427442 0
    outer loop
      vertex -46.5007 -43.1986 32.4
      vertex -46.4294 -43.3494 2.6
      vertex -46.4294 -43.3494 32.4
    endloop
  endfacet
  facet normal -0.803154 -0.595772 0
    outer loop
      vertex -46.5865 -43.0555 2.6
      vertex -46.6859 -42.9215 32.4
      vertex -46.6859 -42.9215 2.6
    endloop
  endfacet
  facet normal -0.803154 -0.595772 0
    outer loop
      vertex -46.6859 -42.9215 32.4
      vertex -46.5865 -43.0555 2.6
      vertex -46.5865 -43.0555 32.4
    endloop
  endfacet
  facet normal 0.904043 0.427442 0
    outer loop
      vertex -49.4993 -44.8014 32.4
      vertex -49.5706 -44.6506 2.6
      vertex -49.5706 -44.6506 32.4
    endloop
  endfacet
  facet normal 0.904043 0.427442 0
    outer loop
      vertex -49.5706 -44.6506 2.6
      vertex -49.4993 -44.8014 32.4
      vertex -49.4993 -44.8014 2.6
    endloop
  endfacet
  facet normal 0.427442 -0.904043 0
    outer loop
      vertex -48.8014 -42.5007 2.6
      vertex -48.6506 -42.4294 32.4
      vertex -48.8014 -42.5007 32.4
    endloop
  endfacet
  facet normal 0.427442 -0.904043 0
    outer loop
      vertex -48.6506 -42.4294 32.4
      vertex -48.8014 -42.5007 2.6
      vertex -48.6506 -42.4294 2.6
    endloop
  endfacet
  facet normal -0.242818 0.970072 0
    outer loop
      vertex -47.5065 -45.6268 2.6
      vertex -47.6683 -45.6673 32.4
      vertex -47.5065 -45.6268 32.4
    endloop
  endfacet
  facet normal -0.242818 0.970072 0
    outer loop
      vertex -47.6683 -45.6673 32.4
      vertex -47.5065 -45.6268 2.6
      vertex -47.6683 -45.6673 2.6
    endloop
  endfacet
  facet normal 0.671478 -0.741024 0
    outer loop
      vertex -49.2021 -42.7979 2.6
      vertex -49.0785 -42.6859 32.4
      vertex -49.2021 -42.7979 32.4
    endloop
  endfacet
  facet normal 0.671478 -0.741024 0
    outer loop
      vertex -49.0785 -42.6859 32.4
      vertex -49.2021 -42.7979 2.6
      vertex -49.0785 -42.6859 2.6
    endloop
  endfacet
  facet normal 0.803154 0.595772 0
    outer loop
      vertex -49.3141 -45.0785 32.4
      vertex -49.4135 -44.9445 2.6
      vertex -49.4135 -44.9445 32.4
    endloop
  endfacet
  facet normal 0.803154 0.595772 0
    outer loop
      vertex -49.4135 -44.9445 2.6
      vertex -49.3141 -45.0785 32.4
      vertex -49.3141 -45.0785 2.6
    endloop
  endfacet
  facet normal 0.741024 0.671478 0
    outer loop
      vertex -49.2021 -45.2021 32.4
      vertex -49.3141 -45.0785 2.6
      vertex -49.3141 -45.0785 32.4
    endloop
  endfacet
  facet normal 0.741024 0.671478 0
    outer loop
      vertex -49.3141 -45.0785 2.6
      vertex -49.2021 -45.2021 32.4
      vertex -49.2021 -45.2021 2.6
    endloop
  endfacet
  facet normal -0.242818 -0.970072 0
    outer loop
      vertex -47.6683 -42.3327 2.6
      vertex -47.5065 -42.3732 32.4
      vertex -47.6683 -42.3327 32.4
    endloop
  endfacet
  facet normal -0.242818 -0.970072 -0
    outer loop
      vertex -47.5065 -42.3732 32.4
      vertex -47.6683 -42.3327 2.6
      vertex -47.5065 -42.3732 2.6
    endloop
  endfacet
  facet normal 0.0491602 0.998791 -0
    outer loop
      vertex -48 -45.7 2.6
      vertex -48.1666 -45.6918 32.4
      vertex -48 -45.7 32.4
    endloop
  endfacet
  facet normal 0.0491602 0.998791 0
    outer loop
      vertex -48.1666 -45.6918 32.4
      vertex -48 -45.7 2.6
      vertex -48.1666 -45.6918 2.6
    endloop
  endfacet
  facet normal 0.970072 0.242818 0
    outer loop
      vertex -49.6268 -44.4935 32.4
      vertex -49.6673 -44.3317 2.6
      vertex -49.6673 -44.3317 32.4
    endloop
  endfacet
  facet normal 0.970072 0.242818 0
    outer loop
      vertex -49.6673 -44.3317 2.6
      vertex -49.6268 -44.4935 32.4
      vertex -49.6268 -44.4935 2.6
    endloop
  endfacet
  facet normal 0.803154 -0.595772 0
    outer loop
      vertex -49.4135 -43.0555 32.4
      vertex -49.3141 -42.9215 2.6
      vertex -49.3141 -42.9215 32.4
    endloop
  endfacet
  facet normal 0.803154 -0.595772 0
    outer loop
      vertex -49.3141 -42.9215 2.6
      vertex -49.4135 -43.0555 32.4
      vertex -49.4135 -43.0555 2.6
    endloop
  endfacet
  facet normal 0.741024 -0.671478 0
    outer loop
      vertex -49.3141 -42.9215 32.4
      vertex -49.2021 -42.7979 2.6
      vertex -49.2021 -42.7979 32.4
    endloop
  endfacet
  facet normal 0.741024 -0.671478 0
    outer loop
      vertex -49.2021 -42.7979 2.6
      vertex -49.3141 -42.9215 32.4
      vertex -49.3141 -42.9215 2.6
    endloop
  endfacet
  facet normal -0.941566 0.33683 0
    outer loop
      vertex -46.4294 -44.6506 2.6
      vertex -46.3732 -44.4935 32.4
      vertex -46.3732 -44.4935 2.6
    endloop
  endfacet
  facet normal -0.941566 0.33683 0
    outer loop
      vertex -46.3732 -44.4935 32.4
      vertex -46.4294 -44.6506 2.6
      vertex -46.4294 -44.6506 32.4
    endloop
  endfacet
  facet normal 0.33683 0.941566 -0
    outer loop
      vertex -48.4935 -45.6268 2.6
      vertex -48.6506 -45.5706 32.4
      vertex -48.4935 -45.6268 32.4
    endloop
  endfacet
  facet normal 0.33683 0.941566 0
    outer loop
      vertex -48.6506 -45.5706 32.4
      vertex -48.4935 -45.6268 2.6
      vertex -48.6506 -45.5706 2.6
    endloop
  endfacet
  facet normal 0.514231 0.857652 -0
    outer loop
      vertex -48.8014 -45.4993 2.6
      vertex -48.9445 -45.4135 32.4
      vertex -48.8014 -45.4993 32.4
    endloop
  endfacet
  facet normal 0.514231 0.857652 0
    outer loop
      vertex -48.9445 -45.4135 32.4
      vertex -48.8014 -45.4993 2.6
      vertex -48.9445 -45.4135 2.6
    endloop
  endfacet
  facet normal 0.970072 -0.242818 0
    outer loop
      vertex -49.6673 -43.6683 32.4
      vertex -49.6268 -43.5065 2.6
      vertex -49.6268 -43.5065 32.4
    endloop
  endfacet
  facet normal 0.970072 -0.242818 0
    outer loop
      vertex -49.6268 -43.5065 2.6
      vertex -49.6673 -43.6683 32.4
      vertex -49.6673 -43.6683 2.6
    endloop
  endfacet
  facet normal 0.941566 -0.33683 0
    outer loop
      vertex -49.6268 -43.5065 32.4
      vertex -49.5706 -43.3494 2.6
      vertex -49.5706 -43.3494 32.4
    endloop
  endfacet
  facet normal 0.941566 -0.33683 0
    outer loop
      vertex -49.5706 -43.3494 2.6
      vertex -49.6268 -43.5065 32.4
      vertex -49.6268 -43.5065 2.6
    endloop
  endfacet
  facet normal 0.671478 0.741024 -0
    outer loop
      vertex -49.0785 -45.3141 2.6
      vertex -49.2021 -45.2021 32.4
      vertex -49.0785 -45.3141 32.4
    endloop
  endfacet
  facet normal 0.671478 0.741024 0
    outer loop
      vertex -49.2021 -45.2021 32.4
      vertex -49.0785 -45.3141 2.6
      vertex -49.2021 -45.2021 2.6
    endloop
  endfacet
  facet normal 0.427442 0.904043 -0
    outer loop
      vertex -48.6506 -45.5706 2.6
      vertex -48.8014 -45.4993 32.4
      vertex -48.6506 -45.5706 32.4
    endloop
  endfacet
  facet normal 0.427442 0.904043 0
    outer loop
      vertex -48.8014 -45.4993 32.4
      vertex -48.6506 -45.5706 2.6
      vertex -48.8014 -45.4993 2.6
    endloop
  endfacet
  facet normal -0.741024 0.671478 0
    outer loop
      vertex -46.7979 -45.2021 2.6
      vertex -46.6859 -45.0785 32.4
      vertex -46.6859 -45.0785 2.6
    endloop
  endfacet
  facet normal -0.741024 0.671478 0
    outer loop
      vertex -46.6859 -45.0785 32.4
      vertex -46.7979 -45.2021 2.6
      vertex -46.7979 -45.2021 32.4
    endloop
  endfacet
  facet normal 0 1 -0
    outer loop
      vertex -46.2679 -47 0
      vertex -49.732 -47 2.6
      vertex -46.2679 -47 2.6
    endloop
  endfacet
  facet normal 0 1 0
    outer loop
      vertex -49.732 -47 2.6
      vertex -46.2679 -47 0
      vertex -49.732 -47 0
    endloop
  endfacet
  facet normal -0.866032 0.499989 0
    outer loop
      vertex -46.2679 -47 0
      vertex -44.5359 -44 2.6
      vertex -44.5359 -44 0
    endloop
  endfacet
  facet normal -0.866032 0.499989 0
    outer loop
      vertex -44.5359 -44 2.6
      vertex -46.2679 -47 0
      vertex -46.2679 -47 2.6
    endloop
  endfacet
  facet normal 0 -1 0
    outer loop
      vertex -49.732 -41 0
      vertex -46.2679 -41 2.6
      vertex -49.732 -41 2.6
    endloop
  endfacet
  facet normal 0 -1 -0
    outer loop
      vertex -46.2679 -41 2.6
      vertex -49.732 -41 0
      vertex -46.2679 -41 0
    endloop
  endfacet
  facet normal -0.866032 -0.499989 0
    outer loop
      vertex -44.5359 -44 0
      vertex -46.2679 -41 2.6
      vertex -46.2679 -41 0
    endloop
  endfacet
  facet normal -0.866032 -0.499989 0
    outer loop
      vertex -46.2679 -41 2.6
      vertex -44.5359 -44 0
      vertex -44.5359 -44 2.6
    endloop
  endfacet
  facet normal 0.866019 -0.500011 0
    outer loop
      vertex -51.4641 -44 2.6
      vertex -49.732 -41 0
      vertex -49.732 -41 2.6
    endloop
  endfacet
  facet normal 0.866019 -0.500011 0
    outer loop
      vertex -49.732 -41 0
      vertex -51.4641 -44 2.6
      vertex -51.4641 -44 0
    endloop
  endfacet
  facet normal 0.866019 0.500011 0
    outer loop
      vertex -49.732 -47 2.6
      vertex -51.4641 -44 0
      vertex -51.4641 -44 2.6
    endloop
  endfacet
  facet normal 0.866019 0.500011 0
    outer loop
      vertex -51.4641 -44 0
      vertex -49.732 -47 2.6
      vertex -49.732 -47 0
    endloop
  endfacet
  facet normal 0 0 -1
    outer loop
      vertex -46.5007 -44.8014 2.6
      vertex -44.5359 -44 2.6
      vertex -46.2679 -47 2.6
    endloop
  endfacet
  facet normal 0 0 -1
    outer loop
      vertex -46.3082 -43.8334 2.6
      vertex -44.5359 -44 2.6
      vertex -46.3 -44 2.6
    endloop
  endfacet
  facet normal -0 0 -1
    outer loop
      vertex -44.5359 -44 2.6
      vertex -46.3082 -44.1666 2.6
      vertex -46.3 -44 2.6
    endloop
  endfacet
  facet normal 0 0 -1
    outer loop
      vertex -44.5359 -44 2.6
      vertex -46.3327 -44.3317 2.6
      vertex -46.3082 -44.1666 2.6
    endloop
  endfacet
  facet normal 0 0 -1
    outer loop
      vertex -44.5359 -44 2.6
      vertex -46.3732 -44.4935 2.6
      vertex -46.3327 -44.3317 2.6
    endloop
  endfacet
  facet normal 0 0 -1
    outer loop
      vertex -44.5359 -44 2.6
      vertex -46.4294 -44.6506 2.6
      vertex -46.3732 -44.4935 2.6
    endloop
  endfacet
  facet normal 0 0 -1
    outer loop
      vertex -44.5359 -44 2.6
      vertex -46.5007 -44.8014 2.6
      vertex -46.4294 -44.6506 2.6
    endloop
  endfacet
  facet normal 0 0 -1
    outer loop
      vertex -46.2679 -47 2.6
      vertex -46.5865 -44.9445 2.6
      vertex -46.5007 -44.8014 2.6
    endloop
  endfacet
  facet normal 0 0 -1
    outer loop
      vertex -46.2679 -47 2.6
      vertex -46.6859 -45.0785 2.6
      vertex -46.5865 -44.9445 2.6
    endloop
  endfacet
  facet normal 0 0 -1
    outer loop
      vertex -46.2679 -47 2.6
      vertex -46.7979 -45.2021 2.6
      vertex -46.6859 -45.0785 2.6
    endloop
  endfacet
  facet normal 0 0 -1
    outer loop
      vertex -46.2679 -47 2.6
      vertex -46.9215 -45.3141 2.6
      vertex -46.7979 -45.2021 2.6
    endloop
  endfacet
  facet normal 0 0 -1
    outer loop
      vertex -46.2679 -47 2.6
      vertex -47.0555 -45.4135 2.6
      vertex -46.9215 -45.3141 2.6
    endloop
  endfacet
  facet normal 0 0 -1
    outer loop
      vertex -46.2679 -47 2.6
      vertex -47.1986 -45.4993 2.6
      vertex -47.0555 -45.4135 2.6
    endloop
  endfacet
  facet normal 0 0 -1
    outer loop
      vertex -46.2679 -47 2.6
      vertex -47.3494 -45.5706 2.6
      vertex -47.1986 -45.4993 2.6
    endloop
  endfacet
  facet normal 0 0 -1
    outer loop
      vertex -46.2679 -47 2.6
      vertex -47.5065 -45.6268 2.6
      vertex -47.3494 -45.5706 2.6
    endloop
  endfacet
  facet normal 0 0 -1
    outer loop
      vertex -46.2679 -47 2.6
      vertex -47.6683 -45.6673 2.6
      vertex -47.5065 -45.6268 2.6
    endloop
  endfacet
  facet normal 0 0 -1
    outer loop
      vertex -46.2679 -47 2.6
      vertex -47.8334 -45.6918 2.6
      vertex -47.6683 -45.6673 2.6
    endloop
  endfacet
  facet normal 0 0 -1
    outer loop
      vertex -46.2679 -47 2.6
      vertex -48 -45.7 2.6
      vertex -47.8334 -45.6918 2.6
    endloop
  endfacet
  facet normal 0 0 -1
    outer loop
      vertex -49.732 -47 2.6
      vertex -48 -45.7 2.6
      vertex -46.2679 -47 2.6
    endloop
  endfacet
  facet normal -0 0 -1
    outer loop
      vertex -48 -45.7 2.6
      vertex -49.732 -47 2.6
      vertex -48.1666 -45.6918 2.6
    endloop
  endfacet
  facet normal -0 0 -1
    outer loop
      vertex -48.1666 -45.6918 2.6
      vertex -49.732 -47 2.6
      vertex -48.3317 -45.6673 2.6
    endloop
  endfacet
  facet normal -0 0 -1
    outer loop
      vertex -48.3317 -45.6673 2.6
      vertex -49.732 -47 2.6
      vertex -48.4935 -45.6268 2.6
    endloop
  endfacet
  facet normal -0 0 -1
    outer loop
      vertex -48.4935 -45.6268 2.6
      vertex -49.732 -47 2.6
      vertex -48.6506 -45.5706 2.6
    endloop
  endfacet
  facet normal 0 0 -1
    outer loop
      vertex -49.6673 -44.3317 2.6
      vertex -51.4641 -44 2.6
      vertex -49.6918 -44.1666 2.6
    endloop
  endfacet
  facet normal 0 0 -1
    outer loop
      vertex -49.6268 -44.4935 2.6
      vertex -51.4641 -44 2.6
      vertex -49.6673 -44.3317 2.6
    endloop
  endfacet
  facet normal 0 0 -1
    outer loop
      vertex -49.5706 -44.6506 2.6
      vertex -51.4641 -44 2.6
      vertex -49.6268 -44.4935 2.6
    endloop
  endfacet
  facet normal 0 0 -1
    outer loop
      vertex -49.4993 -44.8014 2.6
      vertex -51.4641 -44 2.6
      vertex -49.5706 -44.6506 2.6
    endloop
  endfacet
  facet normal 0 0 -1
    outer loop
      vertex -51.4641 -44 2.6
      vertex -49.4993 -44.8014 2.6
      vertex -49.732 -47 2.6
    endloop
  endfacet
  facet normal -0 0 -1
    outer loop
      vertex -49.4135 -44.9445 2.6
      vertex -49.732 -47 2.6
      vertex -49.4993 -44.8014 2.6
    endloop
  endfacet
  facet normal -0 0 -1
    outer loop
      vertex -49.3141 -45.0785 2.6
      vertex -49.732 -47 2.6
      vertex -49.4135 -44.9445 2.6
    endloop
  endfacet
  facet normal -0 0 -1
    outer loop
      vertex -49.2021 -45.2021 2.6
      vertex -49.732 -47 2.6
      vertex -49.3141 -45.0785 2.6
    endloop
  endfacet
  facet normal -0 0 -1
    outer loop
      vertex -49.0785 -45.3141 2.6
      vertex -49.732 -47 2.6
      vertex -49.2021 -45.2021 2.6
    endloop
  endfacet
  facet normal -0 0 -1
    outer loop
      vertex -48.9445 -45.4135 2.6
      vertex -49.732 -47 2.6
      vertex -49.0785 -45.3141 2.6
    endloop
  endfacet
  facet normal -0 0 -1
    outer loop
      vertex -48.8014 -45.4993 2.6
      vertex -49.732 -47 2.6
      vertex -48.9445 -45.4135 2.6
    endloop
  endfacet
  facet normal -0 0 -1
    outer loop
      vertex -48.6506 -45.5706 2.6
      vertex -49.732 -47 2.6
      vertex -48.8014 -45.4993 2.6
    endloop
  endfacet
  facet normal 0 0 -1
    outer loop
      vertex -46.3327 -43.6683 2.6
      vertex -44.5359 -44 2.6
      vertex -46.3082 -43.8334 2.6
    endloop
  endfacet
  facet normal 0 0 -1
    outer loop
      vertex -46.3732 -43.5065 2.6
      vertex -44.5359 -44 2.6
      vertex -46.3327 -43.6683 2.6
    endloop
  endfacet
  facet normal 0 0 -1
    outer loop
      vertex -46.4294 -43.3494 2.6
      vertex -44.5359 -44 2.6
      vertex -46.3732 -43.5065 2.6
    endloop
  endfacet
  facet normal 0 0 -1
    outer loop
      vertex -46.5007 -43.1986 2.6
      vertex -44.5359 -44 2.6
      vertex -46.4294 -43.3494 2.6
    endloop
  endfacet
  facet normal 0 0 -1
    outer loop
      vertex -44.5359 -44 2.6
      vertex -46.5007 -43.1986 2.6
      vertex -46.2679 -41 2.6
    endloop
  endfacet
  facet normal 0 0 -1
    outer loop
      vertex -46.5865 -43.0555 2.6
      vertex -46.2679 -41 2.6
      vertex -46.5007 -43.1986 2.6
    endloop
  endfacet
  facet normal 0 0 -1
    outer loop
      vertex -46.6859 -42.9215 2.6
      vertex -46.2679 -41 2.6
      vertex -46.5865 -43.0555 2.6
    endloop
  endfacet
  facet normal 0 0 -1
    outer loop
      vertex -46.7979 -42.7979 2.6
      vertex -46.2679 -41 2.6
      vertex -46.6859 -42.9215 2.6
    endloop
  endfacet
  facet normal 0 0 -1
    outer loop
      vertex -46.9215 -42.6859 2.6
      vertex -46.2679 -41 2.6
      vertex -46.7979 -42.7979 2.6
    endloop
  endfacet
  facet normal 0 0 -1
    outer loop
      vertex -47.0555 -42.5865 2.6
      vertex -46.2679 -41 2.6
      vertex -46.9215 -42.6859 2.6
    endloop
  endfacet
  facet normal 0 0 -1
    outer loop
      vertex -47.1986 -42.5007 2.6
      vertex -46.2679 -41 2.6
      vertex -47.0555 -42.5865 2.6
    endloop
  endfacet
  facet normal 0 0 -1
    outer loop
      vertex -47.3494 -42.4294 2.6
      vertex -46.2679 -41 2.6
      vertex -47.1986 -42.5007 2.6
    endloop
  endfacet
  facet normal 0 0 -1
    outer loop
      vertex -47.5065 -42.3732 2.6
      vertex -46.2679 -41 2.6
      vertex -47.3494 -42.4294 2.6
    endloop
  endfacet
  facet normal 0 0 -1
    outer loop
      vertex -47.6683 -42.3327 2.6
      vertex -46.2679 -41 2.6
      vertex -47.5065 -42.3732 2.6
    endloop
  endfacet
  facet normal 0 0 -1
    outer loop
      vertex -47.8334 -42.3082 2.6
      vertex -46.2679 -41 2.6
      vertex -47.6683 -42.3327 2.6
    endloop
  endfacet
  facet normal 0 0 -1
    outer loop
      vertex -48 -42.3 2.6
      vertex -46.2679 -41 2.6
      vertex -47.8334 -42.3082 2.6
    endloop
  endfacet
  facet normal 0 0 -1
    outer loop
      vertex -49.732 -41 2.6
      vertex -48 -42.3 2.6
      vertex -48.1666 -42.3082 2.6
    endloop
  endfacet
  facet normal 0 0 -1
    outer loop
      vertex -49.732 -41 2.6
      vertex -48.1666 -42.3082 2.6
      vertex -48.3317 -42.3327 2.6
    endloop
  endfacet
  facet normal 0 0 -1
    outer loop
      vertex -49.732 -41 2.6
      vertex -48.3317 -42.3327 2.6
      vertex -48.4935 -42.3732 2.6
    endloop
  endfacet
  facet normal 0 0 -1
    outer loop
      vertex -49.732 -41 2.6
      vertex -48.4935 -42.3732 2.6
      vertex -48.6506 -42.4294 2.6
    endloop
  endfacet
  facet normal 0 0 -1
    outer loop
      vertex -49.732 -41 2.6
      vertex -48.6506 -42.4294 2.6
      vertex -48.8014 -42.5007 2.6
    endloop
  endfacet
  facet normal 0 0 -1
    outer loop
      vertex -48 -42.3 2.6
      vertex -49.732 -41 2.6
      vertex -46.2679 -41 2.6
    endloop
  endfacet
  facet normal 0 0 -1
    outer loop
      vertex -48.9445 -42.5865 2.6
      vertex -49.732 -41 2.6
      vertex -48.8014 -42.5007 2.6
    endloop
  endfacet
  facet normal 0 0 -1
    outer loop
      vertex -49.0785 -42.6859 2.6
      vertex -49.732 -41 2.6
      vertex -48.9445 -42.5865 2.6
    endloop
  endfacet
  facet normal 0 0 -1
    outer loop
      vertex -49.2021 -42.7979 2.6
      vertex -49.732 -41 2.6
      vertex -49.0785 -42.6859 2.6
    endloop
  endfacet
  facet normal 0 0 -1
    outer loop
      vertex -49.3141 -42.9215 2.6
      vertex -49.732 -41 2.6
      vertex -49.2021 -42.7979 2.6
    endloop
  endfacet
  facet normal 0 0 -1
    outer loop
      vertex -49.4135 -43.0555 2.6
      vertex -49.732 -41 2.6
      vertex -49.3141 -42.9215 2.6
    endloop
  endfacet
  facet normal 0 0 -1
    outer loop
      vertex -49.4993 -43.1986 2.6
      vertex -49.732 -41 2.6
      vertex -49.4135 -43.0555 2.6
    endloop
  endfacet
  facet normal 0 0 -1
    outer loop
      vertex -51.4641 -44 2.6
      vertex -49.4993 -43.1986 2.6
      vertex -49.5706 -43.3494 2.6
    endloop
  endfacet
  facet normal 0 0 -1
    outer loop
      vertex -51.4641 -44 2.6
      vertex -49.5706 -43.3494 2.6
      vertex -49.6268 -43.5065 2.6
    endloop
  endfacet
  facet normal 0 0 -1
    outer loop
      vertex -51.4641 -44 2.6
      vertex -49.6268 -43.5065 2.6
      vertex -49.6673 -43.6683 2.6
    endloop
  endfacet
  facet normal 0 0 -1
    outer loop
      vertex -51.4641 -44 2.6
      vertex -49.6673 -43.6683 2.6
      vertex -49.6918 -43.8334 2.6
    endloop
  endfacet
  facet normal 0 0 -1
    outer loop
      vertex -51.4641 -44 2.6
      vertex -49.6918 -43.8334 2.6
      vertex -49.7 -44 2.6
    endloop
  endfacet
  facet normal 0 0 -1
    outer loop
      vertex -49.6918 -44.1666 2.6
      vertex -51.4641 -44 2.6
      vertex -49.7 -44 2.6
    endloop
  endfacet
  facet normal -0 0 -1
    outer loop
      vertex -49.4993 -43.1986 2.6
      vertex -51.4641 -44 2.6
      vertex -49.732 -41 2.6
    endloop
  endfacet
  facet normal 0.514231 -0.857652 0
    outer loop
      vertex -48.9445 45.4135 2.6
      vertex -48.8014 45.4993 32.4
      vertex -48.9445 45.4135 32.4
    endloop
  endfacet
  facet normal 0.514231 -0.857652 0
    outer loop
      vertex -48.8014 45.4993 32.4
      vertex -48.9445 45.4135 2.6
      vertex -48.8014 45.4993 2.6
    endloop
  endfacet
  facet normal 0.941566 0.33683 0
    outer loop
      vertex -49.5706 43.3494 32.4
      vertex -49.6268 43.5065 2.6
      vertex -49.6268 43.5065 32.4
    endloop
  endfacet
  facet normal 0.941566 0.33683 0
    outer loop
      vertex -49.6268 43.5065 2.6
      vertex -49.5706 43.3494 32.4
      vertex -49.5706 43.3494 2.6
    endloop
  endfacet
  facet normal -0.803154 0.595772 0
    outer loop
      vertex -46.6859 42.9215 2.6
      vertex -46.5865 43.0555 32.4
      vertex -46.5865 43.0555 2.6
    endloop
  endfacet
  facet normal -0.803154 0.595772 0
    outer loop
      vertex -46.5865 43.0555 32.4
      vertex -46.6859 42.9215 2.6
      vertex -46.6859 42.9215 32.4
    endloop
  endfacet
  facet normal -0.803154 -0.595772 0
    outer loop
      vertex -46.5865 44.9445 2.6
      vertex -46.6859 45.0785 32.4
      vertex -46.6859 45.0785 2.6
    endloop
  endfacet
  facet normal -0.803154 -0.595772 0
    outer loop
      vertex -46.6859 45.0785 32.4
      vertex -46.5865 44.9445 2.6
      vertex -46.5865 44.9445 32.4
    endloop
  endfacet
  facet normal -0.514231 0.857652 0
    outer loop
      vertex -47.0555 42.5865 2.6
      vertex -47.1986 42.5007 32.4
      vertex -47.0555 42.5865 32.4
    endloop
  endfacet
  facet normal -0.514231 0.857652 0
    outer loop
      vertex -47.1986 42.5007 32.4
      vertex -47.0555 42.5865 2.6
      vertex -47.1986 42.5007 2.6
    endloop
  endfacet
  facet normal -0.741024 0.671478 0
    outer loop
      vertex -46.7979 42.7979 2.6
      vertex -46.6859 42.9215 32.4
      vertex -46.6859 42.9215 2.6
    endloop
  endfacet
  facet normal -0.741024 0.671478 0
    outer loop
      vertex -46.6859 42.9215 32.4
      vertex -46.7979 42.7979 2.6
      vertex -46.7979 42.7979 32.4
    endloop
  endfacet
  facet normal -0.0491602 -0.998791 0
    outer loop
      vertex -48 45.7 2.6
      vertex -47.8334 45.6918 32.4
      vertex -48 45.7 32.4
    endloop
  endfacet
  facet normal -0.0491602 -0.998791 -0
    outer loop
      vertex -47.8334 45.6918 32.4
      vertex -48 45.7 2.6
      vertex -47.8334 45.6918 2.6
    endloop
  endfacet
  facet normal 0.904043 0.427442 0
    outer loop
      vertex -49.4993 43.1986 32.4
      vertex -49.5706 43.3494 2.6
      vertex -49.5706 43.3494 32.4
    endloop
  endfacet
  facet normal 0.904043 0.427442 0
    outer loop
      vertex -49.5706 43.3494 2.6
      vertex -49.4993 43.1986 32.4
      vertex -49.4993 43.1986 2.6
    endloop
  endfacet
  facet normal -0.904043 -0.427442 0
    outer loop
      vertex -46.4294 44.6506 2.6
      vertex -46.5007 44.8014 32.4
      vertex -46.5007 44.8014 2.6
    endloop
  endfacet
  facet normal -0.904043 -0.427442 0
    outer loop
      vertex -46.5007 44.8014 32.4
      vertex -46.4294 44.6506 2.6
      vertex -46.4294 44.6506 32.4
    endloop
  endfacet
  facet normal -0.671478 -0.741024 0
    outer loop
      vertex -46.9215 45.3141 2.6
      vertex -46.7979 45.2021 32.4
      vertex -46.9215 45.3141 32.4
    endloop
  endfacet
  facet normal -0.671478 -0.741024 -0
    outer loop
      vertex -46.7979 45.2021 32.4
      vertex -46.9215 45.3141 2.6
      vertex -46.7979 45.2021 2.6
    endloop
  endfacet
  facet normal -0.857652 -0.514231 0
    outer loop
      vertex -46.5007 44.8014 2.6
      vertex -46.5865 44.9445 32.4
      vertex -46.5865 44.9445 2.6
    endloop
  endfacet
  facet normal -0.857652 -0.514231 0
    outer loop
      vertex -46.5865 44.9445 32.4
      vertex -46.5007 44.8014 2.6
      vertex -46.5007 44.8014 32.4
    endloop
  endfacet
  facet normal -0.989168 -0.146788 0
    outer loop
      vertex -46.3082 44.1666 2.6
      vertex -46.3327 44.3317 32.4
      vertex -46.3327 44.3317 2.6
    endloop
  endfacet
  facet normal -0.989168 -0.146788 0
    outer loop
      vertex -46.3327 44.3317 32.4
      vertex -46.3082 44.1666 2.6
      vertex -46.3082 44.1666 32.4
    endloop
  endfacet
  facet normal 0.970072 0.242818 0
    outer loop
      vertex -49.6268 43.5065 32.4
      vertex -49.6673 43.6683 2.6
      vertex -49.6673 43.6683 32.4
    endloop
  endfacet
  facet normal 0.970072 0.242818 0
    outer loop
      vertex -49.6673 43.6683 2.6
      vertex -49.6268 43.5065 32.4
      vertex -49.6268 43.5065 2.6
    endloop
  endfacet
  facet normal -0.970072 0.242818 0
    outer loop
      vertex -46.3732 43.5065 2.6
      vertex -46.3327 43.6683 32.4
      vertex -46.3327 43.6683 2.6
    endloop
  endfacet
  facet normal -0.970072 0.242818 0
    outer loop
      vertex -46.3327 43.6683 32.4
      vertex -46.3732 43.5065 2.6
      vertex -46.3732 43.5065 32.4
    endloop
  endfacet
  facet normal -0.998791 -0.0491602 0
    outer loop
      vertex -46.3 44 2.6
      vertex -46.3082 44.1666 32.4
      vertex -46.3082 44.1666 2.6
    endloop
  endfacet
  facet normal -0.998791 -0.0491602 0
    outer loop
      vertex -46.3082 44.1666 32.4
      vertex -46.3 44 2.6
      vertex -46.3 44 32.4
    endloop
  endfacet
  facet normal 0.427442 -0.904043 0
    outer loop
      vertex -48.8014 45.4993 2.6
      vertex -48.6506 45.5706 32.4
      vertex -48.8014 45.4993 32.4
    endloop
  endfacet
  facet normal 0.427442 -0.904043 0
    outer loop
      vertex -48.6506 45.5706 32.4
      vertex -48.8014 45.4993 2.6
      vertex -48.6506 45.5706 2.6
    endloop
  endfacet
  facet normal 0.904043 -0.427442 0
    outer loop
      vertex -49.5706 44.6506 32.4
      vertex -49.4993 44.8014 2.6
      vertex -49.4993 44.8014 32.4
    endloop
  endfacet
  facet normal 0.904043 -0.427442 0
    outer loop
      vertex -49.4993 44.8014 2.6
      vertex -49.5706 44.6506 32.4
      vertex -49.5706 44.6506 2.6
    endloop
  endfacet
  facet normal -0.970072 -0.242818 0
    outer loop
      vertex -46.3327 44.3317 2.6
      vertex -46.3732 44.4935 32.4
      vertex -46.3732 44.4935 2.6
    endloop
  endfacet
  facet normal -0.970072 -0.242818 0
    outer loop
      vertex -46.3732 44.4935 32.4
      vertex -46.3327 44.3317 2.6
      vertex -46.3327 44.3317 32.4
    endloop
  endfacet
  facet normal 0.427442 0.904043 -0
    outer loop
      vertex -48.6506 42.4294 2.6
      vertex -48.8014 42.5007 32.4
      vertex -48.6506 42.4294 32.4
    endloop
  endfacet
  facet normal 0.427442 0.904043 0
    outer loop
      vertex -48.8014 42.5007 32.4
      vertex -48.6506 42.4294 2.6
      vertex -48.8014 42.5007 2.6
    endloop
  endfacet
  facet normal -0.242818 -0.970072 0
    outer loop
      vertex -47.6683 45.6673 2.6
      vertex -47.5065 45.6268 32.4
      vertex -47.6683 45.6673 32.4
    endloop
  endfacet
  facet normal -0.242818 -0.970072 -0
    outer loop
      vertex -47.5065 45.6268 32.4
      vertex -47.6683 45.6673 2.6
      vertex -47.5065 45.6268 2.6
    endloop
  endfacet
  facet normal -0.998791 0.0491602 0
    outer loop
      vertex -46.3082 43.8334 2.6
      vertex -46.3 44 32.4
      vertex -46.3 44 2.6
    endloop
  endfacet
  facet normal -0.998791 0.0491602 0
    outer loop
      vertex -46.3 44 32.4
      vertex -46.3082 43.8334 2.6
      vertex -46.3082 43.8334 32.4
    endloop
  endfacet
  facet normal -0.146788 0.989168 0
    outer loop
      vertex -47.6683 42.3327 2.6
      vertex -47.8334 42.3082 32.4
      vertex -47.6683 42.3327 32.4
    endloop
  endfacet
  facet normal -0.146788 0.989168 0
    outer loop
      vertex -47.8334 42.3082 32.4
      vertex -47.6683 42.3327 2.6
      vertex -47.8334 42.3082 2.6
    endloop
  endfacet
  facet normal -0.427442 0.904043 0
    outer loop
      vertex -47.1986 42.5007 2.6
      vertex -47.3494 42.4294 32.4
      vertex -47.1986 42.5007 32.4
    endloop
  endfacet
  facet normal -0.427442 0.904043 0
    outer loop
      vertex -47.3494 42.4294 32.4
      vertex -47.1986 42.5007 2.6
      vertex -47.3494 42.4294 2.6
    endloop
  endfacet
  facet normal 0.989168 0.146788 0
    outer loop
      vertex -49.6673 43.6683 32.4
      vertex -49.6918 43.8334 2.6
      vertex -49.6918 43.8334 32.4
    endloop
  endfacet
  facet normal 0.989168 0.146788 0
    outer loop
      vertex -49.6918 43.8334 2.6
      vertex -49.6673 43.6683 32.4
      vertex -49.6673 43.6683 2.6
    endloop
  endfacet
  facet normal 0.941566 -0.33683 0
    outer loop
      vertex -49.6268 44.4935 32.4
      vertex -49.5706 44.6506 2.6
      vertex -49.5706 44.6506 32.4
    endloop
  endfacet
  facet normal 0.941566 -0.33683 0
    outer loop
      vertex -49.5706 44.6506 2.6
      vertex -49.6268 44.4935 32.4
      vertex -49.6268 44.4935 2.6
    endloop
  endfacet
  facet normal 0.857652 -0.514231 0
    outer loop
      vertex -49.4993 44.8014 32.4
      vertex -49.4135 44.9445 2.6
      vertex -49.4135 44.9445 32.4
    endloop
  endfacet
  facet normal 0.857652 -0.514231 0
    outer loop
      vertex -49.4135 44.9445 2.6
      vertex -49.4993 44.8014 32.4
      vertex -49.4993 44.8014 2.6
    endloop
  endfacet
  facet normal -0.33683 -0.941566 0
    outer loop
      vertex -47.5065 45.6268 2.6
      vertex -47.3494 45.5706 32.4
      vertex -47.5065 45.6268 32.4
    endloop
  endfacet
  facet normal -0.33683 -0.941566 -0
    outer loop
      vertex -47.3494 45.5706 32.4
      vertex -47.5065 45.6268 2.6
      vertex -47.3494 45.5706 2.6
    endloop
  endfacet
  facet normal 0.146788 0.989168 -0
    outer loop
      vertex -48.1666 42.3082 2.6
      vertex -48.3317 42.3327 32.4
      vertex -48.1666 42.3082 32.4
    endloop
  endfacet
  facet normal 0.146788 0.989168 0
    outer loop
      vertex -48.3317 42.3327 32.4
      vertex -48.1666 42.3082 2.6
      vertex -48.3317 42.3327 2.6
    endloop
  endfacet
  facet normal 0.0491602 -0.998791 0
    outer loop
      vertex -48.1666 45.6918 2.6
      vertex -48 45.7 32.4
      vertex -48.1666 45.6918 32.4
    endloop
  endfacet
  facet normal 0.0491602 -0.998791 0
    outer loop
      vertex -48 45.7 32.4
      vertex -48.1666 45.6918 2.6
      vertex -48 45.7 2.6
    endloop
  endfacet
  facet normal -0.242818 0.970072 0
    outer loop
      vertex -47.5065 42.3732 2.6
      vertex -47.6683 42.3327 32.4
      vertex -47.5065 42.3732 32.4
    endloop
  endfacet
  facet normal -0.242818 0.970072 0
    outer loop
      vertex -47.6683 42.3327 32.4
      vertex -47.5065 42.3732 2.6
      vertex -47.6683 42.3327 2.6
    endloop
  endfacet
  facet normal 0.741024 -0.671478 0
    outer loop
      vertex -49.3141 45.0785 32.4
      vertex -49.2021 45.2021 2.6
      vertex -49.2021 45.2021 32.4
    endloop
  endfacet
  facet normal 0.741024 -0.671478 0
    outer loop
      vertex -49.2021 45.2021 2.6
      vertex -49.3141 45.0785 32.4
      vertex -49.3141 45.0785 2.6
    endloop
  endfacet
  facet normal 0.242818 0.970072 -0
    outer loop
      vertex -48.3317 42.3327 2.6
      vertex -48.4935 42.3732 32.4
      vertex -48.3317 42.3327 32.4
    endloop
  endfacet
  facet normal 0.242818 0.970072 0
    outer loop
      vertex -48.4935 42.3732 32.4
      vertex -48.3317 42.3327 2.6
      vertex -48.4935 42.3732 2.6
    endloop
  endfacet
  facet normal -0.671478 0.741024 0
    outer loop
      vertex -46.7979 42.7979 2.6
      vertex -46.9215 42.6859 32.4
      vertex -46.7979 42.7979 32.4
    endloop
  endfacet
  facet normal -0.671478 0.741024 0
    outer loop
      vertex -46.9215 42.6859 32.4
      vertex -46.7979 42.7979 2.6
      vertex -46.9215 42.6859 2.6
    endloop
  endfacet
  facet normal 0.998791 0.0491602 0
    outer loop
      vertex -49.6918 43.8334 32.4
      vertex -49.7 44 2.6
      vertex -49.7 44 32.4
    endloop
  endfacet
  facet normal 0.998791 0.0491602 0
    outer loop
      vertex -49.7 44 2.6
      vertex -49.6918 43.8334 32.4
      vertex -49.6918 43.8334 2.6
    endloop
  endfacet
  facet normal -0.33683 0.941566 0
    outer loop
      vertex -47.3494 42.4294 2.6
      vertex -47.5065 42.3732 32.4
      vertex -47.3494 42.4294 32.4
    endloop
  endfacet
  facet normal -0.33683 0.941566 0
    outer loop
      vertex -47.5065 42.3732 32.4
      vertex -47.3494 42.4294 2.6
      vertex -47.5065 42.3732 2.6
    endloop
  endfacet
  facet normal -0.941566 -0.33683 0
    outer loop
      vertex -46.3732 44.4935 2.6
      vertex -46.4294 44.6506 32.4
      vertex -46.4294 44.6506 2.6
    endloop
  endfacet
  facet normal -0.941566 -0.33683 0
    outer loop
      vertex -46.4294 44.6506 32.4
      vertex -46.3732 44.4935 2.6
      vertex -46.3732 44.4935 32.4
    endloop
  endfacet
  facet normal -0.941566 0.33683 0
    outer loop
      vertex -46.4294 43.3494 2.6
      vertex -46.3732 43.5065 32.4
      vertex -46.3732 43.5065 2.6
    endloop
  endfacet
  facet normal -0.941566 0.33683 0
    outer loop
      vertex -46.3732 43.5065 32.4
      vertex -46.4294 43.3494 2.6
      vertex -46.4294 43.3494 32.4
    endloop
  endfacet
  facet normal 0.970072 -0.242818 0
    outer loop
      vertex -49.6673 44.3317 32.4
      vertex -49.6268 44.4935 2.6
      vertex -49.6268 44.4935 32.4
    endloop
  endfacet
  facet normal 0.970072 -0.242818 0
    outer loop
      vertex -49.6268 44.4935 2.6
      vertex -49.6673 44.3317 32.4
      vertex -49.6673 44.3317 2.6
    endloop
  endfacet
  facet normal 0.595772 -0.803154 0
    outer loop
      vertex -49.0785 45.3141 2.6
      vertex -48.9445 45.4135 32.4
      vertex -49.0785 45.3141 32.4
    endloop
  endfacet
  facet normal 0.595772 -0.803154 0
    outer loop
      vertex -48.9445 45.4135 32.4
      vertex -49.0785 45.3141 2.6
      vertex -48.9445 45.4135 2.6
    endloop
  endfacet
  facet normal -0.741024 -0.671478 0
    outer loop
      vertex -46.6859 45.0785 2.6
      vertex -46.7979 45.2021 32.4
      vertex -46.7979 45.2021 2.6
    endloop
  endfacet
  facet normal -0.741024 -0.671478 0
    outer loop
      vertex -46.7979 45.2021 32.4
      vertex -46.6859 45.0785 2.6
      vertex -46.6859 45.0785 32.4
    endloop
  endfacet
  facet normal 0.514231 0.857652 -0
    outer loop
      vertex -48.8014 42.5007 2.6
      vertex -48.9445 42.5865 32.4
      vertex -48.8014 42.5007 32.4
    endloop
  endfacet
  facet normal 0.514231 0.857652 0
    outer loop
      vertex -48.9445 42.5865 32.4
      vertex -48.8014 42.5007 2.6
      vertex -48.9445 42.5865 2.6
    endloop
  endfacet
  facet normal 0.146788 -0.989168 0
    outer loop
      vertex -48.3317 45.6673 2.6
      vertex -48.1666 45.6918 32.4
      vertex -48.3317 45.6673 32.4
    endloop
  endfacet
  facet normal 0.146788 -0.989168 0
    outer loop
      vertex -48.1666 45.6918 32.4
      vertex -48.3317 45.6673 2.6
      vertex -48.1666 45.6918 2.6
    endloop
  endfacet
  facet normal -0.427442 -0.904043 0
    outer loop
      vertex -47.3494 45.5706 2.6
      vertex -47.1986 45.4993 32.4
      vertex -47.3494 45.5706 32.4
    endloop
  endfacet
  facet normal -0.427442 -0.904043 -0
    outer loop
      vertex -47.1986 45.4993 32.4
      vertex -47.3494 45.5706 2.6
      vertex -47.1986 45.4993 2.6
    endloop
  endfacet
  facet normal -0.595772 -0.803154 0
    outer loop
      vertex -47.0555 45.4135 2.6
      vertex -46.9215 45.3141 32.4
      vertex -47.0555 45.4135 32.4
    endloop
  endfacet
  facet normal -0.595772 -0.803154 -0
    outer loop
      vertex -46.9215 45.3141 32.4
      vertex -47.0555 45.4135 2.6
      vertex -46.9215 45.3141 2.6
    endloop
  endfacet
  facet normal 0.671478 -0.741024 0
    outer loop
      vertex -49.2021 45.2021 2.6
      vertex -49.0785 45.3141 32.4
      vertex -49.2021 45.2021 32.4
    endloop
  endfacet
  facet normal 0.671478 -0.741024 0
    outer loop
      vertex -49.0785 45.3141 32.4
      vertex -49.2021 45.2021 2.6
      vertex -49.0785 45.3141 2.6
    endloop
  endfacet
  facet normal 0.671478 0.741024 -0
    outer loop
      vertex -49.0785 42.6859 2.6
      vertex -49.2021 42.7979 32.4
      vertex -49.0785 42.6859 32.4
    endloop
  endfacet
  facet normal 0.671478 0.741024 0
    outer loop
      vertex -49.2021 42.7979 32.4
      vertex -49.0785 42.6859 2.6
      vertex -49.2021 42.7979 2.6
    endloop
  endfacet
  facet normal -0.514231 -0.857652 0
    outer loop
      vertex -47.1986 45.4993 2.6
      vertex -47.0555 45.4135 32.4
      vertex -47.1986 45.4993 32.4
    endloop
  endfacet
  facet normal -0.514231 -0.857652 -0
    outer loop
      vertex -47.0555 45.4135 32.4
      vertex -47.1986 45.4993 2.6
      vertex -47.0555 45.4135 2.6
    endloop
  endfacet
  facet normal 0.0491602 0.998791 -0
    outer loop
      vertex -48 42.3 2.6
      vertex -48.1666 42.3082 32.4
      vertex -48 42.3 32.4
    endloop
  endfacet
  facet normal 0.0491602 0.998791 0
    outer loop
      vertex -48.1666 42.3082 32.4
      vertex -48 42.3 2.6
      vertex -48.1666 42.3082 2.6
    endloop
  endfacet
  facet normal -0.595772 0.803154 0
    outer loop
      vertex -46.9215 42.6859 2.6
      vertex -47.0555 42.5865 32.4
      vertex -46.9215 42.6859 32.4
    endloop
  endfacet
  facet normal -0.595772 0.803154 0
    outer loop
      vertex -47.0555 42.5865 32.4
      vertex -46.9215 42.6859 2.6
      vertex -47.0555 42.5865 2.6
    endloop
  endfacet
  facet normal 0.33683 0.941566 -0
    outer loop
      vertex -48.4935 42.3732 2.6
      vertex -48.6506 42.4294 32.4
      vertex -48.4935 42.3732 32.4
    endloop
  endfacet
  facet normal 0.33683 0.941566 0
    outer loop
      vertex -48.6506 42.4294 32.4
      vertex -48.4935 42.3732 2.6
      vertex -48.6506 42.4294 2.6
    endloop
  endfacet
  facet normal 0.33683 -0.941566 0
    outer loop
      vertex -48.6506 45.5706 2.6
      vertex -48.4935 45.6268 32.4
      vertex -48.6506 45.5706 32.4
    endloop
  endfacet
  facet normal 0.33683 -0.941566 0
    outer loop
      vertex -48.4935 45.6268 32.4
      vertex -48.6506 45.5706 2.6
      vertex -48.4935 45.6268 2.6
    endloop
  endfacet
  facet normal -0.0491602 0.998791 0
    outer loop
      vertex -47.8334 42.3082 2.6
      vertex -48 42.3 32.4
      vertex -47.8334 42.3082 32.4
    endloop
  endfacet
  facet normal -0.0491602 0.998791 0
    outer loop
      vertex -48 42.3 32.4
      vertex -47.8334 42.3082 2.6
      vertex -48 42.3 2.6
    endloop
  endfacet
  facet normal -0.146788 -0.989168 0
    outer loop
      vertex -47.8334 45.6918 2.6
      vertex -47.6683 45.6673 32.4
      vertex -47.8334 45.6918 32.4
    endloop
  endfacet
  facet normal -0.146788 -0.989168 -0
    outer loop
      vertex -47.6683 45.6673 32.4
      vertex -47.8334 45.6918 2.6
      vertex -47.6683 45.6673 2.6
    endloop
  endfacet
  facet normal -0.989168 0.146788 0
    outer loop
      vertex -46.3327 43.6683 2.6
      vertex -46.3082 43.8334 32.4
      vertex -46.3082 43.8334 2.6
    endloop
  endfacet
  facet normal -0.989168 0.146788 0
    outer loop
      vertex -46.3082 43.8334 32.4
      vertex -46.3327 43.6683 2.6
      vertex -46.3327 43.6683 32.4
    endloop
  endfacet
  facet normal 0.242818 -0.970072 0
    outer loop
      vertex -48.4935 45.6268 2.6
      vertex -48.3317 45.6673 32.4
      vertex -48.4935 45.6268 32.4
    endloop
  endfacet
  facet normal 0.242818 -0.970072 0
    outer loop
      vertex -48.3317 45.6673 32.4
      vertex -48.4935 45.6268 2.6
      vertex -48.3317 45.6673 2.6
    endloop
  endfacet
  facet normal -0.904043 0.427442 0
    outer loop
      vertex -46.5007 43.1986 2.6
      vertex -46.4294 43.3494 32.4
      vertex -46.4294 43.3494 2.6
    endloop
  endfacet
  facet normal -0.904043 0.427442 0
    outer loop
      vertex -46.4294 43.3494 32.4
      vertex -46.5007 43.1986 2.6
      vertex -46.5007 43.1986 32.4
    endloop
  endfacet
  facet normal -0.857652 0.514231 0
    outer loop
      vertex -46.5865 43.0555 2.6
      vertex -46.5007 43.1986 32.4
      vertex -46.5007 43.1986 2.6
    endloop
  endfacet
  facet normal -0.857652 0.514231 0
    outer loop
      vertex -46.5007 43.1986 32.4
      vertex -46.5865 43.0555 2.6
      vertex -46.5865 43.0555 32.4
    endloop
  endfacet
  facet normal 0.998791 -0.0491602 0
    outer loop
      vertex -49.7 44 32.4
      vertex -49.6918 44.1666 2.6
      vertex -49.6918 44.1666 32.4
    endloop
  endfacet
  facet normal 0.998791 -0.0491602 0
    outer loop
      vertex -49.6918 44.1666 2.6
      vertex -49.7 44 32.4
      vertex -49.7 44 2.6
    endloop
  endfacet
  facet normal 0.741024 0.671478 0
    outer loop
      vertex -49.2021 42.7979 32.4
      vertex -49.3141 42.9215 2.6
      vertex -49.3141 42.9215 32.4
    endloop
  endfacet
  facet normal 0.741024 0.671478 0
    outer loop
      vertex -49.3141 42.9215 2.6
      vertex -49.2021 42.7979 32.4
      vertex -49.2021 42.7979 2.6
    endloop
  endfacet
  facet normal 0.803154 0.595772 0
    outer loop
      vertex -49.3141 42.9215 32.4
      vertex -49.4135 43.0555 2.6
      vertex -49.4135 43.0555 32.4
    endloop
  endfacet
  facet normal 0.803154 0.595772 0
    outer loop
      vertex -49.4135 43.0555 2.6
      vertex -49.3141 42.9215 32.4
      vertex -49.3141 42.9215 2.6
    endloop
  endfacet
  facet normal 0.989168 -0.146788 0
    outer loop
      vertex -49.6918 44.1666 32.4
      vertex -49.6673 44.3317 2.6
      vertex -49.6673 44.3317 32.4
    endloop
  endfacet
  facet normal 0.989168 -0.146788 0
    outer loop
      vertex -49.6673 44.3317 2.6
      vertex -49.6918 44.1666 32.4
      vertex -49.6918 44.1666 2.6
    endloop
  endfacet
  facet normal 0.595772 0.803154 -0
    outer loop
      vertex -48.9445 42.5865 2.6
      vertex -49.0785 42.6859 32.4
      vertex -48.9445 42.5865 32.4
    endloop
  endfacet
  facet normal 0.595772 0.803154 0
    outer loop
      vertex -49.0785 42.6859 32.4
      vertex -48.9445 42.5865 2.6
      vertex -49.0785 42.6859 2.6
    endloop
  endfacet
  facet normal 0.857652 0.514231 0
    outer loop
      vertex -49.4135 43.0555 32.4
      vertex -49.4993 43.1986 2.6
      vertex -49.4993 43.1986 32.4
    endloop
  endfacet
  facet normal 0.857652 0.514231 0
    outer loop
      vertex -49.4993 43.1986 2.6
      vertex -49.4135 43.0555 32.4
      vertex -49.4135 43.0555 2.6
    endloop
  endfacet
  facet normal 0.803154 -0.595772 0
    outer loop
      vertex -49.4135 44.9445 32.4
      vertex -49.3141 45.0785 2.6
      vertex -49.3141 45.0785 32.4
    endloop
  endfacet
  facet normal 0.803154 -0.595772 0
    outer loop
      vertex -49.3141 45.0785 2.6
      vertex -49.4135 44.9445 32.4
      vertex -49.4135 44.9445 2.6
    endloop
  endfacet
  facet normal 0 1 -0
    outer loop
      vertex -46.2679 41 0
      vertex -49.732 41 2.6
      vertex -46.2679 41 2.6
    endloop
  endfacet
  facet normal 0 1 0
    outer loop
      vertex -49.732 41 2.6
      vertex -46.2679 41 0
      vertex -49.732 41 0
    endloop
  endfacet
  facet normal -0.866032 0.499989 0
    outer loop
      vertex -46.2679 41 0
      vertex -44.5359 44 2.6
      vertex -44.5359 44 0
    endloop
  endfacet
  facet normal -0.866032 0.499989 0
    outer loop
      vertex -44.5359 44 2.6
      vertex -46.2679 41 0
      vertex -46.2679 41 2.6
    endloop
  endfacet
  facet normal 0 -1 0
    outer loop
      vertex -49.732 47 0
      vertex -46.2679 47 2.6
      vertex -49.732 47 2.6
    endloop
  endfacet
  facet normal 0 -1 -0
    outer loop
      vertex -46.2679 47 2.6
      vertex -49.732 47 0
      vertex -46.2679 47 0
    endloop
  endfacet
  facet normal -0.866032 -0.499989 0
    outer loop
      vertex -44.5359 44 0
      vertex -46.2679 47 2.6
      vertex -46.2679 47 0
    endloop
  endfacet
  facet normal -0.866032 -0.499989 0
    outer loop
      vertex -46.2679 47 2.6
      vertex -44.5359 44 0
      vertex -44.5359 44 2.6
    endloop
  endfacet
  facet normal 0.866019 -0.500011 0
    outer loop
      vertex -51.4641 44 2.6
      vertex -49.732 47 0
      vertex -49.732 47 2.6
    endloop
  endfacet
  facet normal 0.866019 -0.500011 0
    outer loop
      vertex -49.732 47 0
      vertex -51.4641 44 2.6
      vertex -51.4641 44 0
    endloop
  endfacet
  facet normal 0.866019 0.500011 0
    outer loop
      vertex -49.732 41 2.6
      vertex -51.4641 44 0
      vertex -51.4641 44 2.6
    endloop
  endfacet
  facet normal 0.866019 0.500011 0
    outer loop
      vertex -51.4641 44 0
      vertex -49.732 41 2.6
      vertex -49.732 41 0
    endloop
  endfacet
  facet normal 0 0 -1
    outer loop
      vertex -46.5007 43.1986 2.6
      vertex -44.5359 44 2.6
      vertex -46.2679 41 2.6
    endloop
  endfacet
  facet normal 0 0 -1
    outer loop
      vertex -46.3082 44.1666 2.6
      vertex -44.5359 44 2.6
      vertex -46.3 44 2.6
    endloop
  endfacet
  facet normal -0 0 -1
    outer loop
      vertex -44.5359 44 2.6
      vertex -46.3082 43.8334 2.6
      vertex -46.3 44 2.6
    endloop
  endfacet
  facet normal 0 0 -1
    outer loop
      vertex -44.5359 44 2.6
      vertex -46.3327 43.6683 2.6
      vertex -46.3082 43.8334 2.6
    endloop
  endfacet
  facet normal 0 0 -1
    outer loop
      vertex -44.5359 44 2.6
      vertex -46.3732 43.5065 2.6
      vertex -46.3327 43.6683 2.6
    endloop
  endfacet
  facet normal 0 0 -1
    outer loop
      vertex -44.5359 44 2.6
      vertex -46.4294 43.3494 2.6
      vertex -46.3732 43.5065 2.6
    endloop
  endfacet
  facet normal 0 0 -1
    outer loop
      vertex -44.5359 44 2.6
      vertex -46.5007 43.1986 2.6
      vertex -46.4294 43.3494 2.6
    endloop
  endfacet
  facet normal 0 0 -1
    outer loop
      vertex -46.2679 41 2.6
      vertex -46.5865 43.0555 2.6
      vertex -46.5007 43.1986 2.6
    endloop
  endfacet
  facet normal 0 0 -1
    outer loop
      vertex -46.2679 41 2.6
      vertex -46.6859 42.9215 2.6
      vertex -46.5865 43.0555 2.6
    endloop
  endfacet
  facet normal 0 0 -1
    outer loop
      vertex -46.2679 41 2.6
      vertex -46.7979 42.7979 2.6
      vertex -46.6859 42.9215 2.6
    endloop
  endfacet
  facet normal 0 0 -1
    outer loop
      vertex -46.2679 41 2.6
      vertex -46.9215 42.6859 2.6
      vertex -46.7979 42.7979 2.6
    endloop
  endfacet
  facet normal 0 0 -1
    outer loop
      vertex -46.2679 41 2.6
      vertex -47.0555 42.5865 2.6
      vertex -46.9215 42.6859 2.6
    endloop
  endfacet
  facet normal 0 0 -1
    outer loop
      vertex -46.2679 41 2.6
      vertex -47.1986 42.5007 2.6
      vertex -47.0555 42.5865 2.6
    endloop
  endfacet
  facet normal 0 0 -1
    outer loop
      vertex -46.2679 41 2.6
      vertex -47.3494 42.4294 2.6
      vertex -47.1986 42.5007 2.6
    endloop
  endfacet
  facet normal 0 0 -1
    outer loop
      vertex -46.2679 41 2.6
      vertex -47.5065 42.3732 2.6
      vertex -47.3494 42.4294 2.6
    endloop
  endfacet
  facet normal 0 0 -1
    outer loop
      vertex -46.2679 41 2.6
      vertex -47.6683 42.3327 2.6
      vertex -47.5065 42.3732 2.6
    endloop
  endfacet
  facet normal 0 0 -1
    outer loop
      vertex -46.2679 41 2.6
      vertex -47.8334 42.3082 2.6
      vertex -47.6683 42.3327 2.6
    endloop
  endfacet
  facet normal 0 0 -1
    outer loop
      vertex -46.2679 41 2.6
      vertex -48 42.3 2.6
      vertex -47.8334 42.3082 2.6
    endloop
  endfacet
  facet normal 0 0 -1
    outer loop
      vertex -49.732 41 2.6
      vertex -48 42.3 2.6
      vertex -46.2679 41 2.6
    endloop
  endfacet
  facet normal -0 0 -1
    outer loop
      vertex -48 42.3 2.6
      vertex -49.732 41 2.6
      vertex -48.1666 42.3082 2.6
    endloop
  endfacet
  facet normal -0 0 -1
    outer loop
      vertex -48.1666 42.3082 2.6
      vertex -49.732 41 2.6
      vertex -48.3317 42.3327 2.6
    endloop
  endfacet
  facet normal -0 0 -1
    outer loop
      vertex -48.3317 42.3327 2.6
      vertex -49.732 41 2.6
      vertex -48.4935 42.3732 2.6
    endloop
  endfacet
  facet normal -0 0 -1
    outer loop
      vertex -48.4935 42.3732 2.6
      vertex -49.732 41 2.6
      vertex -48.6506 42.4294 2.6
    endloop
  endfacet
  facet normal 0 0 -1
    outer loop
      vertex -49.6673 43.6683 2.6
      vertex -51.4641 44 2.6
      vertex -49.6918 43.8334 2.6
    endloop
  endfacet
  facet normal 0 0 -1
    outer loop
      vertex -49.6268 43.5065 2.6
      vertex -51.4641 44 2.6
      vertex -49.6673 43.6683 2.6
    endloop
  endfacet
  facet normal 0 0 -1
    outer loop
      vertex -49.5706 43.3494 2.6
      vertex -51.4641 44 2.6
      vertex -49.6268 43.5065 2.6
    endloop
  endfacet
  facet normal 0 0 -1
    outer loop
      vertex -49.4993 43.1986 2.6
      vertex -51.4641 44 2.6
      vertex -49.5706 43.3494 2.6
    endloop
  endfacet
  facet normal 0 0 -1
    outer loop
      vertex -51.4641 44 2.6
      vertex -49.4993 43.1986 2.6
      vertex -49.732 41 2.6
    endloop
  endfacet
  facet normal -0 0 -1
    outer loop
      vertex -49.4135 43.0555 2.6
      vertex -49.732 41 2.6
      vertex -49.4993 43.1986 2.6
    endloop
  endfacet
  facet normal -0 0 -1
    outer loop
      vertex -49.3141 42.9215 2.6
      vertex -49.732 41 2.6
      vertex -49.4135 43.0555 2.6
    endloop
  endfacet
  facet normal -0 0 -1
    outer loop
      vertex -49.2021 42.7979 2.6
      vertex -49.732 41 2.6
      vertex -49.3141 42.9215 2.6
    endloop
  endfacet
  facet normal -0 0 -1
    outer loop
      vertex -49.0785 42.6859 2.6
      vertex -49.732 41 2.6
      vertex -49.2021 42.7979 2.6
    endloop
  endfacet
  facet normal -0 0 -1
    outer loop
      vertex -48.9445 42.5865 2.6
      vertex -49.732 41 2.6
      vertex -49.0785 42.6859 2.6
    endloop
  endfacet
  facet normal -0 0 -1
    outer loop
      vertex -48.8014 42.5007 2.6
      vertex -49.732 41 2.6
      vertex -48.9445 42.5865 2.6
    endloop
  endfacet
  facet normal -0 0 -1
    outer loop
      vertex -48.6506 42.4294 2.6
      vertex -49.732 41 2.6
      vertex -48.8014 42.5007 2.6
    endloop
  endfacet
  facet normal 0 0 -1
    outer loop
      vertex -46.3327 44.3317 2.6
      vertex -44.5359 44 2.6
      vertex -46.3082 44.1666 2.6
    endloop
  endfacet
  facet normal 0 0 -1
    outer loop
      vertex -46.3732 44.4935 2.6
      vertex -44.5359 44 2.6
      vertex -46.3327 44.3317 2.6
    endloop
  endfacet
  facet normal 0 0 -1
    outer loop
      vertex -46.4294 44.6506 2.6
      vertex -44.5359 44 2.6
      vertex -46.3732 44.4935 2.6
    endloop
  endfacet
  facet normal 0 0 -1
    outer loop
      vertex -46.5007 44.8014 2.6
      vertex -44.5359 44 2.6
      vertex -46.4294 44.6506 2.6
    endloop
  endfacet
  facet normal 0 0 -1
    outer loop
      vertex -44.5359 44 2.6
      vertex -46.5007 44.8014 2.6
      vertex -46.2679 47 2.6
    endloop
  endfacet
  facet normal 0 0 -1
    outer loop
      vertex -46.5865 44.9445 2.6
      vertex -46.2679 47 2.6
      vertex -46.5007 44.8014 2.6
    endloop
  endfacet
  facet normal 0 0 -1
    outer loop
      vertex -46.6859 45.0785 2.6
      vertex -46.2679 47 2.6
      vertex -46.5865 44.9445 2.6
    endloop
  endfacet
  facet normal 0 0 -1
    outer loop
      vertex -46.7979 45.2021 2.6
      vertex -46.2679 47 2.6
      vertex -46.6859 45.0785 2.6
    endloop
  endfacet
  facet normal 0 0 -1
    outer loop
      vertex -46.9215 45.3141 2.6
      vertex -46.2679 47 2.6
      vertex -46.7979 45.2021 2.6
    endloop
  endfacet
  facet normal 0 0 -1
    outer loop
      vertex -47.0555 45.4135 2.6
      vertex -46.2679 47 2.6
      vertex -46.9215 45.3141 2.6
    endloop
  endfacet
  facet normal 0 0 -1
    outer loop
      vertex -47.1986 45.4993 2.6
      vertex -46.2679 47 2.6
      vertex -47.0555 45.4135 2.6
    endloop
  endfacet
  facet normal 0 0 -1
    outer loop
      vertex -47.3494 45.5706 2.6
      vertex -46.2679 47 2.6
      vertex -47.1986 45.4993 2.6
    endloop
  endfacet
  facet normal 0 0 -1
    outer loop
      vertex -47.5065 45.6268 2.6
      vertex -46.2679 47 2.6
      vertex -47.3494 45.5706 2.6
    endloop
  endfacet
  facet normal 0 0 -1
    outer loop
      vertex -47.6683 45.6673 2.6
      vertex -46.2679 47 2.6
      vertex -47.5065 45.6268 2.6
    endloop
  endfacet
  facet normal 0 0 -1
    outer loop
      vertex -47.8334 45.6918 2.6
      vertex -46.2679 47 2.6
      vertex -47.6683 45.6673 2.6
    endloop
  endfacet
  facet normal 0 0 -1
    outer loop
      vertex -48 45.7 2.6
      vertex -46.2679 47 2.6
      vertex -47.8334 45.6918 2.6
    endloop
  endfacet
  facet normal 0 0 -1
    outer loop
      vertex -49.732 47 2.6
      vertex -48 45.7 2.6
      vertex -48.1666 45.6918 2.6
    endloop
  endfacet
  facet normal 0 0 -1
    outer loop
      vertex -49.732 47 2.6
      vertex -48.1666 45.6918 2.6
      vertex -48.3317 45.6673 2.6
    endloop
  endfacet
  facet normal 0 0 -1
    outer loop
      vertex -49.732 47 2.6
      vertex -48.3317 45.6673 2.6
      vertex -48.4935 45.6268 2.6
    endloop
  endfacet
  facet normal 0 0 -1
    outer loop
      vertex -49.732 47 2.6
      vertex -48.4935 45.6268 2.6
      vertex -48.6506 45.5706 2.6
    endloop
  endfacet
  facet normal 0 0 -1
    outer loop
      vertex -49.732 47 2.6
      vertex -48.6506 45.5706 2.6
      vertex -48.8014 45.4993 2.6
    endloop
  endfacet
  facet normal 0 0 -1
    outer loop
      vertex -48 45.7 2.6
      vertex -49.732 47 2.6
      vertex -46.2679 47 2.6
    endloop
  endfacet
  facet normal 0 0 -1
    outer loop
      vertex -48.9445 45.4135 2.6
      vertex -49.732 47 2.6
      vertex -48.8014 45.4993 2.6
    endloop
  endfacet
  facet normal 0 0 -1
    outer loop
      vertex -49.0785 45.3141 2.6
      vertex -49.732 47 2.6
      vertex -48.9445 45.4135 2.6
    endloop
  endfacet
  facet normal 0 0 -1
    outer loop
      vertex -49.2021 45.2021 2.6
      vertex -49.732 47 2.6
      vertex -49.0785 45.3141 2.6
    endloop
  endfacet
  facet normal 0 0 -1
    outer loop
      vertex -49.3141 45.0785 2.6
      vertex -49.732 47 2.6
      vertex -49.2021 45.2021 2.6
    endloop
  endfacet
  facet normal 0 0 -1
    outer loop
      vertex -49.4135 44.9445 2.6
      vertex -49.732 47 2.6
      vertex -49.3141 45.0785 2.6
    endloop
  endfacet
  facet normal 0 0 -1
    outer loop
      vertex -49.4993 44.8014 2.6
      vertex -49.732 47 2.6
      vertex -49.4135 44.9445 2.6
    endloop
  endfacet
  facet normal 0 0 -1
    outer loop
      vertex -51.4641 44 2.6
      vertex -49.4993 44.8014 2.6
      vertex -49.5706 44.6506 2.6
    endloop
  endfacet
  facet normal 0 0 -1
    outer loop
      vertex -51.4641 44 2.6
      vertex -49.5706 44.6506 2.6
      vertex -49.6268 44.4935 2.6
    endloop
  endfacet
  facet normal 0 0 -1
    outer loop
      vertex -51.4641 44 2.6
      vertex -49.6268 44.4935 2.6
      vertex -49.6673 44.3317 2.6
    endloop
  endfacet
  facet normal 0 0 -1
    outer loop
      vertex -51.4641 44 2.6
      vertex -49.6673 44.3317 2.6
      vertex -49.6918 44.1666 2.6
    endloop
  endfacet
  facet normal 0 0 -1
    outer loop
      vertex -51.4641 44 2.6
      vertex -49.6918 44.1666 2.6
      vertex -49.7 44 2.6
    endloop
  endfacet
  facet normal 0 0 -1
    outer loop
      vertex -49.6918 43.8334 2.6
      vertex -51.4641 44 2.6
      vertex -49.7 44 2.6
    endloop
  endfacet
  facet normal -0 0 -1
    outer loop
      vertex -49.4993 44.8014 2.6
      vertex -51.4641 44 2.6
      vertex -49.732 47 2.6
    endloop
  endfacet
  facet normal -0.989168 0.146788 0
    outer loop
      vertex 49.6673 -44.3317 2.6
      vertex 49.6918 -44.1666 32.4
      vertex 49.6918 -44.1666 2.6
    endloop
  endfacet
  facet normal -0.989168 0.146788 0
    outer loop
      vertex 49.6918 -44.1666 32.4
      vertex 49.6673 -44.3317 2.6
      vertex 49.6673 -44.3317 32.4
    endloop
  endfacet
  facet normal 0.514231 -0.857652 0
    outer loop
      vertex 47.0555 -42.5865 2.6
      vertex 47.1986 -42.5007 32.4
      vertex 47.0555 -42.5865 32.4
    endloop
  endfacet
  facet normal 0.514231 -0.857652 0
    outer loop
      vertex 47.1986 -42.5007 32.4
      vertex 47.0555 -42.5865 2.6
      vertex 47.1986 -42.5007 2.6
    endloop
  endfacet
  facet normal 0.857652 0.514231 0
    outer loop
      vertex 46.5865 -44.9445 32.4
      vertex 46.5007 -44.8014 2.6
      vertex 46.5007 -44.8014 32.4
    endloop
  endfacet
  facet normal 0.857652 0.514231 0
    outer loop
      vertex 46.5007 -44.8014 2.6
      vertex 46.5865 -44.9445 32.4
      vertex 46.5865 -44.9445 2.6
    endloop
  endfacet
  facet normal -0.514231 0.857652 0
    outer loop
      vertex 48.9445 -45.4135 2.6
      vertex 48.8014 -45.4993 32.4
      vertex 48.9445 -45.4135 32.4
    endloop
  endfacet
  facet normal -0.514231 0.857652 0
    outer loop
      vertex 48.8014 -45.4993 32.4
      vertex 48.9445 -45.4135 2.6
      vertex 48.8014 -45.4993 2.6
    endloop
  endfacet
  facet normal 0.0491602 -0.998791 0
    outer loop
      vertex 47.8334 -42.3082 2.6
      vertex 48 -42.3 32.4
      vertex 47.8334 -42.3082 32.4
    endloop
  endfacet
  facet normal 0.0491602 -0.998791 0
    outer loop
      vertex 48 -42.3 32.4
      vertex 47.8334 -42.3082 2.6
      vertex 48 -42.3 2.6
    endloop
  endfacet
  facet normal -0.146788 0.989168 0
    outer loop
      vertex 48.3317 -45.6673 2.6
      vertex 48.1666 -45.6918 32.4
      vertex 48.3317 -45.6673 32.4
    endloop
  endfacet
  facet normal -0.146788 0.989168 0
    outer loop
      vertex 48.1666 -45.6918 32.4
      vertex 48.3317 -45.6673 2.6
      vertex 48.1666 -45.6918 2.6
    endloop
  endfacet
  facet normal -0.595772 -0.803154 0
    outer loop
      vertex 48.9445 -42.5865 2.6
      vertex 49.0785 -42.6859 32.4
      vertex 48.9445 -42.5865 32.4
    endloop
  endfacet
  facet normal -0.595772 -0.803154 -0
    outer loop
      vertex 49.0785 -42.6859 32.4
      vertex 48.9445 -42.5865 2.6
      vertex 49.0785 -42.6859 2.6
    endloop
  endfacet
  facet normal -0.941566 -0.33683 0
    outer loop
      vertex 49.6268 -43.5065 2.6
      vertex 49.5706 -43.3494 32.4
      vertex 49.5706 -43.3494 2.6
    endloop
  endfacet
  facet normal -0.941566 -0.33683 0
    outer loop
      vertex 49.5706 -43.3494 32.4
      vertex 49.6268 -43.5065 2.6
      vertex 49.6268 -43.5065 32.4
    endloop
  endfacet
  facet normal 0.33683 -0.941566 0
    outer loop
      vertex 47.3494 -42.4294 2.6
      vertex 47.5065 -42.3732 32.4
      vertex 47.3494 -42.4294 32.4
    endloop
  endfacet
  facet normal 0.33683 -0.941566 0
    outer loop
      vertex 47.5065 -42.3732 32.4
      vertex 47.3494 -42.4294 2.6
      vertex 47.5065 -42.3732 2.6
    endloop
  endfacet
  facet normal -0.33683 -0.941566 0
    outer loop
      vertex 48.4935 -42.3732 2.6
      vertex 48.6506 -42.4294 32.4
      vertex 48.4935 -42.3732 32.4
    endloop
  endfacet
  facet normal -0.33683 -0.941566 -0
    outer loop
      vertex 48.6506 -42.4294 32.4
      vertex 48.4935 -42.3732 2.6
      vertex 48.6506 -42.4294 2.6
    endloop
  endfacet
  facet normal 0.998791 -0.0491602 0
    outer loop
      vertex 46.3 -44 32.4
      vertex 46.3082 -43.8334 2.6
      vertex 46.3082 -43.8334 32.4
    endloop
  endfacet
  facet normal 0.998791 -0.0491602 0
    outer loop
      vertex 46.3082 -43.8334 2.6
      vertex 46.3 -44 32.4
      vertex 46.3 -44 2.6
    endloop
  endfacet
  facet normal 0.989168 0.146788 0
    outer loop
      vertex 46.3327 -44.3317 32.4
      vertex 46.3082 -44.1666 2.6
      vertex 46.3082 -44.1666 32.4
    endloop
  endfacet
  facet normal 0.989168 0.146788 0
    outer loop
      vertex 46.3082 -44.1666 2.6
      vertex 46.3327 -44.3317 32.4
      vertex 46.3327 -44.3317 2.6
    endloop
  endfacet
  facet normal 0.242818 -0.970072 0
    outer loop
      vertex 47.5065 -42.3732 2.6
      vertex 47.6683 -42.3327 32.4
      vertex 47.5065 -42.3732 32.4
    endloop
  endfacet
  facet normal 0.242818 -0.970072 0
    outer loop
      vertex 47.6683 -42.3327 32.4
      vertex 47.5065 -42.3732 2.6
      vertex 47.6683 -42.3327 2.6
    endloop
  endfacet
  facet normal 0.998791 0.0491602 0
    outer loop
      vertex 46.3082 -44.1666 32.4
      vertex 46.3 -44 2.6
      vertex 46.3 -44 32.4
    endloop
  endfacet
  facet normal 0.998791 0.0491602 0
    outer loop
      vertex 46.3 -44 2.6
      vertex 46.3082 -44.1666 32.4
      vertex 46.3082 -44.1666 2.6
    endloop
  endfacet
  facet normal -0.989168 -0.146788 0
    outer loop
      vertex 49.6918 -43.8334 2.6
      vertex 49.6673 -43.6683 32.4
      vertex 49.6673 -43.6683 2.6
    endloop
  endfacet
  facet normal -0.989168 -0.146788 0
    outer loop
      vertex 49.6673 -43.6683 32.4
      vertex 49.6918 -43.8334 2.6
      vertex 49.6918 -43.8334 32.4
    endloop
  endfacet
  facet normal -0.998791 -0.0491602 0
    outer loop
      vertex 49.7 -44 2.6
      vertex 49.6918 -43.8334 32.4
      vertex 49.6918 -43.8334 2.6
    endloop
  endfacet
  facet normal -0.998791 -0.0491602 0
    outer loop
      vertex 49.6918 -43.8334 32.4
      vertex 49.7 -44 2.6
      vertex 49.7 -44 32.4
    endloop
  endfacet
  facet normal -0.0491602 0.998791 0
    outer loop
      vertex 48.1666 -45.6918 2.6
      vertex 48 -45.7 32.4
      vertex 48.1666 -45.6918 32.4
    endloop
  endfacet
  facet normal -0.0491602 0.998791 0
    outer loop
      vertex 48 -45.7 32.4
      vertex 48.1666 -45.6918 2.6
      vertex 48 -45.7 2.6
    endloop
  endfacet
  facet normal -0.427442 -0.904043 0
    outer loop
      vertex 48.6506 -42.4294 2.6
      vertex 48.8014 -42.5007 32.4
      vertex 48.6506 -42.4294 32.4
    endloop
  endfacet
  facet normal -0.427442 -0.904043 -0
    outer loop
      vertex 48.8014 -42.5007 32.4
      vertex 48.6506 -42.4294 2.6
      vertex 48.8014 -42.5007 2.6
    endloop
  endfacet
  facet normal 0.970072 -0.242818 0
    outer loop
      vertex 46.3327 -43.6683 32.4
      vertex 46.3732 -43.5065 2.6
      vertex 46.3732 -43.5065 32.4
    endloop
  endfacet
  facet normal 0.970072 -0.242818 0
    outer loop
      vertex 46.3732 -43.5065 2.6
      vertex 46.3327 -43.6683 32.4
      vertex 46.3327 -43.6683 2.6
    endloop
  endfacet
  facet normal -0.803154 0.595772 0
    outer loop
      vertex 49.3141 -45.0785 2.6
      vertex 49.4135 -44.9445 32.4
      vertex 49.4135 -44.9445 2.6
    endloop
  endfacet
  facet normal -0.803154 0.595772 0
    outer loop
      vertex 49.4135 -44.9445 32.4
      vertex 49.3141 -45.0785 2.6
      vertex 49.3141 -45.0785 32.4
    endloop
  endfacet
  facet normal 0.857652 -0.514231 0
    outer loop
      vertex 46.5007 -43.1986 32.4
      vertex 46.5865 -43.0555 2.6
      vertex 46.5865 -43.0555 32.4
    endloop
  endfacet
  facet normal 0.857652 -0.514231 0
    outer loop
      vertex 46.5865 -43.0555 2.6
      vertex 46.5007 -43.1986 32.4
      vertex 46.5007 -43.1986 2.6
    endloop
  endfacet
  facet normal 0.941566 0.33683 0
    outer loop
      vertex 46.4294 -44.6506 32.4
      vertex 46.3732 -44.4935 2.6
      vertex 46.3732 -44.4935 32.4
    endloop
  endfacet
  facet normal 0.941566 0.33683 0
    outer loop
      vertex 46.3732 -44.4935 2.6
      vertex 46.4294 -44.6506 32.4
      vertex 46.4294 -44.6506 2.6
    endloop
  endfacet
  facet normal -0.514231 -0.857652 0
    outer loop
      vertex 48.8014 -42.5007 2.6
      vertex 48.9445 -42.5865 32.4
      vertex 48.8014 -42.5007 32.4
    endloop
  endfacet
  facet normal -0.514231 -0.857652 -0
    outer loop
      vertex 48.9445 -42.5865 32.4
      vertex 48.8014 -42.5007 2.6
      vertex 48.9445 -42.5865 2.6
    endloop
  endfacet
  facet normal 0.146788 -0.989168 0
    outer loop
      vertex 47.6683 -42.3327 2.6
      vertex 47.8334 -42.3082 32.4
      vertex 47.6683 -42.3327 32.4
    endloop
  endfacet
  facet normal 0.146788 -0.989168 0
    outer loop
      vertex 47.8334 -42.3082 32.4
      vertex 47.6683 -42.3327 2.6
      vertex 47.8334 -42.3082 2.6
    endloop
  endfacet
  facet normal 0.242818 0.970072 -0
    outer loop
      vertex 47.6683 -45.6673 2.6
      vertex 47.5065 -45.6268 32.4
      vertex 47.6683 -45.6673 32.4
    endloop
  endfacet
  facet normal 0.242818 0.970072 0
    outer loop
      vertex 47.5065 -45.6268 32.4
      vertex 47.6683 -45.6673 2.6
      vertex 47.5065 -45.6268 2.6
    endloop
  endfacet
  facet normal -0.857652 0.514231 0
    outer loop
      vertex 49.4135 -44.9445 2.6
      vertex 49.4993 -44.8014 32.4
      vertex 49.4993 -44.8014 2.6
    endloop
  endfacet
  facet normal -0.857652 0.514231 0
    outer loop
      vertex 49.4993 -44.8014 32.4
      vertex 49.4135 -44.9445 2.6
      vertex 49.4135 -44.9445 32.4
    endloop
  endfacet
  facet normal -0.970072 -0.242818 0
    outer loop
      vertex 49.6673 -43.6683 2.6
      vertex 49.6268 -43.5065 32.4
      vertex 49.6268 -43.5065 2.6
    endloop
  endfacet
  facet normal -0.970072 -0.242818 0
    outer loop
      vertex 49.6268 -43.5065 32.4
      vertex 49.6673 -43.6683 2.6
      vertex 49.6673 -43.6683 32.4
    endloop
  endfacet
  facet normal -0.671478 -0.741024 0
    outer loop
      vertex 49.0785 -42.6859 2.6
      vertex 49.2021 -42.7979 32.4
      vertex 49.0785 -42.6859 32.4
    endloop
  endfacet
  facet normal -0.671478 -0.741024 -0
    outer loop
      vertex 49.2021 -42.7979 32.4
      vertex 49.0785 -42.6859 2.6
      vertex 49.2021 -42.7979 2.6
    endloop
  endfacet
  facet normal -0.427442 0.904043 0
    outer loop
      vertex 48.8014 -45.4993 2.6
      vertex 48.6506 -45.5706 32.4
      vertex 48.8014 -45.4993 32.4
    endloop
  endfacet
  facet normal -0.427442 0.904043 0
    outer loop
      vertex 48.6506 -45.5706 32.4
      vertex 48.8014 -45.4993 2.6
      vertex 48.6506 -45.5706 2.6
    endloop
  endfacet
  facet normal -0.146788 -0.989168 0
    outer loop
      vertex 48.1666 -42.3082 2.6
      vertex 48.3317 -42.3327 32.4
      vertex 48.1666 -42.3082 32.4
    endloop
  endfacet
  facet normal -0.146788 -0.989168 -0
    outer loop
      vertex 48.3317 -42.3327 32.4
      vertex 48.1666 -42.3082 2.6
      vertex 48.3317 -42.3327 2.6
    endloop
  endfacet
  facet normal -0.0491602 -0.998791 0
    outer loop
      vertex 48 -42.3 2.6
      vertex 48.1666 -42.3082 32.4
      vertex 48 -42.3 32.4
    endloop
  endfacet
  facet normal -0.0491602 -0.998791 -0
    outer loop
      vertex 48.1666 -42.3082 32.4
      vertex 48 -42.3 2.6
      vertex 48.1666 -42.3082 2.6
    endloop
  endfacet
  facet normal 0.595772 -0.803154 0
    outer loop
      vertex 46.9215 -42.6859 2.6
      vertex 47.0555 -42.5865 32.4
      vertex 46.9215 -42.6859 32.4
    endloop
  endfacet
  facet normal 0.595772 -0.803154 0
    outer loop
      vertex 47.0555 -42.5865 32.4
      vertex 46.9215 -42.6859 2.6
      vertex 47.0555 -42.5865 2.6
    endloop
  endfacet
  facet normal -0.741024 -0.671478 0
    outer loop
      vertex 49.3141 -42.9215 2.6
      vertex 49.2021 -42.7979 32.4
      vertex 49.2021 -42.7979 2.6
    endloop
  endfacet
  facet normal -0.741024 -0.671478 0
    outer loop
      vertex 49.2021 -42.7979 32.4
      vertex 49.3141 -42.9215 2.6
      vertex 49.3141 -42.9215 32.4
    endloop
  endfacet
  facet normal 0.595772 0.803154 -0
    outer loop
      vertex 47.0555 -45.4135 2.6
      vertex 46.9215 -45.3141 32.4
      vertex 47.0555 -45.4135 32.4
    endloop
  endfacet
  facet normal 0.595772 0.803154 0
    outer loop
      vertex 46.9215 -45.3141 32.4
      vertex 47.0555 -45.4135 2.6
      vertex 46.9215 -45.3141 2.6
    endloop
  endfacet
  facet normal 0.904043 -0.427442 0
    outer loop
      vertex 46.4294 -43.3494 32.4
      vertex 46.5007 -43.1986 2.6
      vertex 46.5007 -43.1986 32.4
    endloop
  endfacet
  facet normal 0.904043 -0.427442 0
    outer loop
      vertex 46.5007 -43.1986 2.6
      vertex 46.4294 -43.3494 32.4
      vertex 46.4294 -43.3494 2.6
    endloop
  endfacet
  facet normal -0.857652 -0.514231 0
    outer loop
      vertex 49.4993 -43.1986 2.6
      vertex 49.4135 -43.0555 32.4
      vertex 49.4135 -43.0555 2.6
    endloop
  endfacet
  facet normal -0.857652 -0.514231 0
    outer loop
      vertex 49.4135 -43.0555 32.4
      vertex 49.4993 -43.1986 2.6
      vertex 49.4993 -43.1986 32.4
    endloop
  endfacet
  facet normal 0.989168 -0.146788 0
    outer loop
      vertex 46.3082 -43.8334 32.4
      vertex 46.3327 -43.6683 2.6
      vertex 46.3327 -43.6683 32.4
    endloop
  endfacet
  facet normal 0.989168 -0.146788 0
    outer loop
      vertex 46.3327 -43.6683 2.6
      vertex 46.3082 -43.8334 32.4
      vertex 46.3082 -43.8334 2.6
    endloop
  endfacet
  facet normal -0.998791 0.0491602 0
    outer loop
      vertex 49.6918 -44.1666 2.6
      vertex 49.7 -44 32.4
      vertex 49.7 -44 2.6
    endloop
  endfacet
  facet normal -0.998791 0.0491602 0
    outer loop
      vertex 49.7 -44 32.4
      vertex 49.6918 -44.1666 2.6
      vertex 49.6918 -44.1666 32.4
    endloop
  endfacet
  facet normal -0.970072 0.242818 0
    outer loop
      vertex 49.6268 -44.4935 2.6
      vertex 49.6673 -44.3317 32.4
      vertex 49.6673 -44.3317 2.6
    endloop
  endfacet
  facet normal -0.970072 0.242818 0
    outer loop
      vertex 49.6673 -44.3317 32.4
      vertex 49.6268 -44.4935 2.6
      vertex 49.6268 -44.4935 32.4
    endloop
  endfacet
  facet normal -0.904043 0.427442 0
    outer loop
      vertex 49.4993 -44.8014 2.6
      vertex 49.5706 -44.6506 32.4
      vertex 49.5706 -44.6506 2.6
    endloop
  endfacet
  facet normal -0.904043 0.427442 0
    outer loop
      vertex 49.5706 -44.6506 32.4
      vertex 49.4993 -44.8014 2.6
      vertex 49.4993 -44.8014 32.4
    endloop
  endfacet
  facet normal 0.146788 0.989168 -0
    outer loop
      vertex 47.8334 -45.6918 2.6
      vertex 47.6683 -45.6673 32.4
      vertex 47.8334 -45.6918 32.4
    endloop
  endfacet
  facet normal 0.146788 0.989168 0
    outer loop
      vertex 47.6683 -45.6673 32.4
      vertex 47.8334 -45.6918 2.6
      vertex 47.6683 -45.6673 2.6
    endloop
  endfacet
  facet normal -0.904043 -0.427442 0
    outer loop
      vertex 49.5706 -43.3494 2.6
      vertex 49.4993 -43.1986 32.4
      vertex 49.4993 -43.1986 2.6
    endloop
  endfacet
  facet normal -0.904043 -0.427442 0
    outer loop
      vertex 49.4993 -43.1986 32.4
      vertex 49.5706 -43.3494 2.6
      vertex 49.5706 -43.3494 32.4
    endloop
  endfacet
  facet normal -0.803154 -0.595772 0
    outer loop
      vertex 49.4135 -43.0555 2.6
      vertex 49.3141 -42.9215 32.4
      vertex 49.3141 -42.9215 2.6
    endloop
  endfacet
  facet normal -0.803154 -0.595772 0
    outer loop
      vertex 49.3141 -42.9215 32.4
      vertex 49.4135 -43.0555 2.6
      vertex 49.4135 -43.0555 32.4
    endloop
  endfacet
  facet normal 0.904043 0.427442 0
    outer loop
      vertex 46.5007 -44.8014 32.4
      vertex 46.4294 -44.6506 2.6
      vertex 46.4294 -44.6506 32.4
    endloop
  endfacet
  facet normal 0.904043 0.427442 0
    outer loop
      vertex 46.4294 -44.6506 2.6
      vertex 46.5007 -44.8014 32.4
      vertex 46.5007 -44.8014 2.6
    endloop
  endfacet
  facet normal 0.427442 -0.904043 0
    outer loop
      vertex 47.1986 -42.5007 2.6
      vertex 47.3494 -42.4294 32.4
      vertex 47.1986 -42.5007 32.4
    endloop
  endfacet
  facet normal 0.427442 -0.904043 0
    outer loop
      vertex 47.3494 -42.4294 32.4
      vertex 47.1986 -42.5007 2.6
      vertex 47.3494 -42.4294 2.6
    endloop
  endfacet
  facet normal -0.242818 0.970072 0
    outer loop
      vertex 48.4935 -45.6268 2.6
      vertex 48.3317 -45.6673 32.4
      vertex 48.4935 -45.6268 32.4
    endloop
  endfacet
  facet normal -0.242818 0.970072 0
    outer loop
      vertex 48.3317 -45.6673 32.4
      vertex 48.4935 -45.6268 2.6
      vertex 48.3317 -45.6673 2.6
    endloop
  endfacet
  facet normal 0.671478 -0.741024 0
    outer loop
      vertex 46.7979 -42.7979 2.6
      vertex 46.9215 -42.6859 32.4
      vertex 46.7979 -42.7979 32.4
    endloop
  endfacet
  facet normal 0.671478 -0.741024 0
    outer loop
      vertex 46.9215 -42.6859 32.4
      vertex 46.7979 -42.7979 2.6
      vertex 46.9215 -42.6859 2.6
    endloop
  endfacet
  facet normal 0.803154 0.595772 0
    outer loop
      vertex 46.6859 -45.0785 32.4
      vertex 46.5865 -44.9445 2.6
      vertex 46.5865 -44.9445 32.4
    endloop
  endfacet
  facet normal 0.803154 0.595772 0
    outer loop
      vertex 46.5865 -44.9445 2.6
      vertex 46.6859 -45.0785 32.4
      vertex 46.6859 -45.0785 2.6
    endloop
  endfacet
  facet normal 0.741024 0.671478 0
    outer loop
      vertex 46.7979 -45.2021 32.4
      vertex 46.6859 -45.0785 2.6
      vertex 46.6859 -45.0785 32.4
    endloop
  endfacet
  facet normal 0.741024 0.671478 0
    outer loop
      vertex 46.6859 -45.0785 2.6
      vertex 46.7979 -45.2021 32.4
      vertex 46.7979 -45.2021 2.6
    endloop
  endfacet
  facet normal -0.242818 -0.970072 0
    outer loop
      vertex 48.3317 -42.3327 2.6
      vertex 48.4935 -42.3732 32.4
      vertex 48.3317 -42.3327 32.4
    endloop
  endfacet
  facet normal -0.242818 -0.970072 -0
    outer loop
      vertex 48.4935 -42.3732 32.4
      vertex 48.3317 -42.3327 2.6
      vertex 48.4935 -42.3732 2.6
    endloop
  endfacet
  facet normal 0.0491602 0.998791 -0
    outer loop
      vertex 48 -45.7 2.6
      vertex 47.8334 -45.6918 32.4
      vertex 48 -45.7 32.4
    endloop
  endfacet
  facet normal 0.0491602 0.998791 0
    outer loop
      vertex 47.8334 -45.6918 32.4
      vertex 48 -45.7 2.6
      vertex 47.8334 -45.6918 2.6
    endloop
  endfacet
  facet normal 0.970072 0.242818 0
    outer loop
      vertex 46.3732 -44.4935 32.4
      vertex 46.3327 -44.3317 2.6
      vertex 46.3327 -44.3317 32.4
    endloop
  endfacet
  facet normal 0.970072 0.242818 0
    outer loop
      vertex 46.3327 -44.3317 2.6
      vertex 46.3732 -44.4935 32.4
      vertex 46.3732 -44.4935 2.6
    endloop
  endfacet
  facet normal 0.803154 -0.595772 0
    outer loop
      vertex 46.5865 -43.0555 32.4
      vertex 46.6859 -42.9215 2.6
      vertex 46.6859 -42.9215 32.4
    endloop
  endfacet
  facet normal 0.803154 -0.595772 0
    outer loop
      vertex 46.6859 -42.9215 2.6
      vertex 46.5865 -43.0555 32.4
      vertex 46.5865 -43.0555 2.6
    endloop
  endfacet
  facet normal 0.741024 -0.671478 0
    outer loop
      vertex 46.6859 -42.9215 32.4
      vertex 46.7979 -42.7979 2.6
      vertex 46.7979 -42.7979 32.4
    endloop
  endfacet
  facet normal 0.741024 -0.671478 0
    outer loop
      vertex 46.7979 -42.7979 2.6
      vertex 46.6859 -42.9215 32.4
      vertex 46.6859 -42.9215 2.6
    endloop
  endfacet
  facet normal -0.941566 0.33683 0
    outer loop
      vertex 49.5706 -44.6506 2.6
      vertex 49.6268 -44.4935 32.4
      vertex 49.6268 -44.4935 2.6
    endloop
  endfacet
  facet normal -0.941566 0.33683 0
    outer loop
      vertex 49.6268 -44.4935 32.4
      vertex 49.5706 -44.6506 2.6
      vertex 49.5706 -44.6506 32.4
    endloop
  endfacet
  facet normal 0.33683 0.941566 -0
    outer loop
      vertex 47.5065 -45.6268 2.6
      vertex 47.3494 -45.5706 32.4
      vertex 47.5065 -45.6268 32.4
    endloop
  endfacet
  facet normal 0.33683 0.941566 0
    outer loop
      vertex 47.3494 -45.5706 32.4
      vertex 47.5065 -45.6268 2.6
      vertex 47.3494 -45.5706 2.6
    endloop
  endfacet
  facet normal -0.595772 0.803154 0
    outer loop
      vertex 49.0785 -45.3141 2.6
      vertex 48.9445 -45.4135 32.4
      vertex 49.0785 -45.3141 32.4
    endloop
  endfacet
  facet normal -0.595772 0.803154 0
    outer loop
      vertex 48.9445 -45.4135 32.4
      vertex 49.0785 -45.3141 2.6
      vertex 48.9445 -45.4135 2.6
    endloop
  endfacet
  facet normal 0.514231 0.857652 -0
    outer loop
      vertex 47.1986 -45.4993 2.6
      vertex 47.0555 -45.4135 32.4
      vertex 47.1986 -45.4993 32.4
    endloop
  endfacet
  facet normal 0.514231 0.857652 0
    outer loop
      vertex 47.0555 -45.4135 32.4
      vertex 47.1986 -45.4993 2.6
      vertex 47.0555 -45.4135 2.6
    endloop
  endfacet
  facet normal 0.941566 -0.33683 0
    outer loop
      vertex 46.3732 -43.5065 32.4
      vertex 46.4294 -43.3494 2.6
      vertex 46.4294 -43.3494 32.4
    endloop
  endfacet
  facet normal 0.941566 -0.33683 0
    outer loop
      vertex 46.4294 -43.3494 2.6
      vertex 46.3732 -43.5065 32.4
      vertex 46.3732 -43.5065 2.6
    endloop
  endfacet
  facet normal 0.671478 0.741024 -0
    outer loop
      vertex 46.9215 -45.3141 2.6
      vertex 46.7979 -45.2021 32.4
      vertex 46.9215 -45.3141 32.4
    endloop
  endfacet
  facet normal 0.671478 0.741024 0
    outer loop
      vertex 46.7979 -45.2021 32.4
      vertex 46.9215 -45.3141 2.6
      vertex 46.7979 -45.2021 2.6
    endloop
  endfacet
  facet normal 0.427442 0.904043 -0
    outer loop
      vertex 47.3494 -45.5706 2.6
      vertex 47.1986 -45.4993 32.4
      vertex 47.3494 -45.5706 32.4
    endloop
  endfacet
  facet normal 0.427442 0.904043 0
    outer loop
      vertex 47.1986 -45.4993 32.4
      vertex 47.3494 -45.5706 2.6
      vertex 47.1986 -45.4993 2.6
    endloop
  endfacet
  facet normal -0.741024 0.671478 0
    outer loop
      vertex 49.2021 -45.2021 2.6
      vertex 49.3141 -45.0785 32.4
      vertex 49.3141 -45.0785 2.6
    endloop
  endfacet
  facet normal -0.741024 0.671478 0
    outer loop
      vertex 49.3141 -45.0785 32.4
      vertex 49.2021 -45.2021 2.6
      vertex 49.2021 -45.2021 32.4
    endloop
  endfacet
  facet normal -0.671478 0.741024 0
    outer loop
      vertex 49.2021 -45.2021 2.6
      vertex 49.0785 -45.3141 32.4
      vertex 49.2021 -45.2021 32.4
    endloop
  endfacet
  facet normal -0.671478 0.741024 0
    outer loop
      vertex 49.0785 -45.3141 32.4
      vertex 49.2021 -45.2021 2.6
      vertex 49.0785 -45.3141 2.6
    endloop
  endfacet
  facet normal -0.33683 0.941566 0
    outer loop
      vertex 48.6506 -45.5706 2.6
      vertex 48.4935 -45.6268 32.4
      vertex 48.6506 -45.5706 32.4
    endloop
  endfacet
  facet normal -0.33683 0.941566 0
    outer loop
      vertex 48.4935 -45.6268 32.4
      vertex 48.6506 -45.5706 2.6
      vertex 48.4935 -45.6268 2.6
    endloop
  endfacet
  facet normal 0 1 -0
    outer loop
      vertex 49.732 -47 0
      vertex 46.2679 -47 2.6
      vertex 49.732 -47 2.6
    endloop
  endfacet
  facet normal 0 1 0
    outer loop
      vertex 46.2679 -47 2.6
      vertex 49.732 -47 0
      vertex 46.2679 -47 0
    endloop
  endfacet
  facet normal -0.866019 0.500011 0
    outer loop
      vertex 49.732 -47 0
      vertex 51.4641 -44 2.6
      vertex 51.4641 -44 0
    endloop
  endfacet
  facet normal -0.866019 0.500011 0
    outer loop
      vertex 51.4641 -44 2.6
      vertex 49.732 -47 0
      vertex 49.732 -47 2.6
    endloop
  endfacet
  facet normal 0 -1 0
    outer loop
      vertex 46.2679 -41 0
      vertex 49.732 -41 2.6
      vertex 46.2679 -41 2.6
    endloop
  endfacet
  facet normal 0 -1 -0
    outer loop
      vertex 49.732 -41 2.6
      vertex 46.2679 -41 0
      vertex 49.732 -41 0
    endloop
  endfacet
  facet normal -0.866019 -0.500011 0
    outer loop
      vertex 51.4641 -44 0
      vertex 49.732 -41 2.6
      vertex 49.732 -41 0
    endloop
  endfacet
  facet normal -0.866019 -0.500011 0
    outer loop
      vertex 49.732 -41 2.6
      vertex 51.4641 -44 0
      vertex 51.4641 -44 2.6
    endloop
  endfacet
  facet normal 0.866032 -0.499989 0
    outer loop
      vertex 44.5359 -44 2.6
      vertex 46.2679 -41 0
      vertex 46.2679 -41 2.6
    endloop
  endfacet
  facet normal 0.866032 -0.499989 0
    outer loop
      vertex 46.2679 -41 0
      vertex 44.5359 -44 2.6
      vertex 44.5359 -44 0
    endloop
  endfacet
  facet normal 0.866032 0.499989 0
    outer loop
      vertex 46.2679 -47 2.6
      vertex 44.5359 -44 0
      vertex 44.5359 -44 2.6
    endloop
  endfacet
  facet normal 0.866032 0.499989 0
    outer loop
      vertex 44.5359 -44 0
      vertex 46.2679 -47 2.6
      vertex 46.2679 -47 0
    endloop
  endfacet
  facet normal 0 0 -1
    outer loop
      vertex 49.4993 -44.8014 2.6
      vertex 51.4641 -44 2.6
      vertex 49.732 -47 2.6
    endloop
  endfacet
  facet normal 0 0 -1
    outer loop
      vertex 49.6918 -43.8334 2.6
      vertex 51.4641 -44 2.6
      vertex 49.7 -44 2.6
    endloop
  endfacet
  facet normal -0 0 -1
    outer loop
      vertex 51.4641 -44 2.6
      vertex 49.6918 -44.1666 2.6
      vertex 49.7 -44 2.6
    endloop
  endfacet
  facet normal 0 0 -1
    outer loop
      vertex 51.4641 -44 2.6
      vertex 49.6673 -44.3317 2.6
      vertex 49.6918 -44.1666 2.6
    endloop
  endfacet
  facet normal 0 0 -1
    outer loop
      vertex 51.4641 -44 2.6
      vertex 49.6268 -44.4935 2.6
      vertex 49.6673 -44.3317 2.6
    endloop
  endfacet
  facet normal 0 0 -1
    outer loop
      vertex 51.4641 -44 2.6
      vertex 49.5706 -44.6506 2.6
      vertex 49.6268 -44.4935 2.6
    endloop
  endfacet
  facet normal 0 0 -1
    outer loop
      vertex 51.4641 -44 2.6
      vertex 49.4993 -44.8014 2.6
      vertex 49.5706 -44.6506 2.6
    endloop
  endfacet
  facet normal 0 0 -1
    outer loop
      vertex 49.732 -47 2.6
      vertex 49.4135 -44.9445 2.6
      vertex 49.4993 -44.8014 2.6
    endloop
  endfacet
  facet normal 0 0 -1
    outer loop
      vertex 49.732 -47 2.6
      vertex 49.3141 -45.0785 2.6
      vertex 49.4135 -44.9445 2.6
    endloop
  endfacet
  facet normal 0 0 -1
    outer loop
      vertex 49.732 -47 2.6
      vertex 49.2021 -45.2021 2.6
      vertex 49.3141 -45.0785 2.6
    endloop
  endfacet
  facet normal 0 0 -1
    outer loop
      vertex 49.732 -47 2.6
      vertex 49.0785 -45.3141 2.6
      vertex 49.2021 -45.2021 2.6
    endloop
  endfacet
  facet normal 0 0 -1
    outer loop
      vertex 49.732 -47 2.6
      vertex 48.9445 -45.4135 2.6
      vertex 49.0785 -45.3141 2.6
    endloop
  endfacet
  facet normal 0 0 -1
    outer loop
      vertex 49.732 -47 2.6
      vertex 48.8014 -45.4993 2.6
      vertex 48.9445 -45.4135 2.6
    endloop
  endfacet
  facet normal 0 0 -1
    outer loop
      vertex 49.732 -47 2.6
      vertex 48.6506 -45.5706 2.6
      vertex 48.8014 -45.4993 2.6
    endloop
  endfacet
  facet normal 0 0 -1
    outer loop
      vertex 49.732 -47 2.6
      vertex 48.4935 -45.6268 2.6
      vertex 48.6506 -45.5706 2.6
    endloop
  endfacet
  facet normal 0 0 -1
    outer loop
      vertex 49.732 -47 2.6
      vertex 48.3317 -45.6673 2.6
      vertex 48.4935 -45.6268 2.6
    endloop
  endfacet
  facet normal 0 0 -1
    outer loop
      vertex 49.732 -47 2.6
      vertex 48.1666 -45.6918 2.6
      vertex 48.3317 -45.6673 2.6
    endloop
  endfacet
  facet normal 0 0 -1
    outer loop
      vertex 49.732 -47 2.6
      vertex 48 -45.7 2.6
      vertex 48.1666 -45.6918 2.6
    endloop
  endfacet
  facet normal 0 0 -1
    outer loop
      vertex 46.2679 -47 2.6
      vertex 48 -45.7 2.6
      vertex 49.732 -47 2.6
    endloop
  endfacet
  facet normal -0 0 -1
    outer loop
      vertex 48 -45.7 2.6
      vertex 46.2679 -47 2.6
      vertex 47.8334 -45.6918 2.6
    endloop
  endfacet
  facet normal -0 0 -1
    outer loop
      vertex 47.8334 -45.6918 2.6
      vertex 46.2679 -47 2.6
      vertex 47.6683 -45.6673 2.6
    endloop
  endfacet
  facet normal -0 0 -1
    outer loop
      vertex 47.6683 -45.6673 2.6
      vertex 46.2679 -47 2.6
      vertex 47.5065 -45.6268 2.6
    endloop
  endfacet
  facet normal -0 0 -1
    outer loop
      vertex 47.5065 -45.6268 2.6
      vertex 46.2679 -47 2.6
      vertex 47.3494 -45.5706 2.6
    endloop
  endfacet
  facet normal 0 0 -1
    outer loop
      vertex 46.3327 -44.3317 2.6
      vertex 44.5359 -44 2.6
      vertex 46.3082 -44.1666 2.6
    endloop
  endfacet
  facet normal 0 0 -1
    outer loop
      vertex 46.3732 -44.4935 2.6
      vertex 44.5359 -44 2.6
      vertex 46.3327 -44.3317 2.6
    endloop
  endfacet
  facet normal 0 0 -1
    outer loop
      vertex 46.4294 -44.6506 2.6
      vertex 44.5359 -44 2.6
      vertex 46.3732 -44.4935 2.6
    endloop
  endfacet
  facet normal 0 0 -1
    outer loop
      vertex 46.5007 -44.8014 2.6
      vertex 44.5359 -44 2.6
      vertex 46.4294 -44.6506 2.6
    endloop
  endfacet
  facet normal 0 0 -1
    outer loop
      vertex 44.5359 -44 2.6
      vertex 46.5007 -44.8014 2.6
      vertex 46.2679 -47 2.6
    endloop
  endfacet
  facet normal -0 0 -1
    outer loop
      vertex 46.5865 -44.9445 2.6
      vertex 46.2679 -47 2.6
      vertex 46.5007 -44.8014 2.6
    endloop
  endfacet
  facet normal -0 0 -1
    outer loop
      vertex 46.6859 -45.0785 2.6
      vertex 46.2679 -47 2.6
      vertex 46.5865 -44.9445 2.6
    endloop
  endfacet
  facet normal -0 0 -1
    outer loop
      vertex 46.7979 -45.2021 2.6
      vertex 46.2679 -47 2.6
      vertex 46.6859 -45.0785 2.6
    endloop
  endfacet
  facet normal -0 0 -1
    outer loop
      vertex 46.9215 -45.3141 2.6
      vertex 46.2679 -47 2.6
      vertex 46.7979 -45.2021 2.6
    endloop
  endfacet
  facet normal -0 0 -1
    outer loop
      vertex 47.0555 -45.4135 2.6
      vertex 46.2679 -47 2.6
      vertex 46.9215 -45.3141 2.6
    endloop
  endfacet
  facet normal -0 0 -1
    outer loop
      vertex 47.1986 -45.4993 2.6
      vertex 46.2679 -47 2.6
      vertex 47.0555 -45.4135 2.6
    endloop
  endfacet
  facet normal -0 0 -1
    outer loop
      vertex 47.3494 -45.5706 2.6
      vertex 46.2679 -47 2.6
      vertex 47.1986 -45.4993 2.6
    endloop
  endfacet
  facet normal 0 0 -1
    outer loop
      vertex 49.6673 -43.6683 2.6
      vertex 51.4641 -44 2.6
      vertex 49.6918 -43.8334 2.6
    endloop
  endfacet
  facet normal 0 0 -1
    outer loop
      vertex 49.6268 -43.5065 2.6
      vertex 51.4641 -44 2.6
      vertex 49.6673 -43.6683 2.6
    endloop
  endfacet
  facet normal 0 0 -1
    outer loop
      vertex 49.5706 -43.3494 2.6
      vertex 51.4641 -44 2.6
      vertex 49.6268 -43.5065 2.6
    endloop
  endfacet
  facet normal 0 0 -1
    outer loop
      vertex 49.4993 -43.1986 2.6
      vertex 51.4641 -44 2.6
      vertex 49.5706 -43.3494 2.6
    endloop
  endfacet
  facet normal 0 0 -1
    outer loop
      vertex 51.4641 -44 2.6
      vertex 49.4993 -43.1986 2.6
      vertex 49.732 -41 2.6
    endloop
  endfacet
  facet normal 0 0 -1
    outer loop
      vertex 49.4135 -43.0555 2.6
      vertex 49.732 -41 2.6
      vertex 49.4993 -43.1986 2.6
    endloop
  endfacet
  facet normal 0 0 -1
    outer loop
      vertex 49.3141 -42.9215 2.6
      vertex 49.732 -41 2.6
      vertex 49.4135 -43.0555 2.6
    endloop
  endfacet
  facet normal 0 0 -1
    outer loop
      vertex 49.2021 -42.7979 2.6
      vertex 49.732 -41 2.6
      vertex 49.3141 -42.9215 2.6
    endloop
  endfacet
  facet normal 0 0 -1
    outer loop
      vertex 49.0785 -42.6859 2.6
      vertex 49.732 -41 2.6
      vertex 49.2021 -42.7979 2.6
    endloop
  endfacet
  facet normal 0 0 -1
    outer loop
      vertex 48.9445 -42.5865 2.6
      vertex 49.732 -41 2.6
      vertex 49.0785 -42.6859 2.6
    endloop
  endfacet
  facet normal 0 0 -1
    outer loop
      vertex 48.8014 -42.5007 2.6
      vertex 49.732 -41 2.6
      vertex 48.9445 -42.5865 2.6
    endloop
  endfacet
  facet normal 0 0 -1
    outer loop
      vertex 48.6506 -42.4294 2.6
      vertex 49.732 -41 2.6
      vertex 48.8014 -42.5007 2.6
    endloop
  endfacet
  facet normal 0 0 -1
    outer loop
      vertex 48.4935 -42.3732 2.6
      vertex 49.732 -41 2.6
      vertex 48.6506 -42.4294 2.6
    endloop
  endfacet
  facet normal 0 0 -1
    outer loop
      vertex 48.3317 -42.3327 2.6
      vertex 49.732 -41 2.6
      vertex 48.4935 -42.3732 2.6
    endloop
  endfacet
  facet normal 0 0 -1
    outer loop
      vertex 48.1666 -42.3082 2.6
      vertex 49.732 -41 2.6
      vertex 48.3317 -42.3327 2.6
    endloop
  endfacet
  facet normal 0 0 -1
    outer loop
      vertex 48 -42.3 2.6
      vertex 49.732 -41 2.6
      vertex 48.1666 -42.3082 2.6
    endloop
  endfacet
  facet normal 0 0 -1
    outer loop
      vertex 46.2679 -41 2.6
      vertex 48 -42.3 2.6
      vertex 47.8334 -42.3082 2.6
    endloop
  endfacet
  facet normal 0 0 -1
    outer loop
      vertex 46.2679 -41 2.6
      vertex 47.8334 -42.3082 2.6
      vertex 47.6683 -42.3327 2.6
    endloop
  endfacet
  facet normal 0 0 -1
    outer loop
      vertex 46.2679 -41 2.6
      vertex 47.6683 -42.3327 2.6
      vertex 47.5065 -42.3732 2.6
    endloop
  endfacet
  facet normal 0 0 -1
    outer loop
      vertex 46.2679 -41 2.6
      vertex 47.5065 -42.3732 2.6
      vertex 47.3494 -42.4294 2.6
    endloop
  endfacet
  facet normal 0 0 -1
    outer loop
      vertex 46.2679 -41 2.6
      vertex 47.3494 -42.4294 2.6
      vertex 47.1986 -42.5007 2.6
    endloop
  endfacet
  facet normal 0 0 -1
    outer loop
      vertex 48 -42.3 2.6
      vertex 46.2679 -41 2.6
      vertex 49.732 -41 2.6
    endloop
  endfacet
  facet normal 0 0 -1
    outer loop
      vertex 47.0555 -42.5865 2.6
      vertex 46.2679 -41 2.6
      vertex 47.1986 -42.5007 2.6
    endloop
  endfacet
  facet normal 0 0 -1
    outer loop
      vertex 46.9215 -42.6859 2.6
      vertex 46.2679 -41 2.6
      vertex 47.0555 -42.5865 2.6
    endloop
  endfacet
  facet normal 0 0 -1
    outer loop
      vertex 46.7979 -42.7979 2.6
      vertex 46.2679 -41 2.6
      vertex 46.9215 -42.6859 2.6
    endloop
  endfacet
  facet normal 0 0 -1
    outer loop
      vertex 46.6859 -42.9215 2.6
      vertex 46.2679 -41 2.6
      vertex 46.7979 -42.7979 2.6
    endloop
  endfacet
  facet normal 0 0 -1
    outer loop
      vertex 46.5865 -43.0555 2.6
      vertex 46.2679 -41 2.6
      vertex 46.6859 -42.9215 2.6
    endloop
  endfacet
  facet normal 0 0 -1
    outer loop
      vertex 46.5007 -43.1986 2.6
      vertex 46.2679 -41 2.6
      vertex 46.5865 -43.0555 2.6
    endloop
  endfacet
  facet normal 0 0 -1
    outer loop
      vertex 44.5359 -44 2.6
      vertex 46.5007 -43.1986 2.6
      vertex 46.4294 -43.3494 2.6
    endloop
  endfacet
  facet normal 0 0 -1
    outer loop
      vertex 44.5359 -44 2.6
      vertex 46.4294 -43.3494 2.6
      vertex 46.3732 -43.5065 2.6
    endloop
  endfacet
  facet normal 0 0 -1
    outer loop
      vertex 44.5359 -44 2.6
      vertex 46.3732 -43.5065 2.6
      vertex 46.3327 -43.6683 2.6
    endloop
  endfacet
  facet normal 0 0 -1
    outer loop
      vertex 44.5359 -44 2.6
      vertex 46.3327 -43.6683 2.6
      vertex 46.3082 -43.8334 2.6
    endloop
  endfacet
  facet normal 0 0 -1
    outer loop
      vertex 44.5359 -44 2.6
      vertex 46.3082 -43.8334 2.6
      vertex 46.3 -44 2.6
    endloop
  endfacet
  facet normal 0 0 -1
    outer loop
      vertex 46.3082 -44.1666 2.6
      vertex 44.5359 -44 2.6
      vertex 46.3 -44 2.6
    endloop
  endfacet
  facet normal -0 0 -1
    outer loop
      vertex 46.5007 -43.1986 2.6
      vertex 44.5359 -44 2.6
      vertex 46.2679 -41 2.6
    endloop
  endfacet
  facet normal 0.514231 -0.857652 0
    outer loop
      vertex 47.0555 45.4135 2.6
      vertex 47.1986 45.4993 32.4
      vertex 47.0555 45.4135 32.4
    endloop
  endfacet
  facet normal 0.514231 -0.857652 0
    outer loop
      vertex 47.1986 45.4993 32.4
      vertex 47.0555 45.4135 2.6
      vertex 47.1986 45.4993 2.6
    endloop
  endfacet
  facet normal 0.941566 0.33683 0
    outer loop
      vertex 46.4294 43.3494 32.4
      vertex 46.3732 43.5065 2.6
      vertex 46.3732 43.5065 32.4
    endloop
  endfacet
  facet normal 0.941566 0.33683 0
    outer loop
      vertex 46.3732 43.5065 2.6
      vertex 46.4294 43.3494 32.4
      vertex 46.4294 43.3494 2.6
    endloop
  endfacet
  facet normal -0.803154 0.595772 0
    outer loop
      vertex 49.3141 42.9215 2.6
      vertex 49.4135 43.0555 32.4
      vertex 49.4135 43.0555 2.6
    endloop
  endfacet
  facet normal -0.803154 0.595772 0
    outer loop
      vertex 49.4135 43.0555 32.4
      vertex 49.3141 42.9215 2.6
      vertex 49.3141 42.9215 32.4
    endloop
  endfacet
  facet normal -0.803154 -0.595772 0
    outer loop
      vertex 49.4135 44.9445 2.6
      vertex 49.3141 45.0785 32.4
      vertex 49.3141 45.0785 2.6
    endloop
  endfacet
  facet normal -0.803154 -0.595772 0
    outer loop
      vertex 49.3141 45.0785 32.4
      vertex 49.4135 44.9445 2.6
      vertex 49.4135 44.9445 32.4
    endloop
  endfacet
  facet normal -0.514231 0.857652 0
    outer loop
      vertex 48.9445 42.5865 2.6
      vertex 48.8014 42.5007 32.4
      vertex 48.9445 42.5865 32.4
    endloop
  endfacet
  facet normal -0.514231 0.857652 0
    outer loop
      vertex 48.8014 42.5007 32.4
      vertex 48.9445 42.5865 2.6
      vertex 48.8014 42.5007 2.6
    endloop
  endfacet
  facet normal -0.741024 0.671478 0
    outer loop
      vertex 49.2021 42.7979 2.6
      vertex 49.3141 42.9215 32.4
      vertex 49.3141 42.9215 2.6
    endloop
  endfacet
  facet normal -0.741024 0.671478 0
    outer loop
      vertex 49.3141 42.9215 32.4
      vertex 49.2021 42.7979 2.6
      vertex 49.2021 42.7979 32.4
    endloop
  endfacet
  facet normal -0.0491602 -0.998791 0
    outer loop
      vertex 48 45.7 2.6
      vertex 48.1666 45.6918 32.4
      vertex 48 45.7 32.4
    endloop
  endfacet
  facet normal -0.0491602 -0.998791 -0
    outer loop
      vertex 48.1666 45.6918 32.4
      vertex 48 45.7 2.6
      vertex 48.1666 45.6918 2.6
    endloop
  endfacet
  facet normal 0.904043 0.427442 0
    outer loop
      vertex 46.5007 43.1986 32.4
      vertex 46.4294 43.3494 2.6
      vertex 46.4294 43.3494 32.4
    endloop
  endfacet
  facet normal 0.904043 0.427442 0
    outer loop
      vertex 46.4294 43.3494 2.6
      vertex 46.5007 43.1986 32.4
      vertex 46.5007 43.1986 2.6
    endloop
  endfacet
  facet normal -0.904043 -0.427442 0
    outer loop
      vertex 49.5706 44.6506 2.6
      vertex 49.4993 44.8014 32.4
      vertex 49.4993 44.8014 2.6
    endloop
  endfacet
  facet normal -0.904043 -0.427442 0
    outer loop
      vertex 49.4993 44.8014 32.4
      vertex 49.5706 44.6506 2.6
      vertex 49.5706 44.6506 32.4
    endloop
  endfacet
  facet normal -0.671478 -0.741024 0
    outer loop
      vertex 49.0785 45.3141 2.6
      vertex 49.2021 45.2021 32.4
      vertex 49.0785 45.3141 32.4
    endloop
  endfacet
  facet normal -0.671478 -0.741024 -0
    outer loop
      vertex 49.2021 45.2021 32.4
      vertex 49.0785 45.3141 2.6
      vertex 49.2021 45.2021 2.6
    endloop
  endfacet
  facet normal -0.857652 -0.514231 0
    outer loop
      vertex 49.4993 44.8014 2.6
      vertex 49.4135 44.9445 32.4
      vertex 49.4135 44.9445 2.6
    endloop
  endfacet
  facet normal -0.857652 -0.514231 0
    outer loop
      vertex 49.4135 44.9445 32.4
      vertex 49.4993 44.8014 2.6
      vertex 49.4993 44.8014 32.4
    endloop
  endfacet
  facet normal -0.989168 -0.146788 0
    outer loop
      vertex 49.6918 44.1666 2.6
      vertex 49.6673 44.3317 32.4
      vertex 49.6673 44.3317 2.6
    endloop
  endfacet
  facet normal -0.989168 -0.146788 0
    outer loop
      vertex 49.6673 44.3317 32.4
      vertex 49.6918 44.1666 2.6
      vertex 49.6918 44.1666 32.4
    endloop
  endfacet
  facet normal 0.970072 0.242818 0
    outer loop
      vertex 46.3732 43.5065 32.4
      vertex 46.3327 43.6683 2.6
      vertex 46.3327 43.6683 32.4
    endloop
  endfacet
  facet normal 0.970072 0.242818 0
    outer loop
      vertex 46.3327 43.6683 2.6
      vertex 46.3732 43.5065 32.4
      vertex 46.3732 43.5065 2.6
    endloop
  endfacet
  facet normal -0.970072 0.242818 0
    outer loop
      vertex 49.6268 43.5065 2.6
      vertex 49.6673 43.6683 32.4
      vertex 49.6673 43.6683 2.6
    endloop
  endfacet
  facet normal -0.970072 0.242818 0
    outer loop
      vertex 49.6673 43.6683 32.4
      vertex 49.6268 43.5065 2.6
      vertex 49.6268 43.5065 32.4
    endloop
  endfacet
  facet normal -0.998791 -0.0491602 0
    outer loop
      vertex 49.7 44 2.6
      vertex 49.6918 44.1666 32.4
      vertex 49.6918 44.1666 2.6
    endloop
  endfacet
  facet normal -0.998791 -0.0491602 0
    outer loop
      vertex 49.6918 44.1666 32.4
      vertex 49.7 44 2.6
      vertex 49.7 44 32.4
    endloop
  endfacet
  facet normal 0.427442 -0.904043 0
    outer loop
      vertex 47.1986 45.4993 2.6
      vertex 47.3494 45.5706 32.4
      vertex 47.1986 45.4993 32.4
    endloop
  endfacet
  facet normal 0.427442 -0.904043 0
    outer loop
      vertex 47.3494 45.5706 32.4
      vertex 47.1986 45.4993 2.6
      vertex 47.3494 45.5706 2.6
    endloop
  endfacet
  facet normal 0.904043 -0.427442 0
    outer loop
      vertex 46.4294 44.6506 32.4
      vertex 46.5007 44.8014 2.6
      vertex 46.5007 44.8014 32.4
    endloop
  endfacet
  facet normal 0.904043 -0.427442 0
    outer loop
      vertex 46.5007 44.8014 2.6
      vertex 46.4294 44.6506 32.4
      vertex 46.4294 44.6506 2.6
    endloop
  endfacet
  facet normal -0.970072 -0.242818 0
    outer loop
      vertex 49.6673 44.3317 2.6
      vertex 49.6268 44.4935 32.4
      vertex 49.6268 44.4935 2.6
    endloop
  endfacet
  facet normal -0.970072 -0.242818 0
    outer loop
      vertex 49.6268 44.4935 32.4
      vertex 49.6673 44.3317 2.6
      vertex 49.6673 44.3317 32.4
    endloop
  endfacet
  facet normal 0.427442 0.904043 -0
    outer loop
      vertex 47.3494 42.4294 2.6
      vertex 47.1986 42.5007 32.4
      vertex 47.3494 42.4294 32.4
    endloop
  endfacet
  facet normal 0.427442 0.904043 0
    outer loop
      vertex 47.1986 42.5007 32.4
      vertex 47.3494 42.4294 2.6
      vertex 47.1986 42.5007 2.6
    endloop
  endfacet
  facet normal -0.998791 0.0491602 0
    outer loop
      vertex 49.6918 43.8334 2.6
      vertex 49.7 44 32.4
      vertex 49.7 44 2.6
    endloop
  endfacet
  facet normal -0.998791 0.0491602 0
    outer loop
      vertex 49.7 44 32.4
      vertex 49.6918 43.8334 2.6
      vertex 49.6918 43.8334 32.4
    endloop
  endfacet
  facet normal -0.146788 0.989168 0
    outer loop
      vertex 48.3317 42.3327 2.6
      vertex 48.1666 42.3082 32.4
      vertex 48.3317 42.3327 32.4
    endloop
  endfacet
  facet normal -0.146788 0.989168 0
    outer loop
      vertex 48.1666 42.3082 32.4
      vertex 48.3317 42.3327 2.6
      vertex 48.1666 42.3082 2.6
    endloop
  endfacet
  facet normal -0.427442 0.904043 0
    outer loop
      vertex 48.8014 42.5007 2.6
      vertex 48.6506 42.4294 32.4
      vertex 48.8014 42.5007 32.4
    endloop
  endfacet
  facet normal -0.427442 0.904043 0
    outer loop
      vertex 48.6506 42.4294 32.4
      vertex 48.8014 42.5007 2.6
      vertex 48.6506 42.4294 2.6
    endloop
  endfacet
  facet normal 0.989168 0.146788 0
    outer loop
      vertex 46.3327 43.6683 32.4
      vertex 46.3082 43.8334 2.6
      vertex 46.3082 43.8334 32.4
    endloop
  endfacet
  facet normal 0.989168 0.146788 0
    outer loop
      vertex 46.3082 43.8334 2.6
      vertex 46.3327 43.6683 32.4
      vertex 46.3327 43.6683 2.6
    endloop
  endfacet
  facet normal 0.941566 -0.33683 0
    outer loop
      vertex 46.3732 44.4935 32.4
      vertex 46.4294 44.6506 2.6
      vertex 46.4294 44.6506 32.4
    endloop
  endfacet
  facet normal 0.941566 -0.33683 0
    outer loop
      vertex 46.4294 44.6506 2.6
      vertex 46.3732 44.4935 32.4
      vertex 46.3732 44.4935 2.6
    endloop
  endfacet
  facet normal -0.941566 -0.33683 0
    outer loop
      vertex 49.6268 44.4935 2.6
      vertex 49.5706 44.6506 32.4
      vertex 49.5706 44.6506 2.6
    endloop
  endfacet
  facet normal -0.941566 -0.33683 0
    outer loop
      vertex 49.5706 44.6506 32.4
      vertex 49.6268 44.4935 2.6
      vertex 49.6268 44.4935 32.4
    endloop
  endfacet
  facet normal 0.857652 -0.514231 0
    outer loop
      vertex 46.5007 44.8014 32.4
      vertex 46.5865 44.9445 2.6
      vertex 46.5865 44.9445 32.4
    endloop
  endfacet
  facet normal 0.857652 -0.514231 0
    outer loop
      vertex 46.5865 44.9445 2.6
      vertex 46.5007 44.8014 32.4
      vertex 46.5007 44.8014 2.6
    endloop
  endfacet
  facet normal -0.33683 -0.941566 0
    outer loop
      vertex 48.4935 45.6268 2.6
      vertex 48.6506 45.5706 32.4
      vertex 48.4935 45.6268 32.4
    endloop
  endfacet
  facet normal -0.33683 -0.941566 -0
    outer loop
      vertex 48.6506 45.5706 32.4
      vertex 48.4935 45.6268 2.6
      vertex 48.6506 45.5706 2.6
    endloop
  endfacet
  facet normal 0.146788 0.989168 -0
    outer loop
      vertex 47.8334 42.3082 2.6
      vertex 47.6683 42.3327 32.4
      vertex 47.8334 42.3082 32.4
    endloop
  endfacet
  facet normal 0.146788 0.989168 0
    outer loop
      vertex 47.6683 42.3327 32.4
      vertex 47.8334 42.3082 2.6
      vertex 47.6683 42.3327 2.6
    endloop
  endfacet
  facet normal 0.0491602 -0.998791 0
    outer loop
      vertex 47.8334 45.6918 2.6
      vertex 48 45.7 32.4
      vertex 47.8334 45.6918 32.4
    endloop
  endfacet
  facet normal 0.0491602 -0.998791 0
    outer loop
      vertex 48 45.7 32.4
      vertex 47.8334 45.6918 2.6
      vertex 48 45.7 2.6
    endloop
  endfacet
  facet normal -0.242818 0.970072 0
    outer loop
      vertex 48.4935 42.3732 2.6
      vertex 48.3317 42.3327 32.4
      vertex 48.4935 42.3732 32.4
    endloop
  endfacet
  facet normal -0.242818 0.970072 0
    outer loop
      vertex 48.3317 42.3327 32.4
      vertex 48.4935 42.3732 2.6
      vertex 48.3317 42.3327 2.6
    endloop
  endfacet
  facet normal 0.741024 -0.671478 0
    outer loop
      vertex 46.6859 45.0785 32.4
      vertex 46.7979 45.2021 2.6
      vertex 46.7979 45.2021 32.4
    endloop
  endfacet
  facet normal 0.741024 -0.671478 0
    outer loop
      vertex 46.7979 45.2021 2.6
      vertex 46.6859 45.0785 32.4
      vertex 46.6859 45.0785 2.6
    endloop
  endfacet
  facet normal 0.242818 0.970072 -0
    outer loop
      vertex 47.6683 42.3327 2.6
      vertex 47.5065 42.3732 32.4
      vertex 47.6683 42.3327 32.4
    endloop
  endfacet
  facet normal 0.242818 0.970072 0
    outer loop
      vertex 47.5065 42.3732 32.4
      vertex 47.6683 42.3327 2.6
      vertex 47.5065 42.3732 2.6
    endloop
  endfacet
  facet normal -0.671478 0.741024 0
    outer loop
      vertex 49.2021 42.7979 2.6
      vertex 49.0785 42.6859 32.4
      vertex 49.2021 42.7979 32.4
    endloop
  endfacet
  facet normal -0.671478 0.741024 0
    outer loop
      vertex 49.0785 42.6859 32.4
      vertex 49.2021 42.7979 2.6
      vertex 49.0785 42.6859 2.6
    endloop
  endfacet
  facet normal 0.998791 0.0491602 0
    outer loop
      vertex 46.3082 43.8334 32.4
      vertex 46.3 44 2.6
      vertex 46.3 44 32.4
    endloop
  endfacet
  facet normal 0.998791 0.0491602 0
    outer loop
      vertex 46.3 44 2.6
      vertex 46.3082 43.8334 32.4
      vertex 46.3082 43.8334 2.6
    endloop
  endfacet
  facet normal -0.33683 0.941566 0
    outer loop
      vertex 48.6506 42.4294 2.6
      vertex 48.4935 42.3732 32.4
      vertex 48.6506 42.4294 32.4
    endloop
  endfacet
  facet normal -0.33683 0.941566 0
    outer loop
      vertex 48.4935 42.3732 32.4
      vertex 48.6506 42.4294 2.6
      vertex 48.4935 42.3732 2.6
    endloop
  endfacet
  facet normal -0.242818 -0.970072 0
    outer loop
      vertex 48.3317 45.6673 2.6
      vertex 48.4935 45.6268 32.4
      vertex 48.3317 45.6673 32.4
    endloop
  endfacet
  facet normal -0.242818 -0.970072 -0
    outer loop
      vertex 48.4935 45.6268 32.4
      vertex 48.3317 45.6673 2.6
      vertex 48.4935 45.6268 2.6
    endloop
  endfacet
  facet normal -0.941566 0.33683 0
    outer loop
      vertex 49.5706 43.3494 2.6
      vertex 49.6268 43.5065 32.4
      vertex 49.6268 43.5065 2.6
    endloop
  endfacet
  facet normal -0.941566 0.33683 0
    outer loop
      vertex 49.6268 43.5065 32.4
      vertex 49.5706 43.3494 2.6
      vertex 49.5706 43.3494 32.4
    endloop
  endfacet
  facet normal 0.970072 -0.242818 0
    outer loop
      vertex 46.3327 44.3317 32.4
      vertex 46.3732 44.4935 2.6
      vertex 46.3732 44.4935 32.4
    endloop
  endfacet
  facet normal 0.970072 -0.242818 0
    outer loop
      vertex 46.3732 44.4935 2.6
      vertex 46.3327 44.3317 32.4
      vertex 46.3327 44.3317 2.6
    endloop
  endfacet
  facet normal 0.595772 -0.803154 0
    outer loop
      vertex 46.9215 45.3141 2.6
      vertex 47.0555 45.4135 32.4
      vertex 46.9215 45.3141 32.4
    endloop
  endfacet
  facet normal 0.595772 -0.803154 0
    outer loop
      vertex 47.0555 45.4135 32.4
      vertex 46.9215 45.3141 2.6
      vertex 47.0555 45.4135 2.6
    endloop
  endfacet
  facet normal -0.741024 -0.671478 0
    outer loop
      vertex 49.3141 45.0785 2.6
      vertex 49.2021 45.2021 32.4
      vertex 49.2021 45.2021 2.6
    endloop
  endfacet
  facet normal -0.741024 -0.671478 0
    outer loop
      vertex 49.2021 45.2021 32.4
      vertex 49.3141 45.0785 2.6
      vertex 49.3141 45.0785 32.4
    endloop
  endfacet
  facet normal 0.514231 0.857652 -0
    outer loop
      vertex 47.1986 42.5007 2.6
      vertex 47.0555 42.5865 32.4
      vertex 47.1986 42.5007 32.4
    endloop
  endfacet
  facet normal 0.514231 0.857652 0
    outer loop
      vertex 47.0555 42.5865 32.4
      vertex 47.1986 42.5007 2.6
      vertex 47.0555 42.5865 2.6
    endloop
  endfacet
  facet normal 0.146788 -0.989168 0
    outer loop
      vertex 47.6683 45.6673 2.6
      vertex 47.8334 45.6918 32.4
      vertex 47.6683 45.6673 32.4
    endloop
  endfacet
  facet normal 0.146788 -0.989168 0
    outer loop
      vertex 47.8334 45.6918 32.4
      vertex 47.6683 45.6673 2.6
      vertex 47.8334 45.6918 2.6
    endloop
  endfacet
  facet normal -0.427442 -0.904043 0
    outer loop
      vertex 48.6506 45.5706 2.6
      vertex 48.8014 45.4993 32.4
      vertex 48.6506 45.5706 32.4
    endloop
  endfacet
  facet normal -0.427442 -0.904043 -0
    outer loop
      vertex 48.8014 45.4993 32.4
      vertex 48.6506 45.5706 2.6
      vertex 48.8014 45.4993 2.6
    endloop
  endfacet
  facet normal -0.595772 -0.803154 0
    outer loop
      vertex 48.9445 45.4135 2.6
      vertex 49.0785 45.3141 32.4
      vertex 48.9445 45.4135 32.4
    endloop
  endfacet
  facet normal -0.595772 -0.803154 -0
    outer loop
      vertex 49.0785 45.3141 32.4
      vertex 48.9445 45.4135 2.6
      vertex 49.0785 45.3141 2.6
    endloop
  endfacet
  facet normal 0.671478 -0.741024 0
    outer loop
      vertex 46.7979 45.2021 2.6
      vertex 46.9215 45.3141 32.4
      vertex 46.7979 45.2021 32.4
    endloop
  endfacet
  facet normal 0.671478 -0.741024 0
    outer loop
      vertex 46.9215 45.3141 32.4
      vertex 46.7979 45.2021 2.6
      vertex 46.9215 45.3141 2.6
    endloop
  endfacet
  facet normal 0.671478 0.741024 -0
    outer loop
      vertex 46.9215 42.6859 2.6
      vertex 46.7979 42.7979 32.4
      vertex 46.9215 42.6859 32.4
    endloop
  endfacet
  facet normal 0.671478 0.741024 0
    outer loop
      vertex 46.7979 42.7979 32.4
      vertex 46.9215 42.6859 2.6
      vertex 46.7979 42.7979 2.6
    endloop
  endfacet
  facet normal -0.514231 -0.857652 0
    outer loop
      vertex 48.8014 45.4993 2.6
      vertex 48.9445 45.4135 32.4
      vertex 48.8014 45.4993 32.4
    endloop
  endfacet
  facet normal -0.514231 -0.857652 -0
    outer loop
      vertex 48.9445 45.4135 32.4
      vertex 48.8014 45.4993 2.6
      vertex 48.9445 45.4135 2.6
    endloop
  endfacet
  facet normal 0.0491602 0.998791 -0
    outer loop
      vertex 48 42.3 2.6
      vertex 47.8334 42.3082 32.4
      vertex 48 42.3 32.4
    endloop
  endfacet
  facet normal 0.0491602 0.998791 0
    outer loop
      vertex 47.8334 42.3082 32.4
      vertex 48 42.3 2.6
      vertex 47.8334 42.3082 2.6
    endloop
  endfacet
  facet normal -0.595772 0.803154 0
    outer loop
      vertex 49.0785 42.6859 2.6
      vertex 48.9445 42.5865 32.4
      vertex 49.0785 42.6859 32.4
    endloop
  endfacet
  facet normal -0.595772 0.803154 0
    outer loop
      vertex 48.9445 42.5865 32.4
      vertex 49.0785 42.6859 2.6
      vertex 48.9445 42.5865 2.6
    endloop
  endfacet
  facet normal 0.33683 0.941566 -0
    outer loop
      vertex 47.5065 42.3732 2.6
      vertex 47.3494 42.4294 32.4
      vertex 47.5065 42.3732 32.4
    endloop
  endfacet
  facet normal 0.33683 0.941566 0
    outer loop
      vertex 47.3494 42.4294 32.4
      vertex 47.5065 42.3732 2.6
      vertex 47.3494 42.4294 2.6
    endloop
  endfacet
  facet normal 0.33683 -0.941566 0
    outer loop
      vertex 47.3494 45.5706 2.6
      vertex 47.5065 45.6268 32.4
      vertex 47.3494 45.5706 32.4
    endloop
  endfacet
  facet normal 0.33683 -0.941566 0
    outer loop
      vertex 47.5065 45.6268 32.4
      vertex 47.3494 45.5706 2.6
      vertex 47.5065 45.6268 2.6
    endloop
  endfacet
  facet normal -0.0491602 0.998791 0
    outer loop
      vertex 48.1666 42.3082 2.6
      vertex 48 42.3 32.4
      vertex 48.1666 42.3082 32.4
    endloop
  endfacet
  facet normal -0.0491602 0.998791 0
    outer loop
      vertex 48 42.3 32.4
      vertex 48.1666 42.3082 2.6
      vertex 48 42.3 2.6
    endloop
  endfacet
  facet normal -0.146788 -0.989168 0
    outer loop
      vertex 48.1666 45.6918 2.6
      vertex 48.3317 45.6673 32.4
      vertex 48.1666 45.6918 32.4
    endloop
  endfacet
  facet normal -0.146788 -0.989168 -0
    outer loop
      vertex 48.3317 45.6673 32.4
      vertex 48.1666 45.6918 2.6
      vertex 48.3317 45.6673 2.6
    endloop
  endfacet
  facet normal -0.989168 0.146788 0
    outer loop
      vertex 49.6673 43.6683 2.6
      vertex 49.6918 43.8334 32.4
      vertex 49.6918 43.8334 2.6
    endloop
  endfacet
  facet normal -0.989168 0.146788 0
    outer loop
      vertex 49.6918 43.8334 32.4
      vertex 49.6673 43.6683 2.6
      vertex 49.6673 43.6683 32.4
    endloop
  endfacet
  facet normal 0.242818 -0.970072 0
    outer loop
      vertex 47.5065 45.6268 2.6
      vertex 47.6683 45.6673 32.4
      vertex 47.5065 45.6268 32.4
    endloop
  endfacet
  facet normal 0.242818 -0.970072 0
    outer loop
      vertex 47.6683 45.6673 32.4
      vertex 47.5065 45.6268 2.6
      vertex 47.6683 45.6673 2.6
    endloop
  endfacet
  facet normal -0.904043 0.427442 0
    outer loop
      vertex 49.4993 43.1986 2.6
      vertex 49.5706 43.3494 32.4
      vertex 49.5706 43.3494 2.6
    endloop
  endfacet
  facet normal -0.904043 0.427442 0
    outer loop
      vertex 49.5706 43.3494 32.4
      vertex 49.4993 43.1986 2.6
      vertex 49.4993 43.1986 32.4
    endloop
  endfacet
  facet normal -0.857652 0.514231 0
    outer loop
      vertex 49.4135 43.0555 2.6
      vertex 49.4993 43.1986 32.4
      vertex 49.4993 43.1986 2.6
    endloop
  endfacet
  facet normal -0.857652 0.514231 0
    outer loop
      vertex 49.4993 43.1986 32.4
      vertex 49.4135 43.0555 2.6
      vertex 49.4135 43.0555 32.4
    endloop
  endfacet
  facet normal 0.998791 -0.0491602 0
    outer loop
      vertex 46.3 44 32.4
      vertex 46.3082 44.1666 2.6
      vertex 46.3082 44.1666 32.4
    endloop
  endfacet
  facet normal 0.998791 -0.0491602 0
    outer loop
      vertex 46.3082 44.1666 2.6
      vertex 46.3 44 32.4
      vertex 46.3 44 2.6
    endloop
  endfacet
  facet normal 0.741024 0.671478 0
    outer loop
      vertex 46.7979 42.7979 32.4
      vertex 46.6859 42.9215 2.6
      vertex 46.6859 42.9215 32.4
    endloop
  endfacet
  facet normal 0.741024 0.671478 0
    outer loop
      vertex 46.6859 42.9215 2.6
      vertex 46.7979 42.7979 32.4
      vertex 46.7979 42.7979 2.6
    endloop
  endfacet
  facet normal 0.857652 0.514231 0
    outer loop
      vertex 46.5865 43.0555 32.4
      vertex 46.5007 43.1986 2.6
      vertex 46.5007 43.1986 32.4
    endloop
  endfacet
  facet normal 0.857652 0.514231 0
    outer loop
      vertex 46.5007 43.1986 2.6
      vertex 46.5865 43.0555 32.4
      vertex 46.5865 43.0555 2.6
    endloop
  endfacet
  facet normal 0.803154 0.595772 0
    outer loop
      vertex 46.6859 42.9215 32.4
      vertex 46.5865 43.0555 2.6
      vertex 46.5865 43.0555 32.4
    endloop
  endfacet
  facet normal 0.803154 0.595772 0
    outer loop
      vertex 46.5865 43.0555 2.6
      vertex 46.6859 42.9215 32.4
      vertex 46.6859 42.9215 2.6
    endloop
  endfacet
  facet normal 0.989168 -0.146788 0
    outer loop
      vertex 46.3082 44.1666 32.4
      vertex 46.3327 44.3317 2.6
      vertex 46.3327 44.3317 32.4
    endloop
  endfacet
  facet normal 0.989168 -0.146788 0
    outer loop
      vertex 46.3327 44.3317 2.6
      vertex 46.3082 44.1666 32.4
      vertex 46.3082 44.1666 2.6
    endloop
  endfacet
  facet normal 0.595772 0.803154 -0
    outer loop
      vertex 47.0555 42.5865 2.6
      vertex 46.9215 42.6859 32.4
      vertex 47.0555 42.5865 32.4
    endloop
  endfacet
  facet normal 0.595772 0.803154 0
    outer loop
      vertex 46.9215 42.6859 32.4
      vertex 47.0555 42.5865 2.6
      vertex 46.9215 42.6859 2.6
    endloop
  endfacet
  facet normal 0.803154 -0.595772 0
    outer loop
      vertex 46.5865 44.9445 32.4
      vertex 46.6859 45.0785 2.6
      vertex 46.6859 45.0785 32.4
    endloop
  endfacet
  facet normal 0.803154 -0.595772 0
    outer loop
      vertex 46.6859 45.0785 2.6
      vertex 46.5865 44.9445 32.4
      vertex 46.5865 44.9445 2.6
    endloop
  endfacet
  facet normal 0 1 -0
    outer loop
      vertex 49.732 41 0
      vertex 46.2679 41 2.6
      vertex 49.732 41 2.6
    endloop
  endfacet
  facet normal 0 1 0
    outer loop
      vertex 46.2679 41 2.6
      vertex 49.732 41 0
      vertex 46.2679 41 0
    endloop
  endfacet
  facet normal -0.866019 0.500011 0
    outer loop
      vertex 49.732 41 0
      vertex 51.4641 44 2.6
      vertex 51.4641 44 0
    endloop
  endfacet
  facet normal -0.866019 0.500011 0
    outer loop
      vertex 51.4641 44 2.6
      vertex 49.732 41 0
      vertex 49.732 41 2.6
    endloop
  endfacet
  facet normal 0 -1 0
    outer loop
      vertex 46.2679 47 0
      vertex 49.732 47 2.6
      vertex 46.2679 47 2.6
    endloop
  endfacet
  facet normal 0 -1 -0
    outer loop
      vertex 49.732 47 2.6
      vertex 46.2679 47 0
      vertex 49.732 47 0
    endloop
  endfacet
  facet normal -0.866019 -0.500011 0
    outer loop
      vertex 51.4641 44 0
      vertex 49.732 47 2.6
      vertex 49.732 47 0
    endloop
  endfacet
  facet normal -0.866019 -0.500011 0
    outer loop
      vertex 49.732 47 2.6
      vertex 51.4641 44 0
      vertex 51.4641 44 2.6
    endloop
  endfacet
  facet normal 0.866032 -0.499989 0
    outer loop
      vertex 44.5359 44 2.6
      vertex 46.2679 47 0
      vertex 46.2679 47 2.6
    endloop
  endfacet
  facet normal 0.866032 -0.499989 0
    outer loop
      vertex 46.2679 47 0
      vertex 44.5359 44 2.6
      vertex 44.5359 44 0
    endloop
  endfacet
  facet normal 0.866032 0.499989 0
    outer loop
      vertex 46.2679 41 2.6
      vertex 44.5359 44 0
      vertex 44.5359 44 2.6
    endloop
  endfacet
  facet normal 0.866032 0.499989 0
    outer loop
      vertex 44.5359 44 0
      vertex 46.2679 41 2.6
      vertex 46.2679 41 0
    endloop
  endfacet
  facet normal 0 0 -1
    outer loop
      vertex 49.4993 43.1986 2.6
      vertex 51.4641 44 2.6
      vertex 49.732 41 2.6
    endloop
  endfacet
  facet normal 0 0 -1
    outer loop
      vertex 49.6918 44.1666 2.6
      vertex 51.4641 44 2.6
      vertex 49.7 44 2.6
    endloop
  endfacet
  facet normal -0 0 -1
    outer loop
      vertex 51.4641 44 2.6
      vertex 49.6918 43.8334 2.6
      vertex 49.7 44 2.6
    endloop
  endfacet
  facet normal 0 0 -1
    outer loop
      vertex 51.4641 44 2.6
      vertex 49.6673 43.6683 2.6
      vertex 49.6918 43.8334 2.6
    endloop
  endfacet
  facet normal 0 0 -1
    outer loop
      vertex 51.4641 44 2.6
      vertex 49.6268 43.5065 2.6
      vertex 49.6673 43.6683 2.6
    endloop
  endfacet
  facet normal 0 0 -1
    outer loop
      vertex 51.4641 44 2.6
      vertex 49.5706 43.3494 2.6
      vertex 49.6268 43.5065 2.6
    endloop
  endfacet
  facet normal 0 0 -1
    outer loop
      vertex 51.4641 44 2.6
      vertex 49.4993 43.1986 2.6
      vertex 49.5706 43.3494 2.6
    endloop
  endfacet
  facet normal 0 0 -1
    outer loop
      vertex 49.732 41 2.6
      vertex 49.4135 43.0555 2.6
      vertex 49.4993 43.1986 2.6
    endloop
  endfacet
  facet normal 0 0 -1
    outer loop
      vertex 49.732 41 2.6
      vertex 49.3141 42.9215 2.6
      vertex 49.4135 43.0555 2.6
    endloop
  endfacet
  facet normal 0 0 -1
    outer loop
      vertex 49.732 41 2.6
      vertex 49.2021 42.7979 2.6
      vertex 49.3141 42.9215 2.6
    endloop
  endfacet
  facet normal 0 0 -1
    outer loop
      vertex 49.732 41 2.6
      vertex 49.0785 42.6859 2.6
      vertex 49.2021 42.7979 2.6
    endloop
  endfacet
  facet normal 0 0 -1
    outer loop
      vertex 49.732 41 2.6
      vertex 48.9445 42.5865 2.6
      vertex 49.0785 42.6859 2.6
    endloop
  endfacet
  facet normal 0 0 -1
    outer loop
      vertex 49.732 41 2.6
      vertex 48.8014 42.5007 2.6
      vertex 48.9445 42.5865 2.6
    endloop
  endfacet
  facet normal 0 0 -1
    outer loop
      vertex 49.732 41 2.6
      vertex 48.6506 42.4294 2.6
      vertex 48.8014 42.5007 2.6
    endloop
  endfacet
  facet normal 0 0 -1
    outer loop
      vertex 49.732 41 2.6
      vertex 48.4935 42.3732 2.6
      vertex 48.6506 42.4294 2.6
    endloop
  endfacet
  facet normal 0 0 -1
    outer loop
      vertex 49.732 41 2.6
      vertex 48.3317 42.3327 2.6
      vertex 48.4935 42.3732 2.6
    endloop
  endfacet
  facet normal 0 0 -1
    outer loop
      vertex 49.732 41 2.6
      vertex 48.1666 42.3082 2.6
      vertex 48.3317 42.3327 2.6
    endloop
  endfacet
  facet normal 0 0 -1
    outer loop
      vertex 49.732 41 2.6
      vertex 48 42.3 2.6
      vertex 48.1666 42.3082 2.6
    endloop
  endfacet
  facet normal 0 0 -1
    outer loop
      vertex 46.2679 41 2.6
      vertex 48 42.3 2.6
      vertex 49.732 41 2.6
    endloop
  endfacet
  facet normal -0 0 -1
    outer loop
      vertex 48 42.3 2.6
      vertex 46.2679 41 2.6
      vertex 47.8334 42.3082 2.6
    endloop
  endfacet
  facet normal -0 0 -1
    outer loop
      vertex 47.8334 42.3082 2.6
      vertex 46.2679 41 2.6
      vertex 47.6683 42.3327 2.6
    endloop
  endfacet
  facet normal -0 0 -1
    outer loop
      vertex 47.6683 42.3327 2.6
      vertex 46.2679 41 2.6
      vertex 47.5065 42.3732 2.6
    endloop
  endfacet
  facet normal -0 0 -1
    outer loop
      vertex 47.5065 42.3732 2.6
      vertex 46.2679 41 2.6
      vertex 47.3494 42.4294 2.6
    endloop
  endfacet
  facet normal 0 0 -1
    outer loop
      vertex 46.3327 43.6683 2.6
      vertex 44.5359 44 2.6
      vertex 46.3082 43.8334 2.6
    endloop
  endfacet
  facet normal 0 0 -1
    outer loop
      vertex 46.3732 43.5065 2.6
      vertex 44.5359 44 2.6
      vertex 46.3327 43.6683 2.6
    endloop
  endfacet
  facet normal 0 0 -1
    outer loop
      vertex 46.4294 43.3494 2.6
      vertex 44.5359 44 2.6
      vertex 46.3732 43.5065 2.6
    endloop
  endfacet
  facet normal 0 0 -1
    outer loop
      vertex 46.5007 43.1986 2.6
      vertex 44.5359 44 2.6
      vertex 46.4294 43.3494 2.6
    endloop
  endfacet
  facet normal 0 0 -1
    outer loop
      vertex 44.5359 44 2.6
      vertex 46.5007 43.1986 2.6
      vertex 46.2679 41 2.6
    endloop
  endfacet
  facet normal -0 0 -1
    outer loop
      vertex 46.5865 43.0555 2.6
      vertex 46.2679 41 2.6
      vertex 46.5007 43.1986 2.6
    endloop
  endfacet
  facet normal -0 0 -1
    outer loop
      vertex 46.6859 42.9215 2.6
      vertex 46.2679 41 2.6
      vertex 46.5865 43.0555 2.6
    endloop
  endfacet
  facet normal -0 0 -1
    outer loop
      vertex 46.7979 42.7979 2.6
      vertex 46.2679 41 2.6
      vertex 46.6859 42.9215 2.6
    endloop
  endfacet
  facet normal -0 0 -1
    outer loop
      vertex 46.9215 42.6859 2.6
      vertex 46.2679 41 2.6
      vertex 46.7979 42.7979 2.6
    endloop
  endfacet
  facet normal -0 0 -1
    outer loop
      vertex 47.0555 42.5865 2.6
      vertex 46.2679 41 2.6
      vertex 46.9215 42.6859 2.6
    endloop
  endfacet
  facet normal -0 0 -1
    outer loop
      vertex 47.1986 42.5007 2.6
      vertex 46.2679 41 2.6
      vertex 47.0555 42.5865 2.6
    endloop
  endfacet
  facet normal -0 0 -1
    outer loop
      vertex 47.3494 42.4294 2.6
      vertex 46.2679 41 2.6
      vertex 47.1986 42.5007 2.6
    endloop
  endfacet
  facet normal 0 0 -1
    outer loop
      vertex 49.6673 44.3317 2.6
      vertex 51.4641 44 2.6
      vertex 49.6918 44.1666 2.6
    endloop
  endfacet
  facet normal 0 0 -1
    outer loop
      vertex 49.6268 44.4935 2.6
      vertex 51.4641 44 2.6
      vertex 49.6673 44.3317 2.6
    endloop
  endfacet
  facet normal 0 0 -1
    outer loop
      vertex 49.5706 44.6506 2.6
      vertex 51.4641 44 2.6
      vertex 49.6268 44.4935 2.6
    endloop
  endfacet
  facet normal 0 0 -1
    outer loop
      vertex 49.4993 44.8014 2.6
      vertex 51.4641 44 2.6
      vertex 49.5706 44.6506 2.6
    endloop
  endfacet
  facet normal 0 0 -1
    outer loop
      vertex 51.4641 44 2.6
      vertex 49.4993 44.8014 2.6
      vertex 49.732 47 2.6
    endloop
  endfacet
  facet normal 0 0 -1
    outer loop
      vertex 49.4135 44.9445 2.6
      vertex 49.732 47 2.6
      vertex 49.4993 44.8014 2.6
    endloop
  endfacet
  facet normal 0 0 -1
    outer loop
      vertex 49.3141 45.0785 2.6
      vertex 49.732 47 2.6
      vertex 49.4135 44.9445 2.6
    endloop
  endfacet
  facet normal 0 0 -1
    outer loop
      vertex 49.2021 45.2021 2.6
      vertex 49.732 47 2.6
      vertex 49.3141 45.0785 2.6
    endloop
  endfacet
  facet normal 0 0 -1
    outer loop
      vertex 49.0785 45.3141 2.6
      vertex 49.732 47 2.6
      vertex 49.2021 45.2021 2.6
    endloop
  endfacet
  facet normal 0 0 -1
    outer loop
      vertex 48.9445 45.4135 2.6
      vertex 49.732 47 2.6
      vertex 49.0785 45.3141 2.6
    endloop
  endfacet
  facet normal 0 0 -1
    outer loop
      vertex 48.8014 45.4993 2.6
      vertex 49.732 47 2.6
      vertex 48.9445 45.4135 2.6
    endloop
  endfacet
  facet normal 0 0 -1
    outer loop
      vertex 48.6506 45.5706 2.6
      vertex 49.732 47 2.6
      vertex 48.8014 45.4993 2.6
    endloop
  endfacet
  facet normal 0 0 -1
    outer loop
      vertex 48.4935 45.6268 2.6
      vertex 49.732 47 2.6
      vertex 48.6506 45.5706 2.6
    endloop
  endfacet
  facet normal 0 0 -1
    outer loop
      vertex 48.3317 45.6673 2.6
      vertex 49.732 47 2.6
      vertex 48.4935 45.6268 2.6
    endloop
  endfacet
  facet normal 0 0 -1
    outer loop
      vertex 48.1666 45.6918 2.6
      vertex 49.732 47 2.6
      vertex 48.3317 45.6673 2.6
    endloop
  endfacet
  facet normal 0 0 -1
    outer loop
      vertex 48 45.7 2.6
      vertex 49.732 47 2.6
      vertex 48.1666 45.6918 2.6
    endloop
  endfacet
  facet normal 0 0 -1
    outer loop
      vertex 46.2679 47 2.6
      vertex 48 45.7 2.6
      vertex 47.8334 45.6918 2.6
    endloop
  endfacet
  facet normal 0 0 -1
    outer loop
      vertex 46.2679 47 2.6
      vertex 47.8334 45.6918 2.6
      vertex 47.6683 45.6673 2.6
    endloop
  endfacet
  facet normal 0 0 -1
    outer loop
      vertex 46.2679 47 2.6
      vertex 47.6683 45.6673 2.6
      vertex 47.5065 45.6268 2.6
    endloop
  endfacet
  facet normal 0 0 -1
    outer loop
      vertex 46.2679 47 2.6
      vertex 47.5065 45.6268 2.6
      vertex 47.3494 45.5706 2.6
    endloop
  endfacet
  facet normal 0 0 -1
    outer loop
      vertex 46.2679 47 2.6
      vertex 47.3494 45.5706 2.6
      vertex 47.1986 45.4993 2.6
    endloop
  endfacet
  facet normal 0 0 -1
    outer loop
      vertex 48 45.7 2.6
      vertex 46.2679 47 2.6
      vertex 49.732 47 2.6
    endloop
  endfacet
  facet normal 0 0 -1
    outer loop
      vertex 47.0555 45.4135 2.6
      vertex 46.2679 47 2.6
      vertex 47.1986 45.4993 2.6
    endloop
  endfacet
  facet normal 0 0 -1
    outer loop
      vertex 46.9215 45.3141 2.6
      vertex 46.2679 47 2.6
      vertex 47.0555 45.4135 2.6
    endloop
  endfacet
  facet normal 0 0 -1
    outer loop
      vertex 46.7979 45.2021 2.6
      vertex 46.2679 47 2.6
      vertex 46.9215 45.3141 2.6
    endloop
  endfacet
  facet normal 0 0 -1
    outer loop
      vertex 46.6859 45.0785 2.6
      vertex 46.2679 47 2.6
      vertex 46.7979 45.2021 2.6
    endloop
  endfacet
  facet normal 0 0 -1
    outer loop
      vertex 46.5865 44.9445 2.6
      vertex 46.2679 47 2.6
      vertex 46.6859 45.0785 2.6
    endloop
  endfacet
  facet normal 0 0 -1
    outer loop
      vertex 46.5007 44.8014 2.6
      vertex 46.2679 47 2.6
      vertex 46.5865 44.9445 2.6
    endloop
  endfacet
  facet normal 0 0 -1
    outer loop
      vertex 44.5359 44 2.6
      vertex 46.5007 44.8014 2.6
      vertex 46.4294 44.6506 2.6
    endloop
  endfacet
  facet normal 0 0 -1
    outer loop
      vertex 44.5359 44 2.6
      vertex 46.4294 44.6506 2.6
      vertex 46.3732 44.4935 2.6
    endloop
  endfacet
  facet normal 0 0 -1
    outer loop
      vertex 44.5359 44 2.6
      vertex 46.3732 44.4935 2.6
      vertex 46.3327 44.3317 2.6
    endloop
  endfacet
  facet normal 0 0 -1
    outer loop
      vertex 44.5359 44 2.6
      vertex 46.3327 44.3317 2.6
      vertex 46.3082 44.1666 2.6
    endloop
  endfacet
  facet normal 0 0 -1
    outer loop
      vertex 44.5359 44 2.6
      vertex 46.3082 44.1666 2.6
      vertex 46.3 44 2.6
    endloop
  endfacet
  facet normal 0 0 -1
    outer loop
      vertex 46.3082 43.8334 2.6
      vertex 44.5359 44 2.6
      vertex 46.3 44 2.6
    endloop
  endfacet
  facet normal -0 0 -1
    outer loop
      vertex 46.5007 44.8014 2.6
      vertex 44.5359 44 2.6
      vertex 46.2679 47 2.6
    endloop
  endfacet
  facet normal -1 0 0
    outer loop
      vertex -46 -20 0
      vertex -46 -18 2.4
      vertex -46 -18 0
    endloop
  endfacet
  facet normal -1 -0 0
    outer loop
      vertex -46 -18 2.4
      vertex -46 -20 0
      vertex -46 -20 2.4
    endloop
  endfacet
  facet normal 1 -0 0
    outer loop
      vertex -50 -20 2.4
      vertex -50 -18 0
      vertex -50 -18 2.4
    endloop
  endfacet
  facet normal 1 0 0
    outer loop
      vertex -50 -18 0
      vertex -50 -20 2.4
      vertex -50 -20 0
    endloop
  endfacet
  facet normal 0 -1 0
    outer loop
      vertex -50 -18 0
      vertex -46 -18 2.4
      vertex -50 -18 2.4
    endloop
  endfacet
  facet normal 0 -1 -0
    outer loop
      vertex -46 -18 2.4
      vertex -50 -18 0
      vertex -46 -18 0
    endloop
  endfacet
  facet normal 0 1 -0
    outer loop
      vertex -46 -20 0
      vertex -50 -20 2.4
      vertex -46 -20 2.4
    endloop
  endfacet
  facet normal 0 1 0
    outer loop
      vertex -50 -20 2.4
      vertex -46 -20 0
      vertex -50 -20 0
    endloop
  endfacet
  facet normal -1 0 0
    outer loop
      vertex -46 18 0
      vertex -46 20 2.4
      vertex -46 20 0
    endloop
  endfacet
  facet normal -1 -0 0
    outer loop
      vertex -46 20 2.4
      vertex -46 18 0
      vertex -46 18 2.4
    endloop
  endfacet
  facet normal 1 -0 0
    outer loop
      vertex -50 18 2.4
      vertex -50 20 0
      vertex -50 20 2.4
    endloop
  endfacet
  facet normal 1 0 0
    outer loop
      vertex -50 20 0
      vertex -50 18 2.4
      vertex -50 18 0
    endloop
  endfacet
  facet normal 0 -1 0
    outer loop
      vertex -50 20 0
      vertex -46 20 2.4
      vertex -50 20 2.4
    endloop
  endfacet
  facet normal 0 -1 -0
    outer loop
      vertex -46 20 2.4
      vertex -50 20 0
      vertex -46 20 0
    endloop
  endfacet
  facet normal 0 1 -0
    outer loop
      vertex -46 18 0
      vertex -50 18 2.4
      vertex -46 18 2.4
    endloop
  endfacet
  facet normal 0 1 0
    outer loop
      vertex -50 18 2.4
      vertex -46 18 0
      vertex -50 18 0
    endloop
  endfacet
  facet normal -1 0 0
    outer loop
      vertex -6 -20 0
      vertex -6 -18 2.4
      vertex -6 -18 0
    endloop
  endfacet
  facet normal -1 -0 0
    outer loop
      vertex -6 -18 2.4
      vertex -6 -20 0
      vertex -6 -20 2.4
    endloop
  endfacet
  facet normal 1 -0 0
    outer loop
      vertex -10 -20 2.4
      vertex -10 -18 0
      vertex -10 -18 2.4
    endloop
  endfacet
  facet normal 1 0 0
    outer loop
      vertex -10 -18 0
      vertex -10 -20 2.4
      vertex -10 -20 0
    endloop
  endfacet
  facet normal 0 -1 0
    outer loop
      vertex -10 -18 0
      vertex -6 -18 2.4
      vertex -10 -18 2.4
    endloop
  endfacet
  facet normal 0 -1 -0
    outer loop
      vertex -6 -18 2.4
      vertex -10 -18 0
      vertex -6 -18 0
    endloop
  endfacet
  facet normal 0 1 -0
    outer loop
      vertex -6 -20 0
      vertex -10 -20 2.4
      vertex -6 -20 2.4
    endloop
  endfacet
  facet normal 0 1 0
    outer loop
      vertex -10 -20 2.4
      vertex -6 -20 0
      vertex -10 -20 0
    endloop
  endfacet
  facet normal -1 0 0
    outer loop
      vertex -6 18 0
      vertex -6 20 2.4
      vertex -6 20 0
    endloop
  endfacet
  facet normal -1 -0 0
    outer loop
      vertex -6 20 2.4
      vertex -6 18 0
      vertex -6 18 2.4
    endloop
  endfacet
  facet normal 1 -0 0
    outer loop
      vertex -10 18 2.4
      vertex -10 20 0
      vertex -10 20 2.4
    endloop
  endfacet
  facet normal 1 0 0
    outer loop
      vertex -10 20 0
      vertex -10 18 2.4
      vertex -10 18 0
    endloop
  endfacet
  facet normal 0 -1 0
    outer loop
      vertex -10 20 0
      vertex -6 20 2.4
      vertex -10 20 2.4
    endloop
  endfacet
  facet normal 0 -1 -0
    outer loop
      vertex -6 20 2.4
      vertex -10 20 0
      vertex -6 20 0
    endloop
  endfacet
  facet normal 0 1 -0
    outer loop
      vertex -6 18 0
      vertex -10 18 2.4
      vertex -6 18 2.4
    endloop
  endfacet
  facet normal 0 1 0
    outer loop
      vertex -10 18 2.4
      vertex -6 18 0
      vertex -10 18 0
    endloop
  endfacet
  facet normal -1 0 0
    outer loop
      vertex 18 -20 0
      vertex 18 -18 2.4
      vertex 18 -18 0
    endloop
  endfacet
  facet normal -1 -0 0
    outer loop
      vertex 18 -18 2.4
      vertex 18 -20 0
      vertex 18 -20 2.4
    endloop
  endfacet
  facet normal 1 -0 0
    outer loop
      vertex 14 -20 2.4
      vertex 14 -18 0
      vertex 14 -18 2.4
    endloop
  endfacet
  facet normal 1 0 0
    outer loop
      vertex 14 -18 0
      vertex 14 -20 2.4
      vertex 14 -20 0
    endloop
  endfacet
  facet normal 0 -1 0
    outer loop
      vertex 14 -18 0
      vertex 18 -18 2.4
      vertex 14 -18 2.4
    endloop
  endfacet
  facet normal 0 -1 -0
    outer loop
      vertex 18 -18 2.4
      vertex 14 -18 0
      vertex 18 -18 0
    endloop
  endfacet
  facet normal 0 1 -0
    outer loop
      vertex 18 -20 0
      vertex 14 -20 2.4
      vertex 18 -20 2.4
    endloop
  endfacet
  facet normal 0 1 0
    outer loop
      vertex 14 -20 2.4
      vertex 18 -20 0
      vertex 14 -20 0
    endloop
  endfacet
  facet normal -1 0 0
    outer loop
      vertex 18 18 0
      vertex 18 20 2.4
      vertex 18 20 0
    endloop
  endfacet
  facet normal -1 -0 0
    outer loop
      vertex 18 20 2.4
      vertex 18 18 0
      vertex 18 18 2.4
    endloop
  endfacet
  facet normal 1 -0 0
    outer loop
      vertex 14 18 2.4
      vertex 14 20 0
      vertex 14 20 2.4
    endloop
  endfacet
  facet normal 1 0 0
    outer loop
      vertex 14 20 0
      vertex 14 18 2.4
      vertex 14 18 0
    endloop
  endfacet
  facet normal 0 -1 0
    outer loop
      vertex 14 20 0
      vertex 18 20 2.4
      vertex 14 20 2.4
    endloop
  endfacet
  facet normal 0 -1 -0
    outer loop
      vertex 18 20 2.4
      vertex 14 20 0
      vertex 18 20 0
    endloop
  endfacet
  facet normal 0 1 -0
    outer loop
      vertex 18 18 0
      vertex 14 18 2.4
      vertex 18 18 2.4
    endloop
  endfacet
  facet normal 0 1 0
    outer loop
      vertex 14 18 2.4
      vertex 18 18 0
      vertex 14 18 0
    endloop
  endfacet
  facet normal -1 0 0
    outer loop
      vertex 38 -20 0
      vertex 38 -18 2.4
      vertex 38 -18 0
    endloop
  endfacet
  facet normal -1 -0 0
    outer loop
      vertex 38 -18 2.4
      vertex 38 -20 0
      vertex 38 -20 2.4
    endloop
  endfacet
  facet normal 1 -0 0
    outer loop
      vertex 34 -20 2.4
      vertex 34 -18 0
      vertex 34 -18 2.4
    endloop
  endfacet
  facet normal 1 0 0
    outer loop
      vertex 34 -18 0
      vertex 34 -20 2.4
      vertex 34 -20 0
    endloop
  endfacet
  facet normal 0 -1 0
    outer loop
      vertex 34 -18 0
      vertex 38 -18 2.4
      vertex 34 -18 2.4
    endloop
  endfacet
  facet normal 0 -1 -0
    outer loop
      vertex 38 -18 2.4
      vertex 34 -18 0
      vertex 38 -18 0
    endloop
  endfacet
  facet normal 0 1 -0
    outer loop
      vertex 38 -20 0
      vertex 34 -20 2.4
      vertex 38 -20 2.4
    endloop
  endfacet
  facet normal 0 1 0
    outer loop
      vertex 34 -20 2.4
      vertex 38 -20 0
      vertex 34 -20 0
    endloop
  endfacet
  facet normal -1 0 0
    outer loop
      vertex 38 18 0
      vertex 38 20 2.4
      vertex 38 20 0
    endloop
  endfacet
  facet normal -1 -0 0
    outer loop
      vertex 38 20 2.4
      vertex 38 18 0
      vertex 38 18 2.4
    endloop
  endfacet
  facet normal 1 -0 0
    outer loop
      vertex 34 18 2.4
      vertex 34 20 0
      vertex 34 20 2.4
    endloop
  endfacet
  facet normal 1 0 0
    outer loop
      vertex 34 20 0
      vertex 34 18 2.4
      vertex 34 18 0
    endloop
  endfacet
  facet normal 0 -1 0
    outer loop
      vertex 34 20 0
      vertex 38 20 2.4
      vertex 34 20 2.4
    endloop
  endfacet
  facet normal 0 -1 -0
    outer loop
      vertex 38 20 2.4
      vertex 34 20 0
      vertex 38 20 0
    endloop
  endfacet
  facet normal 0 1 -0
    outer loop
      vertex 38 18 0
      vertex 34 18 2.4
      vertex 38 18 2.4
    endloop
  endfacet
  facet normal 0 1 0
    outer loop
      vertex 34 18 2.4
      vertex 38 18 0
      vertex 34 18 0
    endloop
  endfacet
endsolid OpenSCAD_Model
